-119.274,46.373,267.738,3417810
-119.111,46.572,267.716,3417831
-118.858,46.572,267.779,3417852
-118.898,46.902,267.647,3417873
-119.101,47.062,267.376,3417894
-119.089,47.368,267.258,3417915
-119.154,47.354,267.090,3417936
-119.186,47.552,266.928,3417957
-118.995,47.360,266.912,3417978
-118.509,47.209,267.101,3417999
-118.552,47.101,266.897,3418020
-118.478,46.839,266.773,3418041
-118.084,46.688,266.883,3418062
-118.087,46.751,266.706,3418083
-117.973,46.809,266.603,3418104
-117.753,46.704,266.557,3418125
-117.830,46.745,266.285,3418146
-117.774,46.739,266.122,3418167
-117.676,46.408,265.975,3418188
-118.009,46.162,265.483,3418209
-117.965,45.854,265.256,3418231
-118.303,45.574,264.734,3418252
-118.514,45.677,264.281,3418273
-118.502,45.666,264.005,3418294
-118.644,45.770,263.601,3418315
-118.960,45.913,263.098,3418336
-119.392,45.842,262.489,3418357
-119.610,45.646,262.018,3418378
-119.846,45.459,261.530,3418399
-120.106,45.316,261.020,3418420
-120.201,45.140,260.577,3418441
-120.526,45.355,259.971,3418462
-120.469,45.475,259.603,3418483
-120.618,45.749,259.097,3418504
-121.029,45.834,258.384,3418525
-120.950,46.020,258.028,3418546
-121.283,46.271,257.342,3418567
-121.288,46.143,256.913,3418588
-121.258,46.006,256.498,3418609
-121.076,46.019,256.178,3418630
-120.915,45.937,255.860,3418651
-120.763,45.794,255.524,3418672
-121.006,45.915,254.917,3418693
-121.072,46.156,254.404,3418714
-120.921,46.344,254.032,3418735
-120.985,46.500,253.498,3418756
-121.102,46.497,252.957,3418777
-121.198,46.541,252.460,3418798
-120.892,46.341,252.272,3418819
-120.553,46.391,252.117,3418840
-120.200,46.457,251.985,3418861
-119.803,46.453,251.928,3418882
-119.406,46.489,251.903,3418903
-119.185,46.724,251.766,3418924
-119.242,46.712,251.438,3418945
-119.283,46.771,251.145,3418966
-119.257,47.021,250.915,3418987
-118.991,46.853,250.910,3419008
-118.523,46.834,251.063,3419029
-118.028,46.806,251.244,3419050
-117.550,46.795,251.441,3419071
-117.173,46.724,251.576,3419092
-117.131,46.992,251.476,3419113
-116.924,47.194,251.498,3419134
-116.991,47.405,251.342,3419155
-117.091,47.633,251.165,3419176
-117.341,47.594,250.899,3419197
-117.370,47.380,250.784,3419218
-117.558,47.215,250.558,3419239
-117.727,47.031,250.364,3419260
-117.819,46.811,250.270,3419281
-117.620,46.754,250.371,3419302
-117.509,46.906,250.425,3419323
-117.734,47.024,250.255,3419344
-118.009,47.071,250.054,3419365
-118.306,47.102,249.846,3419386
-118.298,47.225,249.870,3419407
-118.325,46.924,249.841,3419428
-118.188,46.794,249.934,3419449
-118.480,46.555,249.722,3419470
-118.452,46.306,249.723,3419491
-118.439,46.326,249.717,3419512
-118.819,46.155,249.413,3419533
-119.186,46.193,249.106,3419554
-119.326,46.295,248.988,3419575
-119.532,46.429,248.817,3419596
-119.914,46.474,248.522,3419617
-120.146,46.226,248.351,3419638
-120.082,46.043,248.386,3419659
-119.948,46.049,248.465,3419680
-119.811,45.902,248.548,3419701
-119.970,45.707,248.424,3419722
-120.218,45.884,248.221,3419743
-120.339,46.088,248.097,3419764
-120.388,46.331,248.044,3419785
-120.649,46.479,247.868,3419806
-120.895,46.501,247.669,3419827
-120.642,46.430,247.846,3419848
-120.628,46.307,247.816,3419869
-120.514,46.192,247.862,3419890
-120.149,46.219,248.106,3419911
-119.893,46.145,248.280,3419932
-119.643,46.445,248.442,3419953
-119.437,46.771,248.584,3419974
-119.507,47.124,248.514,3419995
-119.370,47.511,248.602,3420016
-119.393,47.490,248.571,3420037
-119.424,47.442,248.542,3420058
-119.075,47.586,248.784,3420079
-118.691,47.614,249.045,3420100
-118.426,47.493,249.213,3420121
-118.544,47.462,249.056,3420142
-118.192,47.402,249.280,3420163
-118.294,47.599,249.135,3420184
-118.335,47.809,249.031,3420205
-118.500,47.953,248.835,3420226
-118.471,47.953,249.263,3420247
-118.780,48.311,249.396,3420268
-118.659,48.455,249.252,3420289
-118.503,48.209,249.123,3420310
-118.288,48.239,249.013,3420331
-118.029,48.152,248.931,3420352
-118.275,48.032,248.486,3420373
-118.540,48.236,248.237,3420394
-118.824,48.418,247.955,3420415
-119.087,48.531,247.677,3420436
-119.321,48.594,247.406,3420457
-119.474,48.379,247.168,3420478
-119.177,48.084,247.267,3420499
-118.814,47.855,247.392,3420520
-118.508,47.626,247.593,3420541
-118.484,47.279,247.566,3420562
-118.406,47.326,247.599,3420583
-118.474,47.392,247.524,3420604
-118.363,47.462,247.597,3420625
-118.561,47.340,247.473,3420646
-118.761,47.221,247.345,3420667
-118.608,47.316,247.535,3420688
-118.419,47.057,247.746,3420709
-118.300,46.837,247.933,3420730
-118.130,46.674,248.158,3420751
-118.033,46.490,248.344,3420772
-118.274,46.301,248.280,3420793
-118.486,46.508,248.241,3420814
-118.762,46.759,248.144,3420835
-119.134,46.866,247.975,3420856
-119.528,46.970,247.775,3420877
-119.926,47.021,247.548,3420898
-119.978,46.834,247.580,3420919
-119.862,46.764,247.716,3420940
-119.721,46.729,247.857,3420961
-119.627,46.619,247.970,3420982
-119.598,46.770,248.033,3421003
-119.775,46.965,247.943,3421024
-120.079,47.127,247.723,3421045
-120.315,47.291,247.534,3421066
-120.472,47.474,247.419,3421087
-120.266,47.408,247.544,3421108
-120.062,47.270,247.639,3421129
-120.142,47.030,247.523,3421150
-119.932,46.781,247.621,3421171
-119.725,46.493,247.683,3421192
-119.435,46.590,247.815,3421213
-119.453,46.460,247.905,3421234
-119.553,46.724,247.954,3421255
-119.680,47.003,247.997,3421276
-119.887,47.194,247.955,3421297
-119.919,47.507,248.043,3421318
-119.679,47.447,248.317,3421339
-119.755,47.744,248.350,3421360
-119.654,47.611,248.494,3421381
-119.367,47.589,248.751,3421402
-119.200,47.400,248.921,3421423
-119.382,47.403,248.821,3421444
-119.550,47.462,248.741,3421465
-119.724,47.475,248.655,3421486
-119.711,47.592,248.718,3421507
-119.922,47.609,248.584,3421528
-119.639,47.421,248.847,3421549
-119.478,47.117,248.980,3421570
-119.311,46.839,249.117,3421591
-119.082,46.609,249.284,3421612
-119.243,46.370,249.149,3421633
-119.267,46.500,249.120,3421654
-119.263,46.616,249.107,3421675
-119.110,46.702,249.193,3421696
-119.305,46.640,249.000,3421717
-119.496,46.538,248.809,3421738
-119.341,46.198,248.863,3421759
-119.088,46.209,249.014,3421780
-119.157,45.973,248.913,3421801
-118.988,45.789,248.965,3421822
-118.954,45.986,248.915,3421843
-119.135,46.175,248.708,3421864
-119.111,46.396,248.636,3421885
-119.194,46.224,248.493,3421906
-119.366,46.448,248.278,3421927
-119.237,46.678,248.253,3421948
-118.962,46.651,248.334,3421969
-118.791,46.529,248.346,3421990
-118.514,46.538,248.453,3422011
-118.286,46.425,248.512,3422032
-117.944,46.502,248.646,3422053
-118.070,46.677,248.465,3422074
-118.078,46.973,248.348,3422095
-118.153,47.246,248.160,3422116
-118.254,47.294,247.949,3422137
-118.374,47.436,247.735,3422158
-118.155,47.321,247.727,3422179
-118.247,47.442,247.538,3422200
-117.842,47.381,247.693,3422221
-117.546,47.227,247.774,3422242
-117.271,47.469,247.811,3422263
-116.961,47.660,247.904,3422284
-116.870,47.880,247.824,3422305
-116.561,48.022,247.904,3422326
-116.688,48.152,247.651,3422347
-116.503,48.299,247.633,3422368
-116.473,48.016,247.521,3422389
-116.391,47.774,247.460,3422410
-116.357,47.501,247.326,3422431
-116.244,47.344,247.270,3422452
-116.511,47.167,246.944,3422473
-116.856,47.032,246.564,3422494
-117.225,47.182,246.159,3422515
-117.454,47.361,245.816,3422536
-117.821,47.431,245.365,3422557
-118.042,47.397,245.436,3422578
-118.247,47.706,245.445,3422599
-118.424,48.007,245.494,3422620
-118.568,48.235,245.559,3422641
-118.806,48.136,245.534,3422662
-119.203,48.016,245.418,3422683
-119.577,48.297,245.309,3422704
-120.154,48.471,245.059,3422725
-120.564,48.690,244.937,3422746
-120.835,48.505,244.896,3422767
-121.327,48.545,244.656,3422788
-121.227,48.473,244.841,3422809
-121.195,48.239,244.954,3422830
-120.990,48.067,245.175,3422851
-120.708,47.885,245.448,3422872
-120.639,47.601,245.598,3422893
-120.724,47.711,245.621,3422914
-120.634,47.887,245.793,3422935
-120.697,47.941,245.839,3422956
-120.715,48.128,245.979,3422977
-120.482,48.301,246.295,3422998
-120.114,48.122,246.711,3423019
-120.031,47.889,246.904,3423040
-119.728,47.706,247.273,3423061
-119.436,47.429,247.628,3423082
-119.144,47.155,247.941,3423103
-118.894,47.143,248.194,3423124
-118.790,47.209,248.371,3423145
-118.646,47.222,248.538,3423166
-118.963,46.538,248.778,3423271
-118.959,46.323,248.893,3423292
-118.712,46.256,249.176,3423313
-118.979,46.342,249.088,3423334
-119.016,46.622,249.147,3423355
-119.091,46.891,249.177,3423376
-119.338,47.052,249.061,3423397
-119.522,47.275,249.004,3423418
-119.351,47.108,249.199,3423439
-119.099,46.999,249.437,3423460
-118.873,47.098,249.702,3423481
-118.585,47.025,250.013,3423502
-118.345,46.977,250.272,3423523
-118.064,46.982,250.560,3423544
-118.274,47.206,250.462,3423565
-118.477,47.424,250.338,3423586
-118.648,47.623,250.244,3423607
-118.755,47.813,250.177,3423628
-118.607,47.603,250.336,3423649
-118.479,47.405,250.455,3423670
-118.322,47.617,250.582,3423691
-118.056,47.374,250.782,3423712
-117.683,47.117,251.041,3423733
-117.372,47.231,251.256,3423754
-117.205,47.389,251.339,3423775
-117.167,47.504,251.336,3423796
-117.212,47.560,251.238,3423817
-117.202,47.621,251.214,3423838
-117.171,47.301,251.227,3423859
-116.971,46.913,251.363,3423880
-116.813,46.497,251.471,3423901
-116.553,46.140,251.657,3423922
-116.621,45.742,251.621,3423943
-116.390,45.536,251.780,3423964
-116.493,45.567,251.700,3423985
-116.562,45.597,251.649,3424006
-116.873,45.689,251.414,3424027
-117.279,45.734,251.089,3424048
-117.708,45.539,250.742,3424069
-118.251,45.469,250.319,3424090
-118.325,45.503,250.232,3424111
-118.465,45.346,250.125,3424132
-118.516,45.321,250.072,3424153
-119.081,45.556,249.629,3424174
-119.393,45.939,249.389,3424195
-119.717,46.346,249.130,3424216
-120.200,46.636,248.717,3424237
-120.317,46.642,248.565,3424258
-120.707,46.759,248.221,3424279
-120.703,46.742,248.163,3424300
-120.628,46.982,248.153,3424321
-120.495,47.017,248.169,3424342
-120.472,46.945,248.101,3424363
-120.319,46.843,248.137,3424384
-120.350,47.142,248.031,3424405
-120.261,47.369,248.006,3424426
-120.135,47.576,247.994,3424447
-120.255,47.599,247.797,3424468
-120.364,47.526,247.614,3424489
-119.982,47.333,247.803,3424510
-119.897,46.999,247.753,3424531
-119.503,46.837,247.932,3424552
-119.159,46.502,248.089,3424573
-119.289,46.454,247.898,3424594
-119.189,46.434,247.896,3424615
-119.180,46.419,247.841,3424636
-119.069,46.400,247.882,3424657
-119.248,46.266,247.712,3424678
-119.178,45.876,247.739,3424699
-119.039,45.475,247.834,3424720
-118.758,45.191,248.036,3424741
-118.518,45.197,248.233,3424762
-118.357,44.898,248.385,3424783
-118.505,45.000,248.326,3424804
-118.670,45.128,248.279,3424825
-118.859,45.192,248.231,3424846
-118.603,45.308,248.503,3424867
-118.794,45.544,248.477,3424888
-118.552,45.737,248.753,3424909
-118.369,45.745,249.004,3424930
-118.375,45.731,249.115,3424951
-118.114,45.984,249.424,3424972
-117.884,46.087,249.706,3424993
-118.108,46.448,249.657,3425014
-117.999,46.901,249.838,3425035
-118.084,47.352,249.860,3425056
-118.258,47.690,249.797,3425077
-118.452,48.019,249.715,3425098
-118.258,48.319,249.910,3425119
-117.968,48.182,250.167,3425140
-118.005,47.997,250.187,3425161
-117.704,47.837,250.444,3425182
-117.507,47.559,250.625,3425203
-117.223,47.373,250.887,3425224
-117.444,47.279,250.790,3425245
-117.342,47.339,250.904,3425266
-117.578,47.155,250.766,3425287
-117.734,47.182,250.688,3425308
-117.987,47.025,250.521,3425329
-118.120,46.728,250.466,3425350
-118.340,46.497,250.346,3425371
-118.386,46.549,250.358,3425392
-118.170,46.269,250.558,3425413
-118.282,45.932,250.492,3425434
-118.257,45.986,250.549,3425455
-118.454,46.059,250.439,3425476
-118.516,46.129,250.415,3425497
-118.704,45.850,250.325,3425518
-118.529,45.638,250.491,3425539
-118.417,45.383,250.604,3425560
-118.255,45.346,250.747,3425581
-118.459,45.106,250.644,3425602
-118.246,45.027,250.825,3425623
-118.117,45.095,250.954,3425644
-118.051,45.266,251.048,3425665
-118.238,45.523,250.954,3425686
-118.575,45.715,250.775,3425707
-118.941,45.765,250.558,3425728
-118.981,46.010,250.602,3425749
-118.984,45.928,250.658,3425770
-119.414,46.079,250.417,3425791
-119.544,46.428,250.350,3425812
-119.696,46.377,250.278,3425833
-119.959,46.400,250.133,3425854
-120.309,46.591,249.931,3425875
-120.196,46.879,250.104,3425896
-120.462,47.044,249.989,3425917
-120.744,47.257,249.859,3425938
-120.480,47.385,250.114,3425959
-120.419,47.242,250.249,3425980
-120.179,47.106,250.520,3426001
-120.070,47.362,250.719,3426022
-119.762,47.259,251.096,3426043
-119.586,47.450,251.363,3426064
-119.752,47.510,251.389,3426085
-119.502,47.627,251.708,3426106
-119.129,47.577,252.127,3426127
-119.216,47.429,252.230,3426148
-119.323,47.412,252.358,3426169
-118.901,47.107,252.873,3426190
-118.785,46.731,253.178,3426211
-118.563,46.758,253.540,3426232
-118.186,46.421,254.025,3426253
-118.178,46.090,254.228,3426274
-118.298,46.006,254.342,3426295
-118.328,46.057,254.517,3426316
-118.388,45.805,254.662,3426337
-118.177,45.876,255.016,3426358
-118.312,45.975,255.142,3426379
-118.089,45.736,255.524,3426400
-117.727,45.713,255.980,3426421
-117.909,45.833,256.062,3426442
-117.681,45.670,256.456,3426463
-117.392,45.652,256.894,3426484
-117.161,45.839,257.308,3426505
-117.406,46.043,257.391,3426526
-117.442,46.351,257.624,3426547
-117.680,46.608,257.717,3426568
-117.948,46.711,257.812,3426589
-118.199,46.704,257.935,3426610
-118.021,46.776,258.377,3426631
-117.963,46.668,258.734,3426652
-117.879,46.565,259.132,3426673
-117.897,46.880,259.466,3426694
-118.012,47.217,259.748,3426715
-118.072,47.512,260.082,3426736
-118.396,47.639,260.197,3426757
-118.272,47.454,260.653,3426778
-118.501,47.642,260.859,3426799
-118.370,47.423,261.323,3426820
-118.198,47.433,261.822,3426841
-118.303,47.130,262.120,3426862
-118.684,47.004,262.198,3426883
-118.631,46.914,262.605,3426904
-118.611,46.802,263.007,3426925
-118.900,46.401,263.169,3426946
-119.038,46.401,263.452,3426967
-119.433,46.270,263.551,3426988
-119.829,46.059,263.641,3427009
-119.731,45.976,264.104,3427030
-119.523,45.827,264.646,3427051
-119.602,45.504,264.964,3427072
-119.379,45.482,265.499,3427093
-119.493,45.274,265.861,3427114
-119.266,45.009,266.462,3427135
-118.902,45.012,267.134,3427156
-118.978,45.220,267.512,3427177
-118.768,45.495,268.085,3427198
-118.629,45.825,268.614,3427219
-118.306,46.062,269.259,3427240
-118.325,46.051,269.673,3427261
-118.355,46.095,270.076,3427282
-118.135,46.112,270.688,3427303
-118.289,46.437,271.047,3427324
-118.425,46.626,271.413,3427345
-118.188,47.041,272.091,3427366
-118.083,47.460,272.650,3427387
-117.879,47.827,273.301,3427408
-117.983,48.182,273.717,3427429
-117.900,48.474,274.270,3427450
-117.673,48.495,274.907,3427471
-117.740,48.305,275.315,3427492
-117.889,48.069,275.646,3427513
-117.820,47.788,276.140,3427534
-117.744,47.673,276.628,3427555
-118.052,47.352,276.811,3427576
-118.080,47.308,277.187,3427597
-118.467,47.164,277.328,3427618
-118.846,46.860,277.445,3427639
-119.200,46.540,277.574,3427660
-119.546,46.416,277.729,3427681
-119.475,46.225,278.175,3427702
-119.819,45.857,278.300,3427723
-119.725,45.664,278.759,3427744
-119.769,45.244,279.083,3427765
-119.699,45.153,279.477,3427786
-119.760,45.248,279.776,3427807
-119.716,45.328,280.106,3427828
-119.815,45.476,280.350,3427849
-119.854,45.618,280.599,3427870
-119.550,45.455,281.078,3427891
-119.681,45.320,281.215,3427912
-119.544,45.097,281.528,3427933
-119.722,45.097,281.601,3427954
-119.495,45.255,281.933,3427975
-119.215,45.400,282.291,3427996
-118.904,45.575,282.657,3428017
-118.798,45.952,282.897,3428038
-118.873,46.317,282.989,3428059
-118.875,46.382,283.135,3428080
-118.975,46.555,283.216,3428101
-118.835,46.599,283.455,3428122
-118.833,46.770,283.590,3428143
-118.638,46.800,283.866,3428164
-118.314,47.162,284.233,3428185
-118.348,47.525,284.336,3428206
-118.385,47.858,284.427,3428227
-118.203,48.098,284.651,3428248
-118.287,48.356,284.647,3428269
-118.512,48.444,284.528,3428290
-118.349,48.204,284.695,3428311
-118.476,47.970,284.650,3428332
-118.671,47.835,284.565,3428353
-118.346,47.718,284.865,3428374
-118.036,47.382,285.169,3428395
-117.928,47.382,285.302,3428416
-117.790,46.906,285.460,3428437
-117.493,46.599,285.698,3428458
-117.401,46.528,285.778,3428479
-117.410,46.107,285.765,3428500
-117.626,45.799,285.606,3428521
-117.491,45.710,285.725,3428542
-117.339,45.537,285.879,3428563
-117.638,45.393,285.704,3428584
-117.965,45.472,285.497,3428605
-118.066,45.690,285.461,3428626
-118.411,45.678,285.227,3428647
-118.315,45.868,285.258,3428668
-118.269,46.093,285.248,3428689
-118.098,46.200,285.298,3428710
-118.038,46.447,285.248,3428731
-118.299,46.389,284.968,3428752
-118.566,46.399,284.678,3428773
-118.508,46.214,284.638,3428794
-118.207,46.263,284.781,3428815
-118.163,46.081,284.786,3428836
-117.907,46.287,284.938,3428857
-117.631,46.522,285.100,3428878
-117.665,46.473,285.036,3428899
-117.248,46.526,285.279,3428920
-117.225,46.366,285.252,3428941
-117.150,46.136,285.281,3428962
-117.396,46.205,285.062,3428983
-117.233,46.146,285.102,3429004
-117.160,46.145,285.046,3429025
-117.195,45.929,284.861,3429046
-117.639,46.097,284.349,3429067
-118.154,46.222,283.796,3429088
-118.627,46.246,283.287,3429109
-118.617,46.328,283.160,3429130
-119.029,46.477,282.728,3429151
-119.274,46.389,282.463,3429172
-119.132,46.586,282.508,3429193
-119.069,46.477,282.469,3429214
-118.737,46.461,282.657,3429235
-118.415,46.463,282.834,3429256
-118.095,46.534,282.990,3429277
-117.784,46.654,283.104,3429298
-117.676,46.891,283.029,3429319
-117.945,46.901,282.631,3429340
-118.262,46.889,282.166,3429361
-118.270,46.660,281.878,3429382
-118.487,46.466,281.426,3429403
-118.844,46.491,280.870,3429424
-119.098,46.349,280.391,3429445
-119.330,46.270,279.952,3429466
-119.493,46.473,279.556,3429487
-119.498,46.704,279.293,3429508
-119.682,46.621,278.892,3429529
-119.563,46.838,278.711,3429550
-119.695,47.113,278.377,3429571
-119.402,47.166,278.325,3429592
-119.518,47.457,277.970,3429613
-119.212,47.404,277.926,3429634
-118.882,47.488,277.857,3429655
-118.708,47.732,277.671,3429676
-118.310,47.604,277.625,3429697
-117.954,47.613,277.562,3429718
-118.062,47.504,277.134,3429739
-117.745,47.242,277.022,3429761
-117.868,47.299,276.585,3429782
-117.765,47.015,276.341,3429803
-117.761,47.177,276.014,3429824
-117.882,46.997,275.602,3429845
-117.978,46.821,275.252,3429866
-118.167,46.780,274.838,3429887
-118.215,47.054,274.494,3429908
-117.968,47.147,274.391,3429929
-118.111,47.403,273.992,3429950
-118.396,47.457,273.463,3429971
-118.515,47.342,273.068,3429992
-118.630,47.194,272.635,3430013
-118.423,47.012,272.440,3430034
-118.186,47.128,272.270,3430055
-117.880,47.063,272.153,3430076
-117.740,47.266,271.913,3430097
-117.579,47.438,271.695,3430118
-117.750,47.567,271.253,3430139
-117.409,47.521,271.157,3430160
-117.427,47.321,270.790,3430181
-117.350,47.131,270.480,3430202
-117.329,47.389,270.116,3430223
-117.376,47.272,269.715,3430244
-117.458,47.144,269.290,3430265
-117.320,47.413,269.050,3430286
-117.561,47.607,268.561,3430307
-117.307,47.724,268.460,3430328
-117.353,47.610,268.137,3430349
-117.400,47.918,267.839,3430370
-117.594,48.148,267.415,3430391
-117.579,47.996,267.152,3430412
-117.292,47.903,267.079,3430433
-116.993,47.812,267.045,3430454
-116.617,47.858,267.080,3430475
-116.240,47.869,267.133,3430496
-116.322,47.700,266.858,3430517
-116.067,47.765,266.861,3430538
-115.913,47.853,266.763,3430559
-115.656,47.854,266.752,3430580
-115.824,47.867,266.424,3430601
-115.755,47.491,266.309,3430622
-115.508,47.437,266.328,3430643
-115.357,47.110,266.298,3430664
-115.486,46.879,266.052,3430685
-115.638,47.012,265.791,3430706
-115.476,46.767,265.776,3430727
-115.673,46.857,265.532,3430748
-115.737,47.097,265.424,3430769
-115.949,47.197,265.216,3430790
-116.040,47.508,265.160,3430811
-116.256,47.661,264.991,3430832
-116.241,47.605,265.040,3430853
-115.882,47.720,265.382,3430874
-115.479,47.754,265.743,3430895
-115.094,47.871,266.082,3430916
-114.975,47.738,266.263,3430937
-114.617,47.849,266.613,3430958
-114.331,47.974,266.921,3430979
-114.447,48.120,266.914,3431000
-114.683,48.096,266.815,3431021
-114.459,47.814,267.069,3431042
-114.649,47.505,267.007,3431063
-114.983,47.318,266.835,3431084
-115.153,46.903,266.773,3431105
-115.139,46.824,266.869,3431126
-115.628,46.759,266.573,3431147
-116.161,46.598,266.276,3431168
-116.696,46.350,265.957,3431189
-116.994,46.389,265.833,3431210
-117.572,46.274,265.521,3431231
-117.733,45.935,265.520,3431252
-117.838,45.650,265.572,3431273
-118.286,45.440,265.413,3431294
-118.826,45.387,265.208,3431315
-118.887,45.424,265.371,3431336
-118.955,45.557,265.540,3431357
-119.126,45.791,265.629,3431378
-119.422,46.042,265.630,3431399
-119.304,46.077,265.932,3431420
-119.376,45.940,266.081,3431441
-119.228,45.865,266.406,3431462
-119.296,46.260,266.602,3431483
-119.036,46.452,267.043,3431504
-119.099,46.452,267.246,3431525
-118.900,46.784,267.613,3431546
-119.069,47.010,267.712,3431567
-118.831,47.286,268.096,3431588
-118.906,47.530,268.231,3431609
-118.915,47.742,268.409,3431630
-118.492,47.689,268.889,3431651
-118.340,47.493,269.143,3431672
-118.042,47.276,269.487,3431693
-118.051,47.057,269.595,3431714
-117.728,46.998,269.908,3431735
-117.563,47.086,270.094,3431756
-117.600,46.764,270.125,3431777
-117.698,46.843,270.076,3431798
-117.901,46.911,269.945,3431819
-118.189,46.939,269.735,3431840
-118.443,46.963,269.553,3431861
-118.606,46.536,269.473,3431882
-118.680,46.135,269.422,3431903
-118.951,45.784,269.227,3431924
-119.141,45.442,269.113,3431945
-119.184,45.121,269.123,3431966
-119.288,45.286,269.087,3431987
-119.444,45.500,269.014,3432008
-119.678,45.700,268.912,3432029
-119.460,45.743,269.112,3432050
-119.491,46.007,269.138,3432071
-119.385,45.855,269.230,3432092
-119.327,45.712,269.275,3432113
-119.384,45.675,269.242,3432134
-119.201,45.941,269.364,3432155
-118.847,46.103,269.601,3432176
-118.445,46.140,269.866,3432197
-118.375,46.412,269.908,3432218
-117.970,46.573,270.190,3432239
-117.846,46.453,270.278,3432260
-117.818,46.730,270.277,3432281
-117.361,46.769,270.585,3432302
-117.243,46.638,270.638,3432323
-117.172,46.522,270.662,3432344
-117.011,46.396,270.725,3432365
-116.985,46.694,270.710,3432386
-116.854,46.938,270.757,3432407
-116.628,47.091,270.882,3432428
-116.746,47.382,270.756,3432449
-117.012,47.498,270.535,3432470
-117.280,47.571,270.295,3432491
-117.477,47.521,270.123,3432512
-117.314,47.341,270.179,3432533
-117.610,47.205,269.883,3432554
-117.852,46.964,269.629,3432575
-117.698,46.804,269.661,3432596
-117.572,46.630,269.673,3432617
-117.478,46.530,269.653,3432639
-117.860,46.348,269.298,3432660
-118.117,46.387,269.015,3432681
-118.023,46.245,268.954,3432702
-118.138,46.290,268.707,3432723
-118.550,46.099,268.260,3432744
-118.888,45.787,267.862,3432765
-119.088,45.436,267.551,3432786
-119.040,45.209,267.445,3432807
-119.452,45.270,267.005,3432828
-119.485,45.320,266.862,3432849
-119.770,45.458,266.530,3432870
-120.088,45.567,266.200,3432891
-120.413,45.683,265.844,3432912
-120.698,45.817,265.549,3432933
-120.481,45.746,265.575,3432954
-120.376,45.961,265.566,3432975
-120.224,45.809,265.588,3432996
-120.116,45.686,265.586,3433017
-119.969,46.001,265.595,3433038
-119.598,46.176,265.800,3433059
-119.670,46.279,265.682,3433080
-119.408,46.223,265.814,3433101
-119.158,46.172,265.941,3433122
-118.658,46.331,266.245,3433143
-118.215,46.588,266.512,3433164
-117.851,46.538,266.731,3433185
-117.847,46.883,266.687,3433206
-117.608,47.194,266.823,3433227
-117.322,47.475,266.975,3433248
-117.432,47.725,266.844,3433269
-117.120,47.599,267.008,3433290
-116.965,47.846,267.095,3433311
-117.086,47.788,266.963,3433332
-117.109,47.606,266.891,3433353
-117.235,47.455,266.756,3433374
-117.336,47.239,266.632,3433395
-117.200,46.933,266.677,3433416
-117.390,46.788,266.464,3433437
-117.275,46.875,266.454,3433458
-117.032,46.667,266.527,3433479
-117.293,46.440,266.233,3433500
-117.520,46.521,265.926,3433521
-117.453,46.305,265.846,3433542
-117.549,46.361,265.659,3433563
-117.997,46.107,265.185,3433584
-118.245,45.741,264.844,3433605
-118.616,45.428,264.415,3433626
-118.747,45.412,264.165,3433647
-118.877,45.436,263.914,3433668
-119.235,45.559,263.491,3433689
-119.659,45.661,263.012,3433710
-120.122,45.585,262.512,3433731
-120.571,45.624,262.008,3433752
-120.936,45.456,261.539,3433773
-121.246,45.272,261.120,3433794
-121.457,45.504,260.762,3433815
-121.548,45.316,260.503,3433836
-121.638,45.583,260.253,3433857
-121.607,45.820,260.091,3433878
-121.503,46.016,259.999,3433899
-121.292,46.129,259.962,3433920
-121.535,46.336,259.623,3433941
-121.249,46.338,259.650,3433962
-120.898,46.564,259.743,3433983
-120.495,46.556,259.845,3434004
-120.323,46.473,259.775,3434025
-120.263,46.466,259.632,3434046
-120.268,46.672,259.419,3434067
-120.265,46.904,259.187,3434088
-120.346,47.015,258.899,3434109
-120.320,46.908,258.680,3434130
-120.053,47.118,258.637,3434151
-119.919,47.358,258.499,3434172
-119.599,47.195,258.512,3434193
-119.240,47.012,258.550,3434214
-119.346,46.973,258.245,3434235
-118.976,46.794,258.295,3434256
-118.573,46.602,258.360,3434277
-118.260,46.642,258.369,3434298
-118.251,46.693,258.135,3434319
-118.390,46.533,257.794,3434340
-118.034,46.357,257.841,3434361
-117.977,46.411,257.679,3434382
-117.730,46.169,257.641,3434403
-117.821,45.829,257.361,3434424
-118.112,45.646,256.948,3434445
-118.086,45.360,256.749,3434466
-118.254,45.100,256.395,3434487
-118.376,45.296,256.052,3434508
-118.574,45.526,255.672,3434529
-118.892,45.733,255.207,3434550
-119.187,45.979,254.718,3434571
-119.530,45.933,254.215,3434592
-119.397,45.811,254.068,3434613
-119.211,45.706,253.954,3434634
-119.058,45.571,253.842,3434655
-118.950,45.758,253.661,3434676
-120.052,47.308,243.985,3436335
-119.855,47.184,244.103,3436356
-119.968,46.954,244.054,3436377
-119.881,46.954,244.133,3436398
-120.106,47.141,243.993,3436419
-120.484,47.292,243.742,3436440
-120.693,47.441,243.608,3436461
-120.828,47.573,243.534,3436482
-121.243,47.461,243.211,3436503
-121.321,47.131,243.131,3436524
-121.522,46.884,243.074,3436545
-121.685,46.607,242.996,3436566
-121.535,46.339,243.139,3436587
-121.380,46.073,243.260,3436608
-121.188,46.121,243.412,3436629
-121.347,46.219,243.293,3436650
-121.519,46.104,243.129,3436671
-121.738,46.122,242.931,3436692
-121.736,46.282,242.943,3436713
-121.498,46.035,243.118,3436734
-121.175,45.887,243.344,3436755
-120.823,45.841,243.583,3436776
-120.604,45.600,243.728,3436797
-120.707,45.780,243.621,3436818
-120.499,45.962,243.755,3436839
-120.379,46.178,243.815,3436860
-120.286,46.399,243.860,3436881
-120.303,46.442,243.826,3436902
-120.052,46.644,243.994,3436923
-119.821,46.459,244.125,3436944
-119.436,46.282,244.393,3436965
-119.273,46.087,244.478,3436986
-119.011,45.927,244.644,3437007
-118.672,45.838,244.839,3437028
-118.496,46.034,244.911,3437049
-118.568,46.268,244.801,3437070
-118.699,46.505,244.655,3437091
-118.952,46.588,244.414,3437112
-119.160,46.816,244.195,3437133
-118.970,46.743,244.284,3437154
-118.985,46.558,244.205,3437175
-118.943,46.418,244.173,3437197
-118.834,46.325,244.178,3437218
-119.120,46.493,243.871,3437239
-119.381,46.473,243.618,3437260
-119.508,46.708,243.464,3437281
-119.787,46.812,243.159,3437302
-120.075,46.831,242.867,3437323
-119.956,46.928,242.860,3437344
-119.875,46.668,242.835,3437365
-120.002,46.836,242.613,3437386
-120.027,46.606,242.472,3437407
-119.855,46.499,242.453,3437428
-119.718,46.553,242.412,3437449
-119.881,46.732,242.154,3437470
-120.163,46.831,241.801,3437491
-120.502,46.885,241.572,3437512
-120.826,46.928,241.341,3437533
-120.953,46.738,241.243,3437554
-120.802,46.525,241.334,3437575
-121.013,46.354,241.143,3437596
-120.773,46.278,241.267,3437617
-120.546,46.094,241.376,3437638
-120.539,46.230,241.339,3437659
-120.501,46.373,241.305,3437680
-120.585,46.531,241.159,3437701
-120.429,46.632,241.198,3437722
-120.448,46.819,241.100,3437743
-120.381,46.548,241.031,3437764
-120.155,46.319,241.090,3437785
-120.319,46.403,240.831,3437806
-120.273,46.252,240.907,3437827
-120.105,46.122,241.031,3437848
-119.885,46.028,241.173,3437869
-119.881,46.353,241.152,3437890
-120.060,46.561,241.019,3437911
-120.228,46.797,240.891,3437932
-120.335,47.092,240.782,3437953
-120.129,47.376,240.888,3437974
-120.057,47.302,240.951,3437995
-120.007,47.219,240.994,3438016
-119.786,47.113,241.136,3438037
-119.501,47.165,241.364,3438058
-119.254,47.220,241.578,3438079
-119.525,47.334,241.417,3438100
-119.684,47.581,241.303,3438121
-119.881,47.834,241.241,3438142
-120.101,48.051,241.137,3438163
-119.981,47.863,241.275,3438184
-119.740,47.826,241.519,3438205
-119.603,47.592,241.657,3438226
-119.734,47.421,241.586,3438247
-119.437,47.239,241.876,3438268
-119.095,47.197,242.160,3438289
-119.190,47.255,242.111,3438310
-119.249,47.337,242.088,3438331
-119.126,47.086,242.301,3438352
-119.150,47.202,242.399,3438373
-119.305,47.302,242.379,3438394
-119.058,47.148,242.676,3438415
-119.181,46.843,242.702,3438436
-119.067,46.537,242.900,3438457
-118.913,46.311,243.115,3438478
-118.779,46.212,243.299,3438499
-118.654,46.070,243.463,3438520
-118.952,46.128,243.302,3438541
-119.205,46.190,243.196,3438562
-119.510,46.182,243.017,3438583
-119.844,46.210,242.803,3438604
-120.026,45.961,242.720,3438625
-120.328,45.822,242.529,3438646
-120.171,45.776,242.657,3438667
-120.153,45.513,242.661,3438688
-120.234,45.704,242.591,3438709
-120.060,45.796,242.696,3438730
-120.241,46.016,242.536,3438751
-120.504,45.956,242.300,3438772
-120.724,45.907,242.078,3438793
-120.880,46.135,241.884,3438814
-120.628,46.068,241.995,3438835
-120.473,45.892,242.052,3438856
-120.282,46.043,242.093,3438877
-120.316,45.923,241.970,3438898
-120.220,45.752,241.964,3438919
-120.325,46.025,241.815,3438940
-120.303,46.323,241.746,3438961
-120.536,46.498,241.467,3438982
-120.417,46.769,241.437,3439003
-120.479,47.068,241.271,3439024
-120.187,47.100,241.343,3439045
-119.861,47.032,241.451,3439066
-119.499,47.105,241.593,3439087
-119.188,47.051,241.694,3439109
-118.925,47.245,241.763,3439130
-119.080,47.410,241.525,3439151
-119.229,47.425,241.271,3439172
-119.383,47.590,241.029,3439193
-119.526,47.716,240.783,3439215
-119.282,47.485,240.811,3439236
-119.375,47.299,240.565,3439257
-119.079,47.243,240.616,3439278
-118.942,46.967,240.544,3439299
-119.122,47.086,240.232,3439320
-118.879,46.880,240.214,3439341
-118.992,46.965,239.913,3439362
-119.192,46.983,239.529,3439383
-119.471,46.829,239.216,3439404
-119.581,46.600,239.055,3439425
-119.753,46.362,238.820,3439446
-120.090,46.415,238.479,3439467
-119.943,46.255,238.464,3439488
-119.796,46.160,238.451,3439509
-119.680,46.233,238.383,3439530
-120.005,46.312,237.995,3439551
-120.230,46.512,237.688,3439572
-120.532,46.622,237.363,3439593
-120.466,46.784,237.271,3439614
-120.363,46.577,237.178,3439635
-120.139,46.453,237.183,3439656
-120.085,46.679,237.055,3439677
-119.884,46.497,237.034,3439698
-119.650,46.352,237.013,3439719
-119.788,46.554,236.734,3439740
-119.844,46.748,236.483,3439761
-120.046,46.803,236.128,3439782
-120.280,46.959,235.822,3439803
-120.544,47.050,235.488,3439824
-120.784,46.883,235.174,3439845
-120.862,46.661,235.002,3439866
-120.715,46.552,234.974,3439887
-120.539,46.360,234.962,3439908
-120.338,46.206,234.951,3439929
-120.140,46.008,234.950,3439950
-120.230,46.186,234.754,3439971
-120.432,46.321,234.477,3439992
-120.632,46.427,234.213,3440013
-120.814,46.537,233.956,3440034
-120.527,46.362,234.025,3440055
-120.266,46.279,234.101,3440076
-120.039,46.143,234.160,3440097
-119.951,45.945,234.120,3440118
-119.634,46.048,234.218,3440139
-119.454,45.900,234.255,3440160
-119.578,46.088,234.059,3440181
-119.694,46.254,233.830,3440202
-119.782,46.435,233.620,3440223
-119.761,46.691,233.486,3440244
-119.864,46.719,233.266,3440265
-119.529,46.642,233.338,3440286
-119.503,46.453,233.173,3440307
-119.248,46.525,233.154,3440328
-118.942,46.491,233.160,3440349
-118.680,46.527,233.198,3440370
-118.678,46.775,233.038,3440391
-118.761,47.006,232.771,3440412
-119.008,47.226,232.436,3440433
-119.255,47.368,232.084,3440454
-119.088,47.530,232.052,3440475
-119.298,47.465,231.746,3440496
-119.292,47.284,231.592,3440517
-119.354,47.076,231.436,3440538
-119.250,46.982,231.380,3440559
-119.163,46.974,231.309,3440580
-119.098,46.798,231.209,3440601
-119.418,46.907,230.811,3440622
-119.843,46.907,230.348,3440643
-120.199,46.926,229.948,3440664
-120.199,46.970,229.816,3440685
-120.328,46.627,229.592,3440706
-120.575,46.333,229.302,3440727
-120.541,46.310,229.223,3440748
-120.511,45.973,229.168,3440769
-120.656,45.653,228.973,3440790
-120.890,45.742,228.722,3440811
-121.216,45.770,228.384,3440832
-121.521,45.824,228.022,3440853
-121.405,45.619,227.993,3440874
-121.701,45.785,227.675,3440895
-121.533,45.705,227.680,3440916
-121.303,45.634,227.766,3440937
-121.172,45.831,227.767,3440958
-121.199,45.659,227.636,3440979
-120.931,45.723,227.690,3441000
-121.167,45.899,227.394,3441021
-121.316,46.143,227.148,3441042
-121.533,46.289,226.831,3441063
-121.719,46.484,226.511,3441084
-121.878,46.713,226.214,3441105
-121.522,46.760,226.281,3441126
-121.157,46.831,226.362,3441147
-121.349,47.095,226.018,3441169
-121.009,47.224,226.067,3441190
-120.701,47.227,226.094,3441211
-120.875,47.392,225.754,3441232
-120.753,47.715,225.612,3441253
-120.469,47.601,225.563,3441274
-120.364,47.862,225.386,3441295
-119.985,47.768,225.412,3441316
-119.798,47.540,225.290,3441337
-119.805,47.343,225.015,3441358
-119.483,47.316,224.999,3441379
-119.739,47.322,224.569,3441400
-120.042,47.317,224.096,3441421
-120.313,47.454,223.684,3441442
-120.297,47.521,223.499,3441463
-120.714,47.603,222.998,3441484
-121.139,47.507,222.456,3441505
-121.165,47.530,222.242,3441526
-121.114,47.314,222.066,3441547
-121.078,47.110,221.868,3441568
-121.192,46.802,221.576,3441589
-121.327,46.492,221.268,3441610
-121.723,46.447,220.770,3441631
-121.652,46.458,220.612,3441652
-121.945,46.280,220.165,3441673
-122.230,46.287,219.729,3441694
-122.260,46.388,219.470,3441715
-121.966,46.091,219.435,3441736
-121.573,45.927,219.450,3441757
-121.711,45.900,219.073,3441778
-121.333,45.819,219.091,3441799
-120.941,45.717,219.098,3441820
-121.059,45.900,218.735,3441841
-120.974,46.180,218.511,3441862
-121.173,46.317,218.086,3441883
-121.362,46.524,217.654,3441904
-121.376,46.899,217.360,3441925
-121.192,46.876,217.242,3441946
-120.875,47.090,217.178,3441967
-120.519,47.249,217.121,3441988
-120.340,47.181,216.922,3442009
-120.202,47.113,216.702,3442030
-120.105,47.040,216.425,3442051
-120.053,47.373,216.153,3442072
-120.052,47.664,215.830,3442093
-120.259,47.775,215.378,3442114
-120.464,47.906,214.903,3442135
-120.362,48.161,214.658,3442156
-120.317,48.007,214.347,3442177
-120.169,47.986,214.109,3442198
-120.033,47.957,213.840,3442219
-119.930,47.824,213.528,3442240
-119.919,47.642,213.106,3442261
-120.376,47.543,212.311,3442282
-120.730,47.659,211.609,3442303
-121.109,47.492,210.878,3442324
-121.324,47.161,210.234,3442345
-121.690,47.158,209.488,3442366
-121.543,46.883,209.113,3442387
-121.391,46.867,208.721,3442408
-121.181,46.636,208.330,3442429
-120.984,46.456,207.938,3442450
-121.286,46.488,207.143,3442471
-121.329,46.642,206.516,3442492
-121.672,46.607,205.657,3442513
-121.994,46.583,204.782,3442534
-122.331,46.605,203.876,3442555
-122.332,46.836,203.153,3442576
-122.109,46.885,202.574,3442597
-121.860,46.890,202.003,3442618
-121.631,47.019,201.361,3442639
-121.324,46.982,200.765,3442660
-121.164,47.173,200.032,3442681
-121.333,47.321,199.041,3442702
-121.540,47.380,197.996,3442723
-121.747,47.451,196.949,3442744
-121.955,47.656,195.869,3442765
-121.880,47.494,195.004,3442786
-121.586,47.502,194.273,3442807
-121.312,47.503,193.503,3442828
-121.434,47.465,192.402,3442849
-121.154,47.630,191.562,3442870
-120.961,47.915,190.650,3442891
-121.105,48.300,189.469,3442912
-121.345,48.383,188.192,3442933
-121.659,48.495,186.867,3442954
-121.537,48.485,185.826,3442975
-121.776,48.842,184.497,3442996
-121.621,48.987,183.464,3443017
-124.076,45.202,121.284,3445117
-123.926,45.231,121.136,3445138
-124.166,45.915,120.410,3445180
-124.117,46.225,120.214,3445201
-124.236,46.552,119.854,3445222
-124.300,46.470,119.532,3445243
-124.461,46.459,119.128,3445264
-124.516,46.330,118.760,3445285
-124.163,46.363,118.682,3445306
-123.882,46.508,118.527,3445327
-123.885,46.716,118.122,3445348
-123.768,46.489,117.800,3445369
-123.300,46.394,117.724,3445390
-122.923,46.511,117.560,3445411
-122.747,46.723,117.235,3445432
-122.595,46.489,116.917,3445453
-122.509,46.269,116.529,3445474
-122.367,46.025,116.170,3445495
-122.211,45.751,115.826,3445516
-122.133,45.832,115.399,3445537
-121.636,45.703,115.262,3445558
-121.539,45.799,114.811,3445579
-121.124,45.805,114.587,3445600
-120.960,45.918,114.163,3445621
-121.095,45.868,113.528,3445642
-120.891,45.623,113.144,3445663
-121.083,45.492,112.472,3445684
-121.176,45.321,111.864,3445705
-120.983,45.291,111.451,3445726
-121.061,45.144,110.853,3445747
-121.019,45.344,110.313,3445768
-120.913,45.440,109.826,3445789
-120.933,45.690,109.256,3445810
-121.177,46.021,108.491,3445831
-121.362,46.313,107.759,3445852
-121.764,46.325,106.855,3445873
-121.992,46.174,106.091,3445894
-122.318,46.110,105.248,3445915
-122.579,45.968,104.451,3445936
-122.939,45.943,103.567,3445957
-123.187,46.173,102.759,3445978
-123.538,46.370,101.884,3445999
-123.374,46.399,101.369,3446020
-123.442,46.650,100.673,3446041
-123.651,46.889,99.883,3446062
-123.576,46.689,99.296,3446083
-123.458,46.487,98.701,3446104
-123.205,46.344,98.205,3446125
-122.967,46.187,97.709,3446146
-122.584,46.240,97.334,3446167
-122.527,46.494,96.698,3446188
-122.367,46.716,96.134,3446209
-122.078,46.876,95.675,3446230
-121.974,47.062,95.033,3446251
-122.064,47.101,94.280,3446272
-121.812,46.803,93.760,3446293
-121.670,46.523,93.159,3446314
-121.285,46.258,92.738,3446335
-121.034,45.966,92.215,3446356
-120.971,45.788,91.547,3446377
-120.990,45.790,90.814,3446398
-120.669,45.879,90.334,3446419
-120.326,45.969,89.879,3446440
-119.937,45.996,89.448,3446461
-119.735,46.162,88.870,3446482
-119.807,46.167,88.120,3446503
-119.722,45.910,87.472,3446524
-119.796,45.804,86.691,3446545
-119.432,45.787,86.203,3446566
-119.151,45.678,85.643,3446587
-118.852,45.721,85.094,3446608
-118.918,45.973,84.263,3446629
-118.681,46.044,83.661,3446650
-118.980,46.221,82.675,3446671
-119.063,46.470,81.821,3446692
-119.116,46.286,81.021,3446713
-119.101,46.083,80.237,3446734
-119.114,45.889,79.408,3446755
-119.320,45.713,78.434,3446776
-119.428,45.479,77.552,3446797
-119.352,45.607,76.758,3446818
-119.630,45.716,75.702,3446839
-119.935,45.894,74.608,3446860
-120.313,45.976,73.451,3446881
-120.681,45.927,72.302,3446902
-121.122,45.910,71.078,3446923
-121.068,45.801,70.218,3446944
-121.036,45.624,69.319,3446965
-120.984,45.493,68.424,3446986
-120.934,45.478,67.522,3447007
-121.058,45.663,66.469,3447028
-121.272,45.843,65.366,3447049
-121.512,46.035,64.230,3447070
-121.891,45.944,62.989,3447091
-122.195,46.028,61.796,3447112
-122.548,46.040,60.562,3447133
-122.417,45.740,59.649,3447154
-122.188,45.476,58.823,3447175
-122.151,45.132,57.852,3447196
-121.955,44.820,56.955,3447217
-121.688,44.565,56.122,3447238
-121.406,44.400,55.280,3447259
-121.587,44.465,54.101,3447280
-121.740,44.594,52.924,3447301
-121.796,44.736,51.802,3447322
-121.935,44.898,50.610,3447343
-121.805,45.037,49.599,3447364
-121.894,44.856,48.423,3447385
-121.646,44.799,47.475,3447406
-121.494,44.595,46.480,3447427
-121.296,44.772,45.497,3447448
-121.476,44.840,44.245,3447469
-121.286,44.632,43.240,3447490
-121.231,44.403,42.131,3447511
-121.360,44.559,40.894,3447532
-121.191,44.356,39.863,3447553
-120.963,44.330,38.869,3447574
-120.752,44.316,37.841,3447595
-120.959,44.215,36.551,3447616
-120.986,44.465,35.389,3447637
-121.030,44.277,34.195,3447658
-121.040,44.562,33.004,3447679
-121.263,44.731,31.649,3447700
-121.500,44.802,30.305,3447721
-121.714,44.834,28.978,3447742
-121.963,44.900,27.629,3447763
-121.776,44.935,26.545,3447784
-121.602,44.964,25.452,3447805
-121.469,45.020,24.323,3447826
-121.374,44.973,23.159,3447847
-121.596,45.209,21.784,3447868
-121.572,45.281,20.564,3447889
-121.957,45.217,19.044,3447910
-122.203,45.010,17.613,3447931
-122.423,44.799,16.204,3447952
-122.687,44.755,14.753,3447973
-122.432,44.705,13.644,3447994
-122.163,44.584,12.570,3448015
-121.918,44.670,11.455,3448036
-121.677,44.590,10.359,3448057
-121.457,44.609,9.239,3448078
-121.723,44.682,7.797,3448099
-121.946,44.614,6.352,3448120
-122.032,44.452,5.034,3448141
-122.174,44.323,3.665,3448162
-122.300,44.295,2.318,3448183
-122.342,44.462,1.008,3448204
-121.951,44.536,359.999,3448225
-121.599,44.649,358.967,3448246
-121.250,44.764,357.944,3448267
-120.943,44.934,356.883,3448288
-120.933,44.766,355.646,3448309
-121.042,44.672,354.336,3448330
-120.197,44.773,353.941,3448351
-119.096,44.772,353.698,3448372
-118.430,44.822,353.142,3448393
-117.422,45.019,352.819,3448414
-116.535,45.210,352.424,3448435
-115.758,45.406,351.954,3448456
-115.150,45.667,351.375,3448477
-114.584,45.830,350.784,3448498
-114.188,46.099,350.078,3448519
-114.287,46.083,349.006,3448540
-114.521,46.181,347.831,3448561
-114.798,46.084,346.639,3448582
-115.232,46.067,345.314,3448604
-114.662,46.287,344.672,3448625
-114.189,46.507,343.945,3448646
-113.809,46.678,343.145,3448667
-113.506,46.816,342.293,3448688
-113.749,46.972,341.065,3448709
-113.706,46.969,339.995,3448730
-113.392,47.023,339.110,3448751
-113.563,46.927,337.897,3448772
-113.887,46.864,336.562,3448793
-113.824,46.879,335.499,3448814
-113.900,46.863,334.332,3448835
-113.296,47.111,333.786,3448856
-113.446,47.075,333.512,3448877
-113.321,47.282,333.439,3448898
-113.219,47.358,333.317,3448919
-113.664,47.418,332.783,3448940
-114.019,47.187,332.303,3448961
-114.415,46.963,331.777,3448982
-114.977,46.868,331.099,3449003
-115.546,46.701,330.418,3449024
-115.714,46.652,329.980,3449045
-115.917,46.617,329.480,3449066
-116.154,46.565,328.933,3449087
-116.806,46.536,328.075,3449108
-117.488,46.418,327.212,3449129
-118.033,45.962,326.449,3449150
-118.544,45.471,325.682,3449171
-119.107,45.024,324.878,3449192
-119.955,44.274,322.969,3449255
-120.060,44.218,322.428,3449276
-120.063,44.053,321.928,3449297
-120.475,44.030,321.118,3449318
-120.350,43.935,320.681,3449339
-120.556,43.760,320.002,3449360
-120.814,43.746,319.347,3449381
-121.062,43.799,318.763,3449402
-121.273,43.800,318.198,3449423
-120.971,43.858,317.995,3449444
-120.844,44.073,317.780,3449465
-120.635,44.253,317.612,3449486
-120.870,44.393,317.173,3449507
-120.734,44.639,317.025,3449528
-120.643,44.929,316.815,3449549
-120.737,44.932,316.493,3449570
-120.728,44.870,316.263,3449591
-120.498,44.791,316.183,3449612
-120.470,44.738,315.957,3449633
-120.058,44.862,315.992,3449654
-119.711,45.058,315.977,3449675
-119.358,45.314,315.960,3449696
-119.073,45.618,315.901,3449717
-119.059,45.980,315.627,3449738
-118.741,46.240,315.579,3449759
-118.701,46.182,315.325,3449780
-118.755,46.159,314.985,3449801
-118.933,46.212,314.558,3449822
-119.005,46.087,314.188,3449843
-119.248,46.027,313.679,3449864
-119.034,46.038,313.517,3449885
-118.975,46.162,313.198,3449906
-118.885,46.239,312.920,3449927
-118.841,46.334,312.591,3449948
-118.782,46.394,312.267,3449969
-118.578,46.089,312.052,3449990
-118.735,45.860,311.576,3450011
-118.645,45.505,311.263,3450032
-118.755,45.281,310.808,3450053
-118.461,44.918,310.643,3450074
-118.544,44.825,310.203,3450095
-118.141,44.665,310.080,3450116
-118.267,44.610,309.585,3450137
-118.405,44.475,309.053,3450158
-118.520,44.519,308.532,3450179
-118.388,44.170,308.199,3450200
-118.469,43.857,307.690,3450221
-118.343,43.889,307.311,3450242
-118.175,43.798,306.975,3450263
-118.025,43.818,306.638,3450284
-118.128,44.125,306.115,3450305
-117.997,44.267,305.741,3450326
-118.083,44.626,305.211,3450347
-118.392,44.833,304.498,3450368
-118.661,45.146,303.829,3450389
-118.873,45.115,303.178,3450410
-118.921,45.016,302.630,3450431
-119.192,45.014,301.925,3450452
-119.521,44.993,301.165,3450473
-119.724,45.264,300.498,3450494
-119.744,45.451,299.947,3450515
-119.772,45.616,299.419,3450536
-119.849,45.796,298.857,3450557
-119.919,45.970,298.310,3450578
-120.237,46.202,297.585,3450599
-120.423,46.039,296.954,3450620
-120.703,45.884,296.241,3450641
-120.897,45.695,295.572,3450662
-120.756,45.700,295.148,3450683
-120.936,45.542,294.501,3450704
-120.852,45.677,294.046,3450725
-121.138,45.707,293.304,3450746
-121.308,45.877,292.656,3450767
-121.149,45.990,292.257,3450788
-121.300,45.863,291.632,3450809
-121.019,45.633,291.323,3450830
-120.866,45.373,290.935,3450851
-120.447,45.221,290.768,3450872
-120.277,45.001,290.414,3450893
-120.158,45.206,290.031,3450914
-119.769,45.346,289.840,3450935
-119.492,45.533,289.567,3450956
-119.169,45.687,289.354,3450977
-119.104,45.857,288.973,3450998
-119.177,45.792,288.508,3451019
-118.831,45.666,288.355,3451040
-118.884,45.507,287.893,3451061
-118.565,45.379,287.731,3451082
-118.499,45.169,287.387,3451103
-118.248,45.244,287.177,3451124
-117.987,45.243,286.986,3451145
-118.234,45.437,286.438,3451166
-118.127,45.657,286.100,3451187
-118.395,45.692,285.514,3451208
-118.442,45.551,285.093,3451229
-118.657,45.530,284.538,3451250
-118.853,45.468,283.980,3451271
-119.049,45.444,283.454,3451292
-119.141,45.328,282.982,3451313
-118.998,45.504,282.682,3451334
-119.026,45.758,282.258,3451355
-119.088,46.035,281.812,3451376
-119.289,46.273,281.288,3451397
-119.526,46.485,280.732,3451418
-119.776,46.703,280.169,3451439
-120.033,46.515,279.587,3451460
-119.937,46.354,279.268,3451481
-120.046,46.089,278.799,3451502
-120.001,45.993,278.425,3451523
-120.019,45.766,278.013,3451544
-120.112,45.845,277.519,3451565
-120.091,45.851,277.108,3451586
-120.269,45.967,276.558,3451607
-120.664,46.000,275.850,3451628
-120.993,45.876,275.183,3451649
-121.325,45.820,274.492,3451670
-121.332,45.570,274.026,3451691
-121.537,45.429,273.436,3451712
-121.506,45.205,272.992,3451733
-121.429,44.981,272.572,3451754
-121.319,45.166,272.189,3451775
-121.328,45.393,271.724,3451796
-121.075,45.215,271.445,3451817
-121.068,45.443,271.001,3451838
-120.957,45.697,270.627,3451859
-120.892,45.516,270.239,3451880
-120.551,45.361,270.033,3451901
-120.134,45.319,269.892,3451922
-119.737,45.450,269.741,3451943
-119.571,45.741,269.437,3451964
-119.213,45.733,269.288,3451985
-119.257,45.982,268.795,3452006
-119.342,46.239,268.281,3452027
-119.511,46.435,267.685,3452048
-119.682,46.419,267.077,3452069
-119.868,46.389,266.455,3452090
-119.641,46.232,266.142,3452111
-119.452,46.031,265.795,3452132
-119.294,45.800,265.422,3452153
-119.068,45.580,265.129,3452174
-119.168,45.762,264.604,3452195
-119.189,45.959,264.133,3452216
-119.120,46.137,263.735,3452237
-119.361,46.311,263.107,3452258
-119.725,46.338,262.384,3452279
-119.984,46.118,261.739,3452300
-119.940,45.872,261.315,3452321
-119.995,45.579,260.815,3452342
-119.863,45.538,260.436,3452363
-119.933,45.261,259.932,3452384
-120.138,45.474,259.330,3452405
-120.520,45.511,258.618,3452426
-120.798,45.690,257.974,3452447
-121.135,45.613,257.311,3452468
-121.207,45.803,256.821,3452489
-121.050,45.773,256.489,3452510
-120.898,45.578,256.143,3452531
-120.852,45.347,255.710,3452552
-120.819,45.473,255.746,3452573
-120.817,45.488,255.731,3452594
-121.238,45.775,255.433,3452615
-121.556,46.144,255.170,3452636
-121.908,46.427,254.881,3452657
-122.073,46.799,254.735,3452678
-122.400,46.988,254.459,3452699
-122.387,46.884,254.434,3452720
-122.152,46.822,254.536,3452741
-122.332,46.756,254.344,3452762
-122.025,46.672,254.477,3452783
-121.680,46.679,254.631,3452804
-121.288,46.634,254.796,3452825
-121.032,46.729,254.856,3452846
-121.046,46.809,254.731,3452867
-121.176,46.912,254.637,3452888
-121.307,46.967,254.536,3452909
-121.368,46.763,254.484,3452930
-121.124,46.774,254.708,3452951
-121.362,46.740,254.632,3452972
-121.121,46.613,254.908,3452993
-121.073,46.338,255.075,3453014
-121.269,46.137,255.069,3453035
-121.422,46.313,255.114,3453056
-121.577,46.554,255.169,3453077
-121.741,46.409,255.185,3453098
-121.867,46.626,255.257,3453119
-121.908,46.858,255.378,3453140
-121.612,46.747,255.738,3453161
-121.324,46.614,256.092,3453182
-121.137,46.392,256.359,3453203
-120.771,46.252,256.732,3453224
-120.468,46.033,257.047,3453245
-120.407,46.212,257.171,3453266
-120.422,46.423,257.294,3453287
-120.309,46.630,257.501,3453308
-120.399,46.823,257.517,3453329
-120.574,46.779,257.473,3453350
-120.248,46.813,257.801,3453371
-119.902,46.878,258.147,3453392
-119.641,46.779,258.413,3453413
-119.352,46.697,258.730,3453434
-119.130,46.603,259.009,3453455
-118.928,46.533,259.247,3453476
-119.075,46.758,259.218,3453497
-119.141,47.021,259.249,3453518
-119.290,47.213,259.200,3453539
-119.416,47.428,259.156,3453560
-119.250,47.219,259.344,3453581
-118.970,47.172,259.596,3453602
-118.882,46.927,259.705,3453623
-118.620,46.785,259.928,3453644
-118.381,46.686,260.122,3453665
-118.622,46.587,259.994,3453686
-118.766,46.693,259.919,3453707
-118.765,46.824,259.952,3453728
-118.940,46.940,259.855,3453749
-119.160,47.024,259.738,3453770
-118.896,46.892,259.958,3453791
-119.161,46.776,259.776,3453812
-118.937,46.524,259.981,3453833
-118.904,46.237,260.039,3453854
-118.774,45.939,260.153,3453875
-118.811,46.057,260.148,3453896
-119.019,46.142,260.024,3453917
-119.218,46.216,259.901,3453938
-119.437,46.318,259.763,3453959
-119.401,46.378,259.825,3453980
-119.432,46.042,259.823,3454001
-119.418,45.784,259.867,3454022
-119.810,45.772,259.593,3454043
-119.782,45.549,259.650,3454064
-119.651,45.426,259.774,3454085
-119.932,45.265,259.618,3454106
-120.226,45.418,259.464,3454127
-120.486,45.644,259.332,3454148
-120.889,45.692,259.079,3454169
-121.126,45.946,258.941,3454190
-121.012,45.821,259.058,3454211
-120.917,45.930,259.150,3454232
-121.243,45.900,258.923,3454253
-121.075,45.860,259.052,3454274
-120.987,45.694,259.148,3454295
-121.179,45.970,259.030,3454316
-121.279,46.269,258.994,3454337
-121.548,46.428,258.826,3454358
-121.791,46.577,258.656,3454379
-122.047,46.649,258.487,3454400
-121.967,46.494,258.521,3454421
-121.923,46.347,258.555,3454442
-122.092,46.251,258.406,3454463
-121.782,46.104,258.612,3454484
-121.447,45.974,258.837,3454505
-121.178,46.074,259.008,3454526
-120.956,46.186,259.156,3454547
-121.097,46.201,259.031,3454568
-121.026,46.379,259.052,3454589
-120.728,46.438,259.242,3454610
-120.621,46.189,259.278,3454631
-120.343,46.023,259.413,3454652
-120.387,45.807,259.324,3454673
-120.077,45.711,259.484,3454694
-119.779,45.617,259.645,3454715
-119.862,45.766,259.505,3454736
-120.013,45.878,259.321,3454757
-120.189,45.935,259.081,3454778
-120.423,45.970,258.791,3454799
-120.538,46.162,258.566,3454820
-120.333,45.924,258.557,3454841
-120.143,45.712,258.537,3454862
-119.937,45.512,258.526,3454883
-119.729,45.582,258.525,3454904
-119.518,45.447,258.520,3454925
-119.434,45.672,258.424,3454946
-119.560,45.899,258.165,3454967
-119.781,46.030,257.829,3454988
-119.974,46.220,257.521,3455009
-120.076,46.446,257.250,3455030
-120.158,46.320,256.987,3455051
-120.127,46.127,256.793,3455072
-120.042,45.936,256.613,3455093
-119.920,46.148,256.477,3455114
-119.627,46.127,256.453,3455135
-119.821,46.109,256.080,3455156
-119.651,46.291,255.974,3455177
-119.605,46.518,255.765,3455198
-119.420,46.693,255.650,3455219
-119.561,46.587,255.304,3455240
-119.332,46.451,255.231,3455261
-119.118,46.341,255.130,3455282
-119.290,46.543,254.773,3455303
-119.107,46.402,254.665,3455324
-118.894,46.193,254.608,3455345
-119.156,46.264,254.194,3455366
-119.366,46.434,253.802,3455387
-119.633,46.474,253.393,3455408
-119.653,46.655,253.176,3455429
-119.791,46.505,252.898,3455450
-119.702,46.312,252.785,3455471
-119.402,46.289,252.843,3455492
-119.085,46.360,252.899,3455513
-119.036,46.193,252.742,3455534
-118.898,46.005,252.689,3455555
-119.053,46.160,252.421,3455576
-119.037,46.404,252.285,3455597
-119.191,46.513,252.032,3455618
-119.089,46.718,251.985,3455639
-119.024,46.911,251.918,3455660
-118.837,46.706,251.938,3455681
-118.540,46.705,252.017,3455702
-118.276,46.551,252.063,3455723
-118.374,46.391,251.872,3455744
-118.278,46.144,251.790,3455765
-118.544,46.158,251.453,3455786
-118.578,46.336,251.308,3455807
-118.856,46.500,250.974,3455828
-119.104,46.653,250.671,3455849
-119.376,46.534,250.340,3455870
-119.344,46.285,250.225,3455891
-119.141,46.289,250.269,3455912
-118.969,46.286,250.289,3455933
-118.785,46.162,250.315,3455954
-118.591,46.017,250.379,3455975
-118.423,46.071,250.463,3455996
-118.733,46.204,250.152,3456017
-119.092,46.308,249.816,3456038
-119.405,46.477,249.523,3456059
-119.778,46.512,249.173,3456080
-119.703,46.567,249.170,3456102
-120.007,46.471,248.906,3456123
-119.834,46.332,248.979,3456144
-120.015,46.152,248.802,3456165
-120.032,46.399,248.747,3456186
-120.033,46.175,248.714,3456207
-120.273,46.399,248.514,3456228
-120.574,46.548,248.271,3456249
-120.828,46.590,248.097,3456270
-120.905,46.461,248.014,3456291
-120.581,46.445,248.232,3456312
-120.298,46.573,248.431,3456333
-120.002,46.463,248.636,3456354
-119.662,46.412,248.877,3456375
-119.257,46.473,249.174,3456396
-119.348,46.423,249.121,3456417
-119.467,46.611,249.049,3456438
-119.587,46.636,248.943,3456459
-119.580,46.858,248.920,3456480
-119.705,47.242,249.062,3456501
-119.712,47.147,249.290,3456522
-119.491,47.254,249.682,3456543
-119.311,47.207,250.016,3456564
-119.551,47.452,250.027,3456585
-119.371,47.368,250.355,3456606
-119.446,47.626,250.472,3456627
-119.504,47.885,250.588,3456648
-119.770,47.909,250.547,3456669
-119.991,47.849,250.518,3456690
-119.848,47.625,250.770,3456711
-119.750,47.390,250.968,3456732
-119.407,47.229,251.359,3456753
-119.208,46.931,251.646,3456774
-119.142,46.606,251.831,3456795
-118.982,46.662,252.078,3456816
-118.702,46.565,252.435,3456837
-118.720,46.635,252.570,3456858
-118.970,46.570,252.508,3456879
-119.226,46.534,252.434,3456900
-119.295,46.616,252.516,3456921
-119.263,46.249,252.686,3456942
-119.363,45.898,252.733,3456963
-119.658,45.889,252.619,3456984
-119.464,45.638,252.892,3457005
-119.673,45.737,252.858,3457026
-119.845,45.851,252.848,3457047
-119.723,45.630,253.031,3457068
-119.912,45.813,253.008,3457089
-120.311,45.728,252.849,3457110
-120.634,45.559,252.748,3457131
-120.582,45.461,252.892,3457152
-120.535,45.367,253.030,3457173
-120.504,45.274,253.130,3457194
-120.463,45.304,253.245,3457215
-120.461,45.433,253.320,3457236
-120.540,45.663,253.320,3457257
-120.858,45.946,253.165,3457278
-121.212,46.087,252.974,3457299
-121.482,46.365,252.847,3457320
-121.791,46.379,252.693,3457341
-121.618,46.570,252.877,3457362
-121.533,46.455,253.005,3457383
-121.336,46.376,253.203,3457404
-121.157,46.259,253.347,3457425
-121.095,46.115,253.393,3457446
-121.026,46.382,253.459,3457467
-121.013,46.646,253.457,3457488
-121.142,46.749,253.360,3457509
-121.268,46.864,253.250,3457530
-121.329,47.046,253.171,3457551
-121.474,47.017,253.011,3457572
-121.211,46.739,253.142,3457593
-120.998,46.458,253.251,3457614
-120.772,46.203,253.328,3457635
-120.497,46.193,253.450,3457656
-120.333,46.311,253.490,3457677
-120.562,46.313,253.250,3457698
-120.421,46.457,253.434,3457719
-120.669,46.662,253.319,3457740
-120.780,46.882,253.277,3457761
-120.842,46.680,253.254,3457782
-120.604,46.693,253.428,3457803
-120.457,46.435,253.538,3457824
-120.189,46.261,253.703,3457845
-120.308,46.051,253.580,3457866
-120.274,45.878,253.695,3457887
-120.533,46.088,253.557,3457908
-120.829,46.289,253.360,3457929
-120.936,46.526,253.288,3457950
-121.300,46.637,253.036,3457971
-121.189,46.517,253.096,3457992
-121.462,46.378,252.867,3458013
-121.274,46.321,252.954,3458034
-121.395,46.143,252.926,3458055
-121.280,46.013,253.061,3458076
-121.317,46.219,253.072,3458097
-121.598,46.445,252.961,3458118
-121.804,46.732,252.885,3458139
-121.988,47.077,252.804,3458160
-122.051,47.374,252.801,3458181
-121.837,47.253,253.013,3458202
-121.615,47.120,253.201,3458223
-121.346,46.977,253.430,3458244
-120.994,46.878,253.672,3458265
-120.800,46.670,253.831,3458286
-120.710,46.854,253.918,3458307
-120.632,47.030,254.028,3458328
-120.467,47.190,254.163,3458349
-120.577,47.227,254.126,3458370
-120.580,47.385,254.188,3458391
-120.216,47.203,254.506,3458412
-120.198,46.960,254.575,3458433
-119.961,47.024,254.825,3458454
-119.850,46.780,254.999,3458475
-119.603,46.600,255.268,3458496
-119.623,46.741,255.337,3458517
-119.923,46.806,255.195,3458538
-119.821,46.867,255.363,3458559
-120.102,46.811,255.229,3458580
-120.375,46.940,255.094,3458601
-120.473,46.692,255.087,3458622
-120.262,46.534,255.290,3458643
-120.100,46.291,255.469,3458664
-119.852,46.203,255.725,3458685
-120.021,46.104,255.655,3458706
-120.199,46.236,255.597,3458727
-120.407,46.300,255.514,3458748
-120.488,46.493,255.532,3458769
-120.567,46.684,255.559,3458790
-120.500,46.507,255.688,3458811
-120.181,46.401,255.972,3458832
-119.855,46.484,256.294,3458853
-119.551,46.471,256.573,3458874
-119.391,46.240,256.735,3458895
-119.112,46.260,256.973,3458916
-119.170,46.425,256.953,3458937
-119.172,46.606,256.991,3458958
-119.375,46.728,256.848,3458979
-119.519,46.863,256.745,3459000
-119.576,47.012,256.676,3459021
-119.691,46.762,256.578,3459042
-119.488,46.534,256.688,3459063
-119.457,46.314,256.826,3459084
-119.507,46.108,256.874,3459105
-119.403,45.954,257.027,3459126
-119.717,45.933,256.867,3459147
-119.756,46.171,256.896,3459168
-119.966,46.457,256.771,3459189
-120.298,46.514,256.564,3459210
-120.647,46.674,256.336,3459231
-120.486,46.638,256.460,3459252
-120.306,46.648,256.616,3459273
-120.548,46.584,256.404,3459294
-120.400,46.395,256.493,3459316
-120.376,46.595,256.474,3459337
-120.645,46.691,256.226,3459358
-120.715,46.900,256.137,3459379
-120.954,47.082,255.894,3459400
-121.180,47.062,255.668,3459421
-120.988,46.862,255.747,3459442
-121.138,46.739,255.567,3459463
-120.850,46.581,255.708,3459484
-120.621,46.408,255.778,3459505
-120.332,46.293,255.885,3459526
-120.270,46.535,255.836,3459547
-120.355,46.693,255.650,3459568
-120.420,46.831,255.500,3459589
-120.515,46.977,255.303,3459610
-120.518,47.098,255.175,3459631
-120.212,46.994,255.265,3459652
-120.094,46.674,255.238,3459673
-119.912,46.381,255.258,3459694
-119.670,46.157,255.315,3459715
-119.539,45.877,255.298,3459736
-119.452,46.020,255.243,3459757
-119.721,45.987,254.988,3459778
-119.981,46.129,254.715,3459799
-120.226,46.302,254.474,3459820
-120.517,46.467,254.199,3459841
-120.438,46.228,254.185,3459862
-120.371,46.030,254.153,3459883
-120.281,46.156,254.131,3459904
-120.082,46.010,254.188,3459925
-119.858,45.839,254.281,3459946
-120.065,45.880,254.057,3459967
-120.076,46.171,253.963,3459988
-120.266,46.284,253.764,3460009
-120.311,46.582,253.645,3460030
-120.268,46.845,253.588,3460051
-120.246,46.691,253.522,3460072
-120.178,46.506,253.468,3460093
-120.156,46.755,253.373,3460114
-119.877,46.646,253.442,3460135
-119.543,46.469,253.535,3460156
-119.199,46.434,253.620,3460177
-119.281,46.573,253.380,3460198
-119.388,46.699,253.123,3460219
-119.403,46.835,252.941,3460240
-119.610,46.829,252.628,3460261
-119.300,46.698,252.669,3460282
-119.359,46.421,252.432,3460303
-119.102,46.131,252.416,3460324
-118.911,45.805,252.348,3460345
-118.986,45.469,252.083,3460366
-119.032,45.192,251.968,3460387
-119.298,45.343,251.656,3460408
-119.615,45.478,251.314,3460429
-119.718,45.573,251.135,3460450
-120.183,45.614,250.674,3460471
-120.431,45.787,250.358,3460492
-120.472,45.518,250.193,3460513
-120.590,45.262,249.959,3460534
-120.582,45.365,249.792,3460555
-120.531,45.211,249.662,3460576
-120.446,45.158,249.588,3460597
-120.798,45.367,249.217,3460618
-121.216,45.498,248.795,3460639
-121.560,45.704,248.413,3460660
-121.873,45.923,248.054,3460681
-121.681,46.096,248.063,3460702
-121.503,46.015,248.035,3460723
-121.312,45.957,248.009,3460744
-120.940,46.078,248.100,3460765
-120.557,46.274,248.198,3460786
-120.485,46.633,248.082,3460807
-120.550,46.989,247.944,3460828
-120.432,47.360,247.930,3460849
-120.280,47.701,247.959,3460870
-120.143,47.597,247.968,3460891
-120.162,47.572,247.870,3460912
-120.154,47.894,247.861,3460933
-120.269,47.947,247.769,3460954
-119.945,47.840,248.016,3460975
-119.569,47.820,248.306,3460996
-119.332,47.683,248.524,3461017
-119.222,47.904,248.614,3461038
-119.347,48.105,248.518,3461059
-119.043,48.044,248.762,3461080
-119.303,47.997,248.596,3461101
-119.529,48.016,248.469,3461122
-119.262,47.792,248.670,3461143
-119.239,47.466,248.696,3461164
-118.975,47.201,248.876,3461185
-118.797,46.850,249.012,3461206
-118.512,46.589,249.218,3461227
-118.586,46.643,249.168,3461248
-118.725,46.653,249.047,3461269
-118.802,46.698,248.968,3461290
-119.123,46.649,248.764,3461311
-119.142,46.253,248.762,3461332
-119.412,45.983,248.562,3461353
-119.309,45.744,248.672,3461374
-119.449,45.854,248.601,3461395
-119.383,45.656,248.680,3461416
-119.597,45.830,248.562,3461437
-119.609,45.948,248.587,3461458
-119.816,46.163,248.496,3461479
-120.239,46.266,248.203,3461500
-120.589,46.287,247.979,3461521
-120.458,46.270,248.093,3461542
-120.606,46.151,247.994,3461563
-120.470,46.076,248.110,3461584
-120.364,46.051,248.186,3461605
-120.210,46.007,248.299,3461626
-120.565,46.209,248.017,3461647
-120.738,46.482,247.872,3461668
-121.017,46.678,247.625,3461689
-121.237,46.924,247.431,3461710
-121.434,46.931,247.253,3461731
-121.631,46.948,247.073,3461752
-121.422,46.834,247.170,3461773
-121.132,47.068,247.337,3461794
-120.894,46.960,247.474,3461815
-120.483,46.880,247.702,3461836
-120.181,46.886,247.986,3461857
-120.039,47.226,248.128,3461878
-120.107,47.409,248.103,3461899
-119.901,47.671,248.299,3461920
-119.599,47.884,248.539,3461941
-119.240,48.036,248.822,3461962
-118.747,47.843,249.213,3461983
-118.204,47.747,249.660,3462004
-117.689,47.674,250.074,3462025
-117.412,47.426,250.327,3462046
-117.428,47.356,250.360,3462067
-117.446,47.476,250.413,3462088
-117.478,47.619,250.443,3462109
-117.037,47.618,250.831,3462130
-117.112,47.747,250.836,3462151
-117.190,47.718,250.818,3462172
-116.833,47.455,251.116,3462193
-116.578,47.163,251.367,3462214
-116.223,46.992,251.688,3462235
-116.004,46.698,251.891,3462256
-115.906,46.402,251.995,3462277
-115.877,46.499,252.013,3462298
-116.063,46.604,251.882,3462319
-116.337,46.637,251.673,3462340
-116.511,46.730,251.527,3462361
-116.745,46.801,251.355,3462382
-117.117,46.523,251.062,3462403
-117.228,46.155,250.984,3462424
-117.602,46.255,250.677,3462445
-117.849,45.925,250.483,3462466
-117.995,45.705,250.337,3462487
-118.549,45.845,249.862,3462508
-119.138,45.896,249.393,3462529
-119.710,46.032,248.917,3462550
-120.293,46.177,248.408,3462571
-120.494,46.016,248.167,3462592
-120.889,45.875,247.766,3462613
-121.320,46.100,247.349,3462634
-121.289,46.042,247.226,3462655
-121.343,45.863,247.049,3462676
-121.284,45.971,246.939,3462697
-121.202,46.134,246.837,3462718
-121.499,46.352,246.454,3462739
-121.790,46.537,246.043,3462760
-122.106,46.531,245.610,3462781
-122.246,46.806,245.277,3462802
-122.009,46.777,245.208,3462823
-121.830,46.619,245.098,3462844
-121.493,46.643,245.084,3462865
-121.134,46.602,245.054,3462886
-120.945,46.366,244.910,3462907
-120.725,46.564,244.809,3462928
-120.576,46.693,244.650,3462949
-120.490,46.756,244.438,3462970
-120.357,46.876,244.280,3462991
-120.034,46.614,244.253,3463012
-119.585,46.349,244.330,3463033
-119.077,46.314,244.451,3463054
-118.616,46.203,244.514,3463075
-118.355,46.103,244.576,3463096
-118.562,46.231,244.278,3463117
-118.641,46.482,244.056,3463138
-118.586,46.666,243.955,3463159
-118.399,46.759,243.932,3463180
-118.536,46.963,243.676,3463201
-118.799,46.880,243.336,3463222
-118.614,46.842,243.316,3463243
-118.810,46.675,243.018,3463264
-118.683,46.509,242.964,3463285
-118.906,46.353,242.647,3463306
-119.095,46.178,242.326,3463327
-119.488,46.207,241.852,3463348
-119.903,46.190,241.372,3463369
-120.286,46.356,240.892,3463390
-120.665,46.494,240.374,3463411
-120.669,46.691,240.117,3463432
-120.566,46.568,239.939,3463453
-120.408,46.534,239.790,3463474
-120.306,46.406,239.588,3463495
-120.246,46.245,239.360,3463516
-120.168,46.201,239.132,3463537
-120.331,46.105,238.883,3463558
-120.870,46.267,238.330,3463579
-121.367,46.429,237.784,3463600
-121.794,46.500,237.283,3463621
-122.152,46.507,236.837,3463642
-122.412,46.428,236.456,3463663
-122.271,46.570,236.435,3463684
-122.070,46.557,236.452,3463705
-121.795,46.674,236.489,3463726
-121.417,46.734,236.611,3463747
-121.469,46.975,236.384,3463768
-121.483,47.247,236.241,3463789
-121.503,47.501,236.067,3463810
-121.457,47.815,235.971,3463831
-121.127,48.047,236.047,3463852
-120.753,47.978,236.182,3463873
-120.784,48.289,236.045,3463894
-120.545,48.223,236.127,3463915
-120.507,48.123,236.060,3463936
-120.349,48.094,236.073,3463957
-120.291,48.405,236.021,3463978
-120.480,48.693,235.774,3463999
-120.805,48.858,235.430,3464020
-121.074,48.887,235.133,3464041
-121.157,48.677,234.966,3464062
-120.955,48.524,235.038,3464083
-120.752,48.215,235.093,3464104
-120.834,47.914,234.936,3464125
-120.601,47.689,235.000,3464146
-120.844,47.629,234.708,3464167
-120.838,47.637,234.602,3464188
-120.858,47.619,234.488,3464209
-120.753,47.281,234.469,3464230
-121.143,47.134,234.060,3464251
-121.417,47.067,233.732,3464272
-121.345,46.642,233.694,3464293
-121.461,46.152,233.509,3464314
-121.381,45.676,233.469,3464335
-121.250,45.318,233.479,3464356
-121.535,45.089,233.180,3464377
-121.647,45.072,233.002,3464398
-121.745,45.115,232.853,3464419
-121.926,45.090,232.675,3464440
-121.992,44.869,232.563,3464461
-122.128,44.781,232.390,3464482
-121.761,44.838,232.578,3464503
-121.395,44.773,232.755,3464524
-121.000,44.870,232.928,3464545
-120.598,44.945,233.088,3464566
-120.271,45.300,233.187,3464587
-119.882,45.520,233.303,3464608
-119.910,45.921,233.124,3464629
-119.795,46.382,233.044,3464650
-119.859,46.743,232.840,3464671
-119.947,47.064,232.593,3464692
-119.541,47.139,232.710,3464713
-119.179,47.139,232.786,3464734
-118.876,47.109,232.831,3464755
-118.526,47.131,232.915,3464776
-118.686,47.326,232.613,3464797
-118.732,47.607,232.390,3464818
-118.726,47.854,232.191,3464839
-118.974,47.813,231.767,3464860
-119.198,47.836,231.376,3464881
-119.421,47.878,230.967,3464902
-119.346,47.554,230.778,3464923
-119.273,47.196,230.617,3464944
-119.370,46.843,230.297,3464965
-119.200,46.702,230.165,3464986
-119.458,46.370,229.709,3465007
-119.801,46.291,229.164,3465028
-119.867,46.296,228.837,3465049
-119.743,46.162,228.635,3465070
-120.116,46.151,228.045,3465091
-120.487,46.004,227.455,3465112
-120.406,45.673,227.164,3465134
-120.354,45.297,226.868,3465155
-120.222,45.084,226.636,3465176
-120.089,44.786,226.391,3465197
-120.545,44.877,225.747,3465218
-120.960,44.997,225.153,3465239
-121.398,45.120,224.540,3465260
-121.857,45.195,223.882,3465281
-122.262,45.374,223.233,3465302
-122.434,45.719,222.752,3465323
-122.327,45.744,222.461,3465344
-122.172,45.857,222.196,3465365
-122.089,46.011,221.849,3465386
-121.977,46.284,221.506,3465407
-121.903,46.652,221.137,3465428
-122.190,46.823,220.464,3465449
-122.475,46.999,219.788,3465470
-122.320,47.297,219.430,3465491
-122.680,47.568,218.670,3465512
-122.745,47.526,218.109,3465533
-122.573,47.579,217.698,3465554
-122.928,47.806,216.862,3465575
-122.884,47.776,216.318,3465597
-122.876,47.998,215.709,3465618
-122.881,48.194,215.051,3465639
-123.250,48.287,214.114,3465660
-123.597,48.357,213.167,3465681
-123.881,48.408,212.244,3465702
-123.637,48.217,211.672,3465723
-123.359,48.051,211.140,3465744
-123.085,48.113,210.566,3465765
-122.752,47.863,210.029,3465786
-122.488,47.542,209.448,3465807
-122.437,47.340,208.681,3465828
-122.441,47.387,207.842,3465849
-122.446,47.387,206.999,3465870
-122.432,47.430,206.169,3465891
-122.451,47.510,205.295,3465912
-122.106,47.263,204.714,3465933
-121.729,47.333,204.142,3465954
-121.427,47.371,203.479,3465975
-121.190,47.427,202.750,3465996
-120.960,47.470,202.010,3466017
-120.813,47.714,201.206,3466038
-121.161,47.939,200.002,3466059
-121.507,48.063,198.787,3466080
-121.859,48.235,197.586,3466101
-122.140,48.243,196.423,3466122
-122.021,48.449,195.547,3466143
-121.843,48.405,194.726,3466164
-121.617,48.447,193.945,3466185
-121.455,48.339,193.088,3466206
-121.346,48.123,192.172,3466227
-121.627,48.291,190.955,3466248
-121.818,48.464,189.809,3466269
-122.131,48.543,188.561,3466290
-122.344,48.366,187.394,3466311
-122.601,48.259,186.202,3466332
-122.757,48.014,185.079,3466353
-122.026,47.934,184.755,3466374
-121.408,47.953,184.346,3466395
-120.732,47.711,183.977,3466417
-120.119,47.642,183.597,3466438
-120.011,47.540,182.834,3466459
-119.775,47.525,182.191,3466480
-119.439,47.104,181.611,3466501
-119.455,46.680,180.772,3466522
-119.436,46.259,179.959,3466543
-119.212,46.060,179.304,3466564
-119.085,45.989,178.571,3466585
-119.154,45.641,177.705,3466606
-119.084,45.561,176.930,3466627
-119.560,45.639,175.805,3466648
-120.029,45.756,174.679,3466669
-120.524,45.692,173.547,3466690
-121.085,45.691,172.369,3466712
-121.247,45.871,171.503,3466733
-121.757,45.774,170.398,3466754
-121.937,45.880,169.513,3466775
-122.323,46.176,168.466,3466796
-122.492,46.300,167.572,3466817
-122.853,46.173,166.570,3466838
-123.420,46.268,165.409,3466859
-123.966,46.407,164.274,3466880
-124.440,46.451,163.212,3466901
-124.546,46.321,162.409,3466922
-124.833,46.614,161.488,3466943
-124.835,46.830,160.777,3466964
-124.772,46.885,160.135,3466985
-124.733,47.107,159.519,3467006
-125.061,47.139,158.628,3467027
-124.821,47.165,158.147,3467048
-124.806,47.046,157.487,3467069
-124.931,47.015,156.764,3467090
-125.044,46.973,156.037,3467111
-124.665,46.822,155.665,3467132
-124.399,46.927,155.193,3467153
-124.181,47.054,154.698,3467174
-123.813,46.916,154.298,3467195
-123.757,47.071,153.659,3467216
-123.777,47.197,152.962,3467237
-123.870,47.216,152.190,3467258
-123.827,47.311,151.494,3467279
-123.692,47.067,150.862,3467300
-121.047,45.702,121.717,3468371
-120.634,45.966,121.579,3468392
-120.102,46.128,121.524,3468413
-119.552,46.017,121.486,3468434
-119.390,45.992,121.157,3468455
-119.321,46.155,120.774,3468476
-118.859,46.363,120.639,3468497
-118.824,46.557,120.177,3468518
-118.945,46.659,119.595,3468539
-118.809,46.430,119.221,3468560
-118.617,46.217,118.859,3468581
-118.514,46.305,118.420,3468602
-118.649,46.042,117.793,3468623
-118.931,46.205,117.051,3468644
-119.381,46.290,116.181,3468665
-119.887,46.333,115.260,3468686
-120.077,46.402,114.571,3468707
-120.211,46.370,113.884,3468728
-120.737,46.165,112.936,3468749
-120.982,45.871,112.185,3468770
-121.204,45.577,111.414,3468791
-121.529,45.323,110.570,3468812
-121.699,45.446,109.839,3468833
-122.002,45.625,109.000,3468854
-122.497,45.512,108.041,3468875
-122.544,45.597,107.393,3468896
-122.689,45.774,106.650,3468917
-123.130,45.889,105.688,3468938
-123.283,45.694,104.886,3468959
-123.556,45.592,104.028,3468980
-123.588,45.397,103.290,3469001
-123.497,45.244,102.665,3469022
-123.732,45.414,101.822,3469043
-123.645,45.684,101.180,3469064
-123.628,45.956,100.487,3469085
-123.669,46.239,99.769,3469106
-123.739,46.469,99.007,3469127
-123.462,46.584,98.506,3469148
-123.143,46.372,98.055,3469169
-123.071,46.213,97.460,3469190
-122.917,46.038,96.922,3469211
-122.463,45.863,96.598,3469232
-122.103,45.693,96.200,3469253
-121.668,45.872,95.850,3469274
-121.349,46.127,95.401,3469295
-121.028,46.361,94.977,3469316
-120.983,46.469,94.382,3469337
-120.949,46.520,93.786,3469358
-120.402,46.422,93.545,3469379
-120.125,46.133,93.122,3469400
-119.825,45.859,92.689,3469421
-119.424,45.784,92.306,3469442
-119.076,45.541,91.864,3469463
-119.005,45.626,91.188,3469484
-119.268,45.614,90.274,3469505
-119.316,45.694,89.488,3469526
-119.433,45.792,88.672,3469547
-119.807,45.752,87.669,3469568
-119.951,45.473,86.844,3469589
-120.074,45.242,86.028,3469610
-120.383,45.088,85.056,3469631
-120.365,44.932,84.332,3469652
-120.360,44.826,83.608,3469673
-120.365,44.971,82.871,3469694
-120.827,45.059,81.817,3469715
-121.275,45.314,80.763,3469736
-121.770,45.503,79.665,3469757
-122.049,45.726,78.714,3469778
-122.176,45.804,77.885,3469799
-122.517,45.619,76.904,3469820
-122.678,45.473,76.045,3469841
-122.823,45.515,75.184,3469862
-123.298,45.361,74.089,3469883
-123.332,45.272,73.330,3469904
-123.871,45.268,72.174,3469925
-124.307,45.175,71.087,3469946
-124.730,45.253,69.953,3469967
-125.010,45.314,68.908,3469988
-125.758,45.655,67.998,3470009
-125.978,45.708,67.405,3470030
-126.227,45.615,66.774,3470051
-126.490,45.424,66.099,3470072
-126.548,45.256,65.541,3470093
-126.561,45.295,64.989,3470114
-126.831,45.347,64.212,3470135
-127.073,45.080,63.447,3470156
-127.146,45.054,62.792,3470177
-127.259,44.937,62.071,3470198
-127.456,45.010,61.467,3470219
-127.265,44.667,61.085,3470240
-126.971,44.306,60.762,3470261
-126.637,43.858,60.434,3470282
-126.220,43.501,60.157,3470303
-125.756,43.033,59.873,3470324
-125.640,42.537,59.340,3470345
-125.375,42.342,58.902,3470366
-125.260,42.230,58.429,3470387
-125.272,41.868,57.937,3470408
-124.836,41.606,57.718,3470429
-124.398,41.256,57.498,3470450
-124.225,40.839,57.090,3470471
-123.751,40.556,56.858,3470492
-123.457,40.583,56.507,3470513
-123.234,40.637,56.084,3470534
-123.140,40.341,55.571,3470555
-123.082,40.138,55.028,3470576
-123.062,40.064,54.467,3470597
-123.031,39.966,53.911,3470618
-123.006,39.989,53.333,3470639
-122.540,39.831,53.027,3470660
-122.063,39.697,52.713,3470681
-121.565,39.776,52.414,3470702
-121.092,39.874,52.078,3470723
-120.665,40.113,51.723,3470744
-120.630,40.415,51.087,3470765
-120.666,40.655,50.377,3470786
-120.683,41.003,49.655,3470807
-120.689,41.096,48.936,3470828
-120.377,41.120,48.402,3470849
-120.209,41.128,47.758,3470870
-119.872,41.376,47.224,3470891
-119.579,41.501,46.661,3470912
-119.818,41.822,45.740,3470933
-120.085,42.150,44.780,3470954
-120.256,42.584,43.889,3470975
-120.591,42.835,42.865,3470996
-120.575,43.171,42.094,3471017
-120.720,43.534,41.214,3471038
-121.098,43.827,40.139,3471059
-121.051,43.887,39.336,3471080
-121.029,43.963,38.499,3471101
-121.002,44.095,37.670,3471122
-120.996,44.006,36.821,3471143
-120.938,43.974,36.003,3471164
-121.123,43.827,35.003,3471185
-121.507,43.778,33.859,3471206
-121.879,43.748,32.713,3471227
-122.190,43.584,31.587,3471248
-122.548,43.510,30.409,3471269
-122.769,43.621,29.323,3471290
-122.685,43.304,28.439,3471311
-122.557,43.331,27.584,3471332
-122.349,43.291,26.789,3471353
-122.376,43.382,25.834,3471374
-122.592,43.397,24.735,3471395
-122.774,43.278,23.655,3471416
-122.648,43.004,22.774,3471437
-122.569,42.781,21.874,3471458
-122.472,42.539,20.960,3471479
-122.136,42.576,20.220,3471500
-121.804,42.645,19.463,3471521
-121.483,42.781,18.712,3471542
-121.429,43.108,17.751,3471563
-117.232,46.503,284.062,3474818
-116.865,46.415,284.021,3474839
-116.617,46.206,283.873,3474860
-116.470,46.362,283.669,3474881
-116.305,46.486,283.469,3474902
-116.447,46.575,283.044,3474923
-116.599,46.649,282.624,3474944
-116.840,46.684,282.138,3474965
-117.089,46.769,281.653,3474986
-116.936,46.642,281.453,3475007
-117.126,46.325,281.026,3475028
-117.287,46.007,280.616,3475049
-117.303,46.039,280.315,3475070
-117.288,45.888,280.021,3475091
-117.731,45.927,279.415,3475112
-117.739,46.002,279.116,3475133
-118.163,46.181,278.512,3475154
-118.623,46.349,277.865,3475175
-118.657,46.393,277.522,3475196
-118.992,46.296,276.956,3475217
-119.352,46.200,276.365,3475238
-119.504,46.118,275.931,3475259
-119.678,46.041,275.492,3475280
-120.169,46.335,274.820,3475301
-120.609,46.657,274.182,3475322
-120.975,46.987,273.579,3475343
-120.314,45.785,269.472,3476351
-120.441,46.156,269.277,3476372
-120.409,46.425,269.173,3476393
-120.596,46.735,268.902,3476414
-120.873,46.979,268.541,3476435
-121.130,47.194,268.157,3476456
-121.069,47.227,268.265,3476477
-120.948,47.257,268.396,3476498
-121.076,47.592,268.327,3476519
-120.974,47.505,268.403,3476540
-120.870,47.351,268.473,3476561
-121.152,47.347,268.239,3476582
-121.173,47.599,268.184,3476603
-121.407,47.719,267.949,3476624
-121.516,47.876,267.814,3476645
-121.440,48.013,267.823,3476666
-121.465,47.818,267.870,3476687
-121.273,47.564,268.066,3476708
-121.250,47.287,268.111,3476729
-120.993,47.104,268.403,3476750
-120.989,46.835,268.497,3476771
-121.022,46.947,268.546,3476792
-121.069,47.099,268.641,3476813
-120.953,47.224,268.824,3476834
-120.833,47.382,269.040,3476855
-120.985,47.299,269.038,3476876
-120.692,47.344,269.375,3476897
-120.435,47.121,269.657,3476918
-120.125,46.924,269.975,3476939
-119.869,46.665,270.263,3476960
-119.559,46.486,270.570,3476981
-119.300,46.597,270.817,3477002
-119.216,46.782,270.930,3477023
-119.346,46.805,270.872,3477044
-119.475,46.671,270.798,3477065
-119.632,46.692,270.707,3477086
-119.768,46.681,270.623,3477107
-119.656,46.392,270.721,3477128
-119.470,46.119,270.891,3477149
-119.138,46.133,271.164,3477170
-118.914,45.910,271.370,3477191
-118.712,45.693,271.566,3477212
-118.905,45.872,271.487,3477233
-118.979,46.086,271.452,3477254
-119.281,46.267,271.234,3477275
-119.446,46.458,271.137,3477296
-119.371,46.256,271.175,3477317
-119.225,46.068,271.262,3477338
-119.176,46.141,271.246,3477359
-119.229,45.864,271.160,3477380
-119.126,45.652,271.188,3477401
-119.189,45.842,271.087,3477422
-119.434,46.039,270.868,3477443
-119.646,46.250,270.662,3477464
-119.969,46.378,270.386,3477485
-120.149,46.591,270.195,3477506
-119.920,46.530,270.275,3477527
-120.027,46.345,270.114,3477548
-120.124,46.142,269.937,3477569
-119.964,46.195,269.947,3477590
-119.788,46.150,269.950,3477611
-119.967,46.008,269.718,3477632
-120.032,46.238,269.537,3477653
-120.150,46.445,269.327,3477674
-120.333,46.505,269.056,3477696
-120.425,46.403,268.850,3477717
-120.287,46.224,268.803,3477738
-119.942,46.322,268.882,3477759
-119.560,46.293,269.024,3477780
-119.324,46.147,269.065,3477801
-119.058,46.324,269.099,3477822
-118.812,46.507,269.113,3477843
-118.837,46.741,268.929,3477864
-118.699,46.981,268.873,3477885
-118.842,47.155,268.634,3477906
-118.924,47.388,268.445,3477927
-118.616,47.238,268.525,3477948
-118.381,47.087,268.561,3477969
-118.022,47.166,268.706,3477990
-117.657,47.030,268.879,3478011
-117.597,46.830,268.805,3478032
-117.734,46.926,268.598,3478053
-117.808,47.090,268.439,3478074
-117.881,47.249,268.275,3478095
-118.070,47.325,268.055,3478116
-118.234,47.158,267.849,3478137
-118.281,46.892,267.719,3478158
-118.140,46.682,267.725,3478179
-117.986,46.651,267.721,3478200
-117.958,46.340,267.647,3478221
-117.901,46.074,267.595,3478242
-118.115,46.188,267.318,3478263
-118.349,46.295,267.040,3478284
-118.746,46.338,266.627,3478305
-119.159,46.376,266.188,3478326
-119.583,46.374,265.755,3478347
-119.907,46.497,265.389,3478368
-120.161,46.191,265.082,3478389
-120.432,45.916,264.756,3478410
-120.442,45.672,264.623,3478431
-120.442,45.474,264.495,3478452
-120.456,45.577,264.365,3478473
-120.800,45.805,263.987,3478494
-121.219,45.995,263.527,3478516
-121.655,46.136,263.069,3478537
-121.620,46.055,262.936,3478558
-121.816,45.909,262.600,3478579
-122.149,46.036,262.192,3478600
-121.987,45.937,262.097,3478621
-121.749,45.830,262.051,3478642
-121.637,46.078,261.930,3478663
-121.408,46.270,261.893,3478684
-121.527,46.440,261.626,3478705
-121.503,46.317,261.459,3478726
-121.632,46.465,261.182,3478747
-121.605,46.326,261.019,3478768
-121.224,46.280,261.103,3478789
-120.827,46.349,261.185,3478810
-120.428,46.386,261.267,3478831
-119.577,46.781,257.035,3479419
-119.363,46.615,257.002,3479440
-119.203,46.649,256.923,3479461
-119.146,46.376,256.756,3479482
-119.398,46.459,256.372,3479503
-119.437,46.544,256.127,3479524
-119.854,46.752,255.787,3479545
-120.327,46.741,255.410,3479566
-120.583,46.556,255.175,3479587
-120.695,46.741,255.051,3479608
-120.823,46.528,254.924,3479629
-120.888,46.319,254.851,3479650
-120.784,46.228,254.872,3479671
-120.676,46.075,254.876,3479692
-120.485,46.052,254.932,3479713
-120.354,46.159,254.935,3479734
-120.513,46.332,254.712,3479755
-120.731,46.424,254.418,3479776
-120.908,46.363,254.177,3479797
-121.035,46.494,253.965,3479818
-120.856,46.222,253.956,3479839
-120.777,45.956,253.907,3479860
-120.530,45.676,253.974,3479881
-120.292,45.383,254.030,3479902
-120.214,45.525,253.971,3479923
-120.105,45.454,254.081,3479944
-120.406,45.633,253.884,3479965
-120.689,45.764,253.702,3479986
-120.910,45.987,253.560,3480007
-121.227,46.176,253.337,3480028
-121.074,46.227,253.436,3480049
-120.911,46.235,253.555,3480070
-121.108,46.056,253.417,3480091
-120.942,46.033,253.531,3480112
-120.751,46.023,253.656,3480133
-120.900,46.226,253.552,3480154
-121.169,46.342,253.354,3480175
-121.406,46.171,253.174,3480196
-121.700,46.232,252.966,3480217
-122.018,46.210,252.751,3480238
-121.940,45.976,252.833,3480259
-121.813,46.015,252.955,3480280
-121.704,46.112,253.037,3480301
-121.496,46.028,253.180,3480322
-121.272,45.965,253.305,3480343
-121.117,46.145,253.384,3480364
-121.281,46.151,253.234,3480385
-121.369,46.353,253.134,3480406
-121.435,46.461,253.051,3480427
-121.341,46.719,253.072,3480448
-121.153,46.577,253.165,3480469
-121.042,46.525,253.288,3480490
-120.649,46.713,253.609,3480511
-120.313,46.683,253.848,3480532
-119.883,46.843,254.155,3480553
-119.968,47.115,254.060,3480574
-120.071,47.272,253.937,3480595
-119.795,47.483,254.097,3480616
-119.937,47.601,253.935,3480637
-119.567,47.514,254.149,3480658
-119.244,47.283,254.291,3480679
-118.943,47.110,254.451,3480700
-119.076,47.025,254.301,3480721
-119.158,47.150,254.181,3480742
-118.936,46.862,254.287,3480763
-119.057,46.881,254.154,3480784
-118.824,46.985,254.275,3480805
-118.975,47.091,254.095,3480826
-119.065,47.221,253.953,3480847
-118.896,47.310,253.983,3480868
-118.608,47.120,254.078,3480889
-118.421,46.905,254.134,3480910
-118.435,46.620,254.010,3480931
-118.192,46.523,254.030,3480952
-118.204,46.199,253.870,3480973
-118.169,46.279,253.771,3480994
-118.383,46.434,253.488,3481015
-118.726,46.562,253.092,3481036
-119.177,46.503,252.588,3481057
-119.717,46.475,252.048,3481078
-119.835,46.237,251.833,3481099
-120.128,46.388,251.501,3481120
-120.195,46.277,251.330,3481141
-120.275,46.075,251.147,3481162
-120.490,45.830,250.854,3481183
-120.884,46.015,250.437,3481204
-120.917,45.879,250.295,3481225
-121.257,46.115,249.912,3481246
-121.637,46.293,249.485,3481267
-122.008,46.426,249.056,3481288
-122.340,46.440,248.650,3481309
-122.177,46.388,248.635,3481330
-121.944,46.368,248.629,3481351
-121.689,46.448,248.644,3481372
-121.393,46.389,248.645,3481393
-121.562,46.702,248.350,3481414
-121.736,46.991,248.025,3481435
-121.912,47.135,247.706,3481456
-122.110,47.343,247.384,3481477
-122.235,47.618,247.095,3481498
-122.356,47.706,246.838,3481519
-121.972,47.909,246.936,3481540
-121.625,47.956,247.010,3481561
-121.351,48.004,247.002,3481582
-121.363,47.991,246.771,3481603
-121.375,48.345,246.536,3481624
-121.441,48.673,246.254,3481645
-121.524,48.951,245.957,3481666
-121.456,48.744,245.757,3481687
-121.573,48.895,245.397,3481708
-121.322,48.888,245.303,3481729
-121.066,48.600,245.205,3481750
-120.963,48.626,244.982,3481771
-120.666,48.482,244.893,3481792
-120.467,48.087,244.759,3481813
-120.561,47.749,244.392,3481834
-120.636,47.742,244.048,3481855
-120.768,47.745,243.676,3481876
-120.965,47.496,243.245,3481897
-121.196,47.286,242.830,3481918
-121.314,46.921,242.521,3481939
-121.341,46.542,242.272,3481960
-121.208,46.510,242.163,3481981
-121.002,46.259,242.099,3482002
-120.813,45.995,242.022,3482023
-120.594,45.861,241.938,3482044
-120.733,45.979,241.632,3482065
-120.871,46.078,241.292,3482086
-121.128,45.890,240.897,3482107
-121.383,45.906,240.468,3482128
-121.530,46.037,240.091,3482149
-121.305,45.881,239.965,3482170
-121.062,45.791,239.811,3482191
-120.865,45.587,239.613,3482212
-120.854,45.368,239.283,3482233
-121.051,45.457,238.794,3482254
-121.131,45.735,238.365,3482275
-121.206,46.008,237.936,3482296
-121.388,46.175,237.433,3482317
-121.369,46.062,237.071,3482338
-121.249,45.958,236.788,3482359
-121.028,45.903,236.567,3482380
-121.210,46.182,236.034,3482401
-120.903,46.245,235.846,3482422
-120.656,46.302,235.621,3482443
-120.557,46.584,235.253,3482464
-120.685,46.914,234.732,3482485
-120.879,47.212,234.150,3482506
-120.963,47.089,233.649,3482527
-120.751,47.031,233.351,3482548
-121.021,47.237,232.713,3482569
-120.812,47.231,232.425,3482590
-120.889,47.455,231.926,3482611
-120.748,47.323,231.594,3482632
-120.612,47.358,231.245,3482653
-120.887,47.512,230.618,3482674
-121.247,47.455,229.892,3482695
-121.594,47.439,229.170,3482716
-121.909,47.331,228.475,3482737
-122.186,47.210,227.800,3482758
-122.256,46.976,227.276,3482779
-122.299,46.700,226.782,3482800
-122.139,46.724,226.422,3482821
-121.965,46.555,226.065,3482842
-121.842,46.372,225.652,3482863
-122.100,46.506,224.952,3482884
-122.376,46.619,224.242,3482905
-122.615,46.774,223.546,3482926
-122.840,46.952,222.849,3482947
-122.630,47.056,222.437,3482968
-122.890,47.137,221.670,3482989
-122.619,47.184,221.247,3483010
-122.812,47.179,220.464,3483031
-122.579,47.342,219.948,3483052
-122.287,47.398,219.448,3483073
-122.398,47.377,218.625,3483094
-122.186,47.315,217.999,3483115
-122.213,47.712,217.133,3483136
-122.433,47.829,216.090,3483157
-122.506,48.263,215.120,3483178
-122.596,48.294,214.117,3483199
-122.460,48.535,213.223,3483220
-122.376,48.833,212.273,3483241
-122.305,49.020,211.273,3483262
-122.519,49.068,210.005,3483283
-122.887,49.546,208.636,3483304
-123.470,49.857,207.084,3483325
-124.099,50.063,205.462,3483346
-124.763,50.257,203.810,3483367
-125.419,50.577,202.149,3483388
-126.125,50.810,200.420,3483409
-126.254,50.818,199.132,3483430
-126.417,50.831,197.816,3483451
-126.662,50.930,196.424,3483472
-126.831,50.814,195.102,3483493
-127.094,50.911,193.719,3483514
-127.669,50.708,192.108,3483535
-128.243,50.499,190.491,3483556
-128.721,50.270,188.944,3483577
-129.096,50.042,187.455,3483598
-129.019,49.874,186.316,3483619
-129.336,49.958,184.874,3483640
-128.830,49.951,184.116,3483661
-128.289,49.773,183.426,3483682
-127.775,49.692,182.719,3483703
-127.265,49.376,182.026,3483724
-127.312,49.209,180.933,3483745
-127.306,48.953,179.893,3483766
-127.349,48.821,178.813,3483787
-127.266,48.469,177.852,3483808
-126.790,48.299,177.167,3483830
-126.319,48.116,176.486,3483851
-125.878,47.946,175.779,3483872
-125.514,47.856,174.981,3483893
-125.323,47.482,174.065,3483914
-125.401,47.277,172.944,3483935
-125.391,47.009,171.878,3483956
-125.335,46.767,170.820,3483977
-125.167,46.464,169.846,3483998
-125.019,46.208,168.837,3484019
-124.477,46.170,168.101,3484040
-124.127,46.246,167.217,3484061
-123.652,46.221,166.440,3484082
-123.483,46.349,165.435,3484103
-123.019,46.193,164.659,3484124
-123.075,46.073,163.525,3484145
-123.054,45.887,162.436,3484166
-123.153,45.776,161.281,3484187
-122.810,45.527,160.452,3484208
-122.573,45.205,159.564,3484229
-122.434,45.305,158.614,3484250
-122.431,45.400,157.561,3484271
-122.597,45.468,156.372,3484292
-122.686,45.591,155.198,3484313
-122.994,45.617,153.882,3484334
-123.301,45.477,152.569,3484355
-124.161,45.090,151.992,3484376
-124.683,44.554,151.632,3484397
-125.188,44.096,151.261,3484418
-125.639,43.692,150.906,3484439
-125.966,43.666,150.606,3484460
-126.236,43.392,150.308,3484481
-126.581,43.547,149.922,3484502
-126.863,43.722,149.558,3484523
-127.064,43.889,149.221,3484544
-127.556,44.031,148.644,3484565
-127.570,44.233,148.363,3484586
-127.674,44.138,147.957,3484607
-127.710,44.031,147.602,3484628
-128.062,43.977,147.392,3484649
-128.216,44.261,147.288,3484670
-127.981,44.522,147.409,3484691
-128.038,44.939,147.317,3484712
-127.721,45.261,147.460,3484733
-127.839,45.202,147.523,3484754
-127.911,45.136,147.591,3484775
-127.833,44.983,147.741,3484796
-127.560,44.818,147.976,3484817
-127.119,44.791,148.300,3484838
-126.684,44.677,148.618,3484859
-126.376,44.918,148.787,3484880
-126.101,45.176,148.923,3484901
-125.667,45.428,149.154,3484922
-125.053,45.625,149.511,3484943
-124.818,45.612,149.588,3484964
-124.504,45.383,149.909,3484985
-124.289,45.223,150.115,3485006
-124.055,45.015,150.321,3485027
-123.501,44.913,150.738,3485048
-123.347,44.622,150.996,3485069
-123.390,44.650,151.088,3485090
-123.176,44.742,151.335,3485111
-123.008,44.840,151.574,3485132
-122.973,44.955,151.690,3485153
-122.868,44.978,151.822,3485174
-122.693,44.910,151.994,3485195
-123.015,44.819,151.766,3485216
-123.300,44.656,151.547,3485237
-123.250,44.481,151.550,3485258
-123.345,44.300,151.432,3485279
-123.362,44.515,151.343,3485300
-123.501,44.844,151.166,3485321
-123.921,44.890,150.750,3485342
-124.076,45.234,150.505,3485363
-124.517,45.287,150.060,3485384
-124.732,45.662,149.759,3485405
-125.031,45.651,149.372,3485426
-125.175,45.592,149.073,3485447
-125.090,45.576,148.897,3485468
-125.266,45.523,148.527,3485489
-125.270,45.843,148.245,3485510
-125.170,46.114,148.008,3485531
-125.011,46.364,147.822,3485552
-124.916,46.599,147.534,3485573
-125.011,46.479,147.287,3485594
-124.813,46.627,147.247,3485615
-124.888,46.500,146.996,3485636
-124.840,46.247,146.843,3485657
-124.468,45.960,146.909,3485678
-124.171,45.587,146.882,3485699
-123.900,45.580,146.820,3485720
-123.792,45.599,146.632,3485741
-123.484,45.532,146.564,3485762
-123.300,45.556,146.392,3485783
-122.914,45.495,146.372,3485804
-122.849,45.205,146.108,3485825
-122.805,44.971,145.819,3485846
-122.444,44.719,145.757,3485867
-122.204,44.448,145.566,3485888
-121.807,44.210,145.504,3485909
-121.517,44.379,145.350,3485930
-121.392,44.594,145.041,3485951
-121.219,44.814,144.783,3485972
-121.006,44.622,144.558,3485993
-121.159,44.849,144.030,3486014
-121.414,44.949,143.413,3486035
-121.577,44.919,142.861,3486056
-121.865,44.990,142.209,3486077
-121.896,45.017,141.717,3486098
-122.291,45.373,140.979,3486119
-122.579,45.891,140.307,3486140
-122.680,46.420,139.753,3486161
-122.602,46.798,139.298,3486182
-122.552,47.155,138.803,3486203
-123.008,47.208,138.110,3486224
-123.359,47.077,137.452,3486245
-123.744,47.037,136.778,3486266
-124.002,47.234,136.160,3486287
-123.867,47.275,135.806,3486308
-124.116,47.123,135.161,3486329
-124.404,47.094,134.491,3486350
-124.313,47.281,134.051,3486371
-124.239,47.094,133.592,3486392
-124.192,47.348,133.088,3486413
-123.815,47.360,132.837,3486434
-123.446,47.359,132.562,3486455
-123.157,47.213,132.223,3486476
-122.924,47.028,131.826,3486497
-122.411,46.932,131.639,3486518
-122.260,46.631,131.256,3486539
-122.191,46.605,130.828,3486560
-121.752,46.590,130.638,3486581
-121.456,46.640,130.312,3486602
-120.907,46.543,130.148,3486623
-120.422,46.139,129.916,3486644
-120.367,45.928,129.360,3486665
-120.336,45.770,128.759,3486686
-119.805,45.489,128.497,3486707
-119.319,45.201,128.181,3486728
-119.305,45.207,127.536,3486749
-119.314,44.995,126.853,3486770
-119.345,45.031,126.175,3486791
-119.136,45.050,125.639,3486812
-119.172,45.169,124.926,3486833
-118.999,45.266,124.372,3486854
-119.066,45.066,123.634,3486875
-119.172,44.837,122.850,3486896
-119.299,44.647,122.078,3486917
-119.157,44.758,121.503,3486938
-119.251,44.600,120.768,3486959
-119.298,44.875,120.065,3486980
-119.620,45.173,119.172,3487001
-120.098,45.371,118.177,3487022
-120.543,45.654,117.202,3487043
-120.834,46.022,116.365,3487064
-120.874,46.066,115.748,3487085
-121.241,46.033,114.876,3487106
-121.570,46.013,114.053,3487127
-121.559,46.128,113.471,3487148
-121.538,46.091,112.925,3487169
-121.519,46.250,112.389,3487190
-121.624,46.485,111.757,3487211
-121.932,46.672,110.992,3487232
-122.208,46.843,110.234,3487253
-122.448,46.988,109.494,3487274
-122.376,46.711,108.996,3487295
-122.289,46.421,108.503,3487316
-122.323,46.112,107.906,3487337
-122.112,45.984,107.491,3487358
-122.051,45.648,106.991,3487379
-121.788,45.412,106.615,3487400
-122.038,45.404,105.913,3487421
-122.151,45.452,105.295,3487442
-122.117,45.517,104.783,3487463
-122.331,45.417,104.094,3487484
-122.450,45.155,103.468,3487505
-122.389,44.777,102.980,3487526
-122.362,44.397,102.441,3487547
-122.297,44.068,101.909,3487568
-122.244,43.747,101.343,3487589
-122.435,43.797,100.618,3487610
-122.571,43.897,99.903,3487631
-122.739,44.002,99.149,3487652
-122.825,44.082,98.417,3487673
-123.129,44.149,97.552,3487694
-123.521,44.108,96.601,3487715
-123.461,43.925,95.955,3487736
-123.372,43.905,95.325,3487757
-123.368,43.662,94.649,3487778
-123.305,43.536,93.989,3487799
-123.476,43.837,93.152,3487820
-123.820,44.128,92.194,3487841
-124.258,44.374,91.160,3487862
-124.694,44.716,90.092,3487883
-125.002,45.489,89.842,3487904
-125.726,46.096,89.262,3487925
-125.974,46.579,88.995,3487946
-126.195,46.964,88.713,3487967
-126.292,47.353,88.548,3487988
-126.341,47.703,88.404,3488009
-126.859,48.075,87.910,3488030
-127.264,48.450,87.498,3488051
-127.578,48.694,87.162,3488072
-127.544,48.949,87.077,3488093
-127.645,49.086,86.892,3488114
-127.718,49.109,86.688,3488135
-127.421,48.726,86.795,3488156
-126.982,48.300,86.956,3488177
-126.504,47.868,87.158,3488198
-125.948,47.560,87.405,3488219
-125.931,47.245,87.226,3488240
-125.435,46.753,87.387,3488261
-125.377,46.576,87.226,3488282
-125.421,46.230,86.965,3488303
-125.051,45.994,87.007,3488324
-124.836,45.370,86.901,3488346
-124.472,44.797,86.917,3488367
-124.164,44.582,87.096,3488388
-123.831,44.283,87.288,3488409
-123.563,44.225,87.415,3488430
-123.595,44.148,87.307,3488451
-123.583,44.156,87.179,3488472
-123.659,44.130,87.002,3488493
-123.330,44.126,87.073,3488514
-123.454,43.964,86.810,3488535
-123.301,43.718,86.705,3488556
-123.044,43.605,86.700,3488577
-122.775,43.508,86.678,3488598
-122.504,43.497,86.628,3488619
-122.674,43.663,86.257,3488640
-122.753,43.849,85.935,3488661
-122.772,43.614,85.657,3488682
-122.769,43.741,85.400,3488703
-122.719,43.861,85.151,3488724
-122.552,43.574,84.959,3488745
-122.361,43.279,84.778,3488766
-122.369,43.073,84.432,3488787
-122.529,43.078,83.990,3488808
-122.233,43.039,83.818,3488829
-121.993,43.124,83.581,3488850
-122.096,43.366,83.044,3488871
-122.336,43.535,82.394,3488892
-122.116,43.484,81.980,3488913
-122.216,43.236,81.315,3488934
-122.043,43.221,80.785,3488955
-121.893,43.054,80.212,3488976
-121.778,42.832,79.568,3488997
-121.640,42.623,78.933,3489018
-121.646,42.673,78.171,3489039
-121.998,42.732,77.136,3489060
-121.937,42.673,76.379,3489081
-122.277,42.813,75.326,3489102
-122.746,42.775,74.152,3489123
-123.170,42.924,73.012,3489144
-123.338,42.666,72.052,3489165
-123.426,42.406,71.150,3489186
-123.447,42.162,70.313,3489207
-123.348,41.964,69.518,3489228
-123.665,41.899,68.433,3489249
-123.565,41.965,67.619,3489270
-123.682,42.135,66.669,3489291
-123.939,42.095,65.612,3489312
-124.099,41.960,64.623,3489333
-123.883,41.737,63.902,3489354
-123.925,41.549,62.985,3489375
-123.658,41.327,62.276,3489396
-123.488,41.106,61.473,3489417
-123.014,41.026,60.870,3489438
-122.535,40.982,60.272,3489459
-122.514,41.090,59.375,3489480
-122.465,41.205,58.468,3489501
-122.010,41.426,57.810,3489522
-121.907,41.649,56.941,3489543
-121.824,41.809,56.025,3489564
-121.365,42.034,55.333,3489585
-120.941,41.933,54.641,3489606
-120.424,42.042,53.960,3489627
-119.892,42.204,53.286,3489648
-119.341,42.347,52.627,3489669
-119.227,42.378,51.638,3489690
-119.199,42.550,50.585,3489711
-119.174,42.703,49.531,3489732
-119.235,42.896,48.432,3489753
-119.359,43.132,47.266,3489774
-119.139,43.490,46.341,3489795
-118.941,43.630,45.371,3489816
-118.748,43.759,44.417,3489837
-118.670,44.103,43.379,3489858
-118.570,44.284,42.354,3489879
-118.939,44.622,41.005,3489900
-119.421,44.714,39.579,3489921
-119.798,44.692,38.208,3489942
-120.243,44.740,36.794,3489963
-120.712,44.813,35.355,3489984
-121.210,44.905,33.893,3490005
-121.200,44.971,32.827,3490026
-121.186,45.047,31.767,3490047
-121.203,45.124,30.675,3490068
-121.344,45.287,29.510,3490089
-121.361,45.256,28.440,3490110
-120.250,45.256,28.699,3490131
-119.086,45.205,28.992,3490152
-118.445,45.084,28.888,3490173
-117.922,44.998,28.687,3490194
-117.298,44.716,28.552,3490215
-116.878,44.606,28.249,3490236
-116.103,44.645,28.214,3490257
-115.491,44.827,28.046,3490278
-114.796,44.795,27.941,3490299
-114.628,45.001,27.470,3490320
-114.579,45.088,26.925,3490341
-114.665,45.090,26.274,3490362
-114.803,45.078,25.566,3490383
-115.020,45.065,24.815,3490404
-115.362,45.082,23.954,3490425
-115.322,45.109,23.360,3490446
-115.363,45.184,22.715,3490467
-115.536,45.332,21.992,3490488
-115.678,45.305,21.249,3490509
-116.144,45.123,20.290,3490530
-115.885,45.496,19.904,3490551
-115.990,45.613,19.260,3490572
-116.062,45.611,18.617,3490593
-116.304,45.694,17.890,3490614
-116.623,45.783,17.084,3490635
-116.808,45.703,16.371,3490656
-116.809,45.848,15.762,3490677
-116.906,46.024,15.085,3490698
-117.042,46.168,14.378,3490719
-117.593,46.362,13.352,3490740
-117.899,46.302,12.500,3490761
-118.024,46.100,11.765,3490782
-118.394,46.247,10.850,3490803
-118.771,46.115,9.958,3490824
-119.220,46.037,8.993,3490845
-119.163,45.950,8.384,3490866
-119.152,45.983,7.744,3490887
-119.246,46.046,7.004,3490908
-119.152,45.848,6.427,3490929
-119.267,45.913,5.685,3490950
-119.188,45.662,5.088,3490971
-119.548,45.406,4.174,3490992
-119.737,45.220,3.362,3491013
-119.777,44.917,2.647,3491034
-119.562,44.589,2.136,3491055
-119.327,44.630,1.609,3491076
-119.069,44.710,1.085,3491097
-118.744,44.465,0.606,3491118
-118.690,44.650,359.918,3491139
-120.040,44.275,350.507,3491727
-119.748,44.507,350.447,3491748
-119.658,44.846,350.222,3491769
-119.572,45.057,350.278,3491790
-119.362,45.014,350.414,3491811
-119.599,45.032,350.244,3491832
-119.784,44.966,350.080,3491853
-119.998,44.941,349.844,3491874
-120.148,44.852,349.651,3491895
-119.886,44.917,349.741,3491916
-119.590,44.878,349.824,3491937
-119.379,45.019,349.807,3491958
-119.186,45.189,349.753,3491979
-119.082,45.378,349.589,3492000
-119.232,45.228,349.211,3492021
-119.316,45.036,348.859,3492042
-119.312,44.768,348.579,3492063
-119.516,44.593,348.339,3492084
-119.751,44.445,348.053,3492105
-119.471,44.344,348.132,3492126
-119.281,44.345,348.114,3492147
-118.997,44.265,348.169,3492168
-119.095,44.367,347.941,3492189
-119.136,44.509,347.754,3492210
-119.191,44.258,347.534,3492231
-119.344,44.131,347.244,3492252
-118.508,44.724,343.764,3492693
-118.669,44.644,343.496,3492714
-118.544,44.516,343.428,3492735
-118.855,44.608,343.013,3492756
-118.768,44.777,342.859,3492777
-118.751,45.005,342.649,3492798
-118.763,45.233,342.401,3492819
-119.057,45.303,341.959,3492840
-119.309,45.241,341.539,3492861
-119.477,45.053,341.193,3492882
-119.714,44.866,340.762,3492903
-119.925,44.708,340.364,3492924
-120.164,44.479,339.923,3492945
-120.025,44.465,339.752,3492966
-119.908,44.446,339.603,3492987
-119.798,44.468,339.443,3493008
-119.718,44.566,339.308,3493029
-119.854,44.771,339.021,3493050
-119.714,44.878,338.941,3493071
-119.932,44.815,338.624,3493092
-119.936,44.633,338.453,3493113
-120.007,44.486,338.224,3493134
-119.963,44.255,338.049,3493155
-119.962,43.990,337.846,3493176
-119.678,44.017,337.844,3493197
-119.455,44.111,337.765,3493218
-119.285,44.247,337.644,3493239
-119.186,44.432,337.452,3493260
-119.403,44.494,337.051,3493281
-119.617,44.472,336.650,3493302
-119.876,44.543,336.208,3493323
-120.038,44.449,335.857,3493344
-120.255,44.425,335.466,3493365
-120.054,44.537,335.376,3493386
-119.904,44.661,335.250,3493407
-119.842,44.829,335.065,3493428
-120.079,44.949,334.691,3493449
-119.959,45.041,334.551,3493470
-120.239,45.007,334.102,3493491
-120.174,44.728,333.876,3493512
-120.238,44.901,333.527,3493533
-120.099,44.693,333.338,3493554
-120.107,44.451,333.030,3493575
-119.918,44.272,332.842,3493596
-119.760,44.423,332.619,3493617
-119.599,44.564,332.386,3493638
-119.460,44.765,332.103,3493659
-119.633,44.943,331.585,3493680
-119.771,44.909,331.079,3493701
-119.488,44.744,330.863,3493722
-119.604,44.899,330.356,3493743
-119.669,44.818,329.890,3493764
-119.514,44.632,329.577,3493785
-119.293,44.815,329.319,3493806
-119.028,44.941,329.099,3493827
-119.091,45.175,328.643,3493848
-119.053,45.000,328.255,3493869
-119.058,44.831,327.831,3493890
-118.807,44.839,327.578,3493911
-119.033,44.825,326.976,3493932
-118.862,44.784,326.644,3493953
-118.680,44.696,326.313,3493974
-118.888,44.591,325.684,3493995
-119.225,44.766,324.977,3494016
-119.250,44.964,324.466,3494037
-119.377,45.214,323.885,3494058
-119.386,45.394,323.354,3494079
-119.559,45.641,322.730,3494100
-119.725,45.429,322.116,3494121
-119.949,45.625,321.474,3494142
-120.303,45.576,320.716,3494163
-120.656,45.508,319.935,3494184
-120.939,45.393,319.204,3494205
-120.743,45.421,318.825,3494226
-120.637,45.535,318.389,3494247
-120.433,45.586,318.034,3494268
-120.552,45.734,317.433,3494289
-120.739,45.734,316.784,3494310
-120.455,45.721,316.447,3494331
-120.277,45.490,316.059,3494352
-120.253,45.282,315.535,3494373
-120.096,45.494,315.106,3494394
-119.945,45.316,314.663,3494415
-119.729,45.119,314.290,3494436
-119.474,45.312,313.943,3494457
-119.226,45.525,313.595,3494478
-118.990,45.745,313.234,3494499
-118.580,45.637,312.990,3494520
-118.216,45.811,312.715,3494541
-118.151,45.713,312.233,3494562
-117.871,45.982,311.888,3494583
-117.775,45.867,311.409,3494604
-117.672,45.700,310.926,3494625
-117.432,45.924,310.548,3494646
-117.279,46.182,310.104,3494667
-117.295,46.075,309.547,3494688
-117.451,46.141,308.889,3494709
-117.540,46.355,308.280,3494730
-117.515,46.643,307.753,3494751
-117.435,46.483,307.274,3494772
-117.364,46.321,306.772,3494793
-117.136,46.336,306.369,3494814
-117.280,46.190,305.705,3494835
-117.146,46.021,305.255,3494856
-116.983,46.021,304.809,3494877
-117.289,46.170,304.049,3494898
-117.679,46.203,303.233,3494919
-117.824,46.363,302.572,3494940
-118.240,46.270,301.733,3494961
-118.218,46.077,301.196,3494982
-118.648,46.173,300.334,3495003
-118.617,45.968,299.833,3495024
-118.830,45.735,299.133,3495045
-119.279,45.724,298.274,3495066
-119.466,45.863,297.617,3495087
-119.460,45.864,297.090,3495108
-119.842,45.721,296.307,3495129
-120.059,45.836,295.624,3495150
-120.085,45.919,295.102,3495171
-120.026,45.664,294.663,3495192
-119.929,45.459,294.260,3495213
-120.136,45.235,293.646,3495234
-119.973,45.099,293.310,3495255
-120.272,45.070,292.648,3495276
-120.082,45.057,292.353,3495297
-120.055,45.286,291.954,3495318
-120.287,45.428,291.360,3495339
-120.493,45.479,290.815,3495360
-120.349,45.358,290.551,3495381
-120.161,45.278,290.293,3495402
-120.313,45.541,289.798,3495423
-120.304,45.545,289.419,3495444
-119.918,45.711,289.331,3495465
-119.834,46.124,289.040,3495486
-119.573,46.469,288.855,3495507
-119.380,46.813,288.643,3495528
-119.380,47.097,288.296,3495549
-118.989,47.397,288.237,3495570
-118.964,47.638,287.925,3495591
-118.633,47.482,287.862,3495612
-118.577,47.371,287.623,3495633
-118.139,47.306,287.689,3495654
-117.813,47.104,287.672,3495675
-117.432,47.070,287.701,3495696
-117.178,47.111,287.622,3495717
-117.040,47.206,287.446,3495738
-117.120,47.331,287.097,3495759
-117.047,47.409,286.864,3495780
-117.259,47.185,286.416,3495801
-117.107,46.908,286.242,3495822
-117.139,46.587,285.937,3495843
-116.973,46.351,285.796,3495864
-116.933,46.060,285.559,3495885
-116.911,46.196,285.306,3495906
-117.178,46.283,284.871,3495927
-117.369,46.443,284.474,3495948
-117.665,46.435,284.015,3495969
-117.875,46.608,283.627,3495990
-117.908,46.368,283.371,3496011
-118.308,46.320,282.815,3496032
-118.676,46.238,282.298,3496053
-119.322,46.780,282.222,3496074
-119.863,47.350,282.165,3496096
-120.065,47.844,282.318,3496117
-120.566,48.328,282.201,3496138
-120.635,48.819,282.403,3496159
-120.975,49.004,282.361,3496180
-120.770,49.346,282.709,3496201
-120.652,49.425,282.978,3496222
-120.366,49.544,283.327,3496243
-120.073,49.602,283.706,3496264
-119.706,49.623,284.117,3496285
-119.465,49.388,283.969,3496306
-119.143,49.524,283.852,3496327
-119.024,49.846,283.974,3496348
-118.941,50.090,284.020,3496369
-118.756,50.247,284.104,3496390
-118.755,50.242,284.011,3496411
-118.411,49.890,284.151,3496432
-118.021,49.567,284.374,3496453
-117.719,49.327,284.683,3496474
-117.426,49.340,284.979,3496495
-117.610,49.179,284.915,3496516
-117.828,49.053,284.782,3496537
-118.119,48.979,284.707,3496558
-118.353,49.000,284.639,3496579
-118.648,49.004,284.518,3496600
-118.796,49.027,284.478,3496621
-118.700,48.667,284.597,3496642
-118.897,48.251,284.540,3496663
-119.006,47.803,284.543,3496684
-119.042,47.381,284.568,3496705
-119.025,47.033,284.594,3496726
-119.159,47.020,284.556,3496747
-119.395,47.031,284.445,3496768
-119.804,46.801,284.188,3496789
-120.112,46.855,284.001,3496811
-120.223,46.529,283.977,3496832
-120.307,46.242,283.974,3496853
-120.316,46.389,284.015,3496874
-120.192,46.175,284.141,3496895
-120.333,45.994,284.081,3496916
-120.511,45.880,283.965,3496937
-120.430,46.093,284.011,3496958
-120.292,46.311,284.096,3496979
-120.351,46.542,284.033,3497000
-120.178,46.805,284.143,3497021
-119.815,46.678,284.392,3497042
-119.445,46.590,284.628,3497063
-119.053,46.690,284.860,3497084
-118.617,46.739,285.119,3497105
-118.212,46.752,285.353,3497126
-118.161,47.034,285.289,3497147
-118.202,47.289,285.141,3497168
-118.211,47.579,285.009,3497189
-118.310,47.746,284.791,3497210
-118.165,47.997,284.725,3497231
-117.904,47.855,284.773,3497252
-117.791,47.632,284.717,3497273
-117.846,47.400,284.511,3497294
-117.699,47.196,284.450,3497315
-117.883,47.036,284.130,3497336
-118.133,47.068,283.739,3497357
-118.379,47.114,283.313,3497378
-118.632,47.108,282.879,3497399
-118.919,47.032,282.411,3497420
-119.237,46.873,281.920,3497441
-119.106,46.733,281.739,3497462
-119.005,46.518,281.511,3497483
-119.011,46.450,281.196,3497504
-119.150,46.083,280.779,3497525
-119.316,46.135,280.310,3497547
-119.652,46.192,279.716,3497568
-119.942,46.277,279.141,3497589
-120.392,46.233,278.443,3497610
-120.822,46.223,277.723,3497631
-120.716,46.012,277.394,3497652
-120.753,45.716,276.952,3497673
-120.889,45.989,276.548,3497694
-120.738,45.874,276.356,3497715
-120.849,45.770,275.954,3497736
-121.061,45.738,275.464,3497757
-121.349,45.920,274.898,3497778
-121.505,46.204,274.432,3497799
-121.796,46.257,273.888,3497820
-121.631,46.414,273.640,3497841
-121.632,46.281,273.279,3497862
-121.441,46.430,273.031,3497883
-121.218,46.492,272.823,3497904
-121.003,46.367,272.590,3497925
-120.717,46.317,272.416,3497946
-120.570,46.526,272.158,3497967
-120.674,46.706,271.723,3497988
-120.707,46.909,271.342,3498009
-120.710,46.750,270.945,3498030
-120.807,46.866,270.483,3498051
-120.406,46.748,270.374,3498072
-120.123,46.615,270.263,3498093
-119.814,46.475,270.152,3498114
-119.615,46.285,269.961,3498135
-119.384,46.436,269.796,3498156
-119.126,46.597,269.626,3498177
-119.262,46.557,269.216,3498198
-119.377,46.757,268.813,3498219
-119.528,46.945,268.370,3498240
-119.734,46.987,267.924,3498261
-119.471,46.955,267.832,3498282
-119.498,46.701,267.542,3498303
-119.395,46.787,267.333,3498324
-119.464,46.524,267.037,3498345
-119.538,46.260,266.738,3498366
-119.725,46.440,266.333,3498387
-120.023,46.594,265.877,3498408
-120.424,46.605,265.350,3498429
-120.269,46.540,265.225,3498450
-120.635,46.650,264.726,3498471
-120.700,46.436,264.421,3498492
-120.595,46.322,264.298,3498513
-120.341,46.382,264.269,3498534
-120.159,46.294,264.242,3498555
-119.867,46.412,264.294,3498576
-119.619,46.420,264.335,3498597
-121.015,47.970,262.233,3498870
-121.208,48.164,262.090,3498891
-121.288,48.302,262.019,3498912
-121.164,48.012,262.134,3498933
-120.991,47.767,262.300,3498954
-120.892,47.755,262.437,3498975
-120.794,47.481,262.562,3498996
-121.042,47.262,262.450,3499017
-120.977,47.377,262.572,3499038
-121.224,47.465,262.473,3499059
-121.207,47.622,262.567,3499080
-121.406,47.560,262.492,3499101
-121.368,47.309,262.599,3499122
-120.997,47.093,262.963,3499143
-121.031,46.979,263.015,3499164
-120.750,46.750,263.310,3499185
-120.553,46.520,263.567,3499206
-120.544,46.638,263.693,3499227
-120.288,46.820,263.993,3499248
-120.277,46.764,264.110,3499269
-120.091,46.979,264.368,3499290
-120.117,47.184,264.491,3499311
-119.808,47.344,264.831,3499332
-119.540,47.188,265.140,3499353
-119.198,47.192,265.504,3499374
-118.911,47.043,265.819,3499395
-118.570,47.001,266.210,3499416
-118.362,47.198,266.511,3499437
-118.533,47.248,266.545,3499458
-118.639,47.433,266.623,3499479
-118.269,47.446,267.053,3499500
-118.400,47.599,267.108,3499521
-118.556,47.569,267.149,3499542
-118.286,47.630,267.477,3499563
-118.227,47.408,267.670,3499584
-117.995,47.273,267.969,3499605
-117.774,47.289,268.276,3499626
-117.833,47.046,268.382,3499647
-117.951,47.235,268.442,3499668
-118.133,47.417,268.487,3499689
-118.513,47.482,268.389,3499710
-118.928,47.465,268.247,3499731
-119.250,47.305,268.183,3499752
-119.099,47.253,268.528,3499773
-119.445,47.183,268.495,3499794
-119.261,47.100,268.889,3499815
-119.046,46.936,269.322,3499836
-119.036,47.104,269.594,3499857
-119.313,47.063,269.672,3499878
-119.467,47.225,269.833,3499899
-119.568,47.437,270.032,3499920
-119.865,47.441,270.080,3499941
-119.657,47.359,270.472,3499962
-119.626,47.199,270.701,3499983
-119.524,47.426,270.908,3500004
-119.451,47.236,271.103,3500025
-119.176,47.210,271.435,3500046
-118.949,47.071,271.715,3500067
-118.995,47.239,271.762,3500088
-119.206,47.385,271.656,3500109
-119.383,47.551,271.551,3500131
-119.506,47.711,271.478,3500152
-119.321,47.512,271.618,3500173
-119.393,47.278,271.539,3500194
-119.554,47.070,271.361,3500215
-119.535,47.018,271.515,3500236
-119.939,47.284,271.336,3500257
-120.334,47.531,271.138,3500278
-120.718,47.711,270.942,3500299
-120.936,48.034,270.849,3500320
-121.359,48.371,270.696,3500341
-121.443,48.320,270.793,3500362
-121.285,48.351,271.068,3500383
-121.103,48.529,271.339,3500404
-121.079,48.440,271.536,3500425
-121.057,48.280,271.719,3500446
-121.099,48.069,271.857,3500467
-121.002,48.209,272.055,3500488
-121.207,48.364,272.084,3500509
-121.185,48.510,272.279,3500530
-121.317,48.505,272.336,3500551
-121.018,48.181,272.777,3500572
-120.748,47.837,273.192,3500593
-120.287,47.737,273.786,3500614
-120.361,47.697,273.982,3500635
-120.020,47.403,274.461,3500656
-119.519,47.251,275.105,3500677
-119.528,47.306,275.337,3500698
-119.191,47.488,275.838,3500719
-119.256,47.542,275.990,3500740
-119.356,47.631,276.111,3500761
-119.461,47.743,276.218,3500782
-119.103,47.739,276.657,3500803
-118.814,47.853,277.021,3500824
-118.529,47.751,277.386,3500845
-118.203,47.638,277.761,3500866
-117.919,47.789,278.090,3500887
-117.798,48.030,278.321,3500908
-117.741,48.269,278.495,3500929
-117.964,48.280,278.469,3500950
-117.689,48.313,278.837,3500971
-117.499,48.054,279.118,3500992
-117.676,47.855,279.140,3501013
-117.866,47.634,279.144,3501034
-117.809,47.327,279.333,3501055
-117.601,47.166,279.629,3501076
-117.660,47.279,279.704,3501097
-118.007,47.303,279.575,3501118
-118.367,47.284,279.446,3501139
-118.724,47.298,279.307,3501160
-119.061,47.439,279.203,3501181
-119.457,47.475,279.058,3501202
-119.478,47.229,279.180,3501223
-119.267,47.232,279.455,3501244
-119.049,47.063,279.712,3501265
-118.902,46.855,279.899,3501286
-118.733,46.700,280.106,3501307
-118.654,46.809,280.235,3501328
-118.899,46.913,280.147,3501349
-119.091,47.052,280.024,3501370
-119.343,47.091,279.834,3501391
-119.140,47.054,280.001,3501412
-119.300,46.828,279.879,3501433
-119.038,46.517,280.069,3501454
-118.725,46.440,280.285,3501475
-118.616,46.118,280.334,3501496
-118.215,46.037,280.605,3501517
-118.268,46.161,280.496,3501538
-118.007,46.259,280.622,3501559
-118.087,46.343,280.479,3501580
-118.189,46.388,280.308,3501601
-118.310,46.322,280.099,3501622
-118.000,46.150,280.172,3501643
-117.668,46.141,280.246,3501664
-117.705,46.012,280.029,3501685
-117.472,45.839,279.981,3501706
-117.163,45.684,279.980,3501727
-117.165,45.902,279.741,3501748
-117.234,46.145,279.440,3501769
-117.408,46.260,279.073,3501790
-117.646,46.210,278.631,3501811
-117.800,46.389,278.220,3501832
-117.606,46.309,278.058,3501853
-117.619,46.088,277.743,3501874
-117.524,45.961,277.498,3501895
-117.519,45.751,277.171,3501916
-117.809,45.949,276.634,3501937
-118.190,46.092,276.029,3501958
-118.579,46.179,275.426,3501979
-118.974,46.234,274.822,3502000
-119.302,46.389,274.221,3502021
-119.377,46.523,273.792,3502042
-119.527,46.252,273.321,3502063
-119.462,46.077,272.982,3502084
-119.531,45.804,272.554,3502105
-119.692,45.777,272.323,3502126
-119.791,45.964,272.122,3502147
-120.018,46.314,271.821,3502168
-120.452,46.654,271.357,3502189
-120.357,46.715,271.255,3502210
-120.694,46.919,270.840,3502231
-120.903,47.253,270.534,3502252
-120.652,47.462,270.556,3502273
-120.569,47.410,270.454,3502294
-120.314,47.328,270.476,3502315
-119.863,47.315,270.641,3502336
-119.440,47.281,270.772,3502357
-119.321,47.542,270.667,3502378
-119.055,47.796,270.669,3502399
-118.652,47.992,270.794,3502420
-118.621,48.132,270.640,3502441
-118.674,48.355,270.518,3502462
-118.628,48.306,270.474,3502483
-118.154,48.416,270.733,3502504
-118.072,48.275,270.713,3502525
-117.681,48.066,270.907,3502546
-117.233,47.939,271.138,3502568
-117.424,48.042,270.918,3502589
-117.627,48.098,270.672,3502610
-117.957,48.096,270.302,3502631
-118.293,47.989,269.911,3502652
-118.213,48.017,269.822,3502673
-118.287,47.667,269.607,3502694
-118.232,47.370,269.465,3502715
-118.249,47.013,269.242,3502736
-118.588,46.635,268.768,3502757
-118.841,46.660,268.337,3502778
-119.125,46.658,267.863,3502799
-119.503,46.684,267.306,3502820
-119.936,46.666,266.703,3502841
-120.057,46.694,266.334,3502862
-120.199,46.351,265.938,3502883
-120.241,46.042,265.608,3502904
-120.262,45.852,265.321,3502925
-120.290,45.726,265.018,3502946
-120.694,45.632,264.454,3502967
-120.776,45.830,264.099,3502988
-121.201,46.056,263.493,3503009
-121.577,46.330,262.906,3503030
-121.928,46.418,262.342,3503051
-122.279,46.669,261.745,3503072
-122.422,46.659,261.269,3503093
-122.149,46.741,261.072,3503114
-121.797,46.857,260.921,3503135
-121.522,46.904,260.681,3503156
-121.147,47.137,260.513,3503178
-120.992,47.532,260.178,3503199
-120.629,47.613,259.999,3503220
-120.419,47.982,259.669,3503241
-120.530,48.112,259.116,3503262
-120.461,48.422,258.649,3503283
-120.150,48.609,258.367,3503304
-120.201,48.845,257.786,3503325
-120.009,48.639,257.365,3503346
-119.887,48.405,256.901,3503367
-119.935,48.571,256.293,3503388
-119.709,48.312,255.887,3503409
-120.008,48.197,255.069,3503430
-120.321,48.011,254.217,3503451
-120.598,47.873,253.376,3503472
-120.402,47.483,252.883,3503493
-120.691,47.210,251.999,3503514
-120.659,46.751,251.303,3503535
-120.417,46.581,250.721,3503556
-120.279,46.195,250.029,3503577
-120.401,46.261,249.126,3503598
-120.668,46.369,248.068,3503619
-121.001,46.443,246.956,3503640
-121.153,46.631,245.933,3503661
-121.423,46.509,244.773,3503682
-121.560,46.376,243.684,3503703
-121.496,46.324,242.693,3503724
-121.394,46.402,241.662,3503745
-121.254,46.651,240.612,3503766
-121.166,46.810,239.459,3503787
-125.236,46.460,175.557,3504816
-125.034,46.291,174.683,3504837
-124.858,46.129,173.786,3504858
-125.147,45.951,172.572,3504879
-125.296,45.605,171.459,3504900
-125.495,45.325,170.318,3504921
-125.216,45.020,169.518,3504942
-125.507,44.546,169.612,3504963
-126.249,44.084,169.348,3504984
-127.008,43.729,169.045,3505005
-127.776,43.468,168.749,3505026
-128.489,43.378,168.458,3505047
-129.116,43.348,168.205,3505068
-129.992,43.272,167.759,3505089
-130.829,43.115,167.330,3505110
-131.496,42.881,166.999,3505131
-131.665,42.870,166.991,3505152
-131.762,42.760,167.000,3505173
-131.764,42.940,167.054,3505194
-131.673,43.181,167.156,3505215
-131.494,43.500,167.295,3505236
-131.228,43.851,167.472,3505257
-130.795,44.037,167.735,3505278
-130.724,44.216,167.727,3505299
-130.467,44.737,167.806,3505320
-130.283,44.945,167.810,3505341
-129.865,45.082,167.950,3505362
-129.629,45.396,167.963,3505383
-129.132,45.918,168.120,3505404
-128.485,46.325,168.485,3505425
-128.015,46.521,169.074,3505446
-127.588,46.734,169.591,3505467
-126.953,46.678,170.206,3505488
-126.394,46.698,170.741,3505509
-126.167,46.446,170.987,3505530
-125.720,46.146,171.378,3505551
-125.222,45.918,171.802,3505572
-125.098,45.658,171.963,3505593
-125.152,45.702,171.986,3505614
-124.752,45.759,172.320,3505635
-124.356,45.794,172.624,3505656
-123.965,45.725,172.928,3505677
-123.915,45.972,172.954,3505698
-123.952,45.875,172.901,3505719
-124.060,45.893,172.813,3505740
-124.051,45.788,172.791,3505761
-123.936,45.630,172.816,3505783
-123.843,45.899,172.833,3505804
-123.602,46.073,172.917,3505825
-123.657,46.254,172.781,3505846
-123.501,46.426,172.769,3505867
-123.198,46.437,172.841,3505888
-123.358,46.493,172.561,3505909
-123.512,46.399,172.270,3505930
-123.575,46.174,172.023,3505951
-123.514,45.918,171.860,3505972
-123.672,45.771,171.536,3505993
-123.443,45.659,171.484,3506014
-123.380,45.477,171.321,3506035
-123.238,45.660,171.178,3506056
-123.098,45.869,171.013,3506077
-122.850,45.975,170.909,3506098
-122.739,46.191,170.658,3506119
-122.780,46.061,170.288,3506140
-122.935,46.030,169.824,3506161
-122.925,45.872,169.463,3506182
-123.023,45.781,168.994,3506203
-123.001,46.028,168.608,3506224
-122.679,46.140,168.428,3506245
-122.590,46.392,168.072,3506266
-122.699,46.605,167.575,3506287
-122.799,46.846,167.043,3506308
-122.581,46.975,166.787,3506329
-122.777,46.849,166.207,3506350
-123.001,46.744,165.581,3506371
-122.953,46.547,165.138,3506392
-123.160,46.374,164.531,3506413
-123.170,46.161,164.055,3506434
-123.276,46.398,163.471,3506455
-123.415,46.650,162.856,3506476
-123.269,46.645,162.447,3506497
-123.362,46.924,161.863,3506518
-123.700,46.999,161.095,3506539
-123.801,46.866,160.469,3506560
-123.776,46.630,159.941,3506581
-123.918,46.479,159.309,3506602
-123.771,46.187,158.884,3506623
-123.540,46.244,158.513,3506644
-123.488,46.331,158.000,3506665
-123.464,46.415,157.459,3506686
-123.534,46.099,156.841,3506707
-123.606,46.147,156.209,3506728
-123.449,46.125,155.740,3506749
-123.456,45.759,155.152,3506770
-123.287,45.416,154.676,3506791
-123.174,45.082,154.163,3506812
-122.964,44.836,153.709,3506833
-122.710,44.666,153.279,3506854
-122.841,44.786,152.579,3506875
-122.727,44.931,152.076,3506896
-122.634,45.113,151.565,3506917
-122.536,45.299,151.052,3506938
-122.781,45.138,150.418,3506959
-123.015,45.171,149.803,3506980
-123.087,44.954,149.286,3507001
-123.144,44.795,148.782,3507022
-122.951,44.624,148.490,3507043
-122.934,44.481,148.042,3507064
-122.818,44.751,147.669,3507085
-123.006,44.922,147.089,3507106
-122.878,45.245,146.742,3507127
-122.609,45.503,146.470,3507148
-122.725,45.732,146.003,3507169
-122.690,45.580,145.647,3507190
-122.655,45.459,145.270,3507211
-122.509,45.336,144.969,3507232
-122.123,45.212,144.831,3507253
-121.704,45.308,144.697,3507274
-121.474,45.553,144.433,3507295
-121.231,45.769,144.191,3507316
-121.240,46.065,143.769,3507337
-121.277,46.372,143.327,3507358
-120.999,46.353,143.088,3507379
-121.150,46.228,142.534,3507400
-121.361,46.127,141.912,3507421
-121.459,45.959,141.372,3507442
-121.403,45.817,140.929,3507463
-121.524,45.638,140.372,3507484
-121.779,45.926,139.683,3507505
-122.128,46.113,138.930,3507526
-122.359,46.405,138.262,3507547
-122.256,46.603,137.841,3507568
-122.273,46.842,137.340,3507589
-122.101,46.665,136.952,3507610
-122.205,46.520,136.370,3507631
-121.927,46.512,136.039,3507652
-121.698,46.551,135.679,3507673
-121.520,46.300,135.306,3507694
-121.761,46.264,134.596,3507715
-121.982,46.347,133.895,3507736
-121.811,46.480,133.488,3507757
-122.030,46.496,132.783,3507778
-121.699,46.421,132.475,3507799
-121.619,46.183,132.011,3507820
-121.731,46.129,131.377,3507841
-121.461,45.898,131.007,3507862
-121.231,45.678,130.626,3507883
-121.198,45.607,130.091,3507904
-120.785,45.723,129.819,3507925
-120.500,45.923,129.452,3507946
-120.104,46.025,129.133,3507967
-120.007,46.228,128.604,3507988
-119.798,46.369,128.153,3508009
-119.653,46.148,127.662,3508030
-119.947,46.063,126.852,3508051
-119.863,45.874,126.318,3508072
-119.896,45.633,125.713,3508093
-120.257,45.584,124.914,3508114
-120.592,45.717,124.085,3508135
-120.773,45.902,123.385,3508156
-121.080,45.849,122.591,3508177
-121.130,46.039,122.025,3508198
-121.202,46.228,121.404,3508219
-121.078,46.021,120.946,3508240
-121.176,45.791,120.345,3508261
-121.001,45.662,119.938,3508282
-120.864,45.751,119.499,3508303
-121.006,45.535,118.828,3508324
-121.124,45.717,118.175,3508345
-121.489,45.853,117.329,3508366
-121.880,45.969,116.461,3508387
-122.199,46.129,115.674,3508408
-122.656,46.152,114.782,3508429
-122.735,45.872,114.185,3508450
-123.036,45.661,113.410,3508471
-123.043,45.392,112.839,3508492
-122.952,45.445,112.313,3508513
-122.935,45.152,111.757,3508534
-122.690,45.080,111.358,3508555
-122.840,44.878,110.671,3508576
-122.988,44.963,109.964,3508597
-123.160,44.983,109.235,3508618
-122.952,45.102,108.768,3508639
-122.882,44.839,108.197,3508660
-122.855,44.613,107.572,3508681
-122.538,44.558,107.129,3508702
-122.237,44.484,106.678,3508723
-121.996,44.631,106.166,3508744
-121.821,44.832,105.591,3508765
-121.689,45.098,104.974,3508786
-121.862,45.156,104.156,3508807
-122.062,45.297,103.281,3508828
-121.764,45.414,102.746,3508849
-121.687,45.267,102.043,3508870
-121.374,45.317,101.481,3508891
-121.406,45.181,100.648,3508912
-121.266,45.399,99.916,3508933
-121.293,45.260,99.046,3508954
-121.552,45.272,97.982,3508975
-121.896,45.386,96.847,3508996
-122.292,45.384,95.647,3509017
-122.658,45.485,94.430,3509038
-123.025,45.570,93.203,3509059
-123.311,45.243,91.982,3509080
-123.282,44.943,90.974,3509101
-123.330,44.523,89.877,3509122
-123.731,44.483,88.962,3509143
-124.256,44.267,87.961,3509164
-124.585,44.283,87.060,3509185
-125.241,44.276,85.930,3509206
-125.831,44.179,84.844,3509227
-125.992,44.135,84.035,3509248
-126.325,43.728,83.086,3509269
-126.199,43.341,82.449,3509290
-126.013,42.895,81.861,3509311
-125.772,42.651,81.273,3509332
-125.371,42.343,80.801,3509353
-125.525,41.982,80.057,3509374
-125.623,42.002,79.334,3509395
-125.808,41.893,78.539,3509416
-125.805,41.856,77.846,3509437
-125.783,41.499,77.138,3509458
-125.714,41.483,76.484,3509479
-125.398,41.089,75.965,3509500
-125.341,40.958,75.293,3509521
-124.757,40.886,74.956,3509542
-124.183,40.752,74.617,3509563
-123.509,40.758,74.308,3509584
-123.075,41.081,73.865,3509605
-122.710,41.390,73.380,3509626
-122.178,41.374,72.991,3509647
-121.582,41.782,72.640,3509668
-121.118,42.286,72.239,3509689
-120.492,42.714,71.922,3509710
-119.862,43.009,71.596,3509731
-119.350,43.272,71.193,3509752
-119.122,43.492,70.570,3509773
-118.906,43.695,69.943,3509794
-118.803,43.907,69.228,3509815
-118.993,44.332,68.301,3509836
-119.230,44.745,67.344,3509857
-119.424,45.232,66.418,3509878
-119.742,45.595,65.393,3509899
-120.116,45.722,64.325,3509920
-120.059,45.810,63.572,3509941
-120.015,45.805,62.799,3509962
-120.021,45.772,61.995,3509983
-120.223,45.781,61.042,3510004
-120.533,45.332,60.038,3510025
-121.086,45.107,58.854,3510046
-121.595,44.736,57.734,3510067
-122.098,44.357,56.613,3510088
-122.610,44.008,55.500,3510109
-123.014,43.508,54.472,3510130
-123.017,43.053,53.722,3510151
-123.001,42.759,52.985,3510172
-122.942,42.496,52.277,3510193
-122.973,42.360,51.523,3510214
-122.912,42.224,50.822,3510235
-123.276,42.076,49.823,3510256
-123.606,42.035,48.844,3510277
-123.801,41.840,47.970,3510298
-124.013,41.785,47.089,3510319
-124.219,41.868,46.216,3510340
-123.932,41.993,45.682,3510361
-123.633,42.257,45.154,3510382
-123.294,42.628,44.653,3510403
-122.963,43.056,44.137,3510424
-122.719,43.624,43.577,3510445
-122.735,43.860,42.853,3510466
-122.729,44.099,42.118,3510487
-122.337,44.442,41.694,3510508
-122.429,44.936,40.903,3510529
-122.515,45.211,40.115,3510550
-122.091,45.485,39.705,3510571
-121.708,45.814,39.290,3510592
-121.820,46.166,38.494,3510613
-121.582,46.552,37.958,3510634
-121.263,46.886,37.492,3510655
-121.359,47.203,36.723,3510676
-121.428,47.165,35.961,3510697
-121.236,47.004,35.392,3510718
-121.424,46.914,34.559,3510739
-121.683,46.803,33.688,3510760
-121.452,46.702,33.164,3510781
-121.252,46.567,32.623,3510802
-121.102,46.493,32.023,3510823
-121.219,46.114,31.230,3510844
-120.983,45.844,30.704,3510865
-121.215,45.575,29.832,3510886
-121.444,45.226,28.970,3510907
-121.669,45.100,28.134,3510928
-121.500,45.001,27.604,3510949
-121.086,44.587,27.234,3510970
-120.558,44.431,26.919,3510991
-120.120,44.311,26.525,3511012
-119.796,44.323,26.055,3511033
-119.424,44.269,25.603,3511054
-119.029,44.078,25.156,3511075
-118.984,44.148,24.455,3511096
-118.995,44.138,23.741,3511117
-118.992,44.046,23.037,3511138
-119.011,43.911,22.331,3511159
-118.972,43.749,21.650,3511180
-118.785,43.856,21.046,3511201
-118.438,44.007,20.518,3511222
-118.162,44.218,19.922,3511243
-117.969,44.444,19.244,3511264
-117.940,44.774,18.429,3511285
-118.102,44.880,17.446,3511306
-118.345,45.053,16.387,3511327
-118.547,45.075,15.362,3511348
-118.833,45.109,14.235,3511369
-119.153,45.098,13.060,3511390
-119.069,45.150,12.126,3511411
-119.277,43.422,0.763,3511810
-119.371,43.419,0.317,3511831
-119.042,43.607,0.151,3511852
-119.134,43.789,359.649,3511873
-119.249,43.894,359.081,3511894
-118.989,44.181,358.771,3511915
-119.072,44.491,358.201,3511936
-119.159,44.582,357.600,3511957
-118.779,44.818,357.312,3511978
-118.955,44.854,356.858,3511999
-118.782,44.785,356.673,3512020
-118.615,45.003,356.440,3512041
-118.415,45.170,356.216,3512062
-118.278,45.441,355.928,3512083
-118.085,45.383,355.649,3512104
-118.181,45.669,355.149,3512125
-118.064,45.926,354.764,3512146
-118.308,45.902,354.111,3512167
-118.121,45.787,353.747,3512188
-118.381,45.702,353.067,3512209
-118.611,45.588,352.387,3512230
-118.927,45.571,351.647,3512251
-118.837,45.685,351.188,3512272
-118.768,45.768,350.708,3512293
-119.033,45.636,350.034,3512314
-119.143,45.773,349.513,3512335
-119.432,45.753,348.861,3512356
-119.196,45.524,348.556,3512377
-119.205,45.254,348.063,3512398
-119.267,45.010,347.524,3512419
-119.009,44.812,347.199,3512440
-118.779,44.898,346.836,3512461
-118.577,45.016,346.439,3512482
-118.397,45.199,346.009,3512503
-118.106,45.331,345.656,3512524
-117.965,45.544,345.186,3512545
-117.914,45.401,344.641,3512566
-117.920,45.451,344.058,3512587
-117.855,45.381,343.486,3512609
-117.737,45.241,342.951,3512630
-117.262,45.317,342.663,3512651
-116.821,45.471,342.369,3512672
-116.467,45.701,341.976,3512693
-116.022,45.834,341.675,3512714
-115.743,46.160,341.252,3512735
-115.556,46.094,340.764,3512756
-115.553,46.090,340.137,3512777
-115.404,46.019,339.637,3512798
-115.052,46.295,339.280,3512819
-114.927,46.260,338.784,3512840
-114.722,46.631,338.331,3512861
-114.726,47.042,337.721,3512882
-114.934,47.232,336.945,3512903
-115.080,47.602,336.205,3512924
-115.336,47.734,335.354,3512945
-115.552,47.724,334.533,3512966
-115.777,47.666,333.705,3512987
-115.722,47.516,333.090,3513008
-115.783,47.314,332.377,3513029
-115.854,47.478,331.658,3513050
-115.826,47.525,331.010,3513071
-115.866,47.528,330.278,3513092
-115.872,47.461,329.607,3513113
-116.183,47.531,328.685,3513134
-116.652,47.381,327.660,3513155
-117.089,47.105,326.666,3513176
-117.471,46.779,325.723,3513197
-117.798,46.440,324.831,3513218
-117.782,46.251,324.184,3513239
-117.843,45.979,323.485,3513260
-118.183,46.137,322.606,3513281
-118.658,46.157,321.637,3513302
-119.091,46.243,320.714,3513323
-119.110,45.975,320.077,3513344
-119.477,46.071,319.211,3513365
-119.345,46.133,318.732,3513386
-119.173,46.251,318.297,3513407
-118.959,46.088,317.932,3513428
-118.791,45.926,317.539,3513449
-118.433,45.971,317.307,3513470
-118.319,46.286,316.923,3513491
-118.270,46.628,316.505,3513512
-118.365,46.658,315.981,3513533
-118.526,46.833,315.425,3513554
-118.679,46.913,314.886,3513575
-118.340,47.028,314.710,3513596
-118.271,46.909,314.360,3513617
-118.456,46.934,313.834,3513638
-118.188,46.814,313.650,3513659
-117.903,46.705,313.452,3513680
-118.009,46.462,313.005,3513701
-117.920,46.545,312.690,3513722
-117.740,46.585,312.464,3513743
-117.696,46.665,312.141,3513764
-117.417,46.630,312.016,3513785
-117.321,46.279,311.789,3513806
-117.307,45.973,311.502,3513827
-117.072,45.723,311.420,3513848
-117.160,45.530,311.123,3513869
-117.156,45.306,310.950,3513890
-117.162,45.574,310.780,3513911
-117.314,45.839,310.532,3513932
-117.409,46.137,310.341,3513953
-117.436,46.446,310.201,3513974
-117.248,46.443,310.238,3513995
-117.528,46.528,309.954,3514016
-117.413,46.476,309.998,3514037
-117.415,46.386,309.954,3514058
-117.285,46.631,310.048,3514079
-117.100,46.689,310.186,3514100
-117.382,46.690,309.999,3514121
-117.746,46.872,309.757,3514142
-117.965,47.148,309.602,3514163
-118.193,47.404,309.437,3514184
-118.497,47.604,309.204,3514205
-118.901,47.466,308.887,3514226
-118.913,47.195,308.827,3514247
-119.063,46.882,308.656,3514268
-118.978,46.776,308.641,3514289
-119.263,46.458,308.358,3514310
-119.364,46.506,308.191,3514331
-119.524,46.574,307.961,3514352
-119.855,46.367,307.592,3514373
-120.024,46.454,307.308,3514394
-120.370,46.374,306.909,3514415
-120.507,46.468,306.660,3514436
-120.557,46.148,306.466,3514457
-120.685,45.875,306.205,3514478
-120.431,45.667,306.221,3514499
-120.226,45.361,306.193,3514520
-120.043,45.091,306.138,3514541
-120.143,45.216,305.899,3514562
-120.283,45.402,305.596,3514583
-120.311,45.604,305.396,3514604
-120.487,45.737,305.102,3514625
-120.273,45.602,305.051,3514646
-120.077,45.737,304.993,3514667
-120.354,45.807,304.618,3514688
-120.263,45.660,304.488,3514709
-120.007,45.747,304.495,3514730
-119.829,45.947,304.445,3514751
-120.049,46.037,304.132,3514772
-119.977,46.333,304.001,3514793
-120.148,46.409,303.705,3514814
-120.316,46.717,303.397,3514835
-120.036,46.926,303.424,3514856
-119.951,46.824,303.298,3514877
-119.851,46.695,303.186,3514898
-119.759,46.582,303.069,3514919
-119.720,46.466,302.903,3514940
-119.928,46.707,302.568,3514961
-120.067,46.958,302.292,3514982
-120.275,47.142,301.946,3515003
-120.304,47.368,301.768,3515024
-120.065,47.467,301.768,3515045
-119.768,47.325,301.802,3515066
-119.842,47.115,301.581,3515087
-119.981,47.248,301.306,3515108
-120.185,47.037,301.019,3515129
-120.011,46.749,301.023,3515150
-119.826,46.724,301.019,3515171
-119.993,46.781,300.751,3515192
-120.072,46.839,300.570,3515213
-120.241,46.553,300.307,3515234
-120.414,46.545,300.058,3515255
-120.583,46.276,299.803,3515276
-120.271,46.066,299.900,3515297
-120.068,45.785,299.903,3515318
-119.811,45.558,299.973,3515339
-119.632,45.332,299.989,3515360
-119.422,45.466,300.035,3515381
-119.434,45.741,299.929,3515402
-119.571,46.001,299.724,3515423
-119.708,46.283,299.525,3515444
-119.456,46.418,299.603,3515465
-119.353,46.268,299.588,3515486
-119.353,46.117,299.483,3515507
-119.319,45.994,299.410,3515528
-119.046,45.941,299.503,3515549
-118.916,45.831,299.496,3515570
-118.913,46.156,299.411,3515591
-119.279,46.577,299.360,3515612
-119.577,47.015,299.368,3515633
-119.620,47.040,299.450,3515654
-119.982,47.421,299.209,3515675
-120.221,47.797,299.035,3515696
-120.244,47.691,299.021,3515717
-120.427,47.581,298.857,3515738
-120.282,47.649,298.918,3515759
-120.136,47.495,298.964,3515780
-120.063,47.261,298.957,3515801
-120.274,47.377,298.749,3515822
-120.382,47.520,298.614,3515843
-120.552,47.571,298.448,3515864
-120.648,47.624,298.310,3515885
-120.550,47.206,298.313,3515906
-120.387,46.769,298.339,3515927
-120.068,46.569,298.471,3515948
-120.119,46.163,298.313,3515969
-119.877,45.707,298.350,3515990
-119.773,45.246,298.247,3516011
-119.811,45.201,298.030,3516032
-119.750,45.212,297.852,3516053
-119.698,45.219,297.652,3516074
-119.630,45.267,297.453,3516095
-119.732,45.151,297.126,3516116
-119.476,44.807,297.028,3516137
-119.178,44.520,296.971,3516158
-119.121,44.722,296.905,3516179
-118.894,44.697,296.922,3516200
-118.913,44.978,296.779,3516221
-118.816,45.237,296.677,3516242
-119.044,45.506,296.315,3516263
-119.273,45.812,295.905,3516284
-119.400,46.176,295.580,3516305
-119.322,46.508,295.378,3516326
-119.307,46.455,295.129,3516347
-119.436,46.414,294.773,3516368
-119.411,46.375,294.516,3516389
-119.325,46.336,294.295,3516410
-119.132,46.385,294.141,3516431
-119.305,46.729,293.658,3516452
-119.674,46.955,293.064,3516473
-120.039,47.049,292.429,3516494
-120.157,46.976,292.142,3516515
-120.339,47.285,291.787,3516536
-120.759,47.261,291.232,3516557
-121.061,47.096,290.749,3516578
-121.117,46.836,290.432,3516599
-121.050,46.787,290.161,3516620
-121.065,46.583,289.930,3516641
-121.434,46.712,289.428,3516662
-121.753,46.800,288.958,3516683
-122.137,46.938,288.486,3516704
-122.516,47.005,288.019,3516725
-123.045,47.022,287.475,3516746
-123.142,46.725,287.297,3516767
-123.626,46.685,286.834,3516788
-123.568,46.546,286.766,3516809
-123.549,46.333,286.718,3516830
-123.443,46.329,286.684,3516851
-123.417,46.497,286.637,3516872
-123.704,46.515,286.350,3516893
-123.916,46.518,286.099,3516914
-123.852,46.341,286.040,3516935
-123.978,46.452,285.828,3516956
-123.636,46.344,285.975,3516977
-123.266,46.209,286.134,3516998
-122.838,46.154,286.301,3517019
-122.456,46.264,286.409,3517040
-122.312,46.049,286.320,3517061
-122.252,46.217,286.193,3517082
-122.024,46.392,286.147,3517103
-121.911,46.529,286.019,3517124
-121.832,46.651,285.843,3517145
-121.463,46.753,285.987,3517166
-121.076,46.700,286.151,3517187
-120.983,46.984,286.101,3517208
-121.066,46.998,285.903,3517229
-120.904,46.835,285.895,3517250
-120.854,46.698,285.770,3517271
-120.668,46.971,285.796,3517292
-120.781,47.219,285.559,3517313
-120.797,47.491,285.367,3517334
-120.913,47.506,285.111,3517355
-120.656,47.703,285.126,3517376
-120.360,47.547,285.159,3517397
-120.086,47.341,285.161,3517418
-119.744,47.251,285.240,3517439
-119.520,46.958,285.218,3517460
-119.305,46.640,285.176,3517481
-119.451,46.702,284.884,3517502
-119.586,46.759,284.594,3517523
-119.790,46.783,284.240,3517544
-119.921,46.841,283.930,3517565
-119.819,46.505,283.812,3517586
-119.743,46.178,283.649,3517607
-119.816,45.897,283.358,3517628
-119.558,45.662,283.299,3517649
-119.301,45.450,283.253,3517670
-119.483,45.590,282.841,3517691
-119.682,45.578,282.420,3517712
-119.701,45.772,282.096,3517733
-119.963,45.882,281.665,3517754
-120.106,46.128,281.295,3517775
-119.607,46.188,224.251,3519854
-119.643,46.494,223.388,3519875
-119.826,46.780,222.427,3519896
-119.667,46.784,221.731,3519917
-119.569,46.995,220.998,3519938
-119.587,47.154,220.147,3519959
-119.669,47.437,219.273,3519980
-119.793,47.580,218.361,3520001
-120.378,47.951,217.103,3520022
-121.060,48.020,215.763,3520043
-121.668,47.997,214.491,3520064
-122.419,48.115,213.152,3520085
-122.989,48.004,211.974,3520106
-123.534,48.273,210.819,3520127
-123.998,48.477,209.729,3520148
-124.742,48.387,208.455,3520169
-125.035,48.197,207.518,3520190
-125.824,48.093,206.221,3520211
-126.575,47.950,204.994,3520232
-127.243,47.719,203.825,3520253
-127.877,47.487,202.745,3520274
-128.029,47.229,202.027,3520295
-128.307,46.903,201.243,3520316
-128.323,46.807,200.667,3520337
-128.365,46.852,200.077,3520358
-128.334,46.888,199.568,3520379
-128.522,47.053,198.912,3520400
-128.551,47.193,198.387,3520421
-128.767,47.057,197.756,3520442
-128.931,46.962,197.188,3520463
-129.020,46.862,196.684,3520484
-129.075,46.807,196.206,3520505
-129.026,46.712,195.831,3520526
-128.610,46.877,195.713,3520547
-128.485,47.184,195.406,3520568
-128.164,47.458,195.256,3520589
-127.941,47.748,195.067,3520610
-127.526,47.948,195.001,3520631
-127.566,47.967,194.629,3520652
-127.592,48.035,194.268,3520673
-127.249,47.854,194.190,3520694
-127.211,47.769,193.907,3520715
-126.714,47.689,193.963,3520736
-126.430,47.896,193.905,3520757
-125.964,47.871,193.950,3520778
-125.541,47.871,194.000,3520799
-125.189,47.920,193.979,3520820
-125.132,47.688,193.757,3520841
-125.020,47.797,193.573,3520862
-125.094,47.592,193.266,3520883
-125.009,47.256,193.067,3520904
-125.029,46.916,192.823,3520925
-125.240,46.679,192.453,3520946
-125.040,46.522,192.391,3520967
-124.873,46.414,192.322,3520988
-124.994,46.447,192.035,3521009
-125.126,46.455,191.732,3521030
-125.259,46.443,191.455,3521051
-125.468,45.995,191.148,3521072
-125.982,45.752,190.606,3521093
-126.415,45.399,190.126,3521115
-126.431,45.622,189.540,3521136
-126.282,45.601,189.075,3521157
-125.963,45.923,188.727,3521178
-125.658,46.218,188.372,3521199
-125.835,46.422,187.619,3521220
-126.332,46.234,187.562,3521241
-126.823,45.903,187.439,3521262
-127.278,45.881,187.289,3521283
-127.615,45.414,187.169,3521304
-127.977,44.936,187.004,3521325
-127.743,44.794,186.989,3521346
-127.546,44.839,186.945,3521367
-127.393,44.933,186.870,3521388
-127.152,45.056,186.878,3521409
-126.832,45.146,186.923,3521430
-126.556,45.318,186.954,3521451
-126.227,45.528,187.023,3521472
-125.816,45.735,187.145,3521493
-125.543,45.620,187.147,3521514
-125.392,45.612,187.075,3521535
-124.875,45.570,187.248,3521556
-124.395,45.870,187.411,3521577
-123.929,45.812,187.577,3521598
-123.609,46.131,187.650,3521619
-123.616,46.330,187.492,3521640
-123.390,46.658,187.513,3521661
-122.943,46.586,187.677,3521682
-122.877,46.610,187.550,3521703
-122.827,46.615,187.434,3521724
-122.743,46.573,187.344,3521745
-122.322,46.784,187.486,3521766
-121.964,46.984,187.584,3521787
-121.532,47.084,187.745,3521808
-121.152,47.189,187.861,3521829
-120.765,47.149,187.994,3521850
-120.642,47.367,187.956,3521871
-120.759,47.267,187.720,3521892
-120.990,47.273,187.396,3521913
-121.226,47.149,187.048,3521934
-121.346,46.889,186.817,3521955
-121.633,46.689,186.456,3521976
-121.546,46.647,186.362,3521997
-121.898,46.623,185.947,3522018
-121.966,46.598,185.746,3522039
-122.115,46.577,185.451,3522060
-122.121,46.493,185.259,3522081
-122.250,46.536,184.973,3522102
-122.508,46.197,184.604,3522123
-122.848,45.931,184.200,3522144
-122.900,45.652,184.002,3522165
-123.130,45.421,183.699,3522186
-123.150,45.321,183.526,3522207
-123.502,45.558,183.095,3522228
-123.563,45.734,182.857,3522249
-123.673,45.936,182.575,3522270
-123.619,46.111,182.414,3522291
-123.474,46.079,182.314,3522312
-123.728,46.148,181.904,3522333
-124.021,46.178,181.650,3522354
-123.921,46.042,181.679,3522375
-123.787,45.898,181.698,3522396
-123.929,45.995,181.508,3522417
-123.628,46.234,181.647,3522438
-123.507,46.522,181.661,3522459
-123.353,46.778,181.649,3522480
-123.171,47.038,181.667,3522501
-122.724,47.109,181.876,3522522
-122.691,47.039,181.776,3522543
-122.653,46.953,181.690,3522564
-122.675,46.984,181.547,3522585
-122.402,46.825,181.621,3522606
-122.036,46.689,181.792,3522627
-121.689,46.920,181.898,3522648
-121.331,47.090,182.059,3522669
-121.098,47.295,182.094,3522690
-120.798,47.044,182.172,3522711
-120.823,47.156,181.997,3522732
-120.898,47.063,181.794,3522753
-121.078,47.042,181.648,3522774
-120.754,46.789,181.862,3522795
-120.632,46.462,181.895,3522816
-120.333,46.263,182.087,3522837
-120.209,46.299,182.136,3522858
-120.141,46.368,182.147,3522879
-120.199,46.455,182.061,3522900
-120.145,46.452,182.071,3522921
-120.512,46.289,181.790,3522942
-120.705,46.026,181.637,3522963
-121.067,45.895,181.365,3522984
-121.493,45.789,181.053,3523005
-121.983,45.910,180.720,3523026
-121.981,45.962,180.731,3523047
-122.079,46.202,180.690,3523068
-122.307,46.488,180.574,3523089
-122.509,46.777,180.451,3523110
-122.541,46.977,180.433,3523131
-122.345,46.929,180.573,3523152
-122.552,46.778,180.382,3523173
-122.792,46.689,180.170,3523194
-122.924,46.534,180.003,3523215
-122.932,46.366,179.932,3523236
-123.091,46.494,179.730,3523257
-123.267,46.626,179.507,3523278
-123.023,46.807,179.550,3523299
-122.925,47.035,179.498,3523320
-122.559,47.165,179.618,3523341
-122.166,47.295,179.763,3523362
-121.742,47.255,179.927,3523383
-121.723,46.988,179.964,3523404
-121.810,46.786,179.895,3523425
-121.685,46.540,179.996,3523446
-121.428,46.603,180.184,3523467
-121.469,46.808,180.122,3523488
-121.479,46.998,180.069,3523509
-121.293,47.073,180.140,3523530
-121.278,47.257,180.079,3523551
-121.377,47.033,179.917,3523572
-121.641,46.877,179.622,3523593
-121.794,46.657,179.380,3523614
-121.952,46.457,179.127,3523635
-122.154,46.270,178.831,3523656
-122.532,46.268,178.376,3523677
-122.472,46.350,178.222,3523698
-122.387,46.437,178.086,3523719
-122.297,46.583,177.927,3523740
-122.457,46.789,177.561,3523761
-122.643,47.015,177.184,3523782
-122.862,46.977,176.763,3523803
-122.681,46.820,176.639,3523824
-122.836,46.793,176.240,3523845
-122.863,46.701,175.920,3523866
-122.699,46.575,175.736,3523887
-122.456,46.788,175.604,3523908
-122.248,47.044,175.445,3523929
-121.911,47.112,175.352,3523950
-121.657,47.319,175.192,3523971
-121.371,47.485,175.051,3523992
-121.462,47.408,174.616,3524013
-121.628,47.365,174.117,3524034
-121.361,47.236,173.916,3524055
-121.248,47.408,173.662,3524076
-121.460,47.261,173.191,3524097
-121.214,47.329,173.050,3524118
-120.911,47.270,172.918,3524139
-121.151,47.242,172.389,3524160
-121.038,46.932,172.127,3524181
-120.960,47.021,171.774,3524202
-121.240,47.065,171.150,3524223
-121.501,46.884,170.567,3524244
-121.417,46.562,170.211,3524265
-122.486,45.486,124.945,3525819
-122.670,45.790,123.802,3525840
-122.799,46.076,122.698,3525861
-122.971,46.330,121.544,3525882
-122.868,46.305,120.603,3525903
-122.933,46.068,119.507,3525924
-123.013,46.218,118.419,3525945
-123.220,45.999,117.208,3525966
-123.121,45.742,116.230,3525987
-123.106,45.866,115.183,3526008
-123.242,45.613,114.037,3526029
-123.453,45.493,112.862,3526050
-123.661,45.426,111.677,3526071
-123.389,45.380,110.817,3526092
-123.615,45.776,110.102,3526113
-123.945,45.789,109.308,3526134
-123.997,45.986,108.695,3526155
-124.017,45.992,108.074,3526176
-124.217,45.884,107.328,3526197
-124.586,45.864,106.448,3526218
-124.861,46.013,105.615,3526239
-124.808,46.101,104.994,3526260
-124.967,46.176,104.223,3526281
-125.167,46.133,103.392,3526302
-124.853,45.769,102.965,3526323
-124.984,45.514,102.208,3526344
-124.796,44.988,101.666,3526365
-124.316,44.744,101.342,3526386
-123.792,44.325,101.036,3526407
-123.328,43.794,100.693,3526428
-123.268,43.531,100.060,3526449
-123.171,43.147,99.454,3526470
-123.098,42.809,98.819,3526491
-122.668,42.659,98.445,3526512
-122.506,42.226,97.912,3526533
-122.147,41.781,97.497,3526554
-121.709,41.456,97.109,3526575
-121.347,41.362,96.650,3526596
-120.959,41.182,96.215,3526617
-120.705,41.207,95.696,3526638
-120.758,41.274,94.957,3526659
-120.758,41.396,94.237,3526680
-120.548,41.535,93.664,3526701
-120.657,41.482,92.875,3526722
-120.794,41.502,92.068,3526743
-120.748,41.330,91.362,3526764
-120.483,41.496,90.802,3526785
-120.419,41.420,90.094,3526806
-120.237,41.375,89.462,3526827
-120.068,41.727,88.820,3526848
-120.205,42.150,87.948,3526869
-120.382,42.264,87.065,3526890
-120.367,42.702,86.314,3526911
-120.588,42.977,85.416,3526932
-120.344,43.069,84.815,3526953
-120.161,43.355,84.143,3526974
-119.921,43.375,83.519,3526995
-119.743,43.592,82.863,3527016
-119.499,43.617,82.245,3527037
-119.381,43.830,81.553,3527058
-119.144,43.795,80.933,3527079
-119.391,43.735,79.955,3527100
-119.659,43.666,78.957,3527121
-119.998,43.672,77.907,3527142
-120.325,43.648,76.866,3527163
-120.444,43.448,75.961,3527184
-120.377,43.593,75.155,3527205
-120.161,43.573,74.480,3527226
-119.989,43.662,73.787,3527247
-120.069,43.844,72.922,3527268
-120.267,43.935,71.964,3527289
-120.457,43.823,71.043,3527310
-120.672,43.769,70.115,3527331
-120.770,43.546,69.251,3527352
-120.868,43.306,68.417,3527373
-120.650,43.145,67.784,3527394
-120.460,43.105,67.135,3527415
-120.280,43.071,66.500,3527436
-120.129,43.133,65.820,3527457
-119.968,43.128,65.162,3527478
-120.235,43.102,64.209,3527499
-120.560,43.245,63.203,3527520
-120.835,43.523,62.225,3527541
-121.139,43.639,61.238,3527562
-121.501,43.875,60.216,3527583
-121.381,44.013,59.521,3527604
-121.292,44.155,58.821,3527625
-121.223,44.265,58.098,3527646
-121.249,44.633,57.304,3527667
-121.339,45.017,56.467,3527688
-121.728,45.211,55.398,3527709
-122.146,45.423,54.324,3527730
-122.410,45.419,53.332,3527751
-122.769,45.512,52.269,3527772
-122.749,45.794,51.502,3527793
-121.705,46.039,51.707,3527814
-120.767,46.338,51.850,3527835
-119.801,46.531,52.036,3527856
-118.882,46.639,52.183,3527877
-118.063,46.512,52.259,3527898
-117.770,46.545,51.940,3527919
-117.588,46.517,51.534,3527940
-117.522,46.578,51.029,3527961
-117.491,46.388,50.535,3527982
-117.576,46.236,49.958,3528003
-117.308,46.202,49.613,3528024
-117.178,46.220,49.121,3528045
-117.084,46.089,48.597,3528066
-116.485,46.114,48.506,3528087
-116.084,46.296,48.250,3528108
-115.832,46.485,47.888,3528129
-115.860,46.342,47.304,3528150
-115.711,46.036,46.833,3528171
-115.587,46.119,46.342,3528192
-115.529,45.950,45.799,3528213
-115.133,45.804,45.476,3528234
-114.739,45.549,45.140,3528255
-114.365,45.619,44.762,3528276
-114.337,45.527,44.153,3528297
-114.122,45.728,43.639,3528318
-113.893,45.930,43.116,3528339
-114.122,45.957,42.246,3528360
-114.073,46.236,41.561,3528381
-114.380,46.231,40.593,3528402
-114.469,46.091,39.751,3528423
-114.505,46.378,38.914,3528444
-114.315,46.474,38.225,3528465
-114.534,46.453,37.206,3528486
-114.375,46.505,36.437,3528507
-114.161,46.569,35.640,3528528
-114.357,46.713,34.526,3528549
-114.573,46.509,33.351,3528570
-114.638,46.209,32.219,3528591
-114.870,45.901,30.919,3528612
-115.099,45.636,29.575,3528633
-115.004,45.473,28.397,3528654
-114.999,45.309,27.130,3528675
-114.470,45.450,26.187,3528696
-114.076,45.663,26.229,3528717
-113.672,45.665,26.150,3528738
-121.154,44.791,318.755,3530439
-121.126,44.638,317.594,3530460
-121.115,44.455,316.436,3530481
-121.064,44.299,315.298,3530502
-121.115,44.069,314.116,3530523
-121.377,43.931,312.774,3530544
-121.541,44.125,311.515,3530565
-121.789,44.255,310.170,3530586
-121.996,44.338,308.846,3530607
-122.157,44.309,307.549,3530628
-121.888,44.172,306.571,3530649
-121.857,44.049,305.438,3530670
-121.588,44.257,304.488,3530691
-121.364,44.208,303.522,3530712
-121.151,44.204,302.534,3530733
-121.025,44.520,301.510,3530754
-121.044,44.878,300.397,3530775
-121.029,45.235,299.279,3530796
-121.144,45.565,298.068,3530817
-121.383,45.746,296.779,3530838
-121.350,46.011,295.690,3530859
-121.012,45.973,294.826,3530880
-120.892,45.817,293.820,3530901
-121.078,45.882,292.595,3530922
-120.782,45.783,291.722,3530943
-120.837,45.582,290.622,3530964
-120.832,45.354,289.542,3530985
-120.821,45.505,288.455,3531006
-121.040,45.616,287.219,3531027
-121.106,45.742,286.089,3531048
-121.132,45.418,284.988,3531069
-120.921,45.248,284.027,3531090
-121.010,44.993,282.884,3531111
-120.956,45.142,281.834,3531132
-120.664,45.059,280.967,3531154
-120.889,45.005,279.757,3531175
-120.839,45.172,278.744,3531196
-121.038,45.177,277.552,3531217
-121.106,44.925,276.438,3531238
-121.267,44.742,275.255,3531259
-121.048,44.589,274.330,3531280
-120.847,44.547,273.393,3531301
-120.716,44.659,272.401,3531322
-120.574,44.593,271.431,3531343
-120.430,44.618,270.456,3531364
-120.504,45.014,269.364,3531385
-120.827,45.156,268.068,3531406
-121.158,45.371,266.749,3531427
-121.475,45.565,265.421,3531448
-121.723,45.894,264.133,3531469
-121.775,45.855,262.969,3531490
-121.533,46.047,262.016,3531511
-121.334,46.302,261.014,3531532
-121.099,46.397,260.029,3531553
-120.970,46.724,258.959,3531574
-121.171,46.747,257.629,3531595
-121.416,46.998,256.247,3531616
-121.689,47.051,254.808,3531637
-121.688,46.884,253.577,3531658
-121.501,46.996,252.437,3531679
-121.352,47.177,251.265,3531700
-121.186,47.054,250.087,3531721
-121.063,47.182,248.861,3531742
-120.954,47.071,247.627,3531763
-121.104,46.887,246.205,3531784
-121.352,47.109,244.691,3531805
-121.749,47.262,243.070,3531826
-122.157,47.237,241.462,3531847
-122.519,47.117,239.872,3531868
-122.674,46.845,238.443,3531889
-122.592,46.868,237.160,3531910
-122.461,46.772,235.910,3531931
-122.535,46.870,234.536,3531952
-122.436,46.768,233.296,3531973
-122.525,46.883,231.909,3531994
-122.898,46.929,230.335,3532015
-123.202,46.752,228.814,3532036
-122.325,46.830,228.172,3532057
-121.589,47.110,227.435,3532078
-121.255,47.186,226.444,3532099
-120.839,47.151,225.498,3532120
-120.218,47.095,224.681,3532141
-119.687,47.075,223.804,3532162
-119.301,47.320,222.846,3532183
-118.864,47.231,221.909,3532204
-118.858,47.120,220.663,3532225
-118.781,46.890,219.456,3532246
-118.891,46.690,218.123,3532267
-119.007,46.406,216.844,3532288
-119.223,46.107,215.463,3532309
-119.139,46.006,214.284,3532330
-119.559,45.859,212.753,3532351
-119.558,45.659,211.532,3532372
-119.997,45.575,209.964,3532393
-120.385,45.516,208.397,3532414
-120.932,45.206,206.731,3532435
-121.505,44.890,205.064,3532456
-121.962,44.484,203.479,3532477
-122.779,43.798,202.932,3532498
-123.804,43.258,202.197,3532519
-124.634,42.646,201.600,3532540
-125.247,42.155,201.131,3532561
-126.253,42.047,200.347,3532582
-127.090,41.969,199.687,3532603
-127.653,41.790,199.173,3532624
-128.478,41.763,198.490,3532645
-129.277,41.662,197.823,3532666
-129.802,41.417,197.290,3532687
-130.081,41.229,196.916,3532708
-130.322,41.132,196.575,3532729
-130.278,41.485,196.419,3532750
-130.288,41.984,196.208,3532771
-130.333,42.549,195.981,3532792
-129.891,42.958,196.096,3532813
-129.643,43.220,196.589,3532834
-129.566,43.636,196.933,3532855
-129.579,43.723,197.187,3532876
-129.503,43.745,197.461,3532897
-129.155,43.689,197.878,3532918
-129.164,43.860,198.008,3532939
-128.634,43.806,198.497,3532960
-128.036,43.873,198.977,3532981
-127.507,43.868,199.667,3533002
-127.200,44.070,200.165,3533023
-126.838,44.305,200.661,3533044
-126.320,44.471,201.259,3533065
-126.180,44.582,201.564,3533086
-126.047,44.661,201.885,3533107
-125.519,44.536,202.546,3533128
-125.195,44.438,203.044,3533149
-125.061,44.498,203.413,3533170
-124.565,44.738,203.989,3533191
-123.992,45.006,204.567,3533212
-123.477,45.335,205.109,3533234
-123.165,45.667,205.490,3533255
-122.780,45.979,205.946,3533276
-122.701,45.962,206.170,3533297
-122.647,45.883,206.363,3533318
-122.721,45.849,206.450,3533339
-122.464,45.725,206.699,3533360
-122.594,45.948,206.670,3533381
-122.673,46.207,206.666,3533402
-122.467,46.418,206.806,3533423
-122.363,46.645,206.893,3533444
-122.495,46.959,206.783,3533465
-122.849,46.991,206.590,3533486
-122.799,46.960,206.729,3533507
-123.123,46.931,206.603,3533528
-123.289,46.817,206.593,3533549
-123.253,46.896,206.732,3533570
-123.416,47.156,206.755,3533591
-123.416,47.245,206.905,3533612
-123.871,47.328,206.755,3533633
-123.934,47.414,206.868,3533654
-124.362,47.285,206.738,3533675
-124.622,47.402,206.714,3533696
-124.865,47.092,206.706,3533717
-125.138,46.758,206.667,3533738
-125.081,46.762,206.812,3533759
-125.473,46.552,206.608,3533780
-125.486,46.566,206.695,3533801
-125.724,46.655,206.619,3533822
-125.597,46.495,206.808,3533843
-125.431,46.333,206.989,3533864
-125.325,46.349,207.166,3533885
-125.222,46.010,207.324,3533906
-125.167,45.696,207.470,3533927
-125.249,45.475,207.476,3533948
-125.376,45.376,207.468,3533969
-125.146,45.451,207.750,3533990
-125.044,45.132,207.885,3534011
-124.692,45.116,208.220,3534032
-124.806,45.130,208.217,3534053
-124.568,45.182,208.474,3534074
-124.703,45.249,208.446,3534095
-124.855,45.277,208.415,3534116
-124.970,45.122,208.393,3534137
-124.746,44.959,208.613,3534158
-124.706,44.785,208.708,3534179
-124.362,44.805,208.987,3534200
-124.167,45.103,209.142,3534221
-123.815,45.321,209.425,3534242
-123.476,45.634,209.706,3534263
-123.158,45.975,209.985,3534284
-123.057,46.406,210.116,3534305
-123.222,46.560,210.089,3534326
-123.372,46.645,210.055,3534347
-123.677,46.846,209.922,3534368
-123.671,46.790,209.997,3534389
-123.919,46.753,209.888,3534410
-123.955,47.028,209.957,3534431
-124.192,47.352,209.875,3534452
-124.123,47.425,210.005,3534473
-124.182,47.645,210.068,3534494
-124.130,47.603,210.203,3534515
-125.877,46.354,214.019,3535040
-125.867,46.213,214.193,3535061
-125.347,46.177,214.740,3535082
-124.890,46.222,215.216,3535103
-124.906,46.175,215.346,3535124
-124.855,46.371,215.533,3535145
-124.577,46.565,215.873,3535166
-124.507,46.428,216.052,3535187
-124.377,46.249,216.284,3535208
-124.450,46.173,216.382,3535229
-124.253,46.413,216.643,3535250
-124.329,46.685,216.719,3535271
-124.114,46.848,217.002,3535292
-123.921,46.987,217.265,3535313
-124.082,46.906,217.290,3535334
-123.957,47.071,217.528,3535355
-124.133,47.392,217.556,3535376
-124.402,47.303,217.510,3535397
-124.776,47.355,217.369,3535418
-125.005,47.225,217.350,3535439
-125.277,47.113,217.283,3535460
-125.653,47.311,217.167,3535481
-125.541,47.250,217.416,3535502
-125.397,47.142,217.668,3535523
-125.280,46.952,217.910,3535544
-125.638,47.030,217.818,3535565
-125.732,47.183,217.916,3535586
-125.970,47.304,217.895,3535607
-125.822,47.077,218.161,3535628
-125.951,46.784,218.239,3535649
-126.240,46.869,218.204,3535670
-126.029,46.619,218.558,3535691
-126.024,46.331,218.758,3535712
-125.950,46.451,219.018,3535733
-125.609,46.414,219.478,3535754
-125.759,46.388,219.573,3535775
-125.549,46.473,219.932,3535796
-125.636,46.318,220.057,3535817
-125.738,46.181,220.190,3535838
-125.854,46.053,220.292,3535859
-125.927,45.883,220.415,3535880
-125.748,45.967,220.732,3535901
-125.417,45.716,221.166,3535922
-125.036,45.615,221.628,3535943
-124.678,45.641,222.072,3535964
-124.402,45.740,222.449,3535985
-124.057,45.759,222.885,3536006
-124.884,46.570,226.676,3536678
-125.240,46.536,226.503,3536699
-125.543,46.461,226.396,3536720
-125.599,46.734,226.448,3536741
-125.448,46.857,226.626,3536762
-125.230,46.821,226.868,3536783
-125.147,47.062,226.981,3536804
-125.074,46.936,227.077,3536825
-124.773,47.075,227.351,3536846
-124.418,47.135,227.633,3536867
-124.552,47.369,227.564,3536888
-124.585,47.313,227.548,3536909
-124.183,47.329,227.855,3536930
-124.299,47.483,227.797,3536951
-124.250,47.368,227.824,3536972
-124.082,47.610,227.952,3536993
-124.058,47.807,227.975,3537014
-123.735,47.607,228.216,3537035
-123.316,47.609,228.529,3537056
-123.009,47.700,228.780,3537077
-123.073,47.604,228.774,3537098
-123.036,47.688,228.814,3537119
-122.908,47.318,228.950,3537140
-122.568,47.026,229.246,3537161
-122.724,46.907,229.185,3537182
-122.906,46.829,229.095,3537203
-122.687,46.632,229.291,3537224
-122.751,46.178,229.281,3537245
-122.528,45.952,229.488,3537266
-122.798,45.861,229.348,3537287
-122.645,45.740,229.527,3537308
-122.788,45.373,229.471,3537329
-122.969,45.033,229.397,3537350
-123.186,44.751,229.297,3537371
-123.207,44.387,229.359,3537392
-123.048,44.258,229.571,3537413
-122.963,44.330,229.733,3537434
-122.934,44.490,229.858,3537455
-122.742,44.483,230.106,3537476
-123.072,44.634,229.992,3537497
-123.399,44.820,229.882,3537518
-123.567,44.750,229.904,3537539
-123.916,44.885,229.780,3537560
-123.852,45.170,229.956,3537581
-123.760,45.122,230.150,3537602
-123.547,45.233,230.453,3537623
-123.761,45.588,230.438,3537644
-123.512,45.632,230.764,3537665
-123.345,45.932,231.036,3537686
-123.293,46.261,231.208,3537707
-123.562,46.409,231.146,3537728
-123.821,46.405,231.076,3537749
-124.086,46.407,231.005,3537770
-124.348,46.364,230.944,3537791
-124.464,46.175,230.973,3537812
-124.256,46.035,231.234,3537833
-124.021,46.027,231.500,3537854
-124.017,46.198,231.591,3537875
-123.693,46.015,231.898,3537896
-123.401,45.790,232.167,3537917
-123.532,45.903,232.097,3537938
-123.709,45.836,231.952,3537959
-123.881,45.874,231.834,3537980
-123.936,45.635,231.775,3538001
-124.151,45.611,231.597,3538022
-123.856,45.596,231.776,3538043
-124.035,46.047,231.018,3538316
-124.000,46.247,230.947,3538337
-124.383,46.279,230.564,3538358
-124.761,46.467,230.157,3538379
-124.700,46.311,230.080,3538400
-124.636,46.136,229.999,3538421
-124.974,46.286,229.628,3538442
-125.312,46.483,229.271,3538463
-125.116,46.501,229.323,3538484
-125.183,46.754,229.197,3538505
-125.188,46.973,229.086,3538526
-125.066,47.067,229.095,3538547
-125.017,46.844,229.060,3538568
-125.142,46.997,228.907,3538589
-125.446,46.845,228.623,3538610
-125.759,46.696,228.335,3538631
-125.720,46.397,228.307,3538652
-125.906,46.169,228.124,3538673
-125.689,46.188,228.244,3538694
-125.720,46.360,228.150,3538715
-125.672,46.575,228.144,3538736
-125.343,46.550,228.341,3538757
-125.486,46.713,228.203,3538778
-125.650,46.806,228.026,3538799
-125.671,46.685,227.970,3538820
-125.453,46.493,228.088,3538841
-125.324,46.303,228.129,3538862
-125.111,46.504,228.249,3538883
-124.771,46.588,228.479,3538904
-124.641,46.824,228.534,3538925
-124.255,46.908,228.759,3538946
-124.147,47.170,228.769,3538967
-123.924,47.008,228.874,3538988
-124.054,47.058,228.706,3539009
-124.196,47.084,228.542,3539030
-124.354,47.264,228.383,3539051
-124.485,47.281,228.247,3539072
-124.297,47.461,228.362,3539093
-124.086,47.276,228.479,3539114
-123.911,47.450,228.550,3539135
-123.840,47.663,228.550,3539156
-123.682,47.474,228.586,3539177
-123.842,47.689,228.428,3539198
-123.670,47.724,228.542,3539219
-123.575,47.808,228.606,3539240
-123.472,47.848,228.690,3539261
-123.375,47.817,228.803,3539282
-123.353,47.784,228.869,3539303
-122.954,47.935,229.207,3539324
-122.560,47.960,229.550,3539345
-122.315,48.126,229.780,3539366
-122.099,48.238,229.993,3539387
-121.895,48.524,230.174,3539408
-121.531,48.346,230.478,3539429
-121.585,48.471,230.484,3539450
-121.735,48.478,230.420,3539471
-121.851,48.311,230.403,3539492
-122.002,48.097,230.370,3539513
-121.799,48.043,230.617,3539534
-121.673,47.955,230.819,3539555
-121.558,47.831,231.030,3539576
-121.544,47.798,231.161,3539597
-121.511,47.788,231.333,3539618
-121.951,47.643,231.144,3539639
-122.415,47.531,230.931,3539660
-122.832,47.384,230.726,3539681
-122.762,47.414,230.891,3539702
-123.203,47.349,230.676,3539723
-123.230,47.511,230.754,3539744
-123.470,47.703,230.689,3539765
-123.368,47.646,230.886,3539786
-123.424,47.879,230.965,3539807
-123.399,48.046,231.097,3539828
-123.751,48.223,230.925,3539849
-124.063,48.294,230.773,3539870
-124.143,48.177,230.771,3539891
-124.128,48.011,230.827,3539912
-124.156,47.865,230.863,3539933
-123.894,47.917,231.107,3539954
-123.779,48.122,231.226,3539975
-123.896,47.969,231.167,3539996
-123.758,48.094,231.282,3540017
-123.523,48.073,231.471,3540038
-123.826,48.067,231.264,3540059
-124.128,47.988,231.044,3540080
-124.299,47.786,230.913,3540101
-124.050,47.679,231.078,3540122
-124.203,47.440,230.974,3540143
-124.011,47.223,231.107,3540164
-123.912,47.374,231.191,3540185
-123.650,47.343,231.361,3540206
-123.498,47.495,231.466,3540227
-123.551,47.300,231.426,3540248
-123.532,47.506,231.418,3540269
-123.719,47.470,231.252,3540290
-123.907,47.452,231.095,3540311
-124.091,47.405,230.945,3540332
-124.306,47.388,230.740,3540353
-124.008,47.216,230.936,3540374
-123.666,47.331,231.095,3540437
-123.515,47.302,231.160,3540458
-123.668,47.438,230.987,3540479
-123.931,47.267,230.739,3540500
-124.139,47.050,230.530,3540521
-124.458,46.960,230.230,3540542
-124.315,46.770,230.275,3540563
-124.274,46.564,230.251,3540584
-124.104,46.608,230.315,3540605
-124.072,46.806,230.291,3540626
-124.039,46.988,230.261,3540647
-124.036,47.217,230.233,3540668
-124.264,47.102,230.051,3540689
-124.615,47.205,229.785,3540710
-124.902,47.145,229.582,3540731
-125.260,47.208,229.327,3540752
-125.413,47.032,229.222,3540773
-125.241,47.047,229.356,3540794
-125.098,47.168,229.457,3540815
-125.179,46.987,229.384,3540836
-125.032,47.108,229.473,3540857
-124.936,47.300,229.509,3540878
-124.842,47.507,229.539,3540899
-125.035,47.551,229.372,3540920
-124.950,47.322,229.387,3540941
-125.091,47.310,229.213,3540962
-125.107,47.126,229.110,3540983
-124.924,46.877,229.171,3541004
-124.634,46.965,229.279,3541025
-124.283,46.974,229.446,3541046
-123.904,46.888,229.653,3541067
-123.619,46.900,229.778,3541088
-123.321,46.704,229.916,3541109
-123.545,46.598,229.681,3541130
-123.808,46.618,229.413,3541151
-123.923,46.779,229.254,3541172
-123.833,46.524,229.250,3541193
-123.976,46.290,229.086,3541214
-123.844,46.369,229.114,3541235
-123.872,46.553,229.051,3541256
-123.736,46.632,229.107,3541277
-123.657,46.825,229.139,3541298
-123.779,47.032,229.035,3541319
-124.045,47.096,228.823,3541340
-124.327,47.082,228.605,3541361
-124.446,46.902,228.510,3541382
-124.307,46.685,228.639,3541403
-124.501,46.559,228.519,3541424
-124.330,46.606,228.672,3541445
-124.118,46.556,228.847,3541466
-123.963,46.613,228.985,3541487
-123.758,46.630,229.160,3541508
-123.737,46.807,229.198,3541529
-124.022,46.816,229.012,3541550
-124.178,46.662,228.888,3541571
-124.273,46.490,228.804,3541592
-124.448,46.423,228.650,3541613
-124.628,46.334,228.477,3541634
-124.353,46.325,228.649,3541655
-124.333,46.490,228.626,3541676
-124.163,46.560,228.696,3541697
-124.419,46.634,228.440,3541718
-124.176,46.641,228.549,3541739
-124.205,46.756,228.451,3541760
-124.330,46.523,228.254,3541781
-124.316,46.215,228.149,3541802
-124.229,46.320,228.084,3541823
-123.978,46.012,228.120,3541844
-123.606,45.846,228.264,3541865
-123.229,45.725,228.402,3541886
-123.330,45.841,228.187,3541907
-123.149,45.583,228.165,3541928
-122.860,45.632,228.212,3541949
-123.032,45.661,227.951,3541970
-123.264,45.665,227.631,3541991
-123.497,45.767,227.326,3542012
-123.663,45.636,227.038,3542033
-123.813,45.499,226.781,3542054
-123.701,45.618,226.703,3542075
-123.611,45.802,226.605,3542096
-123.508,46.035,226.502,3542117
-123.913,46.262,226.048,3542138
-123.874,46.482,225.921,3542159
-124.147,46.820,225.570,3542180
-124.579,46.850,225.126,3542201
-124.651,46.805,224.940,3542222
-125.184,46.985,224.433,3542243
-125.700,47.189,223.937,3542264
-125.662,47.323,223.853,3542285
-125.653,47.495,223.767,3542306
-125.709,47.501,223.629,3542327
-126.185,47.637,223.193,3542348
-126.506,48.057,222.858,3542369
-126.927,48.232,222.424,3542390
-127.248,48.326,222.074,3542411
-127.104,48.312,222.051,3542432
-127.432,48.427,221.656,3542453
-127.351,48.682,221.574,3542474
-127.031,48.646,221.642,3542495
-126.754,48.727,221.651,3542516
-126.372,48.677,221.718,3542537
-125.947,48.544,221.777,3542558
-125.530,48.479,221.830,3542579
-125.096,48.042,221.915,3542600
-125.134,47.801,221.608,3542621
-125.151,47.462,221.331,3542642
-124.786,46.997,221.328,3542663
-124.888,46.710,220.963,3542684
-124.641,46.174,220.874,3542705
-124.397,46.027,220.773,3542726
-124.081,45.631,220.706,3542747
-124.229,45.474,220.278,3542768
-124.172,45.004,220.014,3542789
-124.328,44.758,219.622,3542810
-124.466,44.464,219.228,3542831
-124.691,44.401,218.784,3542852
-124.598,44.554,218.553,3542873
-124.780,44.503,218.138,3542894
-124.538,44.446,218.008,3542915
-124.472,44.756,217.731,3542936
-124.273,44.996,217.562,3542957
-124.052,45.190,217.381,3542978
-123.751,45.131,217.250,3542999
-123.859,45.452,216.824,3543020
-124.060,45.688,216.305,3543041
-124.306,45.922,215.804,3543062
-124.289,46.268,215.470,3543083
-124.658,46.459,214.864,3543104
-124.548,46.499,214.603,3543125
-124.571,46.795,214.224,3543146
-124.708,47.137,213.770,3543167
-125.015,47.090,213.189,3543188
-125.539,47.263,212.465,3543209
-125.566,47.245,212.117,3543230
-125.920,47.205,211.497,3543251
-125.940,47.181,211.156,3543272
-126.167,47.107,210.677,3543293
-126.516,47.055,210.095,3543314
-126.964,47.292,209.487,3543335
-127.066,47.525,209.119,3543356
-127.163,47.744,208.764,3543377
-127.344,48.013,208.376,3543398
-127.615,48.270,207.933,3543419
-127.756,48.525,207.606,3543440
-128.192,48.584,207.057,3543461
-128.092,48.600,206.922,3543482
-128.343,48.386,206.531,3543503
-128.446,48.089,206.285,3543524
-128.572,47.773,206.011,3543545
-128.918,47.819,205.582,3543566
-128.779,47.745,205.554,3543587
-129.081,47.761,205.219,3543608
-128.826,47.661,205.295,3543629
-128.615,47.419,205.342,3543650
-128.745,47.218,205.164,3543671
-128.928,47.136,204.956,3543692
-129.082,47.195,204.774,3543713
-128.810,46.969,204.925,3543734
-128.645,46.721,204.992,3543755
-128.192,46.718,205.281,3543776
-127.859,46.808,205.484,3543797
-127.562,46.917,205.692,3543818
-127.106,46.901,206.018,3543839
-127.004,46.983,206.058,3543860
-126.939,47.058,206.072,3543881
-126.992,46.893,206.004,3543902
-126.986,46.658,205.979,3543923
-126.646,46.368,206.164,3543944
-126.466,46.037,206.238,3543965
-126.085,45.876,206.449,3543986
-125.827,45.955,206.550,3544007
-125.597,46.044,206.632,3544028
-125.329,46.078,206.735,3544049
-125.132,46.161,206.774,3544070
-125.398,46.096,206.462,3544091
-125.689,46.070,206.144,3544112
-125.952,45.943,205.842,3544133
-126.042,45.714,205.661,3544154
-126.366,45.592,205.317,3544175
-126.373,45.732,205.162,3544196
-126.386,45.869,205.003,3544217
-125.819,46.307,204.806,3544238
-125.265,46.745,204.586,3544259
-124.708,46.764,204.354,3544280
-124.564,46.914,203.790,3544301
-124.462,46.999,203.178,3544322
-124.470,47.165,202.461,3544343
-124.523,47.040,202.860,3544364
-124.968,46.732,202.919,3544385
-125.498,46.439,202.863,3544406
-125.836,46.389,202.937,3544427
-125.665,46.440,203.093,3544448
-125.598,46.514,203.145,3544469
-125.535,46.498,203.186,3544490
-125.635,46.622,203.127,3544511
-125.892,46.373,202.933,3544532
-125.797,46.130,203.011,3544553
-125.865,46.294,202.954,3544574
-125.670,46.181,203.072,3544595
-125.437,46.150,203.234,3544616
-125.393,46.309,203.237,3544637
-125.422,46.531,203.180,3544658
-125.224,46.687,203.294,3544679
-125.181,46.893,203.302,3544700
-125.267,46.765,203.192,3544721
-125.270,46.593,203.113,3544742
-125.249,46.423,203.061,3544763
-125.212,46.261,203.011,3544784
-125.144,46.129,202.986,3544805
-125.182,46.217,202.867,3544826
-124.894,46.093,202.971,3544847
-124.507,46.011,203.122,3544868
-124.058,46.307,203.309,3544889
-123.620,46.556,203.456,3544910
-123.580,46.634,203.298,3544931
-123.539,46.652,203.131,3544952
-123.153,46.833,203.182,3544973
-122.698,46.640,203.280,3544994
-122.704,46.548,203.025,3545015
-122.383,46.681,203.025,3545036
-122.069,46.776,202.997,3545057
-121.810,46.912,202.938,3545078
-121.970,46.877,202.550,3545099
-121.629,46.832,202.543,3545120
-121.533,47.018,202.346,3545141
-121.761,46.970,201.894,3545162
-121.886,46.806,201.505,3545183
-121.835,46.577,201.213,3545204
-122.068,46.424,200.694,3545225
-122.271,46.610,200.176,3545246
-122.112,46.515,199.882,3545267
-122.138,46.666,199.451,3545288
-122.256,46.813,198.951,3545309
-122.658,46.827,198.206,3545330
-122.882,46.584,197.562,3545351
-123.110,46.409,196.901,3545372
-123.089,46.154,196.418,3545393
-123.242,45.971,195.780,3545414
-123.304,45.742,195.166,3545435
-123.093,45.734,194.763,3545456
-123.002,45.898,194.239,3545477
-122.906,46.025,193.696,3545498
-123.107,45.962,193.535,3545519
-123.361,46.017,193.324,3545540
-123.870,46.039,192.895,3545561
-124.355,45.982,192.441,3545582
-124.759,45.911,192.043,3545603
-125.135,45.831,191.665,3545624
-124.962,45.743,191.631,3545645
-124.878,45.854,191.517,3545666
-124.781,45.956,191.365,3545687
-124.751,46.172,191.145,3545708
-124.720,45.993,190.893,3545729
-124.445,46.136,190.784,3545750
-124.408,46.439,190.493,3545771
-124.186,46.289,190.318,3545792
-124.229,46.272,189.901,3545813
-124.100,46.157,189.585,3545834
-124.010,46.089,189.245,3545855
-123.577,46.084,189.141,3545876
-123.413,46.147,189.128,3545897
-123.394,46.312,189.015,3545918
-123.338,46.455,188.891,3545939
-123.454,46.545,188.611,3545960
-123.109,46.403,188.644,3545981
-123.186,46.165,188.359,3546002
-123.364,46.030,187.965,3546023
-123.075,45.810,187.881,3546044
-123.251,45.649,187.410,3546065
-123.284,45.392,187.051,3546086
-123.014,45.444,186.863,3546107
-122.890,45.595,186.543,3546128
-122.812,45.746,186.149,3546149
-122.631,45.841,185.804,3546170
-122.759,45.647,185.259,3546191
-122.612,45.798,184.870,3546212
-122.700,45.676,184.314,3546233
-122.488,45.603,183.946,3546254
-122.739,45.803,183.240,3546275
-122.963,45.871,182.521,3546296
-123.064,45.788,181.877,3546317
-123.112,46.081,181.253,3546338
-123.317,46.261,180.496,3546359
-123.125,46.457,179.975,3546380
-122.897,46.654,179.486,3546401
-122.994,46.578,178.719,3546422
-123.066,46.360,178.063,3546443
-122.772,46.168,177.645,3546464
-122.481,45.949,177.213,3546485
-122.617,45.977,176.467,3546506
-122.330,45.753,175.998,3546527
-122.072,45.872,175.503,3546548
-121.904,46.046,174.932,3546569
-121.769,46.187,174.323,3546590
-121.824,46.413,173.562,3546611
-122.077,46.428,172.659,3546632
-121.827,46.315,172.100,3546653
-121.933,46.199,171.306,3546674
-121.625,46.130,170.820,3546695
-121.410,45.979,170.254,3546716
-121.345,46.226,169.576,3546737
-121.456,46.443,168.741,3546758
-121.648,46.484,167.833,3546779
-121.410,46.290,167.212,3546800
-121.361,46.517,166.483,3546821
-121.507,46.468,165.572,3546842
-121.519,46.277,164.743,3546863
-121.222,46.202,164.164,3546884
-120.946,46.138,163.575,3546905
-121.072,45.995,162.710,3546926
-121.365,46.097,161.723,3546947
-121.349,46.343,160.985,3546968
-121.403,46.576,160.218,3546989
-121.508,46.854,159.392,3547010
-121.360,47.002,158.791,3547031
-121.536,46.883,157.960,3547052
-121.397,46.764,157.359,3547073
-121.265,46.608,156.767,3547094
-121.264,46.377,156.043,3547115
-121.078,46.376,155.464,3547136
-121.335,46.295,154.546,3547157
-121.527,46.411,153.677,3547178
-121.808,46.410,152.731,3547199
-121.863,46.483,151.924,3547220
-122.179,46.255,150.910,3547241
-122.412,45.874,149.940,3547262
-122.349,45.452,149.173,3547283
-122.485,45.435,148.226,3547304
-122.393,45.257,147.436,3547325
-122.378,44.861,146.576,3547346
-122.286,44.763,145.782,3547367
-122.531,44.799,144.740,3547388
-122.827,44.651,143.680,3547409
-123.070,44.737,142.629,3547430
-123.291,44.541,141.576,3547451
-123.085,44.401,140.832,3547472
-123.027,44.162,139.966,3547493
-122.983,43.916,139.082,3547514
-123.192,43.757,138.009,3547535
-123.034,43.666,137.173,3547556
-123.245,43.871,136.095,3547577
-123.540,44.037,134.925,3547598
-123.941,44.132,133.703,3547619
-124.074,44.282,132.689,3547640
-124.433,44.146,131.500,3547661
-128.438,45.550,117.769,3548039
-128.657,45.555,117.223,3548060
-128.694,45.600,116.804,3548081
-128.577,45.617,116.475,3548102
-128.223,45.178,116.311,3548123
-127.881,44.920,116.297,3548144
-127.406,44.698,116.376,3548165
-126.869,44.523,116.488,3548186
-126.791,44.321,116.275,3548207
-126.309,43.937,116.357,3548228
-126.104,43.912,116.213,3548249
-125.881,43.842,116.075,3548270
-125.348,43.767,116.120,3548291
-124.669,43.297,116.265,3548312
-124.151,42.773,116.284,3548333
-123.438,42.377,116.415,3548354
-122.762,41.966,116.483,3548375
-122.204,41.760,116.435,3548396
-122.003,41.709,116.104,3548417
-121.930,41.593,115.666,3548438
-121.992,41.372,115.119,3548459
-121.712,41.281,114.757,3548480
-121.697,41.334,114.194,3548501
-121.829,41.019,113.497,3548522
-121.714,40.664,112.951,3548543
-121.587,40.615,112.388,3548564
-121.424,40.442,111.857,3548585
-121.328,40.184,111.252,3548606
-121.350,40.349,110.578,3548627
-121.685,40.377,109.667,3548648
-122.022,40.412,108.756,3548669
-122.337,40.514,107.858,3548690
-122.644,40.661,106.970,3548711
-122.828,40.707,106.139,3548732
-122.703,40.757,105.507,3548753
-122.567,41.096,104.893,3548774
-122.439,41.264,104.268,3548795
-122.385,41.754,103.583,3548816
-122.308,42.202,102.918,3548837
-122.687,42.699,101.912,3548858
-122.721,43.269,101.146,3548879
-123.054,43.550,100.164,3548900
-123.418,43.924,99.163,3548921
-123.306,44.065,98.507,3548942
-123.123,44.382,97.901,3548963
-122.959,44.473,97.271,3548984
-122.742,44.582,96.687,3549005
-122.764,44.996,95.913,3549026
-122.795,45.377,95.144,3549047
-122.989,45.482,94.238,3549068
-123.154,45.591,93.381,3549089
-123.246,45.519,92.520,3549110
-123.403,45.492,91.631,3549131
-123.587,45.514,90.695,3549152
-123.252,45.269,90.151,3549173
-122.896,44.992,89.637,3549194
-122.476,44.711,89.165,3549215
-122.030,44.509,88.712,3549236
-121.846,44.529,88.086,3549257
-121.865,44.426,87.315,3549278
-121.388,44.121,86.908,3549299
-121.400,43.999,86.171,3549320
-121.357,43.946,85.465,3549341
-121.044,43.521,84.950,3549362
-120.843,43.173,84.373,3549383
-120.550,42.950,83.900,3549404
-120.489,42.659,83.255,3549425
-120.279,42.649,82.726,3549446
-120.525,42.808,81.928,3549467
-120.778,43.006,81.118,3549488
-121.053,43.080,80.296,3549509
-121.062,43.424,79.648,3549530
-121.364,43.589,78.788,3549551
-121.476,43.577,78.100,3549572
-121.335,43.812,77.559,3549593
-121.204,44.052,76.996,3549614
-121.050,44.224,76.441,3549635
-121.036,44.499,75.767,3549656
-121.098,44.773,75.037,3549677
-120.929,44.810,74.468,3549698
-121.236,44.767,73.559,3549719
-121.568,44.751,72.628,3549740
-121.912,44.689,71.700,3549761
-122.253,44.658,70.762,3549782
-122.081,44.664,70.182,3549803
-121.963,44.681,69.540,3549824
-121.991,44.873,68.781,3549845
-121.916,44.980,68.098,3549866
-121.801,45.017,67.439,3549887
-122.152,45.103,66.444,3549908
-122.384,44.972,65.550,3549929
-121.294,45.127,65.869,3549950
-120.112,45.186,66.293,3549971
-119.506,45.365,66.290,3549993
-121.423,44.567,17.911,3553332
-121.146,44.409,17.786,3553353
-121.133,44.602,17.449,3553374
-121.020,44.804,17.181,3553395
-120.799,44.955,16.983,3553416
-120.934,45.171,16.515,3553437
-120.658,45.186,16.326,3553458
-120.861,45.186,15.814,3553479
-120.999,45.086,15.314,3553500
-121.095,44.997,14.864,3553521
-121.145,44.859,14.454,3553542
-121.011,44.653,14.153,3553563
-120.850,44.849,13.854,3553584
-120.571,44.958,13.640,3553605
-120.324,45.125,13.381,3553626
-120.134,45.291,13.047,3553647
-119.851,45.399,12.787,3553668
-119.950,45.493,12.244,3553689
-120.039,45.361,11.711,3553710
-120.104,45.159,11.215,3553731
-120.151,44.933,10.729,3553752
-120.014,45.034,10.382,3553773
-120.066,44.805,9.895,3553794
-119.982,44.916,9.509,3553815
-119.874,45.025,9.143,3553836
-119.785,45.146,8.735,3553857
-120.031,45.380,8.112,3553878
-119.925,45.244,7.709,3553899
-119.752,45.318,7.365,3553920
-120.013,45.417,6.697,3553941
-120.167,45.282,6.080,3553962
-120.355,45.196,5.428,3553984
-120.261,45.380,4.982,3554005
-120.361,45.640,4.357,3554026
-120.659,45.658,3.590,3554047
-120.497,45.755,3.128,3554068
-120.582,45.993,2.498,3554089
-120.517,45.819,1.989,3554110
-120.560,45.650,1.359,3554131
-120.379,45.501,0.875,3554152
-120.189,45.357,0.405,3554173
-120.079,45.191,359.890,3554194
-119.893,45.444,359.406,3554215
-119.582,45.591,359.023,3554236
-119.458,45.841,358.495,3554257
-119.575,45.972,357.786,3554278
-119.597,45.845,357.141,3554299
-119.686,45.903,356.427,3554320
-119.776,45.975,355.725,3554341
-119.586,45.777,355.191,3554362
-119.212,45.658,354.775,3554383
-118.815,45.604,354.400,3554404
-118.724,45.854,353.824,3554425
-118.869,45.920,353.081,3554446
-118.658,46.120,352.605,3554467
-118.595,46.358,351.997,3554488
-118.757,46.334,351.236,3554509
-118.455,46.299,350.804,3554530
-118.123,46.126,350.416,3554551
-118.070,46.321,349.834,3554572
-117.762,46.152,349.431,3554593
-117.761,45.932,348.811,3554614
-117.663,46.122,348.278,3554635
-117.677,45.910,347.676,3554656
-117.891,45.946,346.937,3554677
-117.897,45.751,346.363,3554698
-118.205,45.813,345.549,3554719
-118.077,45.925,345.050,3554740
-118.366,45.833,344.246,3554761
-118.709,45.784,343.419,3554782
-118.608,45.651,342.916,3554803
-118.505,45.514,342.407,3554824
-118.521,45.697,341.808,3554845
-118.595,45.884,341.159,3554866
-118.643,46.074,340.531,3554887
-118.768,46.282,339.840,3554908
-118.516,46.180,339.442,3554929
-118.392,45.943,338.951,3554950
-118.576,45.846,338.234,3554971
-118.485,45.581,337.717,3554992
-118.484,45.344,337.147,3555013
-118.299,45.174,336.725,3555034
-118.250,45.343,336.200,3555055
-118.379,45.554,335.535,3555076
-118.515,45.759,334.873,3555097
-118.876,45.889,334.068,3555118
-119.234,45.783,333.266,3555139
-119.126,45.652,332.816,3555160
-119.031,45.633,332.355,3555181
-119.325,45.807,331.605,3555202
-119.640,45.690,330.864,3555223
-119.509,45.558,330.438,3555244
-119.799,45.690,329.705,3555265
-119.966,45.865,329.038,3555286
-119.859,45.965,328.576,3555307
-120.099,45.801,327.854,3555328
-120.373,45.830,327.096,3555349
-120.308,45.526,326.579,3555370
-120.251,45.262,326.065,3555391
-120.280,44.961,325.501,3555412
-120.121,44.786,325.058,3555433
-119.992,44.811,324.591,3555454
-119.922,44.985,324.103,3555475
-120.187,45.117,323.370,3555496
-120.408,45.360,322.667,3555517
-120.582,45.597,322.012,3555538
-120.767,45.564,321.338,3555559
-120.517,45.464,320.997,3555580
-120.407,45.351,320.545,3555601
-120.232,45.643,320.132,3555622
-119.979,45.665,319.808,3555643
-119.806,45.826,319.411,3555664
-119.900,46.162,318.831,3555685
-120.140,46.435,318.150,3555706
-120.492,46.531,317.353,3555727
-120.741,46.421,316.606,3555748
-121.031,46.635,315.829,3555769
-121.008,46.416,315.293,3555790
-121.162,46.200,314.616,3555811
-121.092,45.971,314.093,3555832
-121.411,45.945,313.282,3555853
-121.208,45.926,312.857,3555874
-121.239,46.118,312.285,3555895
-121.500,46.118,311.539,3555916
-121.566,46.325,310.899,3555937
-121.699,46.154,310.227,3555958
-118.633,46.471,300.516,3556420
-118.506,46.382,300.111,3556441
-118.392,46.377,299.700,3556462
-118.636,46.148,299.009,3556483
-118.599,46.043,298.496,3556504
-118.947,46.151,297.726,3556525
-119.327,46.270,296.906,3556546
-119.654,46.036,296.104,3556567
-120.080,45.871,295.235,3556588
-120.523,45.838,294.351,3556609
-120.917,45.727,293.518,3556630
-120.937,45.494,292.904,3556651
-121.564,45.510,291.876,3556672
-121.767,45.670,291.140,3556693
-121.881,45.621,290.447,3556714
-122.301,45.543,289.537,3556735
-122.626,45.865,288.684,3556756
-123.057,46.166,287.756,3556777
-123.029,46.116,287.145,3556798
-123.460,46.346,286.202,3556819
-123.491,46.260,285.532,3556840
-123.375,46.435,284.949,3556861
-123.416,46.757,284.256,3556882
-123.190,46.804,283.744,3556903
-122.994,46.691,283.229,3556924
-122.755,46.526,282.736,3556945
-122.655,46.777,282.111,3556966
-122.783,46.839,281.309,3556987
-122.884,46.994,280.506,3557008
-122.811,46.858,279.796,3557029
-122.898,46.898,278.956,3557050
-122.457,46.781,278.493,3557071
-122.038,46.714,277.981,3557092
-121.650,46.883,277.435,3557113
-121.185,46.790,276.945,3557134
-120.754,46.860,276.405,3557155
-120.796,46.995,275.496,3557176
-120.894,46.963,274.523,3557197
-121.044,46.990,273.496,3557218
-120.722,47.013,272.757,3557239
-120.714,46.750,271.801,3557260
-120.449,46.637,271.008,3557281
-120.240,46.632,270.165,3557302
-120.389,46.842,269.068,3557323
-120.254,46.887,268.127,3557344
-120.203,46.999,267.138,3557365
-120.629,46.955,265.790,3557386
-121.049,47.197,264.442,3557407
-121.541,47.250,263.023,3557428
-122.004,47.319,261.615,3557449
-122.011,47.471,260.547,3557470
-122.395,47.432,259.182,3557491
-122.397,47.465,258.107,3557512
-121.388,47.647,258.189,3557533
-120.400,47.729,258.266,3557554
-119.976,47.751,257.943,3557575
-119.729,47.913,257.496,3557596
-119.595,48.021,256.961,3557617
-119.610,48.098,256.328,3557638
-119.771,48.185,255.589,3557659
-119.507,48.258,255.188,3557680
-119.432,48.404,254.635,3557701
-119.482,48.582,253.991,3557722
-119.623,48.735,253.275,3557743
-119.870,48.874,252.505,3557764
-120.495,49.287,251.471,3557785
-121.102,49.232,250.455,3557806
-122.022,49.331,249.215,3557827
-122.975,49.385,247.961,3557848
-123.677,49.578,246.950,3557869
-124.387,49.650,245.972,3557890
-125.110,49.798,245.001,3557911
-125.298,49.821,244.442,3557932
-125.520,49.853,243.891,3557953
-125.804,49.920,243.323,3557974
-126.000,49.898,242.815,3557995
-126.322,49.977,242.230,3558016
-126.868,49.763,241.469,3558037
-127.271,49.444,240.824,3558058
-127.782,49.289,240.112,3558079
-128.111,49.027,239.562,3558100
-127.993,48.903,239.355,3558121
-128.262,48.971,238.872,3558142
-128.236,48.942,238.659,3558163
-128.231,48.835,238.465,3558184
-128.218,48.586,238.310,3558205
-128.263,48.526,238.144,3558226
-128.777,48.357,237.652,3558247
-129.239,48.187,237.213,3558268
-129.346,47.894,237.067,3558289
-129.699,47.768,236.773,3558310
-129.469,47.683,236.939,3558331
-129.302,47.758,237.081,3558352
-129.255,47.937,237.177,3558373
-129.134,48.088,237.335,3558394
-129.356,48.259,237.236,3558415
-129.508,48.126,237.208,3558436
-129.744,48.115,237.105,3558457
-129.962,48.142,237.022,3558478
-129.829,47.976,237.225,3558499
-129.904,47.980,237.276,3558520
-129.442,48.059,237.700,3558541
-128.940,48.150,238.175,3558562
-128.413,48.310,238.640,3558583
-127.837,48.398,239.147,3558604
-127.175,48.379,239.706,3558625
-126.682,48.541,240.115,3558646
-126.516,48.397,240.256,3558667
-126.237,48.167,240.489,3558688
-126.164,48.208,240.531,3558709
-125.775,48.334,240.843,3558730
-125.460,48.491,241.082,3558751
-125.030,48.234,241.406,3558772
-124.760,48.385,241.597,3558793
-124.452,48.104,241.817,3558814
-124.576,48.034,241.704,3558835
-124.751,48.037,241.555,3558856
-124.920,47.973,241.389,3558877
-125.107,47.842,241.222,3558898
-124.828,47.823,241.400,3558919
-125.110,47.790,241.177,3558940
-125.123,47.480,241.160,3558961
-124.905,47.378,241.307,3558982
-124.764,47.370,241.394,3559003
-124.834,47.092,241.316,3559024
-124.720,47.103,241.338,3559045
-124.594,47.162,241.308,3559066
-124.932,47.202,240.961,3559087
-125.118,47.079,240.726,3559108
-125.270,46.925,240.519,3559129
-125.108,47.064,240.533,3559150
-125.245,46.902,240.323,3559171
-125.090,47.021,240.331,3559192
-124.945,47.110,240.330,3559213
-124.853,47.238,240.285,3559234
-124.645,47.290,240.311,3559255
-124.803,47.443,240.074,3559276
-124.893,47.217,239.903,3559297
-125.127,47.277,239.634,3559318
-125.350,47.191,239.347,3559339
-125.568,47.082,239.055,3559360
-125.535,47.274,238.971,3559381
-125.276,47.342,239.028,3559402
-125.082,47.465,239.070,3559423
-124.797,47.466,239.195,3559444
-124.858,47.745,239.055,3559465
-125.014,47.679,238.849,3559486
-125.007,47.532,238.775,3559507
-125.226,47.499,238.534,3559528
-125.396,47.454,238.329,3559549
-125.426,47.290,238.201,3559570
-125.605,47.187,237.970,3559591
-125.560,47.436,237.886,3559612
-125.439,47.631,237.882,3559633
-125.246,47.750,237.910,3559654
-125.068,47.583,237.956,3559675
-125.305,47.528,237.350,3559927
-125.563,47.407,237.188,3559948
-125.832,47.361,237.056,3559969
-126.087,47.279,236.918,3559990
-126.412,47.369,236.713,3560011
-126.554,47.592,236.653,3560032
-126.408,47.772,236.787,3560053
-126.102,47.676,237.081,3560074
-125.942,47.784,237.256,3560095
-125.642,47.625,237.518,3560116
-125.282,47.597,237.821,3560137
-125.394,47.679,237.787,3560158
-125.432,47.498,237.803,3560179
-125.521,47.418,237.792,3560200
-125.029,47.292,238.210,3560221
-124.947,47.410,238.323,3560242
-124.391,47.322,238.737,3560263
-123.854,47.213,239.165,3560284
-123.379,46.957,239.556,3560305
-123.346,47.009,239.600,3560326
-123.240,47.161,239.685,3560347
-123.225,47.175,239.729,3560368
-123.238,47.088,239.764,3560389
-123.096,46.879,239.911,3560410
-123.121,47.065,239.942,3560431
-122.835,46.892,240.190,3560452
-122.533,46.925,240.449,3560473
-122.263,46.888,240.693,3560494
-122.299,46.711,240.688,3560515
-122.309,46.971,240.722,3560536
-122.409,47.233,240.710,3560557
-122.794,47.301,240.504,3560578
-123.103,47.608,240.346,3560599
-123.117,47.820,240.421,3560620
-123.282,47.679,240.387,3560641
-123.306,47.548,240.479,3560662
-123.599,47.820,240.352,3560683
-123.908,48.081,240.222,3560704
-123.954,48.238,240.287,3560725
-123.935,48.304,240.387,3560746
-124.429,48.287,240.098,3560768
-124.862,48.270,239.857,3560789
-125.240,48.148,239.662,3560810
-125.647,48.059,239.436,3560831
-124.950,48.289,240.054,3560852
-124.788,48.563,240.261,3560873
-124.344,48.910,240.693,3560894
-123.763,49.126,241.237,3560915
-123.415,48.992,241.618,3560936
-123.397,49.030,241.759,3560957
-123.375,49.198,241.877,3560978
-123.341,49.035,242.009,3560999
-123.215,48.753,242.223,3561020
-122.844,48.535,242.622,3561041
-122.940,48.252,242.699,3561062
-122.786,48.253,242.965,3561083
-122.667,48.227,243.202,3561104
-122.607,48.144,243.394,3561125
-122.535,47.904,243.624,3561146
-123.004,47.864,243.461,3561167
-123.430,47.855,243.295,3561188
-123.795,47.683,243.180,3561209
-124.032,47.422,243.146,3561230
-124.269,47.216,243.122,3561251
-124.590,47.113,243.042,3561272
-124.403,47.052,243.321,3561293
-124.146,46.914,243.659,3561314
-123.941,46.869,243.954,3561335
-123.730,46.863,244.243,3561356
-123.563,46.910,244.541,3561377
-123.705,47.013,244.571,3561398
-123.492,46.737,244.878,3561419
-123.317,46.907,245.141,3561440
-123.286,46.715,245.297,3561461
-123.352,46.635,245.394,3561482
-123.166,46.861,245.662,3561503
-122.875,47.048,246.018,3561524
-122.839,46.947,246.173,3561545
-122.437,47.056,246.592,3561566
-122.478,47.357,246.715,3561587
-122.551,47.589,246.800,3561608
-122.476,47.523,246.977,3561629
-122.504,47.547,247.085,3561650
-122.396,47.480,247.297,3561671
-122.551,47.749,247.277,3561692
-122.298,47.922,247.540,3561713
-122.058,48.039,247.782,3561734
-121.855,48.123,247.970,3561755
-121.653,48.174,248.140,3561776
-121.586,48.319,248.181,3561797
-121.618,48.500,248.151,3561818
-121.858,48.338,247.962,3561839
-122.085,48.144,247.814,3561860
-122.181,48.276,247.723,3561881
-122.039,47.994,247.791,3561902
-122.112,47.690,247.712,3561923
-121.905,47.446,247.831,3561944
-121.967,47.531,247.704,3561966
-122.338,47.439,247.343,3561987
-122.693,47.461,246.980,3562008
-123.066,47.336,246.591,3562029
-123.351,47.090,246.271,3562050
-123.671,47.077,245.906,3562071
-124.019,46.920,245.493,3562092
-123.851,46.791,245.458,3562113
-123.678,46.667,245.423,3562134
-123.479,46.575,245.404,3562155
-123.326,46.530,245.334,3562176
-123.235,46.574,245.221,3562197
-123.058,46.489,245.152,3562218
-123.342,46.333,244.756,3562239
-123.700,46.341,244.284,3562260
-123.975,46.216,243.882,3562281
-124.302,46.162,243.419,3562302
-124.368,46.401,243.118,3562323
-124.332,46.552,242.909,3562344
-124.224,46.601,242.732,3562365
-124.333,46.911,242.380,3562386
-124.206,46.953,242.177,3562407
-124.549,47.090,241.636,3562428
-124.875,47.207,241.078,3562449
-125.003,47.210,240.664,3562470
-124.908,47.146,240.413,3562491
-124.635,47.225,240.300,3562512
-124.574,47.554,240.022,3562533
-124.318,47.702,239.889,3562554
-124.547,47.768,239.410,3562575
-124.368,47.960,239.197,3562596
-124.147,48.069,239.029,3562617
-124.207,48.278,238.642,3562638
-124.465,48.179,238.089,3562659
-124.730,48.131,237.525,3562680
-124.722,47.893,237.137,3562701
-124.496,47.647,236.905,3562722
-124.042,47.615,235.158,3562827
-124.035,47.252,234.748,3562848
-124.077,46.909,234.295,3562869
-124.048,46.563,233.918,3562890
-123.938,46.201,233.589,3562911
-123.928,45.923,233.186,3562932
-126.113,47.660,221.651,3563478
-126.179,47.529,221.244,3563499
-125.904,47.175,221.077,3563520
-125.728,46.822,220.865,3563541
-125.140,46.521,220.950,3563562
-124.612,46.457,220.981,3563583
-124.022,46.304,221.068,3563604
-123.967,46.243,220.759,3563625
-123.657,46.266,220.640,3563646
-123.225,46.192,220.623,3563667
-123.284,45.978,220.259,3563688
-123.359,45.720,219.902,3563709
-123.346,45.424,219.586,3563730
-123.583,45.422,219.090,3563751
-123.645,45.200,218.720,3563772
-123.397,45.160,218.567,3563793
-123.207,45.279,218.387,3563814
-122.980,45.368,218.233,3563835
-123.082,45.643,217.865,3563856
-123.175,45.919,217.511,3563877
-123.419,46.138,217.063,3563898
-123.630,46.127,216.659,3563919
-123.792,46.064,216.323,3563940
-123.828,45.957,216.086,3563961
-124.140,45.957,215.645,3563982
-124.035,46.121,215.509,3564003
-123.957,46.294,215.349,3564024
-123.955,46.527,215.113,3564045
-124.097,46.807,214.794,3564066
-124.132,47.028,214.549,3564087
-124.593,47.224,214.012,3564108
-125.011,47.224,213.515,3564129
-125.326,47.091,213.084,3564150
-125.369,46.932,212.856,3564171
-125.653,46.803,212.440,3564192
-125.997,46.804,211.992,3564213
-125.912,46.959,211.885,3564234
-125.701,46.983,211.852,3564255
-125.486,47.037,211.848,3564276
-125.334,47.146,211.807,3564297
-125.475,46.943,211.529,3564318
-125.643,46.748,211.246,3564339
-125.698,46.442,211.029,3564360
-125.890,46.219,210.701,3564381
-125.754,45.840,210.601,3564402
-125.921,45.831,210.262,3564423
-125.728,45.849,210.188,3564444
-123.802,46.308,189.963,3566355
-123.649,46.490,189.730,3566376
-123.684,46.668,189.368,3566397
-123.387,46.775,189.227,3566418
-123.208,46.488,189.036,3566439
-123.255,46.358,188.670,3566460
-123.162,46.090,188.402,3566481
-122.872,45.815,188.294,3566502
-122.755,45.508,188.086,3566523
-122.455,45.494,187.991,3566544
-122.329,45.620,187.775,3566565
-122.037,45.684,187.679,3566586
-121.858,45.819,187.496,3566607
-121.878,45.959,187.170,3566628
-121.507,45.905,187.105,3566649
-121.582,45.775,186.720,3566670
-121.605,45.605,186.356,3566691
-121.490,45.389,186.100,3566712
-121.607,45.328,185.680,3566733
-121.342,45.467,185.535,3566754
-121.072,45.584,185.393,3566775
-121.082,45.861,185.062,3566796
-121.307,46.123,184.554,3566817
-121.181,46.356,184.303,3566838
-121.486,46.482,183.712,3566859
-121.742,46.452,183.155,3566880
-121.827,46.359,182.734,3566901
-121.939,46.273,182.297,3566922
-122.026,46.156,181.861,3566943
-122.006,46.374,181.512,3566964
-122.034,46.570,181.132,3566985
-121.893,46.592,180.890,3567006
-122.323,46.596,180.222,3567027
-122.499,46.736,179.748,3567048
-122.701,46.855,179.244,3567069
-122.986,46.633,178.690,3567090
-122.992,46.313,178.341,3567111
-122.829,46.112,178.104,3567132
-122.628,45.930,177.878,3567153
-122.950,45.874,177.264,3567174
-123.266,45.791,176.656,3567195
-123.330,45.959,176.217,3567216
-123.329,45.692,175.829,3567238
-123.249,45.421,175.502,3567259
-123.302,45.194,175.070,3567280
-123.237,45.343,174.680,3567301
-123.011,45.105,174.395,3567322
-122.643,45.091,174.215,3567343
-122.268,44.923,174.048,3567364
-122.167,45.149,173.680,3567385
-122.260,45.342,173.164,3567406
-122.424,45.459,172.593,3567427
-122.223,45.698,172.300,3567448
-122.216,46.007,171.869,3567469
-122.300,45.948,171.359,3567490
-122.297,45.866,170.910,3567511
-122.357,45.838,170.420,3567532
-122.036,46.048,170.193,3567553
-122.127,46.083,169.716,3567574
-122.247,46.185,169.210,3567595
-122.010,46.477,168.990,3567616
-122.119,46.689,168.501,3567637
-121.928,46.960,168.221,3567658
-121.873,47.194,167.859,3567679
-121.539,47.078,167.703,3567700
-121.712,47.038,167.171,3567721
-121.548,46.806,166.909,3567742
-121.325,46.706,166.651,3567763
-121.129,46.592,166.379,3567784
-121.221,46.760,165.894,3567805
-121.324,46.892,165.376,3567826
-121.697,46.961,164.674,3567847
-121.857,47.124,164.101,3567868
-121.831,47.109,163.675,3567889
-122.068,46.840,163.062,3567910
-122.399,46.605,162.360,3567931
-122.602,46.315,161.738,3567952
-122.565,46.059,161.289,3567973
-122.532,46.056,160.821,3567994
-122.945,46.036,160.033,3568015
-123.281,46.129,159.318,3568036
-123.692,46.014,158.521,3568057
-124.022,46.102,157.742,3568078
-124.353,46.229,156.964,3568099
-124.716,46.246,156.188,3568120
-124.742,46.046,155.637,3568141
-124.935,45.919,154.956,3568162
-124.704,45.814,154.581,3568183
-124.524,45.736,154.174,3568204
-124.312,45.898,153.763,3568225
-124.285,45.742,153.192,3568246
-124.216,45.973,152.665,3568267
-124.181,46.184,152.099,3568288
-124.253,46.434,151.451,3568309
-124.536,46.569,150.647,3568330
-124.450,46.324,150.107,3568351
-124.224,46.224,149.648,3568372
-123.970,46.084,149.211,3568393
-123.810,45.862,148.698,3568414
-124.088,45.874,147.851,3568435
-124.385,45.883,147.026,3568456
-124.687,45.781,146.179,3568477
-124.863,45.926,145.438,3568498
-125.182,46.048,144.608,3568519
-125.243,45.777,143.965,3568540
-125.197,45.555,143.395,3568561
-125.106,45.358,142.836,3568582
-125.231,45.038,142.126,3568603
-125.116,44.890,141.582,3568624
-125.419,44.615,140.747,3568645
-125.374,44.603,140.142,3568666
-125.708,44.460,139.262,3568687
-125.683,44.564,138.623,3568708
-126.206,44.835,137.875,3568729
-126.256,45.057,137.445,3568750
-126.308,44.958,136.950,3568771
-126.358,44.833,136.426,3568792
-126.295,44.706,135.950,3568813
-126.127,44.581,135.508,3568834
-126.236,44.771,134.829,3568855
-126.418,44.864,134.044,3568876
-126.269,44.593,133.466,3568897
-126.286,44.733,132.749,3568918
-126.303,44.789,132.004,3568939
-126.273,44.616,131.287,3568960
-125.849,44.494,130.945,3568981
-125.411,44.495,130.578,3569002
-124.908,44.587,130.230,3569023
-124.386,44.507,129.884,3569044
-123.887,44.729,129.518,3569065
-123.747,44.943,128.876,3569086
-123.560,45.122,128.251,3569107
-122.950,45.300,127.939,3569128
-122.583,45.543,127.428,3569149
-122.339,45.406,126.799,3569170
-121.671,45.263,126.470,3569191
-121.214,45.027,125.977,3569212
-120.645,44.884,125.565,3569233
-120.298,44.619,124.973,3569254
-120.018,44.363,124.312,3569275
-119.938,44.515,123.524,3569296
-119.896,44.432,122.701,3569317
-119.514,44.187,122.098,3569338
-119.493,44.340,121.243,3569359
-119.461,44.516,120.373,3569380
-119.167,44.252,119.681,3569401
-119.268,44.123,118.689,3569422
-118.997,43.885,117.968,3569443
-118.895,43.983,117.109,3569464
-118.731,43.914,116.246,3569485
-119.067,43.746,115.035,3569506
-119.451,43.584,113.757,3569527
-119.352,43.340,112.800,3569548
-119.699,43.356,111.488,3569569
-120.056,43.068,110.175,3569590
-120.033,42.813,109.098,3569611
-120.065,42.713,107.987,3569632
-120.550,42.572,106.592,3569653
-120.583,42.469,105.475,3569674
-120.665,42.423,104.343,3569695
-121.145,42.573,102.938,3569716
-121.669,42.463,101.494,3569737
-122.175,42.376,100.088,3569758
-122.314,42.251,98.937,3569779
-122.767,42.501,97.587,3569800
-123.363,42.666,96.141,3569821
-123.461,42.790,95.042,3569842
-123.502,42.894,93.972,3569863
-123.507,42.952,92.938,3569884
-123.491,43.108,91.915,3569905
-123.683,43.470,90.767,3569926
-123.879,43.430,89.622,3569947
-124.203,43.584,88.375,3569968
-124.439,43.771,87.220,3569989
-124.628,43.954,86.107,3570010
-124.269,44.149,85.381,3570031
-123.927,44.400,84.654,3570052
-123.598,44.696,83.944,3570073
-123.422,44.694,83.146,3570094
-123.046,44.969,82.472,3570115
-123.023,45.045,81.542,3570136
-123.009,45.179,80.619,3570157
-122.031,45.298,80.756,3570178
-120.932,45.291,80.957,3570199
-120.039,45.308,81.003,3570220
-118.821,45.485,81.289,3570241
-117.670,45.614,81.511,3570262
-116.576,45.690,81.691,3570283
-115.666,45.838,81.742,3570304
-114.886,46.033,81.674,3570325
-114.166,46.158,81.569,3570346
-113.816,45.999,81.213,3570367
-113.650,45.851,80.717,3570388
-113.622,45.812,80.124,3570409
-113.736,45.840,79.403,3570430
-113.459,45.804,78.944,3570451
-113.284,45.627,78.426,3570472
-112.598,45.725,78.347,3570493
-112.450,45.688,77.906,3570514
-111.968,45.775,77.695,3570535
-111.731,45.991,77.264,3570556
-111.624,46.138,76.743,3570577
-111.138,46.303,76.531,3570598
-111.218,46.299,75.904,3570619
-111.453,46.330,75.133,3570640
-111.113,46.396,74.792,3570661
-110.864,46.523,74.383,3570682
-110.585,46.656,73.988,3570703
-110.421,46.795,73.514,3570724
-110.755,46.922,72.663,3570745
-111.064,47.173,71.844,3570766
-111.430,47.200,70.964,3570787
-111.505,47.058,70.295,3570808
-111.879,47.051,69.396,3570829
-112.251,46.986,68.493,3570850
-112.579,46.874,67.602,3570871
-112.520,46.838,66.981,3570892
-112.488,46.806,66.330,3570913
-112.464,46.836,65.643,3570934
-112.590,46.868,64.788,3570955
-112.697,46.875,63.924,3570976
-113.130,46.645,62.785,3570997
-113.714,46.483,61.505,3571018
-114.245,46.302,60.232,3571039
-114.812,46.079,58.883,3571060
-115.340,46.081,57.543,3571081
-115.359,45.901,56.543,3571102
-115.413,45.796,55.488,3571123
-115.467,45.645,54.394,3571144
-115.596,45.577,53.217,3571165
-116.120,45.338,51.685,3571186
-116.557,44.977,50.168,3571207
-116.513,43.423,45.250,3571438
-116.694,43.168,44.762,3571459
-116.810,42.908,44.276,3571480
-117.022,42.748,43.774,3571501
-116.910,42.843,43.509,3571522
-116.695,42.850,43.234,3571543
-116.558,43.065,42.888,3571564
-116.395,43.241,42.647,3571585
-116.635,43.409,42.075,3571606
-116.836,43.391,41.550,3571627
-116.677,43.638,41.282,3571648
-116.696,43.569,40.903,3571669
-116.927,43.745,40.390,3571690
-117.135,44.067,39.944,3571711
-117.223,44.006,39.537,3571732
-117.036,44.228,39.368,3571753
-116.918,44.535,39.181,3571774
-117.002,44.860,38.839,3571795
-116.847,45.127,38.629,3571816
-117.002,45.129,38.193,3571837
-117.135,45.087,37.770,3571858
-116.903,45.087,37.590,3571879
-117.175,45.228,37.036,3571900
-117.389,45.409,36.520,3571921
-117.494,45.306,36.099,3571942
-117.207,45.394,35.939,3571963
-116.938,45.462,35.840,3571984
-116.649,45.574,35.733,3572005
-116.465,45.731,35.551,3572026
-116.520,45.534,35.200,3572047
-116.156,45.412,35.146,3572068
-116.152,45.223,34.869,3572089
-116.224,45.103,34.528,3572110
-115.806,45.085,34.494,3572131
-115.480,45.204,34.382,3572152
-115.190,45.320,34.228,3572173
-114.899,45.471,34.038,3572194
-114.983,45.368,33.626,3572215
-114.679,45.401,33.463,3572236
-114.860,45.344,32.963,3572257
-115.087,45.225,32.469,3572278
-115.403,45.129,31.913,3572299
-115.646,44.936,31.426,3572320
-116.039,44.905,30.864,3572341
-116.168,45.072,30.524,3572362
-116.210,45.157,30.262,3572383
-116.644,45.008,29.701,3572404
-116.896,45.157,29.272,3572425
-117.380,45.034,28.682,3572446
-117.852,44.881,28.104,3572467
-117.936,44.936,27.749,3572488
-118.404,44.768,27.115,3572509
-118.712,44.575,26.589,3572530
-118.727,44.546,26.248,3572551
-118.840,44.673,25.814,3572572
-118.868,44.781,25.422,3572593
-118.860,44.865,25.026,3572614
-119.242,45.106,24.333,3572635
-119.247,45.294,23.925,3572656
-119.205,45.481,23.531,3572677
-119.417,45.374,22.925,3572698
-119.659,45.338,22.333,3572720
-119.915,45.379,21.699,3572741
-119.832,45.648,21.301,3572762
-119.702,45.886,20.929,3572783
-119.467,46.072,20.606,3572804
-119.374,45.899,20.163,3572825
-119.049,45.736,19.864,3572846
-118.845,45.948,19.455,3572867
-118.869,45.846,18.888,3572888
-118.772,45.588,18.408,3572909
-118.396,45.349,18.092,3572930
-118.298,45.132,17.592,3572951
-118.012,45.265,17.212,3572972
-117.674,45.351,16.865,3572993
-117.633,45.571,16.263,3573014
-117.398,45.793,15.833,3573035
-117.476,45.682,15.164,3573056
-117.088,45.638,14.837,3573077
-117.105,45.520,14.218,3573098
-117.231,45.457,13.504,3573119
-117.094,45.264,12.945,3573140
-117.177,45.110,12.236,3573161
-117.173,45.362,11.575,3573182
-117.152,45.579,10.935,3573203
-116.935,45.681,10.423,3573224
-116.969,45.884,9.692,3573245
-116.821,45.997,9.081,3573266
-117.105,45.986,8.150,3573287
-117.022,45.690,7.472,3573308
-117.208,45.472,6.600,3573329
-117.095,45.482,5.913,3573350
-117.319,45.282,5.015,3573371
-117.534,45.057,4.100,3573392
-117.704,45.253,3.205,3573413
-118.136,45.288,2.117,3573434
-118.499,45.481,1.080,3573455
-118.663,45.695,0.176,3573476
-118.673,45.578,359.381,3573497
-118.852,45.380,358.481,3573518
-118.938,45.210,357.659,3573539
-118.882,45.043,356.937,3573560
-119.045,44.883,356.067,3573581
-119.245,44.751,355.164,3573602
-119.301,45.008,354.395,3573623
-119.547,45.214,353.462,3573644
-119.608,45.453,352.686,3573665
-119.844,45.635,351.803,3573686
-119.965,45.905,351.023,3573707
-119.729,45.828,350.497,3573728
-119.488,45.976,349.997,3573749
-119.193,45.880,349.532,3573770
-119.222,45.719,348.830,3573791
-118.929,45.694,348.360,3573812
-119.034,45.910,347.612,3573833
-119.207,46.061,346.803,3573854
-118.942,45.996,346.335,3573875
-118.624,46.031,345.917,3573896
-118.743,46.199,345.192,3573917
-118.599,46.012,344.658,3573938
-118.459,45.825,344.128,3573959
-118.467,45.663,343.501,3573980
-118.260,45.467,343.032,3574001
-118.150,45.694,342.510,3574022
-118.360,45.759,341.746,3574043
-118.561,45.814,341.000,3574064
-118.557,46.041,340.415,3574085
-118.648,46.232,339.762,3574106
-118.539,46.026,339.257,3574127
-118.342,45.844,338.817,3574148
-118.485,46.016,338.168,3574169
-118.268,46.047,337.777,3574190
-118.250,45.834,337.259,3574211
-118.525,45.976,336.530,3574232
-118.405,46.092,336.107,3574253
-118.536,46.316,335.513,3574274
-118.500,46.119,335.068,3574295
-118.899,46.152,334.315,3574316
-119.097,46.325,333.712,3574337
-119.114,46.067,333.224,3574358
-119.125,45.812,332.735,3574379
-119.082,45.802,332.292,3574400
-119.023,45.732,331.887,3574421
-119.462,45.658,331.102,3574442
-119.687,45.836,330.499,3574463
-119.847,45.999,329.933,3574484
-120.281,46.082,329.227,3574505
-120.706,46.143,328.521,3574526
-120.983,45.992,327.948,3574547
-121.010,45.813,327.521,3574568
-121.040,45.635,327.106,3574589
-121.769,46.101,326.716,3574610
-122.322,46.351,326.418,3574631
-122.403,46.786,326.420,3574652
-122.677,47.321,326.266,3574673
-122.879,47.837,326.144,3574694
-122.912,48.303,326.126,3574715
-123.074,48.740,326.022,3574736
-123.226,49.121,325.912,3574757
-122.937,49.316,326.148,3574778
-122.588,49.364,326.409,3574799
-122.649,49.279,326.353,3574820
-122.238,49.206,326.634,3574841
-122.609,49.362,326.604,3574862
-122.379,49.501,327.015,3574883
-122.608,49.727,327.051,3574904
-122.665,49.982,327.181,3574925
-122.788,50.056,327.265,3574946
-122.387,49.849,327.714,3574967
-122.221,49.679,328.112,3574988
-122.145,49.468,328.415,3575009
-122.296,49.418,328.532,3575030
-121.930,49.098,329.049,3575051
-121.639,48.833,329.556,3575072
-121.530,48.865,329.934,3575093
-121.731,48.760,330.088,3575114
-121.717,48.759,330.402,3575135
-121.529,48.687,330.876,3575156
-121.503,48.631,331.211,3575177
-121.426,48.145,331.617,3575198
-121.261,47.687,332.077,3575219
-121.132,47.203,332.472,3575240
-120.901,47.057,332.950,3575261
-120.599,46.697,333.468,3575282
-120.247,46.507,334.011,3575303
-120.321,46.443,334.263,3575324
-120.427,46.331,334.474,3575345
-120.372,46.424,334.794,3575366
-120.389,46.220,335.052,3575387
-120.345,45.982,335.344,3575408
-120.302,45.768,335.642,3575429
-119.978,45.875,336.130,3575450
-119.615,45.849,336.645,3575471
-119.313,45.713,337.097,3575492
-119.094,45.887,337.467,3575513
-118.991,46.169,337.744,3575534
-119.094,46.456,337.843,3575555
-119.316,46.563,337.837,3575576
-119.547,46.726,337.816,3575597
-119.427,46.981,338.019,3575618
-119.386,46.874,338.155,3575639
-119.644,46.829,338.048,3575660
-119.489,46.918,338.258,3575681
-119.402,46.877,338.399,3575702
-119.620,47.193,338.306,3575723
-120.035,47.426,338.084,3575744
-120.471,47.582,337.843,3575765
-120.571,47.875,337.857,3575786
-120.946,48.164,337.661,3575807
-120.848,48.129,337.808,3575828
-121.208,48.073,337.598,3575849
-121.248,47.914,337.637,3575870
-121.394,47.743,337.593,3575891
-121.483,47.457,337.307,3575912
-121.377,47.404,337.183,3575933
-121.626,47.531,336.818,3575954
-121.943,47.556,336.414,3575975
-122.181,47.752,336.217,3575996
-122.290,47.971,336.108,3576017
-122.203,48.146,336.169,3576038
-121.990,47.954,336.316,3576059
-121.640,47.865,336.581,3576080
-121.260,47.727,336.871,3576101
-120.913,47.561,337.144,3576122
-120.965,47.523,337.121,3576143
-120.850,47.725,337.227,3576164
-120.847,47.894,337.251,3576185
-120.680,47.663,337.386,3576206
-120.622,47.819,337.422,3576227
-120.092,47.721,337.805,3576248
-119.992,47.527,337.866,3576269
-119.834,47.310,337.926,3576290
-119.427,47.018,338.152,3576311
-118.924,46.785,338.476,3576332
-118.430,46.536,338.754,3576353
-118.213,46.674,338.833,3576374
-118.104,46.809,338.827,3576395
-118.004,46.965,338.822,3576416
-117.882,47.106,338.822,3576437
-117.556,47.189,338.966,3576458
-117.456,46.925,338.925,3576479
-117.187,46.665,338.981,3576500
-117.264,46.513,338.774,3576521
-116.969,46.323,338.792,3576542
-117.046,46.197,338.536,3576563
-116.876,46.398,338.456,3576584
-116.924,46.632,338.170,3576606
-117.011,46.864,337.835,3576627
-117.176,46.956,337.414,3576648
-116.960,46.881,337.265,3576669
-116.724,46.875,337.101,3576690
-116.937,46.783,336.591,3576711
-116.856,46.903,336.483,3576732
-116.880,47.025,336.257,3576753
-117.326,47.315,335.723,3576774
-117.650,47.640,335.338,3576795
-118.059,47.938,334.849,3576816
-118.636,48.041,334.258,3576837
-119.042,48.305,333.768,3576858
-119.551,48.187,333.217,3576879
-119.745,48.370,333.022,3576900
-120.233,48.235,332.601,3576921
-120.472,48.017,332.342,3576942
-120.716,47.771,332.072,3576963
-120.880,47.765,331.843,3576984
-121.276,47.874,331.431,3577005
-121.333,47.784,331.299,3577026
-121.889,47.741,330.776,3577047
-122.288,47.476,330.382,3577068
-122.341,47.154,330.224,3577089
-122.234,46.840,330.188,3577110
-122.371,46.910,329.955,3577131
-122.337,46.523,329.852,3577152
-122.299,46.169,329.796,3577173
-122.338,46.263,329.689,3577194
-122.594,46.348,329.439,3577215
-122.900,46.437,329.199,3577236
-123.091,46.611,329.004,3577257
-123.403,46.758,328.736,3577278
-123.731,46.820,328.464,3577299
-123.596,46.604,328.504,3577320
-123.366,46.629,328.626,3577341
-123.081,46.568,328.783,3577362
-122.706,46.545,328.986,3577383
-122.512,46.848,329.044,3577404
-122.060,47.039,329.291,3577425
-121.682,47.347,329.493,3577446
-121.606,47.589,329.462,3577467
-121.531,47.695,329.398,3577488
-121.067,47.559,329.637,3577509
-120.628,47.423,329.848,3577530
-120.129,47.352,330.151,3577551
-120.040,47.302,330.136,3577572
-119.844,47.185,330.196,3577593
-119.501,47.412,330.356,3577614
-119.410,47.653,330.358,3577635
-119.408,47.830,330.277,3577656
-119.071,47.996,330.461,3577677
-119.072,47.926,330.365,3577698
-119.053,48.037,330.274,3577719
-118.671,47.773,330.454,3577740
-118.350,47.473,330.580,3577761
-118.027,47.319,330.781,3577782
-117.730,47.272,330.967,3577803
-118.038,47.361,330.744,3577824
-117.931,47.429,330.797,3577845
-118.198,47.605,330.623,3577866
-118.309,47.356,330.543,3577887
-118.588,47.576,330.345,3577908
-118.754,47.389,330.237,3577929
-118.708,47.463,330.274,3577950
-118.790,47.236,330.235,3577971
-118.693,47.236,330.321,3577992
-118.652,47.007,330.371,3578013
-118.555,46.852,330.498,3578034
-118.783,46.988,330.359,3578055
-119.130,47.012,330.161,3578076
-119.542,47.020,329.933,3578097
-119.789,47.128,329.788,3578118
-120.163,47.157,329.613,3578139
-120.186,46.820,329.695,3578160
-121.925,46.847,330.085,3578349
-121.724,46.785,330.448,3578370
-121.431,46.970,330.865,3578391
-121.254,46.883,331.184,3578412
-120.964,46.837,331.619,3578433
-121.141,46.965,331.687,3578454
-121.086,47.292,331.928,3578475
-121.013,47.614,332.152,3578496
-121.172,47.745,332.221,3578517
-121.040,48.072,332.512,3578538
-121.013,48.376,332.695,3578559
-120.913,48.240,332.956,3578580
-120.678,48.436,333.308,3578601
-120.377,48.336,333.723,3578622
-120.107,48.240,334.110,3578643
-120.230,48.071,334.220,3578664
-120.393,48.284,334.302,3578685
-120.364,48.033,334.534,3578706
-120.696,48.041,334.515,3578727
-121.018,48.057,334.523,3578748
-121.273,48.101,334.566,3578769
-121.044,47.896,334.978,3578790
-121.285,47.898,335.080,3578811
-120.978,47.798,335.567,3578832
-120.854,47.486,335.917,3578853
-120.567,47.229,336.373,3578874
-120.367,47.210,336.745,3578895
-120.429,47.293,336.923,3578916
-120.505,47.370,337.088,3578937
-120.331,47.083,337.433,3578958
-120.437,47.226,337.553,3578979
-120.656,47.321,337.569,3579000
-120.398,47.166,337.926,3579021
-120.134,46.944,338.254,3579042
-119.858,46.724,338.600,3579063
-119.787,46.457,338.787,3579084
-119.893,46.559,338.820,3579105
-119.973,46.655,338.882,3579126
-120.109,46.510,338.888,3579147
-120.068,46.601,339.024,3579168
-120.172,46.547,339.075,3579189
-120.055,46.226,339.275,3579210
-119.742,46.237,339.626,3579231
-119.598,45.928,339.854,3579252
-119.351,45.658,340.150,3579273
-119.160,45.402,340.394,3579294
-118.983,45.531,340.618,3579315
-119.122,45.702,340.614,3579336
-119.233,45.874,340.633,3579357
-119.502,45.936,340.543,3579378
-120.528,46.172,338.568,3580071
-120.141,46.183,338.754,3580092
-120.098,46.012,338.691,3580113
-119.752,45.851,338.863,3580134
-119.795,46.070,338.786,3580155
-119.482,46.303,338.945,3580176
-119.085,46.465,339.179,3580197
-119.096,46.445,339.107,3580218
-118.858,46.753,339.204,3580239
-118.595,47.091,339.335,3580260
-118.451,47.458,339.346,3580281
-118.490,47.450,339.213,3580302
-118.557,47.424,339.053,3580323
-118.274,47.625,339.111,3580344
-118.116,47.494,339.078,3580365
-117.799,47.613,339.146,3580386
-117.911,47.816,338.904,3580407
-118.116,47.793,338.601,3580428
-117.817,47.775,338.645,3580449
-117.981,47.626,338.330,3580470
-117.728,47.513,338.315,3580491
-117.944,47.328,337.938,3580512
-118.226,47.130,337.529,3580533
-118.284,46.798,337.294,3580554
-118.341,46.806,337.026,3580575
-118.595,46.859,336.619,3580596
-118.730,46.852,336.293,3580617
-119.077,46.505,335.812,3580638
-119.494,46.557,335.268,3580659
-119.909,46.648,334.730,3580680
-119.996,46.552,334.424,3580701
-120.205,46.269,334.027,3580722
-120.249,46.107,333.733,3580743
-120.383,45.816,333.385,3580764
-120.510,45.565,333.066,3580786
-120.981,45.634,332.477,3580807
-121.261,45.837,332.032,3580828
-121.637,45.978,331.512,3580849
-122.021,45.883,330.976,3580870
-122.207,45.693,330.577,3580891
-122.313,45.510,330.240,3580912
-122.565,45.775,329.777,3580933
-122.727,45.638,329.366,3580954
-122.574,45.672,329.171,3580975
-122.785,45.999,328.712,3580996
-122.769,46.311,328.396,3581017
-122.918,46.645,327.972,3581038
-122.638,46.814,327.860,3581059
-122.658,46.764,327.534,3581080
-122.306,46.749,327.466,3581101
-121.903,46.925,327.443,3581122
-121.508,47.108,327.392,3581143
-121.541,47.176,327.032,3581164
-121.405,47.110,326.781,3581185
-121.196,47.434,326.577,3581206
-120.966,47.716,326.382,3581227
-120.909,47.974,326.050,3581248
-120.958,48.011,325.643,3581269
-121.014,48.082,325.207,3581290
-120.723,47.906,325.052,3581311
-120.299,47.727,324.981,3581332
-120.292,47.673,324.576,3581353
-119.858,47.419,324.477,3581374
-119.610,47.083,324.234,3581395
-119.897,47.537,324.075,3581416
-120.296,47.859,323.768,3581437
-120.679,48.109,323.451,3581458
-121.124,48.225,323.085,3581479
-121.366,48.459,322.842,3581500
-121.571,48.671,322.648,3581521
-121.525,48.471,322.627,3581542
-121.470,48.222,322.573,3581563
-121.368,47.994,322.517,3581584
-121.247,47.809,322.442,3581605
-121.083,47.569,322.380,3581626
-121.126,47.530,322.142,3581647
-121.355,47.409,321.743,3581668
-121.596,47.164,321.316,3581689
-121.824,46.936,320.906,3581710
-121.806,46.892,320.880,3581731
-121.870,46.541,320.768,3581752
-122.101,46.239,320.528,3581773
-122.254,45.903,320.295,3581794
-122.045,45.657,320.326,3581815
-122.084,45.289,320.142,3581836
-122.209,45.381,319.876,3581857
-122.400,45.425,319.561,3581878
-122.520,45.530,319.280,3581899
-122.726,45.499,318.924,3581920
-122.435,45.316,318.912,3581941
-122.330,45.162,318.835,3581962
-122.320,45.413,318.688,3581983
-122.042,45.429,318.739,3582004
-121.797,45.425,318.738,3582025
-121.916,45.723,318.483,3582046
-121.733,46.004,318.461,3582067
-121.451,46.129,318.508,3582088
-121.657,46.425,318.188,3582109
-121.758,46.717,317.941,3582131
-121.621,46.663,317.862,3582152
-121.650,46.759,317.629,3582173
-121.242,46.717,317.701,3582194
-120.844,46.715,317.740,3582215
-120.568,46.641,317.691,3582236
-120.233,46.744,317.686,3582258
-120.199,47.076,317.453,3582279
-120.255,47.302,317.142,3582300
-120.275,47.634,316.883,3582321
-120.485,47.769,316.471,3582342
-120.524,47.635,316.177,3582363
-120.323,47.686,316.044,3582384
-120.212,47.735,315.846,3582405
-120.285,47.884,315.493,3582426
-120.491,48.011,315.054,3582447
-120.621,47.665,314.641,3582468
-120.851,47.733,314.128,3582489
-121.253,47.746,313.509,3582510
-121.651,47.718,312.885,3582531
-121.697,47.310,312.519,3582552
-121.564,47.038,312.300,3582573
-121.388,46.898,312.106,3582594
-121.382,46.502,311.778,3582615
-121.163,46.333,311.552,3582636
-121.406,46.203,311.037,3582657
-121.611,46.147,310.517,3582678
-121.796,45.975,309.985,3582699
-121.938,46.018,309.524,3582720
-122.112,45.987,309.032,3582741
-121.738,45.778,308.923,3582762
-121.302,45.644,308.831,3582783
-121.364,45.514,308.384,3582804
-120.966,45.423,308.267,3582825
-120.568,45.471,308.138,3582846
-120.257,45.428,307.927,3582867
-120.196,45.726,307.552,3582888
-120.337,45.981,306.982,3582909
-120.407,46.284,306.424,3582930
-120.489,46.587,305.853,3582951
-120.264,46.574,305.478,3582972
-120.456,46.780,304.779,3582993
-120.204,47.086,304.392,3583014
-119.895,47.172,304.033,3583035
-119.545,47.326,303.701,3583056
-119.350,47.647,303.217,3583077
-119.563,47.775,302.464,3583098
-119.834,48.014,301.643,3583119
-120.104,48.166,300.782,3583140
-120.359,48.201,299.892,3583161
-120.663,48.309,298.964,3583182
-120.446,48.286,298.392,3583203
-120.222,48.321,297.795,3583224
-119.995,48.260,297.161,3583245
-119.805,48.098,296.485,3583266
-120.111,48.222,295.410,3583287
-120.467,48.184,294.304,3583308
-120.585,48.351,293.324,3583329
-121.123,48.331,292.021,3583350
-121.715,48.421,290.639,3583371
-122.030,48.244,289.457,3583392
-122.103,48.272,288.409,3583413
-122.190,48.384,287.324,3583434
-122.427,48.280,286.069,3583455
-122.441,48.293,284.968,3583476
-122.640,48.630,283.696,3583497
-123.091,48.927,282.220,3583518
-123.190,48.865,280.984,3583539
-123.092,48.811,279.886,3583560
-123.416,49.014,278.469,3583581
-123.201,49.221,277.402,3583602
-122.983,49.207,276.351,3583623
-123.010,49.573,275.099,3583644
-122.685,49.821,274.096,3583665
-121.237,50.196,274.568,3583686
-119.570,50.378,275.220,3583707
-118.515,50.495,275.392,3583728
-117.603,50.529,275.433,3583749
-116.898,50.561,275.341,3583770
-116.224,50.410,275.220,3583791
-115.676,50.187,275.053,3583812
-115.021,50.025,274.952,3583833
-114.597,50.129,274.690,3583854
-114.167,50.054,274.455,3583875
-113.848,49.856,274.121,3583896
-113.858,49.941,273.537,3583917
-113.986,50.028,272.869,3583938
-114.448,49.797,271.926,3583959
-115.002,49.542,270.904,3583980
-115.630,49.297,269.835,3584001
-116.140,48.865,268.848,3584022
-116.881,48.516,267.672,3584043
-117.485,48.059,266.603,3584064
-117.927,47.791,265.660,3584085
-118.504,47.621,264.639,3584106
-119.309,47.160,263.454,3584127
-120.406,46.910,262.044,3584148
-121.534,46.656,260.592,3584169
-122.654,46.362,259.173,3584190
-123.778,46.095,257.754,3584211
-124.851,45.826,256.363,3584232
-125.537,45.777,255.271,3584253
-126.342,45.814,254.094,3584274
-126.780,45.561,253.175,3584295
-127.205,45.567,252.272,3584316
-127.619,45.289,251.366,3584337
-128.308,45.444,250.273,3584358
-129.041,45.574,249.147,3584379
-129.485,45.378,248.249,3584400
-129.894,45.232,247.370,3584421
-130.300,45.158,246.500,3584442
-130.500,45.448,245.767,3584463
-130.433,45.555,245.242,3584484
-130.360,45.716,244.697,3584505
-130.615,46.055,243.909,3584526
-130.634,46.445,243.271,3584547
-130.661,46.440,242.645,3584568
-130.682,46.520,241.992,3584589
-130.649,46.669,241.358,3584610
-130.320,46.760,240.951,3584631
-129.808,46.854,240.679,3584652
-129.122,47.152,240.545,3584673
-128.444,47.565,240.434,3584694
-127.737,47.913,240.348,3584715
-126.943,48.176,240.315,3584736
-126.530,48.617,240.013,3584757
-125.725,48.634,239.987,3584778
-125.376,48.756,239.627,3584799
-125.026,48.781,239.281,3584820
-124.702,48.778,238.886,3584841
-124.434,48.820,238.453,3584862
-124.205,48.933,238.003,3584883
-123.533,48.974,237.871,3584904
-123.051,49.041,237.614,3584925
-122.962,48.809,237.054,3584946
-122.740,48.844,236.619,3584967
-122.843,48.598,235.934,3584988
-122.772,48.170,235.385,3585009
-122.832,47.729,234.745,3585030
-122.750,47.285,234.238,3585051
-122.852,46.852,233.590,3585072
-122.917,46.800,233.024,3585093
-122.934,46.733,232.492,3585114
-122.950,46.631,231.992,3585135
-123.193,46.670,231.326,3585156
-123.671,46.691,230.520,3585177
-124.083,46.382,229.759,3585198
-124.634,46.243,228.928,3585219
-124.979,45.925,228.256,3585240
-125.310,46.025,227.605,3585261
-125.633,45.724,227.018,3585282
-125.785,45.687,226.572,3585303
-126.049,45.775,226.052,3585324
-126.327,45.907,225.506,3585345
-126.638,46.062,224.922,3585366
-126.964,46.264,224.336,3585387
-127.577,46.202,223.513,3585408
-128.105,46.177,222.753,3585429
-128.534,46.105,222.062,3585450
-128.704,45.952,221.532,3585471
-129.046,45.943,220.862,3585492
-128.969,46.172,220.476,3585513
-129.165,46.320,220.763,3585534
-129.292,45.978,221.347,3585555
-129.916,45.689,221.512,3585576
-130.128,45.610,221.928,3585597
-130.640,45.279,222.089,3585618
-131.172,45.030,222.177,3585639
-131.450,44.623,222.423,3585660
-131.057,44.874,222.557,3585681
-130.567,44.860,222.781,3585702
-130.000,44.896,223.033,3585723
-129.470,45.290,223.243,3585744
-129.055,45.755,223.333,3585765
-128.414,46.134,223.560,3585786
-127.699,46.467,223.815,3585807
-126.912,46.753,224.116,3585828
-126.527,46.814,224.106,3585849
-126.101,46.889,224.099,3585870
-125.686,46.956,224.093,3585891
-125.197,46.785,224.538,3585912
-124.600,46.965,225.015,3585933
-123.925,47.026,225.526,3585954
-123.778,47.067,225.650,3585975
-123.304,46.808,225.982,3585996
-122.876,46.897,226.254,3586017
-122.381,46.904,226.543,3586038
-122.384,46.785,226.455,3586059
-122.286,46.561,226.448,3586080
-122.022,46.250,226.548,3586101
-121.659,46.225,226.706,3586122
-121.790,46.066,226.516,3586143
-121.626,46.110,226.536,3586164
-121.400,46.096,226.586,3586185
-121.150,46.086,226.627,3586206
-121.130,46.170,226.485,3586227
-121.334,46.189,226.197,3586248
-121.396,45.887,225.995,3586269
-121.641,45.758,225.671,3586290
-121.842,45.553,225.363,3586311
-121.996,45.339,225.102,3586332
-121.834,45.319,225.087,3586353
-121.729,45.371,225.023,3586374
-121.814,45.580,224.830,3586395
-121.858,45.797,224.647,3586416
-121.717,45.875,224.598,3586437
-121.685,46.054,224.458,3586458
-121.889,45.949,224.140,3586479
-122.089,45.850,223.827,3586500
-122.329,45.781,223.474,3586521
-122.533,45.705,223.125,3586542
-122.758,45.639,222.753,3586563
-122.606,45.859,222.641,3586584
-122.493,46.152,222.487,3586605
-122.756,46.291,222.071,3586626
-122.608,46.469,221.901,3586647
-122.492,46.662,221.725,3586668
-122.794,46.756,221.205,3586689
-122.737,46.580,220.970,3586710
-122.777,46.430,220.659,3586731
-123.016,46.552,220.210,3586752
-122.838,46.633,220.050,3586773
-122.586,46.695,219.939,3586794
-122.765,46.853,219.489,3586815
-122.740,47.004,219.196,3586836
-122.564,47.037,218.983,3586857
-122.812,47.028,218.454,3586878
-122.776,46.692,218.127,3586899
-122.837,46.406,217.739,3586920
-122.788,46.122,217.396,3586941
-122.469,46.042,217.273,3586962
-122.504,45.821,216.877,3586983
-122.598,45.660,216.426,3587004
-122.314,45.692,216.241,3587025
-122.133,45.873,215.993,3587046
-122.209,46.133,215.553,3587067
-122.411,46.210,215.027,3587088
-122.132,46.365,214.838,3587109
-121.793,46.376,214.688,3587130
-121.706,46.231,214.328,3587151
-121.791,46.163,213.830,3587172
-121.473,46.114,213.631,3587193
-121.485,46.399,213.164,3587214
-121.689,46.580,212.555,3587235
-121.859,46.836,211.931,3587256
-121.923,47.103,211.405,3587277
-121.723,47.220,211.027,3587298
-122.070,46.921,210.561,3587319
-122.376,46.603,210.113,3587340
-122.679,46.295,209.667,3587361
-122.749,45.952,209.378,3587382
-123.082,45.717,208.923,3587403
-122.979,45.543,208.779,3587424
-123.018,45.625,208.517,3587445
-123.280,45.778,208.096,3587466
-123.671,45.637,207.692,3587487
-123.641,45.686,207.576,3587508
-123.519,45.499,207.538,3587529
-123.696,45.663,207.261,3587550
-123.814,45.460,207.028,3587571
-123.823,45.642,206.940,3587592
-123.812,45.425,206.875,3587613
-123.728,45.495,206.894,3587634
-124.095,45.524,206.588,3587655
-124.077,45.300,206.554,3587676
-124.430,45.224,206.276,3587697
-124.607,45.376,206.100,3587718
-124.479,45.437,206.176,3587739
-124.421,45.195,206.176,3587760
-124.361,45.331,206.228,3587781
-124.401,45.130,206.190,3587802
-124.168,44.905,206.347,3587823
-123.944,44.672,206.474,3587844
-124.017,44.897,206.382,3587865
-123.919,45.146,206.409,3587886
-123.517,45.169,206.673,3587907
-123.239,45.338,206.886,3587928
-122.931,45.158,207.107,3587949
-122.805,45.364,207.215,3587970
-122.893,45.234,207.150,3587991
-122.944,45.041,207.144,3588012
-122.906,44.829,207.184,3588033
-122.708,44.960,207.379,3588054
-122.616,45.138,207.476,3588075
-122.831,45.167,207.351,3588096
-122.942,45.327,207.296,3588117
-122.758,45.422,207.425,3588138
-122.528,45.469,207.578,3588159
-122.642,45.292,207.489,3588180
-122.687,45.071,207.424,3588201
-122.691,44.829,207.378,3588222
-122.479,44.710,207.476,3588243
-122.769,44.774,207.202,3588264
-122.684,44.992,207.207,3588285
-122.604,45.216,207.195,3588306
-122.738,45.543,207.047,3588327
-122.790,45.854,206.961,3588348
-123.132,45.908,206.671,3588369
-123.127,45.864,206.643,3588390
-123.518,45.931,206.303,3588411
-123.952,45.861,206.025,3588432
-123.906,45.783,206.079,3588453
-123.831,45.794,206.163,3588474
-123.874,45.968,206.170,3588495
-123.941,46.138,206.151,3588516
-124.312,46.389,205.913,3588537
-124.431,46.588,205.842,3588558
-124.807,46.756,205.589,3588579
-125.152,46.903,205.345,3588600
-125.386,46.775,205.175,3588621
-125.509,46.548,205.098,3588642
-125.708,46.422,204.936,3588663
-125.629,46.159,204.983,3588684
-125.333,46.045,205.152,3588705
-125.342,46.174,205.089,3588726
-125.224,46.318,205.103,3588747
-124.954,46.391,205.235,3588768
-125.119,46.284,205.053,3588790
-124.800,46.282,205.211,3588811
-124.717,46.079,205.169,3588832
-124.601,45.902,205.185,3588853
-124.119,45.822,205.471,3588874
-123.768,45.989,205.662,3588895
-123.722,45.889,205.643,3588916
-123.400,46.059,205.805,3588937
-123.054,46.211,205.995,3588958
-122.942,46.325,206.001,3588979
-122.833,46.172,205.993,3589000
-122.303,45.957,206.271,3589021
-122.174,45.828,206.269,3589042
-121.804,45.597,206.431,3589063
-121.289,45.456,206.692,3589084
-120.808,45.620,206.925,3589105
-120.526,45.836,206.996,3589126
-120.233,46.063,207.072,3589147
-120.360,46.133,206.963,3589168
-120.372,46.307,206.917,3589189
-120.298,46.474,206.931,3589210
-120.087,46.306,207.017,3589231
-120.044,46.085,206.974,3589252
-120.150,45.942,206.819,3589273
-119.977,45.786,206.867,3589294
-119.871,46.022,206.834,3589315
-120.132,46.169,206.544,3589336
-119.991,46.398,206.529,3589357
-119.897,46.660,206.471,3589378
-120.162,46.927,206.155,3589399
-120.433,47.193,205.821,3589420
-120.659,47.014,205.593,3589441
-120.782,46.804,205.424,3589462
-120.866,46.607,205.257,3589483
-121.277,46.750,204.836,3589504
-121.426,46.583,204.569,3589525
-121.278,46.683,204.498,3589546
-121.359,46.929,204.220,3589567
-121.505,47.165,203.891,3589588
-121.681,47.373,203.591,3589609
-121.729,47.170,203.385,3589630
-122.121,47.044,202.927,3589651
-122.191,46.848,202.651,3589672
-122.424,46.602,202.267,3589693
-122.390,46.549,202.078,3589714
-122.543,46.265,201.757,3589735
-122.890,46.372,201.260,3589756
-123.309,46.340,200.717,3589777
-123.297,46.411,200.453,3589798
-123.393,46.495,200.151,3589819
-123.547,46.351,199.797,3589840
-123.530,46.483,199.564,3589861
-123.408,46.215,199.415,3589882
-122.967,46.018,199.496,3589903
-122.720,45.739,199.423,3589924
-122.209,45.548,199.548,3589945
-121.974,45.682,199.481,3589966
-121.530,45.689,199.561,3589987
-121.300,45.816,199.495,3590008
-121.237,45.955,199.302,3590029
-120.769,45.877,199.435,3590050
-120.684,45.632,199.328,3590071
-120.771,45.567,199.103,3590092
-120.864,45.449,198.861,3590113
-120.957,45.259,198.636,3590134
-120.755,45.097,198.621,3590155
-120.962,45.290,198.281,3590176
-121.113,45.482,198.000,3590197
-121.451,45.506,197.564,3590218
-121.473,45.676,197.354,3590239
-121.548,45.875,197.097,3590260
-121.814,45.732,196.700,3590281
-122.068,45.567,196.315,3590302
-122.311,45.404,195.934,3590323
-122.310,45.344,195.744,3590344
-122.335,45.274,195.515,3590365
-122.702,45.576,195.048,3590386
-122.974,45.860,194.669,3590407
-123.078,46.085,194.396,3590428
-123.497,46.390,193.898,3590449
-123.885,46.381,193.422,3590470
-123.824,46.501,193.264,3590491
-123.762,46.454,193.085,3590512
-123.858,46.373,192.831,3590533
-124.193,46.542,192.363,3590554
-124.418,46.575,192.000,3590575
-124.241,46.800,191.905,3590596
-124.048,47.015,191.821,3590617
-123.993,47.181,191.595,3590638
-123.856,47.317,191.417,3590659
-123.537,47.388,191.402,3590680
-123.380,47.086,191.232,3590701
-123.259,46.826,191.051,3590722
-122.822,46.492,191.099,3590743
-122.683,46.275,190.922,3590764
-122.201,45.953,190.976,3590785
-121.818,46.056,190.946,3590806
-121.440,46.168,190.894,3590827
-120.904,46.049,190.963,3590848
-120.913,46.062,190.618,3590869
-120.681,46.206,190.438,3590890
-120.520,45.946,190.205,3590911
-120.554,45.764,189.835,3590932
-120.577,45.578,189.441,3590953
-120.294,45.398,189.263,3590974
-120.042,45.249,189.047,3590995
-120.068,45.489,188.604,3591016
-120.316,45.418,187.996,3591037
-120.588,45.239,187.289,3591058
-120.689,45.419,186.718,3591079
-120.699,45.624,186.177,3591100
-121.090,45.586,185.355,3591121
-121.411,45.466,184.559,3591142
-121.407,45.337,183.932,3591163
-121.500,45.142,183.235,3591184
-121.589,45.380,182.551,3591205
-121.669,45.579,181.845,3591226
-121.989,45.828,180.958,3591247
-122.253,46.067,180.129,3591268
-122.479,46.291,179.283,3591289
-122.818,46.405,178.373,3591310
-123.197,46.425,177.455,3591331
-123.203,46.156,176.800,3591352
-123.265,45.905,176.112,3591373
-123.164,45.717,175.545,3591394
-123.046,45.522,174.965,3591415
-123.301,45.439,174.139,3591436
-123.366,45.644,173.449,3591457
-123.148,45.758,172.949,3591478
-123.397,45.952,172.145,3591499
-123.511,46.221,171.417,3591520
-123.742,46.173,170.604,3591541
-123.495,46.133,170.129,3591562
-123.351,45.942,169.571,3591583
-123.194,45.753,169.013,3591604
-123.352,45.626,168.233,3591625
-123.208,45.709,167.626,3591646
-123.183,45.849,166.956,3591667
-123.449,45.889,166.047,3591688
-123.400,45.939,165.356,3591709
-123.475,45.998,164.564,3591730
-123.770,45.840,163.591,3591751
-123.561,45.753,162.962,3591772
-123.732,45.498,162.048,3591793
-123.775,45.201,161.203,3591814
-123.637,44.996,160.480,3591835
-123.654,45.144,159.624,3591856
-123.791,45.315,158.651,3591877
-124.104,45.309,157.557,3591898
-124.358,45.433,156.489,3591919
-124.458,45.599,155.497,3591940
-124.294,45.435,154.692,3591961
-124.165,45.200,153.840,3591982
-124.251,44.961,152.836,3592003
-124.108,44.757,151.945,3592024
-123.914,44.656,151.107,3592045
-124.113,45.185,150.532,3592066
-124.352,45.717,149.902,3592087
-124.837,46.133,149.074,3592108
-125.054,46.223,148.415,3592129
-125.407,46.472,147.641,3592150
-125.623,46.786,146.922,3592171
-125.748,46.713,146.255,3592192
-125.434,46.725,145.895,3592213
-125.356,46.508,145.345,3592234
-124.968,46.381,144.985,3592255
-124.687,46.353,144.469,3592276
-124.535,46.364,143.834,3592297
-124.636,46.111,143.024,3592318
-124.667,45.768,142.258,3592339
-124.611,45.577,141.540,3592360
-124.573,45.176,140.793,3592381
-124.087,44.593,140.379,3592402
-123.507,44.080,140.001,3592423
-122.903,43.718,139.631,3592444
-122.331,43.232,139.251,3592466
-121.944,43.133,138.771,3592487
-121.889,43.028,138.045,3592508
-121.749,42.607,137.375,3592529
-121.628,42.212,136.683,3592550
-121.498,42.161,135.988,3592571
-121.279,41.754,135.322,3592592
-120.885,41.505,134.802,3592613
-120.697,41.195,134.144,3592634
-120.375,41.086,133.559,3592655
-120.102,41.090,132.943,3592676
-120.087,41.320,132.161,3592697
-120.182,41.599,131.272,3592718
-120.445,41.601,130.262,3592739
-120.729,41.738,129.241,3592760
-120.979,41.874,128.258,3592781
-120.787,41.887,127.589,3592802
-120.704,41.707,126.845,3592823
-120.552,41.829,126.142,3592844
-120.592,42.114,125.322,3592865
-120.439,42.132,124.615,3592886
-120.792,42.219,123.582,3592907
-121.091,42.215,122.563,3592928
-121.492,42.390,121.502,3592949
-121.742,42.364,120.553,3592970
-121.954,42.732,119.600,3592991
-121.944,42.726,118.794,3593012
-122.201,43.109,117.815,3593033
-122.179,43.118,117.032,3593054
-122.210,43.361,116.226,3593075
-122.143,43.452,115.466,3593096
-122.529,43.664,114.407,3593117
-122.662,43.522,113.496,3593138
-122.990,43.475,112.460,3593159
-123.311,43.490,111.424,3593180
-123.602,43.505,110.396,3593201
-123.780,43.377,109.424,3593222
-123.522,43.326,108.736,3593243
-123.228,43.258,108.066,3593264
-122.931,43.394,107.400,3593285
-122.719,43.262,106.672,3593306
-122.676,43.606,105.832,3593327
-122.805,43.696,104.895,3593348
-122.460,43.748,104.252,3593369
-122.141,43.676,103.593,3593390
-122.244,43.849,102.628,3593411
-122.305,44.040,101.709,3593432
-121.926,43.974,101.106,3593453
-121.575,44.021,100.474,3593474
-121.260,44.138,99.845,3593495
-120.983,44.236,99.203,3593516
-121.118,44.399,98.271,3593537
-121.351,44.462,97.247,3593558
-121.557,44.376,96.232,3593579
-121.823,44.310,95.157,3593600
-122.127,44.316,94.061,3593621
-122.476,44.325,92.948,3593642
-122.420,44.223,92.100,3593663
-122.375,44.356,91.243,3593684
-122.359,44.531,90.375,3593705
-122.625,44.459,89.304,3593726
-122.604,44.687,88.441,3593747
-122.971,44.926,87.302,3593768
-123.197,44.907,86.272,3593789
-123.066,44.805,85.504,3593810
-122.957,45.054,84.695,3593831
-122.813,45.236,83.903,3593852
-122.685,45.381,83.074,3593873
-122.562,45.542,82.251,3593894
-122.627,45.404,81.287,3593915
-122.456,45.602,80.474,3593936
-122.198,45.679,79.700,3593957
-122.329,45.703,78.658,3593978
-122.455,45.819,77.612,3593999
-122.542,45.898,76.602,3594021
-122.614,45.907,75.609,3594042
-122.241,46.001,74.911,3594063
-122.034,46.201,74.104,3594084
-121.770,46.323,73.309,3594105
-121.614,46.426,72.419,3594126
-121.245,46.405,71.670,3594147
-120.800,46.309,70.865,3594168
-120.327,46.149,70.089,3594189
-119.801,45.882,69.326,3594210
-119.438,45.653,68.425,3594231
-119.210,45.464,67.419,3594252
-118.603,45.279,66.676,3594273
-118.057,45.180,65.864,3594294
-117.593,44.998,64.980,3594315
-117.533,44.914,63.721,3594336
-117.187,45.052,62.665,3594357
-117.201,44.830,61.292,3594378
-116.443,44.831,60.947,3594399
-116.323,44.698,60.822,3594420
-116.069,44.402,60.735,3594441
-116.163,44.218,60.364,3594462
-115.930,44.204,60.161,3594483
-115.782,44.235,59.875,3594504
-115.766,44.336,59.485,3594525
-115.784,44.464,59.043,3594546
-115.873,44.646,58.533,3594567
-116.289,44.653,57.770,3594588
-116.724,44.591,56.989,3594609
-117.165,44.456,56.217,3594630
-117.584,44.277,55.451,3594651
-118.095,44.194,54.588,3594672
-118.263,44.274,53.952,3594693
-118.437,44.347,53.291,3594714
-118.552,44.356,52.656,3594735
-118.769,44.499,51.961,3594756
-119.312,44.474,51.031,3594777
-119.774,44.363,50.128,3594798
-120.049,44.122,49.349,3594819
-120.097,43.944,48.750,3594840
-120.482,43.820,47.913,3594861
-120.560,43.642,47.503,3594883
-120.643,43.741,47.083,3594905
-121.008,43.975,46.454,3594926
-120.998,44.055,46.052,3594947
-120.946,44.096,45.654,3594968
-121.193,44.006,45.036,3594989
-121.299,43.883,44.520,3595010
-121.440,43.840,43.975,3595031
-121.620,43.796,43.498,3595052
-121.632,43.993,43.150,3595073
-121.271,44.070,43.030,3595094
-120.908,44.216,42.888,3595115
-120.809,44.402,42.518,3595136
-120.469,44.548,42.436,3595157
-120.430,44.518,42.114,3595178
-119.964,44.315,42.078,3595199
-119.771,44.161,41.846,3595220
-119.415,43.956,41.809,3595241
-119.020,43.788,41.778,3595262
-118.363,43.780,41.888,3595283
-117.707,43.989,41.984,3595304
-117.094,44.254,42.070,3595325
-116.937,44.407,41.806,3595346
-116.379,44.687,41.802,3595367
-116.215,45.017,41.522,3595388
-116.097,45.007,41.188,3595409
-116.122,45.233,40.741,3595430
-115.737,45.241,40.561,3595451
-115.497,45.148,40.265,3595472
-115.488,45.463,39.779,3595493
-115.316,45.558,39.419,3595514
-115.669,45.689,38.655,3595535
-115.720,45.884,38.109,3595556
-116.050,46.134,37.360,3595577
-116.351,45.933,36.645,3595598
-116.762,45.730,35.815,3595619
-116.819,45.566,35.241,3595640
-117.206,45.304,34.435,3595661
-117.764,45.126,33.490,3595682
-118.064,44.831,32.742,3595703
-118.470,44.945,31.914,3595724
-119.152,44.811,30.881,3595745
-119.768,44.885,29.901,3595766
-120.128,44.998,29.093,3595787
-120.770,44.871,28.087,3595808
-120.948,44.682,27.418,3595829
-121.529,44.795,26.472,3595850
-121.920,44.586,25.685,3595871
-122.227,44.367,24.936,3595892
-122.401,44.126,24.270,3595913
-122.417,44.300,23.711,3595934
-122.492,44.512,23.078,3595955
-122.511,44.734,22.484,3595976
-122.636,44.871,21.796,3595997
-122.683,44.899,21.140,3596018
-122.232,44.944,20.869,3596039
-122.190,44.894,20.296,3596060
-121.714,44.908,19.998,3596081
-121.652,44.877,19.421,3596102
-121.177,44.789,19.135,3596123
-120.704,44.966,18.833,3596144
-120.275,45.213,18.482,3596165
-119.782,45.410,18.170,3596186
-119.261,45.591,17.866,3596207
-118.727,45.479,17.559,3596228
-118.344,45.335,17.122,3596249
-117.745,45.401,16.870,3596270
-117.306,45.317,16.531,3596291
-116.883,45.651,16.186,3596312
-116.488,45.584,15.789,3596333
-116.288,45.971,15.263,3596354
-116.215,46.294,14.629,3596375
-116.175,46.605,13.987,3596396
-116.324,46.785,13.188,3596417
-116.550,46.865,12.343,3596438
-116.598,46.620,11.619,3596459
-116.603,46.324,10.955,3596480
-116.526,46.070,10.372,3596501
-116.538,45.766,9.754,3596522
-116.805,45.524,8.948,3596543
-116.869,45.674,8.319,3596564
-117.124,45.865,7.564,3596585
-117.489,46.054,6.746,3596606
-117.965,46.184,5.849,3596627
-118.120,45.996,5.202,3596648
-118.160,45.871,4.623,3596669
-118.733,45.944,3.667,3596690
-118.866,46.045,3.030,3596711
-118.942,45.989,2.431,3596732
-119.364,45.839,1.586,3596753
-119.644,46.039,0.837,3596774
-119.923,46.239,0.093,3596795
-119.933,46.358,359.551,3596816
-120.372,46.336,358.703,3596837
-120.697,46.246,357.948,3596858
-120.883,46.035,357.288,3596879
-121.248,46.043,356.506,3596900
-121.156,45.836,356.066,3596921
-121.106,45.657,355.611,3596942
-121.255,45.842,355.012,3596963
-121.190,45.952,354.573,3596984
-121.419,45.805,353.890,3597005
-121.339,45.959,353.427,3597026
-121.288,46.129,352.956,3597047
-121.428,46.021,352.328,3597068
-121.247,45.811,351.952,3597089
-121.200,45.627,351.487,3597110
-121.052,45.470,351.095,3597131
-120.762,45.509,350.833,3597152
-120.558,45.703,350.511,3597173
-120.710,45.845,349.949,3597194
-120.778,46.059,349.416,3597215
-120.583,46.283,349.090,3597236
-120.713,46.399,348.528,3597257
-120.837,46.444,347.964,3597278
-120.647,46.261,347.622,3597299
-120.395,46.071,347.336,3597320
-120.701,46.324,347.373,3597341
-120.837,46.491,347.484,3597362
-120.762,46.883,347.684,3597383
-120.915,47.377,347.688,3597404
-121.162,47.843,347.577,3597425
-121.349,48.233,347.507,3597446
-121.475,48.586,347.466,3597467
-121.771,48.866,347.267,3597488
-121.669,48.671,347.370,3597509
-121.437,48.568,347.573,3597530
-121.248,48.578,347.727,3597551
-121.045,48.349,347.882,3597572
-120.821,48.111,348.043,3597593
-121.058,48.120,347.847,3597614
-121.062,48.166,347.798,3597635
-121.123,47.937,348.066,3597656
-121.336,48.017,348.116,3597677
-121.325,47.707,348.312,3597698
-121.020,47.431,348.697,3597719
-121.124,47.466,348.751,3597740
-120.724,47.206,349.172,3597761
-120.431,46.899,349.485,3597782
-120.334,46.983,349.631,3597803
-120.188,47.094,349.826,3597824
-120.120,47.177,349.945,3597845
-120.113,47.021,350.011,3597866
-120.124,47.070,350.045,3597887
-120.127,47.089,350.087,3597908
-119.729,46.773,350.453,3597929
-119.458,46.418,350.722,3597950
-119.090,46.119,351.041,3597971
-118.739,45.944,351.324,3597992
-118.460,45.758,351.557,3598013
-118.257,45.828,351.709,3598034
-118.372,45.990,351.620,3598055
-118.632,46.091,351.438,3598076
-118.878,46.230,351.276,3598097
-119.172,46.168,351.050,3598118
-119.089,45.926,351.097,3598139
-118.958,45.787,351.194,3598160
-119.116,45.571,351.090,3598181
-119.075,45.400,351.128,3598202
-118.991,45.348,351.158,3598223
-119.421,45.467,350.805,3598244
-119.708,45.651,350.547,3598265
-120.100,45.832,350.222,3598286
-120.609,45.913,349.806,3598307
-121.146,45.909,349.377,3598328
-121.310,45.679,349.218,3598349
-121.360,45.534,349.149,3598370
-121.354,45.475,349.099,3598391
-121.400,45.310,349.017,3598412
-121.466,45.110,348.906,3598433
-121.648,45.300,348.685,3598454
-121.916,45.514,348.416,3598475
-122.213,45.739,348.113,3598496
-122.567,45.885,347.740,3598517
-122.871,46.023,347.430,3598538
-122.647,45.988,347.465,3598559
-122.834,45.882,347.220,3598580
-122.627,45.699,347.270,3598601
-122.343,45.589,347.353,3598622
-122.041,45.476,347.411,3598643
-121.991,45.725,347.283,3598664
-121.981,45.954,347.128,3598685
-122.003,45.871,346.930,3598706
-122.036,46.060,346.731,3598727
-122.108,46.249,346.508,3598748
-121.711,46.072,346.616,3598769
-121.263,46.016,346.771,3598790
-120.815,45.918,346.913,3598811
-120.469,45.730,346.978,3598832
-120.123,45.885,347.040,3598853
-120.093,45.720,346.859,3598874
-119.986,45.907,346.727,3598895
-119.989,46.084,346.490,3598916
-119.908,46.253,346.326,3598937
-120.036,46.113,346.008,3598958
-119.816,45.846,345.941,3598979
-119.486,45.762,345.967,3599000
-119.516,45.558,345.710,3599021
-119.301,45.361,345.646,3599042
-119.003,45.251,345.635,3599063
-119.197,45.337,345.254,3599084
-119.451,45.397,344.822,3599105
-119.691,45.363,344.418,3599126
-119.821,45.550,344.071,3599147
-120.072,45.716,343.610,3599168
-120.259,45.534,343.170,3599189
-120.290,45.289,342.841,3599210
-120.135,45.158,342.668,3599231
-120.191,45.330,342.333,3599252
-120.090,45.224,342.100,3599273
-120.429,45.369,341.558,3599294
-120.588,45.540,341.149,3599315
-120.752,45.716,340.742,3599336
-121.199,45.760,340.125,3599357
-121.633,45.745,339.502,3599378
-121.591,45.700,339.208,3599399
-121.629,45.477,338.865,3599420
-121.916,45.294,338.336,3599441
-121.900,45.134,338.028,3599462
-121.923,44.926,337.685,3599483
-122.305,45.049,337.103,3599504
-122.620,45.213,336.561,3599525
-122.993,45.205,335.947,3599546
-123.126,45.379,335.512,3599567
-123.120,45.114,335.193,3599588
-122.917,45.038,334.989,3599609
-122.713,44.987,334.817,3599630
-122.886,44.825,334.334,3599651
-123.010,44.720,334.016,3599672
-122.792,44.700,333.923,3599693
-123.019,44.835,333.559,3599714
-123.086,45.147,333.267,3599735
-123.158,45.437,332.985,3599756
-123.289,45.632,332.651,3599777
-123.403,45.713,332.318,3599798
-123.125,45.758,332.353,3599819
-123.240,46.070,332.086,3599840
-122.876,46.136,332.174,3599861
-122.495,46.128,332.240,3599882
-122.227,46.104,332.293,3599903
-122.150,46.393,332.196,3599924
-122.246,46.623,331.960,3599945
-122.038,46.809,331.956,3599966
-122.110,47.065,331.763,3599987
-121.854,47.072,331.818,3600008
-122.035,46.957,331.550,3600029
-121.812,46.776,331.578,3600050
-121.659,46.837,331.551,3600071
-121.689,46.550,331.390,3600092
-121.499,46.504,331.414,3600113
-121.522,46.594,331.292,3600134
-121.832,46.532,330.965,3600155
-122.103,46.510,330.680,3600176
-122.348,46.511,330.395,3600197
-122.633,46.285,330.120,3600218
-122.622,45.977,330.049,3600239
-122.463,45.711,330.084,3600260
-122.660,45.566,329.860,3600281
-122.479,45.344,329.925,3600302
-122.252,45.253,330.017,3600323
-122.201,45.418,329.992,3600344
-122.433,45.506,329.752,3600365
-122.527,45.734,329.628,3600386
-122.456,45.945,329.594,3600407
-122.624,46.014,329.402,3600428
-122.448,46.218,329.453,3600449
-122.131,46.060,329.620,3600470
-121.810,45.899,329.790,3600491
-121.531,45.745,329.951,3600512
-121.177,45.614,330.165,3600533
-121.205,45.615,330.102,3600554
-121.037,45.923,330.164,3600575
-121.116,46.107,330.045,3600596
-121.056,46.409,330.023,3600617
-120.907,46.680,330.079,3600638
-120.557,46.626,330.263,3600659
-120.503,46.477,330.237,3600680
-120.335,46.704,330.307,3600701
-120.028,46.668,330.472,3600722
-119.758,46.588,330.633,3600743
-120.004,46.686,330.412,3600764
-119.780,46.722,330.541,3600785
-119.940,46.597,330.396,3600806
-120.223,46.743,330.169,3600827
-120.489,46.641,329.925,3600848
-120.310,46.535,330.016,3600869
-120.677,46.532,329.689,3600890
-120.547,46.252,329.727,3600911
-120.370,46.100,329.797,3600932
-120.280,46.141,329.800,3600953
-120.643,46.122,329.481,3600974
-120.985,46.035,329.165,3600995
-121.134,46.166,329.006,3601016
-121.441,46.030,328.737,3601037
-121.289,45.763,328.806,3601058
-121.148,45.697,328.839,3601079
-120.964,45.504,328.900,3601100
-121.386,45.552,328.540,3601121
-121.310,45.376,328.535,3601142
-121.147,45.317,328.560,3601163
-121.458,45.374,328.274,3601184
-121.555,45.578,328.137,3601205
-121.786,45.497,327.897,3601226
-121.787,45.710,327.818,3601247
-122.075,45.827,327.537,3601268
-121.842,45.891,327.650,3601289
-120.928,45.970,328.044,3601394
-121.085,45.931,327.861,3601415
-121.257,46.127,327.693,3601436
-121.418,46.252,327.534,3601457
-121.570,46.341,327.392,3601478
-121.685,46.537,327.261,3601499
-121.723,46.518,327.208,3601520
-121.402,46.723,327.384,3601541
-121.235,46.602,327.443,3601562
-120.957,46.450,327.587,3601583
-120.683,46.663,327.736,3601604
-120.670,46.935,327.701,3601625
-120.773,46.959,327.557,3601646
-120.436,47.043,327.732,3601667
-120.634,47.072,327.503,3601688
-120.302,46.893,327.654,3601709
-120.119,46.597,327.679,3601730
-119.846,46.384,327.758,3601751
-119.612,46.258,327.811,3601772
-119.381,46.089,327.855,3601793
-119.340,46.134,327.766,3601814
-119.613,46.012,327.423,3601835
-119.916,45.965,327.067,3601856
-120.216,45.990,326.709,3601877
-120.547,45.997,326.348,3601898
-120.820,45.869,326.034,3601919
-120.690,45.906,325.997,3601940
-120.996,46.077,325.666,3601961
-120.809,46.013,325.649,3601982
-120.645,45.912,325.618,3602003
-120.610,46.113,325.483,3602024
-120.996,46.282,325.011,3602045
-121.275,46.541,324.594,3602066
-121.174,46.609,324.455,3602087
-121.423,46.548,324.046,3602108
-121.564,46.445,323.739,3602129
-121.408,46.357,323.637,3602150
-121.184,46.288,323.578,3602171
-121.215,46.217,323.340,3602192
-120.991,46.500,323.264,3602213
-121.112,46.548,322.948,3602234
-121.250,46.763,322.630,3602255
-120.974,47.026,322.588,3602276
-121.041,47.100,322.279,3602297
-121.129,47.293,321.949,3602318
-120.710,47.257,321.985,3602339
-120.436,47.480,321.888,3602360
-120.045,47.319,321.865,3602381
-119.598,47.212,321.869,3602402
-119.202,46.959,321.834,3602423
-118.768,46.849,321.792,3602444
-118.722,46.939,321.471,3602465
-118.417,46.953,321.318,3602486
-118.576,46.869,320.804,3602507
-118.768,46.775,320.260,3602528
-118.998,46.668,319.681,3602549
-118.725,46.470,319.464,3602570
-118.485,46.149,319.209,3602591
-118.311,45.796,318.900,3602612
-118.093,45.627,318.622,3602633
-117.847,45.382,318.338,3602654
-118.130,45.329,317.677,3602675
-118.425,45.217,317.036,3602696
-118.760,45.240,316.347,3602717
-119.092,45.247,315.678,3602738
-119.291,45.023,315.094,3602759
-119.486,44.811,314.548,3602780
-119.559,45.042,314.088,3602801
-119.482,45.023,313.734,3602822
-119.440,45.024,313.330,3602843
-119.657,45.372,312.735,3602864
-120.045,45.707,312.000,3602885
-120.409,46.055,311.288,3602906
-120.838,46.234,310.512,3602927
-120.901,46.563,310.007,3602948
-121.259,46.592,309.287,3602969
-121.101,46.584,308.921,3602990
-121.005,46.813,308.532,3603011
-120.906,46.650,308.125,3603032
-120.761,46.541,307.752,3603053
-120.503,46.666,307.452,3603074
-120.628,46.950,306.855,3603095
-120.740,47.178,306.287,3603116
-120.905,47.254,305.662,3603137
-121.018,47.330,305.079,3603158
-120.701,47.203,304.795,3603179
-120.392,46.998,304.522,3603200
-119.900,47.000,304.377,3603221
-119.555,46.760,304.122,3603242
-119.036,46.575,304.011,3603263
-119.025,46.561,303.504,3603284
-118.907,46.652,303.072,3603305
-118.799,46.728,302.619,3603326
-118.842,46.528,302.055,3603347
-118.798,46.605,301.564,3603368
-118.890,46.646,300.947,3603389
-118.683,46.395,300.527,3603410
-118.585,46.115,300.026,3603431
-118.454,46.016,299.536,3603452
-118.405,45.891,298.981,3603473
-118.788,45.811,298.104,3603494
-119.069,45.702,297.316,3603515
-119.435,46.025,296.438,3603536
-119.806,45.997,295.561,3603557
-119.992,46.323,294.819,3603578
-120.305,46.263,293.980,3603599
-120.310,46.399,293.324,3603620
-120.338,46.418,292.647,3603641
-120.543,46.704,291.830,3603662
-120.775,46.584,290.984,3603683
-120.919,46.789,290.178,3603704
-121.436,47.062,289.088,3603725
-122.015,47.189,287.924,3603746
-122.594,47.219,286.759,3603767
-123.000,47.120,285.720,3603788
-123.503,47.241,284.595,3603809
-123.472,47.268,283.845,3603830
-123.432,47.406,283.102,3603851
-123.283,47.395,282.454,3603872
-123.093,47.374,281.790,3603893
-122.905,47.142,281.156,3603914
-123.148,47.062,280.222,3603935
-123.410,47.014,279.261,3603956
-123.634,46.965,278.328,3603977
-123.760,46.794,277.485,3603998
-123.687,46.517,276.779,3604019
-123.527,46.614,276.135,3604040
-123.287,46.618,275.556,3604061
-123.321,46.410,274.758,3604082
-123.119,46.502,274.130,3604103
-123.243,46.769,273.288,3604124
-123.551,46.910,272.319,3604145
-123.841,47.027,271.356,3604166
-124.153,47.171,270.397,3604187
-124.351,47.164,269.535,3604208
-124.209,47.063,268.924,3604229
-124.027,47.204,268.327,3604251
-123.883,47.399,267.719,3604272
-123.754,47.598,267.089,3604293
-123.712,47.834,266.428,3604314
-123.978,47.799,265.516,3604335
-123.742,47.757,264.990,3604356
-124.073,47.761,264.092,3604377
-124.063,47.583,263.445,3604398
-123.930,47.626,262.874,3604419
-124.328,47.696,261.942,3604440
-124.680,47.902,261.028,3604461
-124.608,47.967,260.478,3604482
-124.488,47.838,259.965,3604503
-124.803,47.977,259.125,3604524
-125.115,47.802,258.297,3604545
-125.341,47.584,257.566,3604566
-125.340,47.675,257.006,3604587
-125.544,47.422,256.315,3604608
-125.851,47.309,255.559,3604629
-125.598,47.163,255.196,3604650
-125.325,47.039,254.860,3604671
-125.044,46.786,254.522,3604692
-124.873,46.808,254.100,3604713
-124.501,46.644,253.835,3604734
-124.622,46.507,253.225,3604755
-124.713,46.376,252.667,3604776
-124.724,46.209,252.183,3604797
-124.476,46.001,251.893,3604818
-124.666,46.055,251.289,3604839
-124.402,46.193,251.025,3604860
-124.392,46.453,250.592,3604881
-124.436,46.735,250.168,3604902
-124.184,46.875,249.946,3604923
-124.453,47.063,249.342,3604944
-124.140,47.149,249.213,3604965
-124.300,47.079,248.740,3604986
-124.190,46.896,248.467,3605007
-124.388,46.904,247.968,3605028
-124.579,46.855,247.496,3605049
-124.473,47.029,247.234,3605070
-124.302,47.095,247.038,3605091
-124.597,47.310,246.515,3605112
-124.679,47.568,246.153,3605133
-124.514,47.528,245.989,3605154
-124.762,47.435,245.520,3605175
-124.940,47.326,245.137,3605196
-125.050,47.184,244.804,3605217
-124.846,47.086,244.734,3605238
-124.728,47.228,244.621,3605259
-124.481,47.217,244.599,3605280
-124.498,47.431,244.376,3605301
-124.730,47.559,243.995,3605322
-124.558,47.656,243.964,3605343
-124.727,47.457,243.676,3605364
-124.957,47.296,243.357,3605385
-125.260,47.239,242.981,3605406
-125.425,46.967,242.751,3605427
-125.749,46.825,242.398,3605448
-125.952,46.593,242.138,3605469
-125.775,46.554,242.181,3605490
-125.790,46.648,242.068,3605511
-125.641,46.684,242.109,3605532
-125.538,46.766,242.126,3605553
-125.501,46.868,242.080,3605574
-125.622,47.028,241.949,3605595
-125.809,46.832,241.753,3605616
-125.930,46.607,241.633,3605637
-125.889,46.381,241.631,3605658
-125.840,46.147,241.666,3605679
-125.615,46.252,241.834,3605700
-125.604,46.485,241.846,3605721
-125.406,46.662,241.995,3605742
-125.391,46.897,242.019,3605763
-125.537,47.073,241.912,3605784
-125.760,47.110,241.748,3605805
-125.877,46.965,241.669,3605826
-125.680,46.721,241.819,3605847
-125.560,46.475,241.930,3605868
-125.674,46.329,241.856,3605889
-125.427,46.438,242.036,3605910
-125.118,46.464,242.239,3605931
-124.813,46.453,242.434,3605952
-124.668,46.606,242.515,3605973
-124.593,46.768,242.552,3605994
-124.550,46.535,242.555,3606015
-124.456,46.734,242.596,3606036
-124.516,46.600,242.511,3606057
-124.467,46.413,242.537,3606078
-124.268,46.178,242.653,3606099
-124.150,46.353,242.700,3606120
-123.369,46.740,242.925,3606141
-122.953,46.865,242.817,3606162
-122.677,47.185,242.587,3606183
-122.200,47.360,242.956,3606204
-122.169,47.365,242.996,3606225
-122.234,47.275,242.886,3606246
-122.115,46.982,242.895,3606267
-122.375,46.664,242.741,3606288
-122.839,46.388,242.387,3606309
-123.316,46.043,242.123,3606330
-123.525,45.976,242.034,3606351
-123.644,45.887,241.995,3606372
-123.656,45.870,241.935,3606393
-123.592,45.873,241.974,3606414
-123.512,45.947,242.023,3606435
-123.836,45.834,241.798,3606456
-124.113,45.814,241.634,3606477
-123.981,45.713,241.753,3606498
-124.135,45.727,241.649,3606519
-123.907,45.978,241.804,3606540
-124.095,46.191,241.671,3606561
-123.952,46.545,241.738,3606582
-123.727,46.818,241.849,3606603
-123.508,47.085,241.937,3606624
-123.644,47.471,241.755,3606645
-123.500,47.417,241.782,3606666
-123.598,47.378,241.596,3606687
-123.451,47.321,241.598,3606708
-123.618,47.323,241.374,3606729
-123.524,47.590,241.337,3606750
-123.344,47.788,241.360,3606771
-123.198,48.000,241.355,3606792
-123.025,48.118,241.328,3606813
-123.212,48.136,240.994,3606834
-122.874,48.055,241.047,3606855
-122.913,47.828,240.786,3606876
-122.993,47.665,240.468,3606897
-122.845,47.393,240.302,3606918
-122.818,47.204,240.021,3606939
-122.453,47.245,239.967,3606960
-122.076,47.321,239.915,3606981
-121.590,47.359,239.946,3607002
-121.147,47.382,239.928,3607023
-120.737,47.428,239.848,3607044
-120.808,47.412,239.409,3607065
-120.812,47.168,239.021,3607086
-120.970,47.076,238.491,3607107
-120.980,46.773,238.072,3607128
-120.851,46.423,237.717,3607149
-120.858,46.290,237.650,3607170
-120.952,46.251,237.464,3607191
-120.957,46.171,237.348,3607212
-121.470,46.079,236.822,3607233
-121.857,46.178,236.369,3607254
-122.169,45.895,235.939,3607275
-122.585,45.688,235.430,3607296
-123.019,45.554,234.904,3607317
-123.268,45.324,234.503,3607338
-123.332,45.150,234.197,3607359
-123.631,45.345,233.918,3607380
-123.847,45.558,233.667,3607401
-123.922,45.751,233.500,3607422
-124.104,46.014,233.241,3607443
-124.396,46.270,232.867,3607464
-124.509,46.447,232.798,3607485
-124.839,46.351,232.571,3607506
-125.065,46.233,232.400,3607527
-125.248,46.131,232.253,3607548
-125.254,46.003,232.204,3607569
-125.157,46.167,232.354,3607590
-125.020,46.313,232.521,3607611
-125.076,46.497,232.519,3607632
-125.155,46.670,232.482,3607653
-124.918,46.775,232.655,3607674
-125.074,46.747,232.514,3607695
-125.190,46.684,232.361,3607716
-125.152,46.488,232.308,3607737
-124.954,46.261,232.388,3607758
-124.810,46.085,232.399,3607779
-124.355,46.225,232.647,3607800
-124.029,46.374,232.941,3607821
-123.606,46.278,233.313,3607842
-123.252,46.355,233.622,3607863
-123.262,46.529,233.657,3607884
-122.888,46.332,233.939,3607905
-122.717,46.445,234.125,3607926
-122.622,46.143,234.253,3607948
-122.544,45.869,234.360,3607969
-122.783,45.898,234.224,3607990
-122.604,46.018,234.392,3608011
-122.394,46.121,234.553,3608032
-122.512,46.329,234.472,3608053
-122.464,46.566,234.543,3608074
-122.644,46.511,234.399,3608095
-122.882,46.486,234.218,3608116
-122.921,46.360,234.148,3608137
-123.066,46.250,234.023,3608158
-122.946,46.331,234.069,3608179
-122.918,46.590,234.036,3608200
-123.155,46.917,233.793,3608221
-123.304,47.271,233.609,3608242
-123.185,47.489,233.604,3608263
-123.195,47.745,233.536,3608284
-123.479,47.704,233.306,3608305
-123.713,47.662,233.084,3608326
-123.885,47.585,232.917,3608347
-124.085,47.463,232.816,3608368
-124.190,47.319,232.774,3608389
-124.204,47.547,232.765,3608410
-124.062,47.429,232.922,3608431
-123.929,47.346,233.036,3608452
-123.994,47.520,232.980,3608473
-124.118,47.709,232.836,3608494
-123.909,47.695,232.941,3608515
-124.167,47.549,232.663,3608536
-124.330,47.366,232.447,3608557
-124.436,47.175,232.254,3608578
-124.507,46.966,232.042,3608599
-124.461,46.693,232.000,3608620
-124.102,46.733,232.164,3608641
-124.155,46.793,232.000,3608662
-124.038,46.954,232.061,3608683
-123.738,47.017,232.289,3608704
-123.879,46.953,232.163,3608725
-123.675,46.666,232.304,3608746
-123.795,46.510,232.204,3608767
-123.525,46.238,232.387,3608788
-123.694,46.091,232.230,3608809
-123.474,46.158,232.339,3608830
-123.289,46.272,232.426,3608851
-123.193,46.428,232.419,3608872
-123.253,46.623,232.296,3608893
-123.038,46.755,232.381,3608914
-122.956,46.539,232.411,3608935
-122.827,46.763,232.497,3608956
-122.903,46.637,232.438,3608977
-123.033,46.747,232.391,3608998
-122.967,46.502,232.463,3609019
-122.704,46.539,232.666,3609040
-122.369,46.396,232.936,3609061
-122.497,46.216,232.859,3609082
-122.320,46.261,232.980,3609103
-122.178,46.337,233.063,3609124
-122.424,46.218,232.848,3609145
-122.603,46.030,232.662,3609166
-122.605,45.818,232.580,3609187
-122.488,45.670,232.565,3609208
-122.428,45.580,232.475,3609229
-122.837,45.830,232.050,3609250
-122.819,46.068,231.926,3609271
-123.252,46.352,231.468,3609292
-123.253,46.642,231.286,3609313
-123.389,47.046,231.015,3609334
-123.813,47.218,230.539,3609355
-124.217,47.392,230.068,3609376
-124.494,47.449,229.691,3609397
-124.653,47.435,229.391,3609418
-124.687,47.818,229.147,3609439
-124.976,48.166,228.732,3609460
-124.810,48.408,228.619,3609481
-124.933,48.750,228.288,3609502
-125.059,49.056,228.014,3609523
-124.756,49.227,228.014,3609544
-124.813,49.132,227.709,3609565
-124.705,48.938,227.482,3609586
-124.285,48.736,227.474,3609607
-123.820,48.667,227.493,3609628
-123.389,48.434,227.448,3609649
-122.839,48.360,227.469,3609670
-122.246,48.217,227.516,3609691
-121.922,48.339,227.331,3609712
-121.617,48.419,227.108,3609733
-121.438,48.483,226.777,3609754
-121.157,48.080,226.527,3609775
-121.098,47.847,226.068,3609796
-121.011,47.536,225.641,3609817
-120.774,47.120,225.330,3609838
-120.436,46.698,225.062,3609859
-120.048,46.596,224.812,3609880
-119.762,46.583,224.509,3609901
-119.852,46.431,223.929,3609922
-119.853,46.466,223.415,3609943
-119.432,46.287,223.207,3609964
-119.212,46.351,222.874,3609985
-119.191,46.078,222.378,3610006
-119.169,45.797,221.880,3610027
-118.916,45.698,221.546,3610048
-118.740,45.784,221.128,3610069
-118.699,45.548,220.601,3610090
-118.551,45.683,220.133,3610111
-118.623,45.935,219.507,3610132
-118.888,46.133,218.721,3610153
-119.054,46.381,218.015,3610174
-119.337,46.431,217.228,3610195
-119.551,46.372,216.467,3610216
-119.715,46.323,215.772,3610237
-119.864,46.281,215.053,3610258
-119.631,46.373,214.586,3610279
-119.508,46.663,214.041,3610300
-119.484,47.009,213.419,3610321
-119.313,46.969,212.900,3610342
-119.584,47.264,212.026,3610363
-119.707,47.602,211.232,3610384
-119.532,47.784,210.666,3610405
-119.673,47.738,209.835,3610426
-119.787,47.642,209.029,3610447
-119.602,47.609,208.453,3610468
-119.739,47.522,207.601,3610489
-119.697,47.388,206.874,3610510
-119.592,47.635,206.213,3610531
-119.544,47.861,205.502,3610552
-119.812,48.050,204.551,3610573
-120.086,48.174,203.601,3610594
-120.348,48.314,202.629,3610615
-120.568,48.129,201.718,3610636
-120.374,47.904,201.080,3610657
-120.483,47.617,200.202,3610678
-120.241,47.445,199.592,3610699
-120.016,47.494,198.978,3610720
-120.279,47.527,197.989,3610741
-120.484,47.405,197.048,3610762
-120.635,47.532,196.169,3610783
-120.827,47.614,195.259,3610804
-120.797,47.341,194.524,3610825
-120.413,47.184,194.053,3610846
-120.168,46.881,193.476,3610867
-119.780,46.853,193.002,3610888
-119.419,46.547,192.497,3610909
-119.052,46.530,191.972,3610930
-118.712,46.555,191.413,3610951
-118.458,46.602,190.744,3610972
-118.570,46.716,189.833,3610993
-118.793,46.794,188.804,3611014
-119.051,46.807,187.766,3611035
-119.239,46.561,186.757,3611056
-119.432,46.326,185.723,3611077
-119.347,46.083,184.855,3611098
-119.319,45.820,183.950,3611119
-119.303,45.989,183.031,3611140
-119.459,46.226,181.979,3611161
-119.782,46.157,180.818,3611182
-119.644,46.179,179.959,3611203
-119.736,46.445,178.914,3611224
-120.084,46.406,177.688,3611245
-120.330,46.279,176.528,3611266
-120.350,46.173,175.475,3611287
-120.324,46.256,174.446,3611308
-120.548,46.498,173.201,3611329
-120.924,46.346,171.817,3611350
-121.141,46.539,170.534,3611371
-121.241,46.356,169.292,3611392
-121.749,46.434,167.733,3611413
-122.190,46.249,166.219,3611434
-122.642,46.143,164.664,3611455
-122.619,45.926,163.422,3611476
-122.782,45.613,162.014,3611497
-123.107,45.373,160.464,3611518
-123.051,45.392,159.163,3611539
-123.063,45.451,157.775,3611560
-123.224,45.533,156.241,3611581
-123.439,45.329,154.641,3611602
-123.552,45.044,153.106,3611623
-123.468,45.068,151.682,3611644
-123.189,45.017,150.367,3611665
-123.198,44.648,148.840,3611686
-123.090,44.251,147.384,3611707
-122.669,44.104,146.139,3611728
-122.259,43.903,144.886,3611749
-122.355,43.905,143.252,3611770
-122.308,43.619,141.720,3611791
-122.378,43.539,140.088,3611812
-122.247,43.248,138.586,3611833
-122.213,43.085,136.994,3611854
-121.802,43.092,135.661,3611875
-121.458,43.267,134.270,3611896
-121.097,43.118,132.893,3611917
-120.681,43.190,131.570,3611938
-120.298,43.274,130.236,3611959
-119.965,43.496,128.877,3611980
-120.111,43.614,127.207,3612001
-120.211,43.643,125.569,3612022
-120.393,43.765,123.892,3612043
-120.585,43.876,122.226,3612064
-120.798,44.158,120.577,3612085
-120.877,44.075,119.069,3612106
-120.676,44.247,117.766,3612127
-120.509,44.409,116.461,3612148
-120.381,44.612,115.147,3612169
-120.214,44.669,113.878,3612190
-120.534,44.693,112.276,3612211
-120.874,44.695,110.693,3612232
-121.261,44.761,109.115,3612253
-121.628,44.703,107.561,3612274
-121.949,44.528,106.029,3612295
-121.638,44.445,105.149,3612316
-120.864,44.545,104.902,3612337
-119.741,44.720,104.924,3612358
-118.676,44.923,104.917,3612379
-117.706,45.123,104.840,3612400
-116.916,45.421,104.632,3612421
-116.567,45.550,104.084,3612442
-116.016,45.852,103.666,3612463
-115.833,45.998,102.985,3612484
-115.730,46.070,102.225,3612505
-115.183,46.018,101.768,3612526
-114.808,46.162,101.181,3612547
-114.545,46.264,100.483,3612568
-114.345,46.320,99.711,3612589
-114.251,46.336,98.848,3612610
-114.436,46.467,97.793,3612631
-114.923,46.270,96.512,3612652
-115.468,46.054,95.176,3612673
-116.169,45.877,93.695,3612694
-116.904,45.721,92.190,3612715
-117.227,45.542,90.957,3612736
-117.586,45.449,89.664,3612757
-117.485,45.533,88.642,3612778
-117.496,45.643,87.509,3612799
-117.668,45.858,86.231,3612820
-118.216,45.887,84.646,3612841
-118.297,45.726,83.350,3612862
-118.856,45.566,81.671,3612883
-119.428,45.403,79.921,3612904
-119.966,45.163,78.150,3612925
-120.045,44.968,76.649,3612946
-120.078,44.829,75.172,3612967
-120.041,44.559,73.696,3612988
-120.072,44.462,72.083,3613009
-119.995,44.091,70.490,3613030
-120.091,43.840,69.776,3613051
-119.822,43.757,69.167,3613072
-119.822,43.301,68.448,3613093
-119.684,42.820,67.829,3613114
-119.687,42.477,67.119,3613135
-119.344,42.465,66.716,3613156
-118.871,42.396,66.355,3613177
-118.739,42.471,65.869,3613198
-118.280,42.554,65.547,3613219
-118.193,42.635,64.937,3613240
-118.105,42.657,64.347,3613261
-117.999,42.702,63.741,3613282
-117.748,42.686,63.216,3613303
-117.685,42.808,62.510,3613324
-117.603,42.987,61.794,3613345
-117.157,43.406,61.304,3613366
-116.840,43.904,60.699,3613387
-116.829,44.086,59.947,3613408
-116.656,44.572,59.340,3613429
-116.495,45.031,58.674,3613450
-116.679,45.217,57.835,3613471
-116.910,45.528,56.953,3613492
-116.676,45.758,56.371,3613513
-116.612,45.782,55.696,3613534
-116.592,45.776,55.012,3613555
-116.438,45.852,54.375,3613576
-116.343,46.096,53.658,3613597
-116.235,46.260,52.951,3613618
-116.171,46.504,52.147,3613639
-116.194,46.776,51.270,3613660
-116.270,46.987,50.296,3613681
-116.411,46.746,49.287,3613702
-116.399,46.460,48.339,3613723
-116.589,46.186,47.259,3613744
-116.783,46.074,46.194,3613765
-116.976,45.929,45.083,3613786
-116.825,45.977,44.233,3613807
-116.931,45.742,43.193,3613828
-116.941,45.856,42.219,3613849
-116.882,45.591,41.296,3613870
-116.956,45.405,40.290,3613891
-116.865,45.175,39.429,3613912
-117.035,45.129,38.417,3613933
-116.715,45.081,37.723,3613954
-116.517,44.902,36.954,3613975
-116.252,44.978,36.253,3613996
-116.020,45.080,35.538,3614017
-116.003,45.376,34.708,3614038
-116.062,45.661,33.836,3614059
-116.098,45.993,32.969,3614080
-116.259,46.376,32.033,3614101
-116.165,46.330,31.313,3614122
-116.046,46.310,30.616,3614143
-116.176,46.360,29.737,3614164
-116.222,46.327,28.910,3614185
-116.449,46.438,27.915,3614206
-116.262,46.629,27.182,3614227
-116.483,46.896,26.171,3614248
-116.580,47.150,25.243,3614269
-116.678,46.965,24.331,3614290
-116.927,46.811,23.322,3614311
-117.230,46.673,22.300,3614332
-117.268,46.453,21.457,3614353
-117.269,46.252,20.665,3614374
-117.234,46.336,19.914,3614395
-117.491,46.508,18.942,3614416
-117.908,46.578,17.843,3614437
-118.045,46.744,16.958,3614458
-118.436,46.754,15.877,3614479
-118.843,46.758,14.769,3614500
-118.741,46.674,14.040,3614521
-119.021,46.442,13.052,3614542
-119.161,46.141,12.173,3614563
-119.232,45.837,11.348,3614584
-119.296,45.490,10.531,3614605
-119.465,45.562,9.614,3614626
-119.551,45.619,8.771,3614647
-119.839,45.472,7.794,3614668
-120.139,45.450,6.789,3614689
-120.193,45.513,5.974,3614710
-120.212,45.151,5.201,3614731
-120.110,44.825,4.515,3614752
-119.956,44.856,3.861,3614773
-119.846,44.954,3.180,3614794
-119.676,45.038,2.572,3614815
-119.837,45.324,1.725,3614836
-120.002,45.636,0.878,3614857
-119.995,45.914,0.178,3614878
-120.225,46.244,359.319,3614899
-120.467,46.195,358.482,3614920
-120.736,46.152,357.647,3614941
-120.747,46.104,357.037,3614962
-120.671,46.252,356.503,3614983
-120.615,46.240,355.949,3615004
-120.719,46.186,355.303,3615025
-121.049,46.542,354.477,3615046
-121.355,46.910,353.687,3615067
-121.726,47.183,352.860,3615088
-121.912,47.551,352.169,3615109
-122.250,47.803,351.351,3615130
-122.291,47.766,350.773,3615151
-122.383,47.707,350.139,3615172
-122.262,47.633,349.691,3615193
-121.911,47.630,349.420,3615214
-121.566,47.570,349.146,3615235
-121.229,47.658,348.813,3615256
-121.210,47.848,348.205,3615277
-121.271,47.793,347.837,3615298
-121.783,48.323,347.310,3615319
-122.162,48.834,346.805,3615340
-122.147,49.096,346.567,3615361
-122.370,49.459,346.106,3615382
-122.346,49.704,345.822,3615403
-122.204,49.739,345.592,3615424
-122.227,49.556,345.210,3615445
-121.966,49.516,345.028,3615466
-122.219,49.504,344.417,3615487
-122.422,49.450,343.810,3615508
-122.962,49.688,343.135,3615529
-123.450,49.770,342.480,3615550
-123.729,49.599,341.990,3615571
-123.624,49.301,341.756,3615592
-123.375,49.032,341.616,3615613
-123.231,49.045,341.365,3615634
-122.966,48.722,341.166,3615655
-122.865,48.572,340.916,3615676
-123.170,48.720,340.322,3615697
-123.515,48.791,339.655,3615718
-123.479,48.632,339.302,3615739
-123.892,48.732,338.606,3615760
-124.319,48.621,337.885,3615781
-124.271,48.517,337.525,3615802
-124.439,48.676,337.023,3615823
-124.395,48.415,336.650,3615844
-124.253,48.195,336.345,3615865
-124.340,48.342,335.829,3615886
-124.537,48.459,335.224,3615907
-124.546,48.599,334.710,3615928
-124.609,48.354,334.148,3615949
-124.864,48.363,333.421,3615970
-125.128,48.494,332.688,3615991
-125.212,48.319,332.071,3616012
-125.549,48.393,331.243,3616033
-125.492,48.603,330.700,3616054
-125.398,48.645,330.127,3616075
-125.706,48.603,329.242,3616096
-126.069,48.937,328.273,3616117
-126.545,49.250,327.195,3616138
-127.028,49.568,326.050,3616159
-127.016,49.845,325.222,3616180
-126.789,49.918,324.539,3616201
-126.508,49.911,323.819,3616222
-126.142,49.945,323.148,3616244
-125.740,49.866,322.468,3616265
-125.398,50.084,321.712,3616286
-125.482,50.194,320.596,3616307
-125.555,50.265,319.486,3616328
-125.521,50.172,318.458,3616349
-125.616,50.187,317.293,3616370
-125.742,50.179,316.079,3616391
-125.387,50.026,315.217,3616412
-125.420,49.911,314.060,3616433
-125.005,49.839,313.199,3616454
-124.568,49.823,312.342,3616475
-124.126,49.776,311.467,3616496
-124.042,50.001,310.304,3616517
-123.822,50.192,309.228,3616538
-123.543,49.994,308.184,3616559
-123.134,49.953,307.247,3616580
-122.750,49.815,306.285,3616601
-122.328,49.745,305.353,3616622
-122.160,49.907,304.226,3616643
-121.830,49.942,303.217,3616664
-121.494,49.675,302.219,3616685
-121.620,49.521,300.842,3616706
-120.890,49.418,300.509,3616727
-120.210,49.242,300.110,3616748
-119.603,49.066,299.665,3616769
-119.150,48.978,299.097,3616790
-118.809,49.026,298.476,3616811
-118.099,48.986,298.131,3616832
-117.829,49.204,297.454,3616853
-117.421,49.196,296.917,3616874
-117.143,49.149,296.288,3616895
-117.001,49.055,295.568,3616916
-117.371,49.231,294.485,3616937
-118.035,49.197,293.176,3616958
-118.628,48.988,291.945,3616979
-119.365,48.825,290.606,3617000
-120.161,48.678,289.237,3617021
-120.511,48.666,288.209,3617042
-121.444,48.673,286.755,3617063
-121.847,48.593,285.720,3617084
-122.585,48.308,284.451,3617105
-123.078,48.242,283.372,3617126
-123.979,48.280,282.017,3617147
-124.879,48.214,280.647,3617168
-125.404,47.974,279.574,3617189
-126.320,47.911,278.204,3617210
-127.186,47.817,276.889,3617231
-127.486,47.684,276.012,3617252
-127.861,47.778,275.074,3617273
-128.229,47.890,274.162,3617294
-128.449,47.985,273.379,3617315
-128.643,48.094,272.621,3617336
-128.936,48.250,271.792,3617357
-129.281,48.163,270.936,3617378
-129.384,47.973,270.265,3617399
-129.398,47.810,269.672,3617420
-129.273,47.612,269.182,3617441
-128.890,47.731,268.893,3617462
-128.389,47.681,268.679,3617483
-128.006,47.804,268.404,3617504
-127.647,47.947,268.103,3617525
-127.550,48.145,267.603,3617546
-127.462,47.992,267.110,3617567
-127.316,47.870,266.650,3617588
-126.835,47.710,266.443,3617609
-126.339,47.553,266.258,3617630
-125.638,47.592,266.227,3617651
-125.063,47.786,266.098,3617672
-124.489,47.694,266.017,3617693
-124.344,47.893,265.635,3617714
-124.154,48.184,265.292,3617735
-123.641,48.378,265.201,3617756
-123.653,48.447,264.722,3617777
-123.247,48.289,264.570,3617798
-123.264,48.177,264.099,3617819
-123.283,47.945,263.608,3617840
-123.486,47.955,262.974,3617861
-123.180,47.893,262.747,3617882
-123.240,47.962,262.216,3617903
-123.097,47.917,261.848,3617924
-123.305,47.981,261.228,3617945
-123.532,48.047,260.607,3617966
-123.791,48.094,259.962,3617987
-124.173,47.862,259.231,3618008
-124.424,47.494,258.599,3618029
-124.717,47.129,257.959,3618050
-124.804,46.997,257.465,3618071
-124.975,46.888,256.890,3618092
-125.244,46.793,256.266,3618113
-125.971,46.675,255.304,3618134
-126.666,46.647,254.354,3618155
-127.077,46.197,253.629,3618176
-127.720,45.853,252.726,3618197
-128.348,45.553,251.830,3618218
-128.730,45.168,251.114,3618239
-129.198,44.824,250.323,3618260
-130.131,44.320,250.086,3618281
-130.265,44.513,249.934,3618302
-130.614,44.442,249.586,3618323
-130.804,44.776,249.327,3618344
-130.984,45.111,249.083,3618365
-131.380,45.427,248.656,3618386
-131.507,45.334,248.410,3618407
-131.774,45.266,248.048,3618428
-132.187,45.169,247.913,3618449
-132.121,45.029,248.071,3618470
-131.913,45.062,248.302,3618491
-131.641,45.206,248.540,3618512
-131.409,45.457,248.712,3618533
-130.992,45.678,248.988,3618554
-130.494,45.921,249.326,3618575
-130.043,46.289,249.658,3618596
-129.849,46.333,249.788,3618617
-129.441,46.318,250.061,3618638
-129.240,46.478,250.182,3618659
-129.003,46.617,250.321,3618680
-128.597,46.596,250.568,3618701
-128.277,46.938,250.745,3618722
-127.926,47.258,250.939,3618743
-127.127,47.406,251.440,3618764
-126.466,47.682,251.846,3618785
-125.726,47.859,252.303,3618806
-124.995,48.021,252.775,3618827
-124.580,47.887,252.995,3618848
-123.969,47.706,253.348,3618869
-123.245,47.635,253.802,3618890
-123.045,47.482,253.873,3618911
-122.455,47.514,254.226,3618932
-121.938,47.558,254.521,3618953
-121.754,47.688,254.568,3618974
-121.357,47.733,254.770,3618995
-121.476,47.755,254.712,3619016
-121.389,47.823,254.816,3619037
-121.511,47.484,254.762,3619058
-121.746,47.194,254.625,3619079
-121.801,46.770,254.635,3619100
-122.046,46.431,254.500,3619121
-122.204,46.480,254.433,3619142
-122.257,46.496,254.451,3619163
-122.554,46.268,254.282,3619184
-122.700,46.396,254.234,3619205
-122.765,46.525,254.257,3619226
-123.271,46.542,253.958,3619247
-123.647,46.433,253.794,3619268
-124.012,46.312,253.653,3619289
-124.309,46.152,253.583,3619310
-124.691,46.445,253.445,3619331
-124.756,46.388,253.536,3619352
-124.852,46.568,253.614,3619373
-125.029,46.776,253.617,3619394
-125.125,46.622,253.718,3619415
-125.156,46.802,253.860,3619436
-125.548,46.957,253.724,3619457
-125.356,46.838,254.021,3619478
-125.523,46.751,254.048,3619499
-125.473,46.531,254.223,3619520
-125.491,46.728,254.372,3619541
-125.606,46.914,254.405,3619562
-125.351,46.896,254.709,3619583
-125.554,46.957,254.687,3619604
-125.446,47.099,254.894,3619625
-125.274,47.197,255.100,3619646
-125.119,47.324,255.314,3619667
-125.122,47.082,255.398,3619688
-125.097,46.847,255.491,3619709
-125.119,46.634,255.536,3619730
-125.112,46.418,255.597,3619751
-125.132,46.236,255.626,3619772
-124.845,46.367,255.872,3619793
-124.639,46.564,256.046,3619814
-124.360,46.734,256.288,3619835
-124.181,46.927,256.418,3619856
-124.203,46.782,256.388,3619877
-124.321,46.771,256.282,3619898
-124.397,46.634,256.201,3619919
-124.433,46.482,256.166,3619940
-124.388,46.279,256.168,3619961
-124.061,46.324,256.378,3619983
-123.719,46.287,256.593,3620004
-123.506,46.444,256.714,3620025
-123.311,46.583,256.790,3620046
-122.977,46.567,257.000,3620067
-123.169,46.531,256.787,3620088
-123.283,46.447,256.626,3620109
-123.225,46.294,256.609,3620130
-123.450,46.487,256.389,3620151
-123.361,46.341,256.369,3620172
-123.445,46.625,256.224,3620193
-123.404,46.870,256.166,3620214
-123.326,47.088,256.144,3620235
-123.347,47.326,256.030,3620256
-123.364,47.114,255.914,3620277
-123.562,46.978,255.646,3620298
-123.776,47.156,255.334,3620319
-123.892,46.900,255.112,3620340
-123.692,46.630,255.127,3620361
-123.566,46.313,255.059,3620382
-123.837,46.329,254.691,3620403
-123.915,46.396,254.444,3620424
-123.812,46.368,254.314,3620445
-123.755,46.350,254.160,3620466
-123.956,46.428,253.760,3620487
-124.247,46.274,253.335,3620508
-124.383,46.402,253.021,3620529
-124.195,46.254,252.924,3620550
-124.016,46.033,252.819,3620571
-123.954,45.807,252.641,3620592
-123.980,46.008,252.383,3620613
-124.177,46.230,251.983,3620634
-124.127,46.039,251.774,3620655
-124.425,46.213,251.330,3620676
-124.781,46.392,250.828,3620697
-125.073,46.375,250.377,3620718
-125.278,46.322,249.978,3620739
-125.497,46.295,249.528,3620760
-125.423,46.179,249.279,3620781
-125.266,46.375,249.077,3620802
-125.131,46.590,248.822,3620823
-124.938,46.736,248.614,3620844
-124.818,46.621,248.339,3620865
-124.670,46.894,248.064,3620886
-124.306,46.853,247.936,3620907
-124.423,46.929,247.470,3620928
-124.441,46.865,247.073,3620949
-124.491,46.826,246.653,3620970
-124.579,46.788,246.179,3620991
-124.587,46.671,245.767,3621012
-124.379,46.855,245.509,3621033
-124.196,46.996,245.195,3621054
-124.218,47.150,244.740,3621075
-124.321,47.204,244.188,3621096
-124.298,47.266,243.727,3621117
-124.303,46.894,243.212,3621138
-124.374,46.305,243.263,3621159
-124.649,45.798,243.149,3621180
-124.615,45.274,243.223,3621201
-124.958,44.901,243.010,3621222
-125.086,44.825,242.940,3621243
-124.988,44.654,243.005,3621264
-125.186,44.626,242.860,3621285
-125.230,44.603,242.833,3621306
-125.143,44.551,242.892,3621327
-125.437,44.358,242.662,3621348
-125.496,44.104,242.596,3621369
-125.676,43.970,242.444,3621390
-125.461,43.832,242.543,3621411
-125.281,43.706,242.614,3621432
-125.052,43.989,242.694,3621454
-124.802,44.300,242.774,3621475
-124.574,44.674,242.822,3621496
-124.401,44.854,243.126,3621517
-124.628,44.927,243.101,3621538
-124.588,44.830,243.239,3621559
-124.691,44.770,243.258,3621580
-124.715,44.718,243.302,3621601
-124.772,45.065,243.311,3621622
-124.954,45.200,243.207,3621643
-124.686,45.365,243.405,3621664
-124.505,45.636,243.523,3621685
-124.418,45.972,243.537,3621706
-124.174,46.233,243.655,3621727
-124.072,46.431,243.814,3621748
-124.207,46.348,243.781,3621769
-124.321,46.282,243.751,3621790
-124.340,46.197,243.775,3621811
-124.454,46.193,243.729,3621832
-124.439,46.538,243.795,3621853
-124.398,46.780,243.965,3621874
-124.128,46.878,244.281,3621895
-124.048,47.115,244.416,3621916
-124.193,47.056,244.380,3621937
-123.881,46.959,244.738,3621958
-124.057,46.911,244.720,3621979
-123.683,46.832,245.131,3622000
-123.719,46.603,245.200,3622021
-123.410,46.378,245.534,3622042
-123.412,46.484,245.631,3622063
-123.199,46.510,245.882,3622084
-122.884,46.335,246.203,3622105
-122.956,46.419,246.243,3622126
-122.665,46.279,246.573,3622147
-122.888,46.187,246.492,3622168
-122.977,45.936,246.550,3622189
-123.075,45.678,246.598,3622210
-122.920,45.419,246.832,3622231
-123.100,45.210,246.855,3622252
-123.022,45.328,247.062,3622273
-123.288,45.207,247.018,3622294
-123.171,45.237,247.259,3622315
-123.371,45.403,247.292,3622336
-123.416,45.563,247.445,3622357
-123.455,45.746,247.609,3622378
-123.759,45.815,247.569,3622399
-123.992,45.707,247.570,3622420
-124.277,45.709,247.534,3622441
-124.305,45.517,247.651,3622462
-124.232,45.750,247.869,3622483
-124.073,45.893,248.114,3622504
-123.836,45.859,248.422,3622525
-123.661,45.900,248.666,3622546
-123.696,46.168,248.762,3622567
-123.626,46.001,248.931,3622588
-123.984,45.983,248.774,3622609
-124.267,45.908,248.673,3622630
-124.404,45.720,248.662,3622651
-124.679,45.608,248.535,3622672
-124.872,45.481,248.474,3622693
-124.856,45.702,248.534,3622714
-124.741,45.845,248.651,3622735
-124.847,46.114,248.625,3622756
-124.849,46.360,248.711,3622777
-125.033,46.628,248.640,3622798
-125.203,46.498,248.571,3622819
-125.228,46.324,248.602,3622840
-125.183,46.126,248.689,3622861
-125.063,45.908,248.878,3622882
-125.027,46.086,248.958,3622903
-125.091,46.281,248.973,3622924
-125.298,46.415,248.859,3622945
-125.050,46.467,249.113,3622966
-124.935,46.618,249.262,3622987
-125.029,46.792,249.250,3623008
-125.110,46.625,249.248,3623029
-125.226,46.457,249.187,3623050
-125.023,46.572,249.364,3623071
-124.828,46.323,249.526,3623092
-124.755,46.060,249.592,3623113
-124.423,45.990,249.838,3623134
-124.145,46.073,250.043,3623155
-123.839,46.032,250.247,3623176
-123.718,46.212,250.321,3623197
-123.808,46.083,250.237,3623218
-123.664,46.310,250.344,3623239
-123.696,46.198,250.314,3623260
-123.811,46.171,250.214,3623281
-123.786,46.021,250.188,3623302
-123.895,45.942,250.084,3623323
-123.716,46.122,250.161,3623344
-123.749,46.378,250.083,3623365
-123.643,46.611,250.131,3623386
-123.732,46.885,250.000,3623408
-123.783,46.733,249.888,3623429
-123.871,46.603,249.761,3623450
-123.793,46.420,249.737,3623471
-123.995,46.536,249.492,3623492
-123.710,46.583,249.600,3623513
-123.644,46.770,249.507,3623534
-123.427,46.891,249.523,3623555
-123.032,46.759,249.645,3623576
-122.921,46.868,249.550,3623597
-123.035,46.719,249.280,3623618
-122.894,46.416,249.189,3623639
-123.024,46.252,248.902,3623660
-123.060,46.004,248.657,3623681
-123.204,45.827,248.324,3623702
-123.302,45.605,248.004,3623723
-123.252,45.755,247.788,3623744
-123.196,45.907,247.588,3623765
-123.031,45.996,247.498,3623786
-123.019,46.190,247.296,3623807
-123.050,46.410,247.059,3623828
-123.252,46.269,246.738,3623849
-123.572,46.272,246.326,3623870
-123.864,46.274,245.923,3623891
-123.691,46.164,245.848,3623912
-123.877,46.089,245.533,3623933
-124.158,46.258,245.143,3623954
-124.101,46.544,244.987,3623975
-124.011,46.757,244.837,3623996
-123.898,46.900,244.685,3624017
-123.824,47.042,244.509,3624038
-123.876,46.928,244.250,3624059
-124.277,47.158,243.712,3624080
-124.470,47.072,243.327,3624101
-124.547,46.962,242.991,3624122
-124.792,46.904,242.569,3624143
-124.763,47.175,242.339,3624164
-125.048,47.238,241.875,3624185
-124.774,47.269,241.797,3624206
-124.645,47.470,241.598,3624227
-124.772,47.640,241.214,3624248
-124.802,47.828,240.884,3624269
-124.832,47.633,240.546,3624290
-124.531,47.326,240.447,3624311
-124.423,47.023,240.176,3624332
-124.240,46.686,239.957,3624353
-123.765,46.517,239.973,3624374
-123.474,46.531,239.850,3624395
-123.046,46.437,239.854,3624416
-122.707,46.202,240.021,3624437
-122.855,46.086,239.813,3624458
-122.592,45.689,239.861,3624479
-122.815,45.503,239.542,3624500
-122.970,45.202,239.246,3624521
-123.162,45.150,238.930,3624542
-123.018,44.786,238.867,3624563
-122.900,44.841,238.733,3624584
-122.976,44.984,238.467,3624605
-122.709,44.965,238.442,3624626
-122.532,45.112,238.353,3624647
-122.415,45.310,238.198,3624668
-122.521,45.207,237.873,3624689
-122.369,45.072,237.716,3624710
-122.419,44.973,237.405,3624731
-122.334,44.871,237.164,3624752
-122.233,44.790,236.884,3624773
-122.484,44.962,236.354,3624794
-122.446,45.320,235.989,3624815
-122.616,45.702,235.482,3624836
-122.558,45.866,235.304,3624857
-122.647,46.151,234.997,3624878
-122.742,46.422,234.677,3624899
-122.794,46.343,234.374,3624920
-122.971,46.373,233.942,3624941
-123.006,46.276,233.589,3624962
-122.742,46.356,233.447,3624983
-122.872,46.595,232.990,3625004
-122.732,46.804,232.729,3625025
-122.514,46.705,232.510,3625046
-122.407,46.897,232.184,3625067
-122.239,47.039,231.913,3625088
-122.231,46.852,231.507,3625109
-122.292,46.674,231.061,3625130
-122.290,46.474,230.650,3625151
-122.504,46.361,230.124,3625172
-122.300,46.179,229.909,3625193
-122.045,46.213,229.710,3625214
-122.185,46.360,229.209,3625235
-122.171,46.515,228.802,3625256
-122.297,46.638,228.280,3625277
-122.125,46.681,227.969,3625298
-122.286,46.768,227.441,3625319
-122.145,46.486,227.131,3625340
-122.172,46.222,226.713,3625361
-122.301,46.004,226.194,3625382
-122.165,45.723,225.866,3625403
-121.954,45.733,225.581,3625424
-122.099,45.502,225.058,3625445
-121.945,45.578,224.754,3625466
-122.180,45.550,224.168,3625487
-122.267,45.680,223.688,3625508
-122.454,45.556,223.146,3625529
-122.521,45.743,222.705,3625550
-122.215,45.755,222.529,3625571
-122.029,45.556,222.275,3625592
-121.956,45.403,221.944,3625613
-121.789,45.233,221.648,3625634
-121.587,45.485,221.409,3625655
-121.370,45.720,221.160,3625676
-121.199,45.970,220.891,3625697
-121.091,46.249,220.550,3625718
-121.303,46.323,219.997,3625739
-121.135,46.568,219.708,3625760
-121.168,46.459,219.294,3625781
-121.234,46.376,218.850,3625802
-121.285,46.279,218.434,3625823
-121.133,46.190,218.158,3625844
-121.121,46.520,217.764,3625865
-121.004,46.874,217.453,3625886
-120.927,46.791,217.113,3625907
-120.982,47.106,216.667,3625928
-121.206,47.172,216.097,3625949
-120.926,47.232,215.882,3625970
-121.073,47.126,215.354,3625991
-120.808,47.071,215.106,3626012
-120.836,46.774,214.635,3626033
-120.589,46.651,214.355,3626054
-120.638,46.760,213.859,3626075
-120.842,46.859,213.240,3626096
-121.124,46.904,212.583,3626117
-121.358,46.952,211.925,3626138
-121.625,46.834,211.253,3626159
-121.629,46.544,210.768,3626180
-121.564,46.224,210.316,3626201
-121.600,45.912,209.782,3626222
-121.362,45.750,209.460,3626243
-121.178,45.775,209.102,3626264
-121.005,45.752,208.734,3626285
-121.311,45.828,208.026,3626306
-121.632,45.942,207.329,3626327
-121.755,46.105,206.768,3626348
-122.052,45.987,206.070,3626369
-122.115,45.769,205.533,3626390
-122.474,45.901,204.767,3626411
-122.350,45.892,204.353,3626432
-122.224,45.850,203.961,3626453
-122.300,45.689,203.424,3626474
-122.438,45.984,202.832,3626495
-122.520,46.280,202.286,3626516
-122.558,46.556,201.776,3626537
-122.752,46.819,201.149,3626558
-122.884,47.054,200.566,3626579
-122.946,46.873,200.036,3626600
-122.739,46.674,199.670,3626621
-122.655,46.452,199.221,3626642
-122.333,46.241,198.929,3626663
-122.035,45.986,198.597,3626684
-122.058,46.128,197.996,3626705
-122.166,46.017,197.330,3626726
-121.967,46.155,196.891,3626747
-122.069,46.113,196.198,3626768
-121.794,46.178,195.785,3626789
-121.536,45.881,195.348,3626810
-121.460,45.590,194.768,3626831
-121.391,45.306,194.179,3626852
-121.364,45.035,193.551,3626873
-121.086,45.027,193.111,3626894
-120.926,45.133,192.560,3626915
-120.950,45.354,191.921,3626936
-121.212,45.387,191.099,3626957
-121.338,45.603,190.353,3626978
-121.625,45.672,189.512,3626999
-121.575,45.466,188.910,3627020
-121.402,45.493,188.388,3627041
-121.670,45.402,187.546,3627062
-121.533,45.361,187.005,3627083
-121.846,45.571,186.132,3627104
-122.002,45.797,185.380,3627125
-122.418,45.891,184.472,3627146
-122.438,46.016,183.843,3627167
-122.871,46.124,182.896,3627188
-123.249,46.305,182.025,3627209
-123.202,46.171,181.478,3627230
-123.152,46.034,180.923,3627251
-123.042,45.932,180.378,3627272
-122.869,45.967,179.902,3627293
-122.833,45.807,179.305,3627314
-123.152,46.010,178.462,3627335
-123.382,46.280,177.660,3627356
-123.608,46.528,176.874,3627377
-123.811,46.742,176.085,3627398
-124.068,46.890,175.279,3627419
-124.177,46.640,174.546,3627440
-124.042,46.360,174.016,3627461
-123.840,46.309,173.525,3627482
-123.595,46.136,173.064,3627503
-123.478,45.825,172.539,3627524
-123.534,45.941,171.888,3627545
-123.524,45.921,171.537,3627566
-123.941,46.199,170.861,3627587
-124.343,46.390,170.209,3627608
-124.713,46.382,169.580,3627629
-124.546,46.240,169.337,3627650
-124.336,46.152,169.106,3627671
-124.162,46.304,168.900,3627692
-123.993,46.473,168.669,3627713
-124.167,46.508,168.174,3627734
-123.788,46.463,168.085,3627755
-123.975,46.443,167.571,3627776
-124.037,46.261,167.146,3627797
-123.631,46.194,167.051,3627818
-123.690,46.010,166.583,3627839
-123.346,45.647,166.379,3627860
-123.098,45.228,166.083,3627881
-122.664,44.919,165.916,3627902
-122.265,44.568,165.696,3627923
-121.839,44.353,165.462,3627944
-121.901,44.287,164.881,3627965
-122.004,44.104,164.243,3627986
-121.568,43.886,163.996,3628007
-121.611,43.843,163.374,3628028
-121.689,43.680,162.741,3628049
-121.558,43.326,162.224,3628070
-121.179,43.165,161.878,3628091
-121.124,43.267,161.318,3628112
-120.803,43.054,160.923,3628133
-120.497,43.075,160.530,3628154
-120.275,43.198,160.075,3628175
-120.409,43.311,159.387,3628196
-120.370,43.564,158.816,3628217
-120.571,43.562,158.048,3628238
-120.809,43.655,157.250,3628259
-120.961,43.590,156.515,3628280
-120.776,43.629,155.981,3628301
-120.645,43.605,155.454,3628322
-120.623,43.543,154.822,3628343
-120.484,43.693,154.274,3628364
-120.844,43.808,153.392,3628385
-121.140,43.921,152.551,3628406
-121.443,43.996,151.707,3628427
-121.719,44.143,150.873,3628448
-122.023,44.140,150.015,3628469
-121.885,43.913,149.422,3628490
-121.668,43.925,148.879,3628511
-121.462,43.943,148.354,3628532
-121.446,44.114,147.702,3628553
-121.352,43.878,147.075,3628574
-121.513,44.039,146.280,3628595
-121.535,44.188,145.564,3628616
-121.795,44.294,144.679,3628637
-121.921,44.042,143.858,3628658
-121.805,43.753,143.201,3628679
-121.545,43.617,142.639,3628700
-121.437,43.331,141.961,3628721
-121.321,43.066,141.325,3628742
-121.065,43.148,140.757,3628763
-120.747,43.167,140.252,3628784
-120.854,43.326,139.455,3628805
-121.017,43.468,138.636,3628826
-121.147,43.574,137.826,3628847
-121.257,43.838,137.066,3628868
-121.434,43.968,136.265,3628889
-121.622,44.260,135.454,3628910
-121.454,44.416,134.904,3628931
-121.304,44.504,134.335,3628952
-121.218,44.671,133.697,3628973
-121.103,44.806,133.092,3628994
-121.104,45.084,132.425,3629015
-121.474,45.132,131.499,3629036
-121.835,45.222,130.585,3629057
-122.140,45.259,129.712,3629078
-122.319,45.230,128.921,3629099
-122.633,45.352,128.062,3629120
-122.634,45.252,127.422,3629141
-122.468,45.457,126.906,3629162
-122.229,45.557,126.449,3629183
-122.054,45.725,125.930,3629204
-122.039,45.997,125.321,3629225
-121.319,46.126,125.502,3629246
-120.450,46.191,125.835,3629267
-120.123,46.158,125.767,3629288
-119.809,46.064,125.653,3629309
-119.597,46.005,125.467,3629330
-118.973,45.837,125.567,3629351
-118.395,45.817,125.638,3629372
-117.897,45.875,125.627,3629393
-117.779,46.061,125.360,3629414
-117.439,46.129,125.244,3629435
-117.474,46.296,124.856,3629456
-117.635,46.168,124.376,3629477
-117.767,45.941,123.905,3629498
-117.934,45.709,123.401,3629519
-118.210,45.501,122.815,3629540
-117.801,45.225,122.804,3629561
-117.506,45.291,122.693,3629582
-117.286,45.343,122.521,3629603
-117.064,45.348,122.335,3629624
-117.393,45.405,121.771,3629645
-117.767,45.456,121.166,3629666
-118.085,45.394,120.602,3629687
-117.928,45.389,120.378,3629708
-118.272,45.321,119.795,3629729
-118.603,45.324,119.226,3629750
-118.614,45.522,118.905,3629771
-118.523,45.623,118.647,3629792
-118.458,45.482,118.378,3629813
-118.581,45.742,118.019,3629834
-118.499,45.876,117.794,3629855
-118.392,45.911,117.598,3629876
-118.715,45.815,117.106,3629897
-119.089,45.761,116.593,3629918
-119.462,45.820,116.026,3629939
-119.796,45.686,115.490,3629960
-120.062,45.495,115.007,3629981
-119.991,45.441,114.749,3630002
-119.961,45.547,114.456,3630023
-119.913,45.413,114.181,3630044
-120.040,45.630,113.760,3630065
-120.011,45.729,113.433,3630086
-120.410,45.687,112.816,3630107
-120.321,45.631,112.538,3630128
-120.742,45.550,111.895,3630149
-121.081,45.412,111.304,3630170
-121.232,45.181,110.842,3630191
-121.433,45.369,110.333,3630212
-121.331,45.415,110.030,3630233
-121.639,45.561,109.418,3630254
-121.409,45.556,109.176,3630275
-121.232,45.595,108.895,3630296
-121.467,45.465,108.299,3630317
-121.692,45.375,107.715,3630338
-121.706,45.176,107.302,3630359
-121.900,45.179,106.746,3630380
-122.057,45.096,106.225,3630401
-121.748,45.259,106.035,3630422
-121.844,45.306,105.574,3630443
-121.959,45.412,105.061,3630464
-121.648,45.623,104.826,3630485
-121.292,45.806,104.591,3630506
-121.221,45.768,104.106,3630527
-120.838,46.015,103.792,3630548
-120.406,45.994,103.498,3630569
-120.456,46.038,102.829,3630590
-120.485,46.024,102.124,3630611
-120.065,45.920,101.755,3630632
-119.678,46.051,101.333,3630653
-119.380,46.133,100.813,3630674
-119.055,46.182,100.292,3630695
-118.704,46.228,99.775,3630716
-118.735,46.101,98.956,3630737
-118.752,46.124,98.144,3630758
-118.560,45.782,97.450,3630779
-118.383,45.468,96.733,3630800
-118.402,45.330,95.830,3630821
-118.006,45.275,95.200,3630842
-117.627,45.075,94.517,3630863
-117.264,45.149,93.792,3630884
-116.938,45.269,92.970,3630905
-116.594,45.297,92.134,3630926
-116.728,45.161,90.924,3630947
-116.566,44.978,89.847,3630968
-115.614,45.347,89.552,3630989
-114.961,45.457,89.807,3631010
-114.878,45.465,89.572,3631031
-114.406,45.554,89.554,3631052
-113.954,45.621,89.466,3631073
-113.903,45.821,89.018,3631094
-113.813,46.043,88.535,3631115
-113.794,45.962,87.945,3631136
-113.900,45.835,87.615,3631157
-113.968,45.685,87.205,3631178
-113.677,45.750,87.015,3631199
-113.698,45.557,86.571,3631220
-113.779,45.385,86.047,3631241
-113.620,45.556,85.649,3631262
-113.825,45.435,85.180,3631283
-113.707,45.559,84.991,3631304
-113.543,45.663,84.806,3631325
-113.345,45.748,84.593,3631346
-113.625,45.693,84.051,3631367
-113.762,45.495,83.741,3631388
-114.129,45.607,83.195,3631409
-114.489,45.515,82.600,3631430
-114.847,45.416,81.988,3631451
-115.158,45.237,81.373,3631472
-115.255,45.358,80.874,3631493
-115.776,45.571,80.041,3631514
-116.128,45.804,79.322,3631535
-116.374,45.931,78.662,3631556
-117.062,46.019,77.645,3631577
-117.734,46.003,76.613,3631598
-118.317,45.847,75.634,3631619
-118.863,45.714,74.654,3631640
-119.325,45.507,73.699,3631661
-119.597,45.618,72.868,3631682
-119.753,45.606,72.070,3631703
-119.945,45.661,71.205,3631724
-120.168,45.747,70.305,3631745
-120.438,45.904,69.334,3631766
-120.659,45.640,68.373,3631787
-120.952,45.412,67.334,3631808
-121.217,45.210,66.277,3631829
-121.489,45.089,65.192,3631850
-121.593,44.933,64.231,3631871
-121.375,45.056,63.472,3631892
-121.128,45.202,62.709,3631913
-121.128,45.425,61.749,3631934
-121.226,45.461,60.692,3631955
-120.923,45.622,59.905,3631976
-120.620,45.820,59.113,3631997
-120.518,45.673,58.161,3632018
-120.347,45.503,57.246,3632039
-119.821,45.370,56.572,3632060
-119.530,45.195,55.721,3632081
-119.000,45.136,55.024,3632102
-118.684,45.402,54.174,3632123
-118.251,45.605,53.404,3632144
-118.091,45.893,52.439,3632165
-117.979,46.167,51.441,3632186
-118.039,46.260,50.352,3632207
-117.748,46.115,49.488,3632228
-117.356,46.066,48.710,3632249
-117.054,45.957,47.860,3632270
-116.839,45.828,46.961,3632291
-116.518,45.873,46.116,3632312
-116.305,46.105,45.208,3632333
-116.407,46.431,44.080,3632354
-116.695,46.563,42.814,3632375
-116.969,46.789,41.553,3632396
-117.096,46.688,40.402,3632417
-117.248,46.552,39.217,3632438
-117.562,46.602,37.922,3632459
-117.374,46.628,36.995,3632480
-117.248,46.762,35.996,3632501
-117.260,46.572,34.921,3632522
-117.382,46.817,33.774,3632543
-117.378,46.984,32.745,3632564
-117.824,47.079,31.395,3632585
-118.274,46.962,30.073,3632606
-118.594,46.748,28.836,3632627
-118.725,46.446,27.741,3632648
-118.644,46.249,26.779,3632669
-118.728,45.939,25.704,3632690
-119.006,45.670,24.515,3632711
-119.337,45.715,23.272,3632732
-119.555,45.822,22.140,3632753
-119.714,45.924,21.027,3632774
-120.105,46.011,19.742,3632795
-120.337,46.133,18.580,3632816
-120.569,45.797,17.442,3632837
-120.850,45.457,16.245,3632858
-121.170,45.145,15.026,3632879
-121.133,44.879,14.071,3632900
-121.040,44.589,13.149,3632921
-120.902,44.566,12.278,3632942
-121.114,44.666,11.178,3632963
-121.132,44.792,10.221,3632984
-121.414,44.784,9.131,3633005
-121.596,44.903,8.117,3633026
-121.434,44.699,7.367,3633047
-121.257,44.674,6.626,3633068
-121.183,44.794,5.814,3633089
-121.056,44.669,5.056,3633110
-121.101,44.494,4.174,3633131
-121.100,44.763,3.314,3633152
-121.258,45.079,2.363,3633173
-121.408,45.050,1.444,3633194
-121.627,45.279,0.479,3633215
-121.775,45.540,359.570,3633236
-121.910,45.616,358.715,3633257
-121.645,45.575,358.142,3633278
-121.425,45.538,357.577,3633299
-121.102,45.629,357.043,3633320
-120.781,45.664,356.535,3633341
-120.442,45.718,356.022,3633362
-120.583,45.895,355.192,3633383
-120.731,45.985,354.347,3633404
-120.882,46.057,353.486,3633425
-120.619,46.266,352.952,3633446
-120.331,46.425,352.456,3633467
-120.108,46.293,351.917,3633488
-120.143,46.116,351.196,3633509
-119.924,46.220,350.660,3633530
-119.723,46.241,350.111,3633551
-119.868,46.425,349.293,3633572
-120.162,46.451,348.331,3633593
-120.083,46.550,347.665,3633614
-120.236,46.315,346.814,3633635
-120.416,46.126,345.950,3633656
-120.630,46.122,345.100,3633677
-120.453,45.821,344.526,3633698
-120.411,45.521,343.861,3633719
-120.258,45.232,343.254,3633740
-120.062,45.153,342.661,3633761
-120.241,44.914,341.791,3633782
-120.457,45.103,340.873,3633803
-121.111,45.359,339.585,3633824
-121.733,45.614,338.291,3633845
-122.240,45.947,337.042,3633866
-122.591,46.287,335.890,3633887
-122.611,46.352,334.958,3633908
-122.710,46.256,333.945,3633929
-122.620,46.275,333.072,3633950
-122.566,46.217,332.153,3633971
-122.357,46.344,331.308,3633992
-122.632,46.553,330.114,3634013
-122.814,46.521,328.938,3634034
-122.889,46.801,327.835,3634055
-122.997,46.771,326.695,3634076
-123.056,46.737,325.570,3634097
-122.727,46.928,324.700,3634118
-122.291,46.842,323.931,3634139
-121.941,46.627,323.075,3634160
-121.530,46.410,322.267,3634181
-121.006,46.342,321.532,3634202
-120.532,46.037,320.748,3634223
-120.480,45.964,319.640,3634244
-120.256,46.041,318.653,3634265
-120.263,45.905,317.513,3634286
-120.189,45.908,316.432,3634307
-119.781,45.780,315.583,3634328
-119.398,45.550,314.695,3634349
-119.143,45.512,313.730,3634370
-118.870,45.408,312.757,3634391
-118.690,45.122,311.721,3634412
-118.489,44.986,310.709,3634433
-118.819,45.004,309.315,3634454
-119.139,44.944,307.934,3634475
-119.516,44.958,306.500,3634496
-119.956,45.103,305.020,3634517
-120.358,45.139,303.566,3634538
-120.385,45.160,302.350,3634559
-120.731,45.539,300.923,3634580
-121.194,45.888,299.398,3634601
-121.320,46.097,298.103,3634622
-121.594,46.042,296.681,3634643
-122.258,46.251,294.969,3634664
-122.867,46.255,293.321,3634685
-123.304,46.163,291.770,3634706
-123.778,46.088,290.161,3634727
-123.843,46.271,288.880,3634748
-124.143,46.562,287.441,3634769
-124.580,46.527,285.865,3634790
-124.467,46.546,284.668,3634811
-124.365,46.634,283.481,3634832
-124.598,46.849,282.019,3634853
-124.845,46.720,280.553,3634874
-124.990,46.495,279.161,3634895
-124.928,46.194,277.885,3634916
-124.902,45.871,276.582,3634937
-124.988,45.570,275.197,3634958
-125.034,45.633,273.865,3634979
-124.674,45.584,272.757,3635000
-124.415,45.663,271.595,3635021
-123.968,45.653,270.530,3635042
-123.592,45.719,269.438,3635063
-123.451,45.473,268.174,3635084
-123.237,45.207,266.961,3635105
-122.979,44.927,265.757,3635126
-122.581,44.627,264.644,3635147
-122.188,44.340,263.518,3635168
-121.853,44.473,262.377,3635189
-122.229,43.861,261.819,3635210
-122.765,43.728,261.137,3635231
-123.219,43.665,260.476,3635252
-123.797,43.416,259.706,3635273
-124.264,43.101,259.006,3635294
-124.813,42.932,258.207,3635315
-125.386,42.971,257.381,3635336
-125.472,43.138,256.865,3635357
-125.491,43.360,256.385,3635378
-125.536,43.731,255.854,3635399
-125.561,44.141,255.321,3635420
-125.528,44.603,254.804,3635441
-125.776,45.069,254.086,3635462
-125.815,45.591,253.497,3635483
-126.055,45.632,252.945,3635504
-126.185,45.664,252.453,3635525
-126.385,45.769,251.906,3635546
-126.310,45.767,251.532,3635567
-126.224,46.050,251.278,3635588
-126.408,46.174,250.833,3635609
-126.017,46.305,250.782,3635630
-125.910,46.581,250.588,3635651
-125.606,46.802,250.522,3635672
-125.287,46.987,250.438,3635693
-125.277,46.955,250.095,3635714
-124.776,46.799,250.086,3635735
-124.606,46.586,249.802,3635756
-124.023,46.472,249.773,3635777
-123.583,46.206,249.629,3635798
-123.543,46.227,249.171,3635819
-123.124,46.357,248.988,3635840
-122.557,46.299,248.892,3635861
-122.213,46.335,248.790,3635882
-122.290,46.261,248.355,3635903
-122.264,46.039,247.975,3635924
-122.177,45.771,247.636,3635945
-122.136,45.462,247.299,3635966
-121.833,45.177,247.158,3635987
-121.521,45.066,246.998,3636008
-121.388,45.143,246.670,3636029
-121.578,45.187,246.101,3636050
-121.422,45.223,245.782,3636071
-121.512,45.347,245.271,3636092
-121.811,45.342,244.558,3636113
-121.990,45.177,243.920,3636134
-122.076,44.989,243.352,3636155
-122.299,44.916,242.688,3636176
-122.548,45.226,241.984,3636197
-122.494,45.129,241.487,3636218
-122.323,45.139,241.080,3636239
-122.637,45.123,240.414,3636260
-122.535,45.296,240.000,3636281
-122.495,45.525,239.539,3636302
-122.533,45.789,239.022,3636323
-122.384,45.703,238.631,3636344
-122.654,45.826,237.931,3636365
-122.521,45.656,237.513,3636386
-122.393,45.432,237.094,3636407
-122.460,45.632,236.497,3636428
-122.413,45.804,235.972,3636449
-122.524,45.942,235.314,3636470
-122.147,45.863,235.027,3636491
-122.139,46.034,234.472,3636512
-121.903,46.158,234.050,3636533
-121.648,45.935,233.637,3636554
-121.431,45.710,233.181,3636575
-121.395,45.472,232.576,3636596
-121.376,45.272,231.959,3636617
-121.507,45.222,231.230,3636638
-121.338,45.425,230.705,3636659
-121.203,45.615,230.172,3636680
-121.327,45.778,229.437,3636701
-121.291,45.976,228.834,3636722
-121.369,46.172,228.092,3636743
-121.436,45.915,227.389,3636764
-121.649,45.739,226.582,3636785
-121.797,45.518,225.810,3636806
-121.642,45.490,225.275,3636827
-121.503,45.480,224.694,3636848
-121.374,45.356,224.112,3636869
-121.764,45.440,223.198,3636890
-121.895,45.698,222.465,3636911
-122.252,45.881,221.570,3636932
-122.587,46.030,220.688,3636953
-122.963,46.136,219.767,3636974
-122.866,45.954,219.210,3636995
-122.789,45.755,218.624,3637016
-122.688,45.808,218.069,3637037
-123.050,45.931,217.184,3637058
-123.280,45.761,216.392,3637079
-123.625,45.908,215.511,3637100
-123.774,46.156,214.780,3637121
-123.872,46.426,214.093,3637142
-123.995,46.720,213.420,3637163
-124.303,46.779,212.609,3637184
-124.146,46.947,212.139,3637205
-124.061,46.798,211.627,3637226
-123.868,46.664,211.197,3637247
-123.581,46.684,210.856,3637268
-123.242,46.560,210.530,3637289
-122.874,46.379,210.241,3637310
-122.983,46.276,209.609,3637331
-122.916,46.398,209.121,3637352
-122.989,46.383,208.540,3637373
-122.996,46.181,207.981,3637394
-122.638,45.907,207.711,3637415
-122.565,45.625,207.213,3637436
-122.209,45.554,206.913,3637457
-121.899,45.551,206.572,3637478
-121.672,45.608,206.165,3637499
-121.921,45.584,205.430,3637520
-122.155,45.503,204.686,3637541
-122.041,45.633,204.201,3637562
-122.250,45.667,203.504,3637583
-122.282,45.854,202.898,3637604
-122.239,45.619,202.356,3637625
-121.957,45.512,201.997,3637646
-121.687,45.439,201.650,3637667
-121.458,45.237,201.262,3637688
-121.286,45.289,200.816,3637709
-121.646,45.333,199.994,3637730
-121.902,45.184,199.236,3637751
-122.086,45.393,198.507,3637772
-122.536,45.411,197.602,3637793
-123.026,45.510,196.637,3637814
-123.482,45.484,195.731,3637835
-123.480,45.387,195.129,3637856
-123.511,45.556,194.514,3637877
-123.555,45.756,193.874,3637898
-123.509,45.589,193.305,3637919
-123.462,45.752,192.723,3637940
-123.786,45.791,191.862,3637961
-123.591,45.629,191.343,3637982
-123.831,45.555,190.521,3638003
-123.587,45.563,190.028,3638024
-123.579,45.289,189.378,3638045
-123.288,45.112,188.923,3638066
-123.199,44.807,188.312,3638087
-123.239,44.535,187.611,3638108
-122.996,44.584,187.085,3638129
-122.994,44.652,186.398,3638150
-123.055,44.703,185.646,3638171
-123.108,44.709,184.899,3638192
-123.210,44.685,184.115,3638213
-122.840,44.591,183.669,3638234
-122.627,44.282,183.079,3638255
-122.244,44.185,182.608,3638276
-121.969,43.889,182.037,3638297
-121.600,43.781,181.515,3638318
-121.273,43.612,180.960,3638339
-121.163,43.334,180.223,3638360
-121.305,43.344,179.287,3638381
-121.480,43.369,178.319,3638402
-121.579,43.560,177.373,3638423
-121.760,43.617,176.361,3638444
-121.765,43.452,175.463,3638465
-121.493,43.460,174.749,3638486
-121.297,43.402,173.989,3638507
-121.570,43.528,172.903,3638528
-121.549,43.756,171.983,3638549
-121.895,43.770,170.820,3638570
-122.312,43.872,169.608,3638591
-122.671,44.085,168.464,3638612
-122.850,44.326,167.436,3638633
-122.874,44.452,166.507,3638654
-122.941,44.315,165.565,3638675
-122.954,44.201,164.678,3638696
-122.868,44.301,163.828,3638717
-122.774,44.217,163.004,3638738
-122.743,44.048,162.154,3638759
-122.964,44.288,161.101,3638780
-123.146,44.223,160.083,3638801
-123.300,44.181,159.082,3638822
-123.325,44.010,158.178,3638843
-123.456,44.049,157.188,3638864
-123.476,44.212,156.268,3638885
-123.109,44.085,155.620,3638906
-122.706,44.078,154.978,3638927
-122.314,44.032,154.325,3638948
-121.902,44.002,153.696,3638969
-121.596,44.128,152.969,3638990
-121.665,44.220,151.964,3639011
-121.632,44.086,151.017,3639032
-121.218,44.160,150.333,3639053
-121.266,44.221,149.309,3639074
-121.224,44.078,148.338,3639095
-120.803,44.043,147.621,3639116
-120.393,44.043,146.917,3639137
-120.017,43.982,146.187,3639158
-120.137,44.133,145.120,3639179
-120.080,44.473,144.154,3639200
-120.164,44.448,143.085,3639221
-120.385,44.595,141.904,3639242
-120.513,44.594,140.799,3639263
-119.822,44.844,140.724,3639284
-118.946,44.724,140.780,3639305
-117.990,44.873,140.872,3639326
-117.095,44.966,140.900,3639347
-116.246,45.020,140.908,3639368
-115.505,45.111,140.806,3639389
-114.837,45.144,140.672,3639410
-114.706,45.137,140.119,3639431
-114.680,45.337,139.495,3639452
-114.738,45.257,138.782,3639473
-114.907,45.396,137.993,3639494
-114.866,45.179,137.353,3639515
-114.787,45.216,136.878,3639536
-114.379,45.299,136.614,3639557
-114.118,45.406,136.254,3639578
-113.951,45.459,135.818,3639599
-113.849,45.511,135.319,3639620
-113.795,45.480,134.770,3639641
-113.538,45.506,134.445,3639662
-113.843,45.503,133.708,3639683
-114.132,45.445,132.991,3639704
-114.360,45.277,132.295,3639725
-114.484,45.467,131.737,3639746
-114.269,45.332,131.446,3639767
-114.268,45.492,130.970,3639788
-114.261,45.650,130.511,3639809
-114.593,45.483,129.798,3639830
-115.080,45.474,129.008,3639851
-115.614,45.464,128.126,3639872
-115.758,45.654,127.520,3639893
-116.379,45.688,126.553,3639914
-116.500,45.815,125.932,3639935
-116.509,45.853,125.389,3639956
-116.962,46.024,124.527,3639977
-116.979,46.089,123.974,3639998
-116.939,46.181,123.461,3640019
-116.910,46.132,122.902,3640040
-117.003,45.893,122.260,3640061
-117.373,45.802,121.393,3640082
-117.761,45.665,120.498,3640103
-118.096,45.530,119.647,3640124
-118.376,45.328,118.794,3640145
-118.333,45.190,118.142,3640166
-118.304,45.225,117.479,3640187
-118.738,45.110,116.444,3640208
-118.813,45.168,115.640,3640229
-119.293,45.161,114.509,3640250
-119.301,45.158,113.717,3640271
-119.750,45.057,112.563,3640292
-119.710,44.749,111.721,3640313
-119.541,44.569,110.940,3640334
-119.837,44.351,109.787,3640355
-119.517,44.268,109.000,3640376
-119.560,44.080,107.958,3640397
-119.260,44.147,107.096,3640418
-118.943,44.225,106.220,3640439
-118.601,44.324,105.328,3640460
-118.602,44.232,104.154,3640481
-118.559,44.097,102.974,3640502
-118.491,43.899,101.748,3640523
-118.382,43.858,101.738,3640544
-118.377,43.640,101.459,3640565
-118.034,43.604,101.332,3640586
-117.693,43.537,101.165,3640607
-117.402,43.567,100.901,3640628
-117.528,43.411,100.403,3640649
-117.411,43.475,100.356,3640670
-117.529,43.240,100.089,3640691
-117.686,43.204,99.753,3640712
-117.362,43.115,99.698,3640733
-117.482,43.048,99.290,3640754
-117.692,42.935,99.059,3640775
-117.443,42.958,99.136,3640796
-117.323,43.138,99.083,3640817
-117.138,43.317,99.048,3640838
-117.275,43.542,98.752,3640859
-117.107,43.703,98.639,3640880
-117.305,43.727,98.277,3640901
-117.472,43.675,97.906,3640922
-117.669,43.630,97.536,3640943
-117.788,43.456,97.299,3640964
-117.761,43.314,97.128,3640985
-117.728,43.542,96.949,3641006
-117.655,43.685,96.777,3641027
-117.677,43.926,96.543,3641048
-117.746,44.211,96.267,3641069
-117.849,44.495,95.965,3641090
-118.306,44.572,95.368,3641111
-118.748,44.622,94.773,3641132
-119.115,44.619,94.209,3641153
-119.493,44.548,93.704,3641174
-119.914,44.483,93.138,3641195
-120.194,44.289,92.635,3641216
-120.156,44.341,92.325,3641237
-120.557,44.354,91.738,3641258
-120.796,44.472,91.289,3641279
-120.782,44.445,90.990,3641300
-121.223,44.327,90.433,3641321
-121.616,44.134,89.874,3641342
-121.901,43.922,89.416,3641363
-121.742,43.782,89.269,3641384
-121.948,43.626,88.854,3641405
-121.693,43.552,88.726,3641426
-121.404,43.670,88.590,3641447
-121.093,43.800,88.464,3641468
-120.815,44.029,88.274,3641489
-120.609,44.290,88.049,3641510
-120.642,44.260,87.648,3641531
-120.582,44.171,87.295,3641552
-120.606,44.410,86.875,3641573
-120.604,44.347,86.456,3641594
-120.269,44.123,86.327,3641615
-119.964,44.306,86.127,3641636
-119.561,44.472,85.990,3641657
-119.452,44.722,85.645,3641678
-119.080,44.942,85.480,3641699
-118.585,45.043,85.403,3641720
-118.299,44.897,85.180,3641741
-117.898,44.778,85.022,3641762
-117.832,44.716,84.686,3641783
-117.331,44.704,84.637,3641804
-117.195,44.552,84.330,3641825
-116.829,44.705,84.186,3641846
-116.525,44.921,84.007,3641867
-116.592,45.082,83.561,3641888
-116.347,45.307,83.344,3641909
-116.275,45.585,82.978,3641930
-116.302,45.451,82.551,3641951
-116.478,45.487,81.997,3641972
-116.656,45.473,81.446,3641993
-116.433,45.551,81.168,3642014
-116.602,45.443,80.607,3642035
-116.464,45.380,80.254,3642056
-116.431,45.558,79.841,3642077
-116.603,45.838,79.256,3642098
-116.737,46.091,78.711,3642119
-116.754,46.304,78.243,3642140
-117.098,46.243,77.508,3642161
-117.456,46.222,76.799,3642182
-117.605,45.992,76.248,3642203
-117.917,45.867,75.559,3642224
-117.943,45.604,75.078,3642245
-118.316,45.556,74.347,3642266
-118.225,45.545,73.933,3642287
-118.238,45.648,73.434,3642308
-118.254,45.745,72.904,3642329
-118.576,45.627,72.139,3642350
-118.442,45.644,71.672,3642371
-118.270,45.415,71.208,3642392
-118.445,45.209,70.484,3642413
-118.647,44.998,69.736,3642434
-118.688,44.745,69.073,3642455
-118.407,44.561,68.606,3642476
-118.310,44.753,68.014,3642497
-118.164,44.972,67.421,3642518
-117.832,45.087,66.960,3642539
-117.851,45.255,66.216,3642560
-117.451,45.063,65.778,3642581
-117.523,45.121,64.968,3642602
-117.525,44.965,64.250,3642623
-117.549,44.843,63.509,3642644
-117.255,44.626,62.996,3642665
-117.342,44.739,62.231,3642686
-117.222,44.952,61.621,3642707
-117.176,45.188,60.964,3642728
-117.106,45.423,60.333,3642749
-117.240,45.313,59.575,3642770
-117.142,45.511,58.984,3642791
-117.036,45.706,58.390,3642813
-117.052,45.542,57.751,3642834
-117.171,45.412,57.035,3642855
-117.183,45.638,56.402,3642876
-117.218,45.509,55.797,3642897
-117.357,45.780,55.113,3642918
-117.791,45.981,54.233,3642939
-118.041,45.792,53.487,3642960
-118.215,45.991,52.798,3642981
-118.685,45.852,51.923,3643002
-118.951,45.579,51.179,3643023
-118.961,45.426,50.648,3643044
-119.358,45.570,49.827,3643065
-119.344,45.491,49.325,3643086
-119.791,45.613,48.485,3643107
-120.153,45.772,47.725,3643128
-120.529,45.951,46.967,3643149
-120.990,45.940,46.170,3643170
-121.006,45.977,45.707,3643191
-120.972,46.023,45.275,3643212
-120.997,45.795,44.798,3643233
-121.009,45.587,44.316,3643254
-120.924,45.387,43.918,3643275
-120.669,45.418,43.639,3643296
-120.456,45.600,43.353,3643317
-120.359,45.833,43.005,3643338
-120.368,45.934,42.576,3643359
-120.307,46.154,42.198,3643380
-119.828,46.072,42.103,3643401
-119.696,46.047,41.779,3643422
-119.385,45.902,41.574,3643443
-119.249,45.867,41.246,3643464
-118.754,45.842,41.164,3643485
-118.528,45.706,40.891,3643506
-118.412,45.985,40.527,3643527
-118.416,46.126,40.095,3643548
-117.916,46.182,40.014,3643569
-117.744,46.441,39.668,3643590
-117.317,46.464,39.535,3643611
-117.021,46.300,39.295,3643632
-116.711,46.386,39.076,3643653
-116.776,46.173,38.576,3643674
-116.512,46.096,38.331,3643695
-116.648,46.251,37.783,3643716
-116.690,46.400,37.314,3643737
-117.068,46.374,36.625,3643758
-117.239,46.527,36.092,3643779
-117.418,46.712,35.565,3643800
-117.683,46.488,34.966,3643821
-117.781,46.242,34.512,3643842
-118.270,46.272,33.752,3643863
-118.482,46.053,33.175,3643884
-118.876,45.923,32.503,3643905
-118.970,45.746,32.048,3643926
-119.337,45.566,31.386,3643947
-119.491,45.759,30.894,3643968
-119.695,45.964,30.376,3643989
-119.958,45.733,29.811,3644010
-120.364,45.690,29.139,3644031
-120.253,45.687,28.845,3644052
-120.085,45.526,28.594,3644073
-120.150,45.313,28.179,3644094
-119.991,45.296,27.915,3644115
-120.226,45.519,27.390,3644136
-120.579,45.689,27.343,3644157
-121.037,46.233,27.208,3644178
-121.461,46.702,27.082,3644199
-121.842,47.154,26.963,3644220
-122.107,47.623,26.919,3644241
-122.003,47.646,27.147,3644262
-122.136,48.040,27.151,3644283
-121.912,48.062,27.443,3644304
-121.694,47.930,27.718,3644325
-121.471,47.804,27.970,3644346
-121.248,47.856,28.235,3644367
-121.247,47.990,28.336,3644388
-121.451,47.944,28.230,3644409
-121.657,47.807,28.116,3644430
-121.820,47.589,28.034,3644451
-121.445,47.320,28.348,3644472
-121.433,47.285,28.393,3644493
-121.399,46.912,28.442,3644514
-120.950,46.511,28.779,3644535
-120.901,46.125,28.954,3644556
-121.035,45.901,28.994,3644577
-121.117,45.885,29.078,3644598
-120.923,45.840,29.358,3644619
-120.669,45.702,29.682,3644640
-120.676,45.353,29.802,3644661
-120.439,45.246,30.059,3644682
-120.180,45.095,30.341,3644703
-119.940,45.109,30.594,3644724
-119.699,45.057,30.829,3644745
-119.441,45.047,31.059,3644766
-119.688,45.092,30.941,3644787
-119.829,45.329,30.914,3644808
-120.034,45.529,30.836,3644829
-120.234,45.737,30.752,3644850
-120.484,45.760,30.662,3644871
-120.333,45.688,30.809,3644892
-120.301,45.547,30.872,3644913
-120.072,45.608,31.101,3644934
-119.882,45.639,31.288,3644955
-119.647,45.716,31.523,3644976
-119.869,45.925,31.449,3644997
-120.073,46.107,31.380,3645018
-120.192,46.454,31.417,3645039
-120.345,46.745,31.437,3645060
-120.502,46.960,31.470,3645081
-120.194,46.811,31.848,3645102
-119.890,47.009,32.235,3645123
-119.484,47.007,32.675,3645144
-119.091,46.901,33.125,3645165
-118.759,46.719,33.530,3645186
-118.931,46.768,33.564,3645207
-118.967,46.985,33.691,3645228
-119.169,47.062,33.707,3645249
-119.290,47.197,33.768,3645270
-119.118,46.918,34.052,3645291
-118.814,46.869,34.435,3645312
-118.721,46.954,34.658,3645333
-118.566,46.613,34.922,3645354
-118.342,46.267,35.235,3645375
-118.081,46.156,35.574,3645396
-118.293,46.213,35.574,3645417
-118.545,46.239,35.547,3645438
-118.537,46.366,35.687,3645459
-118.669,46.510,35.741,3645480
-118.948,46.382,35.703,3645501
-118.781,46.215,35.981,3645522
-118.765,45.925,36.154,3645543
-119.027,45.730,36.087,3645564
-118.899,45.759,36.333,3645585
-118.768,45.630,36.553,3645606
-119.143,45.609,36.403,3645627
-119.487,45.732,36.289,3645648
-119.496,45.835,36.429,3645669
-119.837,46.033,36.313,3645690
-119.805,46.125,36.488,3645711
-120.221,46.139,36.342,3645732
-120.204,46.022,36.484,3645753
-120.617,46.186,36.302,3645774
-120.585,46.061,36.445,3645795
-120.441,46.009,36.632,3645816
-120.684,46.295,36.537,3645837
-120.936,46.406,36.431,3645858
-121.177,46.494,36.319,3645879
-120.968,46.648,36.533,3645900
-121.169,46.635,36.424,3645921
-121.304,46.541,36.397,3645942
-121.049,46.579,36.641,3645963
-120.829,46.660,36.833,3645984
-120.582,46.678,37.061,3646005
-120.304,46.583,37.269,3646026
-120.005,46.625,37.484,3646047
-120.016,46.791,37.484,3646068
-120.061,46.948,37.447,3646089
-120.101,47.053,37.437,3646110
-120.146,46.847,37.405,3646131
-119.980,46.924,37.538,3646152
-119.937,46.582,37.583,3646173
-120.117,46.380,37.471,3646194
-120.229,46.130,37.409,3646215
-119.977,46.026,37.605,3646236
-119.821,46.058,37.704,3646257
-119.793,46.147,37.715,3646278
-119.778,46.254,37.694,3646299
-119.695,46.344,37.760,3646320
-119.896,46.325,37.610,3646341
-119.763,46.039,37.741,3646362
-119.555,45.831,37.924,3646383
-119.422,45.608,38.063,3646404
-119.361,45.796,38.164,3646425
-119.451,45.624,38.146,3646446
-119.356,45.437,38.261,3646467
-119.681,45.546,38.067,3646488
-119.890,45.799,37.956,3646509
-120.217,45.969,37.762,3646530
-120.331,46.261,37.729,3646551
-120.109,46.316,37.942,3646572
-119.940,46.515,38.093,3646593
-119.710,46.596,38.301,3646614
-119.716,46.478,38.322,3646635
-119.614,46.360,38.418,3646656
-119.730,46.687,38.366,3646677
-119.853,46.970,38.286,3646698
-119.997,47.247,38.179,3646719
-119.739,47.343,38.405,3646740
-119.974,47.552,38.231,3646761
-119.859,47.376,38.337,3646782
-119.639,47.191,38.492,3646803
-119.328,47.116,38.725,3646824
-119.189,46.837,38.831,3646845
-118.874,46.587,39.065,3646866
-118.691,46.281,39.176,3646887
-118.797,46.379,39.074,3646908
-118.930,46.405,38.946,3646929
-119.126,46.399,38.790,3646950
-119.169,46.507,38.745,3646971
-119.359,46.351,38.589,3646992
-119.139,46.335,38.704,3647013
-119.066,46.028,38.731,3647034
-118.965,45.725,38.777,3647055
-118.932,45.424,38.763,3647076
-118.849,45.548,38.775,3647097
-118.802,45.706,38.782,3647118
-118.858,45.917,38.707,3647139
-119.097,46.044,38.492,3647160
-119.232,46.236,38.359,3647181
-119.464,46.243,38.147,3647202
-119.240,46.146,38.271,3647223
-119.348,46.006,38.135,3647244
-119.157,46.004,38.237,3647265
-119.008,45.924,38.304,3647286
-119.310,46.109,38.036,3647307
-119.392,46.405,37.920,3647328
-119.541,46.702,37.759,3647349
-119.853,46.923,37.452,3647370
-120.192,47.120,37.113,3647391
-120.009,47.146,37.129,3647412
-119.860,47.042,37.117,3647433
-119.694,47.118,37.129,3647454
-119.816,46.983,36.902,3647475
-119.682,46.836,36.853,3647496
-119.982,46.907,36.484,3647517
-120.250,47.022,36.133,3647538
-120.469,47.201,35.823,3647559
-120.510,46.979,35.675,3647580
-120.776,47.073,35.320,3647601
-121.015,46.969,34.999,3647622
-120.884,46.702,34.923,3647643
-120.681,46.684,34.892,3647664
-120.408,46.604,34.892,3647685
-120.091,46.433,34.931,3647706
-119.785,46.230,34.949,3647727
-119.760,46.402,34.755,3647748
-119.787,46.494,34.534,3647769
-119.676,46.678,34.400,3647790
-119.692,46.562,34.179,3647811
-119.245,46.575,34.314,3647832
-118.858,46.371,34.412,3647853
-118.514,46.177,34.458,3647874
-118.052,46.135,34.595,3647895
-117.620,46.032,34.713,3647916
-117.521,45.861,34.569,3647937
-117.301,46.091,34.518,3647958
-117.343,46.187,34.287,3647979
-117.425,46.344,33.990,3648000
-117.473,46.560,33.761,3648021
-117.527,46.778,33.514,3648042
-117.196,46.779,33.551,3648063
-117.233,46.579,33.302,3648084
-117.454,46.495,32.920,3648105
-117.237,46.350,32.821,3648126
-117.050,46.243,32.672,3648147
-117.381,46.338,32.143,3648168
-117.661,46.182,31.903,3648189
-118.120,46.399,31.512,3648210
-118.630,46.538,31.055,3648231
-118.666,46.601,30.940,3648252
-118.995,46.366,30.607,3648273
-119.452,46.230,30.154,3648294
-119.506,46.088,30.000,3648315
-119.677,45.859,29.778,3648336
-119.766,45.728,29.575,3648357
-120.287,45.899,29.038,3648378
-120.729,46.047,28.567,3648399
-121.223,46.104,28.048,3648420
-121.648,46.243,27.578,3648441
-122.113,46.248,27.042,3648462
-122.369,45.999,26.663,3648483
-122.309,45.759,26.490,3648504
-122.209,45.603,26.346,3648525
-122.063,45.513,26.242,3648546
-121.922,45.527,26.131,3648567
-122.111,45.677,25.791,3648588
-122.266,45.814,25.498,3648609
-122.254,45.981,25.298,3648630
-122.217,46.272,25.263,3648651
-122.353,46.210,25.105,3648672
-122.489,46.403,24.971,3648693
-122.259,46.258,25.066,3648714
-122.153,46.104,25.096,3648735
-121.851,45.991,25.260,3648756
-121.771,45.844,25.273,3648777
-121.739,46.105,25.258,3648798
-121.541,46.305,25.385,3648819
-121.682,46.485,25.261,3648840
-121.832,46.640,25.117,3648861
-121.646,46.428,25.202,3648882
-121.461,46.237,25.298,3648903
-121.057,46.155,25.545,3648924
-121.071,46.417,25.539,3648945
-120.790,46.237,25.723,3648966
-120.935,46.362,25.584,3648987
-120.570,46.319,25.832,3649008
-120.360,46.467,25.963,3649029
-120.111,46.255,26.143,3649050
-120.216,46.387,26.086,3649071
-120.020,46.493,26.178,3649092
-119.824,46.235,26.288,3649113
-119.875,45.967,26.230,3649134
-120.027,45.749,26.056,3649155
-120.213,45.518,25.880,3649176
-120.126,45.590,25.864,3649197
-120.446,45.657,25.568,3649218
-120.765,45.769,25.237,3649239
-121.138,45.701,24.859,3649260
-121.487,45.831,24.502,3649281
-121.555,46.015,24.401,3649302
-121.482,45.853,24.381,3649323
-121.379,45.663,24.368,3649344
-121.210,45.541,24.395,3649365
-121.093,45.352,24.363,3649386
-120.860,45.395,24.396,3649407
-121.047,45.611,24.118,3649428
-121.267,45.813,23.796,3649449
-121.500,45.976,23.497,3649470
-121.559,46.229,23.287,3649491
-121.783,46.209,22.936,3649512
-121.559,46.058,22.897,3649533
-121.262,46.107,22.898,3649554
-121.006,45.916,22.862,3649575
-120.752,45.715,22.805,3649596
-120.444,45.739,22.794,3649617
-120.448,45.990,22.567,3649638
-120.619,46.037,22.182,3649659
-120.759,46.036,21.804,3649680
-120.650,46.268,21.609,3649701
-120.788,46.258,21.258,3649722
-120.796,46.115,20.977,3649743
-120.729,45.912,20.722,3649764
-120.472,46.057,20.615,3649785
-120.085,45.911,20.595,3649806
-119.976,45.668,20.382,3649827
-119.829,45.825,20.208,3649848
-119.786,45.982,19.940,3649869
-119.902,46.183,19.640,3649890
-120.104,46.349,19.291,3649911
-119.950,46.131,19.186,3649932
-119.774,45.915,19.089,3649953
-119.554,45.847,19.029,3649974
-119.873,45.792,18.581,3649995
-119.735,45.691,18.466,3650016
-119.558,45.626,18.344,3650037
-119.684,45.850,18.035,3650058
-119.963,45.978,17.613,3650079
-120.294,46.056,17.149,3650100
-120.594,46.051,16.707,3650121
-120.931,46.103,16.230,3650142
-120.903,45.822,16.015,3650163
-120.905,45.572,15.773,3650184
-120.806,45.422,15.583,3650205
-120.793,45.162,15.332,3650226
-121.060,44.987,14.899,3650247
-121.068,45.139,14.634,3650268
-121.179,45.341,14.310,3650289
-121.196,45.528,14.043,3650310
-121.407,45.702,13.628,3650331
-121.677,45.686,13.197,3650352
-121.441,45.751,13.109,3650373
-121.167,45.783,13.038,3650394
-120.887,45.756,13.005,3650415
-120.757,45.566,12.829,3650436
-120.490,45.690,12.749,3650457
-120.530,45.934,12.468,3650478
-120.673,46.148,12.072,3650499
-120.822,46.376,11.694,3650520
-120.960,46.315,11.291,3650541
-121.168,46.310,10.858,3650562
-121.008,46.131,10.676,3650583
-120.667,46.067,10.622,3650604
-120.351,45.970,10.540,3650625
-119.998,45.901,10.470,3650646
-119.665,45.906,10.393,3650667
-119.412,45.971,10.250,3650688
-119.591,46.040,9.792,3650709
-119.781,46.074,9.354,3650730
-119.849,46.199,9.015,3650751
-120.045,46.108,8.566,3650772
-120.143,45.908,8.198,3650793
-119.943,45.969,8.018,3650814
-119.852,45.725,7.796,3650835
-119.747,45.492,7.552,3650856
-119.502,45.337,7.377,3650877
-119.714,45.475,6.867,3650898
-120.155,45.602,6.260,3650919
-120.501,45.902,5.696,3650940
-120.878,46.134,5.121,3650961
-121.077,46.444,4.635,3650982
-121.110,46.403,4.293,3651003
-121.082,46.405,3.983,3651024
-121.106,46.610,3.636,3651045
-121.027,46.687,3.358,3651066
-121.122,46.538,2.954,3651087
-121.575,46.545,2.298,3651108
-121.899,46.748,1.713,3651129
-122.272,46.743,1.058,3651150
-122.693,46.852,0.396,3651171
-122.811,46.619,359.945,3651192
-122.913,46.380,359.508,3651213
-122.744,46.362,359.270,3651234
-122.780,46.114,358.872,3651255
-122.621,46.051,358.628,3651276
-122.405,45.883,358.409,3651297
-122.644,45.978,357.821,3651318
-122.655,46.135,357.431,3651339
-122.525,46.296,357.123,3651360
-122.663,46.392,356.605,3651381
-122.755,46.465,356.130,3651402
-122.504,46.207,355.878,3651423
-122.106,46.144,355.711,3651444
-122.131,46.285,355.250,3651465
-121.723,46.085,355.067,3651486
-121.316,46.008,354.896,3651507
-121.396,45.960,354.381,3651528
-121.414,46.094,353.922,3651549
-121.265,46.259,353.580,3651570
-121.305,46.148,353.095,3651591
-120.879,46.081,352.967,3651612
-120.808,45.829,352.550,3651633
-120.390,45.577,352.390,3651654
-119.958,45.486,352.238,3651675
-119.575,45.208,352.063,3651696
-119.154,45.028,351.907,3651717
-119.063,44.745,351.499,3651738
-118.972,44.916,351.125,3651759
-118.987,45.124,350.660,3651780
-119.156,45.271,350.094,3651801
-119.338,45.473,349.506,3651822
-119.123,45.324,349.175,3651843
-118.912,45.460,348.850,3651864
-118.662,45.468,348.542,3651885
-118.709,45.298,348.013,3651906
-118.523,45.376,347.632,3651927
-118.874,45.503,346.871,3651948
-119.140,45.468,346.189,3651969
-119.488,45.634,345.416,3651990
-119.876,45.709,344.621,3652011
-120.260,45.718,343.843,3652032
-120.268,45.579,343.316,3652053
-120.186,45.703,342.829,3652074
-120.042,45.775,342.384,3652095
-119.899,45.763,341.933,3652116
-119.817,45.964,341.439,3652137
-119.934,46.304,340.763,3652158
-120.254,46.510,339.960,3652179
-120.562,46.733,339.124,3652200
-120.816,47.002,338.313,3652221
-120.916,46.896,337.618,3652242
-120.821,46.743,337.056,3652263
-120.586,46.710,336.584,3652284
-120.372,46.729,336.095,3652305
-120.294,46.451,335.528,3652326
-120.351,46.578,334.841,3652347
-120.444,46.682,334.142,3652368
-120.641,46.511,333.361,3652389
-120.847,46.357,332.592,3652410
-120.581,46.234,332.159,3652431
-120.637,45.883,331.519,3652452
-120.375,45.553,331.087,3652473
-120.054,45.426,330.710,3652494
-120.219,45.392,329.990,3652515
-119.870,45.252,329.636,3652536
-119.573,45.157,329.233,3652557
-119.715,45.228,328.524,3652578
-119.898,45.363,327.786,3652599
-120.125,45.240,327.009,3652620
-120.360,45.145,326.212,3652641
-120.210,44.989,325.672,3652662
-120.447,44.905,324.856,3652683
-120.273,44.834,324.351,3652704
-120.216,45.065,323.740,3652725
-120.456,45.017,322.906,3652746
-120.299,45.151,322.331,3652767
-120.580,45.368,321.465,3652788
-120.634,45.658,320.744,3652809
-120.886,45.648,319.872,3652830
-121.116,45.562,318.999,3652851
-121.451,45.618,318.051,3652872
-121.516,45.511,317.297,3652893
-121.395,45.647,316.660,3652914
-121.357,45.864,315.969,3652935
-121.291,46.039,315.292,3652956
-121.293,46.250,314.524,3652977
-121.417,46.480,313.679,3652998
-121.826,46.464,312.621,3653019
-122.168,46.365,311.599,3653040
-122.521,46.245,310.581,3653061
-122.852,46.076,309.556,3653082
-123.209,45.992,308.504,3653103
-123.340,46.103,307.593,3653124
-123.182,45.957,306.902,3653145
-123.446,45.739,305.874,3653166
-123.310,45.693,305.153,3653187
-123.144,45.573,304.400,3653208
-123.346,45.713,303.424,3653229
-123.138,45.655,302.693,3653250
-123.034,45.394,301.892,3653271
-123.043,45.162,301.020,3653292
-123.001,44.924,300.177,3653313
-122.775,45.057,299.443,3653334
-122.776,45.244,298.531,3653355
-122.820,45.433,297.593,3653376
-122.531,45.472,296.914,3653397
-122.668,45.618,295.894,3653418
-122.696,45.485,294.977,3653439
-122.752,45.393,294.031,3653460
-122.823,45.342,293.101,3653481
-122.880,45.629,292.170,3653502
-122.819,45.561,291.302,3653523
-122.513,45.682,290.595,3653544
-122.224,45.788,289.876,3653565
-122.419,45.906,288.824,3653586
-122.284,46.248,288.006,3653607
-122.029,46.509,287.283,3653628
-122.122,46.810,286.264,3653649
-122.086,46.686,285.381,3653670
-122.177,46.596,284.383,3653691
-122.374,46.503,283.284,3653712
-122.496,46.733,282.281,3653733
-122.526,46.928,281.345,3653754
-122.876,46.824,280.166,3653775
-123.232,46.738,278.982,3653796
-123.325,46.850,277.979,3653817
-123.317,46.718,277.543,3653838
-123.816,46.418,277.480,3653859
-124.519,45.788,277.217,3653880
-125.237,45.188,276.897,3653901
-125.852,44.565,276.622,3653922
-126.439,43.962,276.348,3653943
-126.818,43.738,276.192,3653964
-127.182,43.572,276.029,3653985
-127.484,43.457,275.879,3654006
-127.749,43.407,275.700,3654027
-127.987,43.447,275.538,3654048
-127.966,43.316,275.543,3654069
-128.251,43.202,275.338,3654090
-128.224,43.167,275.313,3654111
-128.265,43.176,275.263,3654132
-128.235,43.254,275.260,3654153
-128.303,43.779,275.185,3654174
-128.166,44.327,275.223,3654195
-127.910,44.831,275.340,3654216
-127.679,45.346,275.445,3654237
-127.577,45.620,275.809,3654258
-127.723,45.618,275.968,3654279
-127.798,45.559,276.156,3654300
-127.883,45.489,276.329,3654321
-127.518,45.381,276.785,3654342
-127.255,45.212,277.117,3654363
-127.137,45.461,277.332,3654384
-126.863,45.638,277.655,3654405
-126.556,45.842,277.945,3654426
-126.162,46.047,278.303,3654447
-126.125,45.968,278.548,3654468
-126.102,46.092,278.763,3654489
-125.956,46.055,279.070,3654510
-125.742,45.975,279.416,3654531
-125.492,45.878,279.809,3654552
-124.981,46.044,280.371,3654573
-124.666,45.910,280.772,3654594
-124.666,45.800,281.079,3654615
-124.432,45.955,281.542,3654636
-124.166,46.048,281.996,3654657
-123.988,46.156,282.368,3654678
-124.070,45.893,282.517,3654699
-124.239,45.671,282.580,3654720
-124.219,45.338,282.774,3654741
-124.020,45.313,283.077,3654762
-124.238,45.407,283.064,3654783
-124.151,45.480,283.293,3654804
-124.050,45.599,283.529,3654825
-123.874,45.718,283.843,3654846
-123.685,45.838,284.165,3654867
-123.725,45.787,284.266,3654888
-123.679,46.139,284.424,3654909
-123.709,46.121,284.523,3654930
-123.730,46.080,284.617,3654951
-123.816,46.064,284.672,3654972
-123.819,45.962,284.762,3654993
-123.493,46.172,285.035,3655014
-123.380,46.431,285.135,3655035
-123.092,46.546,285.339,3655056
-123.112,46.778,285.263,3655077
-123.142,46.957,285.151,3655098
-122.883,46.727,285.275,3655119
-122.966,46.490,285.133,3655140
-122.798,46.152,285.190,3655161
-122.876,45.839,285.064,3655182
-123.102,45.662,284.845,3655203
-122.906,45.378,284.937,3655224
-122.778,45.420,284.985,3655245
-122.746,45.497,284.974,3655266
-123.022,45.599,284.722,3655287
-122.954,45.637,284.719,3655308
-123.318,45.687,284.401,3655329
-123.601,45.465,284.129,3655350
-123.932,45.361,283.852,3655371
-124.216,45.244,283.581,3655392
-124.083,45.199,283.628,3655413
-124.031,45.337,283.598,3655434
-123.947,45.441,283.612,3655455
-123.825,45.436,283.638,3655476
-123.734,45.510,283.679,3655497
-123.721,45.679,283.648,3655518
-124.064,45.612,283.366,3655539
-124.363,45.536,283.129,3655560
-124.707,45.505,282.853,3655581
-125.050,45.715,282.569,3655602
-125.390,45.869,282.294,3655623
-125.275,46.052,282.320,3655644
-125.213,46.318,282.284,3655665
-125.158,46.577,282.241,3655686
-125.098,46.855,282.211,3655707
-124.956,47.135,282.220,3655728
-124.858,47.006,282.207,3655749
-124.864,46.933,282.134,3655770
-124.632,46.774,282.242,3655791
-124.454,46.581,282.326,3655812
-124.122,46.377,282.525,3655833
-124.088,46.539,282.477,3655854
-124.125,46.675,282.404,3655875
-123.711,46.589,282.665,3655896
-123.383,46.659,282.840,3655917
-123.250,46.798,282.869,3655938
-123.093,46.512,282.938,3655959
-123.046,46.304,282.930,3655980
-122.687,46.049,283.153,3656001
-122.285,46.054,283.413,3656022
-122.185,45.782,283.468,3656043
-121.892,45.787,283.653,3656064
-121.704,45.906,283.761,3656085
-121.478,45.918,283.891,3656106
-121.339,45.963,283.972,3656127
-121.538,46.052,283.817,3656148
-121.820,45.889,283.588,3656169
-122.190,45.776,283.300,3656190
-122.510,45.606,283.048,3656211
-122.756,45.416,282.845,3656232
-122.830,45.217,282.778,3656253
-122.911,45.462,282.703,3656274
-123.296,45.700,282.423,3656295
-123.380,46.002,282.327,3656316
-123.337,46.207,282.327,3656337
-123.464,46.530,282.226,3656358
-123.581,46.422,282.102,3656379
-123.813,46.358,281.889,3656400
-123.953,46.226,281.745,3656421
-124.225,46.265,281.476,3656443
-124.468,46.365,281.202,3656464
-124.362,46.526,281.204,3656485
-124.218,46.232,281.212,3656506
-124.194,46.345,281.116,3656527
-124.245,46.102,280.923,3656548
-124.190,45.796,280.803,3656569
-124.136,45.494,280.678,3656590
-124.223,45.545,280.427,3656611
-123.945,45.268,280.402,3656632
-123.618,45.236,280.417,3656653
-123.298,45.218,280.429,3656674
-123.122,45.368,280.316,3656695
-122.786,45.368,280.310,3656716
-122.718,45.551,280.059,3656737
-122.586,45.733,279.841,3656758
-122.773,45.683,279.375,3656779
-122.786,45.499,279.034,3656800
-122.657,45.300,278.752,3656821
-122.797,45.350,278.304,3656842
-122.819,45.186,277.882,3656863
-122.708,45.407,277.530,3656884
-122.631,45.651,277.147,3656905
-122.467,45.480,276.816,3656926
-122.436,45.715,276.355,3656947
-122.432,45.944,275.875,3656968
-122.701,45.869,275.178,3656989
-123.024,45.846,274.425,3657010
-123.208,45.696,273.766,3657031
-123.370,45.507,273.101,3657052
-123.506,45.723,272.421,3657073
-123.651,45.939,271.709,3657094
-124.274,45.559,271.470,3657115
-124.790,45.078,271.250,3657136
-125.181,45.030,271.089,3657157
-125.403,44.881,271.029,3657178
-125.889,44.472,270.749,3657199
-126.350,44.073,270.488,3657220
-126.546,43.798,270.389,3657241
-126.817,43.812,270.221,3657262
-126.975,43.550,270.122,3657283
-127.289,43.672,269.917,3657304
-127.561,43.829,269.739,3657325
-127.671,44.029,269.630,3657346
-127.979,44.261,269.387,3657367
-128.029,44.524,269.294,3657388
-128.321,44.677,269.033,3657409
-128.004,44.697,269.224,3657430
-128.089,44.593,269.324,3657451
-128.020,44.462,269.510,3657472
-127.874,44.368,269.738,3657493
-127.842,44.630,269.861,3657514
-127.341,44.635,270.416,3657535
-126.943,44.790,270.882,3657556
-126.807,44.997,271.147,3657577
-126.423,45.164,271.613,3657598
-126.224,44.954,271.937,3657619
-125.969,45.124,272.287,3657640
-125.799,44.888,272.567,3657661
-125.386,44.986,273.023,3657682
-125.297,44.791,273.205,3657703
-125.007,44.966,273.521,3657724
-124.631,45.078,273.877,3657745
-124.199,45.161,274.269,3657766
-123.859,45.315,274.595,3657787
-123.889,45.287,274.643,3657808
-123.809,45.126,274.758,3657829
-123.746,44.918,274.864,3657850
-123.589,44.669,275.034,3657871
-123.290,44.482,275.315,3657892
-123.233,44.237,275.398,3657913
-123.156,44.400,275.480,3657934
-123.131,44.567,275.528,3657955
-123.278,44.724,275.467,3657976
-123.539,44.821,275.304,3657997
-123.456,44.930,275.354,3658018
-123.524,44.714,275.299,3658039
-123.818,44.647,275.095,3658060
-123.967,44.469,274.942,3658081
-124.294,44.409,274.679,3658102
-124.399,44.271,274.571,3658123
-124.378,44.450,274.542,3658144
-124.504,44.723,274.421,3658165
-124.610,45.035,274.290,3658186
-124.761,45.349,274.137,3658207
-125.080,45.649,273.843,3658228
-124.988,45.810,273.866,3658249
-125.318,45.768,273.595,3658270
-125.576,45.655,273.363,3658291
-125.647,45.509,273.245,3658312
-125.954,45.720,272.964,3658333
-126.218,45.921,272.698,3658354
-126.352,45.788,272.517,3658375
-126.424,45.620,272.382,3658396
-126.270,45.771,272.419,3658417
-126.065,45.984,272.463,3658438
-125.879,45.825,272.491,3658459
-125.528,45.801,272.612,3658480
-125.460,45.656,272.527,3658501
-125.410,45.441,272.575,3658522
-125.019,45.395,272.874,3658543
-124.799,45.569,273.032,3658564
-124.462,45.653,273.287,3658585
-124.231,45.835,273.430,3658606
-124.159,45.991,273.463,3658627
-124.147,46.073,273.464,3658648
-124.179,46.047,273.429,3658669
-124.098,45.834,273.468,3658690
-123.991,45.605,273.526,3658712
-123.577,45.416,273.787,3658733
-123.218,45.415,273.997,3658754
-122.850,45.429,274.174,3658775
-122.557,45.252,274.298,3658796
-122.288,45.330,274.386,3658817
-122.095,45.497,274.403,3658838
-122.115,45.730,274.265,3658859
-122.183,45.540,274.098,3658880
-122.299,45.392,273.896,3658901
-122.483,45.313,273.630,3658922
-122.723,45.468,273.352,3658943
-122.943,45.550,273.097,3658964
-122.843,45.805,273.064,3658985
-123.120,45.934,272.747,3659006
-123.047,46.199,272.651,3659027
-123.242,46.465,272.354,3659048
-123.192,46.293,272.212,3659069
-123.289,46.086,272.144,3659090
-123.345,45.901,272.105,3659111
-123.382,45.770,272.052,3659132
-123.768,45.661,271.749,3659153
-123.775,45.734,271.710,3659174
-123.840,45.894,271.597,3659195
-123.838,46.029,271.574,3659216
-124.000,46.224,271.406,3659237
-124.128,46.388,271.259,3659258
-124.356,46.528,271.008,3659279
-124.611,46.553,270.747,3659300
-124.704,46.355,270.574,3659321
-124.581,46.116,270.556,3659343
-124.672,45.998,270.375,3659364
-124.462,46.167,270.430,3659385
-124.035,46.087,270.616,3659406
-123.558,45.969,270.857,3659427
-123.306,46.120,270.893,3659448
-123.115,45.842,270.891,3659469
-122.822,45.543,270.965,3659490
-122.309,45.397,271.197,3659511
-122.236,45.088,271.218,3659532
-122.086,45.193,271.316,3659553
-122.182,45.249,271.226,3659574
-121.929,45.318,271.384,3659595
-121.841,45.447,271.406,3659616
-121.555,45.482,271.571,3659637
-121.568,45.704,271.497,3659658
-121.726,45.578,271.362,3659679
-121.821,45.402,271.255,3659700
-121.876,45.217,271.159,3659721
-121.897,45.027,271.093,3659742
-122.179,44.999,270.856,3659763
-122.108,45.179,270.846,3659784
-122.130,45.444,270.759,3659805
-122.543,45.681,270.383,3659826
-122.562,45.870,270.290,3659847
-122.669,45.765,270.123,3659868
-123.184,45.830,269.672,3659889
-123.720,45.955,269.226,3659910
-123.849,45.844,269.066,3659931
-124.083,45.747,268.811,3659952
-124.584,45.882,268.372,3659973
-124.621,46.123,268.266,3659994
-124.982,46.423,267.942,3660015
-125.059,46.731,267.845,3660036
-125.086,47.021,267.780,3660057
-124.976,47.249,267.803,3660078
-125.150,47.150,267.601,3660099
-125.221,46.966,267.465,3660120
-125.036,46.775,267.507,3660141
-125.024,46.494,267.443,3660162
-125.014,46.613,267.347,3660183
-124.823,46.637,267.388,3660204
-124.695,46.679,267.394,3660225
-124.393,46.459,267.506,3660246
-124.494,46.518,267.318,3660267
-124.108,46.293,267.478,3660288
-124.166,46.101,267.303,3660309
-124.157,45.875,267.178,3660330
-123.923,45.591,267.200,3660351
-123.452,45.408,267.397,3660372
-123.060,45.458,267.532,3660393
-122.747,45.586,267.578,3660414
-122.563,45.765,267.535,3660435
-122.414,45.514,267.458,3660456
-122.223,45.663,267.429,3660477
-122.265,45.856,267.201,3660498
-122.409,45.932,266.895,3660519
-122.569,45.804,266.544,3660540
-122.786,45.739,266.189,3660561
-122.565,45.740,266.129,3660582
-122.360,45.714,266.062,3660603
-122.217,45.591,265.961,3660624
-122.329,45.917,265.670,3660645
-122.447,45.868,265.377,3660666
-122.556,46.217,265.084,3660687
-122.488,46.502,264.914,3660708
-122.836,46.652,264.417,3660729
-122.946,47.037,264.090,3660750
-122.831,46.976,263.910,3660771
-122.818,46.899,263.652,3660792
-122.695,46.821,263.449,3660813
-122.876,47.131,262.999,3660834
-122.703,47.308,262.799,3660855
-122.983,47.343,262.238,3660876
-122.927,47.569,261.895,3660897
-123.098,47.801,261.390,3660918
-123.248,47.628,260.874,3660939
-123.408,47.449,260.345,3660960
-123.233,47.232,260.049,3660981
-123.092,47.010,259.700,3661002
-123.308,46.841,259.109,3661023
-123.554,46.896,258.476,3661044
-123.441,47.002,258.087,3661065
-123.428,47.106,257.618,3661086
-123.462,47.203,257.109,3661107
-123.312,47.236,256.716,3661128
-123.524,46.915,256.175,3661149
-123.206,46.532,256.003,3661170
-123.240,46.103,255.550,3661191
-123.026,45.673,255.285,3661212
-122.737,45.319,255.061,3661233
-122.614,45.369,254.696,3661254
-122.584,45.490,254.275,3661275
-122.546,45.614,253.842,3661296
-122.785,45.576,253.229,3661317
-122.493,45.543,252.992,3661338
-122.380,45.315,252.613,3661359
-122.542,45.265,252.023,3661380
-122.687,45.439,251.444,3661401
-122.431,45.430,251.100,3661422
-122.209,45.268,250.755,3661443
-121.954,45.483,250.410,3661464
-121.671,45.728,250.100,3661485
-121.443,46.046,249.740,3661506
-121.425,46.387,249.205,3661527
-121.191,46.364,248.865,3661548
-121.355,46.437,248.239,3661569
-121.560,46.517,247.586,3661590
-121.842,46.873,246.887,3661611
-122.113,46.974,246.184,3661632
-121.976,46.979,245.771,3661653
-122.275,47.311,245.025,3661674
-122.596,47.578,244.267,3661695
-122.518,47.474,243.794,3661716
-122.476,47.688,243.302,3661737
-122.282,47.598,242.926,3661758
-122.661,47.611,242.134,3661779
-122.956,47.537,241.406,3661800
-122.749,47.417,241.063,3661821
-122.642,47.112,240.624,3661842
-122.585,46.789,240.148,3661863
-122.666,46.878,239.564,3661884
-122.674,46.988,239.031,3661905
-122.713,47.087,238.502,3661926
-122.488,47.137,238.168,3661947
-122.622,46.981,237.591,3661968
-122.218,46.881,237.400,3661989
-121.975,46.577,237.079,3662010
-121.539,46.298,236.910,3662031
-121.291,46.026,236.614,3662052
-120.812,45.864,236.477,3662073
-120.759,45.645,236.028,3662094
-120.706,45.790,235.604,3662115
-120.400,45.913,235.358,3662136
-120.210,46.080,235.018,3662157
-120.229,46.283,234.497,3662178
-120.228,46.062,233.983,3662199
-120.008,45.832,233.622,3662220
-119.763,45.658,233.244,3662241
-119.825,45.434,232.647,3662262
-119.521,45.370,232.287,3662283
-119.701,45.433,231.613,3662304
-119.696,45.640,231.059,3662325
-119.559,45.454,230.594,3662346
-119.533,45.717,230.069,3662367
-119.770,45.807,229.346,3662388
-119.507,45.754,228.960,3662409
-119.688,45.769,228.253,3662430
-119.814,45.725,227.557,3662451
-119.576,45.691,227.096,3662472
-119.664,45.964,226.397,3662493
-119.767,46.206,225.676,3662514
-119.524,46.286,225.211,3662535
-119.832,46.305,224.313,3662556
-119.937,46.492,223.589,3662577
-120.220,46.458,222.700,3662598
-120.503,46.320,221.818,3662619
-120.443,46.044,221.181,3662640
-120.317,45.843,220.590,3662661
-120.211,45.608,219.973,3662682
-120.279,45.298,219.261,3662703
-120.572,45.100,218.384,3662724
-120.834,45.198,217.509,3662745
-121.060,45.311,216.665,3662766
-121.223,45.050,215.859,3662787
-121.187,45.147,215.182,3662808
-121.047,45.159,214.575,3662829
-120.958,44.847,213.897,3662850
-120.855,44.829,213.226,3662871
-120.810,44.488,212.460,3662892
-121.124,44.294,211.420,3662913
-121.462,44.260,210.360,3662934
-121.583,44.322,209.456,3662955
-121.757,43.976,208.499,3662976
-121.664,43.978,207.753,3662997
-121.631,43.995,206.957,3663018
-121.427,43.696,206.256,3663039
-121.550,43.330,205.349,3663060
-121.583,42.962,204.523,3663081
-121.372,42.783,203.883,3663102
-121.148,42.584,203.247,3663123
-121.381,42.472,202.268,3663144
-121.633,42.457,201.299,3663165
-121.859,42.376,200.322,3663186
-122.032,42.265,199.352,3663207
-122.273,42.239,198.308,3663228
-122.481,42.466,197.309,3663249
-122.332,42.342,196.521,3663270
-122.234,42.187,195.684,3663291
-122.058,42.215,194.907,3663312
-122.412,42.401,193.742,3663333
-122.544,42.630,192.732,3663354
-122.770,42.818,191.647,3663375
-122.704,43.006,190.723,3663396
-122.968,43.049,189.605,3663417
-123.006,43.281,188.639,3663438
-122.753,43.185,187.910,3663459
-122.517,43.124,187.173,3663480
-122.239,43.120,186.460,3663501
-121.982,43.181,185.739,3663522
-121.704,43.254,185.053,3663543
-121.928,43.405,184.005,3663564
-122.120,43.406,182.989,3663585
-122.343,43.457,181.971,3663606
-122.547,43.691,180.957,3663627
-122.776,43.785,179.950,3663648
-122.902,43.723,179.010,3663669
-122.675,43.712,178.299,3663690
-122.441,43.587,177.660,3663711
-122.186,43.679,177.017,3663732
-121.974,43.787,176.359,3663753
-121.813,43.930,175.676,3663774
-121.984,43.860,174.770,3663795
-121.967,43.592,173.981,3663816
-122.189,43.636,173.051,3663837
-121.998,43.385,172.420,3663858
-121.728,43.346,171.843,3663879
-121.476,43.325,171.232,3663900
-121.311,43.454,170.549,3663921
-121.128,43.573,169.877,3663942
-121.369,43.586,168.905,3663963
-121.656,43.624,167.910,3663984
-121.927,43.626,166.928,3664005
-122.167,43.569,165.950,3664026
-122.409,43.511,164.957,3664047
-122.476,43.789,164.108,3664068
-122.406,43.656,163.331,3664089
-122.185,43.767,162.642,3664110
-121.917,43.848,162.012,3664131
-121.675,44.008,161.347,3664152
-121.361,44.137,160.748,3664173
-121.357,44.432,159.915,3664194
-121.483,44.477,158.992,3664215
-121.566,44.475,158.089,3664236
-121.569,44.401,157.221,3664257
-121.688,44.460,156.274,3664278
-121.745,44.468,155.352,3664299
-120.568,44.322,155.754,3664320
-119.413,44.452,156.117,3664341
-118.307,44.576,156.446,3664362
-117.311,44.656,156.669,3664383
-116.447,44.528,156.804,3664404
-115.684,44.646,156.852,3664425
-115.412,44.880,156.543,3664446
-115.243,44.786,156.172,3664467
-115.227,44.713,155.703,3664488
-115.095,44.976,155.287,3664509
-114.894,44.982,154.944,3664530
-114.821,44.922,154.525,3664551
-114.982,45.216,153.942,3664572
-115.317,45.523,153.232,3664593
-115.403,45.625,152.711,3664614
-115.132,45.690,152.598,3664635
-115.153,45.542,152.264,3664656
-115.530,45.646,151.675,3664677
-115.999,45.657,151.012,3664698
-116.098,45.922,150.682,3664719
-116.100,45.752,150.389,3664740
-116.524,45.687,149.781,3664761
-116.511,45.715,149.486,3664782
-116.492,45.799,149.218,3664803
-116.865,45.662,148.657,3664824
-117.251,45.954,148.070,3664845
-117.632,45.880,147.485,3664866
-118.172,46.011,146.797,3664887
-118.578,45.968,146.215,3664908
-118.920,45.864,145.688,3664929
-119.347,45.937,145.072,3664950
-119.309,46.006,144.776,3664971
-119.318,46.117,144.409,3664992
-119.341,46.222,144.017,3665013
-119.317,46.266,143.635,3665034
-119.711,46.182,142.939,3665055
-119.853,45.823,142.420,3665076
-120.197,45.570,141.743,3665097
-120.535,45.489,141.042,3665118
-120.530,45.122,140.575,3665139
-120.336,44.986,140.263,3665160
-120.122,44.893,139.952,3665181
-120.063,45.020,139.542,3665202
-120.258,44.952,138.919,3665223
-120.013,44.999,138.622,3665244
-120.216,45.163,138.017,3665265
-120.366,45.055,137.400,3665286
-120.413,44.897,136.860,3665307
-120.651,44.821,136.186,3665328
-120.948,44.834,135.445,3665349
-120.759,44.712,135.030,3665370
-120.591,44.899,134.555,3665391
-120.335,45.078,134.129,3665412
-119.955,45.233,133.757,3665433
-119.620,45.478,133.342,3665454
-119.282,45.744,132.867,3665475
-118.714,45.666,132.498,3665496
-118.406,45.515,131.866,3665517
-118.255,45.493,131.086,3665538
-118.170,45.554,130.180,3665559
-117.626,45.627,129.549,3665580
-117.102,45.679,128.871,3665601
-116.774,46.017,128.016,3665622
-116.298,46.199,127.187,3665643
-115.819,46.385,126.326,3665664
-115.822,46.448,125.061,3665685
-115.601,46.308,123.908,3665706
-115.284,46.140,122.750,3665727
-115.281,46.056,121.290,3665748
-115.208,45.895,119.820,3665769
-113.938,46.434,119.388,3665790
-113.281,46.548,119.665,3665811
-112.317,46.726,120.026,3665832
-111.513,46.865,120.180,3665853
-110.795,46.995,120.203,3665874
-110.655,47.104,120.417,3665895
-110.586,47.025,120.482,3665916
-110.511,47.117,120.443,3665937
-110.467,46.992,120.293,3665958
-110.458,46.856,120.033,3665979
-110.024,46.752,120.040,3666000
-110.140,46.509,119.874,3666021
-109.905,46.446,119.907,3666042
-109.798,46.418,119.774,3666063
-109.698,46.367,119.600,3666084
-109.684,46.282,119.295,3666105
-110.204,46.061,118.824,3666126
-110.325,45.935,118.575,3666147
-110.558,45.663,118.203,3666168
-111.295,45.500,117.572,3666189
-111.704,45.256,117.176,3666210
-112.075,45.314,116.748,3666231
-112.942,45.315,116.069,3666252
-113.542,45.475,115.537,3666273
-114.429,45.570,114.781,3666294
-115.317,45.533,114.073,3666315
-116.208,45.423,113.330,3666336
-117.031,45.298,112.646,3666357
-117.871,45.252,111.962,3666378
-118.680,45.239,111.308,3666399
-119.013,45.268,111.020,3666420
-119.295,45.272,110.804,3666441
-119.633,45.404,110.541,3666462
-119.914,45.498,110.345,3666483
-120.555,45.592,109.947,3666504
-120.688,45.540,109.888,3666525
-121.100,45.375,109.667,3666546
-121.418,45.207,109.525,3666567
-121.686,45.046,109.422,3666588
-121.955,44.968,109.328,3666609
-121.727,44.870,109.562,3666630
-121.509,44.989,109.803,3666651
-121.265,45.108,110.040,3666672
-121.059,45.299,110.264,3666693
-120.876,45.496,110.439,3666714
-120.824,45.432,110.539,3666735
-120.709,45.417,110.693,3666756
-120.174,45.237,111.134,3666777
-120.014,45.259,111.324,3666798
-119.829,45.224,111.521,3666819
-119.204,45.051,112.039,3666840
-118.633,45.133,112.524,3666861
-118.062,45.177,113.018,3666882
-117.559,45.246,113.484,3666903
-117.107,45.290,113.929,3666924
-116.656,45.296,114.383,3666945
-116.637,45.108,114.529,3666966
-116.705,44.968,114.608,3666987
-116.917,44.977,114.541,3667008
-117.111,44.799,114.458,3667029
-117.182,44.537,114.420,3667050
-117.202,44.648,114.389,3667071
-117.182,44.644,114.385,3667092
-117.431,44.781,114.151,3667113
-117.680,44.915,113.905,3667134
-118.244,44.838,113.446,3667155
-118.838,44.796,112.933,3667176
-119.463,44.846,112.408,3667197
-120.041,44.795,111.873,3667218
-120.550,44.683,111.360,3667239
-120.658,44.750,111.110,3667260
-120.771,44.899,110.838,3667281
-120.849,45.011,110.547,3667302
-121.353,45.049,109.921,3667323
-121.406,45.130,109.566,3667344
-121.433,44.922,109.199,3667365
-121.914,44.775,108.503,3667386
-122.299,44.532,107.860,3667407
-122.582,44.255,107.256,3667428
-122.861,44.014,106.627,3667449
-123.269,43.950,105.901,3667470
-123.235,44.056,105.435,3667491
-123.107,44.123,105.063,3667512
-123.019,44.264,104.646,3667533
-123.043,44.441,104.126,3667554
-123.219,44.419,103.494,3667575
-123.296,44.317,102.930,3667596
-123.339,44.227,102.336,3667617
-123.119,44.010,101.935,3667638
-123.029,43.826,101.426,3667659
-122.638,43.676,101.127,3667680
-122.249,43.820,100.809,3667701
-121.821,43.946,100.484,3667722
-121.458,44.148,100.129,3667743
-120.996,44.256,99.821,3667764
-120.540,44.395,99.510,3667785
-120.407,44.267,98.968,3667806
-120.325,44.472,98.376,3667827
-119.881,44.346,98.048,3667848
-119.878,44.350,97.414,3667869
-119.825,44.642,96.825,3667890
-119.422,44.846,96.473,3667911
-119.084,45.060,96.060,3667932
-118.917,45.369,95.544,3667953
-118.846,45.658,94.972,3667974
-118.892,45.635,94.295,3667995
-118.941,45.511,93.628,3668016
-119.075,45.431,92.902,3668037
-118.786,45.320,92.469,3668058
-118.684,45.007,91.910,3668079
-118.453,44.878,91.428,3668100
-118.303,44.840,90.879,3668121
-118.172,44.723,90.342,3668142
-118.164,44.745,89.687,3668163
-118.367,44.415,88.874,3668184
-118.655,44.515,88.020,3668205
-118.910,44.239,87.193,3668226
-119.245,43.996,86.320,3668247
-119.724,43.982,85.350,3668268
-119.804,44.082,84.658,3668289
-120.279,44.002,83.681,3668310
-120.613,44.284,82.788,3668331
-120.831,44.543,81.985,3668352
-121.447,44.680,80.904,3668373
-121.790,45.037,80.018,3668394
-122.366,45.241,78.995,3668415
-122.459,45.361,78.329,3668436
-122.925,45.429,77.394,3668457
-122.879,45.539,76.827,3668478
-122.833,45.484,76.217,3668499
-123.178,45.783,75.304,3668520
-123.100,46.002,74.688,3668541
-123.376,46.269,73.838,3668562
-123.690,46.485,72.952,3668583
-123.862,46.362,72.164,3668604
-124.035,46.652,71.384,3668625
-123.810,46.606,70.893,3668646
-123.592,46.466,70.409,3668667
-123.513,46.296,69.797,3668688
-123.145,46.252,69.384,3668709
-122.758,46.117,69.018,3668730
-122.478,46.339,68.543,3668751
-121.981,46.385,68.218,3668772
-121.961,46.450,67.566,3668793
-121.835,46.583,66.952,3668814
-121.584,46.753,66.441,3668835
-121.224,46.434,65.989,3668856
-121.077,46.187,65.391,3668877
-121.058,46.046,64.679,3668898
-120.955,45.787,64.031,3668919
-120.457,45.627,63.645,3668940
-119.966,45.513,63.269,3668961
-119.565,45.551,62.783,3668982
-119.201,45.629,62.295,3669003
-119.202,45.597,61.559,3669024
-118.663,45.460,61.206,3669045
-118.188,45.444,60.838,3669066
-118.029,45.223,60.233,3669087
-117.973,45.067,59.587,3669108
-117.547,44.953,59.172,3669129
-117.319,44.766,58.647,3669150
-117.161,45.045,58.082,3669171
-117.311,45.026,57.290,3669192
-117.421,45.403,56.511,3669213
-117.741,45.649,55.593,3669234
-117.666,45.969,54.945,3669255
-117.649,46.248,54.248,3669276
-117.621,46.473,53.567,3669297
-117.559,46.646,52.931,3669318
-117.774,46.561,52.118,3669339
-118.194,46.713,51.144,3669360
-118.389,46.993,50.352,3669381
-118.779,47.241,49.446,3669402
-119.189,47.270,48.548,3669423
-119.636,47.340,47.612,3669444
-119.835,47.557,46.857,3669465
-120.187,47.404,46.019,3669486
-120.400,47.172,45.260,3669507
-120.426,47.173,44.649,3669528
-120.562,46.934,43.980,3669549
-120.811,46.650,43.263,3669570
-120.878,46.437,42.722,3669591
-120.861,46.430,42.254,3669612
-121.172,46.586,41.554,3669633
-121.570,46.556,40.818,3669654
-121.926,46.520,40.130,3669675
-121.861,46.249,39.774,3669696
-121.873,46.418,39.376,3669717
-122.050,46.271,38.859,3669738
-121.839,46.067,38.633,3669759
-121.684,46.233,38.363,3669780
-121.608,46.432,38.063,3669801
-121.541,46.636,37.748,3669822
-121.532,46.462,37.383,3669843
-121.654,46.526,36.943,3669864
-121.245,46.537,36.872,3669885
-121.103,46.296,36.615,3669906
-120.731,46.136,36.526,3669927
-120.442,46.297,36.377,3669948
-120.073,46.288,36.275,3669969
-119.779,46.459,36.120,3669990
-119.580,46.737,35.908,3670011
-119.807,46.857,35.386,3670032
-120.065,47.061,34.832,3670053
-120.220,47.432,34.357,3670074
-120.440,47.492,33.819,3670095
-120.405,47.405,33.443,3670116
-120.191,47.561,33.173,3670137
-120.191,47.476,32.745,3670158
-120.216,47.401,32.316,3670179
-120.054,47.454,31.999,3670200
-120.378,47.672,31.334,3670221
-120.751,47.804,30.602,3670242
-121.130,47.955,29.860,3670263
-121.284,48.194,29.275,3670284
-121.473,48.380,28.670,3670305
-121.390,48.288,28.263,3670326
-121.480,47.975,27.727,3670347
-121.384,47.773,27.318,3670368
-121.307,47.495,26.877,3670389
-121.188,47.320,26.465,3670410
-121.445,47.075,25.819,3670431
-121.942,47.414,25.383,3670452
-122.760,47.982,24.667,3670473
-123.538,48.439,23.960,3670494
-124.238,48.924,23.257,3670515
-124.835,49.353,22.581,3670536
-125.345,49.754,21.911,3670557
-125.466,50.226,21.502,3670578
-125.241,50.459,21.277,3670599
-125.275,50.464,20.828,3670620
-125.221,50.821,20.420,3670641
-125.170,51.119,19.918,3670662
-125.280,51.211,19.267,3670683
-125.896,51.506,18.387,3670704
-126.189,51.830,17.691,3670725
-126.598,51.871,16.874,3670746
-126.535,51.662,16.378,3670767
-126.323,51.389,15.923,3670788
-125.897,51.216,15.593,3670809
-126.451,51.336,14.566,3670830
-126.633,51.064,13.769,3670851
-126.837,51.154,12.914,3670872
-127.139,51.127,11.937,3670893
-127.691,51.004,10.801,3670914
-128.073,51.074,9.765,3670935
-127.997,50.775,9.052,3670956
-127.887,50.651,8.338,3670977
-128.454,50.569,7.115,3670998
-128.381,50.402,6.382,3671019
-128.270,50.258,5.635,3671040
-128.043,50.001,4.978,3671061
-128.214,50.007,3.953,3671082
-127.892,49.811,3.258,3671103
-127.850,49.424,2.328,3671124
-127.447,49.148,1.634,3671145
-127.386,48.804,0.665,3671166
-126.876,48.606,0.027,3671187
-126.676,48.266,359.118,3671208
-126.166,48.238,358.454,3671229
-125.578,48.065,357.848,3671250
-125.006,47.890,357.214,3671271
-124.853,48.073,356.278,3671292
-124.705,48.261,355.336,3671313
-124.583,48.236,354.351,3671334
-124.526,48.369,353.324,3671355
-123.978,48.325,352.657,3671376
-123.420,48.458,351.950,3671397
-123.355,48.473,350.871,3671418
-122.955,48.785,350.011,3671439
-122.848,48.809,348.921,3671460
-122.550,49.211,347.977,3671481
-122.598,49.648,346.757,3671502
-122.713,50.074,345.485,3671523
-122.602,50.160,344.386,3671544
-122.637,50.258,343.192,3671565
-122.926,50.633,341.830,3671586
-122.715,50.928,340.843,3671607
-122.542,51.152,339.821,3671628
-122.384,51.399,338.812,3671649
-122.282,51.355,337.766,3671670
-122.137,51.318,336.781,3671691
-122.551,51.288,335.360,3671712
-123.026,51.321,333.873,3671733
-123.534,51.278,332.346,3671754
-122.937,51.086,331.830,3671775
-122.726,50.815,331.018,3671796
-122.458,50.504,330.267,3671817
-122.031,50.488,329.641,3671838
-121.553,50.347,329.055,3671859
-121.242,49.923,328.384,3671880
-121.386,49.644,327.359,3671901
-121.607,49.459,326.267,3671922
-121.891,49.094,325.166,3671943
-122.193,48.619,324.068,3671964
-122.634,48.278,322.886,3671985
-123.083,47.937,321.718,3672006
-123.299,47.760,320.753,3672027
-123.285,47.435,319.975,3672048
-123.306,47.131,319.184,3672069
-123.385,46.875,318.373,3672090
-123.895,46.472,317.245,3672111
-124.423,46.157,316.128,3672132
-124.976,45.918,315.009,3672153
-125.075,45.851,314.212,3672174
-125.333,45.523,313.288,3672195
-125.469,45.557,312.434,3672216
-125.639,45.681,311.581,3672237
-125.724,45.775,310.816,3672258
-125.844,45.933,310.030,3672279
-125.988,45.843,309.236,3672300
-126.523,46.043,308.194,3672321
-126.917,46.056,307.296,3672342
-127.369,46.192,306.343,3672363
-127.754,46.428,305.472,3672384
-127.981,46.471,304.698,3672405
-128.268,46.712,303.918,3672426
-128.242,47.140,303.339,3672447
-128.051,47.469,302.923,3672468
-127.723,47.545,302.619,3672489
-127.573,47.910,302.185,3672510
-127.717,48.058,301.572,3672531
-127.307,48.052,301.356,3672552
-127.338,48.032,300.827,3672573
-127.454,48.163,300.241,3672594
-127.116,48.005,299.997,3672615
-127.212,47.924,299.433,3672636
-126.902,47.970,299.183,3672657
-126.626,48.036,298.923,3672678
-126.405,48.102,298.642,3672699
-126.102,48.079,298.438,3672720
-125.805,48.049,298.232,3672741
-125.889,47.768,297.737,3672762
-125.896,47.462,297.309,3672783
-125.931,47.146,296.842,3672804
-125.933,47.135,296.407,3672825
-125.939,46.757,295.977,3672846
-125.605,46.341,295.788,3672867
-125.488,46.286,295.431,3672888
-125.535,46.299,294.956,3672909
-125.300,46.192,294.668,3672930
-125.490,45.989,294.058,3672951
-125.208,45.916,293.780,3672972
-125.337,45.643,293.210,3672993
-125.013,45.395,292.938,3673014
-125.049,45.153,292.389,3673035
-125.157,44.731,292.667,3673056
-125.291,44.306,292.887,3673077
-125.355,44.285,293.121,3673098
-125.830,44.200,293.014,3673119
-125.902,44.255,293.173,3673140
-126.245,44.390,293.109,3673161
-126.687,44.456,292.953,3673182
-127.017,44.303,292.865,3673203
-127.315,44.149,292.797,3673224
-127.437,43.971,292.820,3673245
-127.534,44.235,292.855,3673266
-127.433,44.485,293.030,3673287
-127.253,44.751,293.244,3673308
-127.060,45.047,293.462,3673329
-126.764,45.296,293.723,3673350
-126.647,45.733,293.875,3673371
-126.727,46.004,293.864,3673392
-126.576,46.102,294.031,3673413
-126.315,46.202,294.272,3673434
-125.972,46.283,294.592,3673455
-125.837,46.481,294.753,3673476
-125.768,46.753,294.860,3673497
-125.300,47.203,295.240,3673518
-124.687,47.409,295.736,3673539
-124.175,47.671,296.145,3673560
-123.740,47.945,296.501,3673581
-123.304,48.038,297.100,3673602
-123.250,47.837,297.389,3673623
-123.180,47.585,297.695,3673644
-123.206,47.329,297.908,3673665
-123.080,46.982,298.240,3673686
-123.266,46.914,298.314,3673707
-123.051,46.885,298.679,3673728
-122.959,46.930,298.941,3673749
-122.575,46.743,299.237,3673770
-122.460,46.964,299.338,3673791
-122.150,47.091,299.638,3673812
-122.223,47.309,299.632,3673833
-122.393,47.269,299.573,3673854
-122.566,47.152,299.500,3673875
-122.718,47.001,299.464,3673896
-122.723,46.777,299.518,3673917
-122.660,46.917,299.624,3673938
-122.676,47.076,299.649,3673959
-122.547,47.097,299.783,3673980
-122.563,47.207,299.804,3674001
-122.516,47.249,299.860,3674022
-122.922,47.292,299.582,3674043
-123.233,47.109,299.342,3674064
-123.546,46.958,299.148,3674085
-123.876,46.831,298.961,3674106
-124.121,47.078,298.825,3674127
-124.046,47.188,298.934,3674148
-123.997,47.311,299.029,3674169
-123.900,47.346,299.189,3674190
-123.923,47.463,299.260,3674211
-123.926,47.507,299.321,3674232
-124.434,47.471,299.010,3674253
-124.862,47.348,298.770,3674274
-125.316,47.293,298.507,3674295
-125.700,47.210,298.285,3674316
-125.651,47.327,298.384,3674337
-125.527,47.373,298.516,3674358
-125.322,47.438,298.701,3674379
-125.557,47.437,298.542,3674400
-125.286,47.552,298.758,3674421
-125.427,47.624,298.658,3674442
-125.410,47.495,298.667,3674463
-125.323,47.332,298.712,3674484
-125.140,47.133,298.810,3674505
-124.556,47.052,299.218,3674526
-124.135,46.770,299.476,3674547
-123.811,46.871,299.648,3674568
-123.292,46.770,299.945,3674589
-122.908,46.818,300.128,3674610
-122.696,46.882,300.182,3674631
-122.206,46.735,300.431,3674652
-122.170,46.503,300.322,3674673
-122.265,46.397,300.127,3674694
-122.325,46.271,299.942,3674715
-122.398,46.102,299.740,3674736
-122.238,45.798,299.697,3674757
-122.133,45.923,299.610,3674778
-122.365,46.029,299.258,3674799
-122.156,45.948,299.239,3674820
-122.059,45.736,299.133,3674841
-121.953,45.680,299.006,3674862
-122.337,45.602,298.530,3674883
-122.766,45.545,298.017,3674904
-122.971,45.334,297.655,3674925
-123.223,45.603,297.262,3674946
-123.620,45.522,296.765,3674967
-123.861,45.812,296.376,3674988
-124.008,46.073,296.036,3675009
-124.315,46.377,295.575,3675030
-124.497,46.635,295.185,3675051
-124.983,46.928,294.553,3675072
-125.074,46.826,294.206,3675093
-125.598,46.869,293.516,3675114
-126.047,46.906,292.869,3675135
-126.441,46.886,292.246,3675156
-126.764,46.815,291.655,3675177
-126.741,46.998,291.292,3675198
-126.797,47.223,290.854,3675219
-126.830,47.391,290.399,3675240
-126.642,47.401,290.101,3675261
-126.354,47.261,289.868,3675282
-126.624,47.290,289.194,3675303
-126.714,47.104,288.658,3675324
-126.766,46.726,288.644,3675345
-126.845,46.366,288.600,3675366
-126.884,46.037,288.567,3675387
-126.916,45.728,288.514,3675408
-126.624,45.685,288.661,3675429
-126.333,45.675,288.831,3675450
-126.467,45.685,288.616,3675471
-126.163,45.668,288.697,3675492
-125.952,45.651,288.959,3675513
-125.729,45.311,289.204,3675534
-125.704,45.427,289.282,3675555
-125.803,45.246,289.265,3675576
-125.693,45.016,289.365,3675597
-125.392,45.142,289.589,3675618
-125.132,45.303,289.790,3675639
-124.958,45.533,289.915,3675660
-124.874,45.799,289.976,3675681
-124.817,46.075,290.004,3675702
-124.875,46.313,289.941,3675723
-124.946,46.259,289.840,3675744
-124.962,46.161,289.768,3675765
-124.985,46.074,289.674,3675786
-124.804,45.984,289.705,3675807
-124.677,45.872,289.709,3675828
-124.439,46.161,289.749,3675849
-124.180,46.390,289.800,3675870
-123.883,46.547,289.855,3675891
-123.794,46.871,289.764,3675912
-123.635,46.738,289.710,3675933
-123.810,46.694,289.386,3675954
-123.658,46.527,289.266,3675975
-123.693,46.394,289.013,3675996
-123.438,46.334,288.950,3676017
-123.429,46.518,288.698,3676038
-123.586,46.709,288.295,3676059
-123.610,46.889,287.997,3676080
-123.885,46.661,287.621,3676101
-123.994,46.769,287.323,3676122
-124.234,46.923,286.924,3676143
-124.220,46.644,286.703,3676164
-124.569,46.484,286.194,3676185
-124.835,46.282,285.727,3676206
-124.709,46.072,285.537,3676227
-125.016,45.988,285.029,3676248
-124.969,46.097,284.870,3676269
-124.943,46.269,284.672,3676290
-125.267,46.318,284.221,3676311
-125.246,46.548,284.009,3676332
-125.002,46.511,283.950,3676353
-125.263,46.525,283.480,3676374
-125.520,46.437,283.132,3676395
-125.749,46.390,282.788,3676416
-125.941,46.290,282.556,3676437
-126.078,46.171,282.339,3676458
-126.233,46.371,282.158,3676479
-125.973,46.461,282.286,3676500
-125.617,46.502,282.490,3676521
-125.532,46.669,282.509,3676542
-125.343,46.829,282.611,3676563
-125.406,46.721,282.542,3676584
-125.216,46.453,282.652,3676605
-124.869,46.244,282.862,3676626
-124.543,46.046,283.023,3676647
-124.193,45.879,283.235,3676668
-124.241,45.750,283.152,3676689
-124.375,45.800,283.030,3676710
-124.311,45.994,283.063,3676731
-123.978,46.075,283.304,3676752
-123.614,45.977,283.570,3676773
-123.376,46.097,283.800,3676794
-123.524,46.140,283.758,3676815
-123.363,46.268,283.966,3676836
-123.337,46.017,284.083,3676857
-123.354,45.801,284.184,3676878
-123.324,45.944,284.266,3676899
-123.164,46.041,284.436,3676920
-123.145,46.156,284.483,3676941
-122.904,46.172,284.670,3676962
-122.922,46.309,284.678,3676983
-122.858,46.449,284.746,3677004
-123.041,46.271,284.627,3677025
-123.230,46.111,284.490,3677046
-123.373,45.935,284.369,3677067
-123.407,45.737,284.316,3677088
-123.175,45.711,284.432,3677109
-122.955,45.814,284.533,3677130
-123.262,46.002,284.289,3677151
-123.078,46.027,284.419,3677172
-122.954,46.165,284.494,3677193
-123.335,46.447,284.198,3677214
-123.526,46.417,284.008,3677235
-123.923,46.741,283.663,3677256
-123.848,46.703,283.639,3677277
-124.050,46.597,283.427,3677298
-124.049,46.813,283.327,3677319
-124.170,47.086,283.151,3677340
-124.490,47.058,282.801,3677361
-124.516,47.256,282.652,3677382
-124.414,47.386,282.601,3677403
-124.828,47.497,282.150,3677424
-124.838,47.316,282.018,3677445
-124.924,47.109,281.817,3677466
-124.816,47.208,281.714,3677487
-125.070,47.124,281.337,3677508
-125.371,47.200,280.971,3677529
-125.230,47.408,280.945,3677550
-125.108,47.633,280.902,3677571
-125.136,47.889,280.775,3677592
-124.818,47.992,280.871,3677613
-124.926,47.918,280.629,3677634
-124.669,47.695,280.659,3677655
-124.569,47.487,280.552,3677676
-124.561,47.294,280.406,3677697
-124.251,47.041,280.468,3677718
-124.224,46.820,280.338,3677739
-123.988,46.945,280.424,3677760
-123.727,47.041,280.515,3677781
-123.636,46.778,280.490,3677802
-123.391,46.870,280.572,3677823
-122.872,46.729,280.887,3677844
-122.604,46.851,281.019,3677865
-122.592,46.641,280.934,3677886
-122.325,46.383,281.025,3677907
-122.078,46.529,281.097,3677928
-121.968,46.303,281.079,3677949
-121.606,46.368,281.248,3677970
-121.182,46.322,281.448,3677991
-121.086,46.507,281.405,3678012
-121.127,46.679,281.245,3678033
-120.829,46.730,281.371,3678054
-120.981,46.607,281.148,3678075
-121.124,46.477,280.900,3678096
-121.363,46.338,280.640,3678117
-121.468,46.114,280.489,3678138
-121.636,45.926,280.279,3678159
-121.494,45.990,280.304,3678180
-121.537,46.216,280.201,3678201
-121.463,46.413,280.162,3678222
-121.423,46.592,280.075,3678243
-121.288,46.695,280.048,3678264
-121.247,46.850,279.953,3678285
-121.530,46.725,279.569,3678306
-121.773,46.571,279.219,3678327
-121.863,46.381,278.960,3678348
-121.933,46.200,278.682,3678369
-121.909,46.432,278.452,3678390
-121.822,46.664,278.267,3678411
-121.942,47.012,277.909,3678432
-122.054,47.354,277.549,3678453
-122.168,47.146,277.315,3678474
-122.419,47.046,276.978,3678495
-122.615,46.948,276.647,3678516
-122.819,46.848,276.322,3678537
-122.842,46.684,276.122,3678558
-123.084,46.804,275.803,3678579
-122.905,46.908,275.793,3678600
-122.594,46.925,275.895,3678621
-122.506,46.698,275.795,3678642
-122.446,46.861,275.642,3678663
-122.319,46.992,275.533,3678684
-122.053,47.008,275.494,3678705
-122.267,46.967,275.103,3678726
-121.989,47.011,275.059,3678747
-122.186,46.982,274.657,3678768
-122.257,46.842,274.388,3678789
-122.466,46.826,274.009,3678810
-122.659,47.012,273.649,3678831
-122.781,47.250,273.336,3678852
-122.629,47.444,273.254,3678873
-122.472,47.622,273.185,3678894
-122.291,47.771,273.108,3678915
-122.406,47.598,272.794,3678936
-122.395,47.351,272.558,3678957
-122.242,47.064,272.433,3678978
-121.871,46.901,272.441,3678999
-121.570,46.646,272.408,3679020
-121.324,46.747,272.332,3679041
-121.404,46.845,272.031,3679062
-121.263,46.984,271.887,3679083
-120.966,47.118,271.867,3679104
-120.637,47.230,271.845,3679125
-120.605,47.063,271.621,3679146
-120.426,46.812,271.473,3679167
-120.154,46.529,271.405,3679188
-119.865,46.583,271.322,3679209
-119.648,46.337,271.183,3679230
-119.724,46.492,270.817,3679251
-119.773,46.703,270.448,3679272
-119.735,46.893,270.138,3679293
-119.619,47.093,269.866,3679314
-119.375,47.018,269.681,3679335
-119.564,46.894,269.176,3679356
-119.624,46.712,268.758,3679377
-119.756,46.534,268.257,3679398
-119.801,46.356,267.807,3679419
-120.075,46.425,267.182,3679440
-119.834,46.448,266.942,3679461
-119.748,46.687,266.536,3679482
-120.038,46.821,265.883,3679503
-120.299,46.883,265.243,3679524
-120.093,47.044,264.918,3679545
-119.809,46.962,264.654,3679566
-119.875,46.820,264.110,3679587
-119.580,46.855,263.790,3679608
-119.483,46.695,263.305,3679629
-119.590,46.653,262.686,3679650
-119.263,46.828,262.371,3679671
-119.116,47.124,261.936,3679692
-119.115,47.405,261.368,3679713
-119.184,47.636,260.742,3679734
-119.343,47.725,260.026,3679755
-119.115,47.500,259.604,3679776
-119.145,47.343,258.955,3679797
-119.136,47.161,258.326,3679818
-118.910,46.947,257.854,3679839
-118.682,47.020,257.385,3679860
-118.517,47.164,256.869,3679881
-118.256,47.170,256.422,3679902
-118.474,47.358,255.640,3679923
-118.441,47.543,255.013,3679944
-118.562,47.353,254.271,3679965
-118.770,47.185,253.460,3679986
-119.089,47.083,252.548,3680007
-118.988,46.875,251.907,3680028
-118.867,46.750,251.277,3680049
-119.246,46.550,250.286,3680070
-119.728,46.515,249.219,3680091
-120.211,46.581,248.132,3680112
-120.474,46.671,247.203,3680133
-120.757,46.763,246.232,3680154
-121.071,46.850,245.241,3680175
-121.218,46.515,244.348,3680196
-121.429,46.163,243.434,3680217
-121.821,45.888,242.375,3680238
-121.793,45.593,241.606,3680259
-121.785,45.562,240.835,3680280
-121.920,45.653,239.938,3680301
-122.359,45.587,238.839,3680322
-122.759,45.633,237.783,3680343
-123.422,44.485,233.167,3680448
-123.185,44.353,232.451,3680469
-122.954,44.260,231.758,3680490
-123.232,44.216,230.657,3680511
-123.373,44.424,229.616,3680532
-123.465,44.630,228.554,3680553
-123.631,44.851,227.424,3680574
-123.938,45.046,226.155,3680595
-124.283,44.932,224.837,3680616
-124.284,44.747,223.714,3680637
-124.280,44.512,222.556,3680658
-124.212,44.465,221.414,3680679
-124.333,44.196,220.101,3680700
-124.381,43.923,218.800,3680721
-124.681,43.988,217.305,3680742
-124.940,43.993,215.814,3680763
-125.587,44.142,214.590,3680784
-125.892,44.512,213.554,3680805
-126.409,44.800,212.341,3680826
-126.441,44.800,211.414,3680847
-126.388,44.739,210.507,3680868
-126.231,44.799,209.611,3680889
-126.027,44.687,208.726,3680910
-126.084,44.464,207.606,3680931
-125.973,44.597,206.555,3680952
-125.891,44.660,205.459,3680973
-125.878,44.687,204.278,3680994
-125.960,44.534,202.997,3681015
-125.694,44.092,201.939,3681036
-125.222,43.884,201.004,3681057
-124.781,43.500,200.018,3681078
-124.306,43.131,199.040,3681099
-123.765,42.961,198.104,3681120
-123.205,42.672,197.144,3681141
-122.967,42.768,195.971,3681162
-122.814,42.654,194.743,3681183
-122.667,42.676,193.514,3681204
-122.481,42.810,192.287,3681225
-121.944,42.682,191.294,3681246
-121.352,42.741,190.316,3681267
-120.764,42.893,189.347,3681288
-120.212,43.068,188.330,3681310
-120.140,43.352,186.976,3681331
-120.085,43.657,185.576,3681352
-120.096,43.867,184.129,3681373
-119.923,43.926,182.837,3681394
-120.083,44.206,181.299,3681415
-120.321,44.573,179.695,3681436
-120.129,44.828,178.407,3681457
-120.055,45.146,177.058,3681478
-120.041,45.353,175.674,3681499
-120.086,45.661,174.253,3681520
-120.259,46.024,172.751,3681541
-120.846,46.154,170.937,3681562
-121.392,46.226,169.184,3681583
-121.970,46.315,167.407,3681604
-122.521,46.416,165.682,3681625
-123.127,46.484,163.927,3681646
-123.333,46.292,162.464,3681667
-123.367,46.254,161.129,3681688
-123.831,46.372,159.493,3681709
-123.867,46.290,158.165,3681730
-123.858,46.196,156.855,3681751
-124.240,45.922,155.278,3681772
-124.677,45.746,153.662,3681793
-124.907,45.800,152.228,3681814
-125.126,45.500,150.801,3681835
-125.318,45.260,149.421,3681856
-125.228,45.333,148.229,3681877
-125.011,45.381,147.130,3681898
-124.630,45.265,146.120,3681919
-124.259,45.288,145.089,3681940
-124.269,45.244,143.781,3681961
-124.097,45.093,142.602,3681982
-123.953,45.127,141.386,3682003
-123.688,45.075,140.230,3682024
-123.056,44.881,139.326,3682045
-122.416,45.101,138.403,3682066
-121.672,45.050,137.543,3682087
-120.945,45.211,136.619,3682108
-120.219,45.350,135.680,3682129
-119.587,45.541,134.629,3682150
-118.938,45.759,133.570,3682171
-118.358,45.658,132.458,3682192
-118.089,45.591,131.102,3682213
-117.989,45.599,129.587,3682234
-117.830,45.477,128.084,3682255
-117.671,45.297,126.582,3682276
-117.501,45.493,125.030,3682297
-117.204,45.538,123.526,3682318
-120.273,47.546,60.924,3683893
-119.861,47.420,60.508,3683914
-119.454,47.294,60.119,3683935
-119.459,47.104,59.446,3683956
-119.122,46.894,59.031,3683977
-118.822,46.901,58.623,3683998
-119.030,46.846,57.863,3684019
-119.196,46.886,57.125,3684040
-119.110,46.891,56.590,3684061
-119.317,46.651,55.855,3684082
-119.124,46.512,55.402,3684103
-119.329,46.172,54.688,3684124
-119.467,45.826,54.063,3684145
-119.304,45.485,53.671,3684166
-119.142,45.182,53.302,3684187
-119.320,44.944,52.731,3684208
-119.374,45.079,52.263,3684229
-119.668,45.027,51.649,3684250
-119.839,45.185,51.140,3684271
-120.158,45.315,50.554,3684292
-120.430,45.196,49.997,3684313
-120.435,45.065,49.646,3684334
-120.759,45.415,49.076,3684355
-121.167,45.480,48.458,3684376
-121.139,45.574,48.170,3684397
-121.191,45.957,47.808,3684418
-121.454,46.427,47.315,3684439
-121.838,46.841,46.742,3684460
-122.019,47.305,46.326,3684481
-122.013,47.304,46.047,3684502
-122.142,47.293,45.693,3684523
-122.076,47.365,45.508,3684544
-122.163,47.318,45.214,3684565
-122.133,47.485,45.029,3684586
-122.396,47.804,44.642,3684607
-122.894,47.944,44.058,3684628
-123.345,47.990,43.509,3684649
-123.772,48.056,42.956,3684670
-123.857,47.837,42.689,3684691
-123.834,48.000,42.475,3684712
-123.973,47.815,42.145,3684733
-123.665,47.739,42.140,3684754
-123.782,47.620,41.836,3684775
-123.434,47.660,41.884,3684796
-123.283,47.397,41.790,3684817
-123.027,47.516,41.758,3684838
-122.982,47.310,41.581,3684859
-122.942,47.261,41.397,3684880
-122.809,47.273,41.273,3684901
-122.248,46.947,41.437,3684922
-122.120,46.624,41.293,3684943
-121.678,46.602,41.348,3684964
-121.165,46.439,41.442,3684985
-120.640,46.182,41.512,3685006
-120.198,45.873,41.529,3685027
-119.785,45.892,41.534,3685048
-119.395,45.900,41.517,3685069
-119.329,45.865,41.261,3685090
-118.844,45.559,41.309,3685111
-118.803,45.586,41.055,3685132
-118.628,45.236,40.878,3685153
-118.609,44.939,40.602,3685174
-118.658,44.869,40.479,3685195
-118.642,44.998,40.434,3685216
-118.628,45.042,40.382,3685237
-119.001,45.345,40.060,3685258
-119.482,45.478,39.652,3685279
-119.838,45.808,39.357,3685300
-120.354,46.018,38.936,3685321
-120.843,46.309,38.508,3685342
-120.920,46.507,38.424,3685363
-121.139,46.423,38.217,3685384
-121.429,46.751,37.937,3685405
-121.897,46.767,37.547,3685426
-121.912,46.684,37.496,3685447
-122.237,46.593,37.210,3685468
-122.524,46.828,36.934,3685489
-122.917,46.846,36.585,3685510
-123.265,46.792,36.267,3685531
-123.193,46.906,36.253,3685552
-123.042,47.010,36.270,3685573
-123.126,46.793,36.101,3685594
-123.000,46.559,36.055,3685615
-122.709,46.474,36.108,3685636
-122.414,46.306,36.169,3685657
-122.252,46.417,36.094,3685678
-122.243,46.555,35.868,3685699
-122.319,46.617,35.552,3685720
-122.326,46.693,35.266,3685741
-121.869,46.490,35.300,3685762
-121.715,46.217,35.106,3685783
-121.234,46.096,35.107,3685804
-121.093,46.285,34.856,3685825
-120.844,46.034,34.665,3685846
-120.498,45.778,34.527,3685867
-120.331,45.969,34.248,3685888
-120.203,46.131,33.912,3685909
-120.137,46.090,33.521,3685930
-119.786,46.267,33.310,3685951
-119.513,46.490,33.058,3685972
-119.343,46.712,32.709,3685993
-118.929,46.668,32.531,3686014
-118.579,46.599,32.273,3686035
-118.442,46.431,31.879,3686056
-118.161,46.347,31.571,3686077
-117.902,46.354,31.252,3686098
-118.210,46.450,30.516,3686119
-118.502,46.431,29.764,3686140
-118.854,46.427,28.959,3686161
-119.263,46.442,28.105,3686182
-119.597,46.305,27.293,3686203
-119.649,46.020,26.691,3686224
-119.699,45.821,26.072,3686245
-120.002,46.000,25.255,3686266
-119.993,45.897,24.667,3686287
-120.081,46.011,23.998,3686308
-120.409,46.173,23.143,3686329
-120.835,46.305,22.185,3686350
-121.322,46.228,21.164,3686371
-121.275,46.104,20.542,3686392
-121.595,45.920,19.652,3686413
-121.563,45.992,18.996,3686434
-121.942,45.906,18.040,3686455
-121.850,45.977,17.412,3686476
-121.703,45.796,16.831,3686497
-121.502,45.840,16.279,3686518
-121.639,46.063,15.470,3686539
-121.833,46.197,14.630,3686560
-121.966,46.185,13.813,3686581
-121.963,46.131,13.126,3686602
-121.553,46.196,12.707,3686623
-121.148,46.320,12.259,3686644
-120.908,46.302,11.682,3686665
-120.541,46.592,11.184,3686686
-120.221,46.916,10.661,3686707
-119.980,47.292,10.064,3686728
-120.129,47.694,9.171,3686749
-120.311,47.990,8.259,3686770
-120.491,48.065,7.320,3686791
-120.501,48.013,6.505,3686812
-120.742,48.202,5.521,3686833
-120.451,48.347,4.937,3686854
-120.212,48.542,4.277,3686875
-119.943,48.583,3.645,3686896
-119.688,48.583,2.993,3686917
-119.464,48.703,2.308,3686938
-119.578,48.960,1.364,3686959
-119.814,48.921,0.329,3686980
-120.054,48.864,359.270,3687001
-120.319,48.775,358.214,3687022
-120.504,48.602,357.204,3687043
-120.712,48.381,356.165,3687064
-120.536,48.308,355.427,3687085
-120.428,48.001,354.601,3687106
-120.252,47.887,353.845,3687127
-120.079,47.774,353.086,3687148
-120.451,47.636,351.929,3687169
-120.828,47.544,350.760,3687190
-121.155,47.527,349.634,3687211
-121.121,47.186,348.745,3687232
-120.447,47.219,348.582,3687253
-120.152,46.977,348.149,3687274
-119.461,46.870,348.014,3687295
-119.009,46.556,347.700,3687316
-118.634,46.690,347.351,3687337
-118.594,46.548,346.768,3687358
-118.619,46.482,346.150,3687379
-118.753,46.495,345.453,3687400
-118.800,46.343,344.841,3687421
-118.720,46.192,344.344,3687442
-119.047,46.257,343.552,3687463
-119.087,46.488,342.967,3687484
-119.163,46.722,342.363,3687505
-119.255,46.953,341.775,3687526
-119.358,47.131,341.170,3687547
-119.564,47.407,340.504,3687568
-120.083,47.734,339.624,3687589
-120.763,47.775,338.635,3687610
-121.332,47.838,337.745,3687631
-121.906,47.906,336.841,3687652
-122.379,47.784,336.021,3687673
-122.548,47.590,335.420,3687694
-122.616,47.606,334.895,3687715
-122.833,47.726,334.249,3687736
-123.365,47.879,333.385,3687757
-123.436,47.921,332.868,3687778
-123.869,47.723,332.067,3687799
-124.152,47.473,331.393,3687820
-124.425,47.233,330.717,3687841
-124.410,46.933,330.252,3687862
-124.209,46.860,329.917,3687883
-124.013,46.832,329.566,3687904
-123.687,46.702,329.339,3687925
-123.805,46.703,328.790,3687946
-123.443,46.664,328.592,3687967
-123.293,46.781,328.248,3687988
-123.370,46.636,327.735,3688009
-123.502,46.558,327.161,3688030
-123.565,46.360,326.645,3688051
-123.497,46.070,326.227,3688072
-123.645,45.991,325.658,3688093
-123.477,45.707,325.305,3688114
-123.250,45.693,324.993,3688135
-123.131,45.808,324.612,3688156
-122.972,45.860,324.275,3688177
-122.963,46.026,323.851,3688198
-123.032,46.258,323.374,3688219
-123.242,46.179,322.817,3688240
-123.481,46.107,322.230,3688261
-123.795,46.120,321.622,3688282
-124.012,46.060,321.080,3688303
-124.084,46.374,320.664,3688324
-124.057,46.292,320.321,3688345
-124.064,46.566,319.953,3688366
-124.232,46.871,319.471,3688387
-124.588,47.154,318.815,3688408
-124.566,47.002,318.458,3688429
-124.835,46.880,317.877,3688450
-125.103,46.744,317.296,3688471
-125.308,46.572,316.766,3688492
-125.131,46.526,316.509,3688513
-125.261,46.732,316.025,3688534
-125.220,46.894,315.652,3688555
-125.071,46.958,315.364,3688576
-124.886,46.943,315.122,3688597
-124.784,47.087,314.813,3688618
-124.904,47.317,314.350,3688639
-125.119,47.229,313.812,3688660
-125.297,47.125,313.280,3688681
-125.263,46.922,312.920,3688702
-125.365,46.744,312.464,3688723
-125.206,46.853,312.157,3688744
-124.977,46.875,311.943,3688765
-124.796,46.699,311.682,3688786
-125.059,46.862,311.097,3688807
-125.021,47.041,310.725,3688828
-125.282,47.160,310.105,3688849
-125.503,46.961,309.504,3688870
-125.749,46.739,308.868,3688891
-125.956,46.447,308.243,3688912
-126.233,46.254,308.081,3688933
-126.517,46.050,307.891,3688954
-126.672,46.135,307.769,3688975
-126.693,46.194,307.722,3688996
-126.632,46.227,307.702,3689017
-126.540,46.050,307.693,3689038
-126.855,46.164,307.375,3689059
-127.063,45.859,307.133,3689080
-127.312,45.658,306.884,3689101
-127.463,45.477,306.745,3689122
-127.272,45.534,306.863,3689143
-127.086,45.741,306.966,3689164
-126.839,45.971,307.104,3689185
-126.488,46.145,307.288,3689206
-126.558,46.455,307.161,3689227
-126.179,46.675,307.347,3689248
-126.272,46.854,307.163,3689269
-126.181,46.832,307.111,3689290
-126.111,46.822,307.041,3689311
-125.914,47.046,307.214,3689332
-126.004,47.048,307.158,3689353
-125.989,46.984,307.168,3689374
-125.913,46.869,307.216,3689395
-125.566,46.965,307.547,3689416
-125.294,47.127,307.817,3689437
-125.171,47.320,307.972,3689458
-124.934,47.505,308.241,3689479
-124.526,47.506,308.612,3689500
-124.168,47.315,308.941,3689521
-124.166,47.100,309.011,3689542
-124.228,46.909,309.045,3689563
-124.343,46.730,309.024,3689584
-124.138,46.791,309.226,3689605
-124.093,46.928,309.301,3689626
-124.054,47.054,309.368,3689647
-123.931,47.120,309.481,3689668
-124.073,47.225,309.429,3689689
-124.216,46.963,309.373,3689710
-124.331,46.666,309.328,3689731
-124.130,46.314,309.521,3689752
-123.866,46.194,309.730,3689773
-123.862,45.796,309.759,3689794
-123.959,45.821,309.713,3689815
-123.695,45.685,309.934,3689836
-123.516,45.644,310.074,3689857
-123.586,45.730,310.021,3689878
-123.701,45.461,309.931,3689899
-124.007,45.396,309.721,3689920
-124.198,45.208,309.584,3689941
-124.476,45.133,309.368,3689962
-124.490,44.955,309.340,3689983
-124.303,45.028,309.442,3690004
-124.156,45.209,309.513,3690025
-124.244,45.521,309.403,3690046
-124.069,45.460,309.491,3690067
-123.918,45.752,309.567,3690088
-123.779,45.658,309.631,3690109
-123.833,45.994,309.546,3690130
-124.000,46.101,309.393,3690151
-123.921,45.987,309.391,3690172
-123.796,45.861,309.414,3690193
-123.551,45.820,309.480,3690214
-123.814,46.026,309.167,3690235
-123.751,46.259,309.073,3690256
-123.716,46.504,308.945,3690277
-123.800,46.789,308.729,3690298
-123.940,47.073,308.460,3690319
-123.918,46.964,308.317,3690340
-124.189,47.015,307.961,3690361
-124.184,46.889,307.816,3690382
-124.292,46.801,307.579,3690403
-124.465,47.079,307.301,3690424
-124.657,47.317,307.000,3690445
-124.443,47.170,306.980,3690466
-124.695,47.254,306.604,3690487
-124.570,47.356,306.490,3690508
-124.798,47.516,306.092,3690529
-124.669,47.280,305.950,3690550
-124.825,47.054,305.578,3690571
-124.974,46.834,305.236,3690592
-125.167,46.637,304.832,3690613
-125.279,46.761,304.492,3690634
-125.049,46.747,304.415,3690655
-125.090,46.908,304.120,3690676
-124.921,46.991,303.975,3690697
-124.863,47.134,303.738,3690718
-124.607,47.145,303.669,3690739
-124.275,46.998,303.627,3690760
-124.297,46.789,303.365,3690781
-124.438,46.658,303.028,3690802
-124.517,46.491,302.711,3690823
-124.688,46.415,302.326,3690844
-124.807,46.612,301.979,3690865
-124.721,46.816,301.751,3690886
-124.921,46.978,301.348,3690907
-125.060,46.853,300.975,3690928
-124.767,46.914,300.927,3690949
-124.456,46.891,300.885,3690970
-124.529,46.713,300.552,3690991
-124.454,46.472,300.336,3691012
-124.626,46.388,299.903,3691033
-124.347,46.196,299.806,3691054
-124.142,46.304,299.645,3691075
-123.952,46.414,299.451,3691096
-123.616,46.435,299.354,3691117
-123.735,46.446,298.912,3691138
-123.485,46.562,298.739,3691159
-123.605,46.438,298.302,3691180
-123.336,46.512,298.118,3691201
-123.703,46.215,297.883,3691222
-123.940,45.859,297.725,3691243
-124.234,45.530,297.521,3691264
-124.201,45.313,297.542,3691285
-124.687,45.352,297.160,3691306
-124.750,45.353,297.080,3691327
-124.942,45.459,296.898,3691348
-125.112,45.577,296.728,3691369
-125.054,45.392,296.721,3691390
-125.416,45.552,296.405,3691411
-125.609,45.388,296.175,3691432
-125.431,45.529,296.200,3691453
-125.549,45.815,296.002,3691474
-125.493,45.704,295.931,3691495
-125.162,45.826,296.020,3691516
-125.303,46.051,295.762,3691537
-125.466,46.258,295.551,3691558
-125.231,46.489,295.635,3691579
-125.354,46.457,295.512,3691600
-125.318,46.316,295.513,3691621
-125.094,46.223,295.622,3691642
-125.192,46.122,295.513,3691663
-125.365,46.091,295.366,3691684
-125.222,46.320,295.416,3691705
-124.969,46.495,295.551,3691726
-124.769,46.731,295.659,3691747
-124.767,47.030,295.604,3691768
-124.546,47.264,295.676,3691789
-124.650,47.228,295.477,3691810
-124.630,47.095,295.383,3691831
-124.377,47.247,295.477,3691852
-124.132,47.165,295.563,3691873
-124.304,47.081,295.345,3691894
-124.443,46.920,295.170,3691915
-124.694,46.902,294.923,3691936
-124.462,46.910,295.045,3691957
-124.237,46.920,295.166,3691978
-124.356,47.044,295.041,3691999
-124.582,46.917,294.884,3692020
-124.796,46.917,294.702,3692041
-124.615,46.637,294.792,3692062
-124.335,46.535,294.940,3692083
-124.460,46.591,294.770,3692104
-124.209,46.599,294.838,3692125
-124.301,46.726,294.636,3692146
-124.170,46.835,294.588,3692167
-124.184,46.960,294.401,3692188
-123.905,46.900,294.435,3692209
-123.930,46.644,294.223,3692230
-123.803,46.352,294.112,3692251
-123.780,46.082,293.910,3692272
-123.801,45.773,293.822,3692293
-123.740,45.469,293.807,3692314
-123.645,45.150,293.815,3692335
-123.461,45.257,293.877,3692356
-123.253,45.303,293.989,3692377
-123.061,45.369,294.094,3692398
-122.862,45.462,294.197,3692419
-122.525,45.395,294.353,3692440
-122.562,45.159,294.254,3692461
-122.621,44.938,294.119,3692482
-122.774,44.774,293.902,3692503
-122.810,44.546,293.750,3692524
-122.742,44.752,293.662,3692545
-122.564,44.918,293.653,3692566
-122.834,44.818,293.384,3692587
-122.953,45.065,293.209,3692608
-122.909,45.258,293.142,3692629
-123.240,45.385,292.785,3692650
-123.386,45.295,292.552,3692671
-123.566,45.630,292.298,3692692
-123.699,45.521,292.086,3692713
-123.716,45.428,291.952,3692734
-123.666,45.654,291.898,3692755
-123.512,45.675,291.911,3692776
-123.418,45.875,291.881,3692797
-123.558,46.138,291.665,3692818
-123.747,46.367,291.408,3692839
-123.736,46.169,291.277,3692860
-124.134,46.308,290.834,3692881
-124.194,46.079,290.612,3692902
-124.482,45.978,290.206,3692923
-124.636,45.798,289.885,3692944
-124.835,45.644,289.517,3692965
-124.904,45.897,289.253,3692986
-124.790,46.034,289.137,3693007
-124.992,46.326,288.790,3693028
-124.885,46.488,288.675,3693049
-124.952,46.731,288.441,3693070
-124.886,46.933,288.257,3693091
-124.855,46.707,288.059,3693112
-124.808,46.473,287.828,3693133
-125.003,46.411,287.407,3693154
-125.164,46.592,287.021,3693175
-125.005,46.755,286.840,3693196
-124.761,46.770,286.719,3693217
-124.886,46.634,286.320,3693238
-124.743,46.801,286.114,3693259
-124.726,46.614,285.825,3693280
-124.684,46.412,285.565,3693301
-124.709,46.275,285.209,3693322
-124.341,46.061,285.144,3693343
-124.308,46.214,284.815,3693364
-123.746,46.196,284.866,3693385
-123.428,46.421,284.759,3693406
-122.988,46.473,284.820,3693427
-122.969,46.330,284.585,3693448
-122.888,46.485,284.362,3693469
-122.522,46.497,284.346,3693490
-122.614,46.390,283.995,3693511
-122.478,46.175,283.771,3693532
-122.593,46.045,283.357,3693553
-122.538,45.855,283.074,3693574
-122.518,45.683,282.748,3693595
-122.607,45.973,282.368,3693616
-122.565,46.231,282.043,3693637
-122.541,46.492,281.741,3693658
-122.791,46.756,281.244,3693679
-122.822,47.066,280.896,3693700
-122.713,46.950,280.645,3693721
-122.473,47.013,280.491,3693742
-122.630,46.871,280.033,3693763
-122.678,46.673,279.646,3693784
-122.840,46.849,279.189,3693805
-122.737,46.902,278.926,3693826
-122.785,46.575,278.540,3693847
-123.057,46.604,277.994,3693868
-123.061,46.701,277.620,3693889
-123.227,46.417,277.137,3693910
-123.133,46.094,276.832,3693931
-123.279,45.821,276.351,3693952
-123.075,45.830,276.135,3693973
-123.084,45.962,275.755,3693994
-123.195,45.772,275.292,3694015
-122.941,45.820,275.047,3694036
-122.793,45.927,274.742,3694057
-122.421,45.832,274.596,3694078
-122.366,46.013,274.210,3694099
-122.156,46.115,273.932,3694120
-122.255,46.196,273.417,3694141
-122.144,45.952,273.073,3694162
-121.820,45.710,272.847,3694183
-121.675,45.443,272.481,3694204
-121.483,45.187,272.155,3694225
-121.185,45.304,271.907,3694246
-120.912,45.403,271.671,3694267
-120.895,45.685,271.226,3694288
-120.805,45.951,270.837,3694309
-120.719,46.214,270.468,3694330
-120.896,46.166,269.917,3694351
-121.022,46.087,269.386,3694372
-121.016,45.899,268.923,3694393
-121.126,45.778,268.369,3694414
-121.195,45.600,267.835,3694435
-121.230,45.851,267.334,3694457
-121.475,45.891,266.701,3694478
-121.735,46.022,266.046,3694499
-121.619,46.123,265.663,3694520
-121.822,45.873,265.055,3694541
-122.015,45.588,264.422,3694562
-122.293,45.312,263.752,3694583
-122.239,45.032,263.271,3694604
-122.224,44.974,262.795,3694625
-122.306,44.955,262.254,3694646
-122.796,44.970,261.430,3694667
-122.896,45.011,260.861,3694688
-122.937,45.056,260.355,3694709
-123.215,45.153,259.680,3694730
-123.165,44.863,259.226,3694751
-123.349,44.669,258.591,3694772
-123.137,44.498,258.253,3694793
-122.903,44.385,257.947,3694814
-122.631,44.432,257.689,3694835
-122.721,44.674,257.166,3694856
-122.852,44.873,256.646,3694877
-123.002,44.933,256.115,3694898
-122.966,45.166,255.721,3694919
-123.117,45.245,255.181,3694940
-123.098,45.192,254.755,3694961
-123.024,45.129,254.374,3694982
-122.544,45.169,254.259,3695003
-122.107,45.074,254.115,3695024
-121.668,45.011,253.979,3695045
-121.418,45.368,253.663,3695066
-121.270,45.730,253.274,3695087
-121.150,46.099,252.848,3695108
-120.942,46.352,252.454,3695129
-121.167,46.559,251.739,3695150
-121.313,46.470,251.031,3695171
-121.434,46.322,250.343,3695192
-121.272,46.157,249.825,3695213
-121.185,46.216,249.233,3695234
-121.057,45.999,248.670,3695255
-121.053,45.677,247.999,3695276
-121.389,45.711,247.093,3695297
-121.878,45.555,246.029,3695318
-122.340,45.461,244.971,3695339
-122.782,45.425,243.909,3695360
-122.767,45.082,243.170,3695381
-123.030,44.651,242.170,3695402
-123.106,44.301,241.262,3695423
-123.083,44.049,240.450,3695444
-123.557,43.990,239.254,3695465
-123.685,43.991,238.275,3695486
-123.908,44.041,237.239,3695507
-123.908,43.693,236.322,3695528
-123.870,43.646,235.395,3695549
-123.979,43.720,234.370,3695570
-123.958,43.387,233.415,3695591
-123.766,43.153,232.555,3695612
-123.663,42.869,231.614,3695633
-123.439,42.948,230.740,3695654
-123.525,42.832,229.623,3695675
-123.524,43.058,228.537,3695696
-123.676,43.130,227.311,3695717
-123.777,43.058,226.110,3695738
-123.899,43.095,224.869,3695759
-124.047,43.165,223.601,3695780
-124.062,43.071,222.411,3695801
-123.764,42.945,221.397,3695822
-123.376,42.855,220.449,3695843
-122.870,42.880,219.540,3695864
-122.368,42.814,218.622,3695885
-122.182,43.149,217.501,3695906
-121.907,43.459,216.420,3695927
-121.759,43.492,215.252,3695948
-121.574,43.747,214.090,3695969
-121.026,43.898,213.198,3695990
-120.650,43.729,212.167,3696011
-120.158,43.567,211.233,3696032
-119.610,43.467,210.324,3696053
-119.121,43.415,209.366,3696074
-118.649,43.314,208.380,3696095
-118.467,43.500,207.218,3696116
-118.530,43.436,205.876,3696137
-118.638,43.356,204.480,3696158
-118.759,43.302,203.080,3696179
-118.945,43.315,201.618,3696200
-119.135,43.373,200.168,3696221
-118.939,43.216,198.989,3696242
-118.699,43.249,197.866,3696263
-118.522,43.355,196.705,3696284
-118.321,43.361,195.575,3696305
-118.423,43.596,194.238,3696326
-118.809,43.609,192.692,3696347
-119.180,43.571,191.181,3696368
-119.623,43.551,189.626,3696389
-120.020,43.800,188.088,3696410
-120.301,43.619,186.662,3696431
-120.370,43.539,185.371,3696452
-120.437,43.523,184.130,3696473
-120.534,43.555,182.851,3696494
-120.578,43.535,181.642,3696515
-120.843,43.816,180.275,3696536
-121.363,43.875,178.755,3696557
-121.729,43.801,177.347,3696578
-120.623,44.127,177.549,3696599
-119.875,44.160,177.488,3696620
-118.851,44.414,177.628,3696641
-117.957,44.713,177.668,3696662
-117.121,44.869,177.650,3696683
-116.584,45.248,177.428,3696704
-116.089,45.576,177.136,3696725
-115.955,45.888,176.566,3696746
-115.899,45.934,175.939,3696767
-115.914,46.005,175.245,3696788
-115.990,46.108,174.470,3696809
-116.153,46.198,173.645,3696830
-115.978,46.391,173.074,3696851
-115.922,46.529,172.414,3696872
-115.914,46.569,171.720,3696893
-116.056,46.702,170.913,3696914
-115.596,46.939,170.635,3696935
-115.231,47.099,170.278,3696956
-115.069,46.945,169.757,3696977
-115.227,46.828,169.011,3696998
-115.183,46.778,168.459,3697019
-114.938,46.586,168.038,3697040
-114.761,46.382,167.560,3697061
-114.360,46.415,167.263,3697082
-113.944,46.426,167.000,3697103
-113.570,46.485,166.717,3697124
-113.242,46.576,166.406,3697145
-113.368,46.605,165.829,3697166
-113.508,46.646,165.247,3697187
-113.692,46.589,164.651,3697208
-113.858,46.555,164.049,3697229
-114.105,46.499,163.385,3697250
-114.348,46.396,162.708,3697271
-114.104,46.285,162.373,3697292
-113.924,46.307,161.954,3697313
-113.722,46.275,161.552,3697334
-113.540,46.298,161.114,3697355
-113.316,46.317,160.729,3697376
-113.049,46.229,160.341,3697397
-113.246,46.202,159.592,3697418
-113.240,45.935,158.980,3697439
-113.456,45.945,158.215,3697460
-113.564,45.861,157.483,3697481
-113.346,45.885,156.952,3697502
-113.566,45.910,156.106,3697523
-113.453,45.998,155.438,3697544
-113.365,46.152,154.719,3697565
-113.753,46.336,153.608,3697586
-114.167,46.276,152.408,3697607
-114.204,46.176,151.424,3697628
-114.636,46.080,150.126,3697649
-115.090,45.986,148.741,3697670
-115.454,45.724,147.388,3697691
-115.539,45.589,146.175,3697712
-115.112,45.856,145.452,3697733
-114.995,46.079,145.296,3697754
-114.726,46.127,145.161,3697775
-114.494,46.158,144.930,3697796
-114.263,45.973,144.646,3697817
-114.512,45.974,143.996,3697838
-114.418,45.964,143.994,3697859
-114.655,45.744,143.687,3697880
-114.932,45.622,143.303,3697901
-114.770,45.569,143.171,3697922
-114.709,45.676,142.941,3697943
-114.636,45.738,142.704,3697964
-114.758,45.879,142.294,3697985
-115.200,45.739,141.677,3698006
-115.691,45.672,141.118,3698027
-116.154,45.499,140.542,3698048
-116.572,45.207,139.998,3698069
-117.064,45.010,139.400,3698090
-117.557,44.836,138.781,3698111
-117.636,44.825,138.453,3698132
-117.776,44.889,138.079,3698153
-118.053,45.122,137.577,3698174
-118.577,45.094,136.907,3698195
-118.662,45.023,136.592,3698216
-118.842,44.910,136.230,3698237
-119.336,44.867,135.623,3698258
-119.825,44.826,135.001,3698279
-120.367,45.100,134.328,3698300
-120.930,45.269,133.629,3698321
-121.035,45.466,133.252,3698342
-121.162,45.778,132.865,3698363
-121.174,46.038,132.538,3698384
-121.083,46.251,132.267,3698405
-121.171,46.587,131.839,3698426
-121.433,46.645,131.257,3698447
-121.556,46.588,130.753,3698468
-121.707,46.561,130.277,3698489
-121.854,46.513,129.903,3698510
-121.514,46.318,129.871,3698531
-121.167,46.416,129.823,3698552
-120.713,46.386,129.840,3698573
-120.407,46.482,129.738,3698594
-120.000,46.518,129.705,3698615
-119.507,46.528,129.715,3698636
-119.376,46.309,129.438,3698657
-119.141,46.059,129.207,3698678
-118.873,45.827,129.007,3698699
-118.695,45.645,128.698,3698720
-118.134,45.332,128.650,3698741
-117.651,45.408,128.499,3698762
-117.087,45.412,128.392,3698783
-116.560,45.467,128.237,3698804
-116.409,45.220,127.809,3698825
-116.024,45.166,127.738,3698846
-115.690,45.200,127.601,3698867
-115.617,44.898,127.248,3698888
-115.306,44.900,127.029,3698909
-115.440,44.694,126.581,3698930
-115.652,44.560,126.122,3698951
-115.486,44.571,125.867,3698972
-115.343,44.635,125.587,3698993
-115.529,44.889,125.072,3699014
-115.771,45.163,124.521,3699035
-115.808,45.382,124.087,3699056
-116.174,45.316,123.386,3699077
-116.564,45.287,122.672,3699098
-117.043,45.306,121.902,3699119
-117.514,45.319,121.104,3699140
-117.657,45.617,120.545,3699161
-118.199,45.614,119.777,3699182
-118.386,45.867,119.249,3699203
-118.637,46.187,118.672,3699224
-118.956,46.506,118.076,3699245
-119.344,46.786,117.431,3699266
-119.877,46.890,116.660,3699287
-120.289,46.755,115.988,3699308
-120.312,46.510,115.610,3699329
-120.650,46.375,114.987,3699350
-120.856,46.153,114.480,3699371
-121.078,46.266,113.980,3699392
-120.859,46.274,113.793,3699413
-120.815,46.448,113.497,3699434
-120.591,46.189,113.332,3699455
-120.529,46.371,113.040,3699476
-120.130,46.171,113.003,3699497
-119.755,45.957,112.933,3699518
-119.537,45.663,112.730,3699539
-119.056,45.399,112.711,3699560
-118.975,45.198,112.366,3699581
-118.626,45.303,112.212,3699603
-118.385,45.447,111.992,3699624
-118.023,45.556,111.831,3699645
-118.019,45.562,111.421,3699666
-117.612,45.649,111.293,3699687
-117.654,45.576,110.832,3699708
-117.741,45.527,110.359,3699729
-117.839,45.439,109.901,3699750
-117.985,45.359,109.384,3699771
-117.862,45.526,109.044,3699792
-117.775,45.674,108.677,3699813
-117.668,45.820,108.325,3699834
-117.674,45.986,107.898,3699855
-117.697,46.187,107.459,3699876
-117.589,45.985,107.155,3699898
-117.467,45.805,106.839,3699919
-117.183,45.714,106.664,3699940
-116.967,45.636,106.434,3699961
-116.667,45.814,106.263,3699982
-116.789,46.175,105.817,3700003
-116.654,46.516,105.570,3700024
-116.888,46.731,105.071,3700045
-116.646,46.866,104.912,3700066
-116.550,46.793,104.665,3700087
-116.289,46.752,104.535,3700108
-116.241,46.646,104.231,3700129
-116.339,46.626,103.817,3700150
-116.116,46.912,103.618,3700171
-116.053,47.243,103.330,3700192
-116.068,47.503,102.974,3700213
-115.975,47.772,102.699,3700234
-116.115,47.873,102.222,3700255
-115.799,48.003,102.095,3700276
-115.546,47.754,101.899,3700297
-115.446,47.481,101.621,3700318
-115.469,47.200,101.235,3700339
-115.405,46.848,100.937,3700360
-115.114,46.689,100.803,3700381
-114.895,46.594,100.629,3700402
-115.081,46.601,100.165,3700423
-114.855,46.483,100.035,3700444
-114.630,46.247,99.925,3700465
-114.944,46.192,99.447,3700486
-115.260,46.300,98.990,3700507
-115.641,46.247,98.501,3700528
-116.050,46.230,97.998,3700549
-116.362,46.059,97.598,3700570
-116.761,45.945,97.139,3700591
-117.085,45.746,96.757,3700612
-117.153,45.910,96.601,3700633
-117.401,46.135,96.297,3700654
-117.582,46.328,96.046,3700675
-118.022,46.450,95.603,3700696
-118.006,46.552,95.490,3700717
-118.115,46.331,95.290,3700738
-118.556,46.392,94.841,3700759
-118.663,46.164,94.639,3700780
-118.740,45.952,94.455,3700801
-119.022,45.746,94.135,3700822
-119.032,45.866,94.030,3700843
-119.114,46.046,93.885,3700864
-119.277,46.292,93.664,3700885
-119.588,46.531,93.321,3700906
-120.010,46.479,92.883,3700927
-120.396,46.702,92.478,3700948
-120.633,46.597,92.173,3700969
-120.766,46.459,91.947,3700990
-120.678,46.391,91.835,3701011
-120.919,46.675,91.524,3701032
-120.916,46.873,91.354,3701053
-120.782,46.918,91.325,3701074
-121.101,46.876,90.967,3701095
-121.391,46.951,90.621,3701116
-121.517,47.041,90.368,3701137
-121.336,46.692,90.337,3701158
-121.554,46.492,90.007,3701179
-121.328,46.204,89.951,3701200
-121.248,45.896,89.799,3701221
-121.158,45.601,89.633,3701242
-121.029,45.677,89.480,3701263
-121.288,45.722,89.030,3701284
-121.172,45.832,88.882,3701305
-120.995,45.901,88.775,3701326
-120.993,45.638,88.554,3701347
-120.827,45.723,88.410,3701368
-120.515,45.631,88.362,3701389
-120.253,45.439,88.269,3701410
-119.927,45.328,88.233,3701431
-119.884,45.542,87.997,3701452
-119.851,45.766,87.735,3701473
-119.949,45.973,87.350,3701494
-120.112,46.108,86.915,3701515
-120.206,46.373,86.532,3701536
-120.415,46.426,86.082,3701557
-120.116,46.395,85.962,3701578
-120.231,46.337,85.554,3701599
-120.283,46.275,85.170,3701620
-120.199,46.217,84.859,3701641
-120.351,46.247,84.379,3701662
-120.228,46.543,84.091,3701683
-120.469,46.711,83.536,3701704
-120.427,47.001,83.155,3701725
-120.292,47.225,82.853,3701746
-120.456,47.470,82.341,3701767
-120.320,47.295,82.041,3701788
-120.065,47.307,81.825,3701809
-120.106,47.123,81.367,3701830
-119.895,46.935,81.077,3701851
-120.130,46.808,80.446,3701872
-120.403,46.912,79.780,3701893
-120.678,46.739,79.114,3701914
-120.859,46.438,78.514,3701935
-120.831,46.467,78.084,3701956
-120.965,46.523,77.520,3701977
-120.754,46.264,77.184,3701998
-120.673,45.898,76.777,3702019
-120.569,45.535,76.394,3702040
-120.480,45.204,76.024,3702061
-120.389,45.301,75.643,3702082
-120.297,45.406,75.261,3702103
-120.303,45.571,74.825,3702124
-120.416,45.758,74.323,3702145
-120.475,45.959,73.860,3702166
-120.338,45.974,73.563,3702187
-120.235,46.016,73.226,3702208
-120.095,46.067,72.903,3702229
-120.393,46.044,72.299,3702250
-120.551,45.950,71.787,3702271
-120.408,46.156,71.487,3702292
-120.693,46.365,70.873,3702313
-120.824,46.738,70.384,3702334
-121.055,46.967,69.784,3702355
-121.103,47.373,69.344,3702376
-121.129,47.753,68.939,3702397
-121.185,47.741,68.483,3702418
-121.039,47.651,68.200,3702439
-120.671,47.640,68.077,3702460
-120.299,47.627,67.957,3702481
-120.090,47.462,67.731,3702502
-120.052,47.722,67.349,3702523
-120.046,47.969,66.950,3702544
-120.150,48.151,66.451,3702565
-119.882,48.211,66.234,3702586
-119.786,47.955,65.903,3702607
-119.731,47.694,65.527,3702628
-119.774,47.473,65.070,3702649
-120.014,47.399,64.482,3702670
-119.786,47.168,64.257,3702691
-120.330,47.747,64.087,3702712
-120.665,48.311,64.098,3702733
-120.989,48.882,64.088,3702754
-121.384,49.349,63.993,3702775
-121.402,49.734,64.188,3702796
-121.745,49.787,64.109,3702817
-121.701,49.769,64.307,3702838
-121.856,49.690,64.331,3702859
-121.958,49.522,64.377,3702880
-122.010,49.329,64.446,3702901
-121.928,49.287,64.610,3702922
-122.298,49.355,64.404,3702943
-122.673,49.298,64.190,3702964
-123.054,49.198,63.930,3702985
-123.350,49.395,64.005,3703006
-123.303,49.412,64.297,3703027
-123.123,49.240,64.667,3703048
-122.797,49.083,65.161,3703069
-122.468,48.940,65.604,3703090
-122.276,48.666,65.921,3703111
-122.035,48.816,66.388,3703132
-122.102,48.929,66.612,3703153
-121.927,49.103,67.003,3703174
-121.820,49.212,67.297,3703195
-121.807,49.054,67.575,3703216
-121.559,48.768,68.058,3703237
-121.099,48.589,68.694,3703258
-121.232,48.572,68.910,3703279
-120.973,48.642,69.414,3703300
-120.567,48.496,70.050,3703321
-120.306,48.181,70.598,3703342
-120.074,48.260,71.095,3703363
-119.960,48.379,71.541,3703384
-119.877,48.520,71.936,3703405
-120.099,48.517,72.027,3703426
-120.195,48.703,72.207,3703447
-120.248,48.510,72.359,3703468
-120.193,48.236,72.611,3703489
-119.970,48.037,73.002,3703510
-119.820,47.790,73.261,3703531
-119.581,47.528,73.573,3703552
-119.692,47.642,73.641,3703573
-119.671,47.782,73.808,3703594
-119.825,47.747,73.866,3703615
-119.971,47.632,73.905,3703636
-119.875,47.738,74.117,3703657
-119.899,47.482,74.222,3703678
-119.709,47.140,74.440,3703699
-119.497,47.184,74.675,3703720
-119.102,46.987,75.010,3703741
-119.148,47.059,75.011,3703762
-119.259,46.851,74.928,3703783
-119.105,46.907,75.016,3703804
-118.962,46.979,75.075,3703825
-119.034,47.089,74.943,3703846
-118.782,46.819,75.048,3703867
-118.694,46.552,74.999,3703888
-118.716,46.322,74.876,3703909
-118.544,46.086,74.863,3703930
-118.435,45.855,74.793,3703951
-118.403,45.659,74.665,3703972
-118.408,45.895,74.501,3703993
-118.576,46.134,74.230,3704014
-118.741,46.404,73.978,3704035
-118.775,46.685,73.823,3704056
-118.985,46.981,73.547,3704077
-118.896,46.931,73.507,3704098
-118.882,46.875,73.395,3704119
-119.142,46.928,73.104,3704140
-119.100,46.977,73.023,3704161
-118.956,47.092,73.030,3704182
-119.015,47.530,72.891,3704203
-119.195,47.961,72.660,3704224
-119.407,48.354,72.430,3704245
-119.460,48.750,72.335,3704266
-119.766,48.978,72.048,3704287
-119.620,48.953,72.096,3704308
-119.565,48.917,72.108,3704329
-119.615,48.834,72.057,3704350
-119.707,48.747,71.960,3704371
-119.610,48.701,72.021,3704392
-119.704,49.003,71.943,3704413
-119.916,49.220,71.725,3704434
-120.106,49.399,71.526,3704455
-120.306,49.514,71.316,3704476
-120.410,49.591,71.167,3704497
-120.035,49.419,71.377,3704518
-119.762,49.135,71.481,3704539
-119.463,48.857,71.613,3704560
-119.050,48.594,71.835,3704581
-118.958,48.230,71.793,3704602
-119.097,48.051,71.576,3704623
-118.964,48.032,71.540,3704644
-118.783,47.982,71.521,3704665
-118.813,47.976,71.460,3704686
-118.922,47.957,71.325,3704707
-118.601,47.656,71.475,3704728
-118.511,47.203,71.420,3704749
-118.793,46.998,71.198,3704770
-118.620,46.761,71.294,3704791
-118.510,46.531,71.338,3704812
-118.798,46.608,71.060,3704833
-119.140,46.649,70.754,3704854
-119.511,46.609,70.427,3704875
-119.868,46.616,70.096,3704896
-120.122,46.776,69.829,3704917
-119.965,46.768,69.868,3704938
-119.935,46.535,69.808,3704959
-119.825,46.309,69.786,3704980
-119.588,46.282,69.855,3705001
-119.459,46.068,69.848,3705022
-119.537,46.254,69.682,3705043
-119.759,46.399,69.415,3705064
-119.922,46.575,69.182,3705085
-120.158,46.742,68.907,3705106
-120.561,46.717,68.465,3705127
-120.454,46.594,68.445,3705148
-120.557,46.348,68.270,3705169
-120.877,46.535,67.932,3705190
-120.851,46.307,67.821,3705211
-120.678,46.236,67.813,3705232
-120.500,46.321,67.796,3705253
-120.696,46.512,67.518,3705274
-120.887,46.744,67.197,3705295
-121.188,46.825,66.840,3705316
-121.347,47.101,66.598,3705337
-121.399,46.940,66.433,3705358
-121.281,46.806,66.377,3705379
-121.175,46.918,66.290,3705400
-121.044,46.800,66.250,3705421
-120.941,46.693,66.204,3705442
-120.840,46.731,66.185,3705463
-121.145,46.919,65.823,3705484
-121.365,47.149,65.517,3705505
-121.684,47.251,65.145,3705526
-121.497,47.248,65.130,3705547
-121.561,47.051,64.928,3705568
-121.513,46.845,64.766,3705589
-121.230,46.813,64.781,3705610
-121.402,46.741,64.427,3705631
-121.419,46.583,64.177,3705652
-121.361,46.368,63.939,3705673
-121.356,46.556,63.673,3705694
-121.399,46.719,63.359,3705715
-121.471,46.715,63.008,3705736
-121.419,46.853,62.749,3705757
-120.984,46.903,62.758,3705778
-120.527,46.888,62.885,3705799
-120.111,46.967,62.985,3705820
-119.955,46.759,62.874,3705841
-119.552,46.576,62.936,3705862
-119.493,46.384,62.810,3705883
-119.549,46.586,62.593,3705904
-119.602,46.746,62.363,3705925
-119.798,46.853,61.996,3705946
-119.820,47.009,61.750,3705967
-120.051,47.093,61.385,3705988
-119.757,46.884,61.395,3706009
-119.459,46.821,61.410,3706030
-119.232,46.565,61.360,3706051
-119.001,46.351,61.361,3706072
-119.183,46.490,61.029,3706093
-119.281,46.631,60.763,3706114
-119.627,46.722,60.311,3706135
-120.056,46.688,59.816,3706156
-120.471,46.651,59.330,3706177
-120.415,46.448,59.187,3706198
-120.529,46.169,58.932,3706219
-120.637,45.938,58.672,3706240
-120.550,45.848,58.586,3706261
-120.445,45.765,58.516,3706282
-120.828,45.792,58.110,3706303
-121.143,46.052,57.777,3706324
-121.412,46.303,57.467,3706345
-121.705,46.523,57.153,3706366
-121.522,46.502,57.224,3706387
-121.777,46.838,56.990,3706408
-121.567,46.949,57.105,3706429
-121.312,46.942,57.271,3706450
-121.183,46.843,57.338,3706471
-121.004,46.765,57.475,3706492
-120.815,47.053,57.609,3706513
-120.588,47.317,57.778,3706534
-120.669,47.592,57.740,3706555
-120.612,47.901,57.803,3706576
-120.659,48.139,57.774,3706597
-120.739,48.139,57.723,3706618
-120.328,48.068,58.049,3706639
-119.904,47.959,58.381,3706660
-119.682,47.705,58.564,3706681
-119.237,47.695,58.894,3706702
-119.289,47.862,58.867,3706723
-119.304,48.011,58.862,3706744
-119.407,47.807,58.767,3706765
-119.628,47.800,58.627,3706786
-119.807,47.824,58.498,3706807
-119.964,47.593,58.396,3706828
-119.804,47.306,58.552,3706849
-119.631,47.113,58.705,3706870
-119.466,46.947,58.870,3706891
-119.361,46.717,59.004,3706912
-119.457,46.898,58.963,3706933
-119.484,47.069,58.959,3706954
-119.831,47.069,58.714,3706975
-119.866,47.225,58.718,3706996
-119.902,47.357,58.719,3707017
-119.779,47.348,58.835,3707038
-120.012,47.097,58.707,3707059
-120.115,46.810,58.663,3707080
-120.104,46.919,58.713,3707101
-120.157,46.648,58.735,3707122
-120.129,46.375,58.814,3707143
-120.341,46.584,58.749,3707164
-120.539,46.509,58.684,3707185
-120.801,46.556,58.576,3707206
-121.052,46.582,58.457,3707227
-120.886,46.393,58.649,3707248
-120.631,46.277,58.887,3707269
-120.466,46.403,59.043,3707290
-120.247,46.494,59.221,3707311
-120.014,46.490,59.379,3707332
-120.182,46.693,59.223,3707353
-120.246,46.938,59.117,3707374
-120.426,47.129,58.922,3707395
-120.637,47.095,58.706,3707416
-120.844,47.304,58.471,3707437
-121.058,47.352,58.252,3707458
-120.828,47.171,58.349,3707479
-120.722,46.983,58.339,3707500
-120.448,46.822,58.447,3707521
-120.056,46.777,58.640,3707542
-119.813,46.593,58.714,3707563
-119.612,46.830,58.769,3707584
-119.518,47.095,58.725,3707605
-119.615,47.250,58.508,3707626
-119.604,47.450,58.376,3707647
-119.232,47.247,58.489,3707668
-118.930,47.012,58.530,3707689
-119.018,46.957,58.310,3707710
-118.658,46.742,58.382,3707731
-118.348,46.480,58.424,3707752
-118.482,46.297,58.153,3707773
-118.427,46.389,58.028,3707794
-118.522,46.460,57.805,3707815
-118.801,46.455,57.436,3707836
-119.119,46.302,57.020,3707857
-119.338,46.450,56.665,3707878
-119.184,46.417,56.569,3707899
-119.056,46.477,56.459,3707920
-118.944,46.267,56.318,3707941
-118.758,46.290,56.232,3707962
-118.757,46.059,55.986,3707983
-118.883,46.266,55.664,3708004
-119.167,46.386,55.212,3708025
-119.423,46.409,54.765,3708046
-119.669,46.360,54.332,3708067
-119.894,46.260,53.917,3708088
-119.789,46.048,53.735,3708109
-119.938,45.835,53.357,3708130
-119.828,45.768,53.155,3708151
-119.841,45.569,52.869,3708172
-119.737,45.582,52.686,3708193
-119.886,45.828,52.275,3708214
-120.092,46.050,51.835,3708235
-120.350,46.284,51.365,3708256
-120.709,46.385,50.822,3708277
-120.931,46.575,50.360,3708298
-121.026,46.366,50.025,3708319
-120.977,46.160,49.799,3708340
-120.794,46.236,49.649,3708361
-120.604,46.192,49.484,3708382
-120.841,46.386,48.997,3708403
-120.926,46.641,48.606,3708424
-121.086,46.896,48.149,3708445
-121.307,47.049,47.609,3708466
-121.493,47.021,47.068,3708487
-121.670,47.036,46.501,3708508
-121.344,46.933,46.273,3708529
-120.989,46.869,46.049,3708550
-120.629,46.812,45.795,3708571
-120.380,46.677,45.445,3708592
-120.844,46.908,44.672,3708613
-121.072,47.258,44.059,3708634
-121.493,47.429,43.268,3708655
-121.858,47.449,42.522,3708676
-122.182,47.449,41.804,3708697
-122.018,47.279,41.422,3708718
-121.900,47.076,40.992,3708739
-121.752,47.014,40.606,3708760
-121.610,47.195,40.179,3708781
-121.377,47.287,39.818,3708802
-121.168,47.225,39.422,3708823
-121.421,47.473,38.667,3708844
-121.758,47.695,37.848,3708865
-122.139,47.909,36.970,3708886
-122.541,48.102,36.053,3708907
-122.634,48.014,35.333,3708928
-122.551,48.110,34.715,3708949
-122.840,48.042,33.825,3708970
-122.724,48.189,33.232,3708991
-122.597,48.063,32.630,3709012
-122.434,48.101,32.035,3709033
-122.415,48.238,31.311,3709054
-122.557,48.376,30.455,3709075
-122.847,48.328,29.465,3709096
-123.099,48.351,28.482,3709117
-122.841,48.003,27.867,3709138
-122.617,47.971,27.193,3709159
-122.603,48.022,26.370,3709180
-122.365,47.670,25.685,3709202
-122.240,47.338,24.903,3709223
-122.291,47.159,23.976,3709244
-122.357,47.147,23.030,3709265
-121.963,46.837,22.385,3709286
-121.974,46.777,21.433,3709307
-121.955,46.685,20.500,3709328
-121.536,46.467,19.831,3709349
-121.075,46.359,19.200,3709370
-120.642,46.371,18.547,3709391
-120.271,46.400,17.846,3709412
-119.913,46.447,17.159,3709433
-120.015,46.695,16.114,3709454
-120.125,46.967,15.045,3709475
-120.136,46.850,14.025,3709496
-120.427,46.950,12.792,3709517
-120.778,47.024,11.513,3709538
-120.703,47.164,10.533,3709559
-120.939,47.068,9.335,3709580
-120.860,47.211,8.356,3709601
-120.852,47.415,7.355,3709622
-120.809,47.461,6.346,3709643
-121.156,47.420,5.068,3709664
-121.635,47.651,3.668,3709685
-122.128,47.781,2.249,3709706
-122.193,48.004,1.132,3709727
-122.614,47.992,359.749,3709748
-122.528,48.040,358.723,3709769
-122.784,47.913,357.431,3709790
-122.403,48.043,356.702,3709811
-122.043,48.155,355.987,3709832
-122.224,48.196,354.856,3709853
-122.344,48.094,353.783,3709874
-122.672,48.196,352.555,3709895
-122.996,48.148,351.346,3709916
-123.200,47.974,350.204,3709937
-123.419,47.793,349.025,3709958
-123.530,47.947,347.936,3709979
-123.375,47.855,347.036,3710000
-123.232,47.808,346.132,3710021
-123.109,47.794,345.206,3710042
-122.970,47.732,344.306,3710063
-122.774,47.572,343.433,3710084
-122.782,47.203,342.423,3710105
-123.093,46.982,341.199,3710126
-123.174,46.643,340.153,3710147
-123.364,46.394,339.051,3710168
-123.364,46.070,338.089,3710189
-123.342,46.196,337.153,3710210
-123.480,45.935,336.107,3710231
-123.419,45.701,335.182,3710252
-123.501,45.885,334.175,3710273
-123.672,46.067,333.090,3710294
-123.988,46.057,331.938,3710316
-124.176,46.245,330.889,3710337
-124.030,46.011,330.077,3710358
-123.902,46.197,329.255,3710379
-123.807,46.410,328.391,3710400
-123.807,46.634,327.505,3710421
-123.461,46.438,326.896,3710442
-123.355,46.689,326.092,3710463
-123.403,46.677,325.195,3710484
-123.258,46.544,324.446,3710505
-123.306,46.542,323.566,3710526
-123.265,46.419,322.790,3710547
-122.937,46.357,322.220,3710568
-123.001,46.660,321.375,3710589
-122.729,46.757,320.785,3710610
-122.490,46.847,320.208,3710631
-122.634,47.184,319.375,3710652
-122.448,47.302,318.772,3710673
-122.728,47.486,317.863,3710694
-122.888,47.448,317.031,3710715
-122.855,47.280,316.370,3710736
-123.045,47.249,315.539,3710757
-123.065,47.049,314.832,3710778
-123.028,47.221,314.181,3710799
-123.215,46.933,314.342,3710820
-123.805,46.534,314.191,3710841
-124.449,46.307,313.967,3710862
-125.093,45.988,313.739,3710883
-125.308,45.825,313.816,3710904
-125.817,45.410,313.680,3710925
-126.363,45.032,313.537,3710946
-126.875,45.096,313.430,3710967
-127.048,44.914,313.549,3710988
-127.242,44.932,313.653,3711009
-127.560,45.118,313.678,3711030
-127.741,45.320,313.788,3711051
-127.775,45.489,314.012,3711072
-127.774,45.745,314.254,3711093
-128.115,45.989,314.241,3711114
-128.190,46.045,314.401,3711135
-128.240,46.146,314.544,3711156
-127.973,46.178,314.915,3711177
-127.885,46.224,315.136,3711198
-127.488,46.238,315.554,3711219
-127.238,46.589,315.851,3711240
-126.999,46.879,316.121,3711261
-126.853,47.153,316.291,3711282
-126.632,47.333,316.496,3711303
-126.408,47.517,316.671,3711324
-126.458,47.425,316.623,3711345
-126.140,47.183,316.835,3711366
-126.048,46.983,316.846,3711387
-125.699,46.705,317.026,3711408
-125.244,46.762,317.273,3711429
-124.848,46.873,317.476,3711450
-124.370,46.897,317.759,3711471
-124.029,47.055,317.881,3711492
-123.664,47.139,318.040,3711513
-123.253,47.029,318.204,3711534
-123.342,46.773,318.188,3711555
-123.445,46.543,318.142,3711576
-123.389,46.195,318.216,3711597
-123.552,46.025,318.092,3711618
-123.741,45.882,317.931,3711639
-123.743,45.882,317.860,3711660
-123.626,45.859,317.862,3711681
-123.499,45.812,317.838,3711702
-123.622,45.811,317.621,3711723
-123.595,45.842,317.497,3711744
-123.533,45.474,317.390,3711765
-123.498,45.175,317.292,3711786
-123.555,44.957,317.122,3711807
-123.473,44.758,317.035,3711828
-123.155,44.788,317.108,3711849
-122.889,44.887,317.153,3711870
-122.634,44.882,317.158,3711891
-122.703,45.220,316.953,3711912
-122.698,45.579,316.789,3711933
-122.479,45.646,316.774,3711954
-122.707,45.661,316.425,3711975
-122.892,45.636,316.082,3711996
-122.707,45.829,315.960,3712017
-122.585,46.071,315.800,3712038
-122.864,46.212,315.340,3712059
-122.994,46.541,314.971,3712080
-123.075,46.850,314.638,3712101
-123.255,47.103,314.229,3712122
-123.343,47.390,313.882,3712143
-123.368,47.217,313.561,3712164
-123.530,47.093,313.077,3712185
-123.597,46.884,312.658,3712206
-123.623,46.666,312.268,3712227
-123.548,46.469,312.070,3712248
-123.653,46.601,311.719,3712269
-123.695,46.707,311.389,3712290
-124.058,46.534,310.846,3712311
-124.070,46.608,310.516,3712332
-124.043,46.728,310.221,3712353
-124.184,46.937,309.810,3712374
-124.372,46.772,309.380,3712395
-124.549,46.622,308.999,3712416
-124.623,46.430,308.672,3712437
-124.738,46.263,308.316,3712458
-124.683,46.037,308.074,3712479
-124.467,46.129,307.939,3712500
-124.217,46.208,307.822,3712521
-123.991,46.140,307.818,3712542
-123.843,46.128,307.736,3712563
-123.844,46.155,307.515,3712584
-123.990,45.932,307.170,3712605
-124.142,45.742,306.802,3712626
-124.330,45.782,306.410,3712647
-124.047,45.619,306.350,3712668
-123.732,45.724,306.313,3712689
-123.731,46.054,306.044,3712710
-123.386,46.199,306.045,3712731
-123.023,46.358,306.039,3712752
-122.749,46.610,305.964,3712773
-122.373,46.616,305.956,3712794
-122.442,46.600,305.607,3712815
-122.466,46.543,305.341,3712836
-122.584,46.432,305.090,3712857
-122.459,46.179,305.012,3712878
-122.625,46.171,304.719,3712899
-122.424,46.249,304.668,3712920
-122.375,46.390,304.496,3712941
-122.484,46.468,304.175,3712962
-122.157,46.344,304.184,3712983
-121.846,46.053,304.190,3713004
-122.021,45.999,303.851,3713025
-122.027,45.713,303.606,3713046
-121.719,45.523,303.605,3713067
-121.920,45.369,303.246,3713088
-121.913,45.537,303.033,3713109
-122.186,45.451,302.602,3713130
-122.184,45.618,302.390,3713151
-122.468,45.775,301.944,3713172
-122.424,45.929,301.728,3713193
-122.386,46.103,301.511,3713214
-122.682,46.017,301.068,3713235
-122.727,45.883,300.824,3713256
-122.973,45.787,300.481,3713277
-123.054,45.670,300.234,3713298
-123.290,45.972,299.901,3713319
-123.284,46.177,299.727,3713340
-123.196,46.328,299.645,3713361
-123.570,46.463,299.205,3713382
-123.533,46.634,299.055,3713403
-123.343,46.527,299.023,3713424
-123.571,46.493,298.677,3713445
-123.388,46.286,298.633,3713466
-123.093,46.117,298.642,3713487
-122.661,46.088,298.761,3713508
-122.665,46.315,298.556,3713529
-122.335,46.491,298.579,3713550
-122.050,46.705,298.563,3713571
-122.030,46.624,298.345,3713592
-122.030,46.922,298.107,3713613
-121.658,47.138,298.121,3713634
-121.695,47.374,297.832,3713655
-121.401,47.242,297.791,3713676
-121.269,47.104,297.623,3713697
-120.935,46.920,297.617,3713718
-120.967,46.991,297.317,3713739
-120.902,47.157,297.118,3713760
-120.854,47.314,296.904,3713781
-120.733,47.176,296.744,3713802
-120.610,47.355,296.582,3713823
-120.092,47.213,296.734,3713844
-119.604,47.160,296.892,3713865
-119.293,46.888,296.891,3713886
-118.942,46.908,296.916,3713907
-118.798,46.665,296.835,3713928
-118.556,46.485,296.813,3713949
-118.623,46.683,296.555,3713970
-118.749,46.859,296.253,3713991
-119.007,46.967,295.863,3714012
-119.074,47.114,295.608,3714033
-118.830,47.046,295.544,3714054
-119.080,46.993,295.089,3714075
-119.253,46.799,294.678,3714096
-119.019,46.634,294.543,3714117
-118.785,46.438,294.424,3714138
-118.750,46.181,294.146,3714159
-118.535,46.232,293.995,3714180
-118.675,46.390,293.581,3714201
-118.869,46.511,293.177,3714222
-118.918,46.649,292.841,3714243
-119.028,46.356,292.490,3714264
-119.399,46.422,291.924,3714285
-119.428,46.096,291.606,3714306
-119.322,45.848,291.360,3714327
-119.202,45.866,291.116,3714348
-119.310,45.611,290.686,3714369
-119.465,45.802,290.212,3714390
-119.687,45.996,289.673,3714411
-119.527,45.975,289.419,3714432
-119.829,46.182,288.827,3714453
-120.011,46.409,288.338,3714474
-120.090,46.229,287.912,3714495
-120.290,46.079,287.379,3714516
-120.230,45.837,286.999,3714537
-120.053,45.854,286.693,3714558
-120.262,45.739,286.090,3714579
-120.346,45.981,285.577,3714600
-120.543,45.944,284.976,3714621
-120.406,45.842,284.632,3714642
-120.406,46.184,284.172,3714663
-120.472,46.494,283.666,3714684
-120.117,46.504,283.467,3714705
-120.205,46.520,282.944,3714726
-120.070,46.835,282.557,3714747
-119.667,46.879,282.328,3714768
-119.326,46.999,282.037,3714789
-119.055,47.187,281.669,3714810
-118.750,47.132,281.311,3714831
-118.565,47.301,280.837,3714852
-118.824,47.493,280.023,3714873
-118.860,47.747,279.356,3714894
-119.109,47.622,278.536,3714915
-119.114,47.440,277.859,3714936
-119.205,47.203,277.103,3714957
-119.414,46.948,276.248,3714978
-119.729,46.712,275.276,3714999
-120.120,46.721,274.216,3715020
-120.359,46.368,273.224,3715041
-120.327,46.001,272.397,3715062
-120.633,46.021,271.324,3715083
-121.005,45.959,270.214,3715104
-121.202,45.585,269.212,3715125
-121.148,45.281,268.388,3715146
-121.134,45.153,267.513,3715167
-121.047,45.008,266.708,3715188
-121.108,45.089,265.763,3715209
-121.160,45.183,264.835,3715230
-121.468,44.961,263.710,3715251
-121.809,44.923,262.542,3715272
-122.011,45.024,261.459,3715293
-122.164,44.797,260.424,3715314
-122.318,44.624,259.403,3715335
-122.374,44.422,258.433,3715356
-122.181,44.181,257.638,3715377
-122.138,44.009,256.758,3715398
-121.796,43.878,256.077,3715419
-121.913,44.076,255.034,3715440
-121.742,44.321,254.191,3715461
-121.946,44.512,253.099,3715482
-122.068,44.793,252.051,3715503
-121.986,45.009,251.112,3715524
-122.341,45.091,249.890,3715545
-122.195,45.149,249.012,3715566
-122.228,44.934,248.023,3715587
-122.154,44.750,247.126,3715608
-122.009,44.828,246.262,3715629
-122.190,44.632,245.183,3715650
-122.467,44.607,244.039,3715671
-122.739,44.594,242.892,3715692
-122.782,44.764,241.925,3715713
-122.817,44.925,240.967,3715734
-122.793,44.646,240.029,3715755
-122.748,44.372,239.114,3715776
-122.469,44.210,238.370,3715797
-122.315,44.300,237.512,3715818
-122.959,44.573,236.711,3715839
-123.460,45.154,235.972,3715860
-124.314,45.696,234.978,3715881
-124.631,46.062,234.345,3715902
-125.308,46.254,233.447,3715923
-125.931,46.399,232.566,3715944
-125.964,46.443,232.104,3715965
-125.905,46.396,231.678,3715986
-125.735,46.335,231.327,3716007
-125.831,46.482,230.762,3716028
-125.888,46.560,230.225,3716049
-125.952,46.533,229.635,3716070
-126.047,46.234,229.004,3716091
-126.078,45.962,228.408,3716112
-126.024,45.769,227.863,3716133
-126.237,45.786,227.226,3716154
-126.072,45.417,226.866,3716175
-125.976,45.010,226.431,3716196
-125.642,44.692,226.165,3716217
-125.225,44.422,225.959,3716238
-124.762,44.140,225.783,3716259
-124.738,44.008,225.279,3716280
-124.433,44.081,224.978,3716301
-124.316,43.945,224.540,3716322
-124.138,43.763,224.109,3716343
-123.730,43.841,223.846,3716364
-123.356,43.779,223.556,3716385
-122.995,43.815,223.249,3716406
-122.619,43.835,222.946,3716427
-122.192,43.752,222.646,3716448
-121.798,43.664,222.321,3716469
-121.685,43.909,221.769,3716490
-121.738,43.930,221.087,3716511
-121.724,43.856,220.453,3716532
-121.714,43.865,219.802,3716553
-121.691,43.854,219.126,3716574
-121.626,43.775,218.472,3716595
-121.330,43.620,217.951,3716616
-120.981,43.765,217.459,3716637
-120.655,43.861,216.958,3716658
-120.353,43.833,216.428,3716679
-120.183,44.104,215.785,3716700
-120.386,44.234,214.848,3716721
-120.602,44.272,213.882,3716742
-120.866,44.298,212.824,3716763
-121.077,44.330,211.789,3716784
-120.860,44.407,211.016,3716805
-120.702,44.543,210.181,3716826
-120.478,44.560,209.385,3716847
-120.222,44.561,208.588,3716868
-120.014,44.684,207.749,3716889
-120.108,44.879,206.646,3716910
-120.257,44.927,205.489,3716931
-120.384,44.948,204.309,3716952
-120.536,45.141,203.110,3716973
-120.683,45.226,201.953,3716994
-120.657,45.147,200.931,3717015
-120.401,45.221,200.075,3717036
-120.194,45.433,199.181,3717057
-120.024,45.339,198.289,3717078
-120.104,45.620,197.217,3717099
-120.351,45.582,196.040,3717120
-120.620,45.552,194.854,3717141
-120.600,45.350,193.862,3717162
-120.920,45.464,192.669,3717183
-120.876,45.233,191.727,3717204
-120.832,45.358,190.784,3717225
-120.740,45.460,189.880,3717246
-120.692,45.557,188.941,3717267
-120.768,45.767,187.913,3717288
-120.743,45.923,186.951,3717309
-121.081,46.160,185.730,3717330
-119.964,46.340,185.906,3717351
-118.904,46.351,186.015,3717372
-118.474,46.561,185.669,3717393
-118.065,46.512,185.286,3717414
-117.327,46.474,185.115,3717435
-116.760,46.350,184.805,3717456
-115.988,46.595,183.141,3717519
-115.713,46.611,182.582,3717540
-115.709,46.832,181.801,3717561
-116.064,46.767,180.765,3717582
-115.720,46.886,180.323,3717603
-115.485,46.852,179.744,3717624
-114.895,46.925,179.409,3717645
-114.422,46.996,178.945,3717666
-113.673,47.118,178.707,3717687
-113.049,47.196,178.347,3717708
-112.913,47.408,177.637,3717729
-112.876,47.461,176.811,3717750
-112.865,47.452,175.985,3717771
-112.978,47.419,175.038,3717792
-113.012,47.254,174.151,3717813
-113.241,47.182,173.125,3717834
-113.129,47.004,172.324,3717855
-112.944,46.951,171.546,3717876
-112.780,46.982,170.741,3717897
-112.985,46.952,169.638,3717918
-112.694,46.993,168.849,3717939
-112.385,46.875,168.022,3717960
-112.542,46.793,166.838,3717981
-112.754,46.773,165.538,3718002
-112.755,46.511,164.350,3718023
-112.965,46.376,162.969,3718044
-113.295,46.295,161.449,3718065
-112.351,46.500,161.169,3718086
-111.659,46.568,161.401,3718107
-111.081,46.557,161.443,3718128
-110.604,46.509,161.304,3718149
-110.463,46.525,160.807,3718170
-110.535,46.426,160.101,3718191
-110.275,46.105,160.051,3718212
-110.530,45.765,159.530,3718233
-110.810,45.410,158.915,3718254
-111.039,44.980,158.273,3718275
-110.986,44.731,157.775,3718296
-111.133,44.572,157.384,3718317
-111.426,44.503,156.831,3718338
-112.120,44.269,155.943,3718359
-112.466,44.231,155.269,3718380
-113.156,43.942,154.343,3718401
-113.890,43.754,153.354,3718422
-114.568,43.524,152.375,3718443
-115.359,43.442,151.255,3718464
-116.171,43.366,150.097,3718485
-116.561,43.190,149.190,3718506
-116.969,43.187,148.349,3718527
-117.436,43.340,147.438,3718548
-118.317,43.577,146.215,3718569
-119.267,43.786,144.950,3718590
-120.234,43.882,143.694,3718611
-121.184,43.997,142.454,3718632
-122.095,44.087,141.232,3718653
-123.032,44.265,139.982,3718674
-123.799,44.345,138.822,3718695
-124.117,44.607,137.927,3718716
-124.428,44.953,137.041,3718737
-124.772,45.342,136.170,3718758
-124.974,45.699,135.354,3718779
-125.132,46.077,134.544,3718800
-125.342,46.050,133.714,3718821
-125.585,46.125,132.813,3718842
-125.535,46.088,132.097,3718863
-125.123,46.132,131.597,3718884
-125.118,46.222,130.765,3718905
-124.703,46.539,130.167,3718926
-124.181,46.802,129.653,3718947
-123.711,47.094,129.059,3718968
-123.183,47.368,128.471,3718989
-122.771,47.599,127.788,3719010
-122.250,47.411,127.147,3719031
-121.541,47.193,126.616,3719052
-120.664,47.022,126.181,3719073
-120.158,46.804,125.428,3719094
-119.408,46.502,124.825,3719115
-118.523,46.300,124.297,3719136
-117.747,46.284,123.664,3719157
-117.208,46.353,122.861,3719178
-116.520,46.277,122.107,3719199
-115.844,46.074,121.325,3719220
-115.338,45.722,120.441,3719241
-115.081,45.420,119.354,3719262
-115.019,45.333,118.093,3719283
-114.887,45.077,116.860,3719304
-114.523,44.782,115.783,3719325
-114.440,44.936,114.506,3719346
-114.252,45.095,113.289,3719367
-114.381,45.304,111.838,3719388
-114.621,45.457,110.333,3719409
-114.934,45.556,108.775,3719430
-115.123,45.415,107.305,3719451
-115.426,45.325,105.762,3719472
-115.436,45.439,104.437,3719493
-115.686,45.301,102.962,3719514
-116.191,45.593,101.317,3719535
-116.358,45.747,99.915,3719556
-116.737,46.037,98.382,3719577
-116.985,46.223,96.939,3719598
-117.300,46.457,95.438,3719619
-117.872,46.365,93.793,3719640
-118.029,46.399,92.451,3719661
-118.425,46.246,90.958,3719682
-118.634,46.414,89.596,3719703
-118.839,46.302,88.255,3719724
-119.397,46.177,86.676,3719745
-119.977,46.076,85.076,3719766
-120.592,46.044,83.455,3719787
-121.120,45.871,81.914,3719808
-121.576,45.958,80.409,3719829
-122.127,45.998,78.819,3719850
-122.219,45.648,77.594,3719871
-122.560,45.479,76.205,3719892
-122.409,45.418,75.185,3719913
-122.183,45.133,74.222,3719934
-121.920,45.079,73.304,3719955
-121.619,45.023,72.391,3719976
-121.554,45.127,71.326,3719997
-121.550,45.221,70.219,3720018
-121.578,45.056,69.108,3720039
-121.664,44.949,67.972,3720060
-121.697,44.799,66.877,3720081
-121.293,44.785,66.095,3720102
-121.175,45.053,65.106,3720123
-120.777,45.010,64.275,3720144
-120.444,44.936,63.420,3720165
-120.187,45.274,62.492,3720186
-119.748,45.577,61.694,3720207
-119.504,45.947,60.768,3720228
-119.402,46.057,59.718,3720249
-119.298,46.344,58.668,3720270
-119.956,47.224,57.365,3720291
-120.977,47.835,55.771,3720312
-122.054,48.469,54.088,3720333
-123.135,49.122,52.349,3720354
-123.727,49.392,50.961,3720375
-124.610,50.017,49.313,3720396
-125.332,50.526,47.723,3720417
-125.847,50.852,46.257,3720438
-126.736,50.922,44.475,3720459
-127.311,50.880,42.879,3720480
-127.691,51.096,41.415,3720501
-127.888,51.067,40.049,3720522
-127.965,51.050,38.742,3720543
-127.989,51.088,37.450,3720564
-127.879,51.091,36.207,3720585
-128.007,50.832,34.755,3720606
-128.196,50.634,33.227,3720627
-128.347,50.565,31.694,3720648
-128.477,50.513,30.129,3720669
-127.968,50.209,29.040,3720690
-127.579,49.854,27.825,3720711
-126.989,49.674,26.739,3720732
-126.390,49.643,25.630,3720753
-125.679,49.450,24.572,3720774
-123.851,49.278,25.232,3720795
-121.614,49.136,26.135,3720816
-119.995,49.022,26.550,3720837
-118.516,48.815,26.802,3720858
-117.130,48.544,26.966,3720879
-116.046,48.537,26.913,3720900
-114.667,48.336,27.072,3720921
-113.466,48.277,27.092,3720942
-112.466,48.144,26.955,3720963
-111.654,48.166,26.668,3720984
-111.006,48.240,26.245,3721005
-110.520,48.224,25.683,3721026
-110.281,48.392,24.917,3721047
-110.574,48.456,23.740,3721068
-110.930,48.352,22.514,3721089
-111.364,48.199,21.228,3721110
-111.927,48.031,19.828,3721131
-112.401,48.220,18.486,3721152
-112.860,48.264,17.171,3721173
-113.406,48.206,15.778,3721194
-114.389,47.966,14.061,3721215
-115.588,47.935,12.167,3721236
-116.861,47.851,10.233,3721257
-118.189,47.730,8.228,3721278
-119.439,47.502,6.291,3721299
-120.713,47.402,4.322,3721320
-121.935,47.252,2.400,3721341
