-125.618,45.396,326.613,3725164
-125.591,45.557,326.559,3725185
-125.569,45.746,326.495,3725206
-125.588,45.980,326.401,3725227
-125.604,45.826,326.293,3725248
-125.368,46.006,326.370,3725269
-125.357,45.916,326.257,3725290
-125.420,45.963,326.102,3725311
-124.956,45.967,326.308,3725332
-124.951,46.121,326.159,3725353
-124.737,46.510,326.151,3725374
-124.648,46.588,326.034,3725395
-124.146,46.850,326.197,3725416
-123.811,46.976,326.531,3725437
-123.481,47.078,326.831,3725458
-123.525,46.967,326.821,3725479
-123.554,46.799,326.790,3725500
-123.482,46.578,326.820,3725521
-123.120,46.342,327.058,3725542
-122.703,46.297,327.305,3725563
-122.559,46.421,327.316,3725584
-122.536,46.550,327.219,3725605
-122.561,46.672,327.107,3725626
-122.332,46.707,327.300,3725647
-122.392,46.440,327.274,3725668
-122.443,46.219,327.228,3725689
-122.313,45.982,327.306,3725710
-122.353,45.739,327.277,3725731
-122.435,45.481,327.195,3725752
-122.472,45.599,327.206,3725773
-122.550,45.698,327.181,3725794
-122.776,45.845,327.058,3725815
-122.770,45.720,327.113,3725836
-122.957,45.816,327.013,3725857
-123.084,45.899,326.934,3725878
-123.514,45.714,326.637,3725899
-123.911,45.538,326.343,3725920
-124.258,45.361,326.054,3725941
-124.687,45.297,325.705,3725962
-124.782,45.510,325.586,3725983
-124.881,45.343,325.466,3726004
-124.919,45.610,325.380,3726025
-124.975,45.854,325.372,3726046
-125.231,46.098,325.237,3726067
-125.152,46.300,325.335,3726088
-125.036,46.114,325.447,3726109
-125.267,45.979,325.269,3726130
-125.584,45.937,325.024,3726151
-125.404,45.755,325.099,3726172
-125.430,45.928,325.019,3726193
-125.695,46.011,324.757,3726214
-125.918,46.186,324.502,3726235
-125.641,46.225,324.581,3726256
-125.350,46.388,324.671,3726277
-124.950,46.405,324.817,3726298
-125.069,46.448,324.612,3726319
-124.961,46.329,324.552,3726340
-124.854,46.235,324.479,3726361
-124.734,46.109,324.401,3726382
-124.502,45.954,324.424,3726403
-124.014,45.988,324.615,3726424
-123.705,46.210,324.632,3726445
-123.469,46.450,324.585,3726466
-123.092,46.655,324.614,3726487
-123.144,46.730,324.292,3726508
-123.172,46.665,323.974,3726529
-122.967,46.852,323.801,3726550
-122.605,46.743,323.950,3726571
-122.514,46.435,323.871,3726592
-122.641,46.205,323.632,3726613
-122.857,46.302,323.277,3726634
-122.871,46.462,323.082,3726655
-122.666,46.288,323.032,3726676
-122.454,46.284,322.973,3726697
-122.498,46.448,322.713,3726718
-122.767,46.353,322.255,3726739
-122.832,46.102,321.936,3726760
-122.961,45.883,321.540,3726781
-123.094,45.671,321.115,3726802
-122.970,45.444,320.877,3726823
-123.121,45.662,320.404,3726844
-122.977,45.816,320.155,3726865
-123.291,45.990,319.569,3726886
-123.236,46.200,319.232,3726907
-123.444,46.480,318.700,3726928
-123.418,46.563,318.488,3726949
-123.549,46.329,318.143,3726970
-123.571,46.104,317.873,3726991
-123.725,45.915,317.504,3727012
-124.017,46.016,317.015,3727033
-123.878,46.042,316.904,3727054
-123.897,46.250,316.649,3727075
-123.924,46.458,316.408,3727096
-123.895,46.632,316.187,3727117
-124.200,46.824,315.710,3727138
-124.258,46.666,315.402,3727159
-124.483,46.583,314.965,3727180
-124.592,46.419,314.608,3727201
-124.550,46.222,314.353,3727222
-124.242,46.253,314.261,3727243
-123.863,46.108,314.246,3727264
-123.966,46.189,313.851,3727285
-123.687,45.941,313.715,3727306
-123.377,46.025,313.649,3727327
-123.261,46.195,313.428,3727348
-123.324,46.112,313.066,3727369
-123.325,46.257,312.768,3727390
-123.112,46.022,312.624,3727411
-122.935,45.828,312.448,3727432
-122.490,45.644,312.465,3727453
-122.512,45.769,312.138,3727474
-122.385,45.978,311.909,3727495
-122.103,46.174,311.765,3727516
-121.750,46.329,311.668,3727537
-121.502,46.506,311.473,3727558
-121.503,46.369,311.100,3727579
-121.358,46.616,310.831,3727600
-121.250,46.486,310.535,3727621
-121.170,46.335,310.230,3727642
-120.998,46.194,309.998,3727663
-121.254,46.089,309.433,3727684
-121.398,46.341,308.954,3727705
-121.705,46.262,308.344,3727726
-121.699,46.425,307.968,3727747
-121.927,46.623,307.440,3727768
-121.889,46.732,307.106,3727789
-121.922,46.480,306.718,3727810
-122.291,46.411,306.080,3727831
-122.432,46.186,305.607,3727852
-122.705,46.397,305.005,3727873
-122.577,46.339,304.701,3727894
-122.738,46.535,304.175,3727915
-123.148,46.537,303.443,3727936
-123.072,46.646,303.109,3727957
-123.449,46.697,302.436,3727978
-123.811,46.658,301.773,3727999
-124.120,46.581,301.170,3728020
-124.213,46.435,300.745,3728041
-124.043,46.389,300.503,3728062
-123.990,46.179,300.199,3728083
-123.756,46.085,300.046,3728104
-123.508,45.903,299.890,3728125
-123.527,46.069,299.539,3728146
-123.505,46.184,299.225,3728167
-123.495,46.301,298.898,3728188
-123.371,46.035,298.666,3728209
-122.873,46.068,298.720,3728230
-122.738,45.919,298.523,3728251
-122.108,45.807,298.676,3728272
-122.023,45.789,298.466,3728293
-121.394,45.786,298.634,3728314
-121.040,46.001,298.596,3728335
-120.548,46.152,298.630,3728356
-120.147,46.331,298.614,3728377
-119.923,46.548,298.460,3728398
-119.791,46.368,298.236,3728419
-119.581,46.161,298.073,3728440
-119.158,46.155,298.087,3728461
-118.781,46.015,298.048,3728482
-118.727,45.820,297.789,3728503
-118.858,45.724,297.385,3728524
-119.045,45.820,296.919,3728545
-119.237,45.915,296.455,3728566
-119.347,46.086,296.046,3728587
-119.478,46.262,295.592,3728608
-119.656,46.011,295.098,3728629
-119.758,45.738,294.661,3728650
-119.743,45.497,294.276,3728671
-119.674,45.399,293.903,3728692
-120.105,45.270,293.171,3728713
-120.154,45.169,292.678,3728734
-120.476,45.404,291.972,3728755
-121.033,45.575,291.104,3728776
-121.593,45.785,290.220,3728797
-121.863,45.977,289.522,3728818
-122.514,46.011,288.557,3728839
-122.992,46.222,287.707,3728860
-123.103,46.072,287.143,3728881
-123.270,45.886,286.510,3728902
-123.399,45.655,285.904,3728923
-123.416,45.487,285.387,3728944
-123.843,45.622,284.544,3728965
-124.038,45.834,283.876,3728986
-124.281,46.047,283.167,3729007
-124.586,46.131,282.389,3729028
-124.458,45.927,281.928,3729049
-124.527,45.807,281.278,3729070
-124.583,45.690,280.645,3729091
-124.216,45.700,280.290,3729112
-124.185,45.551,279.694,3729133
-123.873,45.667,279.271,3729154
-123.734,45.887,278.687,3729175
-123.823,46.072,277.941,3729196
-123.848,46.297,277.236,3729217
-123.982,46.447,276.416,3729238
-123.613,46.382,275.939,3729259
-123.252,46.278,275.427,3729280
-122.938,46.103,274.909,3729301
-122.545,46.068,274.396,3729322
-122.231,46.025,273.783,3729343
-121.919,45.909,273.167,3729364
-122.132,45.874,272.138,3729385
-122.307,46.045,271.114,3729406
-122.590,46.064,270.002,3729427
-122.949,46.041,268.797,3729448
-123.324,46.033,267.556,3729469
-123.497,45.676,266.448,3729490
-123.490,45.325,265.454,3729511
-123.531,44.959,264.420,3729532
-123.539,44.681,263.411,3729553
-123.573,44.607,262.326,3729574
-123.699,44.681,261.171,3729595
-124.527,45.063,259.964,3729616
-125.353,45.741,259.039,3729637
-126.004,46.365,258.158,3729658
-126.429,46.777,257.420,3729679
-126.872,46.882,256.613,3729700
-127.273,46.916,255.792,3729721
-127.430,46.988,255.094,3729742
-127.849,47.299,254.151,3729763
-128.222,47.117,253.225,3729784
-128.675,47.114,252.213,3729805
-129.039,47.075,251.215,3729826
-129.318,46.791,250.239,3729847
-129.521,46.624,249.308,3729868
-129.801,46.385,248.436,3729889
-130.217,46.234,247.571,3729910
-130.054,46.014,247.100,3729931
-129.995,45.640,246.553,3729952
-129.635,45.417,246.186,3729973
-129.174,45.141,245.893,3729994
-128.642,44.954,245.626,3730015
-128.437,44.868,245.126,3730036
-128.178,44.450,244.659,3730057
-128.027,44.547,244.258,3730078
-127.930,44.615,243.799,3730099
-127.440,44.349,243.591,3730120
-127.067,43.903,243.303,3730141
-126.427,43.635,243.190,3730162
-125.780,43.488,243.057,3730183
-125.085,43.139,242.941,3730204
-124.830,43.093,242.535,3730225
-124.585,43.012,242.123,3730246
-124.323,43.102,241.713,3730267
-124.150,43.015,241.256,3730288
-123.913,42.883,240.839,3730309
-123.622,42.705,240.462,3730330
-123.053,42.398,240.285,3730351
-122.489,42.062,240.094,3730372
-121.800,41.781,239.979,3730393
-121.096,41.579,239.823,3730414
-120.663,41.617,239.474,3730435
-120.513,41.500,238.899,3730456
-120.390,41.393,238.260,3730477
-120.318,41.218,237.609,3730498
-119.964,41.266,237.120,3730519
-119.579,41.051,236.612,3730540
-119.248,40.931,236.068,3730561
-119.041,40.730,235.442,3730582
-118.907,40.784,234.747,3730603
-118.784,40.769,234.028,3730624
-119.141,40.748,233.004,3730645
-119.547,40.982,231.950,3730666
-120.034,41.066,230.868,3730687
-120.471,41.052,229.820,3730708
-120.972,41.273,228.716,3730729
-121.444,41.612,227.625,3730750
-121.504,41.663,226.819,3730771
-121.563,41.863,225.997,3730792
-121.761,42.272,225.079,3730813
-121.821,42.369,224.272,3730834
-122.126,42.839,223.297,3730855
-122.610,43.188,222.205,3730876
-123.118,43.332,221.055,3730897
-123.577,43.678,219.960,3730918
-124.092,43.910,218.826,3730939
-124.592,44.165,217.679,3730960
-124.808,44.085,216.746,3730981
-124.818,44.100,215.938,3731002
-124.767,44.294,215.170,3731023
-124.621,44.351,214.470,3731044
-124.438,44.479,213.805,3731065
-124.704,44.606,212.828,3731086
-124.601,44.549,212.143,3731107
-124.401,44.857,211.524,3731128
-124.493,44.933,210.716,3731149
-124.167,44.871,210.200,3731170
-123.759,45.037,209.755,3731191
-123.332,45.204,209.317,3731212
-123.020,45.449,208.799,3731233
-122.467,45.352,208.442,3731254
-122.396,45.448,207.740,3731275
-122.325,45.307,207.029,3731296
-122.200,45.049,206.350,3731317
-122.187,44.863,205.609,3731338
-122.266,44.799,204.785,3731359
-122.273,44.605,204.010,3731380
-121.794,44.485,203.572,3731401
-121.325,44.421,203.130,3731422
-120.971,44.454,202.618,3731443
-120.578,44.449,202.124,3731464
-120.249,44.472,201.586,3731485
-119.963,44.225,200.999,3731506
-119.970,44.261,200.283,3731527
-119.445,44.246,200.083,3731548
-118.561,44.258,200.108,3731569
-117.873,44.077,200.015,3731590
-117.491,43.977,199.673,3731611
-116.883,44.095,199.468,3731632
-116.370,44.083,199.168,3731653
-115.959,44.276,198.776,3731674
-115.631,44.416,198.325,3731695
-115.854,44.584,197.483,3731716
-115.730,44.813,196.992,3731737
-115.729,45.199,196.354,3731758
-115.936,45.472,195.551,3731779
-115.926,45.695,194.928,3731800
-115.611,45.929,194.481,3731821
-115.208,46.155,194.129,3731842
-114.870,46.374,193.682,3731863
-114.528,46.653,193.264,3731884
-114.067,46.861,192.924,3731905
-113.673,46.790,192.536,3731926
-113.672,46.879,191.874,3731947
-113.708,47.007,191.163,3731968
-113.727,47.081,190.466,3731989
-113.713,47.092,189.766,3732010
-113.708,47.073,189.064,3732031
-113.750,47.109,188.316,3732052
-113.315,47.141,187.875,3732073
-112.914,47.179,187.383,3732094
-112.496,47.192,186.891,3732115
-112.072,47.216,186.385,3732136
-112.107,47.148,185.506,3732157
-111.827,46.914,184.801,3732178
-111.854,46.760,183.881,3732199
-111.950,46.674,182.859,3732220
-112.038,46.507,181.806,3732241
-111.717,46.435,180.982,3732262
-111.518,46.426,180.028,3732283
-111.309,46.343,179.001,3732304
-111.155,46.168,177.873,3732325
-110.518,46.254,177.294,3732346
-110.091,46.411,177.431,3732367
-109.437,46.355,177.674,3732388
-108.966,46.211,177.690,3732409
-109.121,46.217,177.183,3732430
-108.929,46.188,176.897,3732451
-108.821,46.192,176.492,3732472
-108.906,46.258,176.316,3732493
-109.289,46.468,175.855,3732514
-109.823,46.694,175.205,3732535
-110.561,46.645,174.389,3732556
-111.333,46.524,173.519,3732577
-112.108,46.413,172.629,3732598
-112.918,46.276,171.733,3732619
-113.771,46.179,170.783,3732640
-114.606,46.054,169.867,3732661
-115.072,46.050,169.190,3732682
-115.678,46.212,168.395,3732703
-116.195,46.039,167.807,3732724
-116.784,46.155,167.118,3732745
-117.250,46.106,166.491,3732766
-118.179,46.044,165.532,3732787
-119.069,45.953,164.582,3732808
-119.917,45.812,163.711,3732829
-120.745,45.672,162.887,3732850
-121.535,45.658,162.067,3732871
-121.838,45.744,161.589,3732892
-122.031,45.787,161.157,3732913
-122.212,45.912,160.688,3732934
-122.673,45.765,160.106,3732955
-122.699,45.822,159.820,3732976
-122.988,45.643,159.306,3732997
-123.119,45.396,158.907,3733018
-123.227,45.162,158.597,3733039
-123.249,44.945,158.320,3733060
-123.079,44.692,158.176,3733081
-122.684,44.689,158.252,3733102
-122.311,44.781,158.287,3733123
-122.148,44.975,158.166,3733144
-121.725,45.105,158.281,3733165
-121.220,45.272,158.449,3733186
-121.066,45.222,158.404,3733207
-120.805,45.084,158.442,3733228
-120.541,45.011,158.467,3733249
-120.230,44.939,158.543,3733270
-119.657,45.175,158.800,3733291
-118.885,45.270,159.164,3733312
-118.183,45.391,159.448,3733333
-117.559,45.584,159.637,3733354
-116.985,45.774,159.777,3733375
-116.836,45.883,159.602,3733396
-116.544,45.742,159.522,3733417
-116.067,45.657,159.596,3733438
-115.959,45.535,159.417,3733459
-116.003,45.452,159.152,3733480
-115.777,45.229,159.099,3733501
-115.479,45.280,159.120,3733522
-115.226,45.279,159.101,3733543
-115.219,45.445,158.965,3733564
-115.000,45.369,158.992,3733585
-114.900,45.150,158.969,3733606
-115.198,45.030,158.678,3733627
-115.551,44.937,158.324,3733648
-115.750,44.704,158.047,3733669
-116.024,44.558,157.681,3733690
-116.476,44.694,157.165,3733711
-116.557,44.916,156.901,3733732
-116.707,45.162,156.591,3733753
-116.869,45.404,156.242,3733774
-117.031,45.659,155.873,3733795
-117.135,45.867,155.552,3733816
-117.665,45.909,154.907,3733837
-118.252,46.096,154.392,3733858
-118.601,46.377,154.024,3733879
-119.084,46.332,153.541,3733900
-119.284,46.160,153.229,3733921
-119.703,46.040,152.800,3733942
-119.763,46.152,152.634,3733963
-120.037,46.389,152.325,3733984
-120.055,46.564,152.148,3734005
-120.323,46.754,151.794,3734026
-120.391,46.538,151.536,3734047
-120.529,46.372,151.179,3734068
-120.561,46.162,150.880,3734089
-120.610,46.005,150.554,3734110
-120.658,45.822,150.273,3734131
-120.358,45.877,150.290,3734152
-119.987,45.903,150.309,3734173
-119.515,45.838,150.388,3734194
-119.111,45.893,150.414,3734215
-118.692,45.962,150.406,3734236
-118.588,45.785,150.208,3734257
-118.282,45.521,150.132,3734278
-117.805,45.340,150.150,3734299
-117.785,45.280,149.857,3734320
-117.806,45.308,149.516,3734341
-117.334,45.376,149.488,3734362
-116.975,45.551,149.332,3734383
-116.700,45.795,149.102,3734404
-116.460,46.053,148.832,3734425
-116.069,46.221,148.660,3734446
-116.154,46.222,148.122,3734467
-116.308,46.255,147.531,3734488
-116.414,46.207,146.946,3734509
-116.576,46.254,146.336,3734530
-116.742,46.285,145.700,3734551
-116.519,46.477,145.353,3734572
-116.341,46.676,144.952,3734593
-116.236,46.906,144.513,3734614
-116.098,47.103,144.082,3734635
-116.294,47.014,143.354,3734656
-116.180,46.796,142.830,3734677
-116.118,46.552,142.228,3734698
-116.196,46.270,141.515,3734719
-116.325,46.009,140.738,3734740
-116.241,45.715,140.106,3734761
-116.183,45.779,139.421,3734782
-116.161,45.830,138.687,3734803
-116.111,45.909,137.978,3734824
-116.383,45.991,137.038,3734845
-116.490,46.125,136.207,3734866
-116.581,46.283,135.379,3734887
-116.857,46.072,134.429,3734908
-116.912,45.830,133.619,3734930
-117.136,45.616,132.686,3734951
-117.039,45.662,132.013,3734972
-117.403,45.683,130.984,3734993
-117.308,45.721,130.288,3735014
-117.675,45.702,129.240,3735035
-118.069,45.765,128.184,3735056
-118.202,46.001,127.276,3735077
-118.150,45.847,126.520,3735098
-118.513,45.780,125.488,3735119
-118.625,45.580,124.602,3735140
-118.584,45.661,123.820,3735161
-118.915,45.856,122.785,3735182
-119.055,46.093,121.877,3735203
-118.998,46.260,121.119,3735224
-119.287,46.447,120.097,3735245
-119.570,46.524,119.050,3735266
-119.663,46.373,118.154,3735287
-119.717,46.210,117.297,3735308
-119.506,46.060,116.654,3735329
-119.216,45.905,116.058,3735350
-118.953,45.740,115.449,3735371
-118.736,45.924,114.798,3735392
-118.550,46.160,114.158,3735413
-118.349,46.391,113.526,3735434
-117.976,46.418,113.023,3735455
-118.088,46.457,112.182,3735476
-117.901,46.288,111.550,3735497
-117.980,46.269,110.747,3735518
-118.086,46.462,109.927,3735539
-118.053,46.283,109.219,3735560
-117.879,46.089,108.596,3735581
-117.840,46.341,107.889,3735602
-117.767,46.605,107.182,3735623
-117.951,46.808,106.329,3735644
-118.204,46.866,105.432,3735665
-118.495,46.993,104.483,3735686
-118.493,46.749,103.740,3735707
-118.513,46.493,103.017,3735728
-118.372,46.364,102.386,3735749
-118.351,46.133,101.682,3735770
-118.711,46.178,100.722,3735791
-118.776,46.360,99.973,3735812
-119.097,46.493,99.042,3735833
-119.328,46.735,98.186,3735854
-119.209,46.849,97.590,3735875
-119.598,46.856,96.632,3735896
-119.602,46.715,95.931,3735917
-119.591,46.771,95.230,3735938
-119.685,46.909,94.483,3735959
-120.023,47.258,94.424,3735980
-120.646,47.933,94.104,3736001
-121.152,48.583,93.833,3736022
-121.520,49.171,93.654,3736043
-122.003,49.727,93.368,3736064
-122.487,50.185,93.065,3736085
-122.944,50.435,92.767,3736106
-123.008,50.478,92.728,3736127
-122.941,50.479,92.810,3736148
-122.796,50.483,92.925,3736169
-122.882,50.269,92.831,3736190
-122.831,49.989,92.808,3736211
-122.959,50.106,92.654,3736232
-122.921,50.136,92.620,3736253
-123.176,50.057,92.350,3736274
-123.412,49.938,92.088,3736295
-123.596,49.669,91.859,3736316
-123.979,49.688,91.787,3736337
-123.913,49.400,92.043,3736358
-123.881,49.075,92.253,3736379
-123.671,48.812,92.600,3736400
-123.536,48.476,92.880,3736421
-123.339,48.294,93.168,3736442
-123.422,48.322,93.229,3736463
-123.581,48.316,93.222,3736484
-123.748,48.265,93.196,3736505
-123.542,47.812,93.423,3736526
-123.187,47.353,93.764,3736547
-122.978,46.907,93.983,3736568
-122.545,46.768,94.354,3736589
-122.557,46.561,94.359,3736610
-122.011,46.322,94.768,3736631
-121.915,46.055,94.844,3736652
-121.700,46.153,95.008,3736673
-121.491,46.253,95.163,3736694
-121.019,46.303,95.508,3736715
-120.985,46.284,95.500,3736736
-120.453,46.257,95.832,3736757
-119.960,46.249,96.128,3736778
-119.735,46.016,96.192,3736799
-119.469,45.814,96.298,3736820
-119.150,45.617,96.408,3736841
-118.739,45.630,96.551,3736862
-118.562,45.838,96.518,3736883
-118.592,46.060,96.332,3736904
-118.536,46.302,96.190,3736925
-118.559,46.512,95.993,3736946
-118.679,46.527,95.728,3736967
-118.305,46.456,95.823,3736988
-118.389,46.451,95.594,3737009
-118.181,46.343,95.571,3737030
-117.881,46.331,95.591,3737051
-118.052,46.637,95.259,3737072
-118.191,46.979,94.933,3737093
-118.401,47.256,94.552,3737114
-118.314,47.535,94.360,3737135
-118.589,47.571,93.897,3737156
-118.625,47.399,93.607,3737177
-118.495,47.242,93.445,3737198
-118.337,47.238,93.288,3737219
-118.216,47.236,93.094,3737240
-118.160,46.983,92.853,3737261
-118.295,47.128,92.455,3737282
-118.525,47.255,91.976,3737303
-118.927,47.349,91.336,3737324
-119.411,47.296,90.630,3737345
-119.879,47.456,90.071,3737366
-120.399,47.484,89.455,3737387
-120.447,47.218,89.167,3737408
-120.684,47.012,88.805,3737429
-120.830,46.795,88.526,3737450
-120.859,46.867,88.338,3737471
-120.834,46.763,88.212,3737492
-121.299,46.941,87.721,3737513
-121.786,47.036,87.250,3737534
-122.188,46.969,86.850,3737555
-122.563,47.236,86.474,3737576
-122.914,47.453,86.103,3737597
-123.077,47.227,85.881,3737618
-123.033,47.308,85.825,3737639
-122.914,47.327,85.828,3737660
-122.978,47.066,85.712,3737681
-122.913,47.202,85.695,3737702
-122.726,47.253,85.773,3737723
-122.847,47.433,85.631,3737744
-122.991,47.246,85.485,3737765
-123.188,47.235,85.325,3737786
-123.319,47.357,85.210,3737807
-123.063,47.115,85.421,3737828
-122.675,47.030,85.725,3737849
-122.389,47.132,85.967,3737870
-122.001,46.950,86.293,3737891
-121.555,46.760,86.651,3737912
-121.210,46.632,86.985,3737933
-121.249,46.774,87.034,3737954
-121.169,46.959,87.178,3737975
-121.163,47.089,87.267,3737996
-120.937,47.318,87.557,3738017
-120.485,47.379,87.993,3738038
-120.046,47.418,88.413,3738059
-119.709,47.544,88.776,3738080
-119.379,47.389,89.146,3738101
-119.399,47.293,89.236,3738122
-119.198,47.522,89.535,3738143
-119.154,47.755,89.701,3738164
-119.243,47.722,89.769,3738185
-119.337,47.754,89.830,3738206
-119.475,47.822,89.858,3738227
-119.245,47.598,90.161,3738248
-119.048,47.381,90.415,3738269
-118.671,47.254,90.760,3738290
-118.287,47.098,91.108,3738311
-117.896,47.017,91.482,3738332
-118.051,46.936,91.411,3738353
-118.116,46.988,91.401,3738374
-118.200,47.040,91.341,3738395
-118.337,47.054,91.269,3738416
-118.695,46.946,91.073,3738437
-118.679,46.611,91.137,3738458
-118.558,46.330,91.289,3738479
-118.558,46.348,91.337,3738500
-118.656,46.027,91.333,3738521
-118.593,45.900,91.447,3738542
-118.785,46.068,91.380,3738563
-119.245,46.195,91.111,3738584
-119.569,46.406,90.946,3738605
-120.047,46.590,90.656,3738626
-120.039,46.607,90.710,3738647
-120.256,46.431,90.576,3738668
-120.540,46.281,90.369,3738689
-120.726,46.132,90.232,3738710
-120.810,45.972,90.150,3738731
-120.772,45.846,90.127,3738752
-120.930,46.137,89.954,3738773
-121.180,46.356,89.741,3738794
-121.353,46.642,89.524,3738815
-121.564,46.895,89.270,3738836
-121.791,46.980,89.004,3738857
-121.896,46.885,88.806,3738878
-121.712,46.720,88.827,3738899
-121.811,46.928,88.625,3738920
-121.440,46.939,88.760,3738941
-121.203,46.768,88.779,3738962
-121.089,46.752,88.901,3738983
-121.166,47.129,88.826,3739004
-121.307,47.446,88.681,3739025
-121.397,47.742,88.550,3739046
-121.504,47.934,88.390,3739067
-121.261,47.987,88.593,3739088
-120.903,48.163,88.837,3739109
-120.575,48.412,89.035,3739130
-120.769,48.632,88.880,3739151
-120.412,48.747,89.130,3739172
-120.616,48.862,88.955,3739193
-120.326,48.768,89.154,3739214
-120.365,48.978,89.107,3739235
-120.354,49.111,89.081,3739256
-120.584,49.216,88.864,3739277
-120.588,48.875,88.806,3739298
-120.471,48.600,88.831,3739319
-120.424,48.472,88.794,3739340
-120.406,48.124,88.733,3739361
-120.425,47.740,88.650,3739382
-120.910,47.519,88.235,3739403
-121.300,47.462,87.890,3739424
-121.616,47.442,87.633,3739445
-121.974,47.128,87.377,3739466
-122.085,47.159,87.312,3739488
-122.131,46.832,87.316,3739509
-122.342,46.546,87.201,3739530
-122.343,46.260,87.224,3739551
-122.221,46.086,87.329,3739572
-122.541,46.163,87.119,3739593
-122.675,46.424,87.014,3739614
-122.567,46.675,87.057,3739635
-122.543,46.979,87.033,3739656
-122.720,47.235,86.872,3739677
-122.406,47.174,87.041,3739698
-122.037,47.225,87.218,3739719
-121.569,47.262,87.453,3739740
-121.320,47.112,87.522,3739761
-120.834,47.024,87.761,3739782
-120.799,47.136,87.682,3739803
-120.594,46.973,87.748,3739824
-120.569,47.192,87.672,3739845
-120.604,47.432,87.579,3739866
-120.702,47.586,87.420,3739887
-120.553,47.815,87.476,3739908
-120.435,47.634,87.486,3739929
-120.256,47.522,87.556,3739950
-120.075,47.523,87.623,3739971
-119.957,47.333,87.640,3739992
-120.352,47.328,87.264,3740013
-120.718,47.366,86.896,3740034
-120.869,47.532,86.697,3740055
-120.955,47.273,86.542,3740076
-121.201,47.377,86.291,3740097
-121.382,47.096,86.058,3740118
-121.244,46.779,86.068,3740139
-121.098,46.777,86.087,3740160
-120.910,46.707,86.132,3740181
-120.856,46.343,86.078,3740202
-121.133,46.262,85.772,3740223
-121.236,46.380,85.588,3740244
-121.275,46.507,85.439,3740265
-121.469,46.345,85.173,3740286
-121.738,46.315,84.839,3740307
-121.992,46.264,84.495,3740328
-121.780,46.082,84.468,3740349
-121.457,46.124,84.508,3740370
-121.158,46.180,84.506,3740391
-120.820,46.175,84.535,3740412
-120.464,46.185,84.550,3740433
-120.553,46.503,84.244,3740454
-120.692,46.664,83.901,3740475
-120.810,46.981,83.573,3740496
-120.972,47.227,83.205,3740517
-120.978,47.563,82.932,3740538
-120.732,47.590,82.848,3740559
-120.552,47.590,82.699,3740580
-120.410,47.500,82.510,3740601
-120.455,47.294,82.176,3740622
-120.578,47.487,81.749,3740643
-120.709,47.636,81.303,3740664
-120.939,47.381,80.794,3740685
-121.308,47.351,80.144,3740706
-121.516,47.081,79.610,3740727
-121.574,47.181,79.175,3740748
-121.430,46.871,78.870,3740769
-121.464,46.622,78.408,3740790
-121.610,46.694,77.871,3740811
-121.276,46.524,77.670,3740832
-120.979,46.316,77.447,3740853
-121.099,46.379,76.891,3740874
-121.232,46.437,76.286,3740895
-121.135,46.679,75.835,3740916
-121.224,46.807,75.228,3740937
-120.824,46.814,74.940,3740958
-120.482,46.617,74.582,3740979
-120.215,46.788,74.172,3741000
-119.880,46.590,73.780,3741021
-119.557,46.623,73.356,3741042
-119.265,46.638,72.898,3741063
-119.468,46.775,72.021,3741084
-119.662,46.997,71.125,3741105
-119.966,47.052,70.146,3741126
-120.310,47.170,69.078,3741147
-120.388,47.442,68.184,3741168
-120.407,47.302,67.305,3741189
-120.473,47.162,66.357,3741210
-120.326,47.242,65.524,3741231
-120.183,47.373,64.658,3741252
-120.507,47.398,63.425,3741273
-120.340,47.470,62.540,3741294
-120.708,47.631,61.255,3741315
-121.076,47.693,59.940,3741336
-121.430,47.896,58.604,3741357
-121.836,47.944,57.208,3741378
-121.907,47.807,56.026,3741399
-121.853,47.974,54.917,3741420
-121.825,48.184,53.764,3741441
-121.734,48.119,52.664,3741462
-122.007,48.014,51.260,3741483
-122.146,48.296,49.922,3741504
-122.435,48.548,48.461,3741525
-122.629,48.398,47.021,3741546
-123.019,48.401,45.437,3741567
-123.328,48.523,43.888,3741588
-123.281,48.270,42.598,3741609
-123.046,48.146,41.423,3741630
-122.775,48.021,40.267,3741651
-122.478,47.991,39.117,3741672
-122.225,47.787,37.934,3741693
-122.154,47.995,36.610,3741714
-122.261,47.885,35.137,3741735
-122.437,47.912,33.629,3741756
-122.482,47.683,32.187,3741777
-122.688,47.600,30.605,3741798
-122.428,47.493,29.351,3741819
-122.374,47.555,27.935,3741840
-122.421,47.654,26.440,3741861
-122.340,47.648,25.049,3741882
-122.456,47.751,23.502,3741903
-122.827,47.814,21.781,3741924
-123.174,47.765,20.090,3741945
-122.745,47.612,19.103,3741966
-122.370,47.477,18.062,3741987
-122.007,47.354,17.042,3742008
-121.532,47.238,16.150,3742029
-121.029,47.179,15.290,3742050
-120.616,47.085,14.366,3742071
-120.263,47.236,13.411,3742092
-120.077,47.449,12.341,3742113
-119.861,47.399,11.286,3742134
-120.203,47.310,9.826,3742155
-120.607,47.116,8.326,3742176
-121.129,47.189,6.749,3742197
-121.384,46.893,5.347,3742218
-121.636,46.986,3.942,3742239
-121.863,47.005,2.573,3742260
-122.008,46.715,1.296,3742281
-122.537,46.755,359.750,3742302
-122.564,46.723,358.609,3742323
-123.051,46.602,357.143,3742344
-123.513,46.441,355.690,3742365
-123.898,46.187,354.295,3742386
-123.819,45.942,353.257,3742407
-124.244,45.736,351.842,3742428
-124.742,45.622,350.379,3742449
-124.736,45.457,349.256,3742470
-125.199,45.480,347.783,3742491
-125.679,45.526,346.302,3742512
-125.914,45.612,344.972,3742533
-126.336,45.744,343.518,3742554
-126.600,45.500,342.186,3742575
-126.581,45.297,341.042,3742596
-127.235,44.831,340.641,3742617
-127.564,44.310,340.415,3742638
-127.854,43.851,340.168,3742659
-127.954,43.745,339.983,3742680
-128.253,43.802,339.660,3742701
-128.256,43.786,339.478,3742722
-128.265,43.851,339.293,3742743
-128.387,44.023,339.005,3742764
-128.569,43.885,338.647,3742785
-128.601,43.765,338.400,3742806
-128.329,43.699,338.317,3742827
-127.926,43.889,338.306,3742848
-127.521,43.889,338.291,3742869
-127.409,44.255,338.049,3742890
-126.731,44.385,338.173,3742911
-126.201,44.852,338.164,3742932
-125.883,45.322,337.984,3742953
-125.379,45.214,338.437,3742974
-125.329,45.246,338.542,3742995
-125.156,45.206,338.693,3743016
-125.004,45.149,338.786,3743037
-124.562,44.962,339.041,3743058
-124.284,45.174,339.165,3743079
-123.867,45.303,339.352,3743100
-123.582,45.493,339.418,3743121
-123.246,45.681,339.495,3743142
-122.838,45.849,339.598,3743163
-122.496,46.069,339.621,3743184
-122.516,46.097,339.404,3743205
-122.253,45.883,339.487,3743226
-122.252,45.808,339.356,3743247
-122.184,45.688,339.267,3743268
-121.837,45.592,339.350,3743289
-121.946,45.847,339.109,3743310
-122.157,45.766,338.916,3743331
-121.944,45.803,339.010,3743352
-121.833,45.893,338.991,3743373
-121.862,46.098,338.870,3743394
-121.926,45.942,338.678,3743415
-122.016,45.751,338.471,3743436
-122.311,45.626,338.094,3743457
-122.428,45.429,337.830,3743478
-122.822,45.612,337.409,3743499
-122.788,45.745,337.277,3743520
-123.056,45.953,336.892,3743541
-123.356,45.880,336.547,3743562
-123.326,46.059,336.426,3743583
-123.664,46.152,336.095,3743604
-123.968,46.276,335.796,3743625
-124.156,46.121,335.608,3743646
-123.978,45.966,335.731,3743667
-123.788,45.983,335.857,3743688
-123.871,45.754,335.810,3743709
-123.730,45.785,335.884,3743730
-123.645,45.920,335.895,3743751
-123.581,46.074,335.869,3743772
-123.837,46.170,335.589,3743793
-123.567,46.161,335.692,3743814
-123.698,46.055,335.489,3743835
-123.615,46.292,335.441,3743856
-123.693,46.197,335.269,3743877
-123.428,46.013,335.345,3743898
-123.072,45.865,335.507,3743919
-123.287,45.866,335.254,3743940
-123.481,45.955,335.000,3743961
-123.721,45.960,334.711,3743982
-123.573,46.022,334.716,3744003
-123.559,45.727,334.611,3744024
-123.504,45.834,334.544,3744045
-123.248,45.773,334.654,3744066
-123.034,45.857,334.745,3744087
-123.044,45.661,334.642,3744108
-122.931,45.508,334.674,3744129
-122.936,45.801,334.601,3744150
-122.697,45.917,334.713,3744171
-122.982,46.001,334.470,3744192
-122.925,46.282,334.455,3744213
-123.084,46.189,334.285,3744234
-123.259,46.087,334.099,3744255
-123.485,45.983,333.862,3744276
-123.776,45.919,333.608,3744297
-123.880,45.704,333.443,3744318
-123.911,45.475,333.367,3744339
-123.816,45.646,333.422,3744360
-124.001,45.817,333.283,3744381
-123.785,45.996,333.455,3744402
-123.445,46.077,333.721,3744423
-123.042,45.991,334.072,3744444
-123.030,46.146,334.193,3744465
-122.995,46.293,334.342,3744486
-122.556,46.215,334.788,3744507
-122.107,45.995,335.262,3744528
-121.825,45.698,335.599,3744549
-121.963,45.715,335.607,3744570
-121.746,45.810,335.879,3744591
-121.463,45.747,336.202,3744612
-121.584,45.917,336.247,3744633
-121.393,45.940,336.492,3744654
-121.766,45.994,336.331,3744675
-121.825,45.763,336.395,3744696
-122.071,45.605,336.319,3744717
-122.250,45.376,336.296,3744738
-122.624,45.348,336.128,3744759
-122.502,45.417,336.305,3744780
-122.417,45.552,336.427,3744801
-122.435,45.762,336.475,3744822
-122.400,45.944,336.546,3744843
-122.625,46.119,336.412,3744864
-122.901,46.234,336.208,3744885
-123.153,46.178,336.009,3744906
-123.264,46.035,335.913,3744927
-123.163,45.899,335.956,3744948
-123.486,46.038,335.684,3744969
-123.614,45.833,335.535,3744990
-123.622,46.003,335.489,3745011
-123.948,46.190,335.188,3745032
-123.896,46.313,335.188,3745053
-123.763,46.348,335.239,3745074
-123.694,46.192,335.242,3745095
-123.970,46.079,335.009,3745116
-123.860,45.894,335.055,3745137
-123.707,45.739,335.121,3745158
-123.898,45.670,334.950,3745179
-124.053,45.620,334.811,3745200
-123.829,45.788,334.943,3745221
-123.815,46.016,334.928,3745242
-123.614,46.202,335.044,3745263
-123.320,46.309,335.244,3745284
-123.188,46.489,335.307,3745305
-123.204,46.301,335.268,3745326
-122.812,46.132,335.551,3745347
-122.400,46.100,335.888,3745368
-122.125,45.849,336.101,3745389
-122.049,46.068,336.168,3745410
-121.800,46.229,336.371,3745431
-121.925,46.256,336.304,3745452
-122.029,46.437,336.236,3745473
-121.746,46.589,336.429,3745494
-121.756,46.847,336.427,3745515
-121.916,46.792,336.317,3745536
-122.136,46.764,336.124,3745557
-121.853,46.670,336.329,3745578
-121.959,46.535,336.244,3745599
-122.263,46.537,336.008,3745620
-122.184,46.679,336.038,3745641
-122.418,46.883,335.842,3745662
-122.696,46.734,335.605,3745683
-122.756,46.922,335.532,3745704
-123.114,47.009,335.253,3745725
-123.272,46.780,335.092,3745746
-123.312,46.544,335.053,3745767
-123.138,46.531,335.146,3745788
-123.035,46.404,335.202,3745809
-122.945,46.250,335.282,3745830
-123.027,46.439,335.247,3745851
-123.060,46.625,335.238,3745872
-123.293,46.875,335.077,3745893
-123.289,47.037,335.108,3745914
-123.291,47.201,335.132,3745935
-123.453,47.017,335.032,3745956
-123.646,46.868,334.897,3745977
-123.675,46.619,334.859,3745998
-123.412,46.628,335.040,3746019
-123.542,46.465,334.937,3746040
-123.384,46.580,335.038,3746061
-123.550,46.570,334.894,3746082
-123.577,46.757,334.852,3746103
-123.524,46.947,334.888,3746124
-123.518,47.144,334.879,3746145
-123.591,47.002,334.824,3746166
-123.704,46.864,334.712,3746187
-123.785,46.687,334.625,3746208
-123.542,46.486,334.757,3746229
-123.486,46.241,334.741,3746250
-123.330,46.369,334.799,3746271
-123.127,46.483,334.868,3746292
-122.782,46.386,335.031,3746313
-122.649,46.504,335.099,3746334
-122.806,46.367,334.977,3746355
-123.001,46.208,334.843,3746376
-122.946,45.980,334.911,3746397
-123.147,45.779,334.776,3746418
-123.028,45.633,334.875,3746439
-123.436,45.706,334.603,3746460
-123.516,45.808,334.540,3746481
-123.945,45.912,334.240,3746502
-124.280,46.066,334.024,3746523
-124.487,46.252,333.903,3746544
-124.599,46.441,333.850,3746565
-124.898,46.346,333.684,3746586
-125.027,46.176,333.664,3746607
-124.877,46.177,333.842,3746628
-124.871,46.015,333.906,3746649
-124.748,46.167,334.056,3746670
-124.673,46.371,334.143,3746691
-124.876,46.653,334.016,3746712
-124.899,46.939,334.028,3746733
-125.170,47.165,333.861,3746754
-124.970,47.365,334.016,3746775
-125.226,47.478,333.839,3746796
-125.156,47.327,333.882,3746817
-125.122,47.166,333.863,3746838
-125.077,47.036,333.846,3746859
-124.981,46.829,333.914,3746880
-124.542,46.880,334.203,3746901
-124.114,46.871,334.476,3746922
-124.065,46.623,334.514,3746943
-123.675,46.606,334.813,3746964
-123.431,46.696,334.988,3746985
-123.494,46.527,334.968,3747006
-123.309,46.193,335.106,3747027
-123.214,45.847,335.176,3747048
-123.342,45.679,335.077,3747069
-123.134,45.723,335.217,3747090
-122.897,45.757,335.360,3747111
-122.734,45.833,335.451,3747132
-122.624,45.939,335.498,3747153
-122.389,45.956,335.624,3747174
-122.095,45.928,335.762,3747195
-121.888,45.622,335.816,3747216
-122.071,45.423,335.600,3747237
-122.162,45.181,335.425,3747258
-122.191,44.925,335.281,3747279
-122.119,44.717,335.153,3747300
-122.063,44.890,335.026,3747321
-122.320,45.151,334.641,3747342
-122.682,45.329,334.194,3747363
-122.653,45.498,333.999,3747384
-122.655,45.706,333.763,3747405
-123.065,45.773,333.197,3747426
-123.392,45.734,332.676,3747447
-123.345,45.648,332.407,3747468
-123.378,45.569,332.106,3747489
-123.344,45.539,331.850,3747510
-123.405,45.905,331.495,3747531
-123.610,46.288,331.039,3747552
-123.592,46.664,330.726,3747573
-123.732,47.081,330.306,3747594
-123.831,47.468,329.896,3747615
-123.750,47.432,329.600,3747636
-124.033,47.557,329.021,3747657
-124.185,47.567,328.547,3747678
-123.978,47.495,328.321,3747699
-123.784,47.780,328.104,3747720
-123.619,47.990,327.817,3747741
-123.383,48.204,327.604,3747762
-123.326,48.454,327.201,3747783
-123.055,48.561,326.958,3747804
-122.840,48.675,326.668,3747825
-122.820,48.414,326.192,3747846
-122.733,48.120,325.735,3747867
-122.632,47.840,325.270,3747888
-122.463,47.509,324.849,3747909
-122.385,47.258,324.329,3747930
-122.401,47.226,323.750,3747951
-122.446,47.179,323.136,3747972
-122.080,47.195,322.816,3747993
-122.106,47.144,322.207,3748014
-121.988,47.264,321.662,3748035
-121.971,47.071,321.056,3748056
-121.534,46.783,320.745,3748077
-121.280,46.467,320.304,3748098
-120.829,46.212,319.965,3748119
-120.680,45.910,319.396,3748140
-120.373,45.961,318.927,3748161
-120.149,46.079,318.370,3748182
-120.247,46.259,317.577,3748203
-120.073,46.396,316.964,3748224
-119.860,46.477,316.359,3748245
-120.023,46.367,315.486,3748266
-120.295,46.391,314.508,3748287
-120.318,46.204,313.712,3748308
-120.108,46.118,313.082,3748329
-119.924,46.033,312.409,3748350
-120.231,46.047,311.402,3748371
-120.370,46.296,310.497,3748392
-120.742,46.460,309.442,3748413
-121.173,46.624,308.325,3748434
-121.653,46.704,307.168,3748455
-121.995,46.560,306.138,3748476
-122.030,46.448,305.289,3748497
-122.322,46.279,304.242,3748518
-122.376,46.137,303.375,3748539
-122.369,46.161,302.521,3748560
-122.487,46.352,301.561,3748581
-122.757,46.616,300.515,3748602
-123.300,46.809,299.281,3748623
-123.906,46.893,297.983,3748644
-124.319,47.054,296.829,3748665
-124.973,47.045,295.489,3748686
-125.431,46.731,294.297,3748707
-125.673,46.327,293.270,3748729
-125.649,45.944,292.448,3748750
-125.613,45.847,291.647,3748771
-125.682,45.860,290.762,3748792
-125.969,45.666,289.724,3748813
-125.892,45.730,288.928,3748834
-125.708,45.387,288.205,3748855
-125.469,45.427,287.504,3748876
-125.510,45.225,286.598,3748897
-125.171,45.037,285.959,3748918
-125.018,44.829,285.189,3748939
-124.614,44.799,284.573,3748960
-124.587,45.034,283.679,3748981
-124.680,45.175,282.672,3749002
-124.772,45.177,281.629,3749023
-124.566,45.361,280.795,3749044
-124.255,45.482,279.997,3749065
-123.925,45.248,279.210,3749086
-123.806,44.999,278.240,3749107
-123.436,44.710,277.447,3749128
-122.993,44.472,276.667,3749149
-122.499,44.320,275.937,3749170
-122.148,44.017,275.052,3749191
-122.175,43.902,273.900,3749212
-122.160,43.967,272.763,3749233
-122.217,43.840,271.560,3749254
-122.321,43.831,270.283,3749275
-122.465,43.840,268.966,3749296
-122.389,43.492,267.798,3749317
-122.515,43.626,266.864,3749338
-122.655,43.591,265.900,3749359
-122.736,43.699,264.941,3749380
-122.835,43.890,263.966,3749401
-123.340,43.960,262.675,3749422
-123.613,43.749,261.554,3749443
-123.819,43.904,260.465,3749464
-124.064,44.013,259.340,3749485
-124.008,43.649,258.401,3749506
-123.987,43.229,257.424,3749527
-123.721,42.924,256.572,3749548
-123.503,42.803,255.672,3749569
-123.217,42.624,254.794,3749590
-122.872,42.365,253.933,3749611
-123.012,42.142,252.735,3749632
-123.185,41.899,251.513,3749653
-123.326,41.608,250.329,3749674
-123.477,41.395,249.145,3749695
-123.544,41.027,248.010,3749716
-123.228,40.899,247.112,3749737
-122.829,40.684,246.259,3749758
-122.477,40.326,245.412,3749779
-121.965,40.104,244.653,3749800
-121.554,40.133,243.822,3749821
-121.487,40.191,242.761,3749842
-121.365,40.053,241.749,3749863
-121.215,40.224,240.739,3749884
-121.097,40.252,239.706,3749905
-120.568,40.295,238.947,3749926
-120.467,40.415,237.912,3749947
-119.990,40.727,237.107,3749968
-119.602,41.159,236.274,3749989
-119.162,41.450,235.504,3750010
-119.105,42.065,234.494,3750031
-119.195,42.627,233.376,3750052
-119.148,42.854,232.377,3750073
-119.361,43.253,231.194,3750094
-119.410,43.484,230.085,3750115
-119.699,43.967,228.833,3750136
-119.571,44.284,227.832,3750157
-119.632,44.501,226.685,3750178
-119.648,44.795,225.569,3750199
-119.687,45.155,224.423,3750220
-120.031,45.645,223.040,3750241
-120.668,46.081,221.446,3750262
-121.439,46.355,219.760,3750283
-122.178,46.691,218.106,3750304
-122.960,46.980,216.404,3750325
-123.788,47.033,214.656,3750346
-124.109,47.203,213.307,3750367
-124.850,47.253,211.643,3750388
-125.033,47.264,210.386,3750409
-125.206,47.179,209.115,3750430
-125.774,47.079,207.571,3750451
-126.246,46.878,206.096,3750472
-126.662,46.636,204.681,3750493
-126.777,46.407,203.569,3750514
-126.445,46.302,202.912,3750535
-125.620,46.290,202.616,3750556
-124.836,46.369,202.298,3750577
-124.000,46.414,202.043,3750598
-123.116,46.426,201.824,3750619
-122.283,46.466,201.560,3750640
-121.471,46.528,201.280,3750661
-121.087,46.325,200.693,3750682
-120.828,46.249,200.021,3750703
-120.286,45.890,199.553,3750724
-120.176,45.789,198.751,3750745
-120.172,45.713,197.878,3750766
-119.749,45.580,197.288,3750787
-119.419,45.521,196.653,3750808
-119.099,45.439,195.999,3750829
-118.834,45.376,195.319,3750850
-118.633,45.372,194.581,3750871
-118.376,45.328,193.801,3750892
-118.204,45.498,192.937,3750913
-117.987,45.274,192.035,3750934
-117.622,45.071,191.215,3750955
-117.510,44.820,190.194,3750976
-117.238,44.646,189.219,3750997
-117.039,44.598,188.191,3751018
-117.078,44.757,186.920,3751039
-117.120,44.803,185.618,3751060
-117.126,44.877,184.240,3751081
-116.795,45.091,183.345,3751102
-116.477,45.289,183.246,3751123
-116.191,45.162,183.036,3751144
-116.331,45.260,182.462,3751165
-116.420,45.095,181.894,3751186
-116.451,44.910,181.326,3751207
-116.086,44.933,181.003,3751228
-115.848,44.958,180.995,3751249
-115.943,45.018,180.677,3751270
-115.826,45.192,180.453,3751291
-115.928,45.034,180.042,3751313
-116.140,44.993,179.501,3751334
-116.325,44.933,178.961,3751355
-116.493,44.787,178.415,3751376
-116.785,44.928,177.771,3751397
-116.703,44.927,177.571,3751418
-116.634,44.957,177.335,3751439
-116.615,45.117,177.082,3751460
-116.611,45.055,176.785,3751481
-116.855,44.895,176.295,3751502
-117.314,44.888,175.659,3751523
-117.743,44.881,175.067,3751544
-117.794,44.966,174.701,3751565
-118.291,45.150,174.002,3751586
-118.807,45.356,173.284,3751607
-118.798,45.515,172.931,3751628
-119.002,45.872,172.433,3751649
-119.114,46.175,171.983,3751670
-119.534,46.490,171.291,3751691
-120.055,46.664,170.510,3751712
-120.520,46.677,169.761,3751733
-120.867,46.569,169.063,3751754
-120.945,46.363,168.542,3751775
-121.205,46.157,167.934,3751796
-121.147,46.148,167.685,3751817
-121.034,46.148,167.431,3751838
-120.839,46.115,167.211,3751859
-120.553,46.134,167.023,3751880
-120.306,46.236,166.783,3751901
-120.360,46.182,166.482,3751922
-120.367,46.097,166.184,3751943
-120.336,45.991,165.852,3751964
-120.266,45.849,165.533,3751985
-120.061,45.615,165.261,3752006
-119.920,45.476,164.912,3752027
-119.322,45.452,164.867,3752048
-118.752,45.447,164.759,3752069
-118.190,45.474,164.599,3752090
-117.666,45.479,164.389,3752111
-117.342,45.616,164.032,3752132
-117.071,45.335,163.633,3752153
-116.872,45.048,163.141,3752174
-116.691,45.172,162.603,3752195
-116.322,44.897,162.203,3752216
-116.302,44.637,161.639,3752237
-116.180,44.740,161.192,3752258
-115.959,44.799,160.797,3752279
-116.053,44.952,160.176,3752300
-115.986,45.089,159.616,3752322
-116.360,45.061,158.765,3752343
-116.685,44.915,157.894,3752364
-116.776,44.852,157.184,3752385
-117.020,44.732,156.335,3752406
-117.147,44.668,155.580,3752427
-117.267,44.737,154.791,3752448
-117.496,44.975,153.925,3752469
-117.836,45.292,152.961,3752490
-118.366,45.352,151.857,3752511
-118.865,45.557,150.774,3752532
-119.385,45.644,149.672,3752553
-119.783,45.608,148.627,3752574
-120.233,45.705,147.546,3752595
-120.229,45.745,146.778,3752616
-120.723,46.044,145.635,3752637
-120.787,46.330,144.802,3752658
-120.945,46.259,143.893,3752680
-121.062,46.577,143.000,3752701
-121.081,46.800,142.179,3752722
-121.018,46.693,141.384,3752743
-121.084,46.495,140.532,3752764
-121.254,46.429,139.619,3752785
-121.022,46.191,138.957,3752806
-121.070,46.034,138.119,3752827
-120.718,46.098,137.544,3752848
-120.367,46.251,136.978,3752869
-120.378,46.340,136.153,3752890
-120.366,46.312,135.323,3752911
-120.022,46.546,134.743,3752932
-119.516,46.692,134.271,3752953
-119.288,46.490,133.609,3752974
-119.040,46.277,132.954,3752995
-118.498,46.250,132.515,3753016
-118.079,45.987,132.025,3753037
-117.787,46.131,131.451,3753058
-117.460,46.259,130.938,3753079
-117.251,46.413,130.348,3753100
-117.241,46.485,129.645,3753121
-117.141,46.665,129.018,3753142
-116.918,46.434,128.504,3753163
-116.837,46.203,127.914,3753184
-116.811,46.017,127.310,3753205
-116.587,45.851,126.853,3753226
-116.440,45.705,126.355,3753247
-116.666,45.780,125.632,3753268
-116.595,46.040,125.100,3753289
-116.597,46.363,124.536,3753310
-116.471,46.609,124.105,3753331
-116.631,46.938,123.456,3753352
-116.800,47.265,122.787,3753373
-116.820,47.152,122.268,3753394
-117.065,47.135,121.580,3753415
-116.987,47.074,121.116,3753436
-116.991,46.989,120.592,3753457
-117.242,47.347,119.920,3753478
-117.224,47.276,119.457,3753499
-117.373,47.604,118.844,3753520
-117.806,47.794,118.069,3753541
-118.261,47.848,117.275,3753562
-118.338,47.690,116.773,3753583
-118.291,47.597,116.350,3753604
-118.236,47.646,115.967,3753625
-118.137,47.619,115.606,3753646
-118.436,47.400,114.974,3753667
-118.765,47.194,114.293,3753688
-118.872,47.288,113.791,3753709
-118.879,47.350,113.389,3753730
-119.167,47.191,112.750,3753751
-119.385,46.977,112.196,3753772
-119.140,46.923,111.990,3753793
-119.140,46.626,111.621,3753814
-119.020,46.689,111.350,3753835
-118.982,46.322,111.032,3753856
-118.725,46.111,110.873,3753877
-118.979,46.024,110.322,3753898
-118.990,46.124,109.970,3753919
-119.185,46.194,109.479,3753940
-119.462,46.167,108.933,3753961
-119.636,46.267,108.478,3753982
-119.399,46.188,108.316,3754003
-119.937,46.464,108.127,3754024
-120.457,46.893,107.924,3754045
-120.595,46.975,108.011,3754066
-120.608,47.078,108.151,3754087
-120.661,47.161,108.225,3754108
-120.849,47.654,108.180,3754129
-120.858,48.054,108.303,3754150
-121.230,48.429,108.088,3754171
-121.448,48.846,107.968,3754192
-121.648,48.892,107.829,3754213
-121.370,48.930,108.055,3754234
-121.590,49.064,107.856,3754255
-121.277,49.041,108.020,3754276
-121.010,48.859,108.148,3754297
-120.625,48.709,108.330,3754318
-120.643,48.824,108.190,3754339
-120.736,48.826,107.999,3754360
-120.432,48.840,108.111,3754381
-120.458,48.554,107.948,3754402
-120.655,48.749,107.963,3754423
-120.423,48.552,108.266,3754444
-120.142,48.343,108.589,3754465
-119.871,48.224,108.888,3754486
-119.692,47.807,109.102,3754507
-119.835,47.794,109.064,3754528
-119.906,47.793,109.075,3754549
-120.188,47.722,108.933,3754570
-120.462,47.498,108.809,3754591
-120.730,47.268,108.644,3754612
-120.924,47.286,108.562,3754633
-120.648,47.011,108.827,3754654
-120.593,46.634,108.928,3754675
-120.480,46.266,109.065,3754696
-120.247,46.066,109.365,3754717
-119.991,45.902,109.671,3754738
-120.108,46.065,109.694,3754759
-120.324,46.056,109.619,3754780
-120.522,46.210,109.558,3754801
-120.640,46.439,109.543,3754822
-120.914,46.492,109.422,3754843
-120.823,46.337,109.561,3754864
-120.626,46.524,109.790,3754885
-120.367,46.549,110.079,3754906
-120.144,46.555,110.333,3754927
-120.021,46.482,110.521,3754948
-119.865,46.803,110.735,3754969
-119.903,47.166,110.809,3754990
-120.045,47.243,110.825,3755011
-120.255,47.393,110.766,3755032
-120.046,47.675,111.037,3755053
-119.721,47.842,111.402,3755074
-119.624,47.731,111.589,3755095
-119.417,48.002,111.877,3755116
-119.239,47.873,112.140,3755137
-118.882,47.831,112.507,3755158
-118.813,48.091,112.648,3755179
-118.950,48.226,112.624,3755200
-119.005,48.400,112.647,3755221
-119.150,48.561,112.586,3755242
-118.991,48.272,112.769,3755263
-118.691,48.053,113.034,3755284
-118.427,47.789,113.258,3755305
-118.168,47.505,113.443,3755326
-118.136,47.173,113.435,3755347
-118.481,47.062,113.347,3755368
-118.656,47.242,113.344,3755389
-118.954,47.440,113.257,3755410
-119.366,47.528,113.054,3755431
-119.590,47.706,112.967,3755452
-119.951,47.667,112.761,3755473
-120.268,47.823,112.564,3755494
-120.278,47.544,112.577,3755515
-120.369,47.276,112.522,3755536
-120.225,47.186,112.731,3755557
-120.151,46.989,112.866,3755578
-120.179,46.692,112.909,3755599
-120.400,46.848,112.788,3755620
-120.559,46.957,112.685,3755641
-120.717,47.078,112.585,3755662
-120.963,47.170,112.392,3755683
-120.825,46.881,112.480,3755704
-120.947,46.596,112.427,3755725
-120.836,46.650,112.533,3755746
-120.894,46.379,112.496,3755767
-120.895,46.128,112.493,3755788
-120.992,46.318,112.427,3755809
-121.062,46.528,112.371,3755830
-121.262,46.758,112.210,3755851
-121.390,46.587,112.073,3755872
-121.440,46.805,112.017,3755893
-121.339,46.997,112.063,3755914
-121.122,46.774,112.227,3755935
-121.089,46.592,112.252,3755956
-120.799,46.343,112.475,3755977
-120.460,46.131,112.745,3755998
-120.445,46.308,112.776,3756019
-120.539,46.424,112.718,3756040
-120.341,46.570,112.877,3756061
-120.367,46.737,112.859,3756082
-120.321,46.931,112.872,3756103
-120.014,46.762,113.046,3756124
-119.637,46.623,113.273,3756145
-119.351,46.760,113.444,3756166
-119.136,46.560,113.546,3756187
-118.903,46.401,113.657,3756208
-119.060,46.428,113.480,3756229
-119.153,46.712,113.318,3756250
-119.324,46.939,113.099,3756271
-119.243,47.285,113.176,3756292
-119.426,47.520,113.030,3756313
-119.123,47.528,113.252,3756334
-118.855,47.482,113.437,3756355
-118.835,47.344,113.405,3756376
-118.841,47.252,113.396,3756397
-118.762,47.092,113.469,3756418
-118.530,47.246,113.620,3756439
-118.467,47.502,113.657,3756460
-118.261,47.649,113.775,3756481
-118.408,47.833,113.610,3756502
-118.470,48.027,113.489,3756523
-118.506,48.215,113.400,3756544
-118.261,48.222,113.578,3756565
-118.426,48.109,113.409,3756586
-118.625,48.001,113.212,3756607
-118.655,47.846,113.211,3756628
-118.604,47.648,113.250,3756649
-118.692,47.844,113.171,3756670
-119.033,47.868,112.920,3756691
-119.190,48.031,112.821,3756712
-119.473,48.096,112.639,3756733
-119.383,47.853,112.738,3756754
-119.287,47.571,112.842,3756775
-119.377,47.220,112.787,3756796
-119.610,46.884,112.675,3756817
-119.607,46.538,112.712,3756838
-120.047,46.449,112.421,3756859
-120.469,46.510,112.150,3756880
-120.800,46.615,111.941,3756901
-121.075,46.754,111.758,3756922
-121.310,46.895,111.576,3756943
-121.270,46.857,111.565,3756964
-121.221,46.671,111.566,3756985
-121.256,46.721,111.499,3757006
-121.213,46.753,111.489,3757027
-121.349,46.463,111.316,3757048
-121.374,46.550,111.222,3757069
-121.608,46.326,110.966,3757090
-121.826,46.168,110.828,3757111
-122.227,46.264,110.524,3757132
-122.545,46.435,110.236,3757153
-122.789,46.704,109.976,3757174
-122.833,46.578,109.843,3757195
-122.823,46.474,109.778,3757216
-122.656,46.355,109.803,3757237
-122.330,46.496,109.944,3757258
-122.113,46.729,110.005,3757279
-121.856,46.591,110.121,3757300
-121.777,46.888,110.100,3757321
-121.605,47.141,110.146,3757342
-121.785,47.287,109.909,3757363
-121.840,47.207,109.780,3757384
-121.526,47.107,109.909,3757405
-121.136,47.031,110.073,3757426
-120.849,46.856,110.146,3757447
-120.789,46.635,110.056,3757468
-120.470,46.676,110.141,3757489
-120.484,46.880,109.990,3757510
-120.457,47.020,109.857,3757531
-120.601,47.142,109.589,3757552
-120.560,47.269,109.444,3757573
-120.598,47.371,109.295,3757594
-120.454,47.049,109.265,3757615
-120.167,46.815,109.336,3757636
-119.945,46.860,109.409,3757657
-119.826,46.541,109.382,3757678
-119.983,46.335,109.196,3757699
-120.212,46.220,108.948,3757720
-120.265,46.395,108.874,3757741
-120.344,46.562,108.783,3757762
-120.515,46.724,108.603,3757783
-120.795,46.899,108.329,3757804
-120.691,46.711,108.330,3757825
-120.419,46.566,108.465,3757846
-120.144,46.484,108.584,3757867
-120.021,46.263,108.561,3757888
-120.024,46.051,108.416,3757909
-120.238,46.147,108.122,3757930
-120.097,46.303,108.071,3757951
-120.289,46.336,107.772,3757972
-120.508,46.418,107.432,3757993
-120.712,46.522,107.095,3758014
-120.843,46.791,106.984,3758035
-120.955,46.634,106.858,3758056
-121.214,46.531,106.608,3758077
-121.171,46.387,106.565,3758098
-121.055,46.291,106.545,3758119
-121.122,46.557,106.414,3758140
-121.306,46.832,106.167,3758161
-121.596,46.932,105.836,3758182
-121.635,47.177,105.647,3758203
-121.743,47.433,105.460,3758224
-121.499,47.381,105.572,3758245
-121.427,47.204,105.557,3758266
-121.199,47.384,105.718,3758287
-120.977,47.324,105.873,3758308
-120.791,47.246,105.956,3758329
-120.939,47.505,105.818,3758350
-121.162,47.677,105.626,3758371
-121.399,47.794,105.454,3758392
-121.565,47.683,105.308,3758413
-121.752,47.638,105.137,3758434
-121.508,47.400,105.310,3758455
-121.253,47.185,105.485,3758476
-121.027,47.014,105.631,3758497
-120.820,46.796,105.774,3758518
-120.636,46.595,105.896,3758539
-120.823,46.687,105.741,3758560
-121.109,46.710,105.519,3758581
-121.179,46.770,105.442,3758602
-121.459,46.585,105.211,3758623
-121.757,46.559,104.996,3758644
-121.553,46.520,105.143,3758665
-121.673,46.254,105.096,3758686
-121.583,45.940,105.186,3758707
-121.476,45.698,105.309,3758728
-121.361,45.468,105.446,3758749
-121.414,45.713,105.457,3758770
-121.571,45.950,105.412,3758791
-121.393,46.100,105.593,3758812
-121.251,45.958,105.729,3758833
-121.343,46.211,105.706,3758854
-121.028,46.127,105.961,3758875
-120.986,46.007,106.018,3758896
-120.734,46.241,106.222,3758917
-120.500,46.461,106.434,3758938
-120.156,46.296,106.716,3758959
-120.178,46.530,106.739,3758980
-120.021,46.758,106.914,3759001
-120.132,47.000,106.887,3759022
-120.208,47.211,106.934,3759043
-120.000,47.115,107.173,3759064
-119.901,46.968,107.348,3759085
-119.879,46.871,107.452,3759106
-119.753,46.745,107.651,3759127
-119.570,46.638,107.896,3759148
-119.282,46.763,108.208,3759169
-119.319,47.081,108.306,3759190
-119.482,47.303,108.305,3759211
-119.618,47.569,108.354,3759232
-119.816,47.749,108.363,3759253
-119.992,47.892,108.388,3759274
-119.796,48.085,108.698,3759295
-119.517,47.936,109.076,3759316
-119.602,47.780,109.180,3759337
-119.381,47.638,109.537,3759358
-119.182,47.497,109.881,3759379
-119.360,47.452,109.932,3759400
-119.509,47.664,110.007,3759421
-119.682,47.816,110.055,3759442
-119.653,48.013,110.242,3759463
-119.765,48.142,110.335,3759484
-119.619,47.840,110.596,3759505
-119.282,47.686,111.039,3759526
-119.063,47.731,111.399,3759547
-118.727,47.504,111.831,3759568
-118.490,47.145,112.184,3759589
-118.162,46.970,112.571,3759610
-118.210,47.078,112.676,3759631
-118.449,47.021,112.619,3759652
-118.667,47.097,112.589,3759673
-118.953,47.169,112.503,3759694
-118.859,47.195,112.701,3759715
-118.941,46.869,112.770,3759736
-118.885,46.557,112.940,3759757
-119.249,46.468,112.799,3759778
-119.298,46.162,112.859,3759799
-119.233,45.909,113.034,3759820
-119.531,46.056,112.918,3759841
-119.707,46.281,112.888,3759862
-119.968,46.487,112.808,3759883
-120.293,46.571,112.666,3759904
-120.073,46.614,112.941,3759925
-119.964,46.482,113.141,3759946
-120.251,46.540,113.070,3759967
-120.089,46.471,113.319,3759988
-119.956,46.440,113.556,3760009
-119.805,46.389,113.782,3760030
-119.923,46.762,113.825,3760051
-120.039,47.126,113.851,3760072
-120.269,47.433,113.795,3760093
-120.022,47.418,113.912,3760115
-119.787,47.352,114.028,3760136
-119.985,47.419,113.830,3760157
-119.635,47.489,114.028,3760178
-119.396,47.673,114.143,3760199
-119.559,47.886,113.972,3760220
-119.756,48.076,113.788,3760241
-119.917,48.275,113.640,3760262
-120.172,48.438,113.453,3760283
-120.455,48.612,113.245,3760304
-120.317,48.404,113.367,3760325
-120.276,48.140,113.375,3760346
-120.501,47.905,113.144,3760367
-120.271,47.756,113.238,3760388
-120.126,47.399,113.244,3760409
-119.902,47.149,113.309,3760430
-120.186,46.981,113.010,3760451
-120.375,47.004,112.789,3760472
-120.706,46.940,112.502,3760493
-120.715,46.533,112.441,3760514
-120.815,46.580,112.347,3760535
-120.613,46.477,112.496,3760556
-120.705,46.139,112.408,3760577
-120.981,46.159,112.180,3760598
-120.806,45.944,112.272,3760619
-121.121,45.907,112.033,3760640
-121.270,46.101,111.891,3760661
-121.310,46.318,111.845,3760682
-121.560,46.441,111.618,3760703
-121.513,46.682,111.606,3760724
-121.550,46.961,111.511,3760745
-121.398,46.831,111.548,3760766
-121.082,46.835,111.687,3760787
-120.738,46.790,111.874,3760808
-120.456,46.686,112.024,3760829
-120.076,46.632,112.246,3760850
-119.665,46.872,112.477,3760871
-119.479,47.223,112.561,3760892
-119.524,47.361,112.471,3760913
-119.599,47.544,112.370,3760934
-119.275,47.842,112.578,3760955
-118.860,47.893,112.846,3760976
-118.633,47.744,112.947,3760997
-118.171,47.730,113.207,3761018
-118.137,47.604,113.111,3761039
-117.818,47.718,113.187,3761060
-117.915,47.846,112.955,3761081
-117.841,48.032,112.861,3761102
-117.997,48.015,112.573,3761123
-118.187,48.021,112.256,3761144
-118.296,47.798,112.037,3761165
-118.090,47.447,112.027,3761186
-118.057,47.074,111.843,3761207
-118.279,47.045,111.487,3761228
-118.176,46.672,111.355,3761249
-118.377,46.683,111.000,3761270
-118.626,46.729,110.598,3761291
-118.843,46.794,110.186,3761312
-119.094,46.905,109.744,3761333
-119.524,46.843,109.160,3761354
-119.701,46.990,108.727,3761375
-119.807,46.752,108.332,3761396
-119.980,46.556,107.889,3761417
-119.995,46.483,107.557,3761438
-120.047,46.338,107.179,3761459
-120.056,46.223,106.806,3761480
-120.404,46.466,106.218,3761501
-120.748,46.436,105.619,3761522
-121.117,46.436,104.981,3761543
-121.289,46.701,104.472,3761564
-121.283,46.546,104.125,3761585
-121.102,46.619,103.918,3761606
-120.880,46.647,103.774,3761627
-120.686,46.707,103.615,3761648
-120.580,46.557,103.403,3761669
-120.549,46.791,103.148,3761690
-120.686,47.056,102.770,3761711
-120.996,47.190,102.270,3761732
-121.266,47.230,101.827,3761753
-121.502,47.186,101.402,3761774
-121.788,47.225,100.935,3761795
-121.614,47.033,100.796,3761816
-121.889,47.370,100.689,3761837
-121.864,47.349,100.722,3761858
-122.019,47.266,100.602,3761879
-121.885,47.236,100.695,3761900
-122.127,47.526,100.515,3761921
-122.414,47.641,100.264,3761942
-122.198,47.768,100.393,3761963
-122.380,47.936,100.227,3761984
-122.460,48.106,100.111,3762005
-122.206,47.839,100.248,3762026
-121.917,47.577,100.381,3762047
-121.772,47.644,100.421,3762068
-121.513,47.300,100.530,3762089
-121.183,46.939,100.671,3762110
-121.168,46.746,100.816,3762131
-121.315,46.899,100.754,3762152
-121.545,46.968,100.635,3762173
-121.459,47.078,100.727,3762194
-121.603,46.910,100.664,3762215
-121.251,46.880,100.940,3762236
-121.072,46.623,101.085,3762257
-120.841,46.735,101.271,3762278
-120.395,46.644,101.597,3762299
-120.300,46.422,101.668,3762320
-120.325,46.418,101.679,3762341
-120.336,46.526,101.676,3762362
-120.393,46.632,101.651,3762383
-120.098,46.743,101.999,3762404
-120.319,46.934,102.009,3762425
-120.072,46.892,102.338,3762446
-119.919,46.811,102.600,3762467
-120.066,47.145,102.596,3762488
-120.040,47.034,102.721,3762509
-119.889,46.947,102.918,3762530
-119.816,47.226,103.039,3762551
-120.079,47.441,102.897,3762572
-120.248,47.708,102.823,3762593
-120.329,47.987,102.798,3762614
-120.230,48.253,102.901,3762635
-120.245,48.107,102.935,3762656
-120.095,48.112,103.218,3762677
-120.101,48.045,103.391,3762698
-119.926,48.129,103.646,3762719
-119.885,48.015,103.825,3762740
-119.947,48.296,103.902,3762761
-120.187,48.519,103.832,3762782
-120.370,48.721,103.798,3762803
-120.665,48.734,103.652,3762824
-120.619,48.825,103.766,3762845
-120.676,48.534,103.921,3762866
-120.633,48.220,104.150,3762887
-120.617,48.270,104.338,3762908
-120.611,47.867,104.520,3762929
-120.734,47.500,104.591,3762950
-120.609,47.390,104.821,3762971
-120.818,47.363,104.793,3762992
-121.126,47.028,104.677,3763013
-121.466,46.904,104.538,3763034
-121.481,46.489,104.685,3763055
-121.826,46.403,104.567,3763076
-121.668,46.268,104.811,3763097
-121.593,45.874,104.987,3763118
-121.392,45.567,105.272,3763139
-121.213,45.275,105.556,3763160
-121.103,45.382,105.761,3763181
-121.264,45.508,105.776,3763202
-121.275,45.713,105.892,3763223
-121.264,45.957,106.022,3763244
-121.389,46.095,106.037,3763265
-121.511,46.257,106.035,3763286
-121.110,46.291,106.417,3763307
-121.034,46.224,106.540,3763328
-120.604,46.193,106.918,3763349
-120.164,46.198,107.312,3763370
-119.792,46.482,107.664,3763391
-119.617,46.859,107.864,3763412
-119.614,47.202,107.955,3763433
-119.420,47.585,108.180,3763454
-119.456,47.902,108.228,3763475
-119.047,47.922,108.595,3763496
-118.810,47.866,108.843,3763517
-118.410,47.945,109.230,3763538
-118.097,47.886,109.537,3763559
-118.029,47.798,109.651,3763580
-118.251,48.049,109.538,3763601
-118.414,48.311,109.455,3763622
-118.288,48.510,109.586,3763643
-118.548,48.654,109.403,3763664
-118.597,48.822,109.389,3763685
-118.916,48.764,109.148,3763706
-118.994,48.427,109.088,3763727
-118.949,47.998,109.098,3763748
-118.793,47.702,109.197,3763769
-118.860,47.242,109.128,3763790
-118.850,47.091,109.115,3763811
-119.128,47.025,108.867,3763832
-119.616,46.796,108.465,3763853
-120.088,46.505,108.075,3763874
-120.298,46.490,107.848,3763895
-120.260,46.176,107.788,3763916
-120.436,45.753,107.548,3763937
-120.615,45.783,107.287,3763958
-120.521,45.460,107.230,3763979
-120.725,45.130,106.931,3764000
-120.548,45.001,106.906,3764021
-120.501,45.099,106.760,3764042
-120.590,45.247,106.519,3764063
-120.856,45.228,106.140,3764084
-121.113,45.166,105.781,3764105
-121.264,44.974,105.481,3764126
-121.068,44.959,105.393,3764147
-121.203,44.811,105.086,3764168
-121.006,44.798,105.010,3764189
-121.081,44.644,104.722,3764210
-121.335,44.730,104.291,3764231
-121.410,45.022,103.972,3764252
-121.596,45.302,103.570,3764273
-121.409,45.603,103.394,3764294
-121.506,45.976,103.034,3764315
-121.647,46.102,102.650,3764336
-121.313,46.237,102.635,3764357
-121.398,46.705,102.340,3764378
-121.019,46.933,102.384,3764399
-120.570,47.094,102.490,3764420
-120.113,47.460,102.621,3764441
-119.990,47.592,102.516,3764462
-119.494,47.937,102.701,3764483
-119.254,48.367,102.701,3764504
-119.202,48.644,102.576,3764525
-118.825,48.556,102.672,3764546
-118.273,48.480,102.898,3764567
-117.834,48.654,103.038,3764588
-117.518,48.846,103.078,3764609
-117.228,48.581,103.091,3764630
-116.773,48.473,103.225,3764651
-116.891,48.483,102.913,3764672
-116.826,48.581,102.748,3764693
-117.009,48.415,102.341,3764714
-117.259,48.224,101.871,3764735
-117.570,48.078,101.352,3764756
-117.464,47.679,101.135,3764777
-117.551,47.241,100.761,3764798
-117.720,46.810,100.329,3764819
-117.766,46.419,99.980,3764840
-118.262,46.300,99.272,3764861
-118.753,46.224,98.563,3764882
-119.274,46.120,97.813,3764903
-119.670,46.113,97.161,3764924
-120.232,45.813,96.357,3764945
-120.327,45.632,95.876,3764966
-120.446,45.257,95.376,3764987
-120.579,44.902,94.875,3765008
-120.763,44.955,94.337,3765029
-121.153,44.663,93.639,3765050
-121.491,44.786,92.982,3765071
-121.829,44.923,92.316,3765092
-122.283,45.059,91.534,3765113
-122.668,44.985,90.800,3765134
-123.089,44.962,90.063,3765155
-123.287,44.778,89.449,3765176
-123.122,44.690,89.080,3765197
-123.419,44.764,88.410,3765218
-123.189,44.822,88.091,3765239
-122.939,44.900,87.786,3765260
-122.690,45.049,87.455,3765281
-122.577,45.385,87.027,3765302
-122.738,45.705,86.415,3765323
-122.622,46.005,85.995,3765344
-122.588,46.325,85.507,3765365
-122.577,46.248,85.004,3765386
-122.189,46.210,84.771,3765407
-121.858,46.105,84.529,3765428
-121.537,46.288,84.275,3765449
-121.265,46.140,83.975,3765470
-121.188,46.001,83.536,3765491
-121.076,46.269,83.137,3765512
-121.175,46.416,82.581,3765533
-121.109,46.310,82.134,3765554
-121.243,46.354,81.513,3765575
-121.165,46.617,81.053,3765596
-120.884,46.448,80.744,3765617
-120.551,46.272,80.468,3765638
-120.191,46.460,80.200,3765659
-119.769,46.360,80.004,3765680
-119.355,46.308,79.773,3765701
-119.416,46.511,79.191,3765722
-119.500,46.692,78.596,3765743
-119.520,46.905,78.025,3765764
-119.755,46.907,77.264,3765785
-120.005,46.825,76.483,3765806
-119.757,46.776,76.079,3765827
-119.993,46.629,75.318,3765848
-119.865,46.518,74.810,3765869
-119.778,46.427,74.257,3765890
-119.849,46.572,73.557,3765911
-120.005,46.759,72.771,3765932
-120.155,46.914,71.978,3765953
-120.551,46.825,70.979,3765974
-120.967,46.890,69.943,3765995
-121.254,47.093,68.977,3766016
-121.176,46.921,68.258,3766037
-121.158,46.702,67.493,3766058
-121.348,46.518,66.556,3766079
-121.221,46.405,65.852,3766100
-121.061,46.363,65.176,3766121
-121.360,46.307,64.139,3766142
-121.664,46.434,63.088,3766163
-121.967,46.603,62.001,3766184
-122.288,46.683,60.894,3766205
-122.557,46.650,59.811,3766226
-122.335,46.731,59.089,3766247
-122.193,46.936,58.288,3766268
-121.992,47.106,57.524,3766289
-121.717,47.118,56.818,3766310
-121.380,47.134,56.137,3766331
-121.162,47.305,55.358,3766352
-121.254,47.537,54.337,3766373
-121.239,47.378,53.409,3766394
-121.322,47.337,52.379,3766415
-121.471,47.516,51.293,3766436
-121.170,47.346,50.525,3766457
-120.869,47.165,49.770,3766478
-120.640,46.950,48.971,3766499
-120.345,46.960,48.204,3766520
-120.068,46.816,47.446,3766541
-120.102,47.026,46.454,3766562
-120.337,47.184,45.322,3766583
-120.570,47.080,44.196,3766604
-119.641,47.015,44.203,3766625
-119.126,46.779,43.886,3766646
-118.845,46.825,43.397,3766667
-118.702,46.826,42.805,3766688
-118.272,46.925,42.444,3766709
-117.850,46.847,42.047,3766730
-118.036,46.815,41.230,3766751
-118.205,47.020,40.407,3766772
-118.413,46.822,39.544,3766793
-118.570,46.579,38.701,3766814
-118.527,46.424,38.028,3766835
-118.220,46.459,37.591,3766856
-118.008,46.460,37.097,3766877
-117.890,46.606,36.526,3766898
-118.388,46.800,35.538,3766919
-118.711,47.176,34.708,3766940
-119.337,47.298,33.643,3766961
-120.031,47.404,32.552,3766982
-120.799,47.627,31.404,3767003
-121.588,47.614,30.270,3767024
-122.395,47.819,29.126,3767045
-122.913,47.850,28.217,3767066
-123.058,47.993,27.566,3767087
-123.181,48.061,26.933,3767108
-123.490,48.219,26.155,3767129
-123.595,48.205,25.548,3767150
-123.689,47.925,24.970,3767171
-124.272,47.889,24.038,3767192
-124.732,47.685,23.194,3767213
-124.856,47.350,22.635,3767234
-125.243,47.177,21.870,3767255
-125.200,46.867,21.459,3767276
-125.085,46.860,21.102,3767297
-125.089,46.893,20.675,3767318
-125.472,46.974,20.000,3767339
-125.394,46.802,19.671,3767360
-125.808,46.853,19.031,3767381
-125.989,47.030,18.587,3767402
-126.434,46.989,17.975,3767423
-126.864,46.997,17.400,3767444
-126.955,46.802,17.102,3767465
-126.954,46.609,16.888,3767486
-127.012,46.800,16.631,3767507
-126.878,46.878,16.546,3767528
-126.743,46.999,16.459,3767549
-126.569,47.141,16.410,3767570
-126.372,47.264,16.417,3767591
-126.523,47.583,16.196,3767612
-126.768,47.793,15.940,3767633
-126.879,47.838,15.786,3767654
-127.085,47.963,15.570,3767675
-127.227,47.996,15.426,3767696
-127.471,48.205,15.211,3767717
-127.252,48.385,15.377,3767738
-127.005,48.269,15.558,3767759
-127.009,48.527,15.564,3767780
-126.684,48.881,15.711,3767801
-126.185,49.061,15.999,3767822
-126.093,49.003,16.018,3767843
-126.097,49.011,15.984,3767864
-126.037,48.892,15.995,3767885
-125.661,48.672,16.281,3767906
-125.284,48.649,16.582,3767927
-125.078,48.706,16.742,3767948
-124.805,48.650,16.952,3767969
-124.577,48.561,17.118,3767990
-124.319,48.445,17.290,3768011
-124.074,48.281,17.444,3768032
-124.411,48.068,17.199,3768053
-124.721,47.790,16.962,3768074
-124.903,47.443,16.855,3768095
-124.931,47.525,16.824,3768116
-124.724,47.323,16.994,3768137
-124.746,46.947,16.970,3768158
-124.798,46.983,16.915,3768179
-124.707,46.988,16.964,3768200
-124.617,47.011,16.981,3768221
-124.379,46.733,17.114,3768242
-124.673,46.654,16.847,3768263
-124.890,46.365,16.628,3768284
-125.047,46.043,16.469,3768305
-125.305,45.883,16.235,3768326
-125.467,45.989,16.069,3768347
-125.681,46.085,15.851,3768368
-125.750,45.840,15.777,3768389
-125.654,45.984,15.817,3768410
-125.551,46.114,15.832,3768431
-125.884,46.196,15.514,3768452
-126.164,46.244,15.244,3768473
-126.435,46.275,15.020,3768494
-126.395,46.217,15.013,3768515
-126.519,46.182,14.868,3768536
-126.658,46.587,14.705,3768557
-126.452,46.802,14.769,3768578
-126.313,47.102,14.795,3768599
-126.125,47.340,14.843,3768620
-125.885,47.513,14.922,3768641
-126.014,47.845,14.727,3768662
-126.126,47.832,14.535,3768683
-125.990,47.710,14.546,3768704
-126.177,47.968,14.280,3768725
-126.092,47.868,14.222,3768746
-125.965,47.766,14.179,3768767
-125.809,48.040,14.181,3768788
-125.528,48.206,14.247,3768809
-125.165,48.384,14.334,3768830
-124.788,48.620,14.362,3768851
-124.782,48.827,14.079,3768872
-124.836,48.779,13.781,3768893
-124.819,48.552,13.529,3768914
-124.937,48.348,13.143,3768935
-124.899,47.976,12.883,3768956
-125.002,47.631,12.496,3768977
-124.757,47.479,12.380,3768998
-124.406,47.365,12.290,3769019
-124.181,47.289,12.093,3769040
-123.949,47.153,11.902,3769061
-124.072,47.174,11.437,3769082
-124.242,46.778,10.951,3769103
-124.360,46.508,10.417,3769124
-124.509,46.248,9.891,3769145
-124.786,46.040,9.244,3769166
-124.999,45.928,8.601,3769187
-124.857,45.954,8.195,3769208
-124.743,45.976,7.775,3769229
-124.623,45.939,7.342,3769250
-124.568,45.939,6.872,3769271
-124.989,45.964,6.038,3769292
-124.877,45.953,5.617,3769313
-125.277,46.193,4.826,3769334
-125.546,46.099,4.166,3769355
-125.664,45.977,3.612,3769376
-125.592,46.268,3.123,3769397
-125.624,46.598,2.580,3769418
-125.853,46.957,1.864,3769439
-126.252,47.264,1.028,3769460
-126.269,47.226,0.465,3769481
-126.682,47.092,0.098,3769502
-127.248,47.298,359.619,3769523
-127.688,47.147,359.197,3769544
-127.981,46.916,358.862,3769565
-128.394,46.766,358.422,3769586
-128.772,46.938,358.019,3769607
-128.767,47.010,357.888,3769628
-128.682,47.059,357.822,3769649
-128.618,47.181,357.741,3769670
-128.347,47.239,357.862,3769691
-128.024,47.343,357.994,3769712
-127.971,47.226,357.914,3769733
-127.819,47.094,357.952,3769754
-127.328,46.961,358.224,3769775
-127.026,46.827,358.376,3769796
-126.616,46.647,358.577,3769817
-125.988,46.671,358.949,3769838
-125.423,46.831,359.294,3769859
-125.030,47.066,359.485,3769880
-124.475,47.211,359.764,3769901
-123.958,47.380,0.028,3769922
-123.821,47.359,359.971,3769943
-123.607,47.145,0.140,3769964
-123.485,47.023,0.221,3769985
-123.389,46.879,0.268,3770006
-123.068,47.014,0.458,3770027
-122.694,47.083,0.678,3770048
-122.231,47.054,0.964,3770069
-122.158,46.822,0.967,3770090
-121.889,46.900,1.056,3770111
-122.041,46.845,0.802,3770132
-121.869,46.511,0.832,3770153
-121.870,46.225,0.714,3770174
-122.030,46.031,0.472,3770195
-121.831,45.945,0.485,3770216
-122.200,46.011,0.088,3770237
-122.636,46.092,359.787,3770258
-122.661,46.275,359.798,3770279
-122.774,46.529,359.705,3770300
-122.772,46.701,359.723,3770321
-122.826,46.897,359.699,3770342
-122.796,46.888,359.730,3770363
-123.264,46.830,359.397,3770384
-123.747,46.741,359.045,3770405
-124.191,46.533,358.725,3770426
-124.372,46.255,358.585,3770447
-124.581,46.348,358.401,3770468
-124.883,46.471,358.150,3770489
-124.896,46.392,358.081,3770510
-124.977,46.486,357.968,3770531
-124.903,46.482,357.944,3770552
-125.295,46.536,357.573,3770573
-125.511,46.351,357.343,3770594
-125.780,46.257,357.068,3770615
-125.922,46.103,356.871,3770636
-125.970,46.357,356.776,3770657
-126.134,46.248,356.590,3770678
-125.964,46.406,356.629,3770699
-125.754,46.556,356.670,3770720
-125.536,46.709,356.715,3770741
-125.180,46.744,356.828,3770762
-125.193,46.580,356.646,3770783
-125.268,46.549,356.399,3770804
-125.220,46.378,356.225,3770825
-125.176,46.210,356.041,3770846
-124.669,46.175,356.174,3770867
-124.530,45.935,356.040,3770888
-124.063,45.977,356.121,3770909
-123.580,45.994,356.225,3770930
-123.214,46.063,356.238,3770951
-122.916,46.199,356.175,3770972
-122.510,45.982,356.174,3770993
-122.388,45.751,355.946,3771014
-122.006,45.561,355.878,3771035
-121.971,45.376,355.574,3771056
-122.117,45.429,355.117,3771077
-121.884,45.614,354.932,3771098
-121.813,45.846,354.613,3771119
-121.620,46.041,354.373,3771140
-121.492,45.911,354.065,3771161
-121.530,45.768,353.618,3771182
-121.866,45.932,352.949,3771203
-121.710,45.909,352.648,3771224
-121.994,45.878,352.021,3771245
-122.360,45.920,351.296,3771266
-122.769,45.952,350.542,3771287
-122.785,46.178,350.061,3771308
-123.101,46.474,349.344,3771329
-123.151,46.735,348.800,3771350
-123.221,47.003,348.249,3771371
-123.559,47.267,347.469,3771392
-123.878,47.237,346.703,3771413
-124.093,47.056,346.227,3771434
-124.246,46.879,345.754,3771455
-124.290,46.696,345.362,3771476
-124.141,46.646,345.091,3771497
-124.393,46.895,344.521,3771518
-124.240,47.104,344.214,3771539
-124.369,47.289,343.872,3771560
-124.319,47.430,343.654,3771581
-124.408,47.571,343.320,3771602
-124.117,47.312,343.306,3771623
-124.088,46.972,343.102,3771644
-123.858,46.983,343.098,3771665
-123.666,46.583,343.070,3771686
-123.583,46.242,342.999,3771707
-123.226,46.256,343.118,3771728
-122.866,46.243,343.262,3771749
-122.498,46.275,343.412,3771770
-121.942,46.150,343.715,3771791
-121.793,46.249,343.723,3771812
-121.472,46.382,343.894,3771833
-121.259,46.180,343.982,3771854
-121.059,45.991,344.070,3771875
-120.891,45.845,344.126,3771896
-120.725,45.705,344.203,3771917
-120.775,45.791,344.114,3771938
-120.521,46.046,344.232,3771959
-120.235,46.283,344.389,3771980
-119.969,46.455,344.545,3772001
-120.154,46.453,344.385,3772022
-120.226,46.300,344.323,3772043
-120.163,46.490,344.385,3772064
-120.144,46.310,344.394,3772085
-120.221,46.105,344.332,3772106
-120.256,45.833,344.296,3772127
-120.179,45.902,344.335,3772148
-120.396,46.073,344.111,3772169
-120.686,45.999,343.874,3772190
-120.719,46.135,343.786,3772211
-120.840,46.286,343.646,3772232
-121.161,46.278,343.384,3772253
-121.124,46.379,343.399,3772274
-121.305,46.566,343.276,3772295
-121.455,46.361,343.150,3772316
-121.631,46.169,343.022,3772337
-121.568,46.106,343.056,3772358
-121.516,46.183,343.072,3772379
-121.704,45.992,342.922,3772400
-121.835,46.212,342.798,3772421
-121.862,46.357,342.768,3772442
-122.189,46.569,342.498,3772463
-122.469,46.419,342.275,3772484
-122.674,46.191,342.091,3772505
-122.534,46.156,342.163,3772526
-122.607,45.920,342.085,3772547
-122.704,46.096,341.955,3772568
-122.593,46.194,341.995,3772589
-122.769,46.348,341.811,3772610
-122.919,46.461,341.639,3772631
-122.758,46.588,341.703,3772652
-122.787,46.754,341.617,3772673
-122.815,46.538,341.504,3772694
-122.488,46.525,341.627,3772715
-122.317,46.245,341.648,3772736
-122.280,45.999,341.578,3772757
-122.300,45.773,341.499,3772778
-122.129,45.943,341.535,3772799
-122.282,45.912,341.359,3772820
-122.241,46.095,341.341,3772841
-121.940,45.961,341.512,3772862
-121.642,46.072,341.683,3772883
-121.327,46.171,341.850,3772904
-121.022,46.104,342.034,3772925
-120.909,45.956,342.075,3772947
-120.688,46.130,342.171,3772968
-120.859,46.124,341.979,3772989
-121.089,46.261,341.728,3773010
-121.293,46.442,341.454,3773031
-121.181,46.233,341.396,3773052
-121.388,46.288,341.096,3773073
-121.465,46.094,340.873,3773094
-121.556,45.942,340.623,3773115
-121.684,45.836,340.351,3773136
-121.978,45.876,339.981,3773157
-121.853,46.044,339.923,3773178
-121.786,46.278,339.834,3773199
-121.634,46.355,339.828,3773220
-121.612,46.586,339.723,3773241
-121.634,46.844,339.554,3773262
-121.604,46.713,339.423,3773283
-121.847,46.579,339.094,3773304
-122.138,46.437,338.717,3773325
-122.378,46.302,338.374,3773346
-122.747,46.549,337.907,3773367
-122.953,46.417,337.556,3773388
-122.957,46.680,337.344,3773409
-123.130,46.939,337.009,3773430
-123.055,47.067,336.829,3773451
-122.870,47.098,336.732,3773472
-122.779,46.799,336.541,3773493
-122.788,46.530,336.236,3773514
-122.369,46.411,336.243,3773535
-122.356,46.521,335.925,3773556
-122.184,46.245,335.726,3773577
-122.159,46.371,335.401,3773598
-121.714,46.379,335.359,3773619
-121.300,46.446,335.279,3773640
-121.061,46.503,335.103,3773661
-120.777,46.222,334.966,3773682
-120.647,45.972,334.708,3773703
-120.621,45.800,334.364,3773724
-120.275,45.743,334.237,3773745
-120.185,46.031,333.917,3773766
-119.987,46.213,333.703,3773787
-120.117,46.234,333.250,3773808
-120.227,46.210,332.800,3773829
-120.327,46.301,332.353,3773850
-120.380,46.430,331.936,3773871
-120.260,46.650,331.645,3773892
-120.117,46.387,331.393,3773913
-119.763,46.483,331.276,3773934
-119.594,46.264,331.045,3773955
-119.261,46.166,330.889,3773976
-119.256,46.046,330.500,3773997
-119.432,46.302,329.979,3774018
-119.351,46.603,329.617,3774039
-119.193,46.834,329.287,3774060
-119.107,47.069,328.922,3774081
-119.504,47.238,328.205,3774102
-119.591,47.114,327.724,3774123
-119.872,46.983,327.113,3774144
-120.175,46.813,326.478,3774165
-120.323,46.575,325.962,3774186
-120.296,46.420,325.559,3774207
-120.255,46.416,325.175,3774228
-120.619,46.504,324.497,3774249
-120.972,46.209,323.804,3774270
-121.133,46.172,323.212,3774291
-121.349,46.107,322.579,3774312
-121.418,46.022,322.071,3774333
-121.595,45.553,321.465,3774355
-121.447,45.251,321.091,3774376
-121.454,44.771,320.580,3774397
-121.418,44.709,320.099,3774418
-121.686,44.396,319.373,3774439
-121.488,44.125,318.953,3774460
-121.722,44.057,318.226,3774481
-121.996,43.897,317.474,3774502
-121.758,43.698,317.035,3774523
-121.904,43.685,316.351,3774544
-121.825,43.271,315.766,3774565
-121.739,42.895,315.204,3774586
-121.420,42.698,314.803,3774607
-121.239,42.836,314.273,3774628
-121.410,42.958,313.526,3774649
-121.598,43.001,312.775,3774670
-121.764,43.323,312.017,3774691
-121.763,43.746,311.403,3774712
-121.803,43.766,310.751,3774733
-121.905,43.833,310.046,3774754
-121.744,44.150,309.529,3774775
-121.632,44.530,308.958,3774796
-121.847,44.648,308.157,3774817
-122.239,44.994,307.206,3774838
-122.331,45.432,306.447,3774859
-122.688,45.814,305.494,3774880
-122.968,46.214,304.562,3774901
-122.994,46.206,303.820,3774922
-122.905,46.294,303.170,3774943
-123.021,46.171,302.352,3774964
-123.114,45.997,301.532,3774985
-123.033,45.867,300.826,3775006
-122.969,45.691,300.076,3775027
-123.193,45.925,299.113,3775048
-123.508,46.076,298.047,3775069
-123.966,46.039,296.866,3775090
-124.388,46.080,295.684,3775111
-124.703,46.168,294.554,3775132
-125.075,45.832,293.342,3775153
-125.120,45.457,292.328,3775174
-125.244,45.081,291.247,3775195
-125.295,44.726,290.175,3775216
-125.307,44.438,289.113,3775237
-125.528,44.407,287.897,3775258
-126.049,44.202,286.443,3775279
-126.511,44.156,285.012,3775300
-126.799,44.163,283.659,3775321
-127.206,44.100,282.216,3775342
-127.119,43.765,281.116,3775363
-127.462,44.071,280.207,3775384
-127.726,44.165,279.325,3775405
-128.075,44.201,278.349,3775426
-128.120,44.439,277.575,3775447
-128.539,44.576,276.503,3775468
-128.862,44.863,275.464,3775489
-128.777,44.737,274.724,3775510
-128.669,44.989,273.966,3775531
-128.805,45.133,273.007,3775552
-128.773,44.992,272.153,3775573
-128.242,44.885,271.646,3775594
-127.647,44.692,271.158,3775615
-127.017,44.686,270.682,3775636
-126.648,44.808,269.989,3775657
-126.059,44.486,269.404,3775678
-125.697,44.514,268.637,3775699
-125.180,44.621,267.960,3775720
-124.763,44.415,267.215,3775741
-124.423,44.284,266.423,3775762
-123.693,43.978,265.883,3775784
-122.889,43.729,265.390,3775805
-122.066,43.532,264.873,3775826
-121.277,43.403,264.343,3775847
-120.597,43.458,263.700,3775868
-120.131,43.153,262.933,3775889
-119.396,43.113,262.357,3775910
-119.179,43.177,261.427,3775931
-119.023,43.155,260.448,3775952
-118.637,42.921,259.645,3775973
-118.147,42.852,258.923,3775994
-117.923,42.653,257.997,3776015
-117.774,42.496,257.040,3776036
-117.513,42.448,256.149,3776057
-117.768,42.566,254.889,3776078
-118.075,42.853,253.615,3776099
-118.403,43.200,252.364,3776120
-118.848,43.531,251.051,3776141
-119.359,43.774,249.705,3776162
-119.436,43.945,248.636,3776183
-119.554,44.110,247.586,3776204
-119.765,44.378,246.478,3776225
-119.902,44.416,245.386,3776246
-120.405,44.726,244.052,3776267
-121.030,44.921,242.663,3776288
-121.670,44.966,241.262,3776309
-122.242,44.903,239.924,3776330
-122.849,44.910,238.586,3776351
-123.369,44.752,237.305,3776372
-123.706,44.565,236.136,3776393
-123.756,44.507,235.188,3776414
-123.855,44.624,234.176,3776435
-123.917,44.708,233.218,3776456
-123.902,44.818,232.313,3776477
-124.275,45.013,231.140,3776498
-124.626,44.948,229.998,3776519
-124.477,45.008,229.197,3776540
-124.659,44.844,228.185,3776561
-124.979,44.968,227.060,3776582
-124.895,44.801,226.198,3776603
-124.747,44.913,225.401,3776624
-124.631,45.070,224.587,3776645
-124.437,45.092,223.827,3776666
-124.371,45.342,222.954,3776687
-124.331,45.175,222.092,3776708
-124.411,45.115,221.167,3776729
-124.512,45.250,220.211,3776750
-124.581,45.351,219.253,3776771
-124.534,45.321,218.386,3776792
-124.383,45.193,217.571,3776813
-123.897,45.299,217.013,3776834
-123.454,45.442,216.408,3776855
-123.046,45.561,215.796,3776876
-122.590,45.621,215.187,3776897
-122.075,45.599,214.618,3776918
-123.064,43.312,183.094,3777926
-122.501,43.668,183.237,3777947
-122.417,43.985,183.068,3777968
-122.095,44.112,183.089,3777989
-121.514,44.432,183.276,3778010
-121.352,44.634,183.152,3778031
-121.245,44.866,182.981,3778052
-120.698,45.122,183.122,3778073
-120.346,45.510,183.077,3778094
-120.172,45.865,182.888,3778115
-119.691,45.935,182.904,3778136
-119.448,46.206,182.737,3778157
-119.053,46.306,182.645,3778178
-119.065,46.191,182.278,3778199
-119.062,46.033,181.911,3778220
-119.057,45.814,181.553,3778241
-119.046,45.578,181.174,3778262
-118.893,45.239,180.876,3778283
-118.514,45.150,180.742,3778304
-118.344,45.254,180.448,3778325
-118.199,45.365,180.115,3778346
-118.281,45.213,179.606,3778367
-118.241,44.897,179.185,3778388
-118.255,44.599,178.693,3778409
-118.042,44.638,178.348,3778430
-118.142,44.375,177.781,3778451
-118.289,44.515,177.186,3778472
-118.126,44.381,176.805,3778493
-117.977,44.355,176.413,3778514
-117.908,44.442,175.958,3778535
-118.325,44.540,175.227,3778556
-118.384,44.698,174.760,3778577
-118.811,44.745,174.027,3778598
-119.097,44.640,173.408,3778619
-119.376,44.558,172.808,3778640
-119.421,44.459,172.422,3778661
-119.734,44.437,171.841,3778682
-119.860,44.776,171.377,3778703
-119.855,45.093,171.020,3778724
-119.782,45.354,170.700,3778745
-120.103,45.720,170.109,3778766
-119.966,46.003,169.836,3778787
-120.125,46.025,169.355,3778808
-119.941,46.052,169.097,3778829
-120.156,46.220,168.558,3778850
-120.243,46.303,168.131,3778871
-120.384,46.545,167.646,3778892
-120.226,46.943,167.385,3778913
-119.955,47.272,167.188,3778934
-119.629,47.532,167.029,3778955
-119.699,47.693,166.549,3778976
-119.547,47.975,166.213,3778997
-119.212,47.830,166.038,3779018
-119.079,47.622,165.704,3779039
-119.123,47.625,165.233,3779060
-118.600,47.429,165.153,3779081
-118.531,47.167,164.730,3779102
-117.986,46.889,164.629,3779123
-117.512,46.750,164.464,3779144
-117.082,46.648,164.259,3779165
-116.720,46.583,163.980,3779186
-116.760,46.488,163.400,3779207
-116.649,46.075,162.901,3779228
-116.492,45.649,162.456,3779249
-116.135,45.498,162.122,3779270
-115.845,45.265,161.728,3779291
-115.836,44.932,161.140,3779312
-115.694,44.983,160.639,3779333
-115.855,45.145,159.931,3779354
-115.732,45.196,159.426,3779375
-116.015,45.366,158.633,3779396
-116.014,45.492,158.026,3779417
-116.342,45.378,157.195,3779438
-116.646,45.248,156.384,3779459
-116.983,45.183,155.565,3779480
-117.164,45.007,154.848,3779501
-117.338,45.276,154.147,3779522
-117.415,45.120,153.489,3779543
-117.572,45.434,152.768,3779564
-117.877,45.785,151.978,3779585
-118.230,46.117,151.131,3779606
-118.521,46.506,150.317,3779627
-118.745,46.486,149.546,3779648
-118.779,46.528,148.930,3779669
-118.907,46.501,148.233,3779690
-119.014,46.461,147.561,3779711
-119.167,46.384,146.850,3779732
-119.328,46.695,146.142,3779753
-119.459,46.996,145.460,3779774
-119.774,47.277,144.657,3779795
-120.087,47.501,143.827,3779816
-120.373,47.507,143.049,3779837
-120.171,47.453,142.650,3779858
-120.313,47.357,141.988,3779879
-120.472,47.634,141.326,3779900
-120.369,47.503,140.859,3779921
-120.547,47.436,140.205,3779942
-120.469,47.656,139.728,3779963
-120.373,47.840,139.266,3779984
-120.524,47.987,138.630,3780005
-120.767,48.023,137.931,3780026
-120.734,47.724,137.453,3780047
-120.812,47.498,136.895,3780068
-120.625,47.147,136.543,3780089
-120.206,46.893,136.378,3780110
-119.947,46.556,136.079,3780131
-119.841,46.230,135.674,3780152
-119.735,46.309,135.260,3780173
-119.575,46.385,134.885,3780194
-119.423,46.432,134.503,3780215
-119.617,46.468,133.873,3780236
-119.449,46.489,133.494,3780257
-119.653,46.305,132.839,3780278
-119.415,46.069,132.530,3780299
-119.576,45.920,131.923,3780320
-119.474,45.650,131.498,3780341
-119.142,45.524,131.215,3780362
-119.148,45.755,130.693,3780383
-119.247,46.008,130.106,3780404
-119.416,46.026,129.475,3780425
-119.610,46.196,128.813,3780446
-119.501,46.360,128.342,3780467
-119.385,46.170,127.898,3780488
-119.213,46.146,127.508,3780509
-119.097,46.106,127.052,3780530
-119.160,45.894,126.492,3780552
-119.309,46.119,125.843,3780573
-119.493,46.302,125.188,3780594
-119.803,46.492,124.428,3780615
-120.209,46.533,123.591,3780636
-120.431,46.744,122.903,3780657
-120.749,46.686,122.171,3780678
-120.791,46.476,121.643,3780699
-120.712,46.341,121.225,3780720
-120.589,46.352,120.840,3780741
-120.614,46.153,120.364,3780762
-120.983,46.117,119.612,3780783
-121.277,46.221,118.922,3780804
-121.641,46.253,118.174,3780825
-121.966,46.206,117.474,3780846
-121.856,45.990,117.084,3780867
-121.751,45.729,116.682,3780888
-121.789,45.452,116.174,3780909
-121.902,45.610,115.635,3780930
-122.030,45.863,115.632,3780951
-122.216,46.288,115.575,3780972
-122.617,46.763,115.348,3780993
-122.975,47.166,115.128,3781014
-123.346,47.521,114.910,3781035
-123.239,47.568,115.021,3781056
-123.495,47.888,114.849,3781077
-123.319,47.881,115.008,3781098
-123.296,47.673,115.061,3781119
-123.527,47.774,114.901,3781140
-123.202,47.493,115.126,3781161
-123.192,47.371,115.398,3781182
-123.488,47.441,115.394,3781203
-123.521,47.646,115.563,3781224
-123.489,47.824,115.763,3781245
-123.354,47.666,116.168,3781266
-123.545,47.855,116.278,3781287
-123.239,47.677,116.768,3781308
-122.832,47.574,117.305,3781329
-122.978,47.768,117.488,3781350
-122.638,47.649,118.008,3781371
-122.323,47.522,118.505,3781392
-122.366,47.638,118.686,3781413
-122.494,47.719,118.809,3781434
-122.622,47.599,118.897,3781455
-122.217,47.532,119.345,3781476
-122.258,47.427,119.444,3781497
-121.760,47.334,119.946,3781518
-121.597,47.070,120.183,3781539
-121.404,46.882,120.448,3781560
-120.918,46.979,120.930,3781581
-120.576,46.738,121.290,3781602
-120.509,46.695,121.559,3781623
-120.348,46.981,121.878,3781644
-120.199,47.230,122.161,3781665
-120.089,47.133,122.478,3781686
-119.944,47.402,122.808,3781707
-119.493,47.369,123.316,3781728
-119.054,47.365,123.823,3781749
-118.979,47.172,124.042,3781770
-118.677,47.030,124.401,3781791
-118.390,46.972,124.729,3781812
-118.512,47.148,124.756,3781833
-118.769,47.260,124.653,3781854
-118.880,47.439,124.645,3781875
-119.083,47.568,124.556,3781896
-119.436,47.555,124.333,3781917
-119.464,47.250,124.382,3781938
-119.361,47.024,124.531,3781959
-119.340,47.067,124.613,3781980
-119.376,46.750,124.645,3782001
-119.580,46.415,124.558,3782022
-119.889,46.508,124.387,3782043
-120.227,46.628,124.194,3782064
-120.714,46.664,123.849,3782085
-121.267,46.601,123.440,3782106
-121.790,46.551,123.058,3782127
-121.816,46.358,123.011,3782148
-122.132,46.099,122.806,3782169
-122.654,46.134,122.431,3782190
-122.862,45.892,122.266,3782211
-122.847,45.752,122.287,3782232
-122.916,45.876,122.231,3782253
-123.173,46.064,122.018,3782274
-123.523,46.256,121.717,3782295
-123.568,46.445,121.631,3782316
-123.877,46.615,121.313,3782337
-123.744,46.421,121.329,3782358
-123.509,46.268,121.405,3782379
-123.223,46.219,121.487,3782400
-122.876,46.240,121.591,3782421
-122.481,46.218,121.747,3782442
-122.452,46.490,121.610,3782463
-122.379,46.745,121.488,3782484
-122.354,46.692,121.330,3782505
-122.343,46.917,121.136,3782526
-122.075,47.158,121.143,3782547
-121.705,46.954,121.182,3782568
-121.469,46.755,121.120,3782589
-121.198,46.535,121.110,3782610
-120.852,46.305,121.108,3782631
-120.475,46.100,121.119,3782652
-120.392,46.237,120.914,3782673
-120.256,46.372,120.732,3782695
-120.061,46.511,120.603,3782716
-120.124,46.541,120.262,3782737
-119.740,46.327,120.259,3782758
-119.463,46.080,120.146,3782779
-119.165,45.909,120.046,3782800
-118.954,45.737,119.881,3782821
-118.963,45.521,119.649,3782842
-118.909,45.688,119.477,3782863
-119.274,45.769,118.971,3782884
-119.455,46.039,118.606,3782905
-119.773,46.209,118.150,3782926
-119.986,46.447,117.758,3782947
-120.213,46.307,117.335,3782968
-120.567,46.377,116.807,3782989
-120.556,46.187,116.518,3783010
-120.461,45.998,116.317,3783031
-120.374,45.949,116.095,3783052
-120.688,46.133,115.575,3783073
-121.078,46.312,115.003,3783094
-121.450,46.480,114.435,3783115
-121.928,46.316,113.763,3783136
-122.077,46.045,113.394,3783157
-122.146,46.140,113.074,3783178
-122.109,46.028,112.848,3783199
-122.089,46.084,112.616,3783220
-122.346,45.884,112.195,3783241
-122.370,45.684,111.937,3783262
-122.678,45.615,111.494,3783283
-122.895,45.828,111.122,3783304
-123.200,45.919,110.694,3783325
-123.469,46.057,110.267,3783346
-123.531,46.273,109.987,3783367
-123.266,46.158,109.923,3783388
-123.042,45.962,109.809,3783409
-122.734,46.072,109.774,3783430
-122.355,46.072,109.751,3783451
-121.971,45.928,109.722,3783472
-121.684,46.109,109.685,3783493
-121.790,46.286,109.365,3783514
-121.541,46.125,109.338,3783535
-121.653,46.255,109.031,3783556
-121.806,46.354,108.726,3783577
-121.486,46.305,108.768,3783598
-121.593,46.195,108.514,3783619
-121.380,46.343,108.498,3783640
-121.302,46.162,108.377,3783661
-121.353,46.023,108.171,3783682
-121.426,46.239,107.944,3783703
-121.433,46.479,107.757,3783724
-121.637,46.520,107.425,3783745
-121.328,46.414,107.501,3783766
-121.468,46.497,107.229,3783787
-121.172,46.494,107.267,3783808
-120.886,46.267,107.312,3783829
-120.522,46.174,107.425,3783850
-120.141,46.073,107.526,3783871
-120.209,45.853,107.325,3783892
-120.353,45.945,107.064,3783913
-120.498,46.021,106.828,3783934
-120.788,46.016,106.486,3783955
-121.077,45.902,106.152,3783976
-121.397,45.871,105.815,3783997
-121.256,45.686,105.805,3784018
-121.159,45.519,105.763,3784039
-121.164,45.653,105.657,3784060
-121.061,45.699,105.617,3784081
-120.991,45.783,105.553,3784102
-121.276,45.978,105.263,3784123
-121.153,45.958,105.286,3784144
-121.527,46.032,104.936,3784165
-121.829,46.217,104.666,3784186
-121.678,46.241,104.713,3784207
-121.832,46.064,104.550,3784228
-121.703,46.106,104.607,3784249
-121.948,46.005,104.403,3784270
-121.789,45.900,104.458,3784291
-121.592,45.965,104.543,3784312
-121.759,46.156,104.394,3784333
-121.978,46.158,104.205,3784354
-122.163,46.074,104.062,3784375
-122.285,46.297,103.959,3784396
-122.343,46.202,103.920,3784417
-122.071,46.158,104.130,3784438
-122.138,46.098,104.119,3784459
-122.133,46.393,104.171,3784480
-121.847,46.465,104.441,3784501
-121.538,46.483,104.753,3784522
-121.767,46.638,104.667,3784543
-121.781,46.919,104.761,3784564
-121.771,47.211,104.880,3784585
-121.961,47.369,104.839,3784606
-122.019,47.276,104.898,3784627
-121.689,47.181,105.256,3784648
-121.325,47.171,105.632,3784669
-121.176,46.962,105.850,3784690
-120.759,46.922,106.284,3784711
-120.385,46.909,106.674,3784732
-120.339,47.145,106.835,3784753
-120.379,47.285,106.938,3784774
-120.485,47.298,106.987,3784795
-120.437,47.437,107.127,3784816
-120.219,47.127,107.384,3784837
-120.287,47.210,107.464,3784858
-119.876,47.050,107.868,3784879
-119.471,46.864,108.277,3784900
-119.181,46.562,108.601,3784921
-119.093,46.205,108.783,3784942
-119.326,46.249,108.715,3784963
-119.538,46.296,108.625,3784984
-119.819,46.248,108.485,3785005
-120.049,46.300,108.405,3785026
-120.188,45.950,108.401,3785047
-120.384,45.650,108.342,3785068
-120.269,45.454,108.505,3785089
-120.636,45.486,108.318,3785110
-120.542,45.388,108.438,3785131
-120.601,45.514,108.447,3785152
-120.759,45.730,108.397,3785173
-120.917,45.950,108.339,3785194
-121.045,46.203,108.328,3785215
-121.382,46.403,108.158,3785236
-121.564,46.253,108.079,3785257
-121.758,46.091,107.986,3785278
-121.619,46.040,108.140,3785299
-121.563,45.917,108.224,3785320
-121.656,45.747,108.187,3785341
-121.645,45.957,108.226,3785362
-121.796,46.212,108.136,3785383
-122.114,46.313,107.944,3785404
-122.343,46.516,107.784,3785425
-122.451,46.806,107.718,3785446
-122.646,46.809,107.558,3785467
-122.550,46.627,107.620,3785488
-122.406,46.839,107.705,3785509
-122.229,46.635,107.815,3785530
-121.973,46.451,107.973,3785551
-121.750,46.225,108.085,3785572
-121.564,46.329,108.154,3785593
-121.612,46.469,108.054,3785614
-121.405,46.571,108.118,3785635
-121.112,46.322,108.223,3785656
-121.170,46.127,108.081,3785677
-121.306,46.143,107.903,3785698
-120.916,45.999,108.115,3785719
-120.553,45.907,108.270,3785740
-120.254,45.680,108.405,3785761
-120.023,45.455,108.470,3785782
-120.126,45.556,108.316,3785803
-120.204,45.702,108.166,3785824
-120.273,45.872,108.028,3785845
-120.435,45.825,107.802,3785866
-120.627,45.807,107.568,3785887
-120.351,45.673,107.659,3785908
-120.283,45.874,107.594,3785929
-120.038,45.858,107.667,3785950
-119.825,45.909,107.757,3785971
-119.671,45.794,107.797,3785992
-119.780,46.079,107.629,3786013
-120.062,46.297,107.334,3786034
-120.288,46.542,107.073,3786055
-120.634,46.591,106.728,3786076
-120.658,46.805,106.579,3786097
-120.706,46.611,106.394,3786118
-120.713,46.389,106.229,3786139
-120.973,46.255,105.894,3786160
-120.843,46.138,105.839,3786181
-120.683,46.040,105.806,3786202
-120.860,46.227,105.495,3786223
-121.235,46.358,105.101,3786244
-121.600,46.427,104.697,3786265
-121.740,46.626,104.448,3786286
-121.625,46.414,104.394,3786307
-121.443,46.466,104.354,3786328
-121.679,46.638,104.003,3786349
-121.650,46.393,103.818,3786370
-121.544,46.174,103.706,3786391
-121.625,45.979,103.502,3786412
-121.743,46.228,103.208,3786433
-121.606,46.090,103.123,3786454
-121.876,46.211,102.753,3786475
-122.050,46.443,102.455,3786496
-122.212,46.294,102.167,3786517
-122.036,46.142,102.124,3786538
-122.007,46.365,101.977,3786559
-121.757,46.409,101.989,3786580
-121.493,46.412,102.012,3786601
-121.413,46.616,101.910,3786622
-121.373,46.841,101.767,3786643
-121.636,46.877,101.374,3786664
-121.841,46.806,101.053,3786685
-122.075,46.795,100.688,3786706
-122.295,46.788,100.334,3786727
-122.373,46.620,100.098,3786748
-122.159,46.451,100.080,3786769
-122.331,46.333,99.786,3786790
-122.128,46.329,99.757,3786811
-122.076,46.507,99.633,3786832
-121.968,46.649,99.530,3786853
-122.217,46.804,99.160,3786874
-122.542,46.929,98.732,3786895
-122.746,47.133,98.392,3786916
-122.823,46.886,98.166,3786937
-122.670,46.813,98.099,3786958
-122.519,46.784,98.016,3786979
-122.437,46.503,97.891,3787000
-122.272,46.344,97.847,3787021
-122.309,46.088,97.645,3787042
-122.387,46.226,97.399,3787063
-122.585,46.334,97.052,3787084
-122.672,46.469,96.788,3787105
-122.555,46.574,96.662,3787126
-122.207,46.461,96.692,3787147
-121.888,46.245,96.706,3787168
-121.616,45.992,96.679,3787189
-121.850,45.882,96.317,3787210
-121.858,45.587,96.137,3787231
-121.983,45.763,95.871,3787252
-121.870,45.594,95.778,3787273
-122.141,45.499,95.378,3787294
-122.440,45.606,94.964,3787315
-122.728,45.662,94.543,3787336
-122.548,45.762,94.480,3787357
-122.265,45.664,94.464,3787378
-122.001,45.562,94.447,3787399
-122.081,45.441,94.161,3787420
-122.273,45.546,93.818,3787441
-122.000,45.695,93.795,3787462
-122.046,45.956,93.573,3787483
-122.162,46.178,93.281,3787504
-122.282,46.210,92.966,3787525
-122.026,46.399,92.929,3787546
-121.604,46.420,93.006,3787567
-121.215,46.265,93.052,3787588
-121.184,46.209,92.854,3787609
-120.698,46.076,92.986,3787630
-120.199,45.974,93.096,3787651
-119.960,46.208,93.020,3787672
-119.818,46.417,92.880,3787693
-119.869,46.467,92.580,3787714
-119.436,46.451,92.631,3787735
-119.487,46.561,92.356,3787756
-119.473,46.377,92.110,3787777
-119.144,46.371,92.088,3787798
-119.357,46.514,91.686,3787819
-119.146,46.375,91.584,3787840
-119.034,46.154,91.403,3787861
-119.369,46.361,90.923,3787882
-119.592,46.597,90.500,3787903
-119.976,46.787,89.963,3787924
-120.479,46.896,89.344,3787945
-120.771,46.714,88.879,3787966
-120.781,46.675,88.591,3787987
-121.133,46.522,88.047,3788008
-121.235,46.684,87.687,3788029
-121.634,46.567,87.057,3788050
-121.696,46.543,86.673,3788071
-121.912,46.817,86.160,3788092
-122.438,46.911,85.418,3788113
-122.933,46.873,84.658,3788134
-123.385,46.803,83.933,3788155
-123.858,46.771,83.184,3788176
-124.183,46.538,82.541,3788197
-124.131,46.453,82.164,3788218
-124.203,46.203,81.685,3788239
-124.116,46.190,81.329,3788260
-124.011,46.169,80.998,3788281
-123.958,46.295,80.607,3788302
-124.260,46.357,79.945,3788323
-124.463,46.480,79.347,3788344
-124.606,46.321,78.807,3788365
-124.637,46.486,78.329,3788386
-124.197,46.401,78.168,3788407
-123.842,46.478,77.957,3788428
-123.325,46.402,77.822,3788449
-122.885,46.156,77.640,3788470
-122.338,46.081,77.520,3788491
-121.929,46.194,77.300,3788512
-121.860,46.365,76.834,3788533
-121.856,46.441,76.284,3788554
-121.933,46.439,75.657,3788575
-121.944,46.672,75.076,3788596
-121.691,46.550,74.691,3788617
-121.602,46.417,74.169,3788638
-121.392,46.306,73.713,3788659
-121.147,46.505,73.272,3788680
-120.873,46.584,72.868,3788701
-121.065,46.897,72.115,3788722
-121.317,47.163,71.300,3788743
-121.578,47.235,70.474,3788764
-121.820,47.271,69.621,3788785
-122.069,47.265,68.761,3788806
-121.920,47.376,68.169,3788827
-121.801,47.480,67.527,3788848
-121.745,47.611,66.834,3788869
-122.179,47.824,65.761,3788890
-122.164,47.879,65.021,3788911
-122.380,48.075,64.091,3788932
-122.891,48.081,62.933,3788954
-123.367,48.218,61.790,3788975
-123.878,48.220,60.615,3788996
-123.894,48.058,59.788,3789017
-123.822,47.941,59.026,3789038
-123.715,47.804,58.299,3789059
-123.828,47.561,57.389,3789080
-123.827,47.684,56.561,3789101
-123.757,47.407,55.784,3789122
-124.057,47.220,54.722,3789143
-124.319,47.242,53.665,3789164
-124.504,47.105,52.676,3789185
-124.537,46.802,51.788,3789206
-124.401,46.895,50.998,3789227
-124.040,46.848,50.407,3789248
-124.147,46.692,49.461,3789269
-124.104,46.856,48.604,3789290
-123.813,46.854,47.924,3789311
-123.904,47.069,46.974,3789332
-123.675,46.880,46.285,3789353
-123.502,46.692,45.581,3789374
-123.474,46.501,44.761,3789395
-123.197,46.625,44.160,3789416
-123.185,46.435,43.368,3789437
-122.865,46.484,42.779,3789458
-122.624,46.659,42.135,3789479
-122.620,46.890,41.334,3789500
-122.798,47.081,40.393,3789521
-122.923,46.922,39.514,3789542
-123.230,46.899,38.510,3789563
-123.607,47.080,37.485,3789584
-123.926,47.017,36.497,3789605
-124.338,47.058,35.451,3789626
-124.435,47.360,34.617,3789647
-124.429,47.608,33.877,3789668
-124.392,47.775,33.158,3789689
-124.375,47.967,32.460,3789710
-124.322,48.071,31.820,3789731
-124.794,48.123,30.775,3789752
-125.172,48.340,29.818,3789773
-125.544,48.140,28.899,3789794
-126.004,47.971,27.929,3789815
-126.193,47.696,27.132,3789836
-126.576,47.460,26.211,3789857
-126.530,47.392,25.632,3789878
-126.493,47.141,25.020,3789899
-126.888,47.122,24.110,3789920
-127.015,47.274,23.382,3789941
-127.257,47.092,22.583,3789962
-127.060,47.062,22.115,3789983
-127.119,46.807,21.457,3790004
-126.938,46.865,20.947,3790025
-126.715,46.910,20.472,3790046
-126.426,46.950,20.061,3790067
-126.080,46.962,19.683,3790088
-126.161,47.042,19.023,3790109
-125.722,46.867,18.742,3790130
-125.464,47.067,18.331,3790151
-125.492,47.163,17.705,3790172
-125.452,47.052,17.132,3790193
-125.425,46.886,16.549,3790214
-125.276,46.642,16.081,3790235
-125.362,46.484,15.416,3790256
-125.249,46.625,14.896,3790277
-125.175,46.756,14.335,3790298
-124.929,46.611,13.881,3790319
-125.605,46.340,13.778,3790340
-126.199,46.225,13.693,3790361
-126.792,46.078,13.573,3790382
-127.324,45.659,13.437,3790403
-127.846,45.243,13.303,3790424
-128.198,44.783,13.237,3790445
-128.301,44.363,13.335,3790466
-128.030,44.513,13.385,3790487
-127.739,44.655,13.431,3790508
-127.644,44.944,13.336,3790529
-127.438,45.186,13.297,3790550
-127.179,45.408,13.294,3790571
-126.910,45.633,13.290,3790592
-127.063,45.719,12.932,3790613
-127.036,45.697,12.735,3790634
-126.719,45.958,12.735,3790655
-126.487,45.930,12.659,3790676
-126.224,46.145,12.940,3790697
-125.962,46.404,13.203,3790718
-125.742,46.680,13.437,3790739
-125.435,46.929,13.744,3790760
-125.136,47.165,14.042,3790781
-125.094,47.104,14.134,3790802
-125.027,47.013,14.242,3790823
-124.987,46.900,14.344,3790844
-124.981,46.800,14.406,3790865
-124.798,46.597,14.603,3790886
-124.517,46.748,14.858,3790907
-124.187,46.869,15.133,3790928
-124.094,46.604,15.248,3790949
-123.759,46.610,15.518,3790970
-123.482,46.621,15.741,3790991
-123.629,46.675,15.651,3791012
-123.710,46.505,15.620,3791033
-123.655,46.247,15.664,3791054
-123.540,46.003,15.757,3791075
-123.614,45.847,15.712,3791096
-123.610,46.050,15.743,3791117
-123.473,46.252,15.871,3791138
-123.319,46.393,16.016,3791159
-123.112,46.451,16.170,3791180
-123.265,46.665,16.074,3791201
-123.108,46.601,16.189,3791222
-123.456,46.589,15.933,3791243
-123.744,46.461,15.718,3791264
-123.962,46.313,15.578,3791285
-124.207,46.182,15.398,3791306
-124.359,46.417,15.284,3791327
-124.542,46.672,15.119,3791348
-124.564,46.852,15.082,3791369
-124.701,47.143,14.952,3791390
-124.762,47.422,14.874,3791411
-124.919,47.736,14.771,3791432
-125.174,47.772,14.588,3791453
-125.426,47.762,14.384,3791474
-125.719,47.810,14.159,3791495
-126.046,47.830,13.908,3791516
-126.377,47.768,13.662,3791537
-126.356,47.945,13.668,3791558
-126.238,48.021,13.758,3791579
-126.528,48.162,13.532,3791600
-126.270,48.095,13.702,3791621
-126.010,47.907,13.885,3791642
-126.147,47.798,13.762,3791663
-125.776,47.607,13.997,3791684
-125.360,47.638,14.285,3791705
-125.270,47.443,14.325,3791726
-124.974,47.576,14.499,3791747
-124.550,47.608,14.767,3791768
-124.356,47.781,14.866,3791789
-123.940,47.790,15.119,3791810
-124.024,47.664,15.003,3791831
-124.134,47.605,14.873,3791852
-124.161,47.418,14.796,3791873
-124.192,47.249,14.720,3791894
-124.191,47.029,14.643,3791915
-124.290,47.043,14.513,3791936
-123.923,46.967,14.707,3791957
-123.530,46.796,14.883,3791978
-123.243,46.841,14.984,3791999
-123.176,46.978,14.888,3792020
-122.881,46.771,14.970,3792041
-123.095,46.782,14.700,3792062
-123.063,46.563,14.611,3792083
-122.929,46.353,14.593,3792104
-122.754,46.245,14.612,3792125
-123.102,46.424,14.250,3792146
-123.241,46.654,14.027,3792167
-123.452,46.892,13.733,3792188
-123.759,46.705,13.355,3792209
-124.047,46.911,12.963,3792230
-124.412,47.178,12.493,3792251
-124.872,47.152,11.978,3792272
-125.228,46.993,11.506,3792293
-125.604,46.848,11.041,3792314
-125.696,46.573,10.739,3792335
-126.264,46.332,10.549,3792356
-126.710,46.338,10.399,3792377
-126.764,46.018,10.498,3792398
-126.762,45.857,10.606,3792419
-126.884,45.865,10.615,3792440
-127.039,45.959,10.574,3792461
-127.102,45.656,10.554,3792482
-127.270,45.410,10.451,3792503
-127.344,45.420,10.689,3792524
-127.235,45.170,11.053,3792545
-127.043,44.937,11.458,3792566
-126.844,45.112,11.868,3792587
-126.862,45.299,12.075,3792608
-126.654,45.523,12.415,3792629
-126.435,45.738,12.743,3792650
-126.037,45.879,13.212,3792671
-126.013,45.836,13.366,3792692
-125.991,45.778,13.496,3792713
-125.869,45.602,13.676,3792734
-125.719,45.361,13.918,3792755
-125.522,45.111,14.178,3792776
-125.221,45.239,14.474,3792797
-124.819,45.285,14.823,3792818
-124.359,45.303,15.248,3792839
-123.979,45.351,15.610,3792860
-123.667,45.501,15.924,3792881
-123.348,45.266,16.251,3792902
-123.175,45.057,16.478,3792923
-123.153,44.959,16.585,3792944
-122.840,44.804,16.841,3792965
-122.870,44.699,16.860,3792986
-122.624,44.868,17.054,3793007
-122.483,45.122,17.141,3793028
-122.461,45.417,17.186,3793049
-122.445,45.651,17.200,3793070
-122.714,45.945,17.000,3793091
-123.117,46.134,16.694,3793112
-123.405,46.060,16.463,3793133
-123.796,46.057,16.161,3793154
-124.148,45.971,15.888,3793175
-124.321,45.815,15.697,3793196
-124.458,46.058,15.548,3793217
-124.561,46.266,15.409,3793238
-124.640,46.447,15.246,3793259
-124.688,46.571,15.096,3793280
-124.750,46.705,14.882,3793301
-125.060,46.544,14.484,3793322
-125.488,46.473,14.005,3793343
-125.652,46.295,13.700,3793364
-125.774,46.121,13.406,3793385
-126.066,46.106,12.995,3793406
-125.908,46.333,12.886,3793427
-125.669,46.516,12.832,3793448
-125.288,46.614,12.892,3793469
-124.896,46.720,12.950,3793490
-124.578,46.912,12.961,3793511
-124.537,46.918,12.743,3793532
-124.341,46.705,12.617,3793553
-124.072,46.477,12.541,3793574
-123.485,46.194,12.675,3793595
-123.289,46.208,12.507,3793616
-122.958,46.325,12.420,3793637
-122.448,46.368,12.452,3793658
-122.010,46.499,12.414,3793679
-121.664,46.660,12.288,3793700
-121.579,46.621,12.006,3793721
-121.371,46.456,11.806,3793742
-121.246,46.343,11.530,3793763
-120.827,46.253,11.450,3793784
-120.509,46.123,11.287,3793805
-120.308,46.095,11.478,3793826
-120.213,46.170,11.546,3793847
-120.241,45.940,11.492,3793868
-120.561,46.099,11.180,3793889
-120.630,46.304,10.999,3793910
-120.684,46.488,10.796,3793931
-121.080,46.475,10.331,3793952
-121.448,46.387,9.842,3793973
-121.576,46.477,9.752,3793994
-121.990,46.290,9.413,3794015
-122.411,46.119,9.077,3794036
-122.814,46.311,8.705,3794057
-123.023,46.519,8.457,3794078
-123.228,46.687,8.140,3794099
-123.820,46.574,7.665,3794120
-123.984,46.604,7.439,3794141
-124.470,46.425,6.971,3794162
-124.863,46.235,6.558,3794183
-125.311,46.119,6.077,3794204
-125.397,46.220,5.829,3794225
-125.713,46.543,5.393,3794246
-125.971,46.861,5.056,3794267
-126.279,47.173,4.707,3794288
-126.220,47.299,4.623,3794309
-126.334,47.585,4.474,3794330
-126.272,47.454,4.438,3794351
-126.392,47.347,4.301,3794372
-126.402,47.587,4.273,3794393
-126.337,47.417,4.282,3794414
-126.337,47.296,4.265,3794435
-126.126,47.024,4.424,3794456
-125.599,46.979,4.790,3794477
-125.074,46.912,5.125,3794498
-124.436,46.729,5.506,3794519
-124.066,46.830,5.683,3794540
-123.875,46.882,5.722,3794561
-123.242,46.876,6.101,3794582
-123.004,46.633,6.162,3794603
-122.784,46.732,6.275,3794624
-122.405,46.426,6.466,3794645
-122.006,46.129,6.685,3794666
-121.432,46.136,7.054,3794687
-121.067,46.198,7.242,3794708
-121.011,46.141,7.178,3794729
-120.628,46.175,7.347,3794750
-120.582,45.941,7.247,3794771
-120.447,45.619,7.190,3794792
-120.431,45.347,7.055,3794813
-120.358,45.036,6.975,3794834
-120.400,44.786,6.780,3794855
-120.388,44.509,6.664,3794876
-120.214,44.480,6.644,3794897
-120.247,44.680,6.468,3794918
-120.298,44.926,6.304,3794939
-120.424,45.198,6.057,3794960
-120.681,45.514,5.717,3794981
-120.972,45.832,5.322,3795002
-121.239,45.766,4.959,3795023
-121.545,45.728,4.549,3795044
-121.751,45.656,4.209,3795065
-122.204,45.703,3.650,3795086
-122.313,45.987,3.330,3795107
-122.316,46.197,3.047,3795128
-122.754,46.540,2.411,3795149
-122.874,46.734,2.116,3795170
-123.239,47.029,1.624,3795191
-123.734,47.269,1.014,3795212
-124.088,47.220,0.476,3795233
-124.250,47.072,0.079,3795254
-124.139,46.896,359.880,3795275
-124.185,46.718,359.535,3795296
-124.267,46.904,359.147,3795317
-123.964,47.003,359.031,3795338
-123.585,47.054,358.954,3795359
-123.160,47.073,358.925,3795380
-123.072,47.217,358.664,3795401
-122.884,46.959,358.506,3795422
-122.573,46.708,358.488,3795443
-122.364,46.891,358.435,3795464
-122.262,46.699,358.298,3795485
-122.187,46.529,358.200,3795506
-121.822,46.602,358.302,3795527
-121.801,46.763,358.179,3795548
-121.775,46.568,358.083,3795569
-121.411,46.630,358.212,3795590
-121.150,46.751,358.272,3795611
-120.773,46.805,358.490,3795632
-120.617,46.943,358.551,3795653
-120.386,46.670,358.645,3795674
-120.230,46.413,358.701,3795695
-120.235,46.249,358.623,3795716
-120.363,46.265,358.470,3795737
-120.043,46.287,358.644,3795758
-119.828,46.417,358.735,3795779
-119.813,46.579,358.716,3795800
-119.597,46.391,358.831,3795821
-119.710,46.152,358.675,3795842
-119.963,46.068,358.404,3795863
-120.137,45.911,358.200,3795884
-120.187,45.680,358.091,3795905
-120.189,45.469,357.987,3795926
-120.161,45.686,357.920,3795947
-120.207,45.951,357.767,3795968
-120.153,46.126,357.780,3795989
-120.445,46.384,357.523,3796010
-120.785,46.619,357.238,3796031
-120.817,46.877,357.172,3796052
-121.096,46.791,356.898,3796073
-121.188,46.635,356.772,3796094
-121.191,46.511,356.676,3796115
-121.235,46.363,356.542,3796136
-121.212,46.538,356.443,3796157
-121.277,46.825,356.257,3796178
-121.437,47.132,356.004,3796199
-121.224,47.138,356.018,3796220
-121.488,47.265,355.677,3796241
-121.447,47.085,355.549,3796262
-121.623,46.963,355.231,3796283
-121.561,46.727,355.088,3796304
-121.718,46.481,354.777,3796325
-121.494,46.343,354.733,3796346
-121.548,46.444,354.476,3796367
-121.417,46.442,354.343,3796388
-121.346,46.143,354.162,3796409
-121.214,46.135,354.013,3796430
-121.506,46.236,353.514,3796451
-121.347,46.244,353.360,3796472
-121.471,46.045,352.990,3796493
-121.499,45.801,352.726,3796514
-121.452,45.548,352.471,3796535
-121.146,45.249,352.426,3796556
-121.035,45.405,352.236,3796577
-120.876,45.605,352.076,3796598
-120.497,45.733,352.075,3796619
-120.440,45.921,351.845,3796640
-120.001,45.738,351.896,3796661
-119.576,45.720,351.920,3796682
-119.180,45.603,351.928,3796703
-119.201,45.500,351.659,3796724
-118.944,45.738,351.576,3796745
-118.894,45.613,351.333,3796766
-118.900,45.897,351.046,3796787
-118.756,46.197,350.872,3796808
-118.922,46.395,350.456,3796829
-118.976,46.733,350.152,3796850
-119.029,47.061,349.825,3796871
-119.257,47.137,349.356,3796892
-119.243,47.047,349.060,3796913
-119.273,46.934,348.706,3796934
-119.149,46.841,348.447,3796955
-119.360,46.797,347.945,3796976
-119.628,46.844,347.374,3796997
-119.537,47.082,347.071,3797018
-119.632,47.382,346.590,3797039
-119.525,47.544,346.253,3797060
-119.590,47.360,345.770,3797082
-119.916,47.252,345.099,3797103
-120.140,47.009,344.501,3797124
-120.068,47.003,344.128,3797145
-120.165,46.668,343.628,3797166
-120.338,46.744,343.057,3797187
-120.373,46.782,342.601,3797208
-120.670,46.720,341.949,3797229
-120.858,46.733,341.382,3797250
-121.019,46.415,340.853,3797271
-121.008,46.471,340.458,3797292
-121.088,46.143,340.026,3797313
-120.783,45.819,339.895,3797334
-120.518,45.831,339.760,3797355
-120.221,45.536,339.664,3797376
-120.017,45.681,339.464,3797397
-119.711,45.754,339.384,3797418
-119.762,45.861,339.075,3797439
-119.688,46.044,338.842,3797460
-119.273,45.893,338.874,3797481
-119.187,45.676,338.680,3797502
-119.079,45.462,338.504,3797523
-118.726,45.288,338.495,3797544
-118.408,45.129,338.486,3797565
-118.156,44.963,338.411,3797586
-117.779,45.103,338.425,3797607
-117.793,45.390,338.172,3797628
-117.783,45.705,337.902,3797649
-117.796,46.035,337.612,3797670
-117.633,46.297,337.441,3797691
-117.916,46.465,336.933,3797712
-118.188,46.425,336.423,3797733
-118.464,46.331,335.908,3797754
-118.446,46.179,335.607,3797775
-118.729,46.056,335.107,3797796
-119.089,45.947,334.546,3797817
-119.037,46.058,334.281,3797838
-119.012,46.204,334.025,3797859
-119.291,46.317,333.556,3797880
-119.084,46.372,333.407,3797901
-119.343,46.397,332.916,3797922
-119.322,46.178,332.620,3797943
-119.101,46.153,332.446,3797964
-119.115,45.928,332.082,3797985
-118.893,45.968,331.876,3798006
-118.751,46.061,331.594,3798027
-118.799,46.227,331.151,3798048
-119.096,46.152,330.543,3798069
-119.115,46.245,330.140,3798090
-119.356,46.310,329.539,3798111
-119.618,46.018,328.913,3798132
-119.971,45.979,328.242,3798153
-120.001,45.664,327.780,3798174
-119.821,45.454,327.472,3798195
-119.638,45.375,327.140,3798216
-119.456,45.371,326.801,3798237
-119.634,45.579,326.185,3798258
-119.505,45.702,325.784,3798279
-119.689,45.948,325.138,3798300
-119.992,46.082,324.371,3798321
-119.807,46.025,323.918,3798342
-120.005,45.840,323.186,3798363
-120.052,45.541,322.523,3798384
-119.938,45.487,321.950,3798405
-120.147,45.192,321.129,3798426
-120.165,44.923,320.435,3798447
-120.495,44.662,319.517,3798468
-120.525,44.740,318.811,3798489
-120.951,44.884,317.815,3798510
-121.410,44.994,316.788,3798531
-121.876,45.089,315.769,3798552
-122.046,44.973,314.973,3798573
-122.193,44.869,314.157,3798594
-122.451,44.870,313.251,3798615
-122.260,45.069,312.686,3798636
-122.417,45.067,311.860,3798657
-122.425,45.372,311.101,3798678
-122.513,45.637,310.282,3798699
-122.515,45.943,309.530,3798720
-122.350,46.138,308.882,3798741
-122.341,46.426,308.112,3798762
-122.165,46.361,307.481,3798783
-122.002,46.265,306.811,3798804
-122.033,46.100,306.023,3798825
-121.954,45.874,305.305,3798846
-121.749,45.854,304.670,3798867
-121.936,45.941,303.756,3798888
-122.177,45.783,302.789,3798909
-122.380,45.756,301.829,3798930
-122.358,45.730,301.057,3798951
-122.342,45.271,300.260,3798972
-122.303,44.774,299.502,3798993
-122.239,44.286,298.735,3799014
-121.924,43.784,298.152,3799035
-121.563,43.354,297.593,3799056
-121.535,42.960,296.810,3799077
-121.495,42.966,295.999,3799098
-121.620,42.804,295.062,3799119
-121.681,42.858,294.150,3799140
-121.495,42.968,293.356,3799161
-121.455,42.672,292.485,3799182
-121.331,42.413,291.638,3799203
-121.132,42.435,290.837,3799224
-120.947,42.445,290.008,3799245
-120.792,42.547,289.128,3799266
-120.698,42.696,288.201,3799287
-120.666,42.883,287.214,3799308
-120.530,42.955,286.306,3799329
-120.926,43.174,285.000,3799350
-121.333,43.258,283.699,3799371
-121.628,43.546,282.439,3799392
-121.938,43.466,281.181,3799413
-122.160,43.350,279.974,3799434
-122.138,43.415,278.921,3799455
-122.136,43.319,277.829,3799476
-122.189,43.209,276.711,3799497
-122.637,43.261,275.336,3799518
-123.099,43.387,273.933,3799539
-123.535,43.542,272.583,3799560
-123.687,43.324,271.421,3799581
-123.810,43.475,270.297,3799602
-123.691,43.295,269.330,3799623
-123.502,43.208,268.428,3799644
-123.285,42.972,267.525,3799665
-123.006,42.839,266.695,3799686
-122.802,42.897,265.804,3799707
-122.910,42.884,264.705,3799728
-122.954,42.799,263.665,3799749
-122.771,42.913,262.779,3799770
-122.749,42.891,261.821,3799791
-122.624,42.757,260.943,3799812
-122.181,42.536,260.278,3799833
-121.661,42.381,259.690,3799854
-121.145,42.245,259.091,3799875
-120.612,42.295,258.525,3799896
-120.128,42.192,257.901,3799917
-120.131,42.223,256.957,3799938
-120.165,42.262,256.000,3799959
-120.275,42.328,254.984,3799980
-120.446,42.508,253.902,3800001
-120.636,42.698,252.813,3800022
-120.514,43.110,251.942,3800043
-120.361,43.461,251.078,3800064
-120.266,43.861,250.192,3800085
-120.155,44.197,249.320,3800106
-120.144,44.604,248.385,3800127
-119.530,44.691,248.334,3800148
-118.753,45.081,248.400,3800169
-117.952,45.330,248.458,3800190
-117.697,45.572,248.109,3800211
-117.570,45.795,247.646,3800232
-117.114,45.712,247.388,3800253
-116.652,45.728,247.083,3800274
-116.302,45.860,246.696,3800295
-116.090,46.106,246.210,3800316
-115.620,46.066,246.072,3800337
-115.656,46.256,245.560,3800358
-115.725,46.313,245.027,3800379
-115.864,46.350,244.428,3800400
-116.134,46.484,243.726,3800421
-116.410,46.451,243.008,3800442
-116.000,46.535,242.860,3800463
-115.646,46.574,242.673,3800484
-115.381,46.640,242.385,3800505
-114.902,46.617,242.295,3800526
-114.614,46.678,242.070,3800547
-114.643,46.512,241.638,3800568
-114.653,46.284,241.232,3800589
-114.759,46.145,240.766,3800610
-114.911,46.044,240.271,3800631
-115.093,45.943,239.773,3800652
-115.035,46.042,239.436,3800673
-114.861,45.977,239.177,3800694
-114.730,45.768,238.900,3800715
-114.738,45.869,238.546,3800736
-114.680,45.765,238.241,3800757
-114.643,45.538,237.973,3800778
-115.027,45.531,237.429,3800799
-115.107,45.277,237.102,3800820
-115.279,45.044,236.721,3800841
-115.598,45.013,236.256,3800862
-115.886,45.004,235.840,3800883
-116.171,45.074,235.413,3800904
-116.257,45.334,235.137,3800925
-116.113,45.424,235.043,3800946
-116.025,45.553,234.894,3800967
-116.140,45.832,234.603,3800988
-116.543,45.815,234.096,3801009
-116.752,45.642,233.716,3801030
-117.158,45.868,233.184,3801051
-117.569,45.813,232.666,3801072
-117.664,45.682,232.368,3801093
-117.626,45.837,232.153,3801114
-117.611,46.009,231.917,3801135
-117.746,46.323,231.569,3801156
-117.772,46.566,231.284,3801177
-117.710,46.700,231.064,3801198
-118.082,46.793,230.534,3801219
-118.486,46.762,229.971,3801240
-118.765,46.622,229.472,3801261
-119.136,46.535,228.885,3801282
-119.324,46.313,228.416,3801303
-119.197,46.368,228.138,3801324
-119.230,46.516,227.710,3801345
-119.067,46.545,227.383,3801366
-118.865,46.590,227.068,3801387
-118.633,46.633,226.752,3801408
-118.747,46.539,226.159,3801429
-118.818,46.454,225.571,3801450
-118.367,46.417,225.325,3801471
-118.381,46.299,224.698,3801492
-117.923,46.272,224.382,3801513
-117.434,46.170,224.048,3801534
-116.976,46.149,223.664,3801555
-116.590,46.242,223.200,3801576
-116.247,46.296,222.690,3801597
-116.120,46.101,221.979,3801618
-116.306,46.051,221.020,3801639
-116.427,45.882,220.081,3801660
-116.490,45.696,219.150,3801681
-116.791,45.670,218.014,3801702
-116.463,45.890,217.271,3801723
-116.181,46.070,216.449,3801744
-115.991,46.219,215.528,3801765
-116.321,46.310,214.193,3801786
-116.383,46.506,213.006,3801807
-116.445,46.708,211.714,3801828
-116.024,46.893,210.801,3801849
-115.792,46.910,210.849,3801870
-115.225,46.973,210.960,3801891
-115.212,46.876,210.585,3801912
-114.768,46.804,210.421,3801933
-114.359,46.678,210.156,3801954
-114.559,46.603,209.876,3801975
-114.353,46.204,209.779,3801996
-114.500,46.090,209.334,3802017
-114.149,46.003,209.171,3802038
-114.195,45.725,208.681,3802059
-114.361,45.508,208.340,3802080
-114.108,45.201,208.248,3802101
-114.188,44.954,207.856,3802122
-114.294,45.080,207.396,3802143
-114.519,44.921,206.943,3802164
-114.373,44.930,206.801,3802185
-114.395,45.115,206.477,3802206
-114.341,45.257,206.161,3802227
-114.633,45.194,205.613,3802248
-114.902,45.068,205.183,3802269
-115.099,44.904,204.760,3802290
-115.251,44.754,204.377,3802311
-115.627,44.757,203.808,3802332
-115.624,44.829,203.485,3802353
-115.741,44.777,203.151,3802374
-115.977,45.181,202.706,3802395
-116.157,45.589,202.246,3802416
-116.679,45.678,201.600,3802437
-116.925,46.098,201.136,3802458
-117.408,46.229,200.462,3802479
-117.904,46.436,199.837,3802500
-117.859,46.497,199.601,3802521
-118.250,46.560,199.065,3802542
-118.434,46.888,198.659,3802563
-118.409,47.157,198.455,3802584
-118.238,47.335,198.342,3802605
-118.013,47.526,198.305,3802626
-117.853,47.729,198.255,3802647
-117.876,47.654,198.036,3802668
-117.808,47.529,197.913,3802689
-117.271,47.339,198.121,3802710
-117.089,47.077,198.042,3802731
-117.002,46.800,197.870,3802752
-116.973,46.831,197.646,3802773
-116.471,46.684,197.730,3802794
-116.102,46.649,197.682,3802815
-116.063,46.726,197.393,3802836
-115.767,46.737,197.273,3802857
-115.413,46.612,197.164,3802878
-115.408,46.310,196.798,3802899
-115.619,46.134,196.277,3802920
-115.486,45.803,195.975,3802941
-115.556,45.491,195.484,3802962
-115.360,45.400,195.151,3802983
-115.315,45.486,194.671,3803004
-115.155,45.461,194.219,3803025
-115.435,45.268,193.471,3803046
-115.628,45.399,192.877,3803067
-116.001,45.299,192.120,3803088
-115.984,45.333,191.590,3803109
-116.170,45.046,190.879,3803130
-116.572,45.104,190.014,3803151
-116.986,44.979,189.132,3803172
-117.373,44.836,188.244,3803193
-117.400,44.896,187.592,3803214
-117.593,45.088,186.815,3803235
-118.038,45.173,185.838,3803256
-117.975,45.206,185.190,3803277
-117.878,45.181,184.544,3803298
-118.187,45.126,183.587,3803319
-118.394,45.004,182.683,3803340
-118.300,44.921,182.066,3803361
-118.485,44.762,181.240,3803382
-118.740,44.663,180.335,3803403
-118.678,44.911,179.640,3803424
-118.566,45.119,178.986,3803445
-118.443,45.377,178.344,3803466
-118.689,45.473,177.448,3803487
-118.908,45.643,176.564,3803508
-119.069,45.672,175.733,3803529
-119.200,45.975,174.899,3803550
-119.326,45.963,174.050,3803571
-119.420,45.899,173.258,3803592
-119.195,46.112,172.658,3803613
-118.958,46.220,172.077,3803634
-119.112,46.498,171.240,3803655
-119.180,46.759,170.444,3803676
-118.911,46.851,169.891,3803697
-118.771,46.643,169.262,3803718
-118.523,46.482,168.692,3803739
-118.412,46.267,168.009,3803760
-118.199,46.043,167.394,3803781
-118.232,45.847,166.641,3803802
-117.945,45.623,166.132,3803823
-117.824,45.838,165.484,3803844
-117.773,46.020,164.787,3803865
-117.761,46.190,164.054,3803886
-117.930,46.317,163.192,3803907
-117.738,46.358,162.589,3803928
-117.959,46.170,161.665,3803949
-118.205,46.132,160.732,3803970
-117.916,45.947,160.184,3803991
-117.977,45.679,159.383,3804012
-118.011,45.407,158.604,3804033
-117.765,45.433,158.030,3804054
-117.797,45.582,157.253,3804075
-117.828,45.309,156.485,3804096
-117.674,45.414,155.842,3804117
-117.572,45.462,155.147,3804138
-117.609,45.193,154.383,3804159
-117.604,44.933,153.661,3804180
-117.565,45.056,152.955,3804201
-117.529,45.115,152.248,3804222
-117.949,45.053,151.210,3804243
-118.426,45.239,150.160,3804264
-118.759,45.528,149.221,3804285
-118.965,45.839,148.355,3804306
-119.529,46.049,147.261,3804327
-119.846,45.999,146.368,3804348
-119.871,46.030,145.669,3804369
-120.273,46.151,144.750,3804390
-120.501,46.127,143.929,3804411
-121.726,46.588,132.050,3806511
-121.505,46.521,132.309,3806532
-120.928,47.437,133.334,3806658
-120.452,47.478,133.776,3806679
-120.016,47.315,134.205,3806700
-119.772,47.065,134.489,3806721
-119.342,47.075,134.896,3806742
-118.966,47.104,135.285,3806763
-118.941,47.194,135.424,3806784
-119.167,47.249,135.509,3806805
-119.243,47.419,135.708,3806826
-119.517,47.413,135.766,3806847
-119.502,47.141,136.059,3806868
-119.401,46.886,136.396,3806889
-119.675,46.676,136.484,3806910
-119.751,46.389,136.702,3806931
-119.750,46.114,136.975,3806952
-119.667,46.038,137.300,3806973
-119.884,46.174,137.421,3806994
-120.299,46.124,137.395,3807015
-120.629,46.226,137.411,3807036
-121.005,46.230,137.388,3807057
-121.262,46.320,137.459,3807078
-121.133,46.251,137.794,3807099
-120.994,46.149,138.157,3807120
-121.161,45.895,138.277,3807141
-121.025,45.792,138.607,3807162
-121.175,45.962,138.727,3807183
-121.397,45.784,138.811,3807204
-121.440,45.988,139.003,3807225
-121.705,46.197,139.042,3807246
-121.984,46.184,139.043,3807267
-121.822,45.965,139.383,3807288
-121.585,45.887,139.762,3807309
-121.429,46.093,140.055,3807330
-121.338,45.938,140.311,3807351
-121.160,45.749,140.616,3807372
-120.861,45.885,140.990,3807393
-120.840,46.119,141.157,3807414
-120.982,46.314,141.208,3807435
-120.952,46.553,141.379,3807456
-121.119,46.653,141.407,3807477
-120.903,46.830,141.712,3807498
-121.055,46.758,141.725,3807519
-120.945,46.540,141.930,3807540
-120.608,46.357,142.276,3807561
-120.392,46.121,142.557,3807582
-120.256,46.280,142.747,3807603
-120.307,46.441,142.796,3807624
-120.466,46.475,142.776,3807645
-120.621,46.524,142.730,3807666
-120.780,46.560,142.691,3807687
-120.470,46.452,142.987,3807708
-120.241,46.181,143.203,3807729
-120.039,46.018,143.414,3807750
-119.856,45.929,143.606,3807771
-119.720,45.738,143.756,3807792
-120.053,45.666,143.555,3807813
-120.288,45.817,143.416,3807834
-120.609,45.926,143.181,3807855
-120.552,46.067,143.209,3807876
-120.866,45.965,142.958,3807897
-121.178,45.960,142.681,3807918
-121.207,45.690,142.664,3807939
-121.263,45.436,142.606,3807960
-121.441,45.204,142.447,3807981
-121.307,45.034,142.510,3808002
-121.312,44.793,142.481,3808023
-121.285,44.986,142.446,3808044
-121.479,45.198,142.265,3808065
-121.625,45.449,142.100,3808086
-121.726,45.687,141.961,3808107
-121.598,45.889,141.975,3808128
-121.741,45.765,141.801,3808149
-121.877,45.997,141.624,3808170
-121.590,45.937,141.733,3808191
-121.377,45.783,141.776,3808212
-121.307,45.585,141.711,3808233
-121.265,45.842,141.633,3808254
-121.382,46.052,141.419,3808275
-121.281,46.292,141.374,3808296
-121.388,46.493,141.158,3808317
-121.156,46.289,141.203,3808338
-120.833,46.134,141.313,3808359
-120.621,46.318,141.317,3808380
-120.562,46.069,141.232,3808401
-120.351,45.832,141.267,3808422
-120.108,45.919,141.305,3808443
-120.294,45.847,141.040,3808464
-120.459,45.940,140.751,3808485
-120.588,46.046,140.503,3808506
-120.592,46.229,140.368,3808527
-120.552,45.986,140.256,3808549
-120.568,45.761,140.096,3808570
-120.416,45.531,140.070,3808591
-120.187,45.375,140.085,3808612
-120.016,45.445,140.081,3808633
-120.216,45.608,139.810,3808654
-120.322,45.788,139.575,3808675
-120.551,45.943,139.290,3808696
-120.293,45.925,139.360,3808717
-120.533,45.978,139.064,3808738
-120.373,45.809,139.079,3808759
-120.144,45.934,139.144,3808780
-120.228,45.847,138.998,3808801
-120.112,45.729,139.014,3808822
-120.157,46.055,138.911,3808843
-120.069,46.362,138.944,3808864
-120.191,46.636,138.841,3808885
-120.322,46.635,138.706,3808906
-120.386,46.912,138.640,3808927
-120.551,47.000,138.504,3808948
-120.204,47.024,138.754,3808969
-119.914,46.926,138.969,3808990
-119.817,46.766,139.066,3809011
-119.536,46.684,139.305,3809032
-119.256,46.755,139.535,3809053
-118.973,46.862,139.758,3809074
-119.086,47.078,139.717,3809095
-118.855,47.191,139.909,3809116
-119.025,47.152,139.810,3809137
-119.131,47.314,139.740,3809158
-119.043,47.031,139.820,3809179
-118.911,46.742,139.904,3809200
-118.965,46.459,139.882,3809221
-118.767,46.225,140.039,3809242
-118.621,45.989,140.147,3809263
-118.931,46.025,139.931,3809284
-118.986,46.181,139.872,3809305
-119.142,46.328,139.786,3809326
-119.443,46.413,139.575,3809347
-119.743,46.410,139.357,3809368
-119.638,46.575,139.443,3809389
-119.882,46.752,139.259,3809410
-119.727,46.575,139.390,3809431
-119.978,46.484,139.213,3809452
-119.783,46.484,139.331,3809473
-119.751,46.647,139.321,3809494
-120.104,46.683,139.013,3809515
-120.444,46.659,138.719,3809536
-120.322,46.694,138.761,3809557
-120.242,46.476,138.786,3809578
-120.595,46.559,138.483,3809599
-120.466,46.535,138.522,3809620
-120.786,46.662,138.225,3809641
-120.591,46.585,138.310,3809662
-120.406,46.410,138.403,3809683
-120.364,46.571,138.422,3809704
-120.516,46.781,138.308,3809725
-120.753,46.699,138.150,3809746
-121.054,46.890,137.973,3809767
-121.343,46.901,137.805,3809788
-121.538,46.783,137.703,3809809
-121.442,46.965,137.816,3809830
-121.419,46.775,137.893,3809851
-121.450,46.582,137.907,3809872
-121.190,46.484,138.131,3809893
-121.125,46.668,138.213,3809914
-121.129,46.855,138.237,3809935
-121.284,47.028,138.143,3809956
-121.170,47.172,138.244,3809977
-121.085,47.342,138.308,3809998
-120.833,47.187,138.481,3810019
-120.778,46.977,138.512,3810040
-120.613,46.782,138.636,3810061
-120.404,46.629,138.779,3810082
-120.355,46.454,138.813,3810103
-120.509,46.705,138.687,3810124
-120.714,46.967,138.513,3810145
-121.010,47.154,138.242,3810166
-121.132,47.408,138.079,3810187
-121.393,47.485,137.802,3810208
-121.077,47.463,137.949,3810229
-120.738,47.409,138.083,3810250
-120.475,47.492,138.184,3810271
-120.343,47.246,138.170,3810292
-120.247,47.029,138.086,3810313
-119.903,47.103,138.168,3810334
-119.576,47.231,138.269,3810355
-119.690,47.188,138.027,3810376
-119.773,47.080,137.803,3810397
-119.920,47.050,137.537,3810418
-119.604,46.957,137.604,3810439
-119.469,46.692,137.520,3810460
-119.262,46.481,137.475,3810481
-119.089,46.407,137.381,3810502
-118.969,46.495,137.226,3810523
-118.937,46.640,136.991,3810544
-119.313,46.874,137.205,3810565
-119.917,47.312,137.070,3810586
-120.432,47.771,136.963,3810608
-120.966,48.140,136.830,3810629
-121.001,48.194,137.035,3810650
-121.147,48.141,137.143,3810671
-121.260,48.092,137.271,3810692
-121.294,47.972,137.446,3810713
-121.718,48.241,137.314,3810734
-122.207,48.280,137.095,3810755
-122.453,48.425,137.029,3810776
-122.792,48.402,136.871,3810797
-122.942,48.438,136.808,3810818
-122.874,48.380,136.920,3810839
-122.813,47.883,137.010,3810860
-122.684,47.372,137.131,3810881
-122.369,47.011,137.387,3810902
-122.027,46.600,137.681,3810923
-121.679,46.391,137.976,3810944
-121.655,46.375,138.037,3810965
-121.784,46.258,137.966,3810986
-121.890,46.200,137.922,3811007
-121.470,46.125,138.271,3811028
-121.441,45.917,138.313,3811049
-120.944,45.830,138.696,3811070
-120.549,45.628,138.993,3811091
-120.216,45.398,139.233,3811112
-119.892,45.199,139.471,3811133
-119.818,45.101,139.516,3811154
-119.547,45.357,139.721,3811175
-119.488,45.597,139.764,3811196
-119.396,45.842,139.812,3811217
-119.174,46.135,139.959,3811238
-118.965,46.467,140.084,3811259
-118.719,46.358,140.189,3811280
-118.712,46.399,140.154,3811301
-118.782,46.483,140.056,3811322
-118.449,46.512,140.232,3811343
-118.143,46.697,140.367,3811364
-117.944,46.900,140.423,3811385
-118.062,47.199,140.226,3811406
-118.411,47.453,139.846,3811427
-118.429,47.618,139.683,3811448
-118.380,47.510,139.557,3811469
-118.389,47.267,139.360,3811490
-118.360,47.058,139.193,3811511
-118.470,46.750,138.887,3811532
-118.708,46.452,138.461,3811553
-118.699,46.466,138.203,3811574
-119.069,46.517,137.681,3811595
-119.453,46.453,137.135,3811616
-119.725,46.526,136.685,3811637
-120.050,46.404,136.175,3811658
-120.275,46.154,135.734,3811679
-120.132,45.875,135.570,3811700
-119.992,45.893,135.398,3811721
-119.835,45.784,135.232,3811742
-119.647,45.728,135.114,3811763
-119.783,45.509,134.767,3811784
-119.964,45.676,134.386,3811805
-120.173,45.689,133.991,3811826
-120.264,45.871,133.652,3811847
-120.279,46.066,133.368,3811868
-120.258,45.836,133.080,3811889
-120.129,45.599,132.892,3811910
-119.951,45.760,132.726,3811931
-119.655,45.594,132.633,3811952
-119.378,45.470,132.520,3811973
-119.133,45.605,132.357,3811994
-119.031,45.828,132.082,3812015
-119.116,46.047,131.663,3812036
-119.277,46.212,131.177,3812057
-119.366,46.405,130.734,3812078
-119.342,46.305,130.390,3812099
-118.939,46.274,130.328,3812120
-119.177,46.605,130.058,3812141
-119.028,46.621,130.091,3812162
-118.945,46.595,130.070,3812183
-119.158,46.675,129.843,3812204
-119.301,47.089,129.655,3812225
-119.543,47.498,129.410,3812246
-119.877,47.869,129.104,3812267
-120.308,48.153,128.713,3812288
-120.329,48.083,128.632,3812309
-120.231,48.151,128.650,3812330
-120.258,48.436,128.571,3812351
-120.092,48.419,128.648,3812372
-119.967,48.250,128.677,3812393
-119.893,48.372,128.678,3812414
-120.045,48.528,128.504,3812435
-120.029,48.645,128.449,3812456
-119.830,48.349,128.531,3812477
-120.100,48.307,128.282,3812498
-120.490,48.263,128.114,3812519
-120.317,48.151,128.318,3812540
-120.384,47.859,128.337,3812561
-120.400,47.575,128.383,3812582
-120.653,47.623,128.198,3812603
-120.613,47.290,128.226,3812624
-120.618,47.022,128.311,3812645
-120.647,47.163,128.359,3812666
-120.811,47.296,128.291,3812687
-120.949,47.382,128.223,3812708
-120.832,47.458,128.317,3812729
-120.514,47.166,128.577,3812750
-120.180,46.867,128.834,3812771
-119.918,46.838,129.030,3812792
-119.815,46.449,129.075,3812813
-119.658,46.045,129.137,3812834
-119.798,46.142,129.019,3812855
-119.927,46.240,128.897,3812876
-120.010,46.375,128.782,3812897
-120.248,46.469,128.573,3812918
-120.396,46.662,128.461,3812939
-120.188,46.478,128.581,3812960
-119.945,46.319,128.752,3812981
-119.834,46.121,128.793,3813002
-119.677,45.959,128.858,3813023
-119.426,45.899,128.961,3813044
-119.523,46.161,128.829,3813065
-119.728,46.209,128.614,3813086
-119.732,46.458,128.536,3813107
-119.825,46.699,128.401,3813128
-119.879,46.545,128.278,3813149
-119.812,46.369,128.236,3813170
-119.638,46.446,128.264,3813191
-119.924,46.444,127.941,3813212
-119.771,46.277,127.962,3813233
-119.604,46.317,127.980,3813254
-119.862,46.519,127.695,3813275
-119.823,46.731,127.613,3813296
-120.072,46.763,127.369,3813317
-120.177,46.615,127.249,3813338
-120.232,46.870,127.160,3813359
-120.441,46.851,127.005,3813380
-120.181,46.818,127.196,3813401
-119.985,46.668,127.359,3813422
-119.998,46.525,127.371,3813443
-120.202,46.643,127.237,3813464
-120.369,46.801,127.097,3813485
-120.582,46.970,126.921,3813506
-120.629,47.164,126.858,3813527
-120.850,47.209,126.643,3813548
-120.639,47.218,126.764,3813569
-120.442,46.981,126.842,3813590
-120.213,46.795,126.926,3813611
-120.332,46.575,126.738,3813632
-120.147,46.495,126.733,3813653
-119.998,46.359,126.707,3813674
-120.244,46.485,126.373,3813695
-120.487,46.612,126.043,3813716
-120.790,46.685,125.643,3813737
-121.172,46.655,125.163,3813758
-121.423,46.686,124.762,3813779
-121.442,46.720,124.512,3813800
-121.265,46.461,124.366,3813821
-121.177,46.113,124.172,3813842
-121.031,45.813,124.023,3813863
-121.126,45.953,123.948,3813884
-121.590,45.936,123.604,3813905
-122.079,45.993,123.223,3813926
-122.548,46.157,122.852,3813947
-122.982,46.300,122.483,3813968
-123.340,46.523,122.186,3813989
-123.219,46.631,122.192,3814010
-123.333,46.513,122.029,3814031
-123.221,46.440,122.032,3814052
-123.035,46.405,122.068,3814073
-122.971,46.429,122.117,3814094
-123.024,46.777,122.057,3814115
-123.138,47.145,121.959,3814136
-123.343,47.402,121.777,3814157
-123.313,47.727,121.784,3814178
-123.475,47.812,121.657,3814199
-123.623,48.136,121.580,3814220
-123.357,48.094,121.803,3814241
-123.174,48.401,121.979,3814262
-122.964,48.277,122.171,3814283
-122.651,48.284,122.492,3814304
-122.547,48.561,122.644,3814325
-122.199,48.497,122.963,3814346
-122.312,48.656,122.952,3814367
-122.412,48.566,122.953,3814388
-122.108,48.620,123.279,3814409
-122.272,48.693,123.218,3814430
-121.856,48.524,123.621,3814451
-121.892,48.231,123.666,3814472
-121.717,47.900,123.892,3814493
-121.602,47.535,124.082,3814514
-121.580,47.553,124.221,3814535
-121.834,47.537,124.158,3814556
-121.667,47.418,124.417,3814577
-121.831,47.385,124.411,3814598
-122.077,47.139,124.350,3814619
-121.856,46.762,124.629,3814640
-121.630,46.626,124.893,3814661
-121.693,46.277,124.904,3814682
-121.492,45.923,125.124,3814703
-121.143,45.746,125.436,3814724
-120.804,45.710,125.695,3814745
-120.878,45.667,125.660,3814766
-120.886,45.516,125.694,3814787
-120.847,45.631,125.737,3814808
-120.861,45.710,125.726,3814829
-120.895,45.652,125.709,3814850
-120.614,45.446,125.909,3814871
-120.252,45.582,126.124,3814892
-119.900,45.632,126.321,3814913
-119.567,45.730,126.520,3814934
-119.646,45.749,126.406,3814955
-119.372,45.887,126.525,3814976
-119.518,46.286,126.339,3814997
-119.737,46.624,126.086,3815018
-119.753,47.077,125.968,3815039
-119.959,47.284,125.699,3815060
-119.740,47.640,125.738,3815081
-119.406,47.783,125.857,3815102
-119.139,48.030,125.923,3815123
-118.842,48.136,126.031,3815144
-119.049,48.147,125.774,3815165
-118.926,48.350,125.778,3815186
-118.882,48.525,125.702,3815207
-119.234,48.577,125.331,3815228
-119.571,48.739,125.011,3815249
-120.036,48.677,124.574,3815270
-120.052,48.403,124.464,3815291
-120.289,48.091,124.195,3815312
-120.612,47.798,123.859,3815333
-120.876,47.452,123.559,3815354
-120.933,47.103,123.434,3815375
-121.001,47.128,123.304,3815396
-121.048,46.754,123.202,3815417
-121.367,46.757,122.872,3815438
-121.683,46.792,122.560,3815459
-121.872,46.852,122.324,3815480
-121.689,46.660,122.351,3815501
-121.522,46.496,122.360,3815522
-121.342,46.268,122.355,3815543
-121.161,46.060,122.366,3815564
-121.212,45.875,122.206,3815585
-121.370,46.064,121.960,3815606
-121.476,46.309,121.755,3815627
-121.575,46.607,121.557,3815648
-121.650,46.949,121.355,3815669
-121.797,47.096,121.090,3815690
-121.503,47.120,121.130,3815711
-121.215,47.262,121.151,3815732
-120.987,47.554,121.106,3815753
-120.713,47.586,121.077,3815774
-120.554,47.881,120.956,3815795
-120.481,48.218,120.696,3815816
-120.672,48.319,120.249,3815837
-120.865,48.421,119.742,3815858
-121.070,48.413,119.218,3815879
-121.280,48.552,118.651,3815900
-121.234,48.439,118.429,3815921
-121.041,48.433,118.267,3815942
-121.013,48.191,117.969,3815963
-120.871,48.282,117.829,3815984
-120.994,48.053,117.492,3816005
-121.153,48.204,117.103,3816026
-121.417,48.313,116.618,3816047
-121.718,48.157,116.117,3816068
-122.106,48.026,115.541,3816089
-122.073,47.662,115.280,3816110
-122.163,47.232,114.934,3816131
-122.145,47.184,114.710,3816152
-122.086,47.079,114.480,3816173
-122.271,46.633,114.125,3816194
-122.182,46.503,113.958,3816215
-122.102,46.122,113.807,3816236
-122.317,46.095,113.425,3816257
-122.647,46.024,112.953,3816278
-122.835,45.685,112.592,3816299
-123.134,45.600,112.119,3816320
-122.916,45.419,112.035,3816341
-122.683,45.283,111.937,3816362
-122.403,45.118,111.856,3816383
-122.133,44.888,111.761,3816404
-122.227,44.696,111.412,3816425
-122.064,44.859,111.247,3816446
-122.071,45.034,110.950,3816467
-121.899,45.251,110.789,3816488
-121.780,45.547,110.582,3816509
-121.820,45.554,110.289,3816530
-121.739,45.480,110.088,3816551
-121.575,45.390,109.937,3816572
-121.299,45.648,109.838,3816593
-121.031,45.900,109.725,3816614
-120.749,46.064,109.602,3816635
-120.773,46.502,109.251,3816656
-120.553,46.624,109.069,3816677
-120.829,46.922,108.506,3816698
-121.087,47.122,107.969,3816719
-121.307,47.238,107.416,3816740
-121.160,47.168,107.127,3816761
-120.931,47.348,106.866,3816782
-120.717,47.205,106.599,3816803
-120.692,46.981,106.209,3816824
-120.888,47.168,105.645,3816845
-120.904,47.301,105.215,3816866
-121.132,47.392,104.603,3816887
-121.261,47.497,104.066,3816908
-121.481,47.549,103.442,3816929
-121.713,47.407,102.830,3816950
-121.708,47.054,102.383,3816971
-121.579,46.695,102.030,3816992
-121.474,46.697,101.629,3817013
-121.237,46.557,101.337,3817034
-121.111,46.227,100.990,3817055
-121.205,46.280,100.448,3817076
-121.420,46.317,99.810,3817097
-121.631,45.958,99.185,3817118
-121.939,45.762,98.502,3817139
-122.147,45.462,97.902,3817160
-122.027,45.193,97.533,3817181
-121.849,45.156,97.206,3817202
-121.709,45.212,96.843,3817223
-121.773,45.463,96.337,3817244
-121.660,45.597,95.951,3817265
-121.910,45.549,95.292,3817286
-122.264,45.808,94.543,3817307
-122.624,46.146,93.768,3817328
-122.987,46.348,92.995,3817349
-123.347,46.546,92.218,3817370
-123.563,46.645,91.525,3817391
-123.479,46.970,91.009,3817412
-123.409,47.299,90.480,3817433
-123.273,47.593,89.980,3817454
-123.199,47.866,89.399,3817475
-123.616,48.161,88.427,3817496
-123.797,48.670,87.617,3817517
-124.260,49.017,86.579,3817538
-124.640,49.156,85.592,3817559
-125.071,49.484,84.526,3817580
-125.089,49.818,83.755,3817601
-124.952,49.817,83.126,3817622
-124.785,49.892,82.475,3817643
-124.646,49.950,81.789,3817664
-124.421,49.787,81.154,3817685
-124.383,49.486,80.351,3817706
-124.655,49.387,79.307,3817727
-124.827,49.176,78.333,3817748
-124.779,48.811,77.524,3817769
-124.931,48.609,76.551,3817790
-124.650,48.164,75.896,3817811
-124.247,47.783,75.312,3817832
-124.015,47.796,74.585,3817853
-123.614,47.480,74.015,3817874
-123.233,47.310,73.391,3817895
-123.377,47.165,72.378,3817916
-123.421,47.197,71.425,3817937
-123.549,47.006,70.408,3817958
-123.484,46.696,69.505,3817979
-123.651,46.593,68.433,3818000
-123.456,46.713,67.608,3818021
-123.181,46.822,66.829,3818042
-122.934,46.963,66.021,3818063
-122.911,47.285,64.996,3818084
-122.677,47.369,64.122,3818105
-122.594,47.724,63.152,3818126
-122.848,47.860,61.942,3818147
-123.244,48.264,60.628,3818168
-123.714,48.689,59.296,3818189
-123.992,48.763,58.123,3818210
-124.434,48.871,56.806,3818231
-124.501,49.097,55.809,3818252
-124.925,49.129,54.548,3818273
-125.520,49.507,53.157,3818294
-125.606,49.678,52.158,3818315
-125.913,49.989,50.994,3818336
-126.452,50.289,49.667,3818357
-127.070,50.236,48.299,3818378
-127.253,50.037,47.258,3818399
-127.606,49.805,46.125,3818420
-128.001,49.583,44.986,3818441
-127.970,49.575,44.148,3818462
-127.965,49.602,43.294,3818483
-128.366,49.450,42.112,3818504
-128.295,49.044,41.317,3818525
-128.408,49.001,40.397,3818546
-128.702,48.921,39.341,3818567
-128.724,48.431,38.506,3818588
-128.943,48.151,37.525,3818609
-128.772,47.715,36.869,3818630
-128.595,47.278,36.204,3818651
-128.266,47.120,35.669,3818672
-127.936,47.028,35.127,3818693
-128.008,47.032,34.312,3818714
-127.542,46.780,33.910,3818735
-127.159,46.479,33.446,3818756
-127.181,46.397,32.719,3818777
-127.196,46.354,32.021,3818798
-127.067,46.138,31.423,3818819
-126.716,46.260,30.955,3818840
-126.620,46.136,30.325,3818861
-126.534,46.154,29.697,3818882
-125.938,46.195,29.420,3818903
-125.667,46.420,28.915,3818924
-125.330,46.648,28.445,3818945
-124.878,46.810,28.065,3818966
-124.459,46.628,27.685,3818987
-124.136,46.396,27.198,3819008
-123.972,46.189,26.582,3819029
-123.942,46.070,25.846,3819050
-123.652,45.888,25.278,3819071
-123.371,46.030,24.649,3819092
-123.108,46.171,24.037,3819113
-123.047,46.360,23.257,3819134
-123.360,46.085,23.528,3819155
-124.103,45.665,23.410,3819176
-124.847,45.223,23.250,3819197
-125.538,44.779,23.107,3819218
-126.272,44.407,22.870,3819239
-126.961,44.139,22.658,3819260
-127.584,43.819,22.439,3819281
-127.867,43.814,22.449,3819302
-127.994,43.807,22.529,3819323
-128.153,43.892,22.571,3819344
-128.138,43.987,22.698,3819365
-128.098,44.100,22.788,3819386
-127.877,44.185,23.017,3819407
-127.895,44.095,23.038,3819428
-127.914,44.097,23.060,3819449
-127.813,44.157,23.154,3819470
-127.551,44.274,23.331,3819491
-127.594,44.763,23.279,3819512
-127.252,45.270,23.474,3819533
-127.135,45.810,23.463,3819554
-126.946,46.340,23.452,3819575
-126.338,46.633,23.694,3819596
-126.238,46.959,24.103,3819617
-126.103,46.814,24.520,3819638
-126.098,46.769,24.746,3819659
-125.629,46.561,25.267,3819680
-125.563,46.529,25.449,3819701
-125.017,46.480,25.920,3819722
-124.609,46.600,26.250,3819743
-124.251,46.744,26.525,3819764
-123.830,46.824,26.792,3819785
-123.511,46.953,26.960,3819806
-123.217,46.760,27.090,3819827
-123.223,46.594,26.973,3819848
-123.124,46.822,26.884,3819869
-122.996,46.611,26.801,3819890
-122.902,46.424,26.665,3819911
-122.655,46.237,26.624,3819932
-122.333,46.199,26.628,3819953
-122.261,46.390,26.423,3819974
-122.256,46.604,26.119,3819995
-122.269,46.815,25.804,3820016
-121.978,46.678,25.695,3820037
-122.206,46.662,25.181,3820058
-122.375,46.513,24.711,3820079
-122.591,46.383,24.170,3820100
-122.744,46.183,23.660,3820121
-122.810,46.302,23.184,3820142
-122.539,46.232,22.914,3820163
-122.294,46.138,22.628,3820184
-122.220,46.264,22.206,3820205
-122.227,46.451,21.734,3820226
-122.326,46.261,21.193,3820247
-122.362,46.429,20.895,3820268
-122.516,46.171,20.591,3820289
-122.576,45.917,20.330,3820310
-122.443,45.673,20.191,3820331
-122.716,45.556,19.726,3820352
-122.624,45.622,19.511,3820373
-123.031,45.704,18.904,3820394
-123.119,45.884,18.501,3820415
-123.252,46.106,18.016,3820436
-123.251,46.339,17.634,3820457
-123.464,46.257,17.077,3820478
-123.519,46.161,16.613,3820499
-123.548,46.038,16.141,3820520
-123.459,45.924,15.698,3820541
-123.584,45.961,15.098,3820562
-123.685,45.889,14.692,3820583
-123.513,46.134,14.445,3820604
-123.752,46.352,13.882,3820625
-123.499,46.548,13.654,3820646
-123.465,46.816,13.355,3820667
-123.790,46.913,12.786,3820688
-124.079,46.931,12.232,3820709
-123.972,46.853,11.966,3820730
-124.260,46.964,11.391,3820751
-124.044,47.026,11.184,3820772
-124.023,47.326,10.813,3820793
-123.819,47.448,10.559,3820814
-123.603,47.531,10.328,3820835
-123.470,47.664,10.021,3820856
-123.446,47.871,9.625,3820877
-123.594,47.688,9.089,3820898
-123.736,47.500,8.530,3820919
-123.778,47.238,8.130,3820940
-123.784,46.992,7.755,3820961
-123.622,46.711,7.539,3820982
-123.358,46.737,7.379,3821003
-123.080,46.751,7.231,3821024
-122.913,46.814,6.973,3821045
-122.711,46.871,6.718,3821066
-122.407,46.901,6.547,3821087
-122.146,46.555,6.341,3821108
-121.946,46.222,6.088,3821129
-121.776,45.900,5.861,3821150
-121.795,45.703,5.475,3821171
-121.578,45.807,5.238,3821192
-121.259,45.880,5.080,3821213
-121.283,45.965,4.675,3821234
-121.368,46.017,4.234,3821255
-121.065,46.077,4.052,3821276
-120.762,45.822,3.870,3821297
-120.840,45.652,3.410,3821318
-120.819,45.409,3.014,3821339
-120.532,45.429,2.796,3821360
-120.624,45.659,2.310,3821381
-120.565,45.468,1.939,3821402
-120.572,45.735,1.500,3821423
-120.774,46.043,0.955,3821444
-120.650,45.975,0.637,3821465
-120.892,46.279,0.027,3821486
-121.249,46.262,359.355,3821507
-121.664,46.352,358.636,3821528
-121.697,46.247,358.175,3821549
-121.839,46.133,357.642,3821570
-122.217,46.114,356.950,3821591
-122.213,46.320,356.522,3821612
-122.376,46.624,355.953,3821633
-122.805,46.697,355.182,3821654
-122.782,46.859,354.739,3821675
-122.779,47.039,354.280,3821696
-122.752,47.181,353.837,3821717
-122.809,46.948,353.306,3821738
-122.735,46.702,352.852,3821759
-122.974,46.601,352.134,3821780
-122.790,46.671,351.732,3821801
-122.947,46.535,351.065,3821822
-123.080,46.562,350.393,3821843
-122.821,46.618,350.013,3821864
-122.692,46.303,349.498,3821885
-122.517,46.395,348.993,3821906
-122.327,46.487,348.482,3821927
-122.309,46.203,347.818,3821948
-122.038,45.918,347.353,3821969
-122.062,45.705,346.643,3821990
-121.868,45.453,346.093,3822011
-121.556,45.210,345.635,3822032
-121.298,45.388,345.150,3822053
-121.193,45.624,344.557,3822074
-121.154,45.857,343.938,3822095
-121.138,46.097,343.280,3822116
-121.219,46.346,342.545,3822137
-120.900,46.206,342.102,3822158
-120.886,46.066,341.430,3822179
-120.976,45.963,340.696,3822200
-120.680,45.898,340.232,3822221
-120.912,45.974,339.383,3822242
-121.060,46.247,338.614,3822263
-120.943,46.423,338.016,3822284
-120.933,46.646,337.346,3822305
-121.382,46.748,336.311,3822326
-121.641,46.983,335.414,3822347
-121.740,46.783,334.624,3822368
-121.924,46.553,333.776,3822389
-122.027,46.385,332.977,3822410
-122.120,46.369,332.168,3822431
-122.219,46.214,331.336,3822452
-122.475,46.304,330.371,3822473
-123.056,46.193,329.179,3822494
-123.537,45.966,328.105,3822515
-123.976,46.045,327.031,3822536
-124.350,46.133,326.008,3822557
-124.762,46.132,324.983,3822578
-124.955,45.778,324.086,3822599
-125.224,45.467,323.135,3822620
-125.331,45.127,322.291,3822641
-125.250,44.841,321.586,3822662
-125.096,44.705,320.934,3822683
-125.134,44.855,320.128,3822704
-125.365,44.728,319.219,3822725
-125.618,44.874,318.264,3822746
-125.586,45.106,317.516,3822767
-125.633,44.943,316.714,3822788
-125.497,44.764,316.042,3822809
-125.156,44.601,315.469,3822830
-124.807,44.522,314.896,3822851
-124.488,44.434,314.270,3822872
-124.405,44.618,313.468,3822893
-124.476,44.802,312.512,3822914
-124.682,44.815,311.448,3822935
-124.853,44.937,310.394,3822956
-125.092,44.996,309.269,3822977
-125.271,45.099,308.189,3822998
-125.085,44.833,307.322,3823019
-124.897,44.587,306.455,3823040
-125.471,44.843,305.669,3823061
-125.793,45.134,305.036,3823082
-126.186,45.288,304.312,3823103
-126.531,45.390,303.606,3823124
-127.181,45.717,302.637,3823145
-127.640,46.103,301.828,3823166
-128.018,46.411,301.048,3823187
-128.504,46.479,300.148,3823208
-128.365,46.291,299.685,3823229
-128.129,46.225,299.263,3823250
-127.911,46.149,298.813,3823271
-128.251,46.114,298.006,3823292
-128.456,46.192,297.401,3823313
-128.747,46.245,296.722,3823334
-129.015,45.910,296.047,3823355
-128.794,45.602,295.714,3823376
-128.843,45.549,295.178,3823397
-128.641,45.076,294.803,3823418
-128.364,44.605,294.466,3823439
-127.833,44.165,294.279,3823460
-127.198,43.837,294.175,3823481
-126.715,43.664,294.012,3823502
-126.622,43.669,293.568,3823523
-126.518,43.485,293.106,3823544
-126.295,43.499,292.726,3823565
-125.607,43.299,292.632,3823586
-125.180,43.323,292.360,3823607
-124.556,43.276,292.225,3823628
-123.838,43.107,292.147,3823649
-123.165,42.789,292.003,3823670
-122.477,42.627,291.849,3823691
-121.864,42.382,291.639,3823712
-121.369,42.447,291.314,3823733
-121.325,42.417,290.671,3823754
-121.253,42.239,290.029,3823775
-121.197,42.082,289.372,3823796
-121.225,42.011,288.638,3823817
-121.250,41.807,287.921,3823838
-120.966,41.484,287.403,3823859
-120.593,41.213,286.939,3823880
-120.221,41.165,286.483,3823901
-120.005,41.262,285.920,3823922
-120.067,41.368,285.169,3823943
-120.194,41.273,284.378,3823964
-120.342,41.159,283.567,3823985
-120.586,41.196,282.714,3824006
-120.438,41.098,282.125,3824027
-120.767,41.232,281.191,3824048
-120.655,41.294,280.561,3824069
-120.606,41.468,279.916,3824090
-120.651,41.703,279.224,3824111
-120.616,41.766,278.589,3824132
-120.744,42.034,277.833,3824153
-121.241,42.250,276.826,3824174
-121.759,42.422,275.800,3824195
-122.221,42.484,274.823,3824216
-122.720,42.594,273.821,3824237
-123.171,42.720,272.851,3824258
-123.228,42.749,272.132,3824279
-123.160,42.893,271.525,3824300
-123.334,43.379,270.738,3824321
-123.278,43.448,270.137,3824342
-123.115,43.689,269.575,3824363
-123.429,43.815,268.689,3824384
-123.709,43.969,267.820,3824405
-123.880,43.972,267.031,3824426
-124.114,44.192,266.188,3824447
-124.328,44.164,265.348,3824468
-124.482,44.069,264.522,3824489
-124.259,44.201,263.959,3824510
-123.920,44.158,263.490,3824531
-123.533,44.169,263.055,3824552
-123.345,44.362,262.467,3824573
-122.918,44.315,262.025,3824594
-122.989,44.400,261.261,3824615
-122.912,44.172,260.611,3824636
-123.002,44.042,259.859,3824657
-122.901,44.255,259.214,3824678
-122.562,44.110,258.743,3824699
-122.188,44.080,258.300,3824720
-121.823,44.065,257.837,3824741
-121.784,43.897,257.191,3824762
-121.556,44.112,256.675,3824783
-121.314,44.332,256.158,3824804
-121.387,44.293,255.449,3824825
-121.476,44.236,254.733,3824846
-121.570,44.467,253.971,3824867
-121.726,44.363,253.173,3824888
-121.615,44.186,252.559,3824909
-120.890,44.378,252.559,3824930
-120.198,44.469,252.589,3824951
-119.635,44.678,252.514,3824972
-119.214,44.959,252.303,3824993
-118.901,44.795,252.019,3825014
-118.580,45.027,251.720,3825035
-118.563,44.939,251.185,3825056
-118.723,44.952,250.519,3825077
-118.944,45.172,249.794,3825098
-118.800,45.324,249.280,3825119
-118.681,45.241,248.766,3825140
-118.174,45.366,248.618,3825161
-117.834,45.629,248.340,3825182
-117.486,45.722,248.058,3825203
-117.660,45.827,247.380,3825224
-117.684,46.077,246.803,3825245
-117.821,46.181,246.125,3825266
-117.883,46.055,245.467,3825287
-117.984,46.075,244.775,3825308
-117.607,46.111,244.448,3825329
-117.221,45.987,244.128,3825350
-116.833,46.069,243.819,3825371
-116.897,46.169,243.171,3825392
-116.473,46.226,242.871,3825413
-116.285,46.389,242.396,3825434
-116.386,46.309,241.710,3825455
-116.529,46.347,240.964,3825476
-116.178,46.194,240.541,3825497
-116.326,46.144,239.759,3825518
-116.439,46.014,238.974,3825539
-116.401,45.838,238.268,3825560
-116.139,45.881,237.681,3825581
-115.979,46.054,236.973,3825602
-115.731,45.934,236.298,3825623
-115.488,45.968,235.603,3825644
-115.243,45.959,234.884,3825665
-115.329,45.802,233.930,3825686
-115.128,45.743,233.150,3825707
-115.269,45.579,232.103,3825728
-115.467,45.486,231.004,3825749
-115.630,45.368,229.870,3825770
-115.517,45.420,228.911,3825791
-115.357,45.383,227.975,3825812
-115.466,45.475,226.806,3825833
-115.717,45.592,225.476,3825854
-116.225,45.404,223.923,3825875
-116.209,45.476,222.793,3825896
-116.374,45.503,222.361,3825917
-116.376,45.238,221.972,3825938
-116.298,45.294,221.607,3825960
-116.201,45.259,221.223,3825981
-116.187,45.306,220.727,3826002
-116.283,45.432,220.122,3826023
-116.147,45.395,219.701,3826044
-116.120,45.093,219.504,3826065
-116.531,44.900,218.968,3826086
-116.768,44.589,218.507,3826107
-117.141,44.387,217.929,3826128
-117.545,44.234,217.307,3826149
-117.522,44.248,216.970,3826170
-117.532,44.289,216.593,3826191
-118.001,44.244,215.894,3826212
-118.190,44.418,215.443,3826233
-118.720,44.489,214.738,3826254
-119.252,44.541,214.017,3826275
-119.698,44.474,213.346,3826296
-119.905,44.321,212.833,3826317
-120.426,44.392,212.080,3826338
-120.946,44.485,211.298,3826359
-120.946,44.655,210.876,3826380
-120.896,44.751,210.640,3826401
-120.816,44.945,210.406,3826422
-120.717,45.217,210.180,3826443
-120.823,45.578,209.807,3826464
-120.592,45.871,209.751,3826485
-120.673,45.954,209.477,3826506
-120.351,45.946,209.446,3826527
-119.903,46.071,209.587,3826548
-119.890,46.162,209.387,3826569
-119.865,46.219,209.179,3826590
-119.563,46.553,209.189,3826611
-119.197,46.802,209.229,3826632
-118.837,47.066,209.245,3826653
-118.783,47.254,209.006,3826674
-118.705,47.157,208.765,3826695
-118.665,47.179,208.508,3826716
-118.139,46.950,208.596,3826737
-117.915,46.725,208.431,3826758
-117.832,46.683,208.131,3826779
-117.197,46.594,208.205,3826800
-117.052,46.348,208.109,3826821
-116.492,46.276,208.291,3826842
-116.183,46.403,208.245,3826863
-115.747,46.442,208.276,3826884
-115.278,46.339,208.306,3826905
-115.242,46.131,208.090,3826926
-114.922,45.923,208.086,3826947
-114.610,45.769,208.028,3826968
-114.747,45.681,207.635,3826989
-114.404,45.602,207.559,3827010
-114.126,45.635,207.402,3827031
-113.977,45.795,207.147,3827052
-113.764,45.922,206.892,3827073
-113.548,46.051,206.597,3827094
-113.701,45.987,206.054,3827115
-113.971,45.969,205.558,3827136
-114.098,45.768,205.135,3827157
-114.196,45.565,204.719,3827178
-114.437,45.501,204.142,3827199
-114.616,45.331,203.709,3827220
-114.525,45.447,203.468,3827241
-114.485,45.622,203.187,3827262
-114.518,45.891,202.824,3827283
-114.467,46.036,202.508,3827304
-114.854,45.999,201.865,3827325
-115.224,45.973,201.253,3827346
-115.682,46.038,200.592,3827367
-115.927,45.933,200.065,3827388
-116.314,45.940,199.442,3827409
-116.671,46.318,198.847,3827430
-116.604,46.489,198.571,3827451
-116.652,46.826,198.186,3827472
-116.836,47.222,197.721,3827493
-116.888,47.568,197.335,3827514
-116.891,47.875,196.962,3827535
-117.268,47.903,196.339,3827556
-117.168,48.012,196.056,3827577
-117.165,47.935,195.698,3827598
-117.546,47.963,195.032,3827619
-117.534,48.162,194.660,3827640
-117.413,48.148,194.375,3827661
-117.760,48.279,193.719,3827682
-117.989,48.431,193.138,3827703
-118.295,48.338,192.494,3827724
-118.054,48.145,192.235,3827745
-118.149,47.922,191.731,3827766
-118.143,47.670,191.266,3827787
-117.807,47.363,191.033,3827808
-117.629,47.100,190.647,3827829
-117.564,46.918,190.156,3827850
-116.956,46.761,190.036,3827871
-116.492,46.816,189.778,3827892
-116.240,46.958,189.356,3827913
-116.136,46.945,188.813,3827934
-115.924,47.037,188.316,3827955
-115.814,46.838,187.713,3827976
-115.317,46.815,187.384,3827997
-115.073,46.539,186.854,3828018
-114.928,46.306,186.238,3828039
-114.935,46.425,185.508,3828060
-114.551,46.405,185.074,3828081
-114.383,46.548,184.466,3828102
-114.210,46.687,183.866,3828123
-114.341,46.838,183.005,3828144
-114.114,46.767,182.397,3828165
-114.344,46.597,181.453,3828186
-114.484,46.311,180.566,3828207
-114.499,46.022,179.754,3828228
-114.672,45.772,178.813,3828249
-114.742,45.564,177.941,3828270
-114.906,45.781,177.012,3828291
-114.969,45.883,176.150,3828312
-115.393,46.155,175.040,3828333
-115.667,46.422,174.029,3828354
-116.233,46.589,172.796,3828375
-116.656,46.462,171.669,3828396
-117.041,46.315,170.571,3828417
-117.317,46.145,169.570,3828438
-117.684,46.037,168.528,3828459
-117.849,46.276,167.644,3828480
-118.142,46.540,166.684,3828501
-118.405,46.813,165.767,3828522
-118.279,46.764,165.157,3828543
-118.494,46.676,164.294,3828564
-118.661,46.962,163.471,3828585
-118.928,46.983,162.586,3828606
-118.733,46.928,162.044,3828627
-118.552,47.031,161.521,3828648
-118.332,47.045,161.027,3828669
-118.090,47.070,160.575,3828690
-118.283,47.334,159.827,3828711
-118.182,47.567,159.312,3828732
-118.426,47.656,158.556,3828753
-118.319,47.916,158.055,3828774
-118.276,47.735,157.510,3828795
-118.246,47.565,156.972,3828816
-118.329,47.431,156.379,3828837
-118.115,47.321,156.008,3828858
-117.978,47.210,155.567,3828879
-117.884,47.075,155.097,3828900
-118.058,47.372,154.439,3828921
-118.098,47.641,153.863,3828942
-118.197,47.889,153.254,3828963
-118.184,48.097,152.732,3828984
-118.101,48.227,152.264,3829005
-118.424,48.134,151.510,3829026
-118.736,47.984,150.759,3829047
-118.828,47.674,150.190,3829068
-118.737,47.386,149.721,3829089
-118.911,47.064,149.034,3829110
-119.056,47.151,148.361,3829131
-119.077,47.229,147.767,3829152
-119.264,47.294,147.021,3829173
-119.502,47.309,146.230,3829194
-119.770,47.318,145.407,3829215
-119.583,47.040,144.883,3829236
-119.498,46.723,144.288,3829257
-119.300,46.762,143.767,3829278
-119.071,46.474,143.230,3829299
-119.007,46.147,142.589,3829320
-118.721,46.154,142.069,3829341
-118.915,46.145,141.184,3829362
-119.071,46.095,140.344,3829383
-119.256,46.122,139.476,3829404
-119.331,46.268,138.677,3829425
-119.036,46.185,138.109,3829446
-118.924,45.981,137.438,3829467
-119.395,46.643,136.968,3829488
-119.747,46.978,136.562,3829509
-120.440,47.664,135.877,3829530
-121.040,48.304,135.240,3829551
-121.781,48.927,134.486,3829572
-122.056,49.370,134.055,3829593
-122.844,49.926,133.189,3829614
-123.519,50.140,132.380,3829635
-124.054,50.284,131.642,3829656
-124.449,50.337,130.987,3829677
-124.464,50.467,130.564,3829698
-124.479,50.423,130.144,3829719
-124.415,50.331,129.768,3829740
-124.308,50.504,129.373,3829761
-124.433,50.739,128.757,3829782
-124.604,50.691,128.090,3829803
-124.632,50.813,127.715,3829824
-125.196,51.093,126.871,3829845
-125.635,51.279,126.086,3829866
-125.957,51.510,125.295,3829887
-125.826,51.278,124.832,3829908
-125.861,51.417,124.322,3829929
-125.821,51.363,123.846,3829950
-125.858,51.583,123.256,3829971
-126.223,51.633,122.376,3829992
-126.628,51.802,121.484,3830013
-126.938,51.750,120.622,3830034
-127.237,51.696,119.813,3830055
-127.055,51.466,119.332,3830076
-126.854,51.294,118.885,3830097
-126.578,51.243,118.502,3830118
-126.452,50.993,118.022,3830139
-126.175,50.828,117.658,3830160
-126.480,50.837,116.830,3830181
-126.770,50.862,116.021,3830202
-126.955,50.992,115.267,3830223
-127.301,50.907,114.391,3830244
-127.646,50.921,113.515,3830265
-127.590,51.016,112.922,3830286
-127.373,50.777,112.395,3830307
-127.174,50.524,111.832,3830328
-126.897,50.450,111.292,3830349
-126.591,50.214,110.772,3830370
-126.232,50.155,110.247,3830391
-126.373,50.231,109.305,3830412
-126.432,50.380,108.386,3830433
-126.500,50.302,107.445,3830454
-126.496,50.200,106.536,3830475
-126.119,50.336,105.835,3830496
-125.652,50.308,105.172,3830517
-125.804,50.561,104.016,3830538
-125.365,50.710,103.312,3830559
-124.874,50.772,102.621,3830580
-124.689,51.141,101.652,3830601
-124.817,51.503,100.424,3830622
-125.019,51.668,99.106,3830643
-124.847,51.577,98.102,3830664
-124.968,51.877,96.848,3830685
-124.742,52.128,95.871,3830706
-124.317,52.124,95.042,3830727
-123.842,52.123,94.238,3830748
-123.353,52.185,93.423,3830769
-122.831,52.152,92.622,3830790
-122.238,52.166,91.860,3830811
-122.146,52.019,90.720,3830832
-120.628,51.888,91.154,3830853
-119.696,51.659,91.137,3830874
-118.866,51.381,91.026,3830895
-118.087,51.010,90.897,3830916
-117.344,50.577,90.802,3830937
-116.477,50.337,90.812,3830958
-115.816,49.886,90.684,3830979
-115.586,49.369,90.243,3831000
-115.265,49.166,89.907,3831021
-115.475,48.972,89.136,3831042
-115.830,48.677,88.245,3831063
-116.304,48.390,87.276,3831084
-116.713,47.970,86.351,3831105
-117.342,47.889,85.271,3831126
-117.793,47.936,84.323,3831147
-118.074,47.733,83.544,3831168
-118.564,47.779,82.625,3831189
-119.032,47.692,81.747,3831210
-119.976,47.481,80.548,3831231
-121.009,47.378,79.282,3831252
-122.110,47.317,77.960,3831273
-123.232,47.326,76.646,3831294
-124.213,47.129,75.429,3831315
-124.794,46.980,74.496,3831336
-125.305,46.890,73.623,3831357
-125.973,47.050,72.638,3831378
-126.686,46.830,71.629,3831399
-127.582,46.777,70.488,3831420
-128.320,47.032,69.490,3831441
-129.139,47.233,68.427,3831462
-129.901,47.363,67.410,3831483
-130.179,47.252,66.740,3831504
-130.741,47.361,65.853,3831525
-131.182,47.369,65.038,3831546
-131.058,47.538,64.619,3831567
-130.876,47.700,64.236,3831588
-130.736,47.974,63.841,3831609
-130.431,48.214,63.569,3831630
-130.011,48.357,63.368,3831651
-130.071,48.436,62.815,3831672
-129.786,48.369,62.518,3831693
-129.626,48.728,62.152,3831714
-129.126,48.693,62.027,3831735
-129.067,48.964,61.580,3831756
-128.544,49.231,61.456,3831777
-127.948,49.417,61.406,3831798
-127.313,49.538,61.388,3831819
-126.799,49.435,61.279,3831840
-126.280,49.632,61.175,3831861
-126.207,49.789,60.731,3831882
-126.095,49.695,60.312,3831903
-125.915,49.497,59.946,3831924
-125.894,49.486,59.459,3831945
-125.685,49.149,59.142,3831966
-125.716,49.090,58.641,3831987
-125.275,48.925,58.493,3832008
-125.014,48.876,58.216,3832029
-125.000,48.488,57.754,3832050
-124.812,48.437,57.414,3832071
-125.044,48.221,56.797,3832092
-125.152,47.847,56.284,3832113
-125.163,47.463,55.826,3832134
-125.398,47.221,55.241,3832155
-125.368,46.893,54.858,3832176
-125.271,46.892,54.575,3832197
-125.159,46.769,54.326,3832218
-125.229,46.907,53.978,3832239
-125.272,46.990,53.662,3832260
-125.654,47.212,53.119,3832281
-126.203,47.161,52.515,3832302
-126.586,46.980,52.041,3832323
-127.036,47.140,51.541,3832344
-127.314,46.939,51.170,3832365
-127.474,47.119,50.892,3832386
-127.693,47.314,50.565,3832407
-127.978,47.530,50.207,3832428
-128.261,47.751,49.874,3832449
-128.324,47.907,49.719,3832470
-128.698,48.090,49.348,3832491
-128.747,47.854,49.221,3832512
-129.029,47.701,48.948,3832533
-129.317,47.557,48.676,3832554
-129.518,47.426,48.498,3832575
-129.427,47.238,48.540,3832596
-129.087,47.275,48.776,3832617
-128.705,47.355,49.054,3832638
-128.446,47.586,49.284,3832659
-128.063,47.775,49.593,3832680
-128.072,47.797,49.630,3832701
-127.562,47.862,50.069,3832722
-127.555,47.820,50.117,3832743
-127.517,47.674,50.193,3832764
-127.260,47.816,50.447,3832785
-127.134,47.570,50.615,3832806
-127.242,47.522,50.625,3832827
-126.828,47.486,51.038,3832848
-126.624,47.598,51.289,3832869
-126.315,47.613,51.616,3832890
-126.024,47.618,51.965,3832911
-125.726,47.424,52.302,3832932
-125.916,47.498,52.344,3832953
-125.916,47.299,52.482,3832974
-125.997,47.143,52.580,3832995
-126.084,47.028,52.678,3833016
-125.872,46.941,52.993,3833037
-126.027,47.259,53.026,3833058
-125.752,47.395,53.399,3833079
-125.593,47.666,53.673,3833100
-125.307,47.697,54.057,3833121
-125.489,47.991,54.088,3833142
-125.728,47.945,54.083,3833163
-126.082,47.949,53.988,3833184
-126.469,48.017,53.856,3833205
-126.837,48.156,53.728,3833226
-126.946,48.383,53.781,3833247
-126.883,48.531,53.995,3833268
-126.686,48.610,54.303,3833289
-126.563,48.751,54.558,3833310
-126.324,48.779,54.895,3833331
-126.557,48.757,54.892,3833352
-126.520,48.522,55.096,3833373
-126.390,48.273,55.371,3833394
-126.463,48.066,55.513,3833415
-126.467,47.824,55.685,3833436
-126.458,47.593,55.880,3833457
-126.358,47.738,56.144,3833478
-126.653,47.860,56.137,3833499
-126.528,47.750,56.426,3833520
-126.427,47.812,56.720,3833541
-126.788,47.954,56.669,3833562
-127.147,47.902,56.651,3833583
-127.459,47.841,56.670,3833604
-127.419,47.614,56.966,3833625
-127.567,47.863,57.152,3833646
-127.849,48.033,57.261,3833667
-127.743,48.145,57.663,3833688
-127.570,48.173,58.116,3833709
-127.361,48.187,58.610,3833730
-127.293,48.352,59.004,3833751
-127.142,48.476,59.465,3833772
-127.414,48.635,59.591,3833793
-127.702,48.629,59.699,3833814
-127.986,48.601,59.820,3833835
-128.048,48.420,60.096,3833856
-127.698,48.392,60.699,3833877
-127.389,48.518,61.275,3833898
-127.549,48.598,61.499,3833919
-127.183,48.751,62.118,3833940
-126.686,48.811,62.810,3833961
-126.576,49.035,63.212,3833982
-126.495,48.896,63.574,3834003
-126.506,48.925,63.883,3834024
-125.918,48.955,64.558,3834045
-124.919,49.074,65.521,3834066
-124.344,48.979,66.135,3834087
-123.445,49.096,67.009,3834108
-122.583,49.140,67.849,3834129
-122.056,49.364,68.436,3834150
-121.561,49.114,68.972,3834171
-120.981,49.182,69.572,3834192
-120.811,48.938,69.851,3834213
-120.770,48.678,70.055,3834234
-120.750,48.401,70.204,3834255
-120.457,48.320,70.561,3834276
-120.299,48.200,70.843,3834297
-119.690,48.031,71.476,3834318
-119.258,48.037,71.927,3834339
-118.879,47.964,72.370,3834360
-118.537,47.651,72.751,3834381
-118.732,47.608,72.730,3834402
-118.966,47.586,72.683,3834423
-119.314,47.364,72.546,3834444
-119.791,47.123,72.300,3834465
-120.211,46.768,72.081,3834486
-120.665,46.443,71.822,3834507
-120.803,46.335,71.797,3834528
-121.025,46.341,71.693,3834549
-121.695,46.241,71.247,3834570
-121.928,46.268,71.127,3834591
-122.180,46.376,70.976,3834612
-122.824,46.333,70.533,3834633
-123.491,46.375,70.090,3834654
-124.121,46.428,69.645,3834675
-124.563,46.356,69.350,3834696
-124.663,46.309,69.310,3834717
-124.748,46.535,69.267,3834738
-124.905,46.855,69.161,3834759
-124.879,47.020,69.196,3834780
-124.828,47.184,69.227,3834801
-125.008,47.517,69.094,3834822
-125.450,47.695,68.772,3834843
-125.842,47.812,68.473,3834864
-126.200,47.879,68.187,3834885
-126.480,48.110,67.953,3834906
-126.596,48.000,67.827,3834927
-126.433,48.179,67.912,3834948
-126.118,48.240,68.086,3834969
-125.799,48.299,68.285,3834990
-125.447,48.203,68.499,3835011
-125.057,48.092,68.756,3835032
-125.133,47.969,68.631,3835053
-125.140,47.830,68.554,3835074
-125.138,47.723,68.480,3835095
-125.005,47.494,68.467,3835116
-124.582,47.183,68.686,3835137
-124.048,47.208,68.974,3835158
-123.917,47.303,68.961,3835179
-123.386,47.189,69.254,3835200
-122.863,47.011,69.530,3835221
-122.535,47.138,69.690,3835242
-122.387,47.288,69.700,3835263
-122.474,47.443,69.542,3835284
-122.373,47.179,69.523,3835305
-122.534,46.969,69.285,3835326
-122.849,47.027,68.922,3835347
-122.677,47.020,68.941,3835368
-122.617,47.106,68.867,3835389
-123.013,47.043,68.481,3835410
-123.061,47.225,68.352,3835431
-123.541,47.212,67.904,3835452
-124.066,47.224,67.395,3835473
-124.635,47.335,66.881,3835494
-125.233,47.464,66.347,3835515
-125.651,47.418,65.954,3835536
-126.074,47.379,65.552,3835557
-126.488,47.780,65.174,3835578
-126.581,47.918,65.022,3835599
-126.641,47.951,64.890,3835620
-126.717,48.112,64.741,3835641
-126.876,48.370,64.523,3835662
-127.350,48.481,64.094,3835683
-127.757,48.581,63.704,3835704
-128.127,48.542,63.316,3835725
-127.901,48.417,63.379,3835746
-128.151,48.474,63.060,3835767
-128.072,48.549,62.967,3835788
-127.801,48.517,63.032,3835809
-127.475,48.391,63.124,3835830
-127.066,48.162,63.255,3835851
-126.796,47.791,63.286,3835872
-126.393,47.425,63.383,3835893
-126.224,47.048,63.340,3835914
-126.210,46.847,63.192,3835935
-126.174,46.764,63.052,3835956
-125.635,46.654,63.261,3835977
-125.297,46.290,63.343,3835998
-124.865,45.951,63.478,3836019
-124.747,45.858,63.388,3836040
-124.335,45.995,63.507,3836061
-124.056,46.179,63.528,3836082
-123.612,46.348,63.628,3836103
-123.482,46.254,63.553,3836124
-123.371,46.162,63.463,3836145
-122.807,46.102,63.687,3836166
-122.332,46.215,63.852,3836187
-122.072,46.447,63.851,3836208
-121.782,46.264,63.849,3836229
-121.512,46.399,63.846,3836250
-121.539,46.632,63.636,3836271
-121.350,46.791,63.593,3836292
-121.129,46.683,63.572,3836313
-121.435,46.697,63.175,3836334
-121.747,46.698,62.744,3836355
-122.091,46.711,62.327,3836376
-122.459,46.676,61.877,3836397
-122.909,46.697,61.357,3836418
-122.925,46.755,61.130,3836440
-123.481,46.837,60.515,3836461
-123.635,46.989,60.196,3836482
-123.980,47.226,59.737,3836503
-124.526,47.124,59.120,3836524
-125.165,47.155,58.454,3836545
-125.414,46.947,58.098,3836566
-125.453,46.982,57.893,3836587
-125.561,47.154,57.640,3836608
-125.977,47.076,57.180,3836629
-126.115,47.315,56.913,3836650
-126.153,47.546,56.713,3836671
-126.064,47.747,56.599,3836692
-126.031,47.603,56.439,3836713
-125.967,47.878,56.330,3836734
-126.139,47.850,56.021,3836755
-126.163,47.753,55.830,3836776
-126.270,47.674,55.574,3836797
-126.012,47.823,55.595,3836818
-125.815,47.979,55.562,3836839
-125.573,47.804,55.591,3836860
-125.606,48.004,55.377,3836881
-125.263,47.982,55.463,3836902
-124.890,47.930,55.572,3836923
-124.987,47.798,55.319,3836944
-125.001,47.620,55.132,3836965
-125.030,47.404,54.912,3836986
-124.981,47.146,54.740,3837007
-124.890,46.848,54.603,3837028
-124.913,46.764,54.397,3837049
-124.908,46.757,54.197,3837070
-124.150,46.908,54.405,3837091
-123.604,47.151,54.491,3837112
-123.041,47.317,54.546,3837133
-122.474,47.178,54.625,3837154
-121.779,47.292,54.690,3837175
-121.660,47.359,54.333,3837196
-121.443,47.165,54.039,3837217
-120.997,47.006,53.918,3837238
-120.696,47.028,53.680,3837259
-120.389,47.049,53.371,3837280
-120.389,47.149,52.821,3837301
-120.263,46.869,52.366,3837322
-120.210,46.865,51.828,3837343
-120.621,46.703,50.924,3837364
-120.808,46.409,50.134,3837385
-121.211,46.161,49.203,3837406
-121.577,45.913,48.256,3837427
-121.658,45.960,47.491,3837448
-122.105,46.144,46.438,3837469
-122.477,46.314,45.441,3837490
-123.064,46.085,44.300,3837511
-123.376,46.243,43.323,3837532
-123.545,46.491,42.673,3837553
-123.745,46.614,42.244,3837574
-124.416,46.610,41.448,3837595
-124.998,46.474,40.697,3837616
-125.580,46.321,39.947,3837637
-126.043,46.059,39.278,3837658
-126.257,45.900,38.879,3837679
-126.770,46.060,38.276,3837700
-126.901,46.030,37.949,3837721
-127.087,46.122,37.565,3837742
-127.318,46.289,37.158,3837763
-127.483,46.456,36.800,3837784
-127.749,46.290,36.364,3837805
-127.938,46.156,35.983,3837826
-127.962,45.974,35.745,3837847
-128.003,45.857,35.505,3837868
-128.148,46.077,35.214,3837889
-127.835,46.247,35.281,3837910
-127.452,46.397,35.370,3837931
-127.318,46.717,35.281,3837952
-127.057,46.993,35.295,3837973
-127.120,47.249,35.075,3837994
-127.062,47.182,34.943,3838015
-126.965,47.135,34.853,3838036
-126.801,47.050,34.848,3838057
-126.633,46.940,34.830,3838078
-126.216,47.185,34.992,3838099
-125.774,47.320,35.187,3838120
-125.818,47.312,35.029,3838141
-125.896,47.447,34.854,3838162
-125.436,47.497,35.095,3838183
-125.405,47.346,35.008,3838204
-125.433,47.224,34.914,3838225
-125.033,47.063,35.115,3838246
-124.686,47.059,35.294,3838267
-124.289,46.926,35.503,3838288
-123.978,46.930,35.652,3838309
-123.840,47.019,35.663,3838330
-123.621,47.036,35.750,3838351
-123.543,47.115,35.733,3838372
-123.666,47.227,35.562,3838393
-123.760,46.920,35.411,3838414
-123.825,46.597,35.285,3838435
-123.989,46.352,35.093,3838456
-124.069,46.080,34.958,3838477
-124.281,45.849,34.746,3838498
-124.152,45.913,34.754,3838519
-124.251,46.075,34.599,3838540
-124.435,45.934,34.368,3838561
-124.245,46.045,34.430,3838582
-124.286,46.285,34.341,3838603
-124.510,46.186,34.147,3838624
-124.442,45.971,34.129,3838645
-124.363,45.774,34.151,3838666
-124.250,45.938,34.186,3838687
-124.012,45.916,34.299,3838708
-124.139,45.766,34.144,3838729
-124.195,46.032,34.044,3838750
-124.146,46.265,34.028,3838771
-124.432,46.369,33.773,3838792
-124.655,46.643,33.539,3838813
-124.882,46.585,33.320,3838834
-125.163,46.589,33.041,3838855
-125.447,46.629,32.757,3838876
-125.377,46.463,32.719,3838897
-125.190,46.603,32.792,3838918
-125.101,46.837,32.751,3838939
-124.949,47.037,32.749,3838960
-124.820,47.256,32.736,3838981
-124.762,47.487,32.647,3839002
-124.709,47.699,32.558,3839023
-124.912,47.755,32.272,3839044
-124.863,47.522,32.164,3839065
-124.931,47.329,31.964,3839086
-124.839,47.103,31.840,3839107
-124.762,46.876,31.714,3839128
-124.887,47.070,31.428,3839149
-124.581,47.126,31.432,3839170
-124.566,47.348,31.232,3839191
-124.239,47.374,31.225,3839212
-124.022,47.541,31.155,3839233
-123.805,47.362,31.071,3839254
-123.626,47.143,30.936,3839275
-123.389,47.222,30.836,3839296
-123.425,47.010,30.539,3839317
-123.359,46.712,30.312,3839338
-123.598,46.690,29.871,3839359
-123.571,46.794,29.616,3839380
-123.692,46.879,29.215,3839401
-123.664,46.969,28.934,3839422
-123.895,46.993,28.440,3839443
-123.837,46.674,28.175,3839464
-123.987,46.437,27.746,3839485
-124.138,46.227,27.305,3839506
-124.180,45.974,26.945,3839527
-124.262,46.167,26.545,3839548
-124.219,45.918,26.226,3839569
-124.004,46.011,26.033,3839590
-123.865,46.195,25.769,3839611
-123.576,46.189,25.636,3839632
-123.405,46.373,25.371,3839653
-123.552,46.131,25.090,3839674
-123.795,46.042,24.761,3839695
-124.066,46.084,24.359,3839716
-124.005,45.892,24.192,3839737
-124.172,45.775,23.844,3839758
-123.969,45.867,23.753,3839779
-124.088,46.142,23.445,3839800
-123.925,46.305,23.321,3839821
-123.988,46.562,23.015,3839842
-123.827,46.730,22.899,3839863
-124.035,46.713,22.503,3839884
-124.212,46.950,22.113,3839905
-124.036,46.779,21.980,3839926
-123.785,46.626,21.893,3839947
-123.442,46.816,21.856,3839968
-123.296,46.702,21.700,3839989
-123.217,46.971,21.474,3840010
-123.299,46.901,21.180,3840031
-122.971,47.015,21.171,3840052
-122.915,47.238,20.954,3840073
-122.564,47.313,20.968,3840094
-122.632,47.204,20.673,3840115
-122.484,47.025,20.520,3840136
-122.566,46.910,20.193,3840157
-122.390,46.735,20.031,3840178
-122.674,46.747,19.594,3840199
-122.648,46.946,19.377,3840220
-122.637,47.140,19.142,3840241
-122.808,46.914,18.787,3840262
-122.761,47.048,18.586,3840283
-122.641,47.142,18.410,3840304
-122.833,46.925,18.015,3840325
-122.674,46.633,17.876,3840346
-122.694,46.313,17.586,3840367
-122.550,46.343,17.428,3840388
-122.625,46.469,17.081,3840409
-122.390,46.428,16.955,3840430
-122.346,46.580,16.682,3840451
-122.696,46.659,16.088,3840472
-122.897,46.514,15.611,3840493
-122.693,46.575,15.403,3840514
-122.761,46.411,14.987,3840535
-123.061,46.433,14.411,3840556
-123.150,46.333,13.975,3840577
-123.156,46.220,13.576,3840598
-122.997,46.396,13.310,3840619
-123.012,46.589,13.013,3840640
-123.177,46.817,12.587,3840661
-123.454,46.994,12.079,3840682
-123.711,47.165,11.554,3840703
-123.568,47.203,11.324,3840724
-123.886,47.134,10.708,3840745
-123.989,46.918,10.254,3840766
-124.178,46.814,9.758,3840787
-123.857,46.683,9.628,3840808
-123.601,46.439,9.415,3840829
-123.484,46.602,9.106,3840850
-123.268,46.754,8.852,3840871
-122.825,46.661,8.747,3840892
-122.541,46.810,8.535,3840913
-122.301,46.971,8.292,3840934
-122.181,46.749,7.956,3840955
-122.119,46.542,7.568,3840976
-121.807,46.288,7.374,3840997
-121.572,46.012,7.117,3841018
-121.503,45.710,6.717,3841039
-121.392,45.822,6.341,3841060
-121.132,45.714,6.080,3841081
-121.050,45.745,5.647,3841102
-121.149,45.789,5.065,3841123
-121.079,45.719,4.569,3841144
-121.460,45.673,3.724,3841165
-121.757,45.280,2.948,3841186
-121.862,44.870,2.284,3841207
-122.139,44.500,1.491,3841228
-122.370,44.152,0.725,3841249
-122.791,44.235,359.819,3841270
-123.092,44.400,358.984,3841291
-123.377,44.584,358.161,3841312
-123.827,44.645,357.217,3841333
-124.131,44.902,356.386,3841354
-124.353,44.788,355.639,3841375
-124.387,44.670,355.032,3841396
-124.468,44.602,354.434,3841417
-124.577,44.594,353.801,3841438
-124.268,44.884,353.471,3841459
-123.982,45.245,353.150,3841480
-123.693,45.644,352.828,3841501
-123.496,45.658,352.443,3841522
-123.530,45.962,351.903,3841543
-123.193,46.373,351.610,3841564
-123.062,46.443,351.137,3841585
-122.941,46.480,350.631,3841606
-122.404,46.525,350.438,3841627
-121.874,46.643,350.195,3841648
-121.381,46.555,349.940,3841669
-120.885,46.581,349.681,3841690
-120.883,46.708,349.000,3841711
-120.981,46.654,348.267,3841732
-120.813,46.684,347.700,3841753
-120.620,46.660,347.132,3841774
-120.760,46.332,346.298,3841795
-120.680,45.897,345.597,3841816
-120.660,45.382,344.821,3841837
-120.614,44.850,344.064,3841858
-120.424,44.596,343.407,3841879
-120.715,44.438,342.387,3841901
-120.585,44.165,341.664,3841922
-120.938,44.038,340.572,3841943
-121.062,43.971,339.617,3841964
-121.313,43.504,338.545,3841985
-121.653,43.106,337.378,3842006
-121.923,42.687,336.254,3842027
-121.951,42.349,335.257,3842048
-122.096,41.974,334.143,3842069
-122.228,41.875,333.003,3842090
-122.746,41.951,331.556,3842111
-123.398,41.883,329.985,3842132
-124.062,41.983,328.379,3842153
-124.404,42.053,326.951,3842174
-125.102,42.044,325.269,3842195
-125.404,41.849,323.813,3842216
-125.725,41.650,322.322,3842237
-126.331,41.665,320.615,3842258
-126.465,41.841,319.204,3842279
-126.732,42.220,317.712,3842300
-127.277,42.508,316.030,3842321
-127.543,42.958,314.555,3842342
-127.955,43.124,312.978,3842363
-128.252,43.578,311.456,3842384
-128.420,43.603,310.044,3842405
-128.960,43.892,308.584,3842426
-129.181,44.342,307.335,3842447
-129.318,44.693,306.133,3842468
-129.405,45.087,304.941,3842489
-129.318,45.328,303.884,3842510
-129.650,45.590,302.512,3842531
-129.790,45.910,301.273,3842552
-129.593,46.159,300.267,3842573
-129.517,46.088,299.158,3842594
-129.211,45.900,298.199,3842615
-129.178,45.777,297.059,3842636
-128.744,45.685,296.172,3842657
-128.185,45.677,295.380,3842678
-127.540,45.735,294.634,3842699
-127.260,45.861,293.643,3842720
-126.821,45.744,292.751,3842741
-126.261,45.474,291.942,3842762
-125.781,45.327,291.074,3842783
-125.300,45.189,290.187,3842804
-124.455,44.793,289.566,3842825
-123.420,44.633,289.079,3842846
-122.394,44.524,288.535,3842867
-121.365,44.360,287.996,3842888
-120.297,43.978,287.470,3842909
-119.525,43.932,286.737,3842930
-118.768,43.438,285.996,3842951
-118.254,43.101,285.112,3842972
-117.876,42.863,284.135,3842993
-117.614,42.694,283.096,3843015
-116.985,42.459,282.341,3843036
-116.496,42.487,281.497,3843057
-116.067,42.492,280.658,3843078
-115.766,42.596,279.704,3843099
-115.631,42.787,278.661,3843120
-115.946,42.880,277.319,3843141
-116.348,43.076,275.918,3843162
-116.372,43.267,274.786,3843183
-116.848,43.329,273.345,3843204
-117.274,43.288,271.934,3843225
-117.789,43.276,270.453,3843246
-118.007,43.508,269.194,3843267
-118.366,43.857,267.816,3843288
-118.707,44.081,266.486,3843309
-118.425,44.410,265.942,3843330
-118.314,44.763,265.247,3843352
-117.923,45.281,264.732,3843373
-117.991,45.657,263.871,3843394
-118.213,46.054,262.911,3843415
-118.064,46.471,262.199,3843436
-118.017,46.869,261.411,3843457
-118.194,46.960,260.437,3843478
-118.280,47.216,259.523,3843499
-118.930,47.576,258.195,3843520
-119.578,47.586,256.876,3843541
-120.302,47.545,255.494,3843562
-120.959,47.575,254.165,3843583
-121.319,47.586,253.073,3843604
-121.783,47.567,251.880,3843625
-121.800,47.573,251.020,3843646
-121.878,47.503,250.093,3843667
-121.995,47.431,249.109,3843688
-121.751,47.397,248.356,3843709
-121.521,47.370,247.579,3843730
-121.737,47.136,246.491,3843751
-121.906,46.839,245.441,3843772
-122.017,46.532,244.432,3843793
-122.099,46.173,243.425,3843814
-122.228,45.828,242.392,3843835
-122.422,45.493,241.288,3843856
-122.174,45.268,240.469,3843877
-121.980,45.073,239.602,3843898
-121.819,44.867,238.671,3843919
-121.839,44.793,237.647,3843940
-121.976,44.739,236.495,3843961
-122.118,44.319,235.321,3843982
-121.874,44.086,234.412,3844003
-122.001,43.800,233.205,3844024
-122.247,43.680,231.908,3844045
-122.011,43.556,230.894,3844066
-121.795,43.588,229.848,3844087
-121.627,43.696,228.746,3844108
-121.795,43.825,227.378,3844129
-122.493,43.320,227.102,3844150
-122.760,42.999,226.985,3844171
-123.452,42.614,226.535,3844192
-124.007,42.180,226.116,3844213
-124.154,41.804,225.916,3844234
-124.553,41.523,225.517,3844255
-124.646,41.632,225.300,3844276
-124.430,41.542,225.260,3844297
-124.251,41.752,225.136,3844318
-124.148,42.085,224.951,3844339
-123.817,42.377,224.871,3844360
-123.762,42.487,224.590,3844381
-123.705,42.722,224.266,3844402
-123.444,42.874,224.042,3844423
-123.190,43.041,223.777,3844444
-122.895,43.165,223.513,3844465
-122.266,43.551,223.461,3844486
-122.242,43.527,223.429,3844507
-121.854,43.730,223.639,3844528
-121.474,43.935,223.835,3844549
-121.167,44.176,223.955,3844570
-120.867,44.414,224.071,3844591
-120.827,44.326,223.997,3844612
-120.424,44.427,224.165,3844633
-120.426,44.397,224.022,3844654
-120.464,44.398,223.836,3844675
-120.199,44.643,223.858,3844696
-119.977,44.885,223.828,3844717
-119.907,45.136,223.674,3844738
-119.753,45.295,223.555,3844759
-120.013,45.336,223.154,3844780
-120.225,45.138,222.864,3844801
-120.456,44.925,222.557,3844822
-120.693,44.687,222.224,3844843
-120.594,44.618,222.104,3844864
-120.912,44.414,221.669,3844885
-120.777,44.355,221.530,3844906
-120.693,44.381,221.344,3844927
-120.660,44.482,221.114,3844948
-121.047,44.286,220.730,3844969
-121.157,44.392,220.544,3844990
-121.151,44.390,220.418,3845011
-121.596,44.234,219.987,3845032
-122.016,44.036,219.569,3845053
-122.450,43.864,219.116,3845074
-122.820,43.692,218.712,3845095
-122.988,43.832,218.538,3845116
-123.091,43.985,218.395,3845137
-123.152,44.161,218.240,3845158
-123.188,44.359,218.073,3845179
-123.429,44.233,217.810,3845200
-123.552,44.495,217.622,3845221
-123.576,44.338,217.483,3845242
-123.616,44.211,217.379,3845263
-123.322,44.347,217.495,3845284
-123.350,44.259,217.400,3845305
-122.980,44.389,217.602,3845326
-123.012,44.357,217.534,3845347
-122.668,44.602,217.732,3845368
-122.455,44.868,217.861,3845389
-122.161,45.122,218.001,3845410
-121.786,45.354,218.210,3845431
-121.625,45.227,218.258,3845452
-121.354,45.053,218.397,3845473
-121.235,44.947,218.398,3845494
-121.070,44.757,218.417,3845515
-121.045,44.760,218.339,3845536
-120.893,44.931,218.332,3845557
-120.427,45.004,218.542,3845578
-120.045,45.132,218.688,3845599
-119.643,45.198,218.849,3845620
-119.475,45.357,218.805,3845641
-119.071,45.219,218.934,3845662
-119.142,45.002,218.844,3845683
-118.864,44.846,219.023,3845704
-118.932,44.629,218.952,3845725
-118.906,44.387,218.939,3845746
-118.754,44.481,218.992,3845767
-118.605,44.582,219.013,3845788
-118.616,44.770,218.969,3845809
-118.991,44.847,218.661,3845830
-119.053,45.010,218.578,3845851
-119.399,44.894,218.271,3845872
-119.740,44.760,217.946,3845893
-120.212,44.780,217.504,3845914
-120.439,44.542,217.236,3845935
-120.366,44.411,217.167,3845956
-120.408,44.594,217.000,3845977
-120.402,44.786,216.878,3845998
-120.481,44.987,216.890,3846019
-120.715,45.247,216.784,3846040
-120.640,45.086,216.857,3846061
-120.757,45.368,216.823,3846082
-120.922,45.269,216.734,3846103
-120.862,45.109,216.878,3846124
-120.951,44.970,216.941,3846145
-121.229,45.030,216.851,3846166
-121.045,45.172,217.046,3846187
-120.811,45.264,217.297,3846208
-120.809,45.534,217.388,3846229
-121.021,45.534,217.291,3846250
-121.159,45.739,217.256,3846271
-121.083,45.547,217.339,3846292
-121.181,45.463,217.301,3846313
-121.353,45.443,217.206,3846334
-121.512,45.437,217.108,3846355
-121.333,45.213,217.258,3846376
-121.007,45.280,217.506,3846397
-120.624,45.231,217.787,3846418
-120.234,45.315,218.094,3846439
-119.829,45.351,218.409,3846460
-119.429,45.327,218.745,3846481
-119.406,45.162,218.826,3846502
-119.310,45.021,218.957,3846523
-119.380,44.978,219.011,3846544
-119.017,45.036,219.353,3846565
-119.145,45.061,219.349,3846586
-118.810,45.231,219.665,3846607
-118.511,45.412,219.947,3846628
-118.362,45.679,220.110,3846649
-118.128,45.913,220.321,3846670
-118.047,46.166,220.426,3846691
-118.060,46.379,220.459,3846712
-118.098,46.337,220.478,3846733
-118.120,46.278,220.496,3846754
-117.777,46.075,220.763,3846775
-117.669,45.910,220.830,3846796
-117.573,46.142,220.904,3846817
-117.101,46.195,221.218,3846838
-116.612,46.235,221.538,3846859
-116.259,46.375,221.745,3846880
-116.183,46.547,221.769,3846901
-116.071,46.311,221.787,3846922
-115.871,46.025,221.874,3846943
-115.874,45.773,221.826,3846964
-116.029,45.591,221.658,3846985
-116.229,45.370,221.446,3847006
-116.170,45.129,221.409,3847027
-116.099,45.107,221.368,3847048
-116.216,45.190,221.187,3847069
-116.442,45.325,220.938,3847090
-116.720,45.471,220.642,3847111
-117.086,45.646,220.284,3847132
-117.444,45.383,219.909,3847153
-117.931,45.238,219.451,3847174
-118.056,45.034,219.229,3847195
-118.601,44.979,218.713,3847216
-119.121,44.879,218.212,3847237
-119.323,45.040,217.912,3847258
-119.502,45.165,217.624,3847279
-119.713,45.308,217.292,3847300
-120.152,45.548,216.749,3847321
-120.704,45.736,216.087,3847342
-121.049,45.551,215.575,3847363
-121.447,45.435,214.972,3847384
-121.659,45.255,214.472,3847405
-121.826,45.053,213.952,3847426
-121.722,45.222,213.625,3847447
-121.553,45.363,213.308,3847468
-121.596,45.579,212.828,3847489
-121.325,45.733,212.569,3847510
-121.257,45.929,212.123,3847531
-120.940,46.091,211.812,3847552
-120.440,46.091,211.597,3847573
-120.131,45.806,211.249,3847594
-119.549,45.595,211.089,3847615
-119.108,45.290,210.797,3847636
-118.778,44.986,210.452,3847657
-118.149,44.773,210.311,3847678
-117.862,44.885,209.897,3847699
-117.235,44.769,209.736,3847720
-117.082,44.816,209.257,3847741
-116.584,44.844,209.032,3847762
-116.416,44.564,208.599,3847783
-116.385,44.529,208.057,3847804
-116.197,44.233,207.649,3847825
-115.792,44.176,207.421,3847846
-115.789,43.974,206.891,3847867
-115.504,43.952,206.559,3847888
-115.558,44.210,205.991,3847909
-115.768,44.511,205.315,3847930
-115.702,44.595,204.796,3847951
-116.081,44.871,203.994,3847972
-116.520,44.814,203.127,3847993
-116.749,44.704,202.414,3848014
-117.267,44.999,201.498,3848035
-117.492,44.927,200.758,3848056
-118.066,45.244,199.767,3848077
-118.499,45.198,198.867,3848098
-118.849,45.545,198.016,3848119
-119.172,45.873,197.168,3848140
-119.856,46.013,196.040,3848161
-120.339,45.942,195.076,3848182
-120.485,45.964,194.352,3848203
-121.118,46.108,193.258,3848224
-121.762,46.231,192.161,3848245
-121.969,46.146,191.405,3848266
-122.149,46.382,190.654,3848287
-122.255,46.552,189.927,3848308
-122.402,46.758,189.157,3848329
-122.850,46.958,188.176,3848350
-123.195,46.791,187.281,3848371
-123.349,46.948,186.513,3848392
-123.219,46.776,185.942,3848413
-123.332,46.484,185.211,3848434
-123.108,46.228,184.718,3848455
-122.798,45.969,184.294,3848476
-122.612,46.072,183.761,3848497
-122.231,45.984,183.350,3848518
-122.280,46.108,182.653,3848539
-121.622,46.134,165.472,3850723
-121.998,46.095,165.203,3850744
-122.096,46.720,164.929,3850870
-122.178,47.032,164.818,3850891
-122.184,47.338,164.790,3850912
-122.352,47.493,164.665,3850933
-122.258,47.787,164.723,3850954
-122.069,47.636,164.873,3850975
-121.906,47.477,165.003,3850996
-121.642,47.334,165.218,3851017
-121.369,47.171,165.441,3851038
-121.475,47.124,165.367,3851059
-121.379,47.351,165.449,3851080
-121.350,47.523,165.461,3851101
-121.334,47.645,165.495,3851122
-121.380,47.733,165.467,3851143
-121.230,47.445,165.611,3851164
-120.832,47.168,165.934,3851185
-120.425,46.888,166.264,3851206
-119.997,46.760,166.625,3851227
-119.673,46.413,166.914,3851248
-119.356,46.339,167.198,3851269
-119.198,46.363,167.371,3851290
-119.333,46.300,167.317,3851311
-119.359,45.927,167.336,3851332
-119.450,45.964,167.326,3851353
-119.501,46.055,167.346,3851374
-119.222,46.014,167.626,3851395
-119.142,45.697,167.753,3851416
-118.940,45.683,167.976,3851437
-118.766,45.434,168.217,3851458
-118.989,45.307,168.157,3851479
-118.966,45.517,168.291,3851500
-119.260,45.721,168.194,3851521
-119.360,45.997,168.293,3851542
-119.647,46.171,168.231,3851563
-119.899,46.351,168.212,3851584
-119.944,46.257,168.333,3851605
-120.083,46.221,168.377,3851626
-119.813,46.367,168.746,3851647
-119.560,46.401,169.109,3851668
-119.393,46.668,169.420,3851689
-119.292,46.947,169.679,3851710
-119.268,47.264,169.890,3851731
-119.396,47.550,169.990,3851752
-119.648,47.737,169.991,3851773
-119.559,48.012,170.261,3851794
-119.350,47.893,170.614,3851815
-119.212,47.756,170.944,3851836
-119.109,47.584,171.234,3851857
-119.002,47.440,171.547,3851878
-118.894,47.290,171.853,3851899
-118.816,47.558,172.178,3851920
-118.775,47.780,172.508,3851941
-118.673,47.971,172.874,3851962
-118.175,48.092,173.551,3851983
-118.185,48.182,173.872,3852004
-117.692,48.013,174.586,3852025
-117.233,47.834,175.277,3852046
-116.972,47.598,175.819,3852067
-116.621,47.410,176.451,3852088
-116.635,47.178,176.804,3852109
-116.635,47.341,177.174,3852130
-116.677,47.495,177.509,3852151
-116.478,47.515,178.007,3852172
-116.725,47.541,178.198,3852193
-116.968,47.600,178.380,3852214
-116.738,47.413,178.899,3852235
-116.863,47.121,179.189,3852256
-117.144,47.023,179.378,3852277
-117.003,46.817,179.855,3852298
-117.000,46.560,180.267,3852319
-116.808,46.552,180.837,3852340
-117.053,46.731,181.084,3852361
-117.243,46.946,181.364,3852382
-117.235,46.665,181.700,3852403
-117.527,46.786,181.740,3852424
-117.698,46.980,181.853,3852445
-117.601,46.798,182.171,3852466
-117.499,46.655,182.456,3852487
-117.819,46.561,182.438,3852508
-118.011,46.400,182.493,3852529
-118.027,46.630,182.687,3852550
-118.108,46.900,182.818,3852571
-117.962,47.073,183.090,3852592
-118.222,47.315,183.045,3852613
-118.146,47.558,183.228,3852634
-118.111,47.824,183.371,3852655
-118.304,47.786,183.326,3852676
-118.368,47.635,183.382,3852697
-118.173,47.818,183.613,3852718
-117.952,47.640,183.844,3852739
-118.049,47.561,183.844,3852760
-117.873,47.722,184.017,3852781
-117.892,47.887,184.008,3852802
-117.679,48.010,184.163,3852823
-117.338,48.086,184.395,3852844
-117.239,47.799,184.438,3852865
-117.093,47.484,184.516,3852886
-116.947,47.156,184.592,3852907
-116.692,46.856,184.736,3852928
-116.687,46.564,184.681,3852949
-116.868,46.446,184.459,3852970
-116.873,46.565,184.384,3852991
-116.843,46.684,184.325,3853012
-116.953,46.833,184.126,3853033
-117.196,46.911,183.842,3853054
-117.234,46.989,183.706,3853075
-117.665,47.047,183.248,3853096
-117.836,46.732,182.963,3853117
-117.893,46.761,182.760,3853138
-118.250,46.489,182.329,3853159
-118.621,46.248,181.877,3853180
-118.891,46.385,181.505,3853201
-119.523,46.416,180.868,3853222
-120.000,46.612,180.349,3853243
-120.633,46.710,179.710,3853264
-120.804,46.838,179.389,3853285
-121.133,46.647,178.979,3853306
-121.566,46.509,178.483,3853327
-121.590,46.545,178.294,3853348
-121.606,46.443,178.104,3853369
-122.003,46.684,177.645,3853390
-121.890,46.704,177.589,3853411
-122.082,47.014,177.297,3853432
-122.335,47.200,176.959,3853453
-122.160,47.086,176.931,3853474
-122.076,47.391,176.848,3853495
-121.844,47.229,176.876,3853516
-121.830,47.200,176.724,3853537
-121.373,47.238,176.891,3853558
-120.889,47.263,177.059,3853579
-120.653,47.079,177.042,3853600
-120.155,47.103,177.254,3853621
-119.881,47.257,177.283,3853642
-119.732,47.398,177.248,3853663
-119.325,47.537,177.397,3853684
-119.222,47.442,177.353,3853705
-119.183,47.421,177.263,3853726
-118.851,47.156,177.409,3853747
-118.556,46.907,177.566,3853768
-118.192,46.753,177.749,3853789
-117.808,46.883,177.975,3853810
-117.386,46.937,178.246,3853831
-116.964,47.006,178.547,3853852
-117.108,47.159,178.437,3853873
-117.108,47.406,178.412,3853894
-117.258,47.610,178.311,3853915
-117.024,47.528,178.484,3853936
-117.082,47.375,178.474,3853957
-117.020,47.236,178.547,3853978
-116.976,47.150,178.595,3853999
-116.990,46.971,178.659,3854020
-117.389,47.127,178.442,3854041
-117.730,47.364,178.283,3854062
-118.182,47.502,178.066,3854083
-118.483,47.724,177.979,3854104
-118.585,47.940,178.014,3854125
-118.584,47.654,177.567,3854146
-118.865,47.815,176.952,3854167
-119.155,47.574,176.335,3854188
-119.042,47.357,176.030,3854209
-119.105,47.087,175.628,3854230
-119.396,47.252,175.055,3854251
-119.305,47.326,174.796,3854272
-119.273,47.463,174.518,3854293
-119.537,47.350,174.030,3854314
-119.907,47.397,173.481,3854335
-119.947,47.220,173.211,3854356
-119.763,47.137,173.109,3854377
-119.709,46.966,172.925,3854398
-119.419,46.871,172.916,3854419
-119.131,47.023,172.922,3854440
-119.220,47.248,172.652,3854461
-119.067,47.564,172.590,3854482
-119.131,47.729,172.370,3854503
-119.013,48.044,172.300,3854524
-119.061,48.254,172.136,3854545
-118.915,48.129,172.106,3854566
-118.798,47.962,172.082,3854587
-118.547,48.160,172.153,3854608
-118.596,48.049,172.016,3854629
-118.219,47.852,172.202,3854650
-118.016,47.575,172.289,3854671
-117.801,47.638,172.384,3854692
-117.718,47.775,172.370,3854713
-117.570,47.847,172.413,3854734
-117.619,47.943,172.324,3854755
-117.456,47.902,172.376,3854776
-117.658,47.604,172.155,3854797
-117.967,47.421,171.841,3854818
-118.304,47.406,171.507,3854839
-118.293,47.099,171.438,3854860
-118.633,46.969,171.104,3854881
-119.005,46.893,170.731,3854902
-118.942,46.973,170.675,3854923
-118.985,47.080,170.547,3854944
-119.285,47.029,170.190,3854965
-119.471,46.856,169.923,3854986
-119.259,46.696,169.939,3855007
-119.022,46.681,169.979,3855028
-118.820,46.639,170.013,3855049
-118.767,46.482,169.924,3855070
-119.011,46.444,169.645,3855091
-119.029,46.727,169.502,3855112
-119.024,46.987,169.361,3855133
-119.287,47.261,169.038,3855154
-119.628,47.487,168.656,3855175
-119.604,47.774,168.532,3855196
-119.486,47.727,168.465,3855217
-119.655,47.637,168.174,3855238
-119.498,47.634,168.107,3855259
-119.334,47.580,168.063,3855280
-119.463,47.496,167.782,3855301
-119.694,47.658,167.044,3855322
-119.841,47.849,166.387,3855343
-120.120,47.963,165.635,3855364
-120.330,48.133,164.970,3855385
-120.381,48.302,164.418,3855406
-120.449,48.071,163.868,3855427
-120.261,47.829,163.496,3855448
-120.336,47.936,163.624,3855469
-120.299,48.015,163.784,3855490
-120.367,48.072,163.834,3855511
-120.475,48.504,163.822,3855532
-120.748,48.902,163.648,3855553
-120.745,49.264,163.673,3855574
-121.092,49.509,163.398,3855595
-121.259,49.806,163.255,3855616
-121.033,49.812,163.398,3855637
-121.086,49.580,163.308,3855658
-120.795,49.419,163.448,3855679
-120.572,49.065,163.498,3855700
-120.245,48.976,163.604,3855721
-120.191,49.043,163.491,3855742
-119.863,49.015,163.655,3855763
-119.972,48.923,163.479,3855784
-120.049,48.708,163.336,3855805
-120.093,48.713,163.229,3855826
-119.952,48.300,163.274,3855847
-119.743,47.907,163.368,3855868
-119.922,47.818,163.181,3855889
-119.627,47.673,163.377,3855910
-119.385,47.315,163.512,3855931
-119.616,47.148,163.252,3855952
-119.830,46.964,163.059,3855973
-119.709,47.019,163.057,3855994
-119.728,46.699,162.943,3856015
-119.853,46.796,162.742,3856036
-119.571,46.705,162.835,3856057
-119.606,46.410,162.680,3856078
-119.744,46.215,162.447,3856099
-119.471,46.160,162.479,3856120
-119.250,45.941,162.476,3856141
-119.439,45.820,162.225,3856162
-119.405,45.992,162.128,3856183
-119.631,46.162,161.867,3856204
-119.834,46.375,161.604,3856225
-120.159,46.480,161.267,3856246
-120.534,46.512,160.911,3856267
-120.511,46.636,160.831,3856288
-120.375,46.549,160.840,3856309
-120.255,46.459,160.849,3856330
-120.304,46.232,160.769,3856351
-120.236,46.320,160.776,3856372
-120.235,46.160,160.691,3856393
-120.640,46.272,160.317,3856414
-121.011,46.392,159.962,3856435
-121.238,46.637,159.733,3856456
-121.460,46.912,159.491,3856477
-121.440,46.771,159.433,3856498
-121.402,46.627,159.396,3856519
-121.138,46.493,159.519,3856540
-120.804,46.633,159.684,3856561
-120.388,46.811,159.919,3856582
-120.231,47.103,159.947,3856603
-120.089,47.387,159.967,3856624
-119.869,47.685,160.053,3856645
-119.896,47.735,159.931,3856666
-119.368,47.667,160.203,3856687
-119.131,47.525,160.241,3856708
-118.840,47.353,160.333,3856729
-118.413,47.190,160.501,3856750
-117.911,47.073,160.716,3856771
-117.552,47.239,160.815,3856792
-117.339,47.448,160.783,3856813
-117.326,47.532,160.602,3856834
-117.211,47.699,160.484,3856855
-117.251,47.722,160.233,3856876
-117.165,47.871,160.106,3856897
-116.857,47.608,160.143,3856918
-116.768,47.309,160.026,3856939
-116.542,47.024,159.979,3856960
-116.285,46.893,159.977,3856981
-116.055,46.655,159.952,3857002
-115.885,46.505,159.862,3857023
-116.228,46.527,159.388,3857044
-116.621,46.573,158.873,3857065
-116.918,46.659,158.413,3857086
-117.225,46.773,157.946,3857107
-117.481,46.489,157.507,3857128
-117.714,46.270,157.240,3857149
-118.190,46.408,156.811,3857170
-118.248,46.515,156.676,3857191
-118.475,46.363,156.426,3857212
-119.060,46.482,155.890,3857233
-119.512,46.759,155.453,3857254
-120.053,46.755,154.974,3857275
-120.668,46.878,154.502,3857296
-121.146,47.171,154.107,3857317
-121.187,47.195,154.027,3857338
-121.152,47.215,154.005,3857359
-121.072,47.225,153.997,3857380
-120.969,47.145,154.027,3857401
-121.183,47.029,153.807,3857422
-121.235,47.331,153.715,3857443
-121.434,47.598,153.540,3857464
-121.621,47.848,153.372,3857485
-121.801,48.034,153.207,3857506
-121.700,48.305,153.249,3857527
-121.729,48.216,153.295,3857548
-121.870,48.158,153.251,3857569
-121.847,48.009,153.319,3857590
-121.569,47.990,153.557,3857611
-121.403,47.825,153.753,3857632
-121.322,48.007,153.895,3857653
-121.183,48.148,154.075,3857674
-121.033,48.255,154.261,3857695
-121.236,48.188,154.183,3857716
-121.435,48.229,154.090,3857737
-121.111,48.014,154.419,3857758
-121.070,47.677,154.560,3857779
-120.770,47.549,154.879,3857800
-120.464,47.346,155.195,3857821
-120.216,47.049,155.474,3857842
-120.462,46.957,155.376,3857863
-120.321,46.952,155.571,3857884
-120.429,47.023,155.586,3857905
-120.353,46.687,155.726,3857926
-120.591,46.632,155.680,3857947
-120.763,46.510,155.660,3857968
-120.449,46.385,156.004,3857989
-120.601,46.547,156.012,3858010
-120.481,46.379,156.209,3858031
-120.503,46.290,156.294,3858052
-120.230,46.533,156.621,3858073
-120.376,46.805,156.618,3858094
-120.438,47.189,156.668,3858115
-120.393,47.150,156.786,3858136
-120.176,47.508,157.034,3858157
-119.731,47.736,157.437,3858178
-119.218,47.825,157.896,3858199
-118.997,47.746,158.131,3858220
-118.581,48.013,158.498,3858241
-118.241,48.000,158.821,3858262
-118.184,48.411,158.909,3858283
-118.286,48.740,158.876,3858304
-118.369,49.123,158.835,3858325
-118.545,49.348,158.679,3858346
-118.684,49.501,158.534,3858367
-118.446,49.329,158.622,3858388
-118.103,49.151,158.764,3858409
-117.731,49.185,158.920,3858430
-117.422,48.863,159.015,3858451
-117.297,48.479,158.984,3858472
-116.922,48.168,159.138,3858493
-116.822,48.137,159.062,3858514
-116.818,48.088,158.918,3858535
-116.768,48.021,158.939,3858556
-117.099,47.872,158.651,3858577
-117.385,47.762,158.363,3858598
-117.351,47.344,158.352,3858619
-117.334,47.189,158.318,3858640
-117.592,46.762,158.088,3858661
-118.045,46.473,157.728,3858682
-118.161,46.133,157.608,3858703
-118.371,46.242,157.430,3858724
-118.839,46.073,157.080,3858745
-119.339,45.989,156.702,3858766
-119.810,46.026,156.316,3858787
-119.881,46.185,156.254,3858808
-119.760,45.975,156.308,3858829
-119.743,45.721,156.288,3858850
-119.548,45.493,156.393,3858871
-119.669,45.316,156.254,3858892
-119.625,45.542,156.241,3858913
-119.855,45.827,156.029,3858934
-120.075,46.165,155.800,3858955
-120.323,46.530,155.535,3858976
-120.718,46.780,155.126,3858997
-121.139,47.056,154.677,3859018
-121.078,47.149,154.543,3859039
-120.983,47.371,154.407,3859060
-121.282,47.417,153.972,3859081
-121.232,47.385,153.798,3859102
-121.175,47.736,153.790,3859123
-121.224,48.149,153.688,3859144
-121.546,48.425,153.403,3859165
-121.361,48.359,153.511,3859186
-121.518,48.550,153.351,3859207
-121.652,48.723,153.193,3859228
-121.476,48.479,153.232,3859249
-121.330,48.612,153.228,3859270
-121.257,48.335,153.176,3859291
-120.900,48.286,153.314,3859312
-120.520,48.131,153.458,3859333
-120.679,48.057,153.188,3859354
-120.827,48.225,153.082,3859375
-120.852,48.368,153.048,3859396
-121.036,48.327,152.888,3859417
-120.918,47.975,152.908,3859438
-120.536,47.745,153.161,3859459
-120.163,47.433,153.392,3859480
-119.778,47.134,153.639,3859501
-119.474,46.767,153.831,3859522
-119.047,46.468,154.108,3859543
-118.884,46.498,154.185,3859564
-118.742,46.597,154.202,3859585
-118.684,46.656,154.150,3859606
-118.610,46.786,154.109,3859627
-118.629,46.686,153.968,3859648
-118.519,46.503,153.903,3859669
-118.493,46.364,153.732,3859690
-118.087,46.241,153.809,3859711
-117.785,46.446,153.812,3859732
-117.381,46.513,153.841,3859753
-117.161,46.813,153.828,3859774
-117.353,47.124,153.509,3859795
-117.592,47.336,153.153,3859816
-117.865,47.543,152.744,3859837
-118.169,47.764,152.280,3859858
-118.001,47.755,152.165,3859879
-117.867,47.813,151.993,3859900
-118.109,48.155,151.547,3859921
-118.130,48.066,151.212,3859942
-118.128,48.294,150.868,3859963
-118.705,48.571,150.176,3859984
-119.177,48.931,149.489,3860005
-119.696,49.187,148.747,3860026
-120.092,49.560,148.139,3860047
-120.095,49.564,147.814,3860068
-120.217,49.447,147.433,3860089
-120.616,49.288,146.798,3860110
-120.728,49.073,146.427,3860131
-121.278,49.108,145.749,3860152
-121.467,48.800,145.389,3860173
-121.530,48.664,145.153,3860194
-121.753,48.337,144.833,3860215
-122.332,48.310,144.234,3860236
-122.895,48.278,143.686,3860257
-123.419,48.230,143.155,3860278
-123.803,47.982,142.754,3860299
-123.676,47.787,142.738,3860320
-123.957,47.886,142.421,3860341
-123.892,47.599,142.383,3860362
-123.611,47.430,142.486,3860383
-123.436,47.533,142.503,3860404
-123.510,47.683,142.352,3860425
-123.664,47.763,142.133,3860446
-123.529,47.922,142.112,3860467
-123.642,47.817,141.901,3860488
-123.304,47.819,142.039,3860509
-122.953,47.682,142.164,3860530
-122.581,47.635,142.302,3860551
-122.213,47.475,142.448,3860572
-121.874,47.328,142.557,3860593
-121.541,47.396,142.665,3860614
-121.476,47.213,142.606,3860635
-121.460,47.064,142.493,3860656
-121.628,47.205,142.230,3860677
-121.801,47.336,141.933,3860698
-121.952,47.623,141.671,3860719
-122.133,47.779,141.369,3860740
-121.833,47.927,141.418,3860761
-121.636,48.209,141.376,3860782
-121.541,48.139,141.255,3860803
-121.842,48.417,140.815,3860824
-121.780,48.726,140.614,3860845
-121.619,48.891,140.484,3860866
-122.002,49.056,139.920,3860887
-122.356,49.110,139.395,3860908
-122.184,49.120,139.254,3860929
-122.559,49.111,138.705,3860950
-122.462,49.224,138.551,3860971
-122.454,49.000,138.318,3860992
-122.836,48.967,137.804,3861013
-123.038,49.200,137.430,3861034
-123.323,49.424,137.003,3861055
-123.765,49.471,136.471,3861076
-124.212,49.480,135.920,3861097
-124.641,49.430,135.362,3861118
-124.544,49.433,135.175,3861139
-124.405,49.334,135.008,3861160
-124.246,49.227,134.863,3861181
-124.099,49.050,134.674,3861202
-123.939,48.821,134.482,3861223
-123.790,48.503,134.258,3861244
-123.853,48.585,133.849,3861265
-123.637,48.241,133.681,3861286
-123.762,48.158,133.222,3861307
-123.879,48.055,132.773,3861328
-123.665,48.069,132.594,3861349
-123.260,47.767,132.584,3861370
-123.367,47.812,132.160,3861391
-123.556,47.626,131.635,3861412
-123.296,47.399,131.455,3861433
-123.136,47.108,131.182,3861454
-123.362,47.186,130.618,3861475
-123.712,47.159,129.974,3861496
-123.967,47.232,129.347,3861517
-124.347,47.312,128.594,3861538
-124.153,47.179,128.240,3861559
-123.970,47.000,127.819,3861580
-123.711,46.875,127.397,3861601
-123.501,47.055,126.891,3861622
-123.349,46.897,126.253,3861643
-123.388,46.879,125.432,3861664
-123.261,47.231,124.696,3861685
-123.389,47.618,123.749,3861706
-123.592,47.979,122.734,3861727
-123.786,48.477,121.696,3861748
-123.949,49.028,120.626,3861769
-123.852,49.186,119.711,3861790
-123.755,49.556,118.738,3861811
-123.644,49.903,117.754,3861832
-123.680,50.044,116.605,3861853
-123.673,50.490,115.442,3861874
-124.090,50.921,113.919,3861895
-124.329,51.386,112.463,3861916
-124.731,51.492,110.863,3861937
-125.079,51.484,109.248,3861958
-124.989,51.395,107.959,3861979
-124.800,51.401,106.737,3862000
-124.659,51.215,105.458,3862021
-124.596,51.404,104.112,3862042
-124.347,51.185,102.885,3862063
-124.106,51.217,101.632,3862084
-122.120,51.109,102.502,3862105
-120.778,50.940,102.842,3862126
-119.495,50.717,103.098,3862147
-118.367,50.408,103.203,3862168
-117.375,50.025,103.225,3862189
-116.504,49.577,103.130,3862210
-115.485,49.381,103.141,3862231
-114.642,48.985,102.998,3862252
-113.943,48.661,102.725,3862273
-113.409,48.367,102.342,3862294
-113.540,48.247,101.442,3862315
-113.793,48.168,100.446,3862336
-113.832,47.813,99.613,3862357
-114.242,47.550,98.481,3862378
-114.866,47.422,97.204,3862399
-115.069,47.319,96.231,3862420
-115.380,47.320,95.178,3862441
-116.231,47.208,93.696,3862462
-116.700,47.082,92.516,3862483
-117.561,46.855,91.047,3862504
-118.530,46.907,89.501,3862525
-119.560,46.796,87.912,3862546
-120.651,46.737,86.314,3862567
-121.791,46.769,84.660,3862588
-122.864,46.568,83.044,3862609
-123.719,46.688,81.598,3862630
-124.509,46.773,80.217,3862651
-125.699,46.740,78.557,3862672
-126.364,46.597,77.293,3862693
-127.093,46.803,75.975,3862714
-128.087,47.096,74.472,3862735
-129.110,47.313,72.952,3862756
-129.804,47.260,71.677,3862777
-130.362,47.239,70.490,3862798
-130.815,47.204,69.397,3862819
-131.210,47.608,68.348,3862840
-131.329,47.823,67.506,3862861
-131.779,47.875,66.459,3862882
-131.999,48.248,65.586,3862903
-132.059,48.196,64.824,3862924
-132.380,48.514,63.861,3862945
-132.686,48.634,62.891,3862966
-132.383,48.741,62.384,3862987
-132.474,48.663,61.587,3863008
-132.370,48.509,60.941,3863029
-131.880,48.521,60.577,3863050
-131.378,48.626,60.234,3863071
-131.256,48.536,59.577,3863092
-130.658,48.609,59.303,3863113
-129.944,48.631,59.108,3863134
-129.191,48.342,58.940,3863155
-128.731,48.100,58.580,3863176
-128.203,47.783,58.277,3863197
-127.378,47.459,58.207,3863218
-127.024,47.309,57.794,3863239
-126.355,47.300,57.618,3863260
-125.711,47.238,57.436,3863281
-125.115,47.173,57.233,3863302
-124.972,47.006,56.675,3863323
-124.355,46.620,56.456,3863344
-124.034,46.608,56.037,3863365
-123.981,46.359,55.429,3863386
-123.715,45.954,54.974,3863407
-123.606,45.595,54.426,3863428
-123.185,45.363,54.109,3863449
-122.844,45.272,53.721,3863470
-122.703,45.341,53.214,3863491
-122.777,45.422,52.555,3863512
-122.541,45.355,52.105,3863533
-122.356,45.361,51.632,3863554
-122.504,45.121,50.915,3863575
-122.805,45.111,50.109,3863596
-123.009,44.939,49.365,3863617
-123.309,44.851,48.557,3863638
-123.615,44.718,47.737,3863659
-123.601,44.861,47.153,3863680
-123.651,45.014,46.505,3863701
-123.713,45.183,45.854,3863722
-123.827,45.387,45.152,3863743
-124.323,45.602,44.145,3863764
-124.725,45.482,43.197,3863785
-125.047,45.323,42.282,3863806
-125.835,44.900,41.938,3863827
-126.660,44.567,41.520,3863848
-127.174,44.111,41.292,3863869
-127.888,43.941,40.898,3863890
-128.189,43.944,40.764,3863911
-128.516,44.001,40.590,3863932
-128.666,43.716,40.512,3863953
-128.831,43.807,40.423,3863974
-129.268,43.884,40.114,3863995
-129.549,44.076,39.895,3864016
-129.351,43.968,39.982,3864037
-129.184,43.860,40.040,3864058
-128.807,43.915,40.218,3864079
-128.360,44.035,40.434,3864100
-128.049,44.433,40.532,3864121
-127.743,44.871,40.620,3864142
-127.569,45.312,40.591,3864163
-127.379,45.710,40.535,3864184
-126.848,46.101,40.722,3864205
-126.651,46.311,40.650,3864226
-126.327,46.383,40.662,3864247
-125.609,46.659,40.931,3864268
-124.949,46.638,41.130,3864289
-124.535,46.608,41.138,3864310
-123.943,46.893,41.237,3864331
-123.229,46.853,41.401,3864352
-122.714,47.088,41.383,3864373
-122.270,47.323,41.311,3864394
-122.170,47.247,40.982,3864415
-122.112,47.020,40.798,3864436
-122.130,46.783,40.548,3864457
-122.295,46.592,40.160,3864478
-122.407,46.282,39.780,3864499
-122.622,45.982,39.352,3864520
-122.656,45.980,39.050,3864541
-122.707,45.978,38.743,3864562
-122.678,45.912,38.502,3864583
-122.879,45.967,38.089,3864604
-122.847,45.877,37.844,3864625
-123.304,45.662,37.228,3864646
-123.590,45.318,36.752,3864667
-123.875,45.023,36.283,3864688
-123.953,44.745,35.961,3864709
-124.390,44.901,35.382,3864730
-124.542,45.049,35.013,3864751
-124.678,44.820,34.702,3864772
-124.723,44.971,34.478,3864793
-124.965,45.235,34.118,3864814
-125.184,45.472,33.775,3864835
-125.523,45.365,33.334,3864856
-125.731,45.229,32.966,3864877
-125.642,45.115,32.859,3864898
-125.521,45.030,32.747,3864919
-125.794,45.229,32.393,3864940
-125.793,45.553,32.240,3864961
-125.891,45.838,32.010,3864982
-125.934,46.122,31.825,3865003
-126.045,46.391,31.588,3865024
-125.710,46.573,31.676,3865045
-125.407,46.780,31.737,3865066
-125.039,46.613,31.851,3865087
-124.773,46.390,31.882,3865108
-124.380,46.207,31.984,3865129
-124.029,45.978,32.028,3865150
-123.863,45.798,31.948,3865171
-123.748,45.627,31.820,3865192
-123.679,45.860,31.653,3865213
-123.501,46.075,31.570,3865234
-123.164,46.282,31.627,3865255
-123.082,46.176,31.493,3865276
-122.509,45.987,31.717,3865297
-122.275,45.771,31.674,3865318
-122.236,45.846,31.489,3865339
-121.773,45.607,31.605,3865360
-121.286,45.565,31.698,3865381
-121.098,45.739,31.574,3865402
-120.871,45.895,31.495,3865423
-120.942,46.041,31.179,3865444
-120.658,46.169,31.138,3865465
-120.798,46.131,30.821,3865486
-120.867,46.011,30.588,3865507
-120.998,45.910,30.289,3865528
-121.039,45.759,30.070,3865549
-121.087,45.587,29.846,3865570
-121.312,45.818,29.458,3865591
-121.431,46.061,29.148,3865612
-121.558,46.300,28.820,3865633
-121.473,46.458,28.660,3865654
-121.703,46.667,28.257,3865675
-121.853,46.876,27.923,3865696
-121.839,46.674,27.724,3865717
-121.957,46.445,27.420,3865738
-121.952,46.562,27.209,3865759
-122.073,46.326,26.928,3865780
-122.462,46.074,26.541,3865801
-122.994,46.133,26.039,3865822
-123.513,46.017,25.563,3865843
-123.652,46.145,25.364,3865864
-124.183,46.190,24.932,3865885
-124.202,46.188,24.871,3865906
-124.219,46.004,24.805,3865927
-124.643,45.856,24.433,3865948
-124.714,45.575,24.320,3865969
-124.549,45.455,24.375,3865990
-124.396,45.502,24.426,3866011
-124.273,45.604,24.469,3866032
-124.167,45.783,24.509,3866053
-124.226,45.628,24.431,3866074
-124.199,45.838,24.418,3866095
-124.204,45.798,24.410,3866116
-123.794,45.734,24.686,3866137
-123.719,45.623,24.730,3866158
-123.790,45.706,24.690,3866179
-123.796,45.687,24.678,3866200
-123.296,45.636,25.060,3866221
-123.011,45.889,25.307,3866242
-122.423,45.882,25.767,3866263
-122.058,46.121,26.033,3866284
-121.671,46.336,26.347,3866305
-121.278,46.536,26.649,3866326
-121.012,46.352,26.873,3866347
-120.591,46.141,27.216,3866368
-120.338,45.929,27.454,3866389
-119.842,45.762,27.858,3866410
-119.610,45.965,28.055,3866431
-119.194,46.003,28.384,3866452
-119.136,46.200,28.473,3866473
-118.786,46.069,28.765,3866494
-118.692,46.250,28.869,3866515
-118.749,46.033,28.881,3866536
-118.922,45.897,28.792,3866557
-119.065,45.697,28.761,3866578
-118.927,45.727,28.924,3866599
-118.993,45.494,28.951,3866620
-119.162,45.253,28.880,3866641
-119.399,45.424,28.732,3866662
-119.681,45.631,28.554,3866683
-120.150,45.711,28.235,3866704
-120.565,45.878,27.944,3866725
-120.606,45.971,27.900,3866746
-120.563,45.865,27.903,3866767
-120.811,46.026,27.678,3866788
-121.156,45.824,27.364,3866809
-121.495,45.582,27.070,3866830
-121.847,45.728,26.761,3866851
-121.885,45.832,26.655,3866872
-122.293,45.691,26.291,3866893
-122.768,45.670,25.863,3866914
-122.890,45.815,25.685,3866935
-122.897,45.552,25.576,3866956
-122.948,45.691,25.439,3866977
-123.136,45.493,25.195,3866998
-122.968,45.324,25.226,3867019
-123.284,45.313,24.878,3867040
-123.172,45.410,24.841,3867061
-122.999,45.452,24.838,3867082
-122.877,45.564,24.764,3867103
-122.693,45.602,24.735,3867124
-122.883,45.473,24.423,3867145
-123.127,45.642,24.076,3867166
-122.871,45.524,24.086,3867187
-122.762,45.315,23.985,3867208
-122.932,45.375,23.700,3867229
-122.935,45.184,23.521,3867250
-122.693,44.967,23.513,3867271
-122.480,45.204,23.482,3867292
-122.482,45.379,23.313,3867313
-122.562,45.314,23.082,3867334
-122.357,45.522,23.054,3867355
-122.482,45.664,22.803,3867376
-122.463,45.532,22.658,3867397
-122.219,45.295,22.673,3867418
-121.858,45.319,22.763,3867439
-121.749,45.098,22.651,3867460
-121.689,44.905,22.518,3867481
-121.621,45.127,22.400,3867502
-121.512,45.340,22.309,3867523
-121.427,45.576,22.212,3867545
-121.376,45.787,22.063,3867566
-121.210,45.573,21.990,3867587
-121.424,45.680,21.665,3867608
-121.607,45.709,21.360,3867629
-121.470,45.479,21.254,3867650
-121.330,45.662,21.132,3867671
-121.468,45.609,20.811,3867692
-121.554,45.816,20.517,3867713
-121.739,45.749,20.164,3867734
-121.551,45.907,20.065,3867755
-121.589,46.119,19.779,3867776
-121.635,45.906,19.482,3867797
-121.479,45.790,19.315,3867818
-121.378,45.649,19.104,3867839
-121.280,45.537,18.908,3867860
-121.483,45.372,18.495,3867881
-121.451,45.556,18.221,3867902
-121.626,45.814,17.788,3867923
-121.710,46.071,17.443,3867944
-121.766,46.343,17.113,3867965
-122.061,46.389,16.597,3867986
-122.093,46.186,16.264,3868007
-122.155,45.979,15.909,3868028
-122.027,45.787,15.654,3868049
-122.156,45.611,15.231,3868070
-122.300,45.804,14.795,3868091
-122.373,45.978,14.387,3868112
-122.453,46.171,13.960,3868133
-122.689,46.077,13.437,3868154
-122.550,46.179,13.148,3868175
-122.622,46.371,12.705,3868196
-122.715,46.153,12.238,3868217
-122.642,45.901,11.893,3868238
-122.328,45.764,11.720,3868259
-122.046,45.767,11.526,3868280
-121.731,45.745,11.343,3868301
-121.504,45.885,11.095,3868322
-121.703,45.926,10.532,3868343
-121.664,46.166,10.139,3868364
-121.429,46.370,9.904,3868385
-121.439,46.564,9.439,3868406
-121.281,46.352,9.136,3868427
-121.233,46.174,8.733,3868448
-121.063,45.986,8.401,3868469
-121.016,45.782,7.970,3868490
-121.206,45.785,7.391,3868511
-121.167,46.013,6.963,3868532
-121.352,46.214,6.348,3868553
-121.601,46.187,5.695,3868574
-121.492,46.336,5.282,3868595
-121.768,46.463,4.590,3868616
-121.953,46.304,3.961,3868637
-122.041,46.059,3.395,3868658
-121.861,46.019,3.009,3868679
-121.704,46.029,2.637,3868700
-121.915,46.209,1.967,3868721
-121.923,45.992,1.406,3868742
-122.022,46.153,0.822,3868763
-121.893,46.035,0.363,3868784
-122.159,46.218,359.606,3868805
-122.100,46.290,359.078,3868826
-122.495,46.337,358.236,3868847
-122.595,46.105,357.592,3868868
-122.655,45.902,356.956,3868889
-122.653,45.709,356.377,3868910
-122.980,45.869,355.566,3868931
-122.844,45.977,355.078,3868952
-123.122,45.903,354.299,3868973
-123.249,46.136,353.631,3868994
-123.292,46.402,353.023,3869015
-123.264,46.629,352.475,3869036
-123.377,46.502,351.821,3869057
-123.496,46.370,351.156,3869078
-123.219,46.387,350.776,3869099
-122.912,46.439,350.440,3869120
-122.606,46.397,350.086,3869141
-122.457,46.620,349.627,3869162
-122.649,46.748,348.941,3869183
-122.544,46.506,348.462,3869204
-122.779,46.488,347.708,3869225
-122.961,46.329,346.992,3869246
-122.728,46.087,346.583,3869267
-123.018,46.124,345.768,3869288
-123.028,45.807,345.150,3869309
-122.803,45.615,344.686,3869330
-122.642,45.632,344.169,3869351
-122.908,45.656,343.355,3869372
-123.125,45.527,342.562,3869393
-123.139,45.197,341.917,3869414
-123.224,45.287,341.204,3869435
-123.133,45.371,340.605,3869456
-122.858,45.121,340.137,3869477
-122.906,44.882,339.408,3869498
-122.604,44.719,338.924,3869519
-122.295,44.614,338.434,3869540
-122.034,44.462,337.901,3869561
-122.108,44.708,337.118,3869582
-122.549,45.094,336.363,3869603
-122.990,45.427,335.590,3869624
-123.002,45.728,335.101,3869645
-123.027,45.999,334.598,3869666
-123.077,46.264,334.073,3869687
-123.085,46.120,333.575,3869708
-123.049,45.943,333.069,3869729
-123.101,45.750,332.506,3869750
-123.213,45.509,331.879,3869771
-123.441,45.687,331.151,3869792
-123.604,45.826,330.469,3869813
-123.849,45.641,329.695,3869834
-124.034,45.654,328.906,3869855
-124.357,45.668,328.153,3869876
-124.614,45.368,327.451,3869897
-124.498,44.962,326.997,3869918
-124.250,44.575,326.638,3869939
-124.104,44.485,326.217,3869960
-123.821,44.225,325.899,3869981
-123.571,43.971,325.531,3870002
-123.527,43.944,325.042,3870023
-123.611,43.603,324.467,3870044
-123.697,43.326,323.906,3870065
-123.544,43.344,323.532,3870086
-123.379,42.982,323.137,3870107
-122.997,42.826,322.891,3870128
-122.589,42.751,322.672,3870149
-122.234,42.533,322.415,3870170
-121.879,42.518,322.137,3870191
-121.916,42.721,321.609,3870212
-122.070,42.776,320.986,3870233
-122.155,42.694,320.447,3870254
-122.293,42.772,319.893,3870275
-122.425,42.885,319.344,3870296
-122.555,42.873,318.800,3870317
-122.236,42.845,318.586,3870338
-121.893,42.873,318.388,3870359
-121.888,42.718,317.975,3870380
-121.602,42.824,317.731,3870401
-121.298,42.773,317.497,3870422
-121.424,42.969,316.956,3870443
-121.646,43.108,316.309,3870464
-121.859,43.284,315.664,3870485
-122.075,43.173,315.039,3870506
-122.177,42.916,314.485,3870527
-122.068,42.935,314.037,3870548
-121.933,42.817,313.615,3870569
-121.800,42.658,313.184,3870590
-121.714,42.685,312.678,3870611
-121.639,42.762,312.158,3870632
-121.948,42.882,311.380,3870653
-122.200,42.852,310.598,3870674
-122.483,42.982,309.796,3870695
-122.731,43.223,309.001,3870716
-122.793,43.193,308.320,3870737
-122.580,43.239,307.802,3870758
-122.358,43.471,307.271,3870779
-122.414,43.869,306.522,3870800
-122.116,43.987,306.029,3870821
-122.112,44.331,305.324,3870842
-122.291,44.384,304.476,3870863
-122.263,44.222,303.755,3870884
-122.415,44.386,302.894,3870905
-122.565,44.280,301.997,3870926
-122.781,44.281,301.063,3870947
-122.523,44.354,300.409,3870968
-122.227,44.307,299.769,3870989
-121.889,44.245,299.168,3871010
-121.581,44.252,298.523,3871031
-121.694,44.177,297.566,3871052
-121.682,44.334,296.702,3871073
-121.721,44.279,295.771,3871094
-121.604,44.098,294.950,3871115
-121.671,44.177,293.970,3871136
-121.510,44.040,293.142,3871157
-121.127,44.110,292.489,3871178
-120.764,44.104,291.826,3871199
-120.409,44.238,291.155,3871220
-120.078,44.385,290.477,3871241
-119.814,44.599,289.728,3871262
-119.680,44.448,288.891,3871283
-119.808,44.493,287.841,3871304
-119.931,44.667,286.789,3871325
-120.005,44.884,285.810,3871346
-119.513,45.027,285.565,3871367
-118.692,45.218,285.567,3871388
-117.911,45.361,285.552,3871409
-117.259,45.515,285.430,3871430
-116.703,45.554,285.204,3871451
-116.199,45.678,284.967,3871472
-116.255,45.684,284.282,3871493
-116.412,45.795,283.552,3871514
-116.034,45.660,283.321,3871535
-116.136,45.792,282.718,3871556
-116.220,45.749,282.143,3871577
-115.950,45.894,281.838,3871598
-115.649,45.993,281.579,3871619
-115.360,46.136,281.346,3871640
-115.131,46.233,281.092,3871661
-114.861,46.195,280.895,3871682
-114.881,45.951,280.487,3871703
-115.171,45.901,279.904,3871724
-115.293,45.644,279.453,3871745
-115.305,45.744,279.061,3871766
-115.575,45.567,278.476,3871787
-115.361,45.464,278.264,3871808
-115.181,45.374,278.024,3871829
-114.981,45.325,277.799,3871850
-114.775,45.308,277.579,3871871
-114.654,45.429,277.323,3871892
-114.904,45.507,276.766,3871913
-115.129,45.363,276.233,3871934
-115.271,45.173,275.741,3871955
-115.551,45.129,275.148,3871977
-115.798,45.129,274.618,3871998
-116.034,45.122,274.053,3872019
-115.786,45.175,273.849,3872040
-115.545,45.342,273.634,3872061
-115.293,45.507,273.413,3872082
-115.376,45.457,272.948,3872103
-115.546,45.605,272.438,3872124
-115.695,45.910,271.917,3872145
-115.468,46.191,271.654,3872166
-115.615,46.306,271.143,3872187
-115.344,46.334,270.900,3872208
-115.116,46.621,270.607,3872229
-114.939,46.818,270.274,3872250
-114.899,47.155,269.813,3872271
-115.065,47.510,269.199,3872292
-115.334,47.495,268.506,3872313
-115.689,47.496,267.728,3872334
-115.665,47.348,267.224,3872355
-115.570,47.198,266.791,3872376
-115.928,47.163,265.989,3872397
-115.813,47.013,265.516,3872418
-116.106,47.058,264.769,3872439
-116.145,46.820,264.192,3872460
-116.234,47.024,263.580,3872481
-116.050,47.000,263.170,3872502
-115.918,47.068,262.672,3872523
-116.176,46.920,261.915,3872544
-116.535,46.838,261.041,3872565
-116.624,46.524,260.329,3872586
-116.978,46.575,259.441,3872607
-117.272,46.345,258.555,3872628
-117.182,46.282,257.902,3872649
-117.044,46.250,257.271,3872670
-116.913,46.211,256.583,3872691
-116.797,46.244,255.891,3872712
-117.001,46.013,254.916,3872733
-117.173,45.842,253.923,3872754
-117.247,45.628,252.974,3872775
-117.400,45.484,251.948,3872796
-117.545,45.332,250.896,3872817
-117.435,45.102,249.989,3872838
-117.317,45.213,249.007,3872859
-117.114,45.393,248.270,3872880
-116.697,45.559,248.341,3872901
-116.341,45.716,248.337,3872922
-115.993,45.791,248.284,3872943
-116.103,45.765,247.842,3872964
-115.937,45.954,247.591,3872985
-115.788,45.714,247.277,3873006
-115.768,45.569,246.847,3873027
-115.823,45.404,246.611,3873048
-115.583,45.479,246.595,3873069
-115.308,45.537,246.576,3873090
-114.961,45.542,246.580,3873111
-114.728,45.688,246.431,3873132
-114.606,45.893,246.196,3873153
-114.606,45.751,245.823,3873174
-114.523,45.943,245.788,3873195
-114.753,45.901,245.462,3873216
-114.929,45.780,245.155,3873237
-115.009,45.633,244.858,3873258
-114.799,45.640,244.746,3873279
-114.611,45.716,244.582,3873300
-114.712,46.002,244.163,3873321
-114.660,46.186,243.843,3873342
-114.544,46.190,243.523,3873363
-114.952,46.254,242.804,3873384
-115.443,46.325,242.149,3873405
-115.455,46.184,241.797,3873426
-115.856,46.120,241.212,3873447
-116.033,46.383,240.805,3873468
-116.353,46.269,240.318,3873489
-116.376,46.476,240.064,3873510
-116.658,46.688,239.680,3873531
-116.797,46.930,239.340,3873552
-116.609,46.821,239.265,3873573
-116.729,46.652,238.966,3873594
-116.404,46.585,238.964,3873615
-116.444,46.392,238.706,3873636
-116.577,46.230,238.349,3873657
-116.639,46.001,238.019,3873678
-116.375,45.959,237.894,3873699
-116.144,46.006,237.724,3873720
-116.174,46.172,237.332,3873741
-116.453,46.179,236.708,3873762
-116.252,46.176,236.411,3873783
-116.384,45.948,235.857,3873804
-116.685,45.868,235.133,3873825
-116.986,45.753,234.361,3873846
-117.300,45.607,233.546,3873867
-117.610,45.420,232.678,3873888
-117.662,45.475,231.964,3873909
-117.494,45.307,231.375,3873930
-117.529,45.329,230.624,3873951
-117.752,45.381,229.698,3873972
-117.954,45.441,228.794,3873993
-118.202,45.158,227.812,3874014
-118.092,44.867,227.073,3874035
-118.287,44.584,226.123,3874056
-118.549,44.370,225.113,3874077
-118.442,44.198,224.341,3874098
-118.375,44.308,223.540,3874119
-118.399,44.451,222.651,3874140
-118.540,44.678,221.682,3874161
-118.895,44.872,220.550,3874182
-118.830,44.971,219.685,3874203
-119.061,44.844,218.615,3874224
-119.325,44.784,217.495,3874245
-119.619,44.812,216.357,3874266
-119.581,44.727,215.415,3874287
-119.499,44.633,214.495,3874308
-119.189,44.690,213.707,3874329
-119.003,45.044,212.818,3874350
-118.994,45.426,211.817,3874371
-118.832,45.810,210.918,3874392
-118.404,46.035,210.150,3874413
-118.267,45.971,209.190,3874434
-117.857,46.195,208.413,3874455
-117.730,46.123,207.404,3874476
-117.403,46.011,206.532,3874497
-117.557,46.100,205.310,3874518
-117.349,46.350,204.360,3874539
-117.095,46.504,203.442,3874560
-117.249,46.691,202.202,3874581
-117.413,46.845,200.965,3874602
-117.172,46.799,200.013,3874623
-117.449,46.653,198.685,3874644
-117.675,46.484,197.386,3874665
-117.597,46.197,196.317,3874686
-117.581,45.945,195.215,3874707
-117.462,45.748,194.196,3874728
-117.782,45.809,192.894,3874749
-118.051,45.997,191.630,3874770
-118.500,45.963,190.248,3874791
-118.558,46.091,189.155,3874812
-119.013,46.033,187.813,3874833
-119.356,45.840,186.543,3874854
-119.583,45.618,185.365,3874875
-119.589,45.690,184.348,3874896
-119.669,45.446,183.308,3874917
-120.016,45.652,182.078,3874938
-120.140,45.835,181.035,3874959
-120.442,46.012,179.898,3874980
-120.560,46.221,178.903,3875001
-120.927,46.208,177.748,3875022
-120.936,46.403,176.860,3875043
-120.830,46.260,176.079,3875064
-120.932,46.122,175.131,3875085
-120.903,45.978,174.306,3875106
-120.812,45.904,173.539,3875127
-120.659,45.885,172.825,3875148
-120.844,46.218,171.885,3875169
-121.067,46.352,170.940,3875190
-121.180,46.702,170.072,3875211
-121.345,46.902,169.180,3875232
-121.493,47.132,168.306,3875253
-121.116,47.234,167.822,3875274
-121.108,47.199,167.086,3875295
-120.774,47.199,166.601,3875316
-121.019,47.908,166.293,3875337
-121.294,48.161,165.924,3875358
-121.653,48.788,165.477,3875379
-121.836,49.345,165.150,3875400
-122.151,49.854,164.708,3875421
-122.615,50.250,164.131,3875442
-122.887,50.672,163.678,3875463
-122.886,50.632,163.435,3875484
-123.000,50.524,163.099,3875505
-122.845,50.436,162.949,3875526
-122.620,50.268,162.873,3875547
-122.698,50.033,162.545,3875568
-122.662,50.121,162.276,3875589
-123.028,50.380,161.990,3875610
-123.318,50.619,161.764,3875631
-123.672,50.701,161.454,3875652
-123.611,50.434,161.463,3875673
-123.507,50.126,161.466,3875694
-123.173,49.942,161.646,3875715
-122.965,49.556,161.723,3875736
-122.765,49.295,161.886,3875757
-122.507,49.088,162.095,3875778
-122.598,49.059,162.015,3875799
-122.791,48.873,161.853,3875820
-122.872,48.753,161.763,3875841
-122.886,48.637,161.710,3875862
-122.711,48.097,161.788,3875883
-122.334,47.892,162.003,3875904
-122.041,47.760,162.214,3875925
-121.660,47.403,162.497,3875946
-121.378,46.919,162.703,3875967
-121.258,46.900,162.786,3875988
-121.328,46.698,162.710,3876009
-121.384,46.573,162.632,3876030
-121.425,46.522,162.557,3876051
-121.546,46.437,162.516,3876072
-121.698,46.411,162.430,3876093
-121.496,46.115,162.615,3876114
-121.195,46.078,162.900,3876135
-121.056,45.846,163.058,3876156
-120.818,45.757,163.271,3876177
-120.744,45.958,163.328,3876198
-120.669,46.181,163.416,3876219
-120.825,46.470,163.337,3876240
-121.066,46.496,163.166,3876261
-121.177,46.827,163.077,3876282
-120.933,46.908,163.260,3876303
-120.765,46.900,163.405,3876324
-120.879,46.890,163.336,3876345
-121.160,46.984,163.140,3876366
-121.254,46.932,163.099,3876387
-121.336,46.875,163.045,3876408
-121.444,47.240,162.952,3876429
-121.663,47.542,162.749,3876450
-121.852,47.816,162.572,3876471
-121.766,48.000,162.585,3876492
-122.036,48.199,162.343,3876513
-121.872,48.039,162.401,3876534
-121.910,48.003,162.487,3876555
-122.453,48.102,162.174,3876576
-122.464,47.981,162.247,3876597
-122.427,48.019,162.336,3876618
-122.636,48.199,162.223,3876639
-123.035,48.274,162.000,3876660
-122.909,48.075,162.146,3876681
-123.330,48.162,161.955,3876702
-123.501,48.368,161.953,3876723
-123.313,48.187,162.213,3876744
-123.094,47.980,162.486,3876765
-123.182,47.738,162.534,3876786
-123.081,47.489,162.738,3876807
-123.099,47.225,162.862,3876828
-123.194,47.340,162.920,3876849
-123.352,47.392,162.908,3876870
-123.413,47.463,162.943,3876891
-123.172,47.294,163.278,3876912
-123.209,47.394,163.386,3876933
-122.902,47.129,163.753,3876954
-123.081,47.071,163.734,3876975
-122.797,46.774,164.062,3876996
-122.535,46.448,164.365,3877017
-122.232,46.249,164.737,3877038
-122.333,46.357,164.814,3877059
-122.491,46.376,164.846,3877080
-122.559,46.494,164.901,3877101
-122.242,46.218,165.236,3877122
-122.257,46.312,165.354,3877143
-121.941,46.391,165.686,3877164
-121.548,46.170,166.081,3877185
-121.094,46.093,166.504,3877206
-120.613,46.057,166.936,3877227
-120.396,45.827,167.197,3877248
-120.224,46.015,167.423,3877269
-120.166,46.162,167.558,3877290
-120.092,46.183,167.712,3877311
-120.001,46.147,167.849,3877332
-119.675,46.409,168.148,3877353
-119.126,46.280,168.628,3877374
-118.701,46.140,169.014,3877395
-118.410,46.405,169.256,3877416
-117.983,46.348,169.593,3877437
-117.619,46.218,169.870,3877458
-117.472,46.473,169.982,3877479
-117.639,46.567,169.840,3877500
-117.835,46.776,169.670,3877521
-117.963,47.037,169.542,3877542
-117.757,47.158,169.636,3877563
-117.585,47.019,169.703,3877585
-117.708,46.848,169.548,3877606
-117.630,46.712,169.546,3877627
-117.775,46.562,169.357,3877648
-118.152,46.795,168.977,3877669
-118.561,47.011,168.599,3877690
-119.066,47.270,168.109,3877711
-119.226,47.555,167.848,3877732
-119.779,47.668,167.279,3877753
-120.022,47.532,166.951,3877774
-120.082,47.532,166.747,3877795
-120.185,47.589,166.516,3877816
-120.619,47.456,166.061,3877837
-120.991,47.263,165.654,3877858
-121.256,47.433,165.338,3877879
-121.751,47.561,164.859,3877900
-122.260,47.671,164.386,3877921
-122.815,47.586,163.861,3877942
-123.218,47.717,163.465,3877963
-123.650,47.453,163.006,3877984
-123.585,47.272,162.951,3878005
-124.036,47.249,162.514,3878026
-123.945,46.995,162.471,3878047
-123.858,46.684,162.418,3878068
-123.652,46.574,162.471,3878089
-123.838,46.603,162.233,3878110
-123.741,46.697,162.170,3878131
-123.827,46.584,161.979,3878152
-123.380,46.419,162.170,3878173
-122.940,46.405,162.337,3878194
-122.788,46.164,162.297,3878215
-122.669,45.999,162.239,3878236
-122.229,45.731,162.392,3878257
-121.893,45.412,162.466,3878278
-121.521,45.539,162.557,3878299
-121.489,45.532,162.413,3878320
-121.461,45.540,162.274,3878341
-121.375,45.616,162.189,3878362
-121.134,45.703,162.191,3878383
-120.806,45.702,162.256,3878404
-120.558,45.446,162.252,3878425
-120.340,45.219,162.204,3878446
-120.119,45.346,162.187,3878467
-119.866,45.182,162.170,3878488
-119.573,45.166,162.174,3878510
-119.644,45.403,161.906,3878531
-119.828,45.557,161.582,3878552
-120.019,45.724,161.255,3878573
-120.243,45.706,160.916,3878594
-120.367,45.577,160.661,3878615
-120.225,45.740,160.565,3878636
-120.064,45.779,160.500,3878657
-119.963,45.837,160.421,3878678
-120.356,46.082,159.955,3878699
-120.596,46.385,159.599,3878720
-121.046,46.638,159.069,3878741
-121.404,46.565,158.607,3878762
-121.630,46.858,158.245,3878783
-122.064,47.038,157.727,3878804
-122.029,47.029,157.521,3878825
-122.001,46.888,157.335,3878846
-121.909,46.884,157.185,3878867
-121.882,46.708,156.994,3878888
-121.950,46.496,156.730,3878909
-122.110,46.708,156.396,3878930
-122.406,46.833,155.953,3878951
-122.411,47.027,155.718,3878972
-122.655,47.125,155.319,3878993
-122.363,47.099,155.316,3879014
-122.269,46.842,155.156,3879035
-121.921,46.863,155.192,3879056
-121.860,47.080,155.073,3879077
-121.960,46.934,154.838,3879098
-122.252,47.028,154.424,3879119
-122.495,47.072,154.060,3879140
-122.799,47.277,153.701,3879161
-123.044,47.538,153.352,3879182
-122.855,47.641,153.340,3879203
-123.162,47.691,152.951,3879224
-123.114,47.565,152.799,3879245
-122.991,47.467,152.693,3879266
-122.784,47.340,152.663,3879287
-122.686,47.179,152.510,3879308
-122.437,47.030,152.461,3879329
-122.534,47.124,152.163,3879350
-122.507,47.345,151.907,3879371
-122.542,47.436,151.593,3879392
-122.548,47.547,151.278,3879413
-122.244,47.653,151.180,3879434
-121.754,47.440,151.221,3879455
-122.071,47.413,150.663,3879476
-122.046,47.567,150.312,3879497
-121.846,47.370,150.103,3879518
-121.584,47.245,149.906,3879539
-121.389,47.221,149.627,3879560
-121.300,47.269,149.263,3879581
-121.637,47.148,148.598,3879602
-121.864,47.252,147.990,3879623
-122.006,46.969,147.435,3879644
-122.111,46.710,146.905,3879665
-121.947,46.564,146.568,3879686
-122.268,46.704,145.852,3879707
-122.214,46.522,145.382,3879728
-122.372,46.818,144.751,3879749
-122.534,47.104,144.115,3879770
-122.440,47.293,143.637,3879791
-122.813,47.454,142.785,3879812
-123.202,47.508,141.921,3879833
-123.494,47.403,141.112,3879854
-123.465,47.383,140.541,3879875
-123.500,47.510,139.912,3879896
-123.617,47.743,139.222,3879917
-123.654,47.592,138.615,3879938
-123.592,47.737,138.049,3879959
-123.987,47.901,137.135,3879980
-124.148,48.183,136.373,3880001
-124.367,48.153,135.561,3880022
-124.843,48.259,134.482,3880043
-125.268,48.396,133.432,3880064
-125.108,48.538,132.803,3880085
-125.025,48.477,132.092,3880106
-124.985,48.400,131.331,3880127
-124.690,48.530,130.770,3880148
-124.405,48.545,130.153,3880169
-124.278,48.790,129.413,3880190
-124.480,48.867,128.439,3880211
-124.223,48.985,127.774,3880232
-124.412,49.059,126.764,3880253
-124.016,49.000,126.195,3880274
-123.975,48.763,125.312,3880295
-123.545,48.636,124.719,3880316
-123.130,48.658,124.141,3880337
-122.629,48.612,123.615,3880358
-122.288,48.379,122.991,3880379
-122.088,48.593,122.283,3880400
-122.042,48.759,121.454,3880421
-122.023,48.864,120.606,3880442
-121.948,48.632,119.775,3880463
-122.072,48.542,118.778,3880484
-122.132,48.308,117.832,3880505
-121.838,48.280,117.130,3880526
-121.670,47.961,116.319,3880547
-121.402,47.850,115.606,3880568
-121.119,47.742,114.933,3880589
-120.874,47.564,114.208,3880610
-121.059,47.723,113.172,3880631
-121.360,47.723,112.033,3880652
-120.671,47.708,111.809,3880673
-120.403,47.485,111.266,3880694
-119.815,47.455,110.932,3880715
-119.623,47.199,110.343,3880736
-119.667,47.219,109.575,3880757
-119.776,47.269,108.774,3880778
-119.691,46.986,108.109,3880799
-119.902,47.131,107.228,3880820
-120.260,47.166,106.216,3880841
-120.669,47.093,105.179,3880862
-120.980,47.323,104.193,3880883
-121.480,47.284,103.084,3880904
-121.577,47.226,102.256,3880925
-121.699,47.241,101.431,3880946
-121.860,47.308,100.572,3880967
-122.537,47.370,99.336,3880988
-122.713,47.489,98.483,3881009
-123.463,47.744,97.199,3881030
-124.181,47.822,95.969,3881051
-124.874,47.914,94.750,3881072
-125.484,47.861,93.592,3881093
-126.116,48.045,92.425,3881114
-126.307,48.184,91.594,3881135
-126.431,48.212,90.807,3881156
-126.553,48.307,90.042,3881177
-126.590,48.295,89.349,3881198
-126.645,48.344,88.671,3881219
-126.649,48.315,88.071,3881240
-127.060,48.515,87.166,3881261
-127.208,48.306,86.490,3881282
-127.555,48.226,85.664,3881303
-127.805,48.104,84.928,3881324
-127.708,47.960,84.502,3881345
-128.023,48.027,83.762,3881366
-128.009,48.276,83.306,3881387
-128.298,48.408,82.629,3881408
-128.230,48.601,82.246,3881429
-127.973,48.554,82.044,3881450
-128.212,48.526,81.476,3881471
-128.435,48.490,80.938,3881492
-128.132,48.554,80.835,3881513
-128.260,48.448,80.398,3881534
-128.240,48.265,80.111,3881555
-127.869,48.371,80.092,3881576
-127.603,48.545,79.992,3881597
-127.122,48.443,80.059,3881618
-126.753,48.557,80.051,3881639
-126.809,48.666,79.723,3881660
-126.804,48.502,79.451,3881681
-126.895,48.419,79.096,3881702
-126.756,48.193,78.948,3881723
-126.468,47.943,78.916,3881744
-126.533,47.824,78.635,3881765
-126.124,47.797,78.769,3881786
-125.769,47.824,78.856,3881807
-125.286,47.695,79.025,3881828
-124.975,47.726,79.109,3881849
-124.822,47.793,79.060,3881870
-124.952,47.605,78.805,3881891
-125.072,47.347,78.532,3881912
-125.263,47.162,78.231,3881933
-125.184,46.731,78.115,3881954
-125.008,46.690,78.073,3881975
-124.738,46.480,78.102,3881996
-124.824,46.493,77.862,3882017
-124.741,46.108,77.729,3882038
-124.986,46.122,77.346,3882059
-124.761,45.951,77.304,3882080
-124.974,45.722,76.931,3882101
-125.264,45.593,76.492,3882122
-125.298,45.303,76.254,3882143
-125.203,45.031,76.094,3882164
-125.227,44.772,75.833,3882185
-125.214,44.910,75.571,3882206
-125.277,45.109,75.226,3882227
-125.406,45.332,74.841,3882248
-125.488,45.550,74.481,3882269
-125.712,45.750,74.000,3882290
-126.001,45.712,73.476,3882311
-126.148,45.607,73.041,3882332
-126.154,45.472,72.706,3882353
-126.050,45.321,72.449,3882374
-125.834,45.565,72.253,3882395
-125.589,45.751,72.067,3882416
-125.387,45.981,71.819,3882437
-125.174,46.206,71.564,3882458
-125.040,46.425,71.255,3882479
-124.940,46.652,70.936,3882500
-125.211,46.642,70.339,3882521
-125.442,46.540,69.748,3882542
-125.631,46.400,69.170,3882563
-125.827,46.276,68.580,3882584
-126.096,46.458,67.916,3882605
-125.966,46.282,67.510,3882626
-126.055,46.451,66.947,3882647
-126.705,46.214,66.711,3882668
-127.274,45.946,66.479,3882689
-127.509,45.931,66.447,3882710
-127.661,45.679,66.288,3882731
-127.910,45.478,66.025,3882752
-128.219,45.634,65.682,3882773
-128.092,45.403,65.622,3882794
-127.921,45.214,65.568,3882815
-127.865,45.335,65.397,3882836
-127.615,45.156,65.372,3882857
-127.496,45.309,65.233,3882878
-127.202,45.365,65.176,3882899
-127.016,45.576,65.057,3882920
-126.712,45.807,65.037,3882941
-126.515,45.708,64.931,3882962
-126.198,46.004,65.085,3882983
-125.985,45.893,65.155,3883004
-125.855,45.846,65.164,3883025
-125.836,45.936,65.071,3883046
-125.515,46.224,65.171,3883067
-125.023,46.113,65.403,3883088
-124.558,46.313,65.593,3883109
-124.070,46.459,65.786,3883130
-123.638,46.326,65.918,3883151
-123.596,46.223,65.733,3883172
-123.631,46.242,65.485,3883193
-123.736,46.225,65.194,3883214
-123.474,46.070,65.289,3883235
-123.172,46.146,65.383,3883256
-123.131,46.381,65.289,3883277
-123.219,46.605,65.064,3883298
-123.260,46.840,64.880,3883319
-123.198,47.054,64.760,3883340
-123.360,46.943,64.478,3883361
-123.609,46.876,64.114,3883382
-123.734,46.710,63.864,3883403
-124.068,46.701,63.430,3883424
-123.974,46.599,63.413,3883445
-123.920,46.657,63.356,3883466
-124.169,46.821,63.068,3883487
-124.579,46.732,62.629,3883508
-124.696,46.813,62.480,3883529
-124.787,46.857,62.338,3883550
-125.249,46.719,61.919,3883571
-125.270,46.476,61.788,3883592
-125.669,46.269,61.446,3883613
-125.997,46.054,61.145,3883634
-125.781,45.863,61.251,3883655
-125.926,45.598,61.077,3883676
-125.975,45.756,60.972,3883697
-125.822,45.826,61.023,3883718
-125.617,45.877,61.109,3883739
-125.441,45.991,61.227,3883760
-125.595,46.166,61.089,3883781
-125.734,46.030,61.013,3883802
-125.838,45.886,60.963,3883823
-125.560,45.794,61.209,3883844
-125.609,45.612,61.222,3883865
-125.817,45.705,61.132,3883886
-125.640,45.875,61.312,3883907
-125.495,46.026,61.481,3883928
-125.357,46.179,61.635,3883949
-125.420,46.395,61.624,3883970
-125.226,46.515,61.796,3883991
-125.146,46.314,61.863,3884012
-125.057,46.503,61.944,3884033
-125.074,46.321,62.001,3884054
-125.138,46.167,62.026,3884075
-125.117,46.412,62.104,3884096
-124.852,46.390,62.349,3884117
-124.742,46.232,62.475,3884138
-124.916,46.491,62.372,3884159
-124.809,46.703,62.492,3884180
-124.894,46.957,62.500,3884201
-125.014,46.822,62.478,3884222
-125.145,46.661,62.444,3884243
-125.049,46.452,62.556,3884264
-125.235,46.324,62.441,3884285
-125.449,46.301,62.300,3884306
-125.487,46.500,62.278,3884327
-125.220,46.482,62.506,3884348
-124.951,46.424,62.711,3884369
-124.999,46.553,62.684,3884390
-125.026,46.681,62.641,3884411
-124.767,46.692,62.872,3884432
-124.816,46.445,62.864,3884453
-124.815,46.190,62.873,3884474
-124.769,45.905,62.915,3884495
-124.437,45.675,63.181,3884516
-124.585,45.784,63.070,3884537
-124.354,45.849,63.246,3884558
-124.248,45.626,63.318,3884579
-124.351,45.845,63.228,3884600
-124.433,46.078,63.104,3884621
-124.630,45.940,62.935,3884642
-124.855,45.865,62.740,3884663
-124.790,45.795,62.749,3884684
-124.770,45.694,62.741,3884705
-124.705,45.618,62.746,3884726
-125.131,45.806,62.411,3884747
-125.358,46.129,62.189,3884768
-125.446,46.442,62.091,3884789
-125.524,46.690,62.000,3884810
-125.698,46.995,61.793,3884831
-126.060,47.054,61.434,3884852
-126.374,47.027,61.093,3884873
-126.348,46.864,60.985,3884894
-126.394,46.688,60.831,3884915
-126.188,46.732,60.849,3884936
-126.242,46.984,60.663,3884957
-126.241,47.208,60.487,3884978
-126.409,47.156,60.202,3884999
-126.362,47.331,60.124,3885020
-126.253,47.496,60.097,3885041
-126.305,47.324,59.916,3885062
-126.325,47.136,59.761,3885083
-126.274,46.881,59.726,3885104
-125.908,46.630,59.914,3885125
-125.606,46.334,60.059,3885146
-125.265,46.376,60.204,3885167
-124.849,46.299,60.398,3885188
-124.540,46.351,60.513,3885209
-124.188,46.355,60.646,3885230
-123.843,46.394,60.770,3885251
-123.787,46.383,60.701,3885272
-123.567,46.052,60.731,3885293
-123.425,45.774,60.676,3885314
-122.993,45.756,60.919,3885335
-122.796,45.402,60.987,3885356
-122.733,45.095,60.962,3885377
-122.606,45.181,60.957,3885398
-122.369,45.226,61.047,3885419
-122.411,44.986,60.947,3885440
-122.225,45.077,60.993,3885461
-122.332,44.875,60.833,3885482
-122.391,44.664,60.693,3885503
-122.529,44.515,60.506,3885524
-122.386,44.643,60.515,3885545
-122.204,44.534,60.542,3885566
-122.238,44.782,60.428,3885587
-122.299,45.029,60.294,3885608
-122.638,45.084,59.942,3885629
-122.959,45.282,59.609,3885650
-123.142,45.560,59.360,3885671
-123.505,45.573,59.028,3885692
-123.623,45.390,58.846,3885713
-123.934,45.346,58.513,3885734
-123.832,45.191,58.477,3885755
-123.888,44.990,58.364,3885776
-123.910,45.216,58.276,3885797
-123.947,45.459,58.169,3885818
-123.885,45.669,58.129,3885839
-123.918,45.918,58.017,3885860
-123.974,46.168,57.886,3885881
-124.348,46.206,57.556,3885902
-124.507,46.090,57.388,3885923
-124.844,46.268,57.078,3885944
-124.891,46.101,56.968,3885965
-124.971,45.948,56.839,3885986
-124.781,46.068,56.903,3886007
-124.575,46.137,56.971,3886028
-124.585,46.404,56.898,3886049
-124.663,46.618,56.774,3886070
-124.866,46.601,56.556,3886091
-124.692,46.770,56.602,3886112
-124.594,46.508,56.591,3886133
-124.691,46.321,56.421,3886154
-124.404,46.163,56.538,3886175
-124.280,45.861,56.523,3886196
-124.049,45.887,56.585,3886217
-124.121,46.044,56.450,3886238
-123.873,45.886,56.501,3886259
-123.683,45.988,56.518,3886280
-123.817,46.172,56.293,3886301
-123.667,45.929,56.269,3886322
-123.696,45.723,56.130,3886343
-123.777,45.553,55.954,3886364
-123.941,45.525,55.719,3886385
-123.618,45.489,55.840,3886406
-123.733,45.405,55.646,3886427
-123.687,45.584,55.545,3886448
-123.452,45.695,55.598,3886469
-123.179,45.809,55.676,3886490
-122.947,45.926,55.721,3886511
-122.816,46.126,55.686,3886532
-122.823,45.967,55.561,3886553
-122.863,45.813,55.389,3886574
-122.839,45.652,55.243,3886595
-122.901,45.496,55.052,3886616
-123.070,45.736,54.774,3886637
-123.090,46.000,54.587,3886658
-122.903,45.968,54.574,3886679
-123.038,46.269,54.301,3886700
-123.165,46.556,54.058,3886721
-123.464,46.825,53.672,3886742
-123.846,46.822,53.237,3886763
-124.076,46.686,52.922,3886784
-124.323,46.528,52.576,3886805
-124.435,46.758,52.366,3886826
-124.329,46.681,52.340,3886847
-124.513,46.861,52.119,3886868
-124.575,47.061,51.958,3886889
-124.902,47.250,51.626,3886910
-124.742,47.183,51.638,3886931
-124.943,47.017,51.387,3886952
-124.949,46.793,51.272,3886973
-125.235,46.708,50.978,3886994
-125.401,46.503,50.772,3887015
-125.254,46.269,50.757,3887036
-125.129,46.022,50.704,3887057
-125.033,46.212,50.630,3887078
-125.011,46.405,50.507,3887099
-124.854,46.603,50.461,3887120
-124.730,46.782,50.379,3887141
-124.587,46.551,50.301,3887162
-124.465,46.709,50.207,3887183
-124.217,46.429,50.201,3887204
-123.868,46.535,50.244,3887225
-123.441,46.209,50.342,3887246
-123.338,46.023,50.207,3887267
-122.864,46.020,50.307,3887288
-122.693,46.168,50.183,3887309
-122.458,45.911,50.094,3887330
-122.428,45.777,49.864,3887351
-122.300,45.997,49.690,3887372
-122.029,45.774,49.615,3887393
-121.998,45.616,49.368,3887414
-122.091,45.555,49.028,3887435
-121.774,45.500,48.959,3887456
-121.693,45.761,48.755,3887477
-121.571,45.937,48.553,3887498
-121.417,46.007,48.384,3887519
-121.631,46.244,47.923,3887540
-121.958,46.455,47.385,3887561
-122.008,46.619,47.077,3887582
-122.468,46.693,46.463,3887603
-122.836,46.571,45.916,3887624
-123.141,46.388,45.439,3887645
-123.440,46.206,44.951,3887666
-123.491,46.088,44.654,3887687
-123.780,46.317,44.172,3887708
-124.269,46.455,43.552,3887729
-124.271,46.527,43.279,3887750
-124.495,46.718,42.816,3887771
-124.780,46.924,42.318,3887792
-124.912,46.673,41.922,3887813
-125.025,46.416,41.523,3887834
-125.162,46.317,41.305,3887855
-125.282,45.828,41.097,3887876
-125.570,45.729,40.751,3887897
-125.350,45.594,40.790,3887918
-125.201,45.181,40.756,3887939
-125.043,45.205,40.711,3887960
-124.692,45.035,40.783,3887981
-124.664,45.092,40.675,3888002
-124.399,44.876,40.780,3888023
-124.418,44.492,40.658,3888044
-124.412,44.132,40.552,3888065
-124.052,44.015,40.702,3888086
-124.155,43.900,40.515,3888107
-124.201,44.079,40.384,3888128
-124.021,44.333,40.430,3888149
-123.785,44.639,40.501,3888170
-123.317,44.964,40.740,3888191
-123.238,45.124,40.684,3888212
-122.821,45.138,40.889,3888233
-122.299,45.297,41.162,3888254
-122.047,45.363,41.249,3888275
-121.704,45.474,41.405,3888296
-121.318,45.744,41.563,3888317
-121.129,46.207,41.553,3888338
-121.181,46.277,41.387,3888359
-121.154,46.723,41.268,3888380
-121.081,47.075,41.171,3888401
-121.190,47.443,40.953,3888422
-121.192,47.359,40.789,3888443
-121.399,47.356,40.482,3888464
-121.131,47.326,40.498,3888485
-120.786,47.253,40.562,3888506
-120.605,47.078,40.489,3888527
-120.680,47.269,40.204,3888548
-120.972,47.254,39.776,3888569
-121.242,47.299,39.336,3888590
-121.240,47.345,39.105,3888611
-121.581,47.236,38.617,3888632
-121.472,46.926,38.447,3888653
-121.631,46.542,38.099,3888674
-121.571,46.184,37.897,3888695
-121.757,45.814,37.543,3888716
-122.099,45.847,37.045,3888737
-122.139,45.887,36.782,3888758
-122.451,45.931,36.306,3888779
-122.719,46.038,35.883,3888800
-122.802,45.742,35.545,3888821
-122.815,45.878,35.272,3888842
-123.021,45.723,34.847,3888863
-123.078,45.534,34.559,3888884
-122.903,45.348,34.423,3888905
-122.738,45.172,34.299,3888926
-122.816,45.131,33.985,3888947
-122.880,45.347,33.669,3888968
-122.771,45.643,33.465,3888989
-122.446,45.861,33.427,3889010
-122.468,46.133,33.118,3889031
-122.328,46.447,32.904,3889052
-122.441,46.612,32.516,3889073
-122.113,46.503,32.420,3889094
-121.941,46.337,32.187,3889115
-121.648,46.213,32.037,3889136
-121.316,46.359,31.895,3889157
-120.971,46.541,31.765,3889178
-120.576,46.550,31.678,3889199
-120.496,46.831,31.344,3889220
-120.201,47.033,31.164,3889241
-120.133,47.271,30.804,3889262
-120.244,47.235,30.278,3889283
-120.228,47.016,29.852,3889304
-120.207,46.768,29.415,3889325
-120.133,46.444,29.012,3889346
-120.160,46.146,28.534,3889367
-120.272,46.249,28.002,3889388
-120.326,46.374,27.509,3889409
-120.306,46.496,27.070,3889430
-120.406,46.257,26.539,3889451
-120.277,46.200,26.196,3889472
-120.290,45.981,25.741,3889493
-120.153,45.939,25.366,3889514
-120.279,45.726,24.804,3889535
-120.358,45.935,24.273,3889556
-120.331,45.953,23.790,3889577
-120.591,46.173,23.095,3889598
-120.868,46.380,22.368,3889619
-121.357,46.476,21.463,3889640
-121.742,46.631,20.651,3889661
-122.138,46.520,19.810,3889682
-122.436,46.325,19.061,3889703
-122.610,46.098,18.414,3889724
-122.436,46.121,18.021,3889745
-122.311,45.855,17.595,3889766
-122.207,45.611,17.149,3889787
-122.322,45.704,16.578,3889808
-122.185,45.924,16.145,3889829
-122.278,46.101,15.537,3889850
-122.066,46.307,15.167,3889871
-121.774,46.137,14.862,3889892
-121.826,46.055,14.289,3889913
-121.614,45.869,13.857,3889934
-121.256,45.801,13.550,3889955
-121.027,46.022,13.159,3889976
-120.881,45.847,12.729,3889997
-120.746,46.126,12.247,3890018
-120.661,46.394,11.742,3890039
-120.788,46.350,11.103,3890060
-120.946,46.557,10.423,3890081
-120.975,46.380,9.843,3890102
-120.808,46.162,9.394,3890123
-121.013,46.150,8.663,3890144
-120.817,45.902,8.188,3890165
-120.633,45.590,7.702,3890186
-120.380,45.504,7.274,3890207
-120.589,45.271,6.506,3890228
-120.903,45.286,5.617,3890249
-121.119,45.360,4.766,3890270
-121.294,45.444,3.934,3890291
-121.750,45.338,2.885,3890312
-122.131,45.380,1.925,3890333
-122.129,45.105,1.216,3890354
-122.073,44.966,0.544,3890375
-122.029,44.862,359.882,3890396
-122.122,44.605,359.101,3890417
-122.511,44.722,358.156,3890438
-122.604,44.874,357.383,3890459
-123.014,44.782,356.401,3890480
-123.177,45.012,355.573,3890501
-123.552,45.225,354.601,3890522
-123.743,45.052,353.738,3890543
-123.885,44.898,352.904,3890564
-123.911,44.726,352.152,3890585
-123.817,44.892,351.462,3890606
-124.073,44.825,350.548,3890627
-124.369,45.039,349.570,3890648
-124.670,45.260,348.562,3890669
-124.919,45.187,347.587,3890690
-124.758,45.308,346.887,3890711
-124.819,45.509,346.024,3890732
-124.649,45.330,345.316,3890753
-124.479,45.163,344.610,3890774
-124.309,45.175,343.876,3890795
-124.117,45.086,343.174,3890816
-123.953,44.826,342.476,3890837
-124.259,44.784,341.426,3890858
-124.474,44.593,340.450,3890879
-124.539,44.307,339.565,3890900
-124.704,44.328,338.604,3890921
-124.847,44.120,337.656,3890942
-124.880,43.815,336.805,3890963
-124.525,43.645,336.213,3890984
-124.237,43.585,335.533,3891005
-124.442,43.785,334.665,3891026
-125.113,44.005,333.498,3891047
-125.218,44.070,332.720,3891068
-125.818,44.150,331.596,3891089
-126.024,44.411,330.724,3891110
-125.983,44.489,330.019,3891131
-126.309,44.550,329.078,3891152
-126.436,44.786,328.279,3891173
-126.592,44.792,327.448,3891194
-126.162,44.708,327.017,3891215
-125.663,44.616,326.624,3891236
-125.080,44.548,326.282,3891257
-124.603,44.661,325.854,3891278
-124.513,44.608,325.158,3891299
-124.352,44.494,324.510,3891320
-124.043,44.213,323.938,3891341
-123.824,44.004,323.307,3891362
-123.240,43.696,322.941,3891383
-122.741,43.354,322.510,3891404
-122.091,43.237,322.153,3891425
-121.444,43.131,321.825,3891446
-120.985,42.821,321.362,3891467
-120.428,42.893,320.981,3891488
-120.216,43.092,320.368,3891509
-120.113,43.276,319.672,3891530
-120.009,43.248,318.964,3891551
-120.014,43.463,318.162,3891572
-120.040,43.415,317.319,3891593
-119.750,43.579,316.699,3891614
-119.453,43.637,316.065,3891635
-119.290,43.880,315.341,3891656
-119.319,44.182,314.471,3891677
-119.745,44.321,313.330,3891698
-120.069,44.293,312.279,3891719
-120.218,44.207,311.365,3891740
-120.453,44.576,310.378,3891761
-120.965,44.689,309.184,3891782
-121.415,44.733,308.078,3891803
-121.448,44.845,307.242,3891824
-121.453,44.957,306.448,3891845
-121.826,44.902,305.381,3891866
-121.815,45.009,304.586,3891887
-121.964,45.262,303.677,3891908
-122.517,45.422,302.479,3891929
-123.055,45.444,301.267,3891950
-123.571,45.418,300.077,3891971
-124.124,45.463,298.840,3891992
-124.637,45.398,297.635,3892013
-123.834,45.223,297.836,3892034
-123.032,45.342,298.021,3892055
-122.179,45.359,298.239,3892076
-121.300,45.237,298.447,3892097
-120.616,45.347,298.537,3892118
-120.307,45.262,298.347,3892139
-119.635,45.018,298.396,3892160
-118.993,44.895,298.376,3892181
-118.865,44.941,298.015,3892202
-118.762,44.673,297.604,3892223
-118.353,44.514,297.413,3892244
-118.054,44.462,297.141,3892265
-117.837,44.457,296.798,3892286
-118.030,44.638,296.166,3892307
-118.159,44.402,295.581,3892328
-118.584,44.460,294.769,3892349
-119.000,44.355,293.989,3892370
-119.104,44.229,293.399,3892391
-119.768,44.289,292.408,3892412
-120.197,44.487,291.561,3892433
-120.492,44.466,290.817,3892454
-121.107,44.694,289.834,3892475
-121.456,44.696,289.045,3892496
-121.892,44.881,288.209,3892517
-122.701,44.913,287.118,3892538
-122.520,45.087,286.817,3892559
-122.686,45.088,286.303,3892580
-122.947,45.188,285.721,3892601
-123.163,45.244,285.180,3892622
-123.399,45.286,284.635,3892643
-123.231,45.319,284.341,3892664
-123.075,45.553,284.048,3892685
-123.068,45.910,283.641,3892706
-123.029,46.207,283.295,3892727
-122.961,46.491,282.937,3892748
-123.136,46.427,282.403,3892769
-123.275,46.317,281.899,3892790
-123.464,46.212,281.367,3892811
-123.721,46.193,280.770,3892832
-123.886,46.077,280.223,3892853
-123.576,46.060,280.022,3892874
-123.320,46.097,279.797,3892895
-123.005,46.019,279.590,3892916
-122.728,46.052,279.372,3892937
-122.703,46.147,278.994,3892958
-122.683,46.014,278.580,3892979
-122.565,45.762,278.229,3893000
-122.181,45.576,278.060,3893021
-122.252,45.413,277.575,3893042
-122.202,45.132,277.155,3893063
-121.941,45.173,276.883,3893084
-121.556,45.249,276.740,3893105
-121.182,45.279,276.551,3893126
-121.173,45.347,276.104,3893147
-120.742,45.240,275.952,3893168
-120.814,45.053,275.422,3893189
-120.883,44.939,274.863,3893210
-120.959,44.772,274.299,3893231
-120.942,44.536,273.787,3893252
-121.139,44.493,273.108,3893273
-120.837,44.526,272.768,3893294
-120.550,44.558,272.412,3893315
-120.311,44.583,271.988,3893336
-120.160,44.666,271.491,3893357
-119.952,44.563,271.013,3893378
-120.219,44.595,270.140,3893399
-120.096,44.499,269.504,3893420
-119.998,44.730,268.822,3893441
-120.295,44.755,267.813,3893462
-120.605,44.871,266.764,3893483
-120.405,44.996,266.029,3893504
-120.235,45.167,265.259,3893525
-120.311,45.474,264.243,3893546
-120.251,45.756,263.311,3893567
-120.090,45.891,262.391,3893588
-120.102,45.703,261.309,3893609
-120.378,45.582,260.005,3893630
-120.690,45.466,258.620,3893651
-120.645,45.421,258.363,3893672
-120.737,45.269,257.876,3893693
-120.435,45.059,257.618,3893714
-120.606,44.886,257.043,3893735
-120.456,44.842,256.822,3893756
-120.207,44.735,256.666,3893777
-119.984,44.428,256.442,3893798
-120.156,44.352,256.058,3893819
-119.927,44.336,255.920,3893840
-120.042,44.380,255.528,3893861
-120.130,44.171,255.220,3893882
-120.171,43.937,254.930,3893903
-120.169,43.684,254.674,3893924
-119.824,43.733,254.673,3893945
-119.613,43.899,254.551,3893966
-119.681,43.975,254.243,3893987
-119.336,44.107,254.201,3894008
-119.281,44.008,253.930,3894029
-119.262,43.923,253.654,3894050
-118.933,43.820,253.566,3894071
-118.787,43.747,253.321,3894092
-118.802,44.128,252.983,3894113
-118.662,44.093,252.754,3894134
-118.542,44.426,252.502,3894155
-118.552,44.792,252.155,3894176
-118.488,45.094,251.876,3894197
-118.861,45.329,251.275,3894218
-118.762,45.321,251.010,3894239
-119.179,45.297,250.394,3894260
-119.664,45.417,249.707,3894281
-120.088,45.329,249.085,3894302
-120.465,45.129,248.486,3894323
-120.444,45.000,248.185,3894344
-120.599,45.126,247.749,3894365
-120.646,45.218,247.371,3894386
-120.795,45.340,246.932,3894407
-120.769,45.453,246.578,3894428
-120.874,45.239,246.117,3894449
-121.048,45.097,245.587,3894470
-121.009,44.876,245.203,3894491
-120.988,44.690,244.781,3894512
-121.015,44.605,244.300,3894533
-121.082,44.720,243.760,3894554
-120.640,44.765,243.554,3894576
-120.357,44.991,243.225,3894597
-119.869,45.047,243.010,3894618
-119.820,45.135,242.491,3894639
-119.699,44.975,242.121,3894660
-119.160,44.813,242.034,3894681
-118.850,44.548,241.743,3894702
-118.626,44.750,241.408,3894723
-118.054,44.740,241.285,3894744
-117.601,44.949,241.039,3894765
-117.184,45.159,240.806,3894786
-117.103,45.448,240.345,3894807
-116.661,45.627,240.139,3894829
-116.507,45.537,239.736,3894850
-116.214,45.438,239.420,3894871
-116.348,45.489,238.791,3894892
-116.521,45.502,238.111,3894913
-116.347,45.673,237.688,3894934
-116.260,45.901,237.197,3894955
-116.187,46.056,236.644,3894976
-116.486,46.327,235.833,3894997
-116.576,46.144,235.154,3895018
-117.054,46.208,234.201,3895039
-117.438,46.091,233.325,3895060
-117.927,46.177,232.359,3895081
-118.237,46.062,231.530,3895102
-118.593,46.013,230.667,3895123
-118.632,46.293,230.046,3895144
-118.575,46.522,229.501,3895165
-118.487,46.769,228.988,3895186
-118.442,47.060,228.450,3895207
-118.269,47.241,227.991,3895228
-117.990,47.309,227.607,3895249
-117.702,47.357,227.233,3895270
-117.642,47.147,226.685,3895291
-117.863,47.190,225.935,3895312
-117.829,46.963,225.368,3895333
-117.574,46.943,224.970,3895354
-117.640,47.173,224.337,3895375
-117.722,47.385,223.675,3895396
-118.048,47.366,222.856,3895417
-118.293,47.474,222.088,3895438
-118.404,47.241,221.408,3895459
-118.617,47.068,220.663,3895480
-118.750,46.831,219.958,3895501
-118.589,46.512,219.454,3895522
-118.716,46.261,218.761,3895543
-118.651,46.347,218.199,3895564
-118.432,46.372,217.737,3895585
-118.235,46.415,217.253,3895606
-118.419,46.484,216.482,3895627
-118.185,46.306,216.004,3895648
-118.073,46.051,215.457,3895669
-117.956,45.810,214.890,3895690
-118.186,45.579,214.088,3895711
-118.141,45.610,213.498,3895732
-118.166,45.324,212.870,3895753
-118.271,45.032,212.171,3895774
-118.525,45.203,211.373,3895795
-118.650,45.415,210.679,3895816
-119.043,45.499,209.773,3895837
-119.410,45.735,208.863,3895858
-119.753,45.691,208.000,3895879
-120.043,45.619,207.176,3895900
-120.361,45.567,206.324,3895921
-120.515,45.483,205.602,3895942
-120.655,45.371,204.885,3895963
-121.029,45.679,204.014,3895984
-121.103,45.968,203.380,3896005
-121.114,46.197,202.761,3896026
-121.387,46.485,201.982,3896047
-121.708,46.600,201.167,3896068
-121.527,46.699,200.705,3896089
-121.338,46.629,200.251,3896110
-121.601,46.597,199.488,3896131
-121.701,46.427,198.845,3896152
-121.491,46.409,198.437,3896173
-121.505,46.637,197.885,3896194
-121.717,46.842,197.194,3896215
-121.966,46.891,196.488,3896236
-122.147,47.045,195.835,3896257
-122.323,47.117,195.211,3896278
-122.243,46.871,194.767,3896299
-121.927,46.661,194.504,3896320
-121.528,46.564,194.320,3896341
-121.165,46.351,194.104,3896362
-120.745,46.324,193.913,3896383
-120.361,46.154,193.722,3896404
-120.332,46.281,193.271,3896425
-120.438,46.303,192.722,3896446
-120.581,46.225,192.154,3896467
-120.632,46.331,191.657,3896488
-120.342,46.238,191.423,3896509
-120.234,45.916,191.071,3896530
-120.023,45.815,190.775,3896551
-120.261,45.938,190.141,3896572
-120.084,45.884,189.807,3896593
-120.197,45.660,189.251,3896614
-120.454,45.879,188.572,3896635
-120.820,45.939,187.831,3896656
-121.193,46.003,187.044,3896677
-121.394,46.298,186.367,3896698
-121.375,46.160,185.843,3896719
-121.426,46.010,185.266,3896740
-121.307,46.145,184.802,3896761
-121.226,46.163,184.271,3896782
-121.184,46.150,183.749,3896803
-121.524,46.483,182.927,3896824
-121.949,46.802,182.029,3896845
-122.344,47.133,181.145,3896866
-122.842,47.362,180.167,3896887
-122.833,47.528,179.540,3896908
-123.280,47.691,178.590,3896929
-123.231,47.621,177.986,3896950
-123.154,47.524,177.391,3896971
-122.916,47.623,176.930,3896992
-123.667,48.326,176.214,3897013
-123.844,48.823,175.911,3897034
-124.463,49.356,175.223,3897055
-125.011,49.893,174.578,3897076
-125.475,50.347,173.948,3897097
-125.871,50.528,173.347,3897118
-126.160,50.570,172.814,3897139
-125.991,50.531,172.615,3897160
-125.745,50.539,172.493,3897181
-125.539,50.590,172.313,3897202
-125.374,50.359,172.099,3897223
-125.526,50.314,171.805,3897244
-125.860,50.596,171.328,3897265
-126.278,50.791,170.748,3897286
-126.522,50.911,170.276,3897307
-126.837,50.841,169.727,3897328
-127.282,50.717,169.189,3897349
-127.042,50.560,169.151,3897370
-127.455,50.719,168.625,3897391
-127.831,50.578,168.132,3897412
-127.733,50.364,167.989,3897433
-127.569,50.278,167.910,3897454
-127.400,50.049,167.857,3897475
-127.541,50.119,167.526,3897496
-127.717,50.180,167.204,3897517
-127.977,49.997,166.782,3897538
-127.718,49.619,166.746,3897559
-127.623,49.607,166.588,3897580
-127.436,49.554,166.476,3897601
-127.111,49.254,166.498,3897622
-126.877,48.947,166.466,3897643
-126.684,48.640,166.403,3897664
-126.555,48.321,166.298,3897685
-126.722,48.395,165.965,3897706
-127.082,48.268,165.486,3897727
-127.409,48.245,165.056,3897748
-127.702,48.200,164.639,3897769
-127.509,47.862,164.595,3897790
-127.245,47.533,164.595,3897811
-126.874,47.347,164.678,3897832
-126.527,47.013,164.742,3897853
-126.247,46.643,164.743,3897874
-126.257,46.622,164.524,3897895
-126.038,46.751,164.497,3897916
-126.032,46.774,164.300,3897937
-126.054,46.896,164.093,3897958
-125.954,46.802,163.972,3897979
-125.440,46.721,164.150,3898000
-124.878,46.826,164.330,3898021
-124.361,46.850,164.489,3898042
-123.808,46.811,164.653,3898063
-123.276,47.024,164.801,3898084
-123.085,47.357,164.686,3898105
-122.944,47.581,164.555,3898126
-122.692,47.551,164.461,3898147
-122.502,47.641,164.290,3898168
-122.307,47.639,164.131,3898189
-121.623,47.677,164.299,3898210
-120.923,47.511,164.451,3898231
-120.596,47.269,164.320,3898252
-120.054,47.270,164.309,3898273
-120.001,47.125,163.907,3898294
-120.146,47.280,163.328,3898315
-120.261,47.554,162.713,3898336
-120.427,47.713,162.045,3898357
-120.493,48.029,161.417,3898378
-120.200,47.976,161.069,3898399
-119.903,47.963,160.696,3898420
-119.603,48.055,160.321,3898441
-119.347,48.233,159.905,3898462
-119.511,48.560,159.141,3898483
-119.289,48.534,158.630,3898504
-119.203,48.722,158.004,3898525
-119.588,48.870,157.007,3898546
-120.022,48.975,155.946,3898567
-120.378,48.853,154.900,3898588
-120.887,48.906,153.719,3898609
-121.156,48.725,152.685,3898630
-121.207,48.502,151.787,3898651
-121.181,48.376,150.900,3898672
-121.070,48.262,150.074,3898693
-121.019,48.321,149.197,3898714
-121.467,48.288,147.928,3898735
-121.895,48.369,146.669,3898756
-122.390,48.404,145.351,3898777
-122.922,48.349,143.984,3898798
-122.925,48.197,142.983,3898819
-123.084,47.935,141.849,3898840
-123.087,47.828,140.792,3898861
-123.116,47.831,139.687,3898882
-123.307,47.595,138.434,3898903
-123.291,47.549,137.328,3898924
-123.645,47.745,135.950,3898945
-124.037,47.883,134.542,3898966
-124.314,48.081,133.215,3898987
-124.477,47.851,131.953,3899008
-124.803,47.940,130.594,3899029
-125.078,47.800,129.259,3899050
-124.844,47.751,128.311,3899071
-124.596,47.731,127.358,3899092
-124.648,47.894,126.168,3899113
-124.420,47.892,125.199,3899134
-124.620,47.776,123.887,3899155
-124.382,47.591,122.911,3899176
-124.593,47.734,121.606,3899197
-124.511,47.524,120.517,3899218
-124.686,47.433,119.213,3899239
-124.634,47.235,118.076,3899260
-124.364,47.308,117.136,3899281
-124.236,47.533,116.102,3899302
-124.237,47.368,114.987,3899323
-124.043,47.506,114.027,3899344
-124.316,47.702,112.753,3899365
-124.377,47.942,111.633,3899386
-124.651,47.855,110.377,3899407
-124.940,47.747,109.097,3899428
-125.270,47.701,107.792,3899449
-125.458,47.911,106.598,3899470
-125.299,47.867,105.690,3899491
-125.142,47.897,104.798,3899512
-125.301,47.700,103.707,3899533
-125.324,47.859,102.741,3899554
-125.462,47.610,101.708,3899575
-125.787,47.436,100.533,3899596
-125.928,47.140,99.515,3899617
-126.074,46.844,98.498,3899638
-125.986,46.518,97.662,3899659
-126.239,46.332,96.589,3899680
-126.179,46.413,95.763,3899701
-125.899,46.398,95.109,3899722
-125.747,46.444,94.396,3899743
-125.382,46.294,93.860,3899764
-125.526,46.228,92.989,3899785
-125.258,46.304,92.447,3899806
-125.402,46.275,91.621,3899827
-125.019,46.091,91.181,3899848
-125.069,45.987,90.458,3899869
-124.900,46.211,89.900,3899890
-124.523,46.174,89.511,3899911
-124.263,46.408,89.053,3899932
-124.377,46.479,88.375,3899953
-123.975,46.527,88.092,3899974
-124.122,46.616,87.425,3899995
-124.315,46.744,86.746,3900016
-124.583,46.934,86.018,3900037
-124.400,46.884,85.626,3900058
-124.641,46.920,84.935,3900079
-124.467,47.003,84.570,3900100
-124.390,47.284,84.146,3900121
-124.413,47.600,83.641,3900142
-124.393,47.505,83.194,3900163
-124.234,47.686,82.847,3900184
-124.256,47.577,82.386,3900205
-124.634,47.710,81.644,3900226
-125.059,47.818,80.896,3900247
-125.409,48.064,80.215,3900268
-125.430,47.894,79.767,3900289
-125.641,47.706,79.188,3900310
-125.659,47.811,78.752,3900331
-125.655,47.911,78.351,3900352
-125.808,48.047,77.810,3900373
-126.120,48.005,77.138,3900394
-126.222,48.096,76.638,3900415
-126.499,47.951,75.980,3900436
-126.550,47.580,75.793,3900457
-126.573,47.338,76.126,3900478
-126.831,46.857,76.252,3900499
-127.021,46.387,76.392,3900520
-127.330,45.987,76.426,3900541
-127.614,45.621,76.449,3900562
-127.461,45.442,76.745,3900583
-127.353,45.337,76.986,3900604
-127.148,45.202,77.300,3900625
-127.063,45.198,77.484,3900646
-127.134,45.155,77.555,3900667
-126.702,44.855,77.953,3900688
-126.704,44.549,78.329,3900709
-126.742,44.477,78.662,3900730
-126.368,44.499,79.267,3900751
-125.976,44.564,79.860,3900772
-125.856,44.787,80.247,3900793
-125.488,44.832,80.826,3900814
-125.312,45.081,81.212,3900835
-125.330,44.964,81.481,3900856
-125.403,44.875,81.669,3900877
-125.316,44.726,82.127,3900898
-125.000,45.057,82.559,3900919
-125.085,45.382,82.689,3900941
-124.656,45.574,83.211,3900962
-124.470,46.037,83.537,3900983
-124.339,46.518,83.842,3901004
-123.908,46.826,84.369,3901025
-123.957,47.067,84.525,3901046
-123.976,47.231,84.687,3901067
-124.045,47.434,84.800,3901088
-123.915,47.468,85.045,3901109
-123.927,47.800,85.146,3901130
-123.494,47.995,85.560,3901151
-123.101,48.147,85.892,3901172
-122.861,48.432,86.082,3901193
-122.708,48.278,86.206,3901214
-122.367,48.401,86.472,3901235
-122.512,48.341,86.368,3901256
-122.545,48.139,86.313,3901277
-122.493,47.903,86.338,3901298
-122.763,47.836,86.121,3901319
-122.617,47.615,86.193,3901340
-122.985,47.500,85.894,3901361
-123.022,47.546,85.817,3901382
-122.932,47.219,85.814,3901403
-123.109,47.265,85.616,3901424
-123.073,47.237,85.561,3901445
-123.114,47.237,85.437,3901466
-123.442,46.944,85.084,3901487
-123.745,46.634,84.731,3901508
-123.551,46.389,84.734,3901529
-123.655,46.000,84.477,3901550
-123.966,45.964,84.106,3901571
-123.816,45.977,84.037,3901592
-123.691,46.095,83.944,3901613
-123.487,46.154,83.943,3901634
-123.764,46.245,83.570,3901655
-124.002,46.231,83.224,3901676
-124.020,46.087,83.024,3901697
-124.192,46.031,82.725,3901718
-124.436,46.306,82.348,3901739
-124.429,46.227,82.121,3901760
-124.192,46.398,82.048,3901781
-123.955,46.662,81.960,3901802
-124.045,46.998,81.628,3901823
-123.813,47.290,81.492,3901844
-123.614,47.224,81.334,3901865
-123.712,47.567,80.928,3901886
-123.870,47.722,80.450,3901907
-123.788,47.646,80.152,3901928
-123.590,47.567,79.909,3901949
-123.554,47.482,79.521,3901970
-123.223,47.639,79.322,3901991
-122.885,47.748,79.115,3902012
-122.803,47.897,79.023,3902033
-122.746,47.838,79.238,3902054
-122.922,47.408,79.237,3902075
-123.260,47.325,79.070,3902096
-123.625,46.980,78.852,3902117
-123.988,46.604,78.619,3902138
-124.377,46.307,78.339,3902159
-124.450,45.809,78.250,3902180
-124.667,45.763,78.032,3902201
-124.717,45.667,77.881,3902222
-124.758,45.583,77.723,3902243
-124.623,45.359,77.661,3902264
-124.499,45.215,77.578,3902285
-124.319,44.912,77.508,3902306
-124.563,44.610,77.137,3902327
-124.504,44.207,76.954,3902348
-124.505,44.096,76.922,3902369
-124.851,44.096,76.638,3902390
-125.200,44.157,76.323,3902411
-125.132,44.211,76.260,3902432
-125.476,44.279,75.899,3902453
-125.803,44.338,75.524,3902474
-125.994,44.611,75.224,3902495
-125.763,44.706,75.215,3902516
-126.065,44.899,74.796,3902537
-126.078,44.840,74.565,3902558
-126.264,44.739,74.406,3902579
-126.363,44.628,74.290,3902600
-126.148,44.642,74.355,3902621
-126.030,44.929,74.346,3902642
-125.923,45.263,74.318,3902663
-125.693,45.553,74.370,3902684
-125.409,45.863,74.422,3902705
-125.112,46.144,74.482,3902726
-124.899,46.465,74.554,3902747
-124.940,46.475,74.459,3902768
-124.734,46.427,74.506,3902789
-124.563,46.363,74.494,3902810
-124.596,46.377,74.329,3902831
-124.338,46.647,74.367,3902852
-124.234,46.922,74.265,3902873
-124.295,47.058,74.029,3902894
-124.009,47.229,74.009,3902915
-124.049,47.351,73.738,3902936
-124.064,47.175,73.475,3902957
-124.106,47.034,73.188,3902978
-123.689,46.889,73.242,3902999
-123.689,46.651,72.983,3903020
-123.341,46.390,72.975,3903041
-123.038,46.389,72.948,3903062
-122.723,46.331,72.917,3903083
-122.866,46.174,72.552,3903104
-122.602,46.186,72.482,3903125
-122.829,46.132,72.047,3903146
-122.990,45.852,71.742,3903167
-122.882,45.608,71.651,3903188
-123.237,45.703,71.189,3903209
-123.356,45.423,70.877,3903230
-123.731,45.324,70.383,3903251
-123.807,45.465,70.092,3903272
-123.757,45.521,69.896,3903293
-123.720,45.617,69.689,3903314
-123.727,45.789,69.456,3903335
-123.869,45.997,69.126,3903356
-124.171,45.892,68.662,3903377
-124.457,45.789,68.234,3903398
-124.540,45.596,67.961,3903419
-124.771,45.506,67.629,3903440
-124.690,45.337,67.517,3903461
-124.640,45.556,67.410,3903482
-124.918,45.782,67.077,3903503
-124.922,46.018,66.967,3903524
-124.836,46.263,66.925,3903545
-124.636,46.477,66.990,3903566
-124.379,46.409,67.131,3903587
-124.429,46.327,67.076,3903608
-124.100,46.478,67.276,3903629
-124.252,46.599,67.129,3903650
-123.876,46.462,67.370,3903671
-123.915,46.339,67.299,3903692
-123.786,46.531,67.384,3903713
-123.438,46.654,67.666,3903734
-123.437,46.770,67.749,3903755
-123.519,46.860,67.777,3903776
-123.552,46.705,67.886,3903797
-123.435,46.433,68.090,3903818
-123.073,46.404,68.443,3903839
-122.782,46.248,68.732,3903860
-122.989,46.358,68.663,3903881
-122.938,46.521,68.761,3903902
-122.910,46.267,68.836,3903923
-122.787,46.393,68.952,3903944
-122.641,46.537,69.079,3903965
-122.599,46.722,69.121,3903986
-122.871,46.705,68.932,3904007
-123.159,46.796,68.769,3904028
-123.025,46.953,68.927,3904049
-123.006,46.715,69.005,3904070
-123.037,46.515,69.034,3904091
-122.869,46.610,69.202,3904112
-122.719,46.409,69.390,3904133
-123.005,46.451,69.272,3904154
-122.979,46.613,69.394,3904175
-123.012,46.783,69.477,3904196
-122.773,46.628,69.714,3904217
-123.059,46.594,69.579,3904238
-123.222,46.445,69.524,3904259
-123.063,46.263,69.676,3904280
-123.118,46.073,69.684,3904301
-123.078,46.290,69.751,3904322
-123.039,46.533,69.806,3904343
-122.662,46.565,70.126,3904364
-122.443,46.767,70.310,3904385
-122.219,46.979,70.490,3904406
-122.414,46.969,70.378,3904427
-122.583,46.914,70.274,3904448
-122.795,46.868,70.176,3904469
-122.638,46.736,70.358,3904490
-122.793,46.658,70.321,3904511
-122.715,46.924,70.493,3904532
-122.840,47.235,70.533,3904553
-122.622,47.181,70.829,3904574
-122.613,47.455,70.991,3904595
-122.874,47.435,70.960,3904616
-123.119,47.332,70.927,3904637
-123.148,47.127,71.057,3904658
-123.401,47.002,70.997,3904679
-123.313,47.097,71.188,3904700
-123.587,47.174,71.110,3904721
-123.402,47.102,71.384,3904742
-123.701,47.127,71.320,3904763
-123.521,46.999,71.625,3904784
-123.462,47.105,71.834,3904805
-123.422,47.258,72.016,3904826
-123.440,47.008,72.182,3904847
-123.599,46.880,72.233,3904868
-123.523,46.631,72.455,3904889
-123.335,46.361,72.723,3904910
-123.024,46.272,73.103,3904931
-122.898,46.416,73.334,3904952
-122.816,46.598,73.533,3904973
-122.611,46.724,73.788,3904994
-122.581,46.867,73.909,3905015
-122.484,47.034,74.091,3905036
-122.328,46.771,74.299,3905057
-122.527,46.686,74.225,3905078
-122.645,46.576,74.210,3905099
-122.716,46.443,74.223,3905120
-122.415,46.349,74.487,3905141
-122.506,46.599,74.467,3905162
-122.728,46.658,74.338,3905183
-122.983,46.834,74.181,3905204
-123.099,47.072,74.092,3905225
-123.017,47.250,74.145,3905246
-122.749,47.272,74.332,3905267
-122.731,47.474,74.303,3905288
-122.764,47.270,74.203,3905309
-122.606,47.022,74.229,3905330
-122.426,46.809,74.249,3905351
-122.564,47.010,73.998,3905372
-122.301,46.940,74.030,3905393
-122.186,47.046,73.970,3905414
-122.566,47.159,73.601,3905435
-122.526,46.912,73.547,3905456
-122.415,46.808,73.555,3905477
-122.770,46.673,73.207,3905498
-123.072,46.478,72.910,3905519
-123.152,46.614,72.852,3905540
-123.337,46.368,72.745,3905561
-123.449,46.553,72.653,3905582
-123.720,46.651,72.450,3905603
-123.727,46.855,72.437,3905624
-123.826,46.674,72.403,3905645
-124.054,46.910,72.246,3905666
-123.987,47.110,72.355,3905687
-124.126,46.992,72.290,3905708
-124.245,46.878,72.214,3905729
-124.408,46.800,72.142,3905750
-124.359,46.627,72.193,3905771
-124.079,46.536,72.407,3905792
-123.928,46.753,72.582,3905813
-123.833,46.977,72.693,3905834
-123.712,47.195,72.822,3905855
-123.621,47.432,72.928,3905876
-123.337,47.500,73.169,3905897
-123.400,47.376,73.146,3905918
-123.071,47.441,73.389,3905939
-123.167,47.365,73.324,3905960
-122.818,47.338,73.546,3905981
-122.992,47.374,73.389,3906002
-122.879,47.583,73.431,3906023
-123.055,47.745,73.282,3906044
-123.274,47.803,73.096,3906065
-123.002,47.666,73.259,3906086
-123.198,47.633,73.098,3906108
-123.360,47.533,72.951,3906129
-123.375,47.304,72.893,3906150
-123.247,47.431,72.943,3906171
-123.007,47.309,73.065,3906192
-122.971,47.414,73.028,3906213
-122.914,47.484,73.027,3906234
-123.269,47.396,72.712,3906255
-123.225,47.456,72.684,3906276
-123.262,47.137,72.586,3906297
-123.243,46.824,72.515,3906318
-123.477,46.580,72.250,3906339
-123.710,46.324,71.996,3906360
-124.037,46.173,71.654,3906381
-123.869,45.868,71.683,3906402
-123.819,45.971,71.620,3906423
-123.812,46.097,71.507,3906444
-123.506,45.986,71.584,3906465
-123.460,46.114,71.478,3906486
-123.354,46.254,71.412,3906507
-123.508,46.248,71.135,3906528
-123.505,46.061,70.938,3906549
-123.413,45.863,70.807,3906570
-123.291,45.709,70.711,3906591
-122.898,45.696,70.835,3906612
-122.600,46.022,70.865,3906633
-122.477,46.404,70.770,3906654
-122.201,46.762,70.778,3906675
-121.953,47.149,70.767,3906696
-121.529,47.327,70.863,3906717
-121.457,47.722,70.703,3906738
-121.437,47.712,70.485,3906759
-121.399,47.672,70.262,3906780
-121.061,47.792,70.233,3906801
-120.899,47.705,70.070,3906822
-121.004,48.023,69.696,3906843
-121.155,48.275,69.276,3906864
-121.075,48.082,69.015,3906885
-120.920,47.845,68.766,3906906
-121.062,47.948,68.291,3906927
-121.064,47.692,67.895,3906948
-121.190,47.635,67.404,3906969
-121.155,47.312,67.019,3906990
-121.057,47.363,66.653,3907011
-121.001,47.406,66.272,3907032
-121.025,47.452,65.837,3907053
-120.962,47.498,65.433,3907074
-120.761,47.217,65.134,3907095
-120.764,47.260,64.706,3907116
-120.806,46.902,64.214,3907137
-121.105,46.513,63.695,3907158
-121.438,46.161,63.166,3907179
-121.694,45.803,62.694,3907200
-121.674,45.668,62.396,3907221
-121.717,45.311,62.066,3907242
-121.876,45.382,61.625,3907263
-121.892,45.417,61.289,3907284
-122.278,45.471,60.747,3907305
-122.270,45.529,60.482,3907326
-122.529,45.360,60.000,3907347
-122.360,45.425,59.826,3907368
-122.331,45.556,59.595,3907389
-122.414,45.371,59.298,3907410
-122.285,45.182,59.139,3907431
-122.180,45.371,58.999,3907452
-122.381,45.418,58.613,3907473
-122.248,45.672,58.491,3907494
-121.968,45.865,58.490,3907515
-121.976,46.236,58.287,3907536
-122.188,46.426,57.956,3907557
-121.837,46.643,58.038,3907578
-121.784,46.668,57.901,3907599
-121.776,46.735,57.722,3907620
-121.744,46.838,57.571,3907641
-121.240,46.947,57.747,3907662
-120.815,47.252,57.901,3907683
-120.594,47.581,57.862,3907704
-120.156,47.448,58.011,3907725
-119.987,47.689,57.949,3907746
-119.623,47.887,58.030,3907767
-119.565,47.812,57.902,3907788
-119.509,47.652,57.770,3907809
-119.031,47.680,57.985,3907830
-118.692,47.433,58.092,3907851
-118.684,47.246,57.939,3907872
-118.772,47.256,57.748,3907893
-118.585,47.408,57.726,3907914
-118.242,47.437,57.846,3907935
-118.161,47.187,57.778,3907956
-118.265,47.322,57.600,3907977
-118.369,47.097,57.432,3907998
-118.444,47.256,57.265,3908019
-118.260,46.990,57.309,3908040
-118.063,46.872,57.370,3908061
-118.234,46.597,57.166,3908082
-118.260,46.668,57.043,3908103
-118.239,46.733,56.955,3908124
-118.352,46.842,56.740,3908145
-118.546,46.583,56.466,3908166
-118.452,46.599,56.407,3908187
-118.685,46.391,56.101,3908208
-118.588,46.003,56.034,3908229
-118.604,45.672,55.866,3908250
-118.343,45.488,55.887,3908271
-118.116,45.411,55.871,3908292
-118.341,45.500,55.512,3908313
-118.485,45.691,55.192,3908334
-118.650,45.884,54.831,3908355
-118.843,46.091,54.423,3908376
-119.114,46.304,53.979,3908397
-119.477,46.112,53.433,3908418
-119.872,45.960,52.865,3908439
-120.380,45.863,52.185,3908460
-120.755,45.714,51.605,3908481
-120.811,45.646,51.252,3908502
-120.930,45.764,50.824,3908523
-121.012,45.907,50.419,3908544
-121.114,46.032,49.977,3908565
-121.254,46.230,49.504,3908586
-121.501,46.476,48.951,3908607
-122.026,46.453,48.162,3908628
-122.399,46.308,47.488,3908649
-122.749,46.245,46.807,3908670
-122.774,46.081,46.352,3908691
-122.641,46.094,46.022,3908712
-122.940,46.341,45.391,3908733
-122.707,46.399,45.132,3908754
-122.486,46.672,44.863,3908775
-122.526,47.047,44.406,3908796
-122.533,47.410,43.980,3908817
-122.275,47.783,43.744,3908838
-121.965,47.705,43.562,3908859
-121.723,47.672,43.307,3908880
-121.491,47.648,43.062,3908901
-121.123,47.570,42.897,3908922
-120.484,47.692,42.936,3908943
-120.277,47.961,42.647,3908964
-120.041,48.043,42.362,3908985
-119.771,48.166,42.114,3909006
-119.413,48.377,41.946,3909027
-119.068,48.577,41.732,3909048
-118.515,48.347,41.673,3909069
-118.100,48.154,41.508,3909090
-117.414,48.004,41.547,3909111
-116.809,47.784,41.529,3909132
-116.436,47.887,41.317,3909153
-116.076,47.887,41.092,3909174
-115.762,47.768,40.807,3909195
-115.546,47.646,40.475,3909216
-115.685,47.729,39.850,3909237
-116.041,47.760,39.079,3909258
-115.988,47.620,38.613,3909279
-116.393,47.299,37.818,3909300
-116.730,46.898,37.107,3909321
-116.814,46.608,36.567,3909342
-117.396,46.372,35.655,3909363
-117.955,46.212,34.768,3909384
-118.531,45.956,33.864,3909405
-119.170,45.790,32.920,3909426
-119.351,45.622,32.338,3909447
-119.779,45.606,31.570,3909468
-120.259,45.261,30.796,3909489
-120.711,44.958,30.041,3909510
-120.826,44.785,29.528,3909531
-121.075,44.575,28.908,3909552
-121.648,44.730,28.095,3909573
-121.786,44.963,27.574,3909594
-122.291,45.264,26.780,3909615
-122.267,45.355,26.364,3909636
-122.262,45.354,25.927,3909657
-122.108,45.411,25.608,3909678
-122.044,45.751,25.207,3909699
-122.021,45.650,24.751,3909720
-122.011,45.536,24.278,3909741
-122.163,45.591,23.678,3909762
-121.839,45.691,23.393,3909783
-121.993,45.790,22.777,3909804
-122.040,45.978,22.207,3909825
-122.218,45.925,21.484,3909846
-122.339,45.787,20.817,3909867
-122.200,45.824,20.323,3909888
-121.831,45.547,19.988,3909909
-121.689,45.155,19.446,3909930
-121.698,44.814,18.783,3909951
-121.440,44.805,18.275,3909972
-121.125,44.604,17.800,3909993
-121.151,44.615,17.096,3910014
-121.244,44.705,16.294,3910035
-121.009,44.685,15.737,3910056
-121.167,44.467,14.866,3910077
-121.413,44.452,13.936,3910098
-121.205,44.384,13.330,3910119
-121.220,44.103,12.565,3910140
-121.104,43.862,11.898,3910161
-120.905,43.709,11.304,3910182
-121.151,43.871,10.388,3910203
-121.251,44.073,9.588,3910224
-121.587,44.032,8.639,3910245
-121.924,44.000,7.681,3910266
-122.345,44.045,6.664,3910287
-122.760,44.159,5.652,3910308
-123.053,44.084,4.716,3910329
-123.406,44.063,3.739,3910350
-123.383,44.252,3.000,3910371
-123.286,44.287,2.335,3910392
-123.190,44.340,1.635,3910413
-123.300,44.220,0.801,3910434
-123.188,44.408,0.118,3910455
-123.425,44.661,359.165,3910476
-123.201,44.761,358.528,3910497
-123.330,44.999,357.605,3910518
-123.116,44.772,356.867,3910539
-122.775,44.708,356.197,3910560
-123.159,45.248,355.381,3910581
-123.432,45.602,354.571,3910602
-123.635,45.955,353.744,3910623
-123.871,46.314,352.839,3910644
-124.496,46.522,351.598,3910665
-125.033,46.561,350.368,3910686
-125.561,46.663,349.068,3910707
-125.674,46.436,348.012,3910728
-125.608,46.476,347.046,3910749
-125.864,46.262,345.786,3910770
-125.672,45.810,344.827,3910791
-125.808,45.573,343.593,3910812
-125.695,45.453,342.513,3910833
-125.686,45.090,341.309,3910854
-125.613,44.834,340.162,3910875
-125.471,44.404,339.049,3910896
-125.112,43.800,338.088,3910917
-124.926,43.377,336.998,3910938
-124.278,42.871,336.231,3910959
-123.598,42.536,335.471,3910980
-122.913,42.253,334.727,3911001
-122.235,41.850,333.982,3911022
-121.595,41.634,333.233,3911043
-120.959,41.444,332.481,3911064
-120.817,41.284,331.415,3911085
-120.710,41.159,330.308,3911106
-120.470,41.315,329.314,3911127
-120.434,41.470,328.162,3911148
-120.425,41.564,326.997,3911169
-119.971,41.646,326.142,3911190
-119.550,41.781,325.278,3911211
-119.561,41.902,324.130,3911232
-119.242,42.295,323.220,3911253
-118.980,42.721,322.250,3911274
-118.745,42.924,321.276,3911295
-118.977,43.273,320.004,3911316
-119.102,43.503,318.801,3911337
-119.423,43.922,317.467,3911358
-119.758,44.299,316.145,3911379
-120.122,44.623,314.788,3911400
-120.095,45.081,313.729,3911421
-119.185,45.502,313.875,3911442
-118.120,45.916,314.076,3911463
-117.310,46.426,314.062,3911484
-116.459,46.865,314.075,3911505
-115.674,46.908,314.033,3911526
-115.346,46.999,313.630,3911547
-115.181,47.069,313.101,3911568
-115.127,47.121,312.481,3911589
-114.707,47.047,312.123,3911610
-114.381,46.918,311.696,3911631
-114.145,47.043,311.187,3911652
-114.258,47.231,310.449,3911673
-114.215,47.265,309.824,3911694
-113.882,47.221,309.479,3911715
-113.759,47.325,308.997,3911736
-114.046,47.133,308.198,3911757
-114.164,46.863,307.579,3911778
-114.436,46.544,306.826,3911799
-114.629,46.275,306.165,3911820
-114.870,46.026,305.471,3911841
-115.157,45.743,304.724,3911862
-115.002,45.520,304.306,3911883
-114.905,45.400,303.842,3911904
-115.291,45.155,303.050,3911925
-115.629,44.838,302.307,3911946
-115.613,44.807,301.821,3911967
-116.051,44.772,301.030,3911988
-116.466,44.675,300.276,3912009
-116.437,44.727,299.835,3912030
-116.455,44.932,299.357,3912051
-116.769,45.161,298.650,3912072
-116.648,45.286,298.243,3912093
-116.516,45.383,297.842,3912114
-116.331,45.512,297.441,3912135
-116.681,45.589,296.636,3912156
-117.013,45.701,295.829,3912177
-117.411,45.835,294.937,3912198
-117.743,45.868,294.070,3912219
-117.951,46.163,292.610,3912261
-118.514,46.299,291.559,3912282
-118.687,46.515,290.779,3912303
-118.951,46.773,289.909,3912324
-119.611,46.785,288.743,3912345
-120.176,46.719,287.635,3912366
-120.765,46.787,286.492,3912387
-121.289,46.734,285.324,3912408
-121.678,46.595,284.259,3912429
-121.543,46.460,283.531,3912450
-121.360,46.402,282.803,3912471
-121.165,46.404,282.073,3912492
-120.890,46.317,281.396,3912513
-120.621,46.299,280.680,3912534
-120.528,45.922,279.815,3912555
-120.543,45.568,278.844,3912576
-120.319,45.173,278.029,3912597
-120.409,44.804,277.002,3912618
-120.507,44.393,275.893,3912639
-120.430,43.885,274.845,3912660
-120.220,43.616,273.825,3912681
-120.035,43.304,272.780,3912702
-120.041,42.941,272.187,3912723
-119.804,42.755,271.817,3912744
-119.538,42.562,271.465,3912765
-119.683,42.281,270.812,3912786
-119.620,42.260,270.264,3912807
-119.809,41.954,269.760,3912828
-120.013,41.723,269.239,3912849
-120.235,41.696,268.692,3912870
-120.123,41.809,268.344,3912891
-120.042,41.958,267.963,3912912
-120.069,42.208,267.634,3912933
-120.371,42.574,267.125,3912954
-120.508,42.563,266.716,3912975
-120.745,42.590,266.225,3912996
-121.155,42.789,265.617,3913017
-121.331,42.839,265.158,3913038
-121.242,42.984,264.871,3913059
-121.463,43.529,264.345,3913080
-121.364,43.953,264.009,3913101
-121.312,44.473,263.636,3913122
-121.359,45.077,263.165,3913143
-121.304,45.594,262.770,3913164
-121.387,46.207,262.245,3913185
-121.675,46.487,261.579,3913206
-121.585,46.617,261.190,3913227
-121.412,46.732,260.837,3913248
-121.679,46.995,260.152,3913269
-121.609,47.043,259.713,3913290
-121.512,47.462,259.259,3913311
-121.222,47.795,258.966,3913332
-121.003,48.094,258.605,3913353
-120.465,48.131,258.459,3913374
-119.881,48.139,258.325,3913395
-119.581,47.839,258.025,3913416
-119.338,47.583,257.672,3913437
-118.600,47.279,257.683,3913458
-118.382,47.029,257.293,3913479
-117.884,46.601,257.094,3913500
-117.450,46.604,256.840,3913521
-116.794,46.368,256.721,3913542
-116.225,46.208,256.529,3913563
-115.798,46.146,256.210,3913584
-115.765,45.810,255.590,3913605
-115.753,45.462,254.942,3913626
-115.637,45.021,254.359,3913647
-115.720,44.707,253.629,3913668
-115.754,44.327,252.941,3913689
-115.741,44.302,252.282,3913710
-115.603,44.287,251.727,3913731
-115.542,44.312,251.102,3913752
-115.790,44.307,250.275,3913773
-115.771,44.444,249.637,3913794
-115.711,44.320,249.022,3913815
-115.983,44.206,248.176,3913836
-116.235,44.135,247.365,3913857
-116.388,44.151,246.580,3913878
-116.787,44.164,245.663,3913899
-117.235,44.224,244.704,3913920
-117.793,44.336,243.669,3913941
-118.142,44.830,242.783,3913962
-118.514,45.318,241.851,3913983
-119.095,45.873,240.770,3914004
-119.673,46.404,239.684,3914025
-120.316,46.554,238.535,3914046
-120.783,46.997,237.500,3914067
-120.971,47.191,236.666,3914088
-121.605,47.258,235.508,3914109
-122.217,47.298,234.341,3914130
-122.595,47.603,233.367,3914151
-122.861,47.882,232.439,3914172
-123.354,47.895,231.331,3914193
-123.294,47.938,230.630,3914214
-123.220,48.014,229.939,3914235
-123.287,47.769,229.151,3914256
-123.301,47.516,228.391,3914277
-123.214,47.220,227.690,3914298
-123.138,46.941,226.992,3914319
-122.736,46.813,226.509,3914340
-122.780,46.809,225.709,3914361
-122.440,46.828,225.187,3914382
-122.062,46.859,224.697,3914403
-121.640,46.883,224.232,3914424
-121.460,46.908,223.605,3914445
-120.932,46.580,223.235,3914466
-120.336,46.300,222.890,3914487
-119.940,46.069,222.417,3914508
-119.233,45.922,222.197,3914529
-118.535,45.827,221.958,3914550
-118.335,45.814,221.382,3914571
-117.987,46.045,220.914,3914592
-117.684,46.306,220.422,3914613
-117.403,46.533,219.960,3914634
-117.327,46.511,219.355,3914655
-116.821,46.567,219.069,3914676
-116.527,46.406,218.638,3914697
-116.171,46.590,218.269,3914718
-115.896,46.460,217.861,3914739
-115.935,46.338,217.193,3914760
-115.813,46.621,216.696,3914781
-115.671,46.837,216.208,3914802
-116.000,47.097,215.382,3914823
-116.429,47.296,214.515,3914844
-116.874,47.378,213.626,3914865
-116.997,47.307,212.992,3914886
-117.343,47.244,212.222,3914907
-117.596,47.575,211.514,3914928
-117.844,47.457,210.831,3914949
-117.890,47.467,210.319,3914970
-118.465,47.489,209.436,3914991
-118.951,47.764,208.622,3915012
-119.334,48.032,207.883,3915033
-119.895,48.277,207.036,3915054
-120.497,48.467,206.181,3915075
-120.879,48.213,205.484,3915096
-121.203,47.946,204.842,3915117
-121.354,47.772,204.332,3915138
-121.487,47.541,203.825,3915159
-121.582,47.362,203.331,3915180
-122.338,47.787,203.021,3915201
-123.069,48.063,202.693,3915222
-123.553,48.466,202.525,3915243
-123.990,48.800,202.364,3915264
-124.369,49.132,202.200,3915285
-124.405,49.018,202.254,3915306
-124.486,48.899,202.232,3915327
-124.201,48.871,202.496,3915348
-123.935,48.924,202.703,3915369
-123.609,48.721,202.942,3915390
-123.518,48.847,203.005,3915411
-123.497,48.914,202.965,3915432
-123.516,48.695,202.868,3915453
-123.513,48.553,202.769,3915474
-123.627,48.657,202.882,3915495
-123.161,48.453,203.413,3915516
-122.652,48.262,203.950,3915537
-122.287,47.983,204.366,3915558
-121.747,47.764,204.900,3915579
-121.180,47.684,205.414,3915600
-121.020,47.451,205.637,3915621
-120.581,47.503,206.066,3915642
-120.434,47.563,206.252,3915663
-120.313,47.632,206.386,3915684
-120.281,47.587,206.458,3915705
-119.835,47.257,206.825,3915726
-119.357,47.078,207.187,3915747
-118.866,46.742,207.543,3915768
-118.596,46.362,207.725,3915789
-118.205,46.016,207.987,3915810
-118.010,46.077,208.092,3915831
-118.014,46.119,208.034,3915852
-118.082,46.114,207.932,3915873
-118.205,46.146,207.823,3915894
-118.287,46.247,207.696,3915915
-118.432,46.374,207.496,3915936
-118.421,46.059,207.407,3915957
-118.374,45.776,207.353,3915978
-118.247,45.730,207.324,3915999
-118.338,45.450,207.145,3916020
-118.752,45.412,206.699,3916041
-118.821,45.535,206.498,3916062
-119.273,45.634,206.032,3916083
-119.588,45.854,205.646,3916104
-120.046,46.033,205.161,3916125
-120.255,46.276,204.867,3916146
-120.474,46.076,204.535,3916167
-120.734,45.899,204.186,3916188
-120.933,45.720,203.834,3916209
-121.007,45.535,203.573,3916230
-121.399,45.466,203.114,3916251
-121.607,45.721,202.754,3916272
-122.053,45.891,202.224,3916293
-122.454,46.094,201.733,3916314
-122.455,46.249,201.497,3916335
-122.857,46.422,200.977,3916356
-122.753,46.317,200.814,3916377
-122.593,46.312,200.661,3916398
-122.418,46.306,200.521,3916419
-122.224,46.355,200.396,3916440
-122.050,46.432,200.260,3916461
-122.335,46.459,199.795,3916482
-122.536,46.377,199.388,3916503
-122.774,46.444,198.957,3916524
-122.855,46.658,198.640,3916545
-123.037,46.625,198.271,3916566
-122.679,46.507,198.271,3916587
-122.290,46.467,198.293,3916608
-122.249,46.212,198.047,3916629
-121.923,46.014,198.002,3916650
-121.591,46.052,197.963,3916671
-121.560,46.189,197.711,3916692
-121.549,46.332,197.460,3916713
-121.386,46.498,197.304,3916734
-121.356,46.636,197.047,3916755
-121.386,46.542,196.752,3916776
-121.221,46.334,196.611,3916797
-120.777,46.252,196.651,3916818
-120.593,46.028,196.501,3916839
-120.217,45.900,196.480,3916860
-119.917,45.685,196.386,3916881
-120.058,45.681,195.970,3916902
-119.981,45.853,195.706,3916923
-120.074,45.992,195.318,3916944
-120.286,45.972,194.813,3916965
-120.568,45.909,194.337,3916986
-120.408,45.855,194.168,3917007
-120.276,45.938,193.951,3917028
-120.190,46.069,193.720,3917049
-120.056,45.931,193.497,3917070
-119.976,45.803,193.230,3917091
-120.088,46.057,192.865,3917112
-120.487,46.213,192.288,3917133
-120.923,46.373,191.688,3917154
-121.352,46.322,191.094,3917175
-121.585,46.108,190.638,3917196
-121.592,45.932,190.372,3917217
-121.529,45.920,190.115,3917238
-121.987,45.849,189.503,3917259
-121.940,45.725,189.240,3917280
-121.894,45.703,188.958,3917301
-121.969,45.764,188.599,3917322
-122.008,45.590,188.339,3917343
-122.461,45.627,187.783,3917364
-122.867,45.715,187.276,3917385
-123.262,45.663,186.759,3917406
-123.203,45.778,186.578,3917427
-123.312,45.625,186.315,3917448
-123.555,45.535,185.959,3917469
-123.445,45.393,185.825,3917490
-123.199,45.500,185.794,3917511
-123.277,45.777,185.512,3917532
-123.494,46.078,185.148,3917553
-123.620,46.381,184.857,3917574
-123.344,46.598,184.870,3917595
-123.204,46.875,184.750,3917616
-123.272,46.881,184.487,3917637
-122.916,46.668,184.538,3917658
-122.967,46.801,184.273,3917679
-122.555,46.604,184.344,3917700
-122.246,46.435,184.378,3917721
-122.395,46.503,184.059,3917742
-122.389,46.273,183.847,3917763
-122.374,46.424,183.613,3917784
-122.320,46.576,183.412,3917805
-122.393,46.407,183.124,3917826
-122.038,46.137,183.178,3917847
-121.720,46.204,183.186,3917868
-121.305,46.189,183.263,3917889
-120.892,46.006,183.335,3917910
-120.489,45.826,183.435,3917931
-120.601,45.794,183.155,3917952
-120.657,45.910,182.907,3917973
-120.755,45.836,182.611,3917994
-120.397,45.873,182.649,3918015
-120.153,45.981,182.573,3918036
-120.188,45.787,182.312,3918057
-120.172,45.566,182.046,3918078
-120.357,45.418,181.629,3918099
-120.268,45.205,181.392,3918120
-120.028,45.109,181.247,3918141
-119.856,45.235,181.072,3918162
-120.077,45.356,180.609,3918183
-120.296,45.493,180.117,3918204
-120.069,45.547,179.988,3918225
-120.176,45.782,179.614,3918246
-120.090,45.980,179.378,3918267
-119.956,45.788,179.191,3918288
-119.733,45.875,179.039,3918309
-119.595,45.708,178.847,3918330
-119.682,45.561,178.485,3918351
-119.763,45.859,178.128,3918372
-119.993,46.120,177.641,3918393
-120.288,46.264,177.095,3918414
-120.558,46.263,176.573,3918435
-120.556,46.477,176.218,3918456
-120.671,46.307,175.774,3918477
-120.487,46.198,175.545,3918498
-120.599,46.000,175.090,3918519
-120.473,46.140,174.809,3918540
-120.295,46.021,174.570,3918561
-120.333,46.221,174.158,3918582
-120.635,46.288,173.520,3918603
-120.962,46.329,172.836,3918624
-121.283,46.333,172.152,3918645
-121.589,46.460,171.465,3918666
-121.519,46.228,171.063,3918687
-121.454,46.011,170.612,3918708
-121.432,45.762,170.120,3918729
-121.236,45.607,169.743,3918750
-120.999,45.528,169.382,3918771
-120.870,45.669,168.942,3918792
-121.056,45.807,168.263,3918813
-121.281,45.950,167.533,3918834
-121.517,46.013,166.796,3918855
-121.460,46.222,166.277,3918876
-121.464,46.015,165.724,3918897
-121.190,45.842,165.335,3918918
-120.890,45.740,164.959,3918939
-120.630,45.830,164.544,3918960
-120.381,45.930,164.117,3918981
-120.362,45.699,163.488,3919002
-120.076,45.780,163.042,3919023
-120.260,45.827,162.255,3919044
-120.327,45.988,161.561,3919065
-120.403,45.767,160.849,3919086
-120.092,45.694,160.430,3919107
-119.972,45.854,159.859,3919128
-119.736,45.979,159.360,3919149
-119.521,45.745,158.817,3919170
-119.300,45.554,158.270,3919191
-119.448,45.651,157.453,3919212
-119.593,45.611,156.631,3919233
-119.750,45.737,155.787,3919254
-119.810,45.921,154.999,3919275
-119.894,45.770,154.193,3919296
-119.909,45.562,153.426,3919317
-119.682,45.548,152.852,3919338
-119.491,45.575,152.249,3919359
-119.313,45.491,151.601,3919380
-119.175,45.537,150.922,3919401
-119.072,45.619,150.206,3919422
-119.478,45.723,149.130,3919443
-119.918,45.838,147.994,3919464
-120.315,45.808,146.882,3919485
-120.678,45.760,145.807,3919506
-120.711,45.592,144.965,3919527
-120.680,45.739,144.167,3919548
-121.088,45.926,143.069,3919569
-121.045,45.844,142.295,3919590
-121.048,45.917,141.499,3919611
-121.444,46.141,140.395,3919632
-121.947,46.273,139.197,3919653
-122.499,46.248,137.952,3919674
-123.001,46.115,136.750,3919695
-123.466,45.966,135.571,3919716
-123.953,45.900,134.360,3919737
-124.013,46.009,133.419,3919758
-124.365,46.242,132.268,3919779
-124.372,46.059,131.368,3919800
-124.312,46.057,130.522,3919821
-124.245,46.005,129.650,3919842
-124.584,46.222,128.486,3919863
-124.947,46.236,127.312,3919884
-125.175,46.098,126.208,3919905
-125.052,46.178,125.348,3919926
-125.018,46.022,124.408,3919947
-124.876,46.159,123.513,3919968
-124.691,46.108,122.644,3919989
-124.974,46.131,121.428,3920010
-124.764,46.206,120.557,3920031
-125.073,46.359,119.298,3920052
-125.353,46.470,118.040,3920073
-125.655,46.651,116.765,3920094
-125.887,46.733,115.532,3920115
-125.998,46.713,114.403,3920136
-126.274,46.987,113.158,3920157
-126.025,47.102,112.285,3920178
-125.986,47.380,111.226,3920199
-125.861,47.553,110.232,3920220
-125.974,47.859,109.063,3920241
-125.901,47.747,108.022,3920262
-125.856,47.912,106.953,3920283
-126.280,47.995,105.542,3920304
-126.668,47.930,104.163,3920325
-126.984,47.847,102.849,3920346
-127.318,47.795,101.525,3920367
-127.165,47.800,100.570,3920388
-127.115,47.893,99.540,3920409
-127.204,47.616,98.443,3920430
-127.012,47.642,97.533,3920451
-126.866,47.670,96.594,3920472
-126.774,47.333,95.641,3920493
-126.717,47.002,94.681,3920514
-126.428,46.685,93.859,3920535
-126.364,46.348,92.896,3920556
-126.406,46.024,91.859,3920577
-126.528,45.757,90.772,3920598
-126.394,45.776,89.869,3920619
-126.088,45.601,89.080,3920640
-125.809,45.535,88.320,3920661
-125.723,45.615,87.414,3920682
-125.753,45.701,86.442,3920703
-125.659,45.430,85.543,3920724
-125.597,45.205,84.634,3920745
-125.468,44.983,83.759,3920766
-125.132,44.784,83.032,3920787
-125.012,45.031,82.147,3920808
-125.095,45.230,81.131,3920829
-125.128,45.489,80.146,3920850
-124.864,45.721,79.405,3920871
-124.960,45.874,78.379,3920892
-124.567,45.802,77.724,3920913
-124.393,45.716,76.896,3920934
-124.228,45.649,76.038,3920955
-123.779,45.788,75.418,3920976
-123.754,45.766,74.464,3920997
-123.543,46.067,73.620,3921018
-123.281,46.303,72.817,3921039
-123.374,46.550,71.757,3921060
-123.425,46.518,71.057,3921081
-123.664,46.128,70.199,3921102
-123.838,45.731,69.391,3921123
-123.784,45.412,68.741,3921144
-124.048,45.129,67.866,3921165
-124.088,44.841,67.144,3921186
-124.038,44.900,66.512,3921207
-124.003,45.040,65.848,3921228
-124.234,45.243,65.013,3921249
-124.057,45.214,64.449,3921270
-124.198,45.500,63.633,3921291
-124.462,45.493,62.748,3921312
-124.716,45.510,61.859,3921333
-124.969,45.526,60.965,3921354
-124.844,45.516,60.335,3921375
-124.656,45.633,59.770,3921396
-124.421,45.778,59.231,3921417
-124.693,46.026,58.325,3921438
-124.567,46.338,57.688,3921459
-124.445,46.668,57.024,3921480
-124.557,46.983,56.201,3921501
-124.759,47.154,55.311,3921522
-124.903,47.257,54.454,3921543
-124.498,47.330,54.007,3921564
-124.370,47.149,53.334,3921585
-124.223,46.901,52.658,3921606
-123.982,46.606,52.030,3921627
-123.845,46.688,51.322,3921648
-123.821,46.364,50.537,3921669
-123.848,46.029,49.689,3921690
-123.757,46.081,48.928,3921711
-123.732,46.131,48.104,3921732
-123.826,45.821,47.190,3921753
-123.536,45.477,46.569,3921774
-123.282,45.136,45.897,3921795
-122.970,45.099,45.283,3921816
-122.633,45.039,44.685,3921837
-122.485,45.153,43.934,3921858
-122.650,45.203,42.971,3921879
-122.474,44.914,42.222,3921900
-122.298,44.952,41.493,3921921
-122.593,44.987,40.411,3921942
-122.875,44.895,39.313,3921963
-122.686,44.765,38.535,3921984
-122.821,44.555,37.538,3922005
-122.936,44.375,36.559,3922026
-123.142,44.655,35.519,3922047
-123.468,44.861,34.400,3922068
-123.639,45.199,33.422,3922089
-123.576,45.138,32.603,3922110
-123.629,45.502,31.700,3922131
-123.835,45.833,30.699,3922152
-124.084,45.820,29.651,3922173
-124.170,45.719,28.718,3922194
-124.015,45.692,27.967,3922215
-124.078,45.582,27.075,3922236
-123.883,45.650,26.387,3922257
-123.877,45.923,25.557,3922278
-124.090,46.164,24.595,3922299
-124.359,46.205,23.593,3922320
-124.344,46.469,22.798,3922341
-124.545,46.667,21.865,3922362
-124.810,46.703,20.869,3922383
-124.575,46.766,20.236,3922404
-124.382,46.551,19.591,3922425
-124.088,46.450,19.029,3922446
-123.797,46.400,18.435,3922467
-123.905,46.540,17.569,3922488
-123.801,46.647,16.856,3922509
-123.841,46.356,16.049,3922530
-123.525,46.308,15.507,3922551
-123.665,46.234,14.603,3922572
-123.267,45.973,14.098,3922593
-123.111,45.640,13.412,3922614
-122.888,45.300,12.765,3922635
-122.486,45.071,12.245,3922656
-122.211,44.768,11.610,3922677
-121.910,44.797,10.994,3922698
-122.403,45.045,10.015,3922719
-122.869,45.138,9.030,3922740
-123.357,45.315,8.010,3922761
-123.819,45.464,7.016,3922782
-124.166,45.456,6.077,3922803
-124.121,45.627,5.428,3922824
-124.112,45.524,4.734,3922845
-123.942,45.519,4.183,3922866
-124.299,45.629,3.228,3922887
-124.558,45.494,2.359,3922908
-124.853,45.616,1.456,3922929
-124.668,45.426,0.916,3922950
-124.659,45.529,0.248,3922971
-124.943,45.470,359.358,3922992
-125.000,45.157,358.648,3923013
-124.740,44.913,358.149,3923034
-124.425,44.610,357.676,3923055
-124.128,44.370,357.206,3923076
-124.284,44.225,356.441,3923097
-124.078,44.182,355.920,3923118
-124.224,43.997,355.188,3923139
-124.371,43.809,354.473,3923160
-124.066,43.750,354.079,3923181
-123.983,43.790,353.553,3923202
-124.036,43.568,352.915,3923223
-123.623,43.266,352.609,3923244
-123.202,43.083,352.316,3923265
-122.754,42.906,352.028,3923286
-122.371,42.580,351.700,3923307
-121.949,42.340,351.351,3923328
-122.003,42.261,350.708,3923349
-122.094,42.217,350.033,3923370
-122.181,42.258,349.354,3923391
-122.289,42.241,348.665,3923412
-122.430,42.216,347.952,3923433
-122.239,42.095,347.442,3923454
-122.022,42.043,346.934,3923475
-121.759,42.179,346.472,3923496
-121.546,42.369,345.988,3923517
-121.354,42.577,345.476,3923538
-121.200,42.864,344.930,3923559
-121.419,42.955,344.136,3923580
-121.153,43.112,343.661,3923601
-121.214,43.427,342.945,3923622
-121.335,43.456,342.190,3923643
-121.090,43.369,341.683,3923664
-120.817,43.376,341.177,3923685
-120.631,43.583,340.606,3923706
-120.624,43.436,339.899,3923727
-120.699,43.706,339.112,3923748
-120.976,43.874,338.171,3923769
-121.224,43.862,337.249,3923790
-121.477,43.848,336.335,3923811
-121.758,43.980,335.415,3923832
-122.035,44.094,334.491,3923853
-121.821,44.082,333.909,3923874
-121.574,44.097,333.354,3923895
-121.424,44.276,332.718,3923916
-121.280,44.457,332.130,3923937
-121.276,44.247,331.429,3923958
-121.451,44.252,330.571,3923979
-121.587,44.223,329.761,3924000
-121.731,44.270,328.966,3924021
-121.450,44.139,328.701,3924042
-120.945,44.208,328.733,3924063
-120.007,44.172,329.074,3924084
-119.240,44.245,329.248,3924105
-118.542,44.330,329.358,3924126
-117.932,44.394,329.401,3924147
-117.434,44.551,329.356,3924168
-117.395,44.718,328.965,3924189
-117.384,44.698,328.562,3924210
-117.056,44.877,328.387,3924231
-117.134,44.852,327.936,3924252
-117.334,45.039,327.397,3924273
-116.873,45.040,327.432,3924294
-116.520,45.121,327.391,3924315
-116.262,45.236,327.294,3924336
-115.955,45.093,327.246,3924357
-115.809,45.212,327.082,3924378
-116.068,45.182,326.647,3924399
-116.325,45.095,326.237,3924420
-116.223,45.154,326.094,3924441
-116.608,45.128,325.601,3924462
-117.024,45.100,325.124,3924483
-117.040,45.103,324.917,3924504
-117.143,44.967,324.642,3924525
-117.356,45.117,324.303,3924546
-117.553,45.235,323.957,3924567
-118.179,45.204,323.276,3924588
-118.344,45.067,322.944,3924609
-118.916,45.011,322.287,3924630
-119.322,44.838,321.747,3924651
-119.891,44.938,321.092,3924672
-120.334,44.843,320.521,3924693
-120.773,45.046,319.975,3924714
-120.724,45.100,319.762,3924735
-120.568,45.134,319.635,3924756
-120.602,45.388,319.335,3924777
-120.556,45.628,319.095,3924798
-120.943,45.712,318.555,3924819
-121.227,45.697,318.087,3924840
-121.564,45.710,317.575,3924861
-121.854,45.945,317.097,3924882
-122.159,45.960,316.573,3924903
-121.977,46.022,316.412,3924924
-121.765,46.005,316.223,3924945
-121.564,46.034,316.037,3924966
-121.727,45.843,315.601,3924987
-121.619,45.926,315.314,3925008
-121.423,45.708,315.095,3925029
-121.700,45.552,314.526,3925050
-121.796,45.444,314.091,3925071
-121.517,45.444,313.926,3925092
-121.695,45.320,313.415,3925113
-121.785,45.302,313.007,3925134
-121.423,45.188,312.887,3925155
-121.119,45.119,312.709,3925176
-121.215,44.845,312.222,3925197
-120.929,44.786,312.040,3925218
-120.620,44.725,311.804,3925239
-120.783,44.569,311.221,3925260
-120.778,44.345,310.767,3925282
-120.906,44.184,310.213,3925303
-121.017,44.119,309.672,3925324
-120.740,44.193,309.399,3925345
-120.402,44.308,309.123,3925366
-120.455,44.469,308.589,3925387
-120.190,44.623,308.261,3925408
-120.273,44.519,307.684,3925429
-120.435,44.590,307.060,3925450
-120.576,44.600,306.444,3925471
-120.692,44.828,305.806,3925492
-120.945,44.806,305.043,3925513
-121.102,44.659,304.342,3925534
-120.903,44.778,303.870,3925555
-120.804,44.904,303.307,3925576
-120.646,45.015,302.800,3925597
-120.443,45.086,302.315,3925618
-120.270,45.105,301.758,3925639
-120.111,45.301,301.153,3925660
-120.208,45.203,300.365,3925681
-120.386,45.237,299.464,3925702
-120.079,45.114,298.901,3925723
-120.115,45.038,298.039,3925744
-119.782,45.084,297.378,3925765
-119.442,45.199,296.709,3925786
-119.164,45.338,295.961,3925807
-118.902,45.439,295.166,3925828
-119.061,45.294,294.065,3925849
-119.214,45.141,292.930,3925870
-119.339,44.910,291.759,3925891
-119.221,44.701,290.730,3925912
-118.994,44.755,289.764,3925933
-118.943,44.699,289.551,3925954
-118.527,44.616,289.520,3925975
-118.197,44.595,289.363,3925996
-117.961,44.665,289.117,3926017
-118.065,44.670,288.606,3926038
-117.768,44.730,288.350,3926059
-117.905,44.576,287.883,3926080
-118.112,44.429,287.586,3926101
-118.343,44.294,287.270,3926122
-118.552,44.520,286.910,3926143
-118.889,44.386,286.464,3926164
-118.870,44.486,286.244,3926185
-118.927,44.660,285.948,3926206
-119.364,44.717,285.411,3926227
-119.413,44.862,285.148,3926248
-119.757,44.735,284.672,3926269
-119.968,45.006,284.282,3926290
-120.364,44.981,283.741,3926311
-120.653,44.893,283.259,3926332
-120.580,44.964,283.020,3926353
-120.876,44.849,282.481,3926374
-120.806,44.777,282.191,3926395
-120.786,45.043,281.857,3926416
-120.849,45.303,281.423,3926437
-120.738,45.295,281.104,3926458
-120.895,45.441,281.038,3926479
-121.079,45.618,280.946,3926500
-121.480,45.453,280.664,3926521
-121.881,45.298,280.327,3926542
-122.082,45.025,280.138,3926563
-122.300,44.859,279.929,3926584
-122.348,44.994,279.820,3926605
-122.404,45.158,279.668,3926626
-122.108,44.994,279.750,3926647
-121.846,45.092,279.765,3926668
-121.658,45.231,279.710,3926689
-121.681,45.087,279.489,3926710
-121.653,44.923,279.276,3926731
-121.173,44.910,279.376,3926752
-120.936,44.704,279.309,3926773
-120.869,44.613,279.114,3926794
-120.515,44.867,279.127,3926815
-120.048,44.975,279.195,3926836
-119.607,45.123,279.249,3926857
-119.632,45.107,278.967,3926878
-119.386,45.360,278.867,3926899
-119.492,45.599,278.491,3926920
-119.642,45.593,278.087,3926941
-119.731,45.469,277.710,3926962
-119.884,45.380,277.288,3926983
-120.105,45.298,276.800,3927004
-120.088,45.502,276.477,3927025
-119.905,45.604,276.254,3927046
-119.755,45.733,275.988,3927067
-119.864,46.022,275.532,3927088
-119.677,46.108,275.307,3927109
-119.727,46.013,274.894,3927130
-119.735,45.901,274.515,3927151
-119.478,46.032,274.312,3927172
-119.557,45.935,273.827,3927193
-119.714,45.887,273.267,3927214
-119.551,45.726,272.886,3927236
-119.389,45.886,272.498,3927257
-119.139,45.877,272.161,3927278
-119.075,46.005,271.638,3927299
-119.287,45.978,270.926,3927320
-119.495,45.806,270.184,3927341
-119.742,45.737,269.404,3927362
-119.910,45.800,268.677,3927383
-119.784,45.456,268.166,3927404
-120.002,45.479,267.368,3927425
-119.850,45.536,266.833,3927446
-119.571,45.392,266.395,3927467
-119.760,45.391,265.602,3927488
-119.481,45.334,265.142,3927509
-119.186,45.146,264.697,3927530
-119.142,44.885,264.065,3927551
-119.312,44.872,263.295,3927572
-119.283,44.626,262.624,3927593
-119.299,44.392,261.941,3927614
-119.004,44.311,261.473,3927635
-118.863,44.430,260.911,3927656
-119.143,44.496,260.040,3927677
-119.516,44.509,259.143,3927698
-119.896,44.671,258.237,3927719
-120.071,44.884,257.447,3927740
-120.232,44.693,256.663,3927761
-120.526,44.954,255.777,3927782
-120.533,44.867,255.072,3927803
-120.609,44.740,254.315,3927824
-120.908,44.638,253.403,3927845
-120.849,44.730,252.749,3927866
-121.086,45.044,251.893,3927887
-121.172,45.327,251.159,3927908
-121.561,45.458,250.164,3927929
-121.825,45.437,249.279,3927950
-121.956,45.308,248.455,3927971
-122.027,45.566,247.675,3927992
-122.241,45.464,246.742,3928013
-122.132,45.310,246.053,3928034
-122.196,45.567,245.228,3928055
-122.176,45.800,244.459,3928076
-122.055,46.019,243.761,3928097
-122.182,45.959,242.921,3928118
-122.148,46.237,242.181,3928139
-121.874,46.105,241.614,3928160
-121.739,46.001,240.927,3928181
-121.452,45.848,240.364,3928202
-120.958,45.868,239.977,3928223
-120.572,46.057,239.498,3928244
-120.243,46.210,238.964,3928265
-119.782,46.193,238.549,3928286
-119.458,45.942,238.065,3928307
-119.272,46.086,237.487,3928328
-119.293,46.209,236.740,3928349
-119.248,45.928,236.089,3928370
-119.194,46.066,235.444,3928391
-118.865,45.883,235.047,3928412
-118.701,45.617,234.533,3928433
-118.587,45.374,233.974,3928454
-118.622,45.576,233.337,3928475
-118.707,45.762,232.675,3928496
-118.832,45.971,232.012,3928517
-118.904,45.914,231.420,3928538
-118.962,45.869,230.856,3928559
-118.669,45.962,230.580,3928580
-118.430,45.913,230.287,3928601
-118.267,46.227,229.985,3928622
-118.029,46.453,229.740,3928643
-118.185,46.518,229.255,3928664
-117.955,46.743,229.070,3928685
-118.090,47.069,228.641,3928706
-118.295,47.174,228.160,3928727
-118.512,47.446,227.685,3928748
-118.576,47.775,227.331,3928769
-118.823,48.031,226.871,3928790
-118.677,47.914,226.711,3928811
-118.464,47.810,226.646,3928832
-118.386,47.686,226.488,3928853
-118.335,47.523,226.334,3928874
-118.250,47.369,226.238,3928895
-118.033,47.569,226.259,3928916
-117.857,47.781,226.283,3928937
-117.692,47.967,226.288,3928958
-117.355,47.727,226.424,3928979
-117.125,47.835,226.476,3929000
-116.810,47.561,226.601,3929021
-116.413,47.354,226.820,3929042
-116.312,46.995,226.818,3929063
-116.009,46.835,227.014,3929084
-116.241,46.831,226.791,3929105
-116.528,46.867,226.561,3929126
-116.669,46.983,226.444,3929147
-116.959,47.072,226.198,3929168
-117.320,47.070,225.935,3929189
-117.612,47.187,225.708,3929210
-117.676,46.913,225.652,3929231
-118.025,46.762,225.420,3929252
-118.122,46.502,225.364,3929273
-118.396,46.287,225.212,3929294
-118.687,46.083,225.068,3929315
-118.843,46.268,225.019,3929336
-119.177,46.497,224.868,3929357
-119.637,46.648,224.642,3929378
-119.914,46.883,224.537,3929399
-120.114,47.127,224.482,3929420
-120.176,47.051,224.518,3929441
-120.460,46.880,224.380,3929462
-120.636,47.078,224.307,3929483
-120.659,46.986,224.374,3929504
-120.765,46.812,224.317,3929525
-121.249,46.893,223.968,3929546
-121.296,46.995,223.934,3929567
-121.765,46.987,223.595,3929588
-122.040,47.152,223.374,3929609
-122.408,47.244,223.085,3929630
-122.306,46.987,223.127,3929651
-122.102,46.790,223.260,3929672
-121.973,46.532,223.294,3929693
-122.098,46.327,223.141,3929714
-121.858,46.404,223.256,3929735
-121.911,46.538,223.118,3929756
-121.906,46.691,223.021,3929777
-121.933,46.807,222.884,3929798
-122.090,46.860,222.640,3929819
-122.295,46.775,222.373,3929840
-121.945,46.585,222.493,3929861
-121.656,46.352,222.580,3929882
-121.533,46.135,222.513,3929903
-121.077,46.086,222.695,3929924
-120.710,45.906,222.805,3929945
-120.733,46.036,222.608,3929966
-120.609,46.267,222.509,3929987
-120.258,46.465,222.591,3930008
-120.289,46.621,222.387,3930029
-120.366,46.823,222.179,3930050
-119.994,46.758,222.268,3930071
-119.632,46.619,222.357,3930092
-119.679,46.811,222.128,3930113
-119.364,46.669,222.162,3930134
-119.131,46.494,222.115,3930155
-118.917,46.732,222.089,3930176
-118.959,46.976,221.846,3930197
-119.094,47.159,221.545,3930218
-119.076,47.418,221.317,3930239
-118.854,47.562,221.255,3930260
-118.866,47.367,221.032,3930281
-118.886,47.136,220.787,3930302
-119.044,46.909,220.454,3930323
-119.150,46.647,220.125,3930344
-119.346,46.492,220.019,3930365
-119.520,46.762,219.915,3930386
-119.663,47.023,219.811,3930407
-120.068,47.261,219.488,3930428
-120.289,47.509,219.266,3930449
-120.468,47.291,219.054,3930470
-120.340,47.110,219.037,3930491
-120.175,46.919,219.043,3930512
-120.328,46.700,218.793,3930533
-120.384,46.441,218.586,3930554
-120.187,46.244,218.553,3930575
-120.207,46.362,218.339,3930596
-120.417,46.416,217.974,3930617
-120.628,46.403,217.568,3930638
-120.657,46.597,217.510,3930659
-120.945,46.718,217.245,3930680
-121.131,46.561,217.046,3930701
-120.885,46.543,217.122,3930722
-120.898,46.316,216.986,3930743
-120.609,46.237,217.068,3930764
-120.317,46.091,217.112,3930785
-120.039,46.160,217.141,3930806
-119.842,46.271,217.097,3930827
-119.952,46.449,216.875,3930848
-120.009,46.632,216.688,3930869
-120.149,46.743,216.454,3930890
-119.856,46.509,216.514,3930911
-119.650,46.189,216.505,3930932
-119.307,45.918,216.591,3930953
-118.963,45.844,216.755,3930974
-118.923,45.601,216.690,3930995
-119.060,45.788,216.493,3931016
-119.307,45.889,216.258,3931037
-119.515,46.009,216.033,3931058
-119.610,46.243,215.903,3931079
-119.824,46.348,215.678,3931100
-119.761,46.614,215.661,3931121
-119.556,46.452,215.758,3931142
-119.537,46.341,215.722,3931163
-119.203,46.296,215.916,3931184
-118.875,46.230,216.108,3931205
-118.797,46.549,216.125,3931226
-118.793,46.449,216.098,3931247
-118.978,46.644,215.924,3931268
-118.807,46.912,216.045,3931289
-119.027,47.015,215.866,3931310
-119.026,46.889,215.836,3931331
-118.913,46.740,215.906,3931352
-118.898,46.968,215.883,3931373
-118.726,46.841,215.993,3931394
-118.832,46.627,215.879,3931415
-118.834,46.761,215.838,3931436
-119.086,46.964,215.601,3931457
-119.489,47.086,215.238,3931478
-119.903,47.107,214.870,3931499
-120.285,47.166,214.519,3931520
-120.351,46.873,214.372,3931541
-120.327,46.604,214.307,3931562
-120.323,46.288,214.214,3931583
-120.286,46.074,214.147,3931604
-120.243,45.924,214.090,3931625
-120.691,45.971,213.670,3931646
-121.035,46.072,213.328,3931667
-121.444,46.134,212.975,3931688
-121.652,46.276,212.748,3931709
-122.016,46.389,212.392,3931730
-121.828,46.271,212.426,3931751
-121.816,46.034,212.345,3931772
-121.585,45.896,212.402,3931793
-121.480,45.689,212.387,3931814
-121.182,45.576,212.500,3931835
-120.827,45.645,212.643,3931856
-120.855,45.845,212.525,3931877
-120.891,45.996,212.368,3931898
-120.873,46.069,212.259,3931919
-120.777,46.333,212.228,3931940
-120.697,46.387,212.149,3931961
-120.167,46.339,212.435,3931982
-120.026,46.333,212.423,3932003
-119.449,46.401,212.729,3932024
-118.882,46.504,213.016,3932045
-118.330,46.491,213.262,3932066
-118.168,46.747,213.250,3932087
-118.013,46.999,213.215,3932108
-117.865,47.293,213.173,3932129
-117.569,47.472,213.233,3932150
-117.622,47.325,213.066,3932171
-117.294,47.250,213.180,3932192
-117.009,47.140,213.255,3932213
-116.783,46.843,213.284,3932234
-116.611,46.602,213.238,3932255
-116.976,46.551,212.825,3932276
-117.297,46.669,212.505,3932297
-117.731,46.654,212.123,3932318
-118.182,46.494,211.770,3932339
-118.689,46.591,211.349,3932360
-119.179,46.464,210.969,3932381
-119.278,46.232,210.904,3932402
-119.356,46.177,210.845,3932423
-119.868,46.318,210.455,3932444
-119.991,46.156,210.326,3932465
-120.223,45.926,210.109,3932486
-120.471,46.101,209.853,3932507
-120.892,46.252,209.488,3932528
-121.353,46.390,209.056,3932549
-121.416,46.206,208.936,3932570
-121.656,46.439,208.690,3932591
-122.023,46.353,208.347,3932612
-121.965,46.475,208.347,3932633
-121.822,46.502,208.419,3932654
-121.784,46.334,208.388,3932675
-121.604,46.248,208.464,3932696
-121.663,46.502,208.384,3932717
-121.911,46.641,208.205,3932738
-122.136,46.757,208.019,3932759
-122.304,46.889,207.865,3932780
-122.189,46.653,207.920,3932801
-121.801,46.504,208.186,3932822
-121.450,46.335,208.425,3932843
-121.574,46.496,208.347,3932864
-121.278,46.275,208.577,3932885
-121.205,46.460,208.655,3932906
-120.938,46.574,208.886,3932927
-120.987,46.753,208.864,3932948
-121.096,46.648,208.830,3932969
-121.170,46.766,208.785,3932990
-121.127,46.530,208.827,3933011
-121.008,46.264,208.906,3933032
-120.695,46.244,209.148,3933053
-120.492,46.003,209.309,3933074
-120.190,45.882,209.545,3933095
-119.887,45.722,209.800,3933116
-119.719,45.873,209.940,3933137
-119.889,45.979,209.813,3933158
-120.004,45.940,209.721,3933179
-120.133,45.932,209.616,3933200
-120.003,46.173,209.701,3933221
-119.944,45.994,209.717,3933242
-119.647,45.867,209.895,3933263
-119.745,46.081,209.777,3933284
-119.430,45.960,209.913,3933305
-119.453,45.810,209.811,3933326
-119.380,46.027,209.760,3933347
-119.460,46.200,209.585,3933368
-119.523,46.389,209.401,3933389
-119.501,46.555,209.264,3933410
-119.301,46.353,209.238,3933431
-119.092,46.194,209.197,3933452
-119.103,45.854,209.000,3933473
-118.951,45.632,208.899,3933494
-119.313,45.506,208.423,3933515
-119.122,45.358,208.311,3933536
-119.217,45.483,208.025,3933557
-119.458,45.600,207.627,3933578
-119.700,45.711,207.222,3933599
-119.957,45.574,206.810,3933620
-120.237,45.646,206.375,3933641
-120.189,45.439,206.171,3933662
-120.303,45.255,205.855,3933683
-120.331,45.090,205.616,3933704
-120.097,45.115,205.541,3933725
-119.895,45.123,205.436,3933746
-119.871,45.349,205.205,3933767
-119.943,45.611,204.903,3933788
-120.324,45.779,204.530,3933809
-120.500,46.167,204.298,3933830
-120.830,46.459,203.926,3933851
-120.937,46.396,203.720,3933872
-120.768,46.340,203.687,3933893
-121.045,46.546,203.333,3933914
-120.845,46.438,203.323,3933935
-120.608,46.393,203.312,3933956
-120.483,46.613,203.244,3933977
-120.620,46.829,202.951,3933998
-120.988,46.975,202.586,3934019
-120.987,47.187,202.474,3934040
-120.849,47.025,202.431,3934061
-120.713,47.097,202.401,3934082
-120.569,46.805,202.377,3934103
-120.721,46.530,202.131,3934124
-120.722,46.613,202.004,3934145
-120.714,46.225,201.903,3934166
-120.771,46.275,201.731,3934187
-120.981,46.033,201.453,3934208
-121.236,45.960,201.137,3934229
-121.267,45.977,200.983,3934250
-121.276,45.597,200.836,3934271
-121.160,45.301,200.830,3934292
-121.116,45.026,200.763,3934313
-121.408,44.949,200.465,3934334
-121.259,44.972,200.457,3934355
-121.243,45.168,200.374,3934376
-121.299,45.405,200.238,3934397
-121.248,45.651,200.171,3934418
-121.502,45.716,199.874,3934439
-121.748,45.847,199.568,3934460
-121.990,45.954,199.251,3934481
-121.722,45.840,199.315,3934502
-121.561,45.739,199.293,3934523
-121.354,45.930,199.299,3934544
-121.230,46.191,199.233,3934565
-121.151,46.052,199.112,3934586
-120.907,46.138,199.136,3934607
-121.073,46.402,198.872,3934628
-121.186,46.693,198.613,3934649
-121.418,46.821,198.290,3934670
-121.545,46.777,198.003,3934691
-121.230,46.698,198.030,3934712
-120.918,46.575,198.049,3934733
-120.807,46.321,197.876,3934754
-120.467,46.224,197.886,3934775
-120.366,46.353,197.728,3934796
-120.242,46.486,197.554,3934817
-120.299,46.570,197.228,3934838
-120.516,46.487,196.770,3934859
-120.689,46.374,196.360,3934880
-120.544,46.418,196.200,3934901
-120.676,46.172,195.815,3934922
-120.540,45.874,195.606,3934943
-120.421,45.585,195.395,3934964
-120.216,45.549,195.206,3934985
-120.045,45.354,194.992,3935006
-119.983,45.494,194.695,3935027
-120.263,45.450,194.165,3935048
-120.543,45.436,193.601,3935069
-120.813,45.425,193.051,3935090
-121.075,45.488,192.524,3935111
-121.021,45.664,192.217,3935132
-120.815,45.569,192.007,3935153
-120.614,45.488,191.784,3935174
-120.642,45.333,191.398,3935195
-120.397,45.285,191.181,3935216
-120.662,45.421,190.608,3935237
-120.806,45.738,190.111,3935258
-120.881,46.097,189.642,3935279
-120.782,46.428,189.278,3935300
-120.915,46.787,188.730,3935321
-121.030,46.763,188.166,3935342
-120.741,46.773,187.890,3935363
-120.443,46.901,187.598,3935384
-120.164,46.884,187.280,3935405
-120.029,46.819,186.831,3935426
-119.658,46.944,186.527,3935447
-119.801,47.152,185.797,3935468
-119.898,47.399,185.093,3935489
-120.054,47.415,184.299,3935510
-120.159,47.461,183.513,3935531
-120.322,47.397,182.657,3935552
-120.006,47.305,182.141,3935573
-120.184,47.366,181.270,3935594
-119.925,47.170,180.694,3935615
-119.751,46.945,180.048,3935636
-119.550,46.832,179.418,3935657
-119.866,46.801,178.388,3935678
-120.243,46.857,177.326,3935699
-120.671,46.908,176.202,3935720
-120.667,46.661,175.381,3935741
-121.111,46.756,174.219,3935762
-121.074,46.613,173.411,3935783
-121.598,46.628,172.162,3935804
-121.712,46.725,171.245,3935825
-121.800,46.473,170.325,3935846
-121.843,46.474,169.415,3935867
-122.173,46.691,168.293,3935888
-122.350,46.459,167.281,3935909
-122.832,46.512,166.035,3935930
-122.957,46.302,165.041,3935951
-122.889,46.165,164.175,3935972
-122.810,46.308,163.293,3935993
-122.951,46.179,162.296,3936014
-122.929,46.436,161.410,3936035
-122.687,46.543,160.671,3936056
-122.525,46.406,159.872,3936077
-122.742,46.489,158.777,3936098
-122.907,46.774,157.699,3936119
-123.124,46.867,156.600,3936140
-123.379,47.002,155.487,3936161
-123.305,47.292,154.599,3936182
-123.295,47.609,153.665,3936203
-123.086,47.561,152.880,3936224
-122.934,47.803,152.049,3936245
-122.740,47.777,151.253,3936266
-123.053,47.855,150.067,3936287
-123.269,48.141,148.974,3936308
-123.513,48.107,147.857,3936329
-123.701,48.018,146.797,3936350
-123.482,47.969,146.014,3936371
-123.796,47.962,144.880,3936392
-123.617,47.830,144.077,3936413
-123.744,48.047,143.035,3936434
-123.590,47.907,142.218,3936455
-123.502,47.669,141.350,3936476
-123.416,47.708,140.485,3936497
-123.812,47.782,139.278,3936518
-124.199,47.832,138.100,3936539
-124.352,47.565,137.096,3936560
-124.630,47.409,136.023,3936581
-124.889,47.228,134.951,3936602
-125.092,47.319,133.951,3936623
-124.847,47.207,133.266,3936644
-125.014,47.298,132.299,3936665
-124.847,47.378,131.585,3936686
-125.008,47.172,130.642,3936707
-124.708,46.996,130.030,3936728
-124.447,46.732,129.376,3936749
-124.633,46.611,128.419,3936770
-124.779,46.490,127.492,3936791
-124.502,46.500,126.860,3936812
-124.175,46.487,126.300,3936833
-124.252,46.324,125.459,3936854
-124.127,46.519,124.788,3936875
-123.813,46.553,124.266,3936896
-123.511,46.659,123.732,3936917
-123.663,46.617,122.859,3936938
-123.801,46.548,122.017,3936959
-123.690,46.315,121.347,3936980
-123.678,46.493,120.628,3937001
-123.749,46.306,119.853,3937022
-123.586,46.385,119.263,3937043
-123.474,46.513,118.636,3937064
-123.422,46.316,117.955,3937085
-123.431,46.505,117.258,3937106
-123.435,46.313,116.550,3937127
-123.474,46.517,115.862,3937148
-123.889,46.599,114.883,3937169
-124.231,46.571,113.975,3937190
-124.481,46.398,113.139,3937211
-124.857,46.348,112.194,3937232
-124.734,46.341,111.607,3937253
-124.670,46.404,110.951,3937274
-124.495,46.289,110.347,3937295
-124.439,46.344,109.645,3937316
-124.244,46.285,109.024,3937337
-124.417,46.001,108.138,3937358
-124.786,45.953,107.089,3937379
-124.751,45.696,106.320,3937400
-125.166,45.439,106.218,3937421
-125.665,44.947,106.010,3937442
-126.240,44.511,105.724,3937463
-126.715,44.492,105.466,3937484
-127.330,44.413,105.058,3937505
-127.586,44.378,104.875,3937526
-127.818,44.347,104.682,3937547
-128.202,44.423,104.335,3937568
-128.691,44.457,103.895,3937589
-128.954,44.260,103.605,3937610
-129.011,44.082,103.423,3937631
-128.834,44.048,103.399,3937652
-128.551,44.265,103.418,3937673
-128.668,44.533,103.143,3937694
-128.603,44.601,103.000,3937715
-128.235,45.042,103.032,3937736
-128.004,45.296,103.314,3937757
-127.553,45.277,103.701,3937778
-127.588,45.445,103.716,3937799
-127.405,45.415,103.830,3937820
-127.178,45.407,103.948,3937841
-126.530,45.541,104.338,3937862
-126.096,45.708,104.831,3937883
-125.829,45.980,105.154,3937904
-125.252,46.004,105.699,3937925
-124.889,46.226,106.016,3937946
-124.481,46.452,106.344,3937967
-124.137,46.633,106.601,3937988
-123.967,46.428,106.694,3938009
-123.972,46.370,106.645,3938030
-123.493,46.181,106.920,3938051
-123.443,46.033,106.868,3938072
-123.518,45.999,106.698,3938093
-123.506,46.175,106.592,3938114
-123.355,46.352,106.559,3938135
-123.106,46.156,106.586,3938156
-122.955,46.298,106.514,3938177
-123.170,46.167,106.155,3938198
-123.367,46.064,105.818,3938219
-123.587,45.924,105.466,3938240
-123.442,45.987,105.387,3938261
-123.826,46.011,104.902,3938282
-123.694,45.930,104.807,3938303
-124.145,46.035,104.416,3938324
-124.362,46.207,104.189,3938345
-124.569,46.397,103.946,3938366
-124.663,46.566,103.786,3938387
-124.617,46.549,103.726,3938408
-125.086,46.480,103.280,3938429
-125.320,46.242,102.967,3938450
-125.635,46.029,102.612,3938471
-125.619,45.830,102.450,3938492
-125.621,45.864,102.257,3938513
-125.864,46.019,101.874,3938534
-125.870,46.133,101.628,3938555
-125.773,46.207,101.452,3938576
-125.721,46.300,101.231,3938597
-125.610,46.433,101.061,3938618
-125.631,46.224,100.786,3938639
-125.570,46.024,100.571,3938660
-125.258,45.777,100.544,3938681
-125.153,45.516,100.490,3938702
-124.956,45.229,100.519,3938723
-124.594,45.307,100.631,3938744
-124.527,45.096,100.517,3938765
-124.188,44.984,100.682,3938786
-124.067,45.117,100.675,3938807
-123.763,44.976,100.766,3938828
-123.852,45.120,100.610,3938849
-124.016,44.890,100.378,3938870
-124.190,44.695,100.135,3938891
-124.364,44.574,99.869,3938912
-124.559,44.635,99.569,3938933
-124.553,44.838,99.375,3938954
-124.700,45.027,99.054,3938975
-124.451,45.129,99.082,3938996
-124.484,45.398,98.892,3939017
-124.351,45.618,98.765,3939038
-124.523,45.591,98.410,3939059
-124.549,45.519,98.200,3939080
-124.421,45.687,98.090,3939101
-124.409,45.594,97.888,3939122
-124.278,45.553,97.773,3939143
-124.450,45.438,97.440,3939164
-124.597,45.735,97.129,3939185
-124.790,46.010,96.768,3939206
-125.145,46.253,96.309,3939227
-125.486,46.457,95.857,3939248
-125.888,46.529,95.349,3939269
-126.122,46.370,94.974,3939290
-126.079,46.163,94.773,3939311
-125.917,45.971,94.660,3939332
-125.854,45.729,94.436,3939353
-126.067,45.874,94.020,3939374
-125.889,45.953,93.882,3939395
-125.619,46.005,93.797,3939416
-125.419,46.091,93.657,3939437
-125.255,46.184,93.476,3939458
-125.311,45.960,93.113,3939479
-125.168,45.646,92.897,3939500
-124.843,45.364,92.822,3939521
-124.950,45.304,92.424,3939542
-124.842,45.035,92.159,3939563
-124.552,45.117,92.028,3939584
-124.380,45.338,91.776,3939605
-124.297,45.537,91.486,3939626
-124.043,45.653,91.306,3939647
-123.666,45.633,91.221,3939668
-123.749,45.503,90.786,3939689
-123.766,45.311,90.382,3939710
-123.461,45.090,90.204,3939731
-123.486,44.916,89.822,3939752
-123.371,45.089,89.546,3939773
-123.301,45.296,89.245,3939794
-123.396,45.485,88.863,3939815
-123.175,45.586,88.696,3939836
-123.061,45.790,88.436,3939857
-123.314,46.015,87.904,3939878
-123.562,45.932,87.362,3939899
-123.784,45.860,86.829,3939920
-124.046,45.845,86.249,3939941
-124.087,45.796,85.838,3939962
-124.071,45.745,85.457,3939983
-123.950,45.890,85.159,3940004
-124.090,46.234,84.690,3940025
-123.979,46.474,84.388,3940046
-123.874,46.704,84.030,3940067
-123.955,46.946,83.552,3940088
-124.247,46.940,82.897,3940109
-124.353,46.782,82.372,3940130
-124.608,46.787,81.727,3940151
-124.724,46.611,81.165,3940172
-124.894,46.452,80.546,3940193
-124.937,46.634,80.019,3940214
-124.696,46.629,79.693,3940235
-124.897,46.502,79.054,3940256
-124.643,46.497,78.721,3940277
-124.595,46.666,78.231,3940298
-124.701,46.754,77.630,3940319
-124.567,46.458,77.171,3940340
-124.379,46.197,76.769,3940361
-124.081,45.967,76.437,3940382
-123.665,45.897,76.158,3940403
-123.826,45.932,75.430,3940424
-123.422,45.902,75.102,3940445
-123.340,46.083,74.530,3940466
-123.282,46.247,73.944,3940487
-122.939,46.160,73.513,3940508
-123.008,45.964,72.779,3940529
-122.896,45.712,72.166,3940550
-122.680,45.513,71.612,3940571
-122.389,45.412,71.102,3940592
-122.115,45.419,70.553,3940613
-122.089,45.261,69.831,3940634
-122.245,45.501,68.958,3940655
-122.489,45.597,68.014,3940676
-122.685,45.855,67.091,3940697
-122.863,46.142,66.216,3940718
-123.089,46.412,65.261,3940739
-123.351,46.360,64.284,3940760
-123.338,46.225,63.500,3940781
-123.520,46.160,62.573,3940802
-123.357,46.292,61.895,3940823
-123.678,46.320,60.869,3940844
-123.718,46.614,60.043,3940865
-123.858,46.959,59.140,3940886
-124.224,47.076,58.058,3940907
-124.164,47.281,57.278,3940928
-124.037,47.353,56.552,3940949
-124.208,47.187,55.601,3940970
-124.326,46.992,54.695,3940991
-124.287,46.761,53.923,3941012
-124.579,46.694,52.910,3941033
-124.419,46.769,52.233,3941054
-124.620,46.886,51.307,3941075
-124.420,46.640,50.655,3941096
-124.515,46.736,49.811,3941117
-124.669,46.799,48.920,3941138
-124.540,46.821,48.240,3941159
-124.383,46.472,47.570,3941180
-124.113,46.193,46.969,3941201
-123.953,45.827,46.291,3941222
-123.669,45.730,45.709,3941243
-123.807,45.538,44.841,3941264
-123.994,45.488,43.940,3941285
-124.136,45.597,43.078,3941306
-124.290,45.577,42.180,3941327
-124.363,45.439,41.360,3941348
-124.014,45.455,40.849,3941369
-123.845,45.632,40.203,3941390
-123.519,45.613,39.673,3941411
-123.207,45.591,39.147,3941432
-122.975,45.706,38.574,3941453
-122.747,45.761,37.993,3941474
-123.170,46.330,37.467,3941495
-123.621,46.544,36.919,3941516
-124.097,46.999,36.314,3941537
-124.544,47.425,35.720,3941558
-124.972,47.704,35.126,3941579
-124.928,47.692,34.861,3941600
-124.974,47.643,34.528,3941621
-124.928,47.554,34.246,3941642
-124.643,47.524,34.128,3941663
-124.848,47.477,33.645,3941684
-124.917,47.677,33.244,3941705
-124.672,47.726,33.052,3941726
-124.634,47.808,32.698,3941747
-124.579,47.842,32.340,3941768
-124.514,47.822,31.988,3941789
-124.194,47.410,31.809,3941810
-124.139,46.911,31.444,3941831
-123.969,46.384,31.135,3941852
-123.528,46.063,31.031,3941873
-123.165,45.885,30.862,3941894
-123.100,45.796,30.481,3941915
-122.969,45.359,30.152,3941936
-123.019,45.218,29.689,3941957
-123.055,45.121,29.246,3941978
-123.147,44.912,28.741,3941999
-123.057,44.535,28.364,3942020
-122.719,44.235,28.190,3942041
-122.372,44.072,27.985,3942062
-122.068,44.032,27.762,3942083
-121.773,43.833,27.531,3942104
-121.766,44.001,27.125,3942125
-121.914,44.126,26.585,3942146
-122.030,43.998,26.104,3942167
-122.205,43.982,25.581,3942188
-122.394,44.026,25.057,3942209
-122.383,43.873,24.658,3942230
-122.137,43.922,24.459,3942251
-121.922,43.914,24.237,3942272
-121.819,44.129,23.924,3942293
-122.193,44.289,23.266,3942314
-122.476,44.563,22.679,3942335
-122.859,44.473,22.013,3942356
-123.094,44.650,21.453,3942377
-123.488,44.724,20.789,3942398
-123.848,44.476,20.183,3942419
-123.808,44.199,19.854,3942440
-124.019,43.826,19.350,3942461
-124.223,43.432,18.874,3942482
-124.209,43.323,18.539,3942503
-124.160,43.207,18.263,3942524
-124.526,42.956,17.705,3942545
-124.872,42.715,17.168,3942566
-124.916,42.744,16.849,3942587
-125.248,42.572,16.337,3942608
-125.142,42.547,16.135,3942629
-125.119,42.228,15.865,3942650
-124.944,42.263,15.693,3942671
-124.655,42.243,15.587,3942692
-124.319,42.153,15.530,3942713
-123.931,42.064,15.451,3942734
-123.605,42.136,15.340,3942755
-123.655,42.048,14.928,3942776
-123.285,42.118,14.801,3942797
-123.395,42.220,14.349,3942818
-123.512,42.334,13.883,3942839
-123.517,42.281,13.467,3942860
-123.136,42.367,13.345,3942881
-122.980,42.748,13.023,3942902
-122.688,42.810,12.784,3942923
-122.897,43.123,12.176,3942944
-122.611,43.388,11.890,3942965
-122.354,43.694,11.561,3942986
-122.510,43.913,10.932,3943007
-122.673,44.231,10.280,3943028
-122.880,44.565,9.576,3943049
-122.644,44.623,9.172,3943070
-122.888,45.035,8.417,3943091
-122.707,45.171,7.947,3943112
-122.524,45.325,7.453,3943133
-122.459,45.314,6.878,3943154
-122.607,45.674,6.156,3943175
-122.980,45.732,5.223,3943196
-122.947,45.622,4.553,3943217
-123.336,45.726,3.564,3943238
-123.534,45.603,2.709,3943259
-123.313,45.618,2.177,3943280
-123.056,45.553,1.627,3943301
-122.750,45.485,1.078,3943322
-122.677,45.255,0.358,3943343
-122.315,45.209,359.811,3943364
-122.063,45.265,359.181,3943385
-122.215,45.193,358.237,3943406
-122.391,45.036,357.265,3943427
-122.519,44.965,356.300,3943448
-122.596,44.716,355.354,3943469
-122.605,44.373,354.440,3943490
-122.214,44.240,353.781,3943511
-121.815,44.010,353.129,3943532
-121.402,43.669,352.517,3943553
-121.030,43.541,351.849,3943574
-121.177,43.414,350.837,3943595
-121.215,43.119,349.883,3943616
-120.943,43.151,349.151,3943637
-121.087,43.033,348.151,3943658
-121.305,42.982,347.131,3943679
-121.458,42.839,346.133,3943700
-121.377,42.660,345.321,3943721
-121.214,42.820,344.580,3943742
-121.037,42.974,343.883,3943763
-120.925,43.232,343.154,3943784
-121.214,43.339,342.151,3943805
-121.551,43.576,341.120,3943826
-121.867,43.692,340.118,3943847
-121.903,43.683,339.320,3943868
-122.280,43.981,338.296,3943889
-122.637,44.203,337.315,3943910
-122.520,44.479,336.639,3943931
-122.482,44.844,335.886,3943952
-122.411,45.172,335.193,3943973
-121.225,45.612,335.625,3943994
-120.080,45.989,336.006,3944015
-119.041,46.355,336.320,3944036
-118.402,46.444,336.332,3944057
-117.520,46.449,336.491,3944078
-117.128,46.593,336.285,3944099
-116.685,46.567,336.115,3944120
-115.927,46.614,336.161,3944141
-115.249,46.752,336.153,3944162
-114.666,46.830,336.055,3944183
-114.223,46.962,335.849,3944204
-113.974,47.098,335.517,3944225
-114.197,46.954,334.844,3944246
-114.556,46.834,334.021,3944267
-115.028,46.593,333.092,3944288
-115.495,46.570,332.114,3944309
-115.077,46.185,331.845,3944330
-114.896,46.184,331.380,3944351
-114.610,46.069,330.963,3944372
-114.638,46.048,330.312,3944393
-114.441,45.803,329.802,3944414
-114.416,45.713,329.193,3944435
-120.561,45.534,286.753,3946010
-120.485,45.589,286.428,3946031
-120.289,45.566,286.187,3946052
-120.012,45.515,285.993,3946073
-119.608,45.370,286.001,3946094
-119.566,45.460,285.724,3946115
-119.519,45.199,285.517,3946136
-119.464,44.983,285.344,3946157
-119.274,44.743,285.259,3946178
-118.978,44.480,285.287,3946199
-118.838,44.318,285.186,3946220
-118.599,44.147,285.157,3946241
-118.248,44.371,285.215,3946262
-117.931,44.600,285.212,3946283
-117.575,44.813,285.266,3946304
-117.589,44.980,285.013,3946325
-117.132,44.896,285.088,3946346
-117.127,44.904,284.836,3946367
-117.134,44.921,284.525,3946388
-116.986,44.773,284.330,3946409
-116.842,45.076,284.134,3946430
-116.505,45.248,284.040,3946451
-116.238,45.445,283.924,3946472
-115.981,45.568,283.832,3946493
-115.849,45.759,283.706,3946514
-115.831,45.998,283.500,3946535
-115.815,46.198,283.321,3946556
-116.129,46.102,282.929,3946577
-116.075,45.951,282.803,3946598
-116.271,45.748,282.506,3946619
-116.707,45.670,282.068,3946640
-116.810,45.516,281.866,3946661
-116.903,45.696,281.661,3946682
-117.134,45.966,281.376,3946703
-117.563,46.137,280.942,3946724
-117.951,46.364,280.525,3946745
-117.830,46.499,280.480,3946766
-118.090,46.454,280.180,3946787
-118.342,46.498,279.876,3946808
-118.569,46.716,279.581,3946829
-118.523,46.582,279.486,3946850
-118.326,46.463,279.492,3946871
-118.068,46.609,279.553,3946892
-117.811,46.786,279.604,3946913
-117.491,46.895,279.708,3946934
-117.434,47.148,279.616,3946955
-117.205,46.978,279.620,3946976
-117.281,46.909,279.411,3946997
-117.193,46.726,279.332,3947018
-117.110,46.538,279.245,3947039
-117.158,46.424,279.041,3947060
-116.965,46.676,278.988,3947081
-116.589,46.810,279.072,3947102
-116.194,46.918,279.185,3947123
-116.202,47.091,278.990,3947144
-116.233,47.271,278.775,3947165
-115.899,47.423,278.795,3947186
-115.516,47.290,278.845,3947207
-115.477,47.087,278.634,3947228
-115.415,46.864,278.420,3947249
-115.621,46.857,278.003,3947270
-115.468,46.639,277.825,3947291
-115.360,46.765,277.616,3947312
-115.308,46.867,277.355,3947333
-115.453,46.967,276.918,3947354
-115.579,47.047,276.513,3947375
-115.888,46.845,275.945,3947396
-116.235,46.647,275.341,3947417
-116.356,46.247,274.909,3947438
-116.618,45.875,274.365,3947459
-116.947,45.579,273.780,3947480
-117.270,45.254,273.176,3947501
-117.348,45.244,272.757,3947522
-117.498,45.293,272.295,3947543
-117.586,45.299,271.854,3947564
-117.932,45.406,271.232,3947585
-117.949,45.338,270.818,3947606
-118.072,45.045,270.323,3947627
-118.576,44.955,269.541,3947648
-118.574,44.760,269.074,3947669
-118.898,44.601,268.380,3947690
-119.258,44.820,267.673,3947711
-119.259,45.020,267.214,3947732
-119.343,45.280,266.682,3947753
-119.401,45.563,266.138,3947774
-119.640,45.555,265.452,3947795
-119.520,45.771,265.004,3947816
-119.650,45.663,264.375,3947837
-119.540,45.535,263.882,3947858
-119.373,45.791,263.436,3947879
-119.095,45.791,263.075,3947900
-118.937,45.712,262.622,3947921
-118.662,45.880,262.248,3947942
-118.330,45.980,261.929,3947963
-118.484,46.095,261.255,3947984
-118.388,46.398,260.775,3948005
-118.411,46.681,260.236,3948026
-118.431,46.582,259.688,3948047
-118.281,46.421,259.248,3948068
-118.432,46.428,258.603,3948089
-118.219,46.633,258.219,3948110
-118.316,46.549,257.631,3948131
-118.372,46.793,257.047,3948152
-118.247,47.038,256.613,3948173
-117.970,47.179,256.283,3948194
-118.149,47.410,255.637,3948215
-117.843,47.414,255.348,3948236
-117.947,47.303,254.750,3948257
-117.675,47.240,254.456,3948278
-117.507,47.105,254.068,3948299
-117.445,46.943,253.576,3948320
-117.545,46.787,252.988,3948341
-117.384,46.888,252.559,3948362
-117.281,46.973,252.092,3948383
-117.497,47.170,251.384,3948404
-117.840,47.015,250.412,3948425
-118.200,47.026,249.431,3948446
-118.189,46.684,248.731,3948467
-118.613,46.648,247.706,3948488
-118.518,46.515,247.070,3948509
-118.519,46.238,246.365,3948530
-118.878,46.013,245.376,3948551
-119.294,46.029,244.344,3948572
-119.659,46.131,243.368,3948593
-119.969,46.241,242.399,3948614
-120.370,46.114,241.401,3948635
-120.284,46.092,240.734,3948656
-120.293,45.879,240.016,3948677
-120.296,45.731,239.277,3948698
-120.664,45.888,238.292,3948719
-120.666,45.754,237.563,3948740
-120.816,45.590,236.736,3948761
-120.706,45.696,236.089,3948782
-120.889,45.995,235.236,3948803
-121.227,46.252,234.265,3948824
-121.586,46.404,233.253,3948845
-121.961,46.565,232.198,3948866
-122.648,47.160,231.807,3948887
-122.822,47.452,231.739,3948908
-122.975,48.047,231.630,3948929
-122.978,48.322,231.605,3948950
-123.361,48.494,231.274,3948971
-123.879,48.857,230.811,3948992
-124.199,49.280,230.491,3949013
-124.503,49.661,230.142,3949034
-124.344,49.820,230.126,3949055
-124.609,49.912,229.777,3949076
-124.266,49.705,229.854,3949097
-123.855,49.499,229.985,3949118
-123.441,49.428,230.109,3949139
-122.973,49.041,230.232,3949160
-122.475,48.807,230.385,3949181
-122.317,48.966,230.690,3949202
-122.299,49.090,230.848,3949224
-122.319,49.142,230.931,3949245
-122.332,49.062,230.989,3949266
-121.933,48.688,231.340,3949287
-121.563,48.270,231.640,3949308
-120.997,47.981,232.058,3949329
-120.702,47.586,232.304,3949350
-120.210,47.406,232.838,3949371
-120.190,47.340,232.995,3949392
-120.145,47.371,233.180,3949413
-119.948,47.542,233.449,3949434
-119.765,47.683,233.683,3949455
-119.696,47.520,233.798,3949476
-119.463,47.244,234.039,3949497
-118.904,47.171,234.462,3949518
-118.314,46.993,234.861,3949539
-117.786,46.762,235.193,3949560
-117.259,46.691,235.487,3949581
-117.252,46.632,235.359,3949602
-117.076,46.745,235.336,3949623
-117.253,46.972,235.341,3949644
-117.451,47.143,235.304,3949666
-117.190,47.296,235.576,3949687
-116.945,47.157,235.806,3949708
-116.992,46.959,235.784,3949729
-116.742,46.945,235.962,3949750
-116.581,46.755,236.053,3949771
-116.464,46.824,236.101,3949792
-116.835,46.961,235.899,3949813
-117.024,47.228,235.819,3949834
-117.349,47.430,235.605,3949855
-117.785,47.551,235.294,3949876
-117.987,47.362,235.150,3949897
-118.374,47.228,234.838,3949918
-118.876,47.365,234.514,3949939
-119.039,47.176,234.403,3949960
-119.186,47.018,234.329,3949981
-119.548,47.300,234.107,3950002
-119.927,47.572,233.888,3950023
-120.368,47.748,233.616,3950044
-120.398,47.940,233.699,3950065
-120.735,48.116,233.512,3950086
-120.549,48.087,233.750,3950107
-120.551,47.873,233.847,3950128
-120.382,47.708,234.045,3950149
-120.144,47.567,234.291,3950170
-120.004,47.378,234.460,3950191
-120.243,47.463,234.337,3950212
-120.366,47.647,234.332,3950233
-120.533,47.630,234.296,3950254
-120.507,47.401,234.359,3950275
-120.488,47.583,234.407,3950296
-120.076,47.468,234.749,3950317
-119.660,47.352,235.063,3950338
-119.345,47.425,235.329,3950359
-119.076,47.140,235.536,3950380
-118.863,46.831,235.725,3950401
-118.803,46.954,235.805,3950422
-118.750,47.065,235.895,3950443
-118.781,47.177,235.907,3950464
-118.859,47.270,235.912,3950485
-119.121,47.269,235.755,3950506
-119.059,46.949,235.832,3950528
-119.235,46.653,235.704,3950549
-119.404,46.363,235.571,3950570
-119.337,46.142,235.585,3950591
-119.717,46.002,235.264,3950612
-120.042,46.144,234.975,3950633
-120.414,46.211,234.641,3950654
-120.643,46.369,234.404,3950675
-120.674,46.530,234.294,3950696
-120.787,46.324,234.130,3950717
-120.793,46.092,234.042,3950738
-120.624,46.040,234.074,3950759
-120.535,45.842,234.028,3950780
-120.420,45.694,234.013,3950801
-120.501,45.929,233.859,3950822
-120.684,46.149,233.619,3950843
-120.659,46.374,233.501,3950864
-120.970,46.490,233.125,3950885
-120.939,46.696,232.988,3950906
-121.237,46.750,232.612,3950927
-121.012,46.623,232.607,3950948
-120.912,46.419,232.502,3950969
-120.709,46.502,232.484,3950990
-120.582,46.295,232.390,3951011
-120.384,46.179,232.350,3951032
-120.471,46.389,232.112,3951053
-120.633,46.537,231.815,3951074
-120.737,46.725,231.540,3951095
-120.918,46.791,231.230,3951116
-120.533,46.799,231.334,3951137
-120.213,46.895,231.374,3951158
-120.069,46.657,231.303,3951179
-120.006,46.479,231.211,3951200
-119.647,46.347,231.361,3951221
-119.360,46.153,231.450,3951242
-119.457,46.352,231.244,3951263
-119.619,46.496,230.988,3951284
-119.710,46.424,230.833,3951305
-119.607,46.681,230.804,3951326
-119.328,46.594,230.897,3951347
-119.511,46.824,230.641,3951368
-119.605,46.734,230.455,3951389
-119.584,47.004,230.379,3951410
-119.329,46.894,230.448,3951431
-119.220,46.705,230.394,3951452
-119.184,46.936,230.305,3951473
-119.162,47.151,230.172,3951494
-119.178,47.350,230.048,3951515
-119.413,47.457,229.774,3951536
-119.188,47.458,229.827,3951557
-118.973,47.307,229.876,3951578
-118.803,47.091,229.868,3951599
-119.067,46.922,229.540,3951620
-119.070,46.650,229.408,3951641
-119.344,46.477,229.064,3951662
-119.462,46.639,228.831,3951683
-119.748,46.479,228.472,3951704
-120.084,46.573,228.143,3951725
-120.350,46.695,227.886,3951746
-120.152,46.622,227.949,3951767
-120.095,46.302,227.928,3951788
-120.019,46.014,227.888,3951809
-119.858,45.915,227.912,3951830
-119.898,45.637,227.794,3951851
-119.844,45.749,227.746,3951872
-120.137,45.899,227.459,3951893
-120.456,45.970,227.197,3951914
-120.569,46.191,227.061,3951935
-120.933,46.284,226.781,3951956
-120.837,46.161,226.862,3951977
-120.647,46.334,226.982,3951998
-120.859,46.423,226.796,3952019
-120.588,46.380,226.980,3952040
-120.425,46.285,227.080,3952061
-120.068,46.205,227.303,3952082
-119.964,46.514,227.337,3952103
-119.820,46.816,227.402,3952124
-119.736,47.090,227.427,3952145
-119.626,47.365,227.485,3952166
-119.639,47.396,227.463,3952187
-119.312,47.241,227.681,3952208
-118.898,47.118,227.977,3952229
-118.484,47.195,228.303,3952250
-118.063,47.059,228.629,3952271
-118.074,46.929,228.710,3952292
-118.244,47.164,228.663,3952313
-118.343,47.403,228.654,3952334
-118.373,47.599,228.694,3952355
-118.245,47.376,228.877,3952376
-118.431,47.525,228.801,3952397
-118.360,47.273,228.948,3952418
-118.644,47.227,228.839,3952439
-118.473,47.134,229.082,3952460
-118.411,46.808,229.237,3952481
-118.264,46.519,229.450,3952502
-118.498,46.595,229.394,3952523
-118.813,46.607,229.278,3952544
-119.127,46.544,229.160,3952565
-119.218,46.649,229.223,3952586
-119.587,46.619,229.046,3952607
-119.777,46.334,229.015,3952628
-119.678,46.114,229.153,3952649
-119.724,45.820,229.195,3952670
-119.615,45.726,229.344,3952691
-119.481,45.487,229.517,3952712
-119.766,45.626,229.395,3952733
-119.881,45.786,229.406,3952754
-120.065,45.941,229.356,3952775
-120.359,45.989,229.212,3952796
-120.637,46.069,229.057,3952817
-120.453,46.183,229.250,3952838
-120.639,46.454,229.169,3952859
-120.504,46.366,229.322,3952880
-120.415,46.251,229.450,3952901
-120.286,46.164,229.583,3952922
-120.090,46.145,229.759,3952943
-120.212,46.461,229.694,3952964
-120.382,46.757,229.576,3952985
-120.475,47.038,229.521,3953006
-120.676,47.170,229.378,3953027
-120.466,46.986,229.538,3953048
-120.551,46.810,229.479,3953069
-120.380,46.605,229.604,3953090
-120.288,46.358,229.657,3953111
-120.080,46.399,229.794,3953132
-120.051,46.580,229.824,3953153
-120.312,46.672,229.641,3953174
-120.579,46.699,229.414,3953195
-120.819,46.827,229.249,3953216
-121.052,46.915,229.072,3953237
-121.000,46.660,229.065,3953258
-120.790,46.483,229.176,3953279
-120.544,46.353,229.305,3953300
-120.291,46.153,229.422,3953321
-120.037,45.989,229.535,3953342
-120.064,46.177,229.437,3953363
-120.051,46.363,229.375,3953384
-120.137,46.493,229.251,3953405
-120.183,46.674,229.152,3953426
-120.268,46.559,229.009,3953447
-119.945,46.618,229.173,3953468
-119.664,46.417,229.326,3953489
-119.406,46.489,229.442,3953510
-119.053,46.343,229.685,3953531
-118.699,46.319,229.893,3953552
-118.710,46.502,229.810,3953573
-118.633,46.723,229.781,3953594
-118.732,46.668,229.614,3953615
-118.865,46.730,229.418,3953636
-118.979,46.826,229.227,3953657
-118.727,46.625,229.299,3953678
-118.642,46.436,229.258,3953699
-118.756,46.441,229.065,3953720
-118.492,46.238,229.159,3953741
-118.143,46.192,229.286,3953762
-118.272,46.308,229.074,3953783
-118.307,46.470,228.931,3953804
-118.282,46.569,228.818,3953825
-118.539,46.685,228.524,3953846
-118.514,46.799,228.452,3953867
-118.885,46.844,228.101,3953888
-118.938,46.635,227.948,3953909
-118.963,46.451,227.849,3953930
-118.861,46.361,227.853,3953951
-118.796,46.280,227.825,3953972
-118.924,46.573,227.669,3953993
-119.345,46.705,227.295,3954014
-119.746,46.855,226.957,3954035
-120.021,47.135,226.724,3954056
-120.294,47.421,226.485,3954077
-120.110,47.432,226.577,3954098
-119.942,47.345,226.674,3954119
-119.743,47.447,226.783,3954140
-119.545,47.344,226.900,3954161
-119.547,47.178,226.877,3954182
-119.619,47.422,226.747,3954203
-119.614,47.636,226.702,3954224
-119.894,47.681,226.457,3954245
-120.202,47.795,226.166,3954266
-120.250,48.008,226.346,3954287
-120.457,47.982,226.374,3954308
-120.686,47.923,226.407,3954330
-120.633,47.842,226.646,3954351
-120.700,47.702,226.805,3954372
-120.478,47.654,227.178,3954393
-120.669,47.852,227.254,3954414
-120.872,48.049,227.300,3954435
-120.709,48.212,227.630,3954456
-120.859,48.336,227.727,3954477
-120.997,48.167,227.828,3954498
-120.755,47.890,228.207,3954519
-120.978,47.822,228.236,3954540
-120.833,47.493,228.507,3954561
-120.775,47.138,228.716,3954582
-120.623,47.127,228.990,3954603
-120.824,47.074,228.985,3954624
-121.053,47.030,228.969,3954645
-121.330,46.855,228.925,3954666
-121.544,46.855,228.915,3954687
-121.331,46.791,229.218,3954708
-121.092,46.525,229.548,3954729
-120.850,46.449,229.849,3954750
-120.623,46.281,230.135,3954771
-120.532,45.998,230.333,3954792
-120.358,46.023,230.576,3954813
-120.626,45.939,230.494,3954834
-120.899,46.058,230.413,3954855
-120.967,46.308,230.466,3954876
-121.153,46.493,230.408,3954897
-121.102,46.326,230.528,3954918
-120.741,46.377,230.867,3954939
-120.675,46.682,230.988,3954960
-120.416,46.577,231.254,3954981
-120.062,46.597,231.560,3955002
-120.015,46.950,231.647,3955023
-120.019,47.273,231.680,3955044
-120.198,47.442,231.566,3955065
-120.343,47.568,231.468,3955086
-120.152,47.845,231.589,3955107
-120.216,47.803,231.520,3955128
-120.038,47.623,231.610,3955149
-119.818,47.414,231.739,3955170
-119.487,47.238,231.944,3955191
-119.106,47.153,232.160,3955212
-118.751,47.197,232.336,3955233
-118.508,47.311,232.429,3955254
-118.626,47.459,232.257,3955275
-118.548,47.572,232.223,3955296
-118.821,47.554,231.898,3955317
-118.985,47.243,231.655,3955338
-118.835,47.165,231.625,3955359
-119.053,46.854,231.298,3955380
-118.919,46.543,231.231,3955401
-119.024,46.157,230.957,3955422
-119.359,45.950,230.540,3955443
-119.637,45.896,230.152,3955464
-119.966,45.890,229.725,3955485
-120.015,45.873,229.500,3955506
-120.413,45.647,229.036,3955527
-120.656,45.720,228.664,3955548
-120.594,45.569,228.495,3955569
-120.806,45.227,228.111,3955590
-120.882,45.248,227.817,3955611
-120.846,45.024,227.600,3955632
-120.838,44.818,227.352,3955653
-121.086,45.069,226.931,3955674
-121.434,45.351,226.421,3955695
-121.862,45.563,225.874,3955716
-122.241,45.704,225.350,3955737
-122.191,45.659,225.109,3955758
-122.029,45.629,224.973,3955779
-121.778,45.739,224.872,3955800
-121.705,45.677,224.635,3955821
-121.449,45.716,224.559,3955842
-121.685,45.964,224.084,3955863
-121.764,46.333,223.700,3955884
-121.993,46.606,223.225,3955905
-122.284,46.750,222.681,3955926
-122.514,46.997,222.166,3955947
-122.367,47.177,221.922,3955968
-122.371,47.023,221.563,3955989
-122.203,46.878,221.343,3956010
-122.171,46.689,221.015,3956031
-121.918,46.522,220.830,3956052
-121.563,46.572,220.709,3956073
-121.574,46.431,220.366,3956094
-121.387,46.664,220.147,3956115
-121.490,46.820,219.703,3956136
-121.244,46.871,219.679,3956157
-121.403,47.141,219.355,3956178
-121.247,47.051,219.241,3956199
-121.280,47.352,218.969,3956220
-120.867,47.516,219.031,3956241
-120.527,47.684,219.136,3956262
-120.428,48.061,219.067,3956283
-120.063,48.014,219.196,3956304
-120.069,48.273,219.049,3956325
-120.204,48.459,218.853,3956346
-120.273,48.585,218.702,3956367
-120.325,48.699,218.565,3956388
-119.864,48.514,218.792,3956409
-119.538,48.288,218.972,3956430
-119.388,48.001,219.033,3956451
-119.085,47.738,219.228,3956472
-118.990,47.802,219.271,3956493
-118.924,47.841,219.289,3956514
-118.922,47.878,219.315,3956535
-119.249,47.813,219.088,3956556
-119.475,47.848,218.965,3956577
-119.445,47.459,219.054,3956598
-119.872,47.137,218.827,3956619
-119.863,46.950,218.912,3956640
-119.902,46.790,218.946,3956661
-119.982,46.383,218.931,3956682
-119.978,45.973,218.995,3956703
-120.359,45.925,218.742,3956724
-120.772,45.773,218.471,3956745
-121.112,45.730,218.224,3956766
-121.559,45.613,217.935,3956787
-121.968,45.564,217.652,3956808
-121.833,45.364,217.763,3956829
-121.852,45.081,217.789,3956850
-121.654,44.965,217.982,3956871
-121.834,44.893,217.883,3956892
-121.675,45.117,218.030,3956913
-121.911,45.382,217.902,3956934
-122.123,45.681,217.779,3956955
-122.010,45.767,217.882,3956976
-122.096,46.272,217.838,3956997
-122.266,46.552,217.718,3957018
-121.886,46.757,217.990,3957039
-121.529,47.096,218.250,3957060
-121.189,47.472,218.479,3957081
-120.805,47.535,218.730,3957102
-120.490,47.868,218.934,3957123
-120.253,48.209,219.048,3957144
-120.305,48.451,218.931,3957165
-120.222,48.705,218.902,3957186
-120.348,49.008,218.770,3957207
-120.537,49.158,218.581,3957228
-120.192,49.016,218.761,3957249
-119.967,48.852,218.893,3957270
-120.049,48.665,218.768,3957291
-119.817,48.481,218.888,3957312
-119.633,48.533,218.969,3957333
-119.840,48.609,218.730,3957354
-119.809,48.297,218.702,3957375
-120.142,48.084,218.350,3957396
-120.520,47.917,217.945,3957417
-120.926,47.682,217.518,3957438
-121.392,47.547,217.048,3957459
-121.310,47.317,216.942,3957480
-121.265,47.007,216.774,3957501
-121.398,46.577,216.489,3957522
-121.302,46.278,216.376,3957543
-121.556,46.267,216.016,3957564
-121.678,46.240,215.762,3957585
-122.034,46.149,215.331,3957606
-122.368,46.054,214.916,3957627
-122.609,46.059,214.583,3957648
-122.513,45.703,214.483,3957669
-122.362,45.409,214.447,3957690
-122.131,45.262,214.451,3957711
-121.977,45.271,214.413,3957732
-121.908,45.003,214.312,3957753
-121.782,45.162,214.240,3957774
-122.026,45.179,213.910,3957795
-122.250,45.188,213.558,3957816
-122.435,45.290,213.244,3957837
-122.602,45.470,212.927,3957858
-122.576,45.349,212.764,3957879
-122.205,45.455,212.833,3957900
-122.192,45.394,212.645,3957921
-121.744,45.448,212.777,3957942
-121.333,45.545,212.825,3957963
-121.030,45.823,212.803,3957984
-121.031,46.068,212.572,3958005
-120.950,46.373,212.380,3958026
-120.999,46.611,212.098,3958047
-120.856,46.926,211.938,3958068
-120.422,47.021,211.976,3958089
-120.366,46.977,211.718,3958110
-120.104,46.894,211.609,3958131
-119.971,47.204,211.416,3958152
-119.675,47.144,211.317,3958173
-119.318,47.113,211.245,3958194
-119.383,47.429,210.854,3958215
-119.495,47.434,210.398,3958236
-119.715,47.587,209.844,3958257
-119.884,47.805,209.309,3958278
-119.808,47.633,208.921,3958299
-120.017,47.631,208.307,3958320
-119.852,47.790,207.945,3958341
-119.677,47.679,207.569,3958362
-119.642,47.803,207.096,3958383
-120.008,47.663,206.318,3958404
-120.158,47.799,205.680,3958425
-120.687,47.771,204.742,3958447
-121.149,47.828,203.828,3958468
-121.301,47.875,203.092,3958489
-121.293,47.646,202.455,3958510
-121.302,47.579,201.785,3958531
-121.271,47.257,201.131,3958552
-121.374,46.881,200.362,3958573
-121.629,46.571,199.487,3958594
-121.964,46.695,198.551,3958615
-122.380,46.761,197.547,3958636
-122.806,46.692,196.511,3958657
-123.224,46.640,195.463,3958678
-123.631,46.614,194.400,3958699
-123.525,46.488,193.686,3958720
-123.415,46.596,192.944,3958741
-123.248,46.630,192.216,3958762
-123.124,46.598,191.409,3958783
-123.141,46.971,190.489,3958804
-123.098,47.330,189.611,3958825
-123.228,47.771,188.590,3958846
-123.456,47.879,187.471,3958867
-123.723,48.020,186.316,3958888
-124.008,48.362,185.147,3958909
-123.809,48.448,184.304,3958930
-123.634,48.516,183.447,3958951
-123.380,48.706,182.622,3958972
-123.109,49.005,181.798,3958993
-122.880,49.055,180.915,3959014
-123.076,49.432,179.690,3959035
-123.326,49.569,178.400,3959056
-123.489,49.929,177.132,3959077
-123.790,50.034,175.741,3959098
-123.761,49.883,174.576,3959119
-123.536,49.974,173.549,3959140
-123.613,50.211,172.263,3959161
-123.494,50.343,171.136,3959182
-123.322,50.326,170.048,3959203
-123.421,50.120,168.767,3959224
-123.316,50.248,167.623,3959245
-123.600,50.215,166.227,3959266
-123.782,50.045,164.876,3959287
-123.208,49.964,164.401,3959308
-122.120,49.869,164.321,3959329
-121.151,49.613,164.170,3959350
-120.247,49.337,163.957,3959371
-119.388,49.094,163.737,3959392
-118.775,49.077,163.339,3959413
-118.708,48.901,162.517,3959434
-118.726,48.803,161.641,3959455
-118.840,48.546,160.680,3959476
-119.047,48.322,159.652,3959497
-119.303,47.998,158.549,3959518
-119.263,47.753,157.675,3959539
-119.428,47.764,156.632,3959560
-119.740,47.852,155.516,3959581
-120.073,47.932,154.393,3959602
-120.784,48.114,153.015,3959623
-121.110,48.121,151.911,3959644
-121.956,48.109,150.449,3959665
-122.807,48.094,148.997,3959686
-123.571,47.953,147.648,3959707
-124.356,47.831,146.288,3959728
-125.195,47.755,144.887,3959749
-125.559,47.763,143.876,3959770
-125.958,47.708,142.846,3959791
-126.513,47.937,141.697,3959812
-127.038,48.173,140.575,3959833
-127.691,48.021,139.382,3959854
-128.487,48.083,138.087,3959875
-129.143,48.001,136.899,3959896
-129.656,47.870,135.835,3959917
-129.901,48.042,134.998,3959938
-129.915,48.132,134.343,3959959
-129.872,48.203,133.711,3959980
-129.789,48.010,133.129,3960001
-129.662,48.156,132.596,3960022
-129.470,48.314,132.125,3960043
-129.246,48.459,131.663,3960064
-129.274,48.294,131.017,3960085
-129.297,48.153,130.383,3960106
-129.254,47.937,129.842,3960127
-129.194,47.693,129.331,3960148
-129.286,47.560,128.723,3960169
-128.867,47.578,128.518,3960190
-128.450,47.591,128.325,3960211
-128.465,47.534,127.847,3960232
-127.963,47.508,127.725,3960253
-127.533,47.223,127.561,3960274
-126.967,47.029,127.499,3960295
-126.847,47.123,127.091,3960316
-126.594,46.819,126.808,3960337
-126.145,46.485,126.659,3960358
-126.020,46.262,126.264,3960379
-125.662,46.303,126.036,3960400
-125.352,46.344,125.751,3960421
-125.174,46.005,125.395,3960442
-125.064,46.045,124.966,3960463
-124.862,46.098,124.609,3960484
-124.952,45.953,124.023,3960505
-124.894,45.692,123.550,3960526
-124.962,45.479,122.988,3960547
-124.693,45.270,122.664,3960568
-124.750,45.078,122.091,3960589
-124.512,45.080,121.724,3960610
-124.341,45.199,121.266,3960631
-124.154,45.294,120.837,3960652
-124.040,45.512,120.338,3960673
-123.976,45.783,119.795,3960694
-124.313,46.007,118.996,3960715
-124.931,45.793,118.938,3960736
-125.395,45.575,118.963,3960757
-125.871,45.441,118.965,3960778
-126.357,45.399,118.927,3960799
-126.858,45.404,118.872,3960820
-127.114,45.585,118.988,3960841
-127.324,45.770,119.093,3960862
-127.450,45.883,119.254,3960883
-127.631,46.029,119.387,3960904
-127.967,46.210,119.364,3960925
-127.966,46.087,119.592,3960946
-128.256,45.935,119.580,3960967
-128.262,45.806,119.777,3960988
-128.138,45.689,120.043,3961009
-128.024,45.943,120.290,3961030
-127.900,46.241,120.504,3961051
-127.530,46.384,120.880,3961072
-127.554,46.374,120.958,3961093
-127.328,46.685,121.214,3961114
-127.333,46.825,121.266,3961135
-127.207,46.761,121.369,3961156
-126.953,46.631,121.572,3961177
-126.746,46.538,121.713,3961198
-126.236,46.477,122.038,3961219
-125.790,46.663,122.317,3961240
-125.375,46.842,122.540,3961261
-125.011,46.615,122.710,3961282
-124.473,46.719,122.980,3961303
-123.936,46.792,123.256,3961324
-123.368,46.823,123.525,3961345
-123.284,46.703,123.453,3961366
-123.132,46.448,123.410,3961387
-123.025,46.227,123.334,3961408
-123.121,46.091,123.205,3961429
-123.210,45.880,123.063,3961450
-122.973,45.831,123.098,3961471
-122.752,45.754,123.143,3961492
-122.984,45.780,122.836,3961513
-122.833,45.745,122.773,3961534
-122.675,45.473,122.701,3961555
-122.960,45.303,122.292,3961576
-123.208,45.181,121.927,3961597
-123.249,44.940,121.677,3961618
-123.394,44.730,121.421,3961639
-123.312,44.875,121.313,3961660
-123.344,45.056,121.095,3961681
-123.111,45.073,121.040,3961702
-123.050,45.259,120.848,3961723
-123.013,45.463,120.644,3961744
-123.024,45.263,120.455,3961765
-123.311,45.158,120.114,3961786
-123.477,44.987,119.918,3961807
-123.523,44.797,119.828,3961828
-123.874,44.852,119.562,3961849
-124.271,44.900,119.331,3961870
-124.348,45.143,119.285,3961891
-124.485,45.381,119.195,3961912
-124.544,45.598,119.155,3961933
-124.671,45.847,119.063,3961954
-124.885,46.112,118.892,3961975
-124.789,46.250,118.963,3961996
-125.083,46.208,118.765,3962017
-125.268,46.120,118.640,3962038
-125.428,46.019,118.545,3962059
-125.835,46.248,118.267,3962080
-125.931,46.589,118.215,3962101
-125.899,46.572,118.237,3962122
-125.843,46.789,118.291,3962143
-125.868,47.018,118.273,3962164
-126.046,47.323,118.147,3962185
-126.534,47.533,117.810,3962206
-126.916,47.548,117.549,3962227
-127.181,47.510,117.383,3962248
-127.356,47.409,117.279,3962269
-127.244,47.330,117.400,3962290
-127.428,47.598,117.316,3962311
-127.457,47.832,117.377,3962332
-127.313,47.902,117.557,3962353
-127.306,48.081,117.604,3962374
-127.469,48.245,117.529,3962395
-127.612,48.009,117.452,3962416
-127.699,47.725,117.404,3962437
-127.763,47.412,117.387,3962458
-127.755,47.072,117.410,3962479
-127.509,46.753,117.600,3962500
-127.232,46.758,117.794,3962521
-126.862,46.773,118.067,3962542
-126.449,46.755,118.363,3962563
-126.097,46.780,118.616,3962584
-125.642,46.764,118.893,3962605
-125.345,46.443,119.086,3962626
-125.152,46.165,119.174,3962647
-125.018,45.986,119.226,3962668
-124.726,45.714,119.347,3962689
-124.559,45.473,119.396,3962710
-124.475,45.470,119.374,3962731
-124.019,45.519,119.611,3962752
-123.567,45.567,119.874,3962773
-123.359,45.697,119.937,3962794
-123.030,45.808,120.083,3962815
-122.528,45.699,120.338,3962836
-122.201,45.398,120.466,3962857
-122.184,45.173,120.367,3962878
-122.280,45.093,120.169,3962899
-122.212,44.896,120.085,3962920
-122.051,45.131,120.065,3962941
-122.000,45.405,119.964,3962962
-121.805,45.596,119.972,3962983
-121.676,45.876,119.924,3963004
-121.882,46.219,119.627,3963025
-122.060,46.202,119.342,3963046
-122.241,46.178,119.069,3963067
-122.329,46.099,118.866,3963088
-122.399,46.003,118.663,3963109
-122.404,45.862,118.512,3963130
-122.655,46.146,118.168,3963151
-122.777,46.385,117.897,3963172
-122.913,46.609,117.603,3963193
-123.035,46.787,117.331,3963214
-123.181,46.975,117.046,3963235
-123.699,47.005,116.449,3963256
-124.200,47.032,115.911,3963277
-124.561,46.859,115.484,3963298
-124.826,46.661,115.131,3963319
-124.877,46.467,114.953,3963340
-125.064,46.651,114.649,3963361
-125.112,46.836,114.466,3963382
-124.975,46.740,114.421,3963403
-125.328,46.879,114.000,3963424
-125.173,46.909,113.951,3963445
-125.473,46.994,113.558,3963466
-125.558,46.756,113.339,3963487
-125.672,46.545,113.094,3963508
-125.976,46.547,112.702,3963529
-125.921,46.319,112.554,3963550
-125.700,46.104,112.527,3963571
-125.405,46.050,112.540,3963592
-125.363,46.205,112.373,3963613
-125.443,46.352,112.098,3963634
-125.399,46.521,111.909,3963655
-125.495,46.664,111.609,3963676
-125.355,46.445,111.510,3963697
-125.416,46.340,111.280,3963718
-125.188,46.129,111.259,3963739
-124.896,45.958,111.298,3963760
-124.469,46.072,111.417,3963781
-124.209,46.295,111.395,3963802
-123.832,46.175,111.487,3963823
-123.778,46.058,111.341,3963844
-123.587,46.347,111.312,3963865
-123.331,46.650,111.321,3963886
-123.406,46.689,111.097,3963907
-123.333,46.599,110.960,3963928
-123.001,46.745,111.027,3963949
-123.050,46.706,110.828,3963970
-122.751,46.913,110.856,3963991
-122.665,47.191,110.746,3964012
-122.557,47.448,110.637,3964033
-122.437,47.260,110.548,3964054
-122.580,47.436,110.262,3964075
-122.707,47.637,110.002,3964096
-122.916,47.673,109.684,3964117
-123.002,47.502,109.495,3964138
-123.098,47.321,109.282,3964159
-122.780,47.164,109.363,3964180
-122.606,47.074,109.494,3964201
-122.459,46.908,109.599,3964222
-122.623,46.515,109.456,3964243
-122.565,46.373,109.472,3964264
-122.888,46.423,109.213,3964285
-123.113,46.499,109.045,3964306
-123.534,46.286,108.725,3964327
-123.738,46.034,108.583,3964348
-123.938,45.812,108.444,3964369
-124.116,45.609,108.334,3964390
-123.923,45.633,108.487,3964411
-124.057,45.846,108.426,3964432
-124.031,46.020,108.490,3964453
-123.849,46.110,108.664,3964474
-123.681,46.233,108.830,3964495
-123.468,46.344,109.020,3964516
-123.644,46.263,108.922,3964537
-123.635,46.085,108.959,3964558
-123.741,45.979,108.927,3964579
-123.757,45.834,108.948,3964600
-123.483,45.916,109.154,3964621
-123.564,46.268,109.134,3964642
-123.777,46.553,109.040,3964663
-123.936,46.861,108.983,3964684
-123.644,46.937,109.270,3964705
-123.428,47.178,109.505,3964726
-123.517,47.418,109.500,3964747
-123.507,47.302,109.555,3964768
-123.376,47.145,109.683,3964789
-122.962,46.989,110.011,3964810
-122.571,46.782,110.311,3964831
-122.095,46.752,110.677,3964852
-122.047,46.941,110.726,3964873
-121.601,46.964,111.063,3964894
-121.528,47.159,111.119,3964915
-121.586,47.308,111.085,3964936
-121.601,47.024,111.062,3964957
-121.325,46.910,111.234,3964978
-121.481,46.634,111.110,3964999
-121.602,46.337,111.007,3965020
-121.457,46.223,111.090,3965041
-121.693,46.338,110.887,3965062
-121.917,46.492,110.713,3965083
-121.811,46.402,110.733,3965104
-121.930,46.535,110.619,3965125
-122.307,46.363,110.315,3965146
-122.720,46.239,109.971,3965167
-123.121,46.120,109.653,3965188
-123.433,45.906,109.389,3965209
-123.587,45.647,109.234,3965230
-123.543,45.612,109.239,3965251
-123.864,45.793,108.976,3965272
-123.851,45.875,108.913,3965293
-123.830,45.971,108.867,3965314
-124.079,46.183,108.617,3965335
-124.077,46.340,108.557,3965356
-123.982,46.147,108.549,3965377
-124.160,46.010,108.348,3965398
-124.427,46.115,108.089,3965419
-124.477,46.023,107.967,3965440
-124.490,45.893,107.885,3965461
-124.232,46.090,107.992,3965482
-124.203,46.399,107.933,3965503
-123.889,46.540,108.078,3965524
-124.023,46.614,107.871,3965545
-123.881,46.899,107.868,3965566
-123.965,46.795,107.752,3965587
-123.681,46.617,107.919,3965608
-123.338,46.489,108.110,3965629
-123.510,46.575,107.940,3965650
-123.149,46.568,108.134,3965671
-122.926,46.754,108.237,3965692
-122.752,46.933,108.287,3965713
-122.945,46.978,108.096,3965734
-123.101,47.190,107.881,3965755
-122.959,47.353,107.876,3965776
-123.207,47.386,107.577,3965797
-123.228,47.186,107.435,3965818
-123.435,47.095,107.175,3965839
-123.391,46.858,107.055,3965860
-123.137,46.825,107.084,3965881
-123.314,46.975,106.774,3965902
-123.006,46.844,106.796,3965923
-122.736,46.618,106.796,3965944
-122.730,46.770,106.601,3965965
-122.632,46.920,106.429,3965986
-122.802,46.954,106.067,3966007
-122.872,46.707,105.737,3966028
-122.987,46.454,105.339,3966049
-122.719,46.378,105.192,3966070
-122.815,46.081,104.801,3966091
-122.991,45.849,104.333,3966112
-123.229,45.693,103.803,3966133
-123.181,45.827,103.491,3966154
-123.025,45.937,103.239,3966175
-122.896,46.121,102.976,3966196
-122.961,46.393,102.550,3966217
-122.829,46.250,102.271,3966238
-122.933,46.197,101.836,3966259
-122.681,46.124,101.655,3966280
-122.895,46.368,101.116,3966301
-122.676,46.298,100.895,3966322
-122.928,46.500,100.331,3966343
-122.872,46.854,99.999,3966364
-122.632,47.012,99.795,3966385
-122.542,47.247,99.447,3966406
-122.661,47.457,98.941,3966427
-122.824,47.424,98.423,3966448
-122.777,47.155,98.023,3966469
-122.386,46.981,97.883,3966490
-122.216,46.684,97.593,3966511
-122.279,46.766,97.134,3966532
-121.935,46.854,96.974,3966553
-121.814,46.996,96.666,3966574
-121.877,47.105,96.234,3966595
-121.640,47.237,96.030,3966616
-121.646,47.020,95.640,3966637
-121.305,46.784,95.514,3966658
-121.049,46.537,95.317,3966679
-120.879,46.291,95.069,3966700
-120.874,46.105,94.723,3966721
-120.539,45.956,94.616,3966742
-120.466,46.195,94.325,3966763
-120.297,46.393,94.130,3966784
-120.429,46.285,93.720,3966805
-120.328,46.453,93.473,3966826
-120.217,46.577,93.227,3966847
-120.199,46.325,92.930,3966868
-120.398,46.123,92.493,3966889
-120.471,45.893,92.142,3966910
-120.342,45.994,91.930,3966931
-120.582,45.903,91.459,3966952
-120.678,46.122,91.096,3966973
-120.529,46.296,90.923,3966994
-120.605,46.552,90.561,3967015
-120.559,46.781,90.299,3967036
-120.852,46.893,89.793,3967057
-121.104,46.829,89.351,3967078
-121.187,46.672,89.023,3967099
-121.296,46.491,88.678,3967120
-121.226,46.345,88.449,3967141
-121.129,46.264,88.224,3967162
-121.103,46.421,87.933,3967183
-121.528,46.488,87.306,3967204
-121.495,46.620,87.012,3967225
-121.499,46.773,86.687,3967246
-121.700,46.942,86.219,3967267
-121.956,46.746,85.718,3967288
-122.174,46.584,85.243,3967309
-122.129,46.288,84.955,3967330
-121.951,46.026,84.764,3967351
-122.030,45.756,84.377,3967372
-121.808,45.512,84.195,3967393
-121.658,45.611,83.981,3967414
-121.443,45.677,83.799,3967435
-121.326,45.826,83.532,3967456
-121.279,45.962,83.237,3967477
-121.267,46.122,82.904,3967498
-121.360,45.896,82.479,3967519
-121.157,45.720,82.246,3967540
-120.856,45.571,82.084,3967561
-120.855,45.417,81.721,3967582
-120.731,45.676,81.435,3967603
-120.720,45.941,81.090,3967624
-120.807,46.105,80.680,3967645
-120.596,45.944,80.491,3967666
-120.370,46.188,80.269,3967687
-120.054,46.385,80.126,3967708
-119.968,46.254,79.849,3967729
-120.070,46.246,79.420,3967750
-120.007,46.149,79.107,3967771
-119.732,46.268,78.961,3967792
-119.515,46.471,78.770,3967813
-119.796,46.717,78.227,3967834
-120.113,47.011,77.629,3967855
-119.988,47.223,77.369,3967876
-120.291,47.149,76.804,3967897
-120.666,47.208,76.189,3967918
-120.760,47.015,75.770,3967939
-120.852,46.813,75.361,3967960
-121.052,46.628,74.869,3967981
-120.975,46.631,74.575,3968002
-120.956,46.693,74.220,3968023
-121.071,46.865,73.776,3968044
-121.212,47.028,73.301,3968065
-121.536,47.163,72.689,3968086
-121.743,47.265,72.135,3968107
-122.112,47.257,71.455,3968128
-122.355,46.953,70.858,3968149
-122.354,46.591,70.454,3968170
-122.355,46.218,70.065,3968191
-122.240,45.886,69.749,3968212
-122.031,45.584,69.488,3968233
-122.285,45.576,68.903,3968254
-122.103,45.608,68.629,3968275
-121.882,45.380,68.342,3968296
-121.810,45.534,67.958,3968317
-121.768,45.702,67.517,3968338
-121.546,45.523,67.206,3968359
-121.654,45.341,66.644,3968380
-121.735,45.215,66.100,3968401
-121.719,45.039,65.613,3968422
-121.348,44.859,65.381,3968443
-121.383,45.012,64.843,3968464
-121.277,45.223,64.427,3968485
-121.306,45.318,63.912,3968506
-121.287,45.496,63.450,3968527
-121.284,45.666,62.975,3968548
-121.419,45.628,62.401,3968569
-121.263,45.403,62.050,3968590
-121.248,45.182,61.626,3968611
-121.075,45.150,61.285,3968632
-120.868,45.012,61.011,3968653
-120.721,45.102,60.667,3968674
-120.763,45.347,60.206,3968695
-120.971,45.248,59.624,3968716
-120.968,45.492,59.195,3968737
-121.180,45.732,58.629,3968758
-121.497,45.890,57.989,3968779
-121.301,45.866,57.714,3968800
-121.150,45.751,57.426,3968821
-121.025,45.736,57.117,3968842
-121.163,45.483,56.599,3968863
-121.151,45.561,56.201,3968884
-121.265,45.692,55.714,3968905
-121.694,45.678,55.002,3968926
-122.136,45.738,54.307,3968947
-122.585,45.723,53.631,3968968
-122.645,45.415,53.262,3968989
-122.818,45.179,52.815,3969010
-122.845,44.912,52.522,3969031
-122.565,44.836,52.466,3969052
-122.534,45.017,52.230,3969073
-122.190,45.054,52.238,3969094
-122.222,45.144,51.993,3969115
-122.008,44.858,51.923,3969136
-122.065,44.813,51.679,3969157
-122.167,44.773,51.366,3969178
-122.156,44.917,51.127,3969199
-121.780,44.775,51.130,3969220
-121.510,44.552,51.061,3969241
-121.192,44.470,51.000,3969262
-120.888,44.462,50.919,3969283
-120.577,44.435,50.832,3969304
-120.701,44.530,50.416,3969325
-120.682,44.264,50.084,3969346
-120.870,44.315,49.612,3969367
-121.075,44.409,49.107,3969388
-120.924,44.130,48.835,3969409
-121.183,44.025,48.289,3969430
-121.097,43.771,47.981,3969451
-120.947,43.713,47.749,3969472
-120.808,43.794,47.499,3969493
-120.976,43.635,47.043,3969514
-121.088,43.896,46.607,3969535
-121.191,44.167,46.167,3969556
-121.556,44.356,45.561,3969577
-121.836,44.649,45.020,3969598
-121.831,44.582,44.669,3969619
-121.981,44.454,44.234,3969640
-121.975,44.419,43.919,3969661
-121.939,44.451,43.631,3969682
-122.017,44.696,43.272,3969703
-122.442,44.726,42.666,3969724
-122.848,44.931,42.081,3969745
-123.253,45.069,41.504,3969766
-123.621,45.194,40.944,3969787
-123.852,45.380,40.457,3969808
-124.034,45.597,39.989,3969829
-124.100,45.379,39.579,3969850
-123.831,45.256,39.390,3969871
-123.638,44.973,39.099,3969892
-123.389,45.043,38.858,3969913
-123.206,45.156,38.526,3969934
-123.027,45.274,38.151,3969955
-123.111,45.417,37.580,3969976
-123.235,45.186,36.956,3969997
-123.450,45.134,36.257,3970018
-123.157,44.902,35.886,3970039
-122.868,44.769,35.524,3970060
-122.609,44.442,35.095,3970081
-122.398,44.048,34.624,3970102
-122.035,43.799,34.242,3970123
-122.295,43.852,33.512,3970144
-122.832,44.054,32.700,3970165
-123.153,43.938,32.030,3970186
-123.633,43.986,31.252,3970207
-123.978,44.262,30.553,3970228
-124.378,44.523,29.806,3970249
-124.321,44.365,29.368,3970270
-124.289,44.180,28.883,3970291
-124.309,44.321,28.359,3970312
-124.214,44.050,27.893,3970333
-124.321,43.754,27.272,3970354
-124.562,43.615,26.542,3970375
-124.642,43.604,25.900,3970396
-124.635,43.566,25.331,3970417
-124.800,43.363,24.616,3970438
-124.892,43.322,23.926,3970459
-124.566,42.936,23.535,3970480
-124.397,42.492,23.043,3970501
-124.395,42.460,22.433,3970522
-123.916,42.296,22.137,3970543
-123.494,42.168,21.790,3970564
-123.142,42.239,21.411,3970585
-123.044,42.063,20.846,3970606
-122.543,41.865,20.566,3970627
-122.205,41.634,20.183,3970648
-122.183,41.745,19.582,3970669
-121.685,41.736,19.280,3970690
-121.279,41.657,18.930,3970711
-120.875,41.662,18.553,3970732
-120.641,42.030,18.079,3970753
-120.558,42.461,17.488,3970774
-120.230,42.601,17.068,3970795
-120.354,42.749,16.335,3970816
-120.594,43.057,15.537,3970837
-120.873,43.396,14.709,3970858
-120.793,43.456,14.112,3970879
-121.112,43.699,13.242,3970900
-120.975,43.854,12.670,3970921
-120.898,44.122,12.067,3970942
-120.785,44.320,11.512,3970963
-120.805,44.245,10.848,3970984
-121.143,44.523,9.947,3971005
-121.493,44.610,9.035,3971026
-121.823,44.662,8.114,3971047
-122.155,44.795,7.174,3971068
-122.503,44.861,6.224,3971089
-122.358,44.959,5.596,3971110
-122.462,44.795,4.797,3971131
-122.363,44.885,4.121,3971152
-122.324,45.019,3.380,3971173
-122.278,45.086,2.651,3971194
-122.201,44.931,1.932,3971215
-122.539,44.836,0.911,3971236
-122.849,44.812,359.906,3971257
-123.093,44.708,358.932,3971278
-123.092,44.467,358.151,3971299
-122.388,44.392,358.415,3971320
-121.435,44.516,358.843,3971341
-120.468,44.525,359.265,3971362
-119.587,44.578,359.609,3971383
-118.717,44.571,359.907,3971404
-118.021,44.661,0.062,3971425
-117.807,44.738,359.891,3971446
-117.699,44.717,359.626,3971467
-117.666,44.627,359.301,3971488
-117.729,44.641,358.915,3971509
-117.901,44.622,358.425,3971530
-117.809,44.469,358.120,3971551
-117.390,44.487,358.200,3971572
-117.162,44.629,358.164,3971593
-116.970,44.650,358.086,3971614
-117.065,44.857,357.805,3971635
-117.190,44.976,357.510,3971656
-117.491,44.852,357.184,3971677
-117.917,44.880,356.745,3971698
-117.786,44.915,356.740,3971719
-118.106,44.936,356.475,3971740
-118.263,45.196,356.300,3971761
-118.411,44.995,356.184,3971782
-118.431,44.804,356.159,3971803
-118.853,44.721,355.835,3971824
-118.899,44.793,355.780,3971845
-119.269,44.982,355.482,3971866
-119.801,44.888,355.041,3971887
-120.339,44.906,354.565,3971909
-120.884,44.842,354.089,3971930
-121.298,44.657,353.711,3971951
-121.353,44.628,353.560,3971972
-121.391,44.642,353.425,3971993
-121.501,44.766,353.279,3972014
-121.519,44.853,353.168,3972035
-121.575,44.584,353.067,3972056
-121.892,44.519,352.747,3972077
-122.178,44.357,352.436,3972098
-122.311,44.097,352.223,3972119
-122.588,44.133,351.898,3972140
-122.552,43.858,351.783,3972161
-122.455,43.942,351.712,3972182
-122.266,44.000,351.698,3972203
-122.185,44.173,351.584,3972224
-122.027,44.313,351.512,3972245
-122.204,44.571,351.202,3972266
-116.931,44.018,313.397,3974093
-116.529,44.099,313.058,3974114
-116.572,44.196,312.782,3974135
-116.313,44.018,312.682,3974156
-116.442,44.195,312.273,3974177
-116.672,44.151,311.748,3974198
-116.891,44.068,311.213,3974219
-116.927,43.953,310.792,3974240
-117.163,43.949,310.207,3974261
-117.431,44.021,309.597,3974282
-117.367,44.304,309.163,3974303
-117.390,44.719,308.624,3974324
-117.505,45.169,307.983,3974345
-117.689,45.642,307.266,3974366
-117.619,45.910,306.701,3974387
-118.012,46.008,305.771,3974408
-118.515,46.081,304.975,3974429
-119.043,46.094,304.124,3974450
-119.614,46.148,303.197,3974471
-120.104,46.082,302.292,3974492
-120.189,46.140,301.654,3974513
-120.371,46.349,300.901,3974534
-120.822,46.486,299.921,3974555
-121.005,46.703,299.136,3974576
-120.907,46.821,298.497,3974597
-121.042,46.669,297.678,3974618
-121.153,46.526,296.858,3974639
-121.032,46.304,296.134,3974660
-121.052,46.096,295.309,3974681
-120.808,45.785,294.664,3974702
-120.465,45.802,294.024,3974723
-120.268,45.911,293.275,3974744
-119.998,45.948,292.545,3974765
-119.667,45.974,291.851,3974786
-119.681,45.792,290.891,3974807
-119.621,45.567,289.974,3974828
-119.401,45.309,289.171,3974849
-119.040,45.114,288.413,3974870
-118.970,45.009,287.459,3974891
-118.869,44.889,286.501,3974912
-118.492,45.049,285.682,3974933
-118.216,45.253,284.808,3974954
-118.157,45.481,283.735,3974975
-118.135,45.705,282.628,3974996
-117.886,45.824,281.647,3975017
-117.609,45.886,280.692,3975038
-117.745,45.765,279.413,3975059
-117.968,45.720,278.080,3975080
-117.830,45.590,276.983,3975101
-117.776,45.452,275.835,3975122
-118.072,45.736,274.420,3975143
-118.402,45.727,272.977,3975164
-118.567,46.008,271.668,3975185
-118.903,45.953,270.210,3975206
-119.310,46.082,268.685,3975227
-119.246,45.902,267.502,3975248
-119.643,45.864,266.006,3975269
-119.557,45.743,264.841,3975290
-119.822,45.495,263.429,3975311
-120.165,45.604,261.919,3975332
-120.156,45.583,260.690,3975353
-120.522,45.701,259.217,3975374
-120.653,45.832,257.931,3975395
-121.045,45.749,256.440,3975416
-121.294,45.558,255.045,3975437
-121.101,45.526,253.984,3975458
-121.104,45.277,252.819,3975479
-120.820,45.264,251.877,3975500
-120.783,45.019,250.780,3975521
-120.475,45.002,249.908,3975542
-120.673,45.024,248.692,3975563
-120.614,45.192,247.687,3975584
-120.632,45.376,246.652,3975605
-120.923,45.404,245.448,3975626
-121.015,45.659,244.378,3975647
-120.970,45.481,243.433,3975668
-120.837,45.334,242.605,3975689
-120.637,45.293,241.836,3975710
-120.389,45.332,241.124,3975731
-120.272,45.661,240.352,3975752
-120.438,45.829,239.410,3975773
-120.641,46.078,238.452,3975794
-120.790,46.391,237.562,3975815
-120.861,46.780,236.756,3975836
-120.625,47.050,236.200,3975857
-120.349,47.135,235.680,3975878
-120.199,47.049,235.089,3975899
-120.248,46.962,234.363,3975920
-120.008,46.900,233.875,3975941
-119.850,47.126,233.324,3975962
-119.739,47.326,232.732,3975983
-119.993,47.458,231.883,3976004
-120.190,47.645,231.085,3976025
-120.426,47.562,230.245,3976046
-120.633,47.382,229.458,3976067
-120.396,47.099,229.011,3976088
-120.118,46.905,228.614,3976109
-119.988,46.924,228.108,3976130
-120.148,46.647,227.412,3976151
-119.905,46.470,227.015,3976172
-119.811,46.076,226.514,3976193
-120.115,45.955,225.739,3976214
-120.415,45.897,224.967,3976235
-120.687,45.560,224.243,3976256
-120.740,45.566,223.676,3976277
-120.661,45.222,223.198,3976298
-120.564,44.940,222.731,3976319
-120.805,44.635,222.053,3976340
-120.697,44.576,221.609,3976361
-120.609,44.284,221.155,3976382
-120.703,44.447,220.598,3976403
-120.956,44.637,219.919,3976424
-121.262,44.682,219.216,3976445
-121.536,44.933,218.556,3976466
-121.903,45.105,217.834,3976487
-122.258,45.472,217.089,3976508
-122.219,45.491,216.618,3976529
-122.164,45.854,216.163,3976550
-122.040,45.982,215.713,3976571
-121.882,46.025,215.312,3976592
-121.988,46.057,214.702,3976613
-122.092,46.503,214.107,3976634
-122.921,47.197,212.942,3976655
-123.836,47.717,211.729,3976676
-124.687,48.130,210.583,3976697
-125.491,48.405,209.446,3976718
-125.741,48.495,208.702,3976739
-125.889,48.716,208.016,3976760
-126.028,48.870,207.317,3976781
-126.104,48.880,206.666,3976802
-126.136,48.784,206.014,3976823
-126.544,48.928,205.077,3976844
-126.937,48.914,204.121,3976865
-127.099,48.613,203.339,3976886
-126.875,48.207,202.829,3976907
-126.506,47.815,202.406,3976928
-126.745,47.616,201.503,3976949
-126.761,47.220,200.750,3976970
-126.439,47.107,200.236,3976991
-125.998,46.724,199.822,3977012
-126.014,46.343,199.035,3977033
-125.872,46.343,198.358,3977054
-125.856,46.318,197.597,3977075
-125.571,46.337,197.045,3977096
-125.566,46.146,196.263,3977117
-125.477,45.862,195.529,3977138
-124.968,45.742,195.066,3977159
-124.476,45.726,194.617,3977180
-123.950,45.701,194.179,3977201
-123.424,45.707,193.731,3977222
-122.871,45.639,193.294,3977243
-122.468,45.896,192.758,3977264
-122.413,46.253,191.939,3977285
-122.393,46.454,191.113,3977306
-122.400,46.701,190.234,3977327
-122.386,47.064,189.360,3977348
-121.992,47.111,188.730,3977369
-122.114,47.446,187.696,3977390
-122.094,47.907,186.760,3977411
-121.778,48.073,186.056,3977432
-121.517,48.270,185.307,3977453
-121.302,48.628,184.530,3977474
-120.476,48.690,184.624,3977495
-119.778,48.747,184.641,3977516
-119.150,49.191,184.595,3977537
-118.752,49.290,184.371,3977558
-118.061,49.566,184.372,3977579
-117.432,49.705,184.339,3977600
-116.969,49.885,184.172,3977621
-116.644,49.957,183.900,3977642
-116.417,50.025,183.543,3977663
-116.773,50.236,182.748,3977684
-117.306,50.215,181.819,3977705
-117.809,50.014,180.911,3977726
-118.539,50.044,179.814,3977747
-119.005,49.749,178.923,3977768
-119.590,49.433,177.949,3977789
-120.102,49.429,177.025,3977810
-121.023,49.156,175.791,3977831
-121.502,48.884,174.897,3977852
-122.015,48.673,173.971,3977873
-122.987,48.538,172.691,3977894
-124.019,48.311,171.378,3977915
-124.802,47.823,170.252,3977936
-125.579,47.366,169.127,3977957
-126.512,47.138,167.878,3977978
-127.294,46.729,166.731,3977999
-127.645,46.569,165.928,3978020
-128.022,46.485,165.104,3978041
-128.247,46.319,164.372,3978062
-128.423,46.029,163.669,3978083
-128.972,45.944,162.719,3978104
-129.335,45.643,161.868,3978125
-129.540,45.321,161.138,3978146
-129.879,45.234,160.279,3978167
-130.001,44.988,159.588,3978188
-129.954,45.156,158.983,3978209
-129.680,45.169,158.538,3978230
-129.599,45.434,157.972,3978251
-129.202,45.498,157.607,3978272
-128.899,45.747,157.164,3978293
-128.748,46.097,156.647,3978314
-128.502,46.460,156.203,3978335
-128.451,46.519,155.652,3978356
-128.481,46.668,155.031,3978377
-128.085,46.936,154.756,3978398
-127.878,46.971,154.341,3978419
-127.815,47.433,153.844,3978440
-127.463,47.690,153.539,3978461
-127.126,47.754,153.221,3978482
-127.273,48.103,152.539,3978503
-127.051,48.457,152.125,3978524
-126.881,48.389,151.680,3978545
-126.835,48.349,151.142,3978566
-126.863,48.467,150.495,3978587
-126.635,48.285,150.060,3978608
-126.260,48.041,149.705,3978629
-126.018,48.193,149.217,3978650
-125.589,47.871,148.876,3978671
-125.291,47.508,148.397,3978692
-125.210,47.580,147.729,3978713
-125.094,47.634,147.096,3978734
-125.112,47.498,146.357,3978755
-124.863,47.138,145.826,3978776
-124.782,46.762,145.131,3978797
-124.402,46.381,144.681,3978818
-124.230,45.956,144.061,3978839
-123.963,45.898,143.473,3978860
-123.697,45.821,142.896,3978881
-123.822,45.756,142.026,3978902
-123.711,45.774,141.312,3978923
-123.716,45.405,140.534,3978944
-123.942,45.286,139.602,3978965
-124.206,45.179,138.649,3978986
-124.396,44.993,137.774,3979007
-124.192,44.844,137.203,3979028
-124.525,44.991,136.290,3979049
-124.514,45.195,135.627,3979070
-124.741,45.509,134.833,3979091
-124.844,45.414,134.146,3979112
-124.771,45.628,133.621,3979133
-124.924,46.029,132.970,3979154
-125.285,46.126,132.178,3979175
-125.701,46.427,131.328,3979196
-126.134,46.689,130.498,3979217
-126.048,46.752,130.023,3979238
-125.930,46.935,129.583,3979259
-125.929,47.236,129.102,3979280
-125.985,47.522,128.555,3979301
-126.117,47.832,128.001,3979322
-126.161,47.693,127.497,3979343
-126.281,47.973,126.951,3979364
-126.246,47.799,126.525,3979385
-126.448,47.599,125.893,3979406
-126.522,47.343,125.355,3979427
-126.805,47.473,124.654,3979448
-126.780,47.169,124.188,3979469
-126.687,47.197,123.748,3979490
-126.954,47.230,123.015,3979511
-126.668,47.096,122.669,3979532
-126.771,46.850,122.010,3979553
-126.469,46.851,121.618,3979574
-126.407,46.276,121.858,3979595
-126.682,45.798,121.786,3979616
-126.716,45.311,121.867,3979637
-126.715,44.867,121.940,3979658
-126.910,44.711,121.863,3979679
-126.834,44.796,121.944,3979700
-126.626,44.860,122.068,3979721
-126.453,44.986,122.152,3979742
-126.284,45.112,122.213,3979763
-125.976,45.233,122.346,3979784
-126.004,45.449,122.197,3979805
-125.660,45.279,122.297,3979826
-125.196,45.210,122.455,3979847
-125.093,45.288,122.333,3979868
-124.589,45.220,122.464,3979889
-124.466,45.066,122.534,3979910
-124.201,45.285,122.686,3979931
-124.023,45.121,122.728,3979952
-123.999,45.114,122.637,3979973
-123.570,45.266,122.806,3979994
-123.651,45.195,122.732,3980015
-123.392,44.916,122.862,3980036
-123.208,44.653,122.942,3980057
-123.184,44.378,122.914,3980078
-122.885,44.260,123.059,3980099
-123.047,44.403,122.869,3980120
-122.932,44.531,122.858,3980141
-122.833,44.688,122.794,3980162
-122.980,44.925,122.583,3980183
-123.035,45.156,122.433,3980204
-122.911,45.112,122.422,3980225
-123.090,44.957,122.163,3980246
-123.377,44.837,121.860,3980267
-123.611,44.703,121.541,3980288
-124.025,44.838,121.100,3980309
-124.096,45.087,120.886,3980330
-124.216,45.326,120.606,3980351
-124.472,45.571,120.225,3980372
-124.869,45.736,119.698,3980393
-124.951,45.947,119.394,3980414
-125.311,46.132,118.887,3980435
-125.141,46.050,118.781,3980456
-124.930,46.146,118.710,3980477
-124.721,46.154,118.655,3980498
-124.618,45.971,118.509,3980519
-124.689,45.793,118.240,3980540
-124.371,45.831,118.280,3980561
-124.042,45.675,118.309,3980582
-124.241,45.727,117.950,3980603
-123.925,45.708,117.960,3980624
-124.024,45.533,117.725,3980645
-124.105,45.339,117.466,3980666
-124.204,45.164,117.208,3980687
-124.270,45.352,116.974,3980708
-124.393,45.236,116.700,3980729
-124.474,45.144,116.481,3980750
-124.244,45.355,116.449,3980771
-124.206,45.172,116.294,3980792
-124.098,45.433,116.195,3980813
-123.828,45.646,116.212,3980834
-123.439,45.746,116.301,3980855
-123.443,46.049,116.116,3980876
-123.481,45.997,115.890,3980897
-123.226,45.883,115.848,3980918
-123.033,45.753,115.763,3980939
-123.200,45.736,115.469,3980960
-122.976,45.917,115.437,3980981
-122.807,46.174,115.357,3981002
-123.009,46.206,115.030,3981023
-122.926,46.420,114.925,3981044
-123.090,46.636,114.641,3981065
-123.004,46.795,114.527,3981086
-123.144,46.606,114.254,3981107
-123.198,46.354,114.050,3981128
-123.308,46.130,113.786,3981149
-123.089,46.149,113.738,3981170
-123.057,46.299,113.587,3981191
-123.317,46.292,113.263,3981212
-123.530,46.205,112.949,3981233
-123.287,46.234,113.010,3981254
-122.977,46.201,113.076,3981275
-123.143,46.103,112.829,3981296
-123.297,45.912,112.567,3981317
-123.068,45.812,112.571,3981338
-122.857,45.655,112.538,3981359
-122.669,45.706,112.466,3981380
-122.909,45.847,112.109,3981401
-122.968,46.059,111.870,3981422
-123.123,45.885,111.582,3981443
-123.194,46.099,111.345,3981464
-123.170,46.332,111.179,3981485
-123.444,46.294,110.797,3981506
-123.498,46.122,110.562,3981527
-123.408,45.955,110.445,3981548
-123.252,45.829,110.339,3981569
-123.498,45.737,109.958,3981590
-123.445,45.946,109.777,3981611
-123.735,45.926,109.374,3981632
-123.768,46.126,109.165,3981653
-123.975,46.329,108.868,3981674
-124.271,46.431,108.508,3981695
-124.263,46.195,108.402,3981716
-124.258,45.959,108.295,3981737
-123.987,45.960,108.399,3981758
-123.732,45.811,108.472,3981779
-123.974,45.831,108.197,3981800
-123.805,45.991,108.205,3981821
-123.698,46.182,108.161,3981842
-123.460,46.281,108.219,3981863
-123.288,46.513,108.233,3981884
-123.412,46.726,108.077,3981905
-123.416,46.557,107.994,3981926
-123.447,46.381,107.902,3981947
-123.249,46.140,107.941,3981968
-123.018,45.906,108.011,3981989
-123.085,45.709,107.879,3982010
-122.828,45.743,107.997,3982031
-122.570,45.773,108.100,3982052
-122.511,45.881,108.102,3982073
-122.265,45.923,108.235,3982094
-122.301,46.079,108.163,3982115
-122.030,46.076,108.343,3982136
-122.099,46.213,108.312,3982157
-122.222,46.039,108.245,3982178
-122.060,45.791,108.371,3982199
-122.113,45.573,108.351,3982220
-122.249,45.427,108.295,3982241
-122.105,45.592,108.419,3982262
-122.226,45.470,108.341,3982283
-122.017,45.506,108.476,3982304
-122.061,45.742,108.411,3982325
-122.095,45.544,108.367,3982346
-122.315,45.479,108.195,3982367
-122.426,45.322,108.101,3982388
-122.508,45.161,108.029,3982409
-122.274,45.093,108.196,3982430
-122.268,45.314,108.198,3982451
-122.254,45.574,108.212,3982472
-122.315,45.823,108.127,3982493
-122.204,46.087,108.144,3982514
-122.106,46.388,108.166,3982535
-122.265,46.526,107.944,3982556
-122.125,46.422,107.929,3982577
-122.045,46.323,107.845,3982598
-121.915,46.234,107.790,3982619
-121.738,46.151,107.743,3982640
-121.535,46.055,107.699,3982661
-121.437,46.196,107.584,3982682
-121.334,46.320,107.476,3982703
-121.236,46.402,107.342,3982724
-121.178,46.493,107.174,3982745
-121.387,46.249,106.782,3982766
-121.706,46.144,106.336,3982787
-121.871,45.798,105.990,3982808
-121.825,45.419,105.779,3982829
-121.618,45.331,105.668,3982850
-121.647,45.405,105.396,3982871
-121.662,45.527,105.111,3982892
-121.842,45.398,104.712,3982913
-121.811,45.540,104.433,3982934
-121.640,45.668,104.256,3982955
-121.730,45.865,103.898,3982976
-121.906,45.721,103.461,3982997
-122.128,45.639,103.012,3983018
-121.977,45.517,102.816,3983039
-121.794,45.458,102.631,3983060
-122.029,45.496,102.133,3983081
-122.015,45.820,101.837,3983102
-121.847,46.112,101.642,3983123
-121.893,46.051,101.321,3983144
-121.983,46.393,100.944,3983165
-121.841,46.655,100.750,3983186
-121.815,46.538,100.422,3983207
-122.033,46.548,99.914,3983228
-122.006,46.363,99.568,3983249
-122.278,46.373,98.979,3983270
-122.157,46.064,98.680,3983291
-122.311,46.228,98.125,3983312
-122.580,46.313,97.511,3983333
-122.849,46.380,96.859,3983354
-123.052,46.477,96.255,3983375
-123.168,46.605,95.722,3983396
-122.990,46.455,95.374,3983417
-122.873,46.217,94.960,3983438
-122.770,46.035,94.492,3983459
-122.662,45.909,94.040,3983480
-122.562,45.720,93.565,3983501
-122.451,45.674,93.071,3983522
-122.686,45.821,92.339,3983543
-122.974,45.615,91.549,3983564
-123.297,45.736,90.724,3983585
-123.712,45.738,89.813,3983606
-123.951,45.585,89.047,3983627
-124.096,45.405,88.355,3983648
-124.128,45.219,87.692,3983669
-123.976,45.155,87.145,3983690
-124.176,45.457,86.345,3983711
-124.428,45.701,85.481,3983732
-124.425,46.000,84.803,3983753
-124.236,46.149,84.238,3983774
-124.169,46.422,83.544,3983795
-124.303,46.722,82.661,3983816
-124.513,46.655,81.730,3983837
-124.611,46.517,80.842,3983858
-124.856,46.458,79.822,3983879
-124.674,46.513,79.090,3983900
-124.521,46.341,78.288,3983921
-124.526,46.112,77.349,3983942
-124.875,46.168,76.148,3983963
-124.694,46.084,75.312,3983984
-124.498,46.021,74.469,3984005
-124.568,46.145,73.429,3984026
-124.376,45.915,72.527,3984047
-124.130,45.703,71.652,3984068
-124.063,45.354,70.632,3984089
-123.987,45.001,69.567,3984110
-123.821,44.687,68.562,3984131
-124.025,44.751,67.278,3984152
-124.311,44.760,65.920,3984173
-124.569,44.698,64.565,3984194
-124.828,44.740,63.152,3984215
-125.079,44.802,61.750,3984236
-125.228,44.637,60.390,3984257
-125.302,44.439,59.064,3984278
-125.053,44.412,57.947,3984299
-124.831,44.305,56.780,3984320
-124.521,44.263,55.666,3984341
-124.322,44.390,54.448,3984362
-124.509,44.511,52.947,3984383
-124.472,44.693,51.581,3984404
-125.359,45.104,50.071,3984425
-125.704,45.506,48.903,3984446
-126.190,45.638,47.600,3984467
-126.473,45.710,46.436,3984488
-126.618,45.758,45.330,3984509
-126.801,45.738,44.166,3984530
-126.757,45.884,43.139,3984551
-126.663,45.986,42.107,3984572
-126.979,45.984,40.761,3984593
-127.188,46.043,39.469,3984614
-127.298,46.085,38.213,3984635
-127.575,46.133,36.854,3984656
-127.846,46.195,35.483,3984677
-127.724,45.879,34.399,3984698
-127.311,45.665,33.474,3984719
-127.103,45.715,32.415,3984740
-126.507,45.436,31.633,3984761
-126.283,45.198,30.590,3984783
-125.753,44.767,29.724,3984804
-125.018,44.386,28.982,3984825
-124.495,44.041,28.088,3984846
-123.929,43.682,27.198,3984867
-122.990,43.564,26.571,3984888
-122.024,43.392,25.942,3984909
-121.140,43.390,25.247,3984930
-120.162,43.235,24.610,3984951
-119.334,43.312,23.832,3984972
-118.892,43.307,22.844,3984993
-118.515,43.300,21.787,3985014
-117.717,43.345,21.001,3985035
-117.423,43.374,19.894,3985056
-117.215,43.419,18.736,3985077
-116.655,43.583,17.813,3985098
-116.151,43.786,16.860,3985119
-115.765,44.028,15.819,3985140
-115.829,44.081,14.453,3985161
-115.703,44.447,13.245,3985182
-116.001,44.572,11.741,3985203
-116.388,44.679,10.163,3985224
-116.829,44.990,8.571,3985245
-117.320,45.118,6.957,3985266
-117.840,45.263,5.348,3985287
-118.103,45.542,3.916,3985308
-118.178,45.581,2.628,3985329
-117.660,45.742,2.087,3985350
-116.946,45.792,1.600,3985371
-116.234,45.869,1.117,3985392
-116.163,45.944,0.169,3985413
-116.065,45.864,359.245,3985434
-115.753,45.761,358.462,3985455
-115.936,45.748,357.314,3985476
-116.188,45.771,356.095,3985497
-116.082,45.964,355.142,3985518
-115.995,46.106,354.179,3985539
-116.056,46.304,353.082,3985560
-116.546,46.335,351.698,3985581
-116.691,46.443,350.573,3985602
-117.255,46.321,349.166,3985623
-117.636,46.326,347.889,3985644
-118.093,46.245,346.560,3985665
-118.588,46.297,345.213,3985686
-119.000,46.001,343.949,3985707
-119.086,45.828,342.897,3985728
-119.235,45.720,341.782,3985749
-119.362,45.613,340.698,3985770
-119.435,45.491,339.652,3985791
-119.620,45.476,338.521,3985812
-120.111,45.193,337.151,3985833
-120.617,44.894,335.795,3985854
-121.074,44.629,334.474,3985875
-121.471,44.358,333.187,3985896
-121.779,44.030,331.929,3985917
-122.006,44.140,330.687,3985938
-121.978,44.076,329.585,3985959
-121.882,43.880,328.515,3985980
-121.754,43.788,327.430,3986001
-121.609,43.727,326.309,3986022
-122.383,43.119,325.815,3986043
-122.671,42.875,325.646,3986064
-123.088,42.303,325.349,3986085
-123.530,41.850,324.994,3986106
-123.892,41.766,324.655,3986127
-124.086,41.812,324.364,3986148
-123.984,41.827,324.221,3986169
-123.708,41.860,324.204,3986190
-123.476,42.045,324.119,3986211
-123.473,42.015,323.846,3986232
-123.293,41.984,323.654,3986253
-123.251,42.272,323.360,3986274
-122.862,42.312,323.260,3986295
-122.649,42.498,323.046,3986316
-122.639,42.558,323.080,3986337
-122.243,42.817,323.305,3986358
-121.840,43.121,323.525,3986379
-121.481,43.510,323.662,3986400
-121.202,43.935,323.730,3986421
-120.823,44.339,323.836,3986442
-120.319,44.591,324.018,3986463
-120.276,44.767,323.876,3986484
-120.286,44.969,323.673,3986505
-120.310,45.176,323.427,3986526
-120.329,45.098,323.464,3986547
-120.334,45.396,323.466,3986568
-120.158,45.606,323.583,3986589
-119.988,45.776,323.646,3986610
-119.799,45.859,323.715,3986631
-119.684,45.989,323.683,3986652
-119.599,45.748,323.665,3986673
-119.697,45.465,323.494,3986694
-119.704,45.147,323.363,3986715
-119.997,44.922,323.004,3986736
-120.341,44.743,322.601,3986757
-120.254,44.711,322.514,3986778
-120.214,44.714,322.392,3986799
-120.141,44.709,322.267,3986820
-120.429,44.713,321.882,3986841
-120.777,44.711,321.462,3986862
-120.834,44.805,321.234,3986883
-121.167,44.634,320.789,3986904
-121.529,44.461,320.296,3986925
-121.855,44.262,319.839,3986946
-122.086,44.006,319.391,3986967
-122.217,43.719,319.031,3986988
-122.274,43.783,318.688,3987009
-122.371,43.844,318.312,3987030
-122.453,43.888,317.923,3987051
-122.785,43.961,317.394,3987072
-122.822,43.614,317.057,3987093
-123.099,43.343,316.640,3987114
-123.374,43.432,316.292,3987135
-123.439,43.146,316.077,3987156
-123.725,43.057,315.702,3987177
-123.638,42.877,315.729,3987198
-123.500,43.033,315.788,3987219
-123.355,43.283,315.827,3987240
-123.239,43.565,315.824,3987261
-123.218,43.934,315.755,3987282
-123.042,43.878,315.781,3987303
-123.233,43.979,315.507,3987324
-123.356,44.019,315.267,3987345
-123.435,44.321,315.068,3987366
-123.377,44.212,314.928,3987387
-123.381,44.114,314.757,3987408
-123.097,44.295,314.751,3987429
-122.792,44.475,314.769,3987450
-122.487,44.620,314.780,3987471
-122.395,44.933,314.645,3987492
-122.044,45.030,314.684,3987513
-121.951,44.875,314.507,3987534
-122.044,44.900,314.214,3987555
-122.061,44.816,313.977,3987576
-122.134,44.916,313.706,3987597
-122.226,44.931,313.437,3987618
-121.899,44.984,313.455,3987639
-121.607,44.988,313.423,3987660
-121.298,44.931,313.411,3987681
-121.450,44.792,313.062,3987702
-121.172,44.673,313.010,3987723
-120.981,44.430,312.855,3987744
-121.107,44.169,312.502,3987765
-121.415,44.206,312.014,3987786
-121.608,44.021,311.594,3987807
-121.926,43.957,311.102,3987828
-121.810,43.964,310.881,3987849
-121.734,44.049,310.656,3987870
-121.772,44.211,310.348,3987891
-121.827,44.386,310.018,3987912
-122.031,44.550,309.574,3987933
-122.120,44.277,309.182,3987954
-122.030,44.256,308.904,3987975
-122.360,44.155,308.331,3987996
-122.716,44.107,307.731,3988017
-122.669,44.218,307.398,3988038
-122.580,44.238,307.105,3988059
-122.595,44.479,306.705,3988080
-122.658,44.757,306.226,3988101
-122.782,45.050,305.705,3988122
-123.028,45.098,305.073,3988143
-122.781,45.179,304.753,3988164
-122.833,45.044,304.187,3988185
-122.519,44.909,303.839,3988206
-122.147,44.786,303.521,3988227
-122.099,45.016,302.962,3988248
-122.126,45.134,302.325,3988269
-121.762,45.346,301.924,3988290
-121.625,45.193,301.345,3988311
-121.231,45.359,300.900,3988332
-120.998,45.194,300.361,3988353
-120.954,45.108,299.672,3988374
-121.001,45.235,298.909,3988395
-120.914,45.134,298.203,3988416
-120.630,44.983,297.616,3988437
-120.639,44.949,296.784,3988458
-120.297,45.156,296.193,3988479
-119.970,45.384,295.574,3988500
-119.796,45.652,294.819,3988521
-119.416,45.815,294.201,3988542
-119.163,46.078,293.457,3988563
-118.700,46.195,292.848,3988584
-118.310,46.130,292.185,3988605
-117.962,45.990,291.433,3988626
-117.854,45.659,290.464,3988647
-117.834,45.353,289.401,3988668
-117.999,45.265,288.213,3988689
-117.775,45.321,287.301,3988710
-117.801,45.471,286.228,3988731
-118.018,45.538,284.993,3988752
-118.197,45.741,283.805,3988773
-118.158,45.535,282.793,3988794
-118.370,45.795,281.596,3988815
-118.682,45.806,280.341,3988836
-118.664,45.748,279.332,3988857
-118.661,45.709,278.333,3988878
-118.623,45.787,277.369,3988899
-118.905,46.103,276.180,3988920
-119.449,46.338,274.816,3988941
-120.038,46.511,273.452,3988962
-120.297,46.757,272.328,3988983
-120.499,46.567,271.240,3989004
-120.663,46.343,270.232,3989025
-121.095,46.129,269.014,3989046
-121.155,45.940,268.080,3989067
-121.420,45.697,267.020,3989088
-121.638,45.895,266.004,3989109
-121.895,46.117,264.991,3989130
-122.122,46.339,263.992,3989151
-122.447,46.568,262.923,3989172
-122.738,46.392,261.892,3989193
-123.031,46.236,260.897,3989214
-121.518,46.671,258.035,3991314
-121.415,46.535,258.221,3991335
-121.416,46.305,258.348,3991356
-122.783,46.072,257.833,3991503
-123.086,46.100,257.644,3991524
-122.956,46.242,257.788,3991545
-122.749,46.274,257.958,3991566
-122.553,46.053,258.139,3991587
-122.739,46.212,258.027,3991608
-122.762,45.968,258.029,3991629
-122.499,45.872,258.196,3991650
-122.742,45.961,258.004,3991671
-122.914,46.147,257.839,3991692
-123.145,46.197,257.653,3991713
-123.366,46.147,257.452,3991734
-123.237,45.950,257.496,3991755
-122.935,45.956,257.669,3991776
-122.853,46.169,257.669,3991797
-122.597,46.000,257.809,3991818
-122.265,45.869,257.970,3991839
-122.199,46.089,257.950,3991860
-121.959,46.228,258.029,3991881
-121.960,46.380,257.955,3991902
-122.015,46.264,257.826,3991923
-122.004,46.458,257.745,3991944
-121.759,46.606,257.805,3991965
-121.486,46.411,257.875,3991986
-121.170,46.330,257.984,3992007
-121.224,46.132,257.818,3992028
-120.958,46.035,257.889,3992049
-121.151,45.921,257.625,3992070
-121.288,45.763,257.405,3992091
-121.486,45.934,257.125,3992112
-121.611,46.142,256.887,3992133
-121.865,46.108,256.580,3992154
-121.710,45.916,256.574,3992175
-121.448,45.968,256.604,3992196
-121.152,46.030,256.669,3992217
-121.320,45.948,256.421,3992238
-121.101,45.833,256.442,3992259
-120.847,45.901,256.494,3992280
-121.031,46.199,256.216,3992301
-121.313,46.413,255.900,3992322
-121.376,46.722,255.731,3992343
-121.375,46.982,255.601,3992364
-121.225,46.906,255.576,3992385
-121.025,46.964,255.574,3992406
-121.036,46.789,255.423,3992427
-120.797,46.843,255.441,3992448
-120.534,46.729,255.502,3992469
-120.778,46.759,255.183,3992490
-120.971,46.805,254.912,3992511
-121.166,46.948,254.624,3992532
-121.365,47.003,254.303,3992553
-121.558,47.101,253.992,3992574
-121.786,47.073,253.652,3992595
-121.784,46.813,253.469,3992616
-121.562,46.791,253.441,3992637
-121.369,46.810,253.376,3992658
-121.162,46.594,253.313,3992679
-120.993,46.593,253.234,3992700
-121.284,46.448,252.800,3992721
-121.262,46.515,252.635,3992742
-121.259,46.605,252.445,3992763
-121.547,46.606,252.034,3992784
-121.895,46.455,251.564,3992805
-122.009,46.116,251.245,3992826
-122.217,45.790,250.853,3992847
-122.162,45.454,250.636,3992868
-122.207,45.121,250.365,3992889
-122.322,45.281,250.044,3992910
-122.531,45.382,249.668,3992931
-122.769,45.459,249.250,3992952
-122.747,45.690,248.993,3992973
-122.890,45.865,248.623,3992994
-122.594,45.822,248.557,3993015
-122.284,45.921,248.508,3993036
-121.956,46.046,248.476,3993057
-121.664,46.217,248.421,3993078
-121.431,46.161,248.351,3993099
-121.143,46.162,248.307,3993120
-121.189,46.496,248.016,3993141
-121.399,46.703,247.597,3993162
-121.617,46.834,247.166,3993183
-121.872,46.985,246.694,3993204
-122.127,47.059,246.209,3993225
-122.261,46.980,245.811,3993246
-122.146,46.761,245.589,3993267
-121.969,46.565,245.410,3993288
-121.940,46.724,245.130,3993309
-122.080,46.464,244.744,3993330
-122.190,46.603,244.386,3993351
-122.460,46.672,243.887,3993372
-122.553,46.787,243.515,3993393
-122.458,46.824,243.285,3993414
-122.661,46.555,242.842,3993435
-122.497,46.349,242.681,3993456
-122.305,46.101,242.548,3993477
-122.130,46.054,242.416,3993498
-121.987,45.722,242.241,3993519
-121.827,45.383,242.061,3993540
-122.109,45.345,241.596,3993561
-122.083,45.419,241.358,3993582
-122.278,45.486,240.968,3993603
-122.500,45.323,240.557,3993624
-122.783,45.609,240.227,3993645
-122.946,45.507,239.974,3993666
-122.903,45.741,239.840,3993687
-123.253,45.909,239.451,3993708
-123.059,45.964,239.457,3993729
-122.804,46.014,239.515,3993750
-122.588,46.319,239.547,3993771
-122.774,46.681,239.282,3993792
-122.954,46.835,239.021,3993813
-123.140,47.136,238.732,3993834
-123.210,47.453,238.523,3993855
-122.905,47.338,238.619,3993876
-122.505,47.315,238.756,3993897
-122.216,47.536,238.810,3993918
-121.872,47.429,238.914,3993939
-121.807,47.320,238.826,3993960
-121.767,47.648,238.721,3993981
-121.686,47.944,238.640,3994002
-121.875,48.135,238.387,3994023
-121.880,48.068,238.289,3994044
-121.930,48.354,238.145,3994065
-121.618,48.282,238.271,3994086
-121.401,48.075,238.304,3994107
-121.112,48.126,238.385,3994128
-120.988,48.240,238.322,3994149
-120.798,47.919,238.296,3994170
-120.972,47.664,238.007,3994191
-121.303,47.575,237.582,3994212
-121.588,47.412,237.166,3994233
-121.955,47.292,236.727,3994254
-122.393,47.182,236.226,3994275
-122.787,47.135,235.774,3994296
-122.759,46.923,235.653,3994317
-122.859,46.929,235.449,3994338
-122.883,46.657,235.315,3994359
-122.912,46.366,235.176,3994380
-122.867,46.171,235.081,3994401
-122.863,45.905,234.950,3994422
-123.155,45.996,234.635,3994443
-123.446,45.854,234.291,3994464
-123.648,45.954,234.012,3994485
-123.598,45.673,233.940,3994506
-123.364,45.505,233.973,3994527
-123.316,45.718,233.872,3994548
-123.369,45.936,233.684,3994569
-123.078,45.787,233.694,3994590
-123.218,45.927,233.404,3994611
-123.323,46.127,233.133,3994632
-123.377,46.333,232.889,3994653
-123.390,46.582,232.656,3994674
-123.710,46.854,232.183,3994695
-123.979,47.079,231.745,3994716
-123.728,47.298,231.655,3994737
-123.570,47.348,231.493,3994758
-123.395,47.502,231.316,3994779
-123.229,47.571,231.120,3994800
-123.222,47.910,230.787,3994821
-123.324,48.251,230.357,3994842
-123.687,48.297,229.721,3994863
-124.064,48.428,229.070,3994884
-124.378,48.599,228.437,3994905
-124.356,48.752,228.047,3994926
-124.129,48.662,227.823,3994947
-124.275,48.425,227.317,3994968
-124.336,48.585,226.888,3994989
-124.214,48.303,226.579,3995010
-124.120,48.332,226.268,3995031
-124.028,48.152,225.942,3995052
-124.459,48.050,225.245,3995073
-124.756,48.056,224.635,3995094
-125.132,47.845,223.971,3995115
-124.980,47.716,223.679,3995136
-125.030,47.356,223.236,3995157
-124.886,47.292,222.954,3995178
-124.743,46.948,222.650,3995199
-124.485,46.657,222.437,3995220
-124.711,46.653,221.887,3995241
-124.518,46.658,221.616,3995262
-124.694,46.695,221.086,3995283
-124.796,46.522,220.629,3995304
-124.534,46.331,220.409,3995325
-124.699,46.457,219.875,3995346
-124.590,46.325,219.546,3995367
-124.263,46.531,219.348,3995388
-123.991,46.885,219.114,3995409
-123.545,47.005,219.017,3995430
-123.109,47.189,218.892,3995451
-122.750,47.539,218.725,3995472
-122.848,47.851,218.191,3995493
-122.799,48.297,217.772,3995514
-122.910,48.546,217.213,3995535
-123.008,48.880,216.654,3995556
-122.714,48.844,216.377,3995577
-122.427,48.800,216.079,3995598
-122.208,49.051,215.723,3995619
-122.025,48.940,215.316,3995640
-121.770,48.863,214.927,3995661
-122.010,49.059,214.136,3995682
-122.300,49.097,213.295,3995703
-122.556,49.078,212.454,3995724
-122.825,48.993,211.575,3995745
-122.828,49.117,210.897,3995766
-122.591,49.048,210.407,3995787
-122.468,48.784,209.806,3995808
-122.334,48.774,209.213,3995829
-122.224,48.787,208.606,3995850
-122.271,48.489,207.856,3995871
-122.596,48.265,206.903,3995892
-122.980,48.117,205.914,3995913
-123.370,47.957,204.912,3995934
-123.653,47.697,203.969,3995955
-123.929,47.431,203.021,3995976
-123.840,47.109,202.350,3995997
-123.819,47.124,201.608,3996018
-123.651,46.945,200.964,3996039
-123.483,46.828,200.334,3996061
-123.462,46.904,199.591,3996082
-123.750,46.972,198.608,3996103
-124.036,47.000,197.616,3996124
-123.942,46.736,196.900,3996145
-124.130,46.888,195.955,3996166
-124.208,47.128,195.103,3996187
-123.946,47.100,194.503,3996208
-123.675,47.128,193.944,3996229
-123.634,46.969,193.221,3996250
-123.514,47.171,192.577,3996271
-123.671,47.058,191.740,3996292
-124.002,47.105,190.767,3996313
-124.263,47.033,189.877,3996334
-124.617,47.193,188.911,3996355
-124.509,47.179,188.283,3996376
-124.343,47.280,187.728,3996397
-124.200,47.300,187.161,3996418
-124.307,47.700,186.415,3996439
-124.655,47.885,185.506,3996460
-124.708,48.311,184.846,3996481
-125.013,48.724,183.972,3996502
-125.410,49.013,183.044,3996523
-125.726,49.092,182.189,3996544
-125.656,49.126,181.628,3996565
-126.139,49.327,180.647,3996586
-126.256,49.206,179.955,3996607
-126.146,49.129,179.417,3996628
-125.945,49.123,178.974,3996649
-125.797,49.130,178.477,3996670
-125.633,49.089,178.002,3996691
-125.988,48.987,177.164,3996712
-126.367,48.893,176.316,3996733
-126.742,48.786,175.496,3996754
-127.103,48.562,174.697,3996775
-127.150,48.215,174.147,3996796
-127.140,48.225,173.660,3996817
-127.119,48.154,173.186,3996838
-127.598,48.125,172.368,3996859
-127.547,47.989,171.978,3996880
-127.676,48.033,171.455,3996901
-127.871,48.117,170.912,3996922
-128.274,47.904,170.231,3996943
-128.726,47.818,169.506,3996964
-129.089,47.609,168.875,3996985
-129.228,47.266,168.399,3997006
-129.459,47.047,167.873,3997027
-129.210,46.975,167.686,3997048
-128.898,46.773,167.562,3997069
-128.555,46.777,167.462,3997090
-128.185,46.734,167.417,3997111
-128.359,46.758,166.994,3997132
-128.498,46.809,166.614,3997153
-128.673,46.836,166.202,3997174
-128.819,46.898,165.850,3997195
-128.890,46.856,165.550,3997216
-128.776,47.125,165.412,3997237
-128.613,47.371,165.325,3997258
-128.663,47.663,165.123,3997279
-128.574,47.904,165.023,3997300
-128.382,48.095,165.035,3997321
-128.216,48.294,165.063,3997342
-128.294,48.527,164.946,3997363
-128.382,48.478,164.839,3997384
-128.318,48.301,164.848,3997405
-128.166,48.086,164.929,3997426
-128.309,48.090,164.789,3997447
-127.895,47.999,165.050,3997468
-127.512,47.899,165.303,3997489
-127.154,47.686,165.552,3997510
-126.920,47.704,165.715,3997531
-126.677,47.406,165.913,3997552
-126.822,47.176,165.878,3997573
-127.054,47.019,165.784,3997594
-127.054,47.115,165.870,3997615
-127.340,46.997,165.761,3997636
-127.544,46.828,165.751,3997657
-127.354,46.832,166.013,3997678
-127.305,46.955,166.210,3997699
-127.023,46.945,166.561,3997720
-126.692,46.888,166.986,3997741
-126.538,46.996,167.269,3997762
-126.692,46.896,167.313,3997783
-126.791,46.703,167.410,3997804
-126.876,46.519,167.541,3997825
-126.877,46.678,167.740,3997846
-126.771,46.433,168.033,3997867
-126.735,46.634,168.278,3997888
-126.517,46.704,168.665,3997909
-126.274,46.745,169.073,3997930
-126.094,46.831,169.463,3997951
-126.002,46.644,169.788,3997972
-125.919,46.857,170.114,3997993
-126.145,46.916,170.205,3998014
-126.379,47.031,170.308,3998035
-126.527,47.012,170.472,3998056
-126.218,46.954,170.959,3998077
-125.917,47.052,171.473,3998098
-125.837,47.313,171.851,3998119
-125.607,47.497,172.303,3998140
-125.342,47.624,172.805,3998161
-125.517,47.578,172.989,3998182
-125.741,47.670,173.166,3998203
-125.904,47.575,173.366,3998224
-125.904,47.359,173.685,3998245
-125.863,47.122,174.029,3998266
-125.917,46.913,174.322,3998287
-125.846,46.669,174.695,3998308
-125.611,46.747,175.172,3998329
-125.397,46.855,175.665,3998350
-125.269,47.064,176.072,3998371
-125.006,47.181,176.590,3998392
-124.915,47.430,176.947,3998413
-125.070,47.482,177.111,3998434
-125.191,47.528,177.312,3998455
-125.282,47.538,177.537,3998476
-125.173,47.403,177.906,3998497
-124.712,47.412,178.543,3998518
-124.423,47.600,179.064,3998539
-124.108,47.762,179.569,3998560
-123.701,47.760,180.135,3998581
-123.373,47.829,180.617,3998602
-122.934,48.010,181.172,3998623
-122.792,48.188,181.523,3998644
-122.647,48.137,181.861,3998665
-122.390,48.039,182.288,3998686
-121.969,47.926,182.853,3998707
-121.953,48.146,183.094,3998728
-121.435,48.372,183.727,3998749
-120.914,48.546,184.373,3998770
-120.914,48.658,184.626,3998791
-120.481,48.855,185.200,3998812
-120.286,49.185,185.601,3998833
-120.383,49.296,185.774,3998854
-120.468,49.299,185.943,3998875
-120.661,49.322,186.015,3998896
-120.741,49.115,186.165,3998917
-120.530,48.854,186.541,3998938
-120.318,48.793,186.910,3998959
-120.508,48.907,186.951,3998980
-120.396,48.790,187.217,3999001
-120.356,48.738,187.405,3999022
-120.333,48.662,187.574,3999043
-120.767,48.513,187.387,3999064
-121.084,48.151,187.287,3999085
-121.477,47.900,187.134,3999106
-121.869,47.849,186.958,3999127
-122.080,47.427,186.920,3999148
-122.064,47.313,187.034,3999169
-121.992,47.038,187.196,3999190
-122.149,46.985,187.178,3999211
-122.123,46.844,187.275,3999232
-122.379,46.548,187.181,3999253
-122.699,46.587,187.041,3999274
-123.057,46.529,186.857,3999295
-123.414,46.401,186.662,3999316
-123.459,46.138,186.699,3999337
-123.602,46.339,186.650,3999358
-123.533,46.435,186.778,3999379
-123.398,46.389,186.949,3999400
-123.461,46.614,186.986,3999421
-123.333,46.559,187.148,3999442
-123.222,46.667,187.292,3999463
-123.605,46.866,187.066,3999484
-123.922,46.879,186.883,3999505
-124.316,46.979,186.633,3999526
-124.243,46.955,186.743,3999547
-124.648,47.140,186.481,3999568
-124.585,47.409,186.559,3999589
-124.458,47.540,186.682,3999610
-124.469,47.537,186.721,3999631
-124.436,47.885,186.785,3999652
-124.353,47.863,186.907,3999673
-124.625,48.179,186.738,3999694
-124.898,48.253,186.570,3999715
-125.119,48.319,186.461,3999736
-125.218,48.204,186.412,3999757
-125.319,48.396,186.342,3999778
-125.032,48.483,186.601,3999799
-124.660,48.506,186.906,3999820
-124.240,48.498,187.264,3999841
-123.998,48.596,187.494,3999862
-123.664,48.644,187.765,3999883
-123.742,48.526,187.715,3999904
-123.734,48.246,187.741,3999925
-123.651,47.904,187.828,3999946
-123.633,47.551,187.852,3999967
-123.641,47.171,187.863,3999988
-123.315,47.013,188.105,4000009
-123.008,46.776,188.348,4000030
-122.856,46.356,188.464,4000051
-122.663,46.247,188.621,4000072
-122.943,46.223,188.390,4000093
-123.205,45.974,188.205,4000114
-123.551,46.059,187.968,4000135
-123.958,46.078,187.701,4000156
-124.281,45.929,187.487,4000177
-124.298,46.047,187.507,4000198
-124.287,46.158,187.569,4000219
-124.666,46.087,187.333,4000240
-124.709,46.283,187.339,4000261
-124.766,46.288,187.367,4000282
-124.979,46.698,187.258,4000303
-125.447,47.080,186.990,4000324
-125.811,47.122,186.784,4000345
-126.294,47.407,186.481,4000366
-126.618,47.828,186.292,4000387
-126.672,48.125,186.312,4000408
-126.661,48.380,186.367,4000429
-126.635,48.587,186.472,4000450
-126.776,48.964,186.466,4000471
-127.185,49.081,186.242,4000492
-127.049,49.250,186.405,4000513
-127.347,49.278,186.250,4000534
-127.678,49.384,186.057,4000555
-127.902,49.364,185.956,4000576
-127.974,49.218,185.958,4000597
-128.151,49.122,185.894,4000618
-127.749,48.965,186.269,4000639
-127.596,48.671,186.433,4000660
-127.361,48.691,186.677,4000681
-126.987,48.587,187.002,4000702
-126.599,48.431,187.350,4000723
-126.438,48.429,187.508,4000744
-126.241,48.403,187.694,4000765
-126.305,48.201,187.653,4000786
-125.828,47.769,188.034,4000807
-125.487,47.302,188.322,4000828
-124.959,46.949,188.731,4000849
-124.859,46.898,188.809,4000870
-124.350,46.741,189.185,4000891
-123.827,46.482,189.593,4000912
-123.300,46.296,190.004,4000933
-123.300,46.139,190.016,4000954
-122.768,45.895,190.442,4000975
-122.749,45.704,190.493,4000996
-122.681,45.434,190.579,4001017
-122.681,45.274,190.606,4001038
-122.203,45.136,190.961,4001059
-121.874,45.196,191.209,4001080
-121.478,45.071,191.475,4001101
-121.254,45.246,191.644,4001122
-121.005,45.404,191.791,4001143
-120.936,45.681,191.827,4001164
-121.113,45.773,191.691,4001185
-121.320,45.913,191.552,4001206
-121.467,45.912,191.456,4001227
-121.667,45.988,191.318,4001248
-121.783,45.940,191.238,4001269
-121.538,46.060,191.397,4001290
-121.514,46.353,191.394,4001311
-121.727,46.338,191.206,4001332
-121.580,46.494,191.252,4001353
-121.789,46.813,191.027,4001374
-122.175,46.934,190.679,4001395
-122.329,46.832,190.486,4001416
-122.319,46.946,190.392,4001437
-122.558,46.893,190.114,4001458
-122.700,46.852,189.908,4001479
-122.926,47.181,189.611,4001500
-123.218,47.543,189.241,4001521
-123.348,47.717,188.993,4001542
-123.882,48.109,188.460,4001563
-124.395,48.131,187.903,4001584
-125.119,48.363,187.169,4001605
-125.715,48.466,186.545,4001626
-126.347,48.669,185.904,4001647
-126.937,48.793,185.272,4001668
-127.506,48.821,184.645,4001689
-127.581,48.988,184.369,4001710
-127.666,49.132,184.075,4001731
-127.691,49.179,183.828,4001752
-127.630,49.228,183.634,4001773
-127.900,49.408,183.185,4001794
-128.258,49.367,182.658,4001815
-128.545,49.438,182.194,4001836
-128.494,49.183,181.990,4001857
-128.718,49.163,181.578,4001878
-128.564,48.874,181.431,4001899
-128.738,48.832,181.047,4001920
-128.444,48.876,181.014,4001941
-128.013,48.699,181.099,4001962
-127.619,48.475,181.117,4001983
-127.186,48.187,181.190,4002004
-126.993,47.845,181.059,4002025
-126.972,47.648,180.817,4002046
-126.448,47.565,180.956,4002067
-125.883,47.353,181.119,4002088
-125.706,47.360,180.996,4002109
-125.407,47.350,180.949,4002130
-125.133,46.919,180.894,4002151
-125.001,46.933,180.711,4002172
-124.463,46.785,180.843,4002193
-124.151,46.760,180.831,4002214
-124.034,46.478,180.667,4002235
-123.902,46.152,180.541,4002256
-123.808,45.871,180.399,4002277
-123.681,45.613,180.262,4002298
-123.226,45.402,180.366,4002319
-122.813,45.404,180.430,4002340
-122.835,45.515,180.207,4002361
-122.450,45.305,180.267,4002382
-122.072,45.331,180.318,4002403
-121.673,45.330,180.411,4002424
-121.694,45.498,180.204,4002445
-121.766,45.692,179.951,4002466
-121.722,45.463,179.762,4002487
-121.938,45.546,179.408,4002508
-122.027,45.406,179.142,4002529
-121.929,45.613,179.006,4002550
-122.128,45.892,178.657,4002571
-122.496,45.941,178.171,4002592
-122.413,46.085,178.031,4002613
-122.700,46.446,177.610,4002634
-122.689,46.679,177.407,4002655
-123.011,46.630,176.999,4002676
-123.427,46.656,176.505,4002697
-123.487,46.547,176.256,4002718
-123.403,46.512,176.102,4002739
-123.854,46.683,175.579,4002760
-123.813,46.760,175.379,4002781
-123.873,46.587,175.118,4002802
-123.854,46.692,174.910,4002823
-124.046,46.931,174.560,4002844
-124.496,47.081,174.004,4002865
-124.826,46.978,173.536,4002886
-125.200,46.928,173.037,4002907
-125.627,47.045,172.518,4002928
-125.873,46.877,172.105,4002949
-126.247,46.816,171.592,4002970
-126.188,46.884,171.406,4002991
-126.157,46.956,171.182,4003013
-126.194,47.066,170.921,4003034
-126.115,47.107,170.723,4003055
-126.452,47.047,170.245,4003076
-126.332,47.108,170.079,4003097
-126.534,46.961,169.709,4003118
-126.316,47.023,169.639,4003139
-126.514,47.068,169.281,4003160
-126.374,46.813,169.166,4003181
-126.518,47.011,168.853,4003202
-126.250,46.993,168.847,4003223
-126.259,46.856,168.642,4003244
-126.486,46.847,168.286,4003265
-126.237,46.874,168.313,4003286
-126.349,46.797,168.064,4003307
-126.122,46.860,168.060,4003328
-126.080,47.186,167.963,4003349
-125.870,47.164,167.966,4003370
-125.716,47.394,167.914,4003391
-125.579,47.664,167.875,4003412
-125.525,47.902,167.773,4003433
-125.666,48.158,167.534,4003454
-125.483,48.309,167.527,4003475
-125.766,48.369,167.200,4003496
-125.969,48.279,166.914,4003517
-126.213,48.243,166.598,4003538
-126.366,48.083,166.368,4003559
-126.403,47.876,166.227,4003580
-126.385,48.048,166.107,4003601
-126.067,47.990,166.213,4003622
-125.979,48.118,166.151,4003643
-125.734,47.816,166.223,4003664
-125.384,47.610,166.396,4003685
-125.518,47.392,166.169,4003706
-125.700,47.257,165.940,4003727
-125.796,46.982,165.773,4003748
-125.459,46.891,165.916,4003769
-125.577,46.629,165.717,4003790
-125.512,46.673,165.659,4003811
-125.403,46.726,165.597,4003832
-125.138,46.694,165.655,4003854
-125.359,46.568,165.354,4003875
-125.638,46.521,164.995,4003896
-125.933,46.391,164.643,4003917
-126.126,46.153,164.350,4003938
-126.255,45.888,164.117,4003959
-126.089,45.778,164.084,4003980
-126.069,45.948,163.951,4004001
-125.956,46.066,163.882,4004022
-125.910,46.251,163.768,4004043
-125.832,46.435,163.670,4004064
-125.848,46.762,163.539,4004085
-125.932,47.132,163.254,4004106
-125.973,47.360,162.978,4004127
-125.894,47.490,162.827,4004148
-125.712,48.005,162.721,4004169
-125.680,48.111,162.517,4004190
-125.392,48.157,162.490,4004211
-125.196,48.496,162.374,4004232
-124.954,48.520,162.276,4004253
-124.874,48.792,162.052,4004274
-125.008,49.063,161.654,4004295
-125.133,48.842,161.241,4004316
-124.760,48.961,161.086,4004337
-124.788,48.836,160.612,4004358
-124.828,48.674,160.123,4004379
-124.570,48.349,159.854,4004400
-124.393,48.379,159.487,4004421
-124.107,48.310,159.232,4004442
-124.219,47.985,158.673,4004463
-124.149,47.941,158.265,4004484
-124.442,47.754,157.583,4004505
-124.780,47.516,156.849,4004526
-125.114,47.104,156.119,4004547
-125.442,46.650,155.384,4004568
-125.691,46.132,154.688,4004589
-125.392,46.059,154.238,4004610
-125.159,46.028,153.714,4004631
-124.951,45.761,153.163,4004652
-124.725,45.613,152.610,4004673
-124.694,45.643,151.912,4004694
-124.943,45.650,150.981,4004715
-124.797,45.321,150.319,4004736
-125.126,44.993,149.312,4004757
-125.769,44.499,148.740,4004778
-126.313,43.987,148.190,4004799
-126.958,43.609,147.531,4004820
-127.381,43.565,146.986,4004841
-127.932,43.540,146.313,4004862
-128.420,43.247,145.666,4004883
-128.637,43.368,145.199,4004904
-128.720,43.511,144.823,4004925
-128.713,43.478,144.615,4004946
-129.110,43.422,144.328,4004967
-129.223,43.365,144.257,4004988
-129.040,43.540,144.385,4005009
-129.012,43.975,144.360,4005030
-128.876,44.036,144.419,4005051
-128.821,44.526,144.397,4005072
-128.844,45.016,144.271,4005093
-128.616,45.574,144.320,4005114
-128.254,46.103,144.430,4005135
-128.210,46.544,144.306,4005156
-128.148,46.772,144.187,4005177
-127.879,47.048,144.471,4005198
-127.819,47.002,144.559,4005219
-127.497,46.896,144.797,4005240
-127.043,47.012,145.116,4005261
-126.763,47.274,145.255,4005282
-126.259,47.329,145.563,4005303
-125.793,47.437,145.803,4005324
-125.308,47.518,146.040,4005345
-125.173,47.720,146.010,4005366
-125.025,47.493,145.986,4005387
-124.963,47.293,145.869,4005408
-124.713,47.014,145.862,4005429
-124.515,46.724,145.796,4005450
-124.655,46.675,145.506,4005471
-124.790,46.607,145.232,4005492
-124.470,46.526,145.270,4005513
-124.284,46.529,145.336,4005534
-124.163,46.586,145.342,4005555
-124.373,46.451,145.079,4005576
-124.115,46.116,145.207,4005597
-124.104,45.739,145.149,4005618
-124.204,45.426,144.974,4005639
-124.240,45.466,144.820,4005660
-124.241,45.501,144.706,4005681
-124.165,45.468,144.631,4005702
-124.091,45.495,144.559,4005723
-124.100,45.575,144.405,4005744
-124.214,45.763,144.163,4005765
-124.568,45.674,143.756,4005786
-124.972,45.623,143.330,4005807
-125.202,45.492,143.014,4005828
-125.557,45.438,142.615,4005849
-125.837,45.356,142.292,4005870
-125.930,45.300,142.082,4005891
-126.186,45.693,141.775,4005912
-126.197,46.016,141.626,4005933
-126.271,46.374,141.456,4005954
-126.690,46.722,141.000,4005975
-126.639,46.913,140.877,4005996
-127.023,46.902,140.395,4006017
-127.312,46.872,139.981,4006038
-127.482,46.822,139.666,4006059
-127.304,46.901,139.577,4006080
-127.460,47.234,139.225,4006101
-127.336,47.477,139.072,4006122
-127.440,47.792,138.729,4006143
-127.589,48.113,138.303,4006164
-127.272,48.215,138.199,4006185
-127.226,48.058,137.870,4006206
-127.197,47.915,137.527,4006227
-127.062,47.732,137.217,4006248
-127.028,47.607,136.846,4006269
-126.646,47.398,136.708,4006290
-126.588,47.235,136.313,4006311
-126.125,47.312,136.202,4006332
-125.779,47.426,136.010,4006353
-125.671,47.571,135.564,4006374
-125.364,47.617,135.275,4006395
-124.879,47.509,135.100,4006416
-124.929,47.329,134.521,4006437
-124.859,47.034,134.015,4006458
-124.800,46.751,133.507,4006479
-124.744,46.479,132.989,4006500
-124.407,46.281,132.656,4006521
-124.324,46.444,132.134,4006542
-124.584,46.450,131.350,4006563
-124.796,46.046,130.924,4006584
-124.856,45.995,130.572,4006605
-125.185,45.694,130.012,4006626
-125.482,45.720,129.478,4006647
-125.598,45.324,129.067,4006668
-125.498,45.182,128.788,4006689
-125.627,44.871,128.316,4006710
-125.643,44.981,127.921,4006731
-125.787,45.162,127.409,4006752
-125.768,45.327,127.027,4006773
-126.059,45.362,126.438,4006794
-125.956,45.587,126.109,4006815
-126.230,45.708,125.610,4006836
-126.216,45.532,125.305,4006857
-126.209,45.422,124.963,4006878
-126.041,45.326,124.702,4006899
-125.893,45.123,124.510,4006920
-125.499,45.101,124.441,4006941
-125.139,45.184,124.400,4006962
-125.207,45.350,124.074,4006983
-125.102,45.556,123.899,4007004
-125.033,45.751,123.682,4007025
-124.903,45.512,123.491,4007046
-124.629,45.626,123.402,4007067
-124.567,45.426,123.172,4007088
-124.257,45.578,123.084,4007109
-124.266,45.445,122.778,4007130
-124.137,45.268,122.601,4007151
-124.116,45.519,122.331,4007172
-123.774,45.606,122.320,4007193
-123.421,45.557,122.322,4007214
-123.212,45.371,122.230,4007235
-123.049,45.561,122.128,4007256
-123.147,45.761,121.828,4007277
-123.169,45.539,121.578,4007298
-123.039,45.307,121.412,4007319
-123.005,45.072,121.188,4007340
-122.925,45.231,120.979,4007361
-122.923,45.404,120.695,4007382
-123.164,45.468,120.241,4007403
-123.156,45.232,119.934,4007424
-123.175,45.414,119.635,4007445
-123.291,45.591,119.248,4007466
-123.324,45.778,118.944,4007487
-123.272,45.546,118.690,4007508
-123.197,45.742,118.475,4007529
-123.128,45.553,118.249,4007550
-123.183,45.397,117.900,4007571
-122.949,45.439,117.773,4007592
-122.744,45.310,117.591,4007613
-123.021,45.299,117.098,4007634
-123.001,45.495,116.801,4007655
-123.254,45.645,116.298,4007676
-123.448,45.816,115.845,4007697
-123.452,45.571,115.507,4007718
-123.310,45.336,115.271,4007739
-123.021,45.361,115.150,4007760
-122.921,45.098,114.852,4007781
-122.923,45.256,114.519,4007802
-123.021,45.459,114.092,4007823
-123.193,45.524,113.594,4007844
-123.123,45.772,113.269,4007865
-122.942,45.995,113.018,4007886
-122.933,45.833,112.635,4007907
-123.027,45.766,112.209,4007928
-123.001,45.645,111.843,4007949
-122.804,45.610,111.613,4007970
-122.646,45.507,111.323,4007991
-122.545,45.773,111.000,4008012
-122.782,46.023,110.430,4008033
-122.640,46.103,110.095,4008054
-122.628,46.317,109.657,4008075
-122.988,46.445,108.941,4008096
-123.335,46.428,108.230,4008117
-123.164,46.388,107.882,4008138
-122.968,46.297,107.541,4008159
-122.865,46.106,107.146,4008180
-122.909,45.892,106.632,4008201
-122.814,46.044,106.196,4008222
-122.961,46.083,105.584,4008243
-123.163,46.062,104.926,4008264
-123.205,46.182,104.351,4008285
-123.295,46.278,103.758,4008306
-123.593,46.234,103.002,4008327
-123.569,45.849,102.484,4008348
-123.621,45.516,101.873,4008369
-123.448,45.416,101.412,4008390
-123.372,45.122,100.858,4008411
-123.565,45.276,100.099,4008432
-123.522,45.394,99.505,4008453
-123.455,45.165,98.928,4008474
-123.601,45.388,98.201,4008495
-123.934,45.472,97.332,4008516
-123.831,45.493,96.756,4008537
-123.944,45.300,96.002,4008558
-124.051,45.104,95.242,4008579
-124.006,45.009,94.598,4008600
-124.315,44.897,93.673,4008621
-124.452,45.124,92.850,4008642
-124.614,45.360,92.001,4008663
-125.007,45.310,90.964,4008684
-125.214,45.564,90.029,4008705
-125.602,45.778,88.954,4008726
-126.015,45.768,87.869,4008747
-126.319,45.651,86.855,4008768
-126.406,45.465,85.972,4008789
-126.251,45.532,85.263,4008810
-126.497,45.496,84.233,4008831
-126.233,45.506,83.553,4008852
-126.231,45.746,82.678,4008873
-125.920,45.719,82.010,4008894
-126.124,45.879,80.949,4008915
-125.926,46.059,80.172,4008936
-125.747,45.853,79.350,4008957
-125.832,45.679,78.351,4008978
-125.816,45.449,77.430,4008999
-125.566,45.463,76.633,4009020
-125.288,45.302,75.847,4009041
-125.199,45.412,74.910,4009062
-125.370,45.397,73.781,4009083
-125.496,45.167,72.675,4009104
-126.098,45.403,71.819,4009125
-126.683,45.729,70.926,4009146
-127.072,45.782,70.120,4009167
-127.223,45.749,69.461,4009188
-127.119,45.786,68.933,4009209
-126.945,45.922,68.432,4009230
-126.767,45.836,67.895,4009251
-126.456,45.704,67.438,4009272
-126.490,45.843,66.729,4009293
-126.356,45.949,66.092,4009314
-126.238,46.005,65.397,4009335
-126.005,46.016,64.738,4009356
-126.002,45.685,63.896,4009377
-125.810,45.226,63.144,4009398
-125.309,44.911,62.588,4009419
-125.049,44.447,61.873,4009440
-125.012,44.178,60.953,4009461
-124.523,44.044,60.325,4009482
-124.624,43.838,59.405,4009503
-124.671,43.690,58.491,4009524
-124.209,43.549,57.878,4009545
-123.980,43.188,57.130,4009566
-123.765,42.864,56.373,4009587
-123.326,42.558,55.768,4009608
-122.813,42.362,55.196,4009629
-122.257,42.235,54.650,4009650
-122.090,42.261,53.834,4009671
-121.528,42.112,53.259,4009692
-121.356,42.151,52.428,4009713
-121.270,42.207,51.508,4009734
-121.152,42.296,50.622,4009755
-121.219,42.340,49.613,4009776
-121.112,42.103,48.712,4009797
-120.775,42.090,47.960,4009818
-120.621,41.906,47.086,4009839
-120.407,41.843,46.244,4009860
-120.307,41.740,45.311,4009881
-120.588,41.950,44.108,4009902
-120.812,42.003,42.942,4009923
-121.130,42.256,41.724,4009944
-121.335,42.699,40.559,4009965
-121.645,42.880,39.345,4009986
-121.796,42.954,38.227,4010007
-121.861,42.935,37.173,4010028
-121.718,43.239,36.250,4010049
-121.610,43.475,35.319,4010070
-121.694,43.849,34.259,4010091
-121.577,43.898,33.336,4010112
-121.785,44.194,32.184,4010133
-122.122,44.155,30.938,4010154
-122.467,44.449,29.687,4010175
-122.563,44.710,28.584,4010196
-122.585,44.593,27.544,4010217
-122.999,44.561,26.223,4010238
-122.983,44.694,25.224,4010259
-122.958,44.671,24.228,4010280
-122.871,44.747,23.280,4010301
-122.986,45.104,22.197,4010322
-123.335,45.255,20.990,4010343
-123.601,45.260,19.836,4010364
-123.831,45.241,18.707,4010385
-124.070,45.238,17.571,4010406
-124.305,45.220,16.397,4010427
-123.526,45.402,16.415,4010448
-122.473,45.529,16.543,4010469
-121.594,45.847,16.529,4010490
-120.841,46.158,16.428,4010511
-120.015,46.391,16.391,4010532
-119.318,46.676,16.263,4010553
-119.091,46.766,15.792,4010574
-118.865,46.708,15.291,4010595
-118.744,46.660,14.708,4010616
-118.729,46.788,14.056,4010637
-118.783,46.917,13.348,4010658
-118.434,46.984,12.908,4010679
-118.193,47.079,12.400,4010700
-118.041,47.178,11.841,4010721
-117.996,47.254,11.190,4010742
-117.951,47.260,10.621,4010763
-117.785,47.070,10.121,4010785
-117.872,46.934,9.457,4010806
-118.064,46.779,8.665,4010827
-118.103,46.677,8.016,4010848
-117.802,46.718,7.621,4010869
-117.448,46.786,7.247,4010890
-117.229,46.916,6.760,4010911
-116.943,46.979,6.353,4010932
-116.767,47.071,5.849,4010953
-116.988,46.944,5.054,4010974
-117.255,46.833,4.222,4010995
-117.469,46.686,3.431,4011016
-117.705,46.565,2.592,4011037
-117.963,46.362,1.704,4011058
-117.994,46.488,0.954,4011079
-117.801,46.408,0.316,4011100
-117.653,46.468,359.609,4011121
-117.610,46.543,358.808,4011142
-117.397,46.483,358.065,4011163
-117.608,46.249,356.994,4011184
-117.763,45.942,355.923,4011205
-117.660,45.598,354.982,4011226
-117.901,45.353,353.744,4011247
-118.086,45.087,352.494,4011268
-117.868,44.948,351.494,4011289
-117.749,44.920,350.358,4011310
-117.575,44.739,349.205,4011331
-117.492,44.759,347.931,4011352
-117.390,44.677,346.589,4011373
-117.441,44.221,345.080,4011394
-116.995,44.226,344.646,4011415
-117.008,44.003,344.158,4011436
-117.041,43.761,343.521,4011457
-117.091,43.499,342.810,4011478
-117.253,43.196,342.250,4011499
-117.006,43.123,342.017,4011520
-116.676,42.994,341.777,4011541
-116.817,42.797,341.418,4011562
-116.671,42.891,341.211,4011583
-116.767,42.737,340.808,4011604
-116.820,42.591,340.381,4011625
-116.821,42.375,340.125,4011646
-116.960,42.328,339.735,4011667
-117.096,42.287,339.305,4011688
-116.867,42.328,339.087,4011709
-117.134,42.381,338.598,4011730
-116.997,42.599,338.386,4011751
-116.925,42.932,338.095,4011772
-117.277,43.079,337.526,4011793
-117.239,43.372,337.208,4011814
-117.562,43.454,336.618,4011835
-117.999,43.716,335.917,4011856
-117.976,43.910,335.561,4011877
-118.404,44.038,334.885,4011898
-118.408,44.157,334.496,4011919
-118.474,44.523,334.122,4011940
-118.465,44.811,333.819,4011961
-118.487,45.159,333.533,4011982
-118.716,45.538,333.095,4012003
-119.063,45.691,332.590,4012024
-119.272,45.691,332.157,4012045
-119.011,45.880,332.086,4012066
-119.026,45.794,331.788,4012087
-118.938,45.660,331.562,4012108
-118.751,45.909,331.393,4012129
-118.278,45.895,331.448,4012150
-117.995,46.089,331.326,4012171
-117.994,46.095,330.976,4012192
-117.595,46.151,330.892,4012213
-117.420,45.827,330.640,4012234
-117.374,45.608,330.271,4012255
-117.365,45.389,329.889,4012276
-116.890,45.223,329.834,4012297
-116.595,44.842,329.655,4012318
-116.681,44.605,329.220,4012339
-116.530,44.638,328.928,4012360
-116.429,44.676,328.590,4012381
-116.562,44.726,328.088,4012402
-116.806,44.784,327.523,4012423
-116.792,44.816,327.144,4012444
-116.953,44.464,326.665,4012465
-117.348,44.236,326.044,4012486
-117.470,43.933,325.597,4012507
-117.976,43.756,324.919,4012528
-118.131,43.620,324.444,4012549
-118.526,43.846,323.809,4012570
-118.947,44.050,323.155,4012591
-119.283,44.273,322.555,4012612
-119.478,44.169,322.014,4012633
-120.090,44.192,321.181,4012654
-120.409,44.017,320.549,4012675
-120.994,44.024,319.704,4012696
-121.131,44.219,319.145,4012717
-121.653,44.241,318.302,4012738
-122.183,44.359,317.485,4012759
-122.305,44.590,316.946,4012780
-122.711,44.822,316.205,4012801
-122.844,45.090,315.671,4012822
-122.848,45.341,315.208,4012843
-122.890,45.219,314.708,4012864
-123.037,45.179,314.121,4012885
-122.944,45.078,313.730,4012906
-122.691,45.044,313.407,4012927
-122.419,45.019,313.091,4012948
-122.028,45.402,312.862,4012969
-121.600,45.792,312.651,4012990
-121.039,46.102,312.525,4013011
-120.576,46.474,312.304,4013032
-120.170,46.848,312.017,4013053
-119.746,47.210,311.769,4013074
-119.539,47.191,311.332,4013095
-119.256,47.092,310.962,4013116
-119.021,46.961,310.540,4013137
-118.626,46.744,310.236,4013158
-118.188,46.514,309.919,4013179
-117.704,46.587,309.646,4013200
-117.230,46.677,309.351,4013221
-116.837,46.798,308.988,4013242
-116.500,46.900,308.602,4013263
-116.386,46.662,308.062,4013284
-116.301,46.401,307.502,4013305
-116.395,46.434,306.798,4013326
-116.399,46.147,306.176,4013347
-116.313,45.826,305.639,4013368
-116.432,45.510,304.941,4013389
-116.314,45.472,304.400,4013410
-116.400,45.507,303.697,4013431
-116.606,45.579,302.934,4013452
-116.707,45.606,302.251,4013473
-117.058,45.714,301.409,4013494
-117.390,45.417,300.582,4013515
-117.698,45.156,299.812,4013536
-118.302,45.050,298.811,4013557
-118.637,44.831,298.011,4013578
-119.261,44.763,297.019,4013599
-119.751,44.994,296.097,4013620
-119.999,45.151,295.363,4013641
-120.487,45.418,294.437,4013662
-121.102,45.526,293.435,4013683
-121.703,45.669,292.432,4013704
-121.889,45.458,291.748,4013725
-121.949,45.473,291.105,4013746
-122.012,45.400,290.480,4013767
-122.161,45.227,289.805,4013788
-122.462,45.095,289.013,4013809
-122.572,45.369,288.384,4013830
-122.840,45.702,287.634,4013851
-123.018,46.035,286.943,4013872
-123.326,46.114,286.188,4013893
-123.249,46.417,285.705,4013914
-122.933,46.466,285.416,4013935
-122.662,46.392,285.099,4013956
-122.762,46.477,284.509,4013977
-122.396,46.412,284.271,4013998
-122.437,46.481,283.737,4014019
-122.317,46.822,283.301,4014040
-122.321,46.955,282.817,4014061
-121.959,47.229,282.588,4014082
-121.863,47.485,282.161,4014103
-121.318,47.566,282.052,4014124
-120.771,47.485,281.944,4014145
-120.246,47.330,281.839,4014166
-119.690,47.345,281.752,4014187
-119.175,47.168,281.653,4014208
-118.766,46.941,281.486,4014229
-118.378,47.094,281.302,4014250
-118.088,47.255,281.039,4014271
-118.054,47.383,280.602,4014292
-118.047,47.154,280.163,4014313
-118.128,47.203,279.669,4014334
-117.920,46.896,279.389,4014355
-117.900,46.618,278.970,4014376
-117.623,46.327,278.713,4014397
-117.393,46.050,278.428,4014418
-117.641,46.001,277.799,4014439
-117.883,45.998,277.156,4014460
-117.976,46.142,276.620,4014481
-118.161,46.266,276.007,4014502
-118.342,46.377,275.395,4014523
-118.223,46.342,275.010,4014544
-118.486,46.073,274.352,4014565
-118.394,45.869,273.957,4014586
-118.320,45.686,273.548,4014607
-118.421,45.345,273.013,4014628
-118.509,45.055,272.480,4014649
-118.993,44.916,271.684,4014670
-119.350,45.103,271.014,4014691
-119.834,45.255,270.248,4014712
-120.356,45.421,269.470,4014733
-120.949,45.566,268.623,4014754
-121.523,45.592,267.815,4014775
-121.615,45.441,267.383,4014796
-121.654,45.532,266.968,4014817
-121.708,45.442,266.566,4014838
-121.895,45.259,266.057,4014859
-122.000,45.110,265.606,4014880
-122.219,45.386,265.049,4014901
-122.586,45.631,264.392,4014922
-122.917,45.890,263.788,4014943
-123.321,46.082,263.118,4014964
-123.583,45.931,262.556,4014985
-123.538,45.783,262.209,4015006
-123.497,45.950,261.831,4015027
-124.175,46.526,261.397,4015048
-124.331,46.818,261.318,4015069
-124.578,46.961,261.183,4015090
-124.805,47.508,261.047,4015111
-125.223,47.993,260.773,4015132
-125.302,48.074,260.759,4015153
-125.544,48.533,260.611,4015174
-125.408,48.952,260.720,4015195
-125.385,48.984,260.751,4015216
-124.896,49.083,261.131,4015237
-124.597,48.967,261.359,4015258
-124.120,48.870,261.694,4015279
-123.511,48.931,262.121,4015300
-123.723,49.235,262.180,4015321
-123.933,49.516,262.216,4015342
-124.098,49.634,262.278,4015363
-124.257,49.753,262.338,4015384
-123.839,49.749,262.800,4015405
-123.426,49.512,263.227,4015426
-123.190,49.451,263.625,4015447
-123.030,49.206,263.965,4015468
-123.149,48.989,264.041,4015489
-122.752,48.777,264.513,4015510
-122.635,48.794,264.784,4015531
-122.586,48.796,264.982,4015552
-122.502,48.758,265.176,4015573
-122.330,48.712,265.451,4015594
-122.231,48.277,265.715,4015615
-122.390,48.116,265.764,4015636
-122.116,47.694,266.172,4015657
-122.187,47.516,266.297,4015678
-121.827,47.177,266.748,4015699
-121.528,46.834,267.186,4015720
-121.491,46.876,267.410,4015741
-121.379,46.996,267.681,4015762
-120.903,46.949,268.236,4015783
-120.832,47.081,268.519,4015804
-120.826,46.943,268.742,4015825
-120.556,46.672,269.172,4015846
-120.143,46.489,269.704,4015867
-120.181,46.579,269.902,4015888
-120.006,46.289,270.223,4015909
-119.721,46.030,270.618,4015930
-119.469,45.986,270.973,4015951
-119.670,46.072,271.004,4015972
-119.957,46.040,270.987,4015993
-120.068,46.179,271.069,4016014
-120.313,46.285,271.042,4016035
-120.134,46.160,271.301,4016056
-119.959,46.064,271.560,4016077
-119.875,46.183,271.735,4016098
-119.774,46.059,271.911,4016119
-119.660,46.024,272.078,4016140
-120.016,46.220,271.915,4016161
-120.240,46.490,271.832,4016182
-120.600,46.527,271.633,4016203
-120.913,46.768,271.467,4016224
-121.310,46.812,271.209,4016245
-121.200,46.741,271.300,4016266
-121.381,46.574,271.170,4016287
-121.796,46.581,270.888,4016308
-121.784,46.455,270.938,4016329
-121.760,46.414,270.953,4016350
-121.736,46.439,270.976,4016371
-122.058,46.686,270.744,4016392
-122.481,46.866,270.424,4016413
-122.777,47.095,270.177,4016434
-123.085,47.305,269.918,4016455
-123.167,47.098,269.799,4016476
-122.990,46.960,269.891,4016497
-123.026,46.762,269.870,4016518
-122.870,46.906,269.988,4016539
-122.745,46.736,270.139,4016560
-122.962,46.787,270.021,4016581
-123.180,46.928,269.898,4016602
-123.383,47.067,269.785,4016623
-123.538,47.218,269.700,4016644
-123.698,47.402,269.606,4016665
-123.800,47.645,269.587,4016686
-123.474,47.556,269.858,4016707
-123.159,47.418,270.138,4016728
-122.880,47.482,270.421,4016749
-122.663,47.243,270.654,4016770
-122.374,47.205,270.965,4016791
-122.270,47.372,271.127,4016812
-122.387,47.492,271.115,4016833
-122.245,47.606,271.274,4016854
-122.433,47.574,271.183,4016875
-122.522,47.373,271.158,4016896
-122.226,47.087,271.379,4016917
-121.950,46.744,271.608,4016938
-121.776,46.376,271.742,4016959
-121.370,46.139,272.028,4016980
-121.081,46.108,272.243,4017001
-121.117,46.207,272.205,4017022
-121.111,46.292,272.193,4017043
-121.143,46.023,272.171,4017064
-121.264,46.029,272.062,4017085
-121.256,46.126,272.038,4017106
-121.135,45.805,272.124,4017127
-121.171,45.582,272.090,4017148
-120.869,45.353,272.288,4017169
-120.630,45.122,272.445,4017190
-120.377,45.217,272.598,4017211
-120.348,45.459,272.610,4017232
-120.566,45.549,272.444,4017253
-120.798,45.653,272.259,4017274
-120.643,45.883,272.356,4017295
-120.880,45.915,272.168,4017316
-121.091,45.898,272.007,4017337
-120.958,46.146,272.090,4017358
-120.803,46.190,272.186,4017379
-120.664,46.398,272.269,4017400
-120.523,46.373,272.318,4017421
-120.668,46.698,272.195,4017442
-120.600,46.972,272.214,4017463
-120.878,47.208,271.967,4017484
-121.121,47.456,271.739,4017505
-121.276,47.386,271.577,4017526
-120.981,47.452,271.744,4017547
-121.219,47.587,271.537,4017568
-121.338,47.505,271.398,4017589
-121.081,47.407,271.544,4017610
-120.819,47.358,271.676,4017631
-120.732,47.548,271.697,4017652
-120.926,47.694,271.512,4017673
-120.821,47.826,271.523,4017694
-120.675,47.918,271.579,4017715
-120.855,47.748,271.356,4017736
-120.561,47.638,271.530,4017757
-120.508,47.314,271.503,4017778
-120.586,47.011,271.396,4017799
-120.544,46.674,271.403,4017820
-120.224,46.637,271.615,4017841
-120.025,46.714,271.744,4017862
-119.924,46.846,271.797,4017883
-120.088,46.802,271.651,4017904
-120.223,46.664,271.552,4017925
-120.423,46.633,271.390,4017946
-120.249,46.465,271.499,4017967
-120.096,46.294,271.606,4017988
-120.292,46.262,271.449,4018009
-119.996,46.209,271.661,4018030
-119.665,46.137,271.887,4018051
-119.368,46.212,272.064,4018072
-119.443,46.408,271.997,4018093
-119.321,46.584,272.062,4018114
-119.421,46.766,271.952,4018135
-119.558,46.909,271.821,4018156
-119.830,46.868,271.566,4018177
-119.928,46.617,271.446,4018198
-120.288,46.552,271.109,4018219
-120.610,46.411,270.796,4018240
-120.586,46.186,270.712,4018261
-120.554,46.288,270.604,4018282
-120.709,46.494,270.377,4018303
-120.944,46.774,270.072,4018324
-121.180,47.047,269.729,4018345
-121.177,47.310,269.555,4018366
-121.229,47.152,269.351,4018387
-120.951,47.074,269.356,4018408
-120.695,46.935,269.368,4018429
-120.567,46.732,269.278,4018450
-120.159,46.698,269.364,4018471
-119.763,46.701,269.444,4018492
-119.781,46.916,269.220,4018513
-119.643,47.210,269.322,4018534
-119.921,47.429,269.045,4018555
-120.139,47.697,268.832,4018576
-120.222,48.041,268.705,4018597
-120.062,47.957,268.760,4018618
-120.099,47.889,268.643,4018639
-119.748,47.947,268.787,4018660
-119.361,47.886,268.965,4018681
-119.080,48.074,269.041,4018702
-119.274,48.230,268.875,4018723
-119.179,48.487,268.916,4018744
-119.360,48.604,268.759,4018765
-119.539,48.602,268.609,4018786
-119.713,48.628,268.426,4018807
-119.587,48.384,268.557,4018828
-119.454,48.435,268.677,4018849
-119.328,48.110,268.768,4018870
-119.363,47.769,268.724,4018891
-119.248,47.671,268.819,4018912
-119.543,47.773,268.629,4018933
-119.739,47.858,268.513,4018954
-119.870,47.509,268.451,4018975
-120.254,47.502,268.193,4018996
-120.660,47.539,267.938,4019017
-120.882,47.181,267.801,4019038
-121.311,46.984,267.535,4019059
-121.323,46.976,267.558,4019080
-121.303,46.673,267.634,4019101
-121.194,46.628,267.769,4019122
-121.200,46.760,267.808,4019143
-121.525,46.796,267.604,4019164
-121.713,46.959,267.503,4019185
-121.666,47.153,267.558,4019206
-121.750,47.016,267.506,4019227
-121.600,46.821,267.645,4019248
-121.238,46.727,267.916,4019269
-120.876,46.715,268.195,4019290
-120.552,46.655,268.445,4019311
-120.189,46.715,268.759,4019332
-119.947,46.907,268.961,4019353
-119.959,47.003,268.980,4019374
-119.985,47.086,268.971,4019395
-120.018,47.150,268.959,4019416
-120.052,47.236,268.960,4019437
-119.602,47.158,269.318,4019458
-119.235,46.985,269.616,4019479
-119.197,46.910,269.664,4019500
-118.802,46.983,269.925,4019521
-118.368,47.042,270.235,4019542
-118.385,47.162,270.184,4019563
-118.341,47.332,270.146,4019584
-118.416,47.323,270.005,4019605
-118.373,47.448,269.935,4019626
-118.495,47.413,269.734,4019647
-118.324,47.138,269.722,4019668
-118.129,46.889,269.731,4019689
-118.326,46.755,269.521,4019710
-118.157,46.609,269.564,4019731
-118.011,46.574,269.564,4019752
-118.020,46.771,269.427,4019773
-118.021,46.926,269.284,4019794
-118.340,47.085,268.916,4019815
-118.674,47.261,268.510,4019836
-118.648,47.360,268.374,4019857
-118.565,47.360,268.305,4019878
-118.807,47.164,267.992,4019899
-119.074,46.999,267.651,4019920
-119.232,46.797,267.365,4019941
-119.503,46.557,267.009,4019962
-119.814,46.357,266.643,4019983
-120.307,46.481,266.137,4020004
-120.686,46.658,265.676,4020025
-121.168,46.737,265.167,4020046
-121.613,46.865,264.683,4020067
-121.797,46.982,264.403,4020088
-121.834,46.891,264.259,4020109
-121.851,46.773,264.138,4020130
-121.942,46.520,263.978,4020151
-122.043,46.229,263.799,4020172
-122.530,46.135,263.336,4020193
-122.851,46.284,262.975,4020214
-123.219,46.310,262.592,4020235
-123.559,46.424,262.214,4020256
-123.737,46.312,261.949,4020277
-123.924,46.321,261.681,4020298
-123.729,46.168,261.651,4020319
-123.331,46.301,261.730,4020340
-122.996,46.546,261.768,4020361
-122.495,46.660,261.911,4020382
-122.472,46.902,261.770,4020403
-121.907,46.951,262.029,4020424
-121.370,47.018,262.244,4020445
-121.001,47.275,262.368,4020466
-120.902,47.496,262.285,4020487
-120.691,47.340,262.266,4020508
-120.173,47.292,262.507,4020529
-119.704,47.187,262.692,4020550
-119.283,47.238,262.814,4020571
-118.980,46.995,262.866,4020592
-118.987,46.834,262.662,4020613
-118.706,46.955,262.655,4020634
-118.720,47.060,262.409,4020655
-118.773,46.971,262.120,4020677
-118.792,46.758,261.825,4020698
-118.395,46.518,261.817,4020719
-118.100,46.527,261.742,4020740
-118.231,46.355,261.418,4020761
-117.930,46.282,261.396,4020782
-118.102,46.060,261.058,4020803
-118.401,46.143,260.633,4020824
-118.730,46.133,260.214,4020845
-119.014,46.255,259.811,4020866
-119.085,46.363,259.582,4020887
-119.530,46.217,259.062,4020908
-119.613,45.998,258.803,4020929
-119.657,45.864,258.578,4020950
-119.910,46.028,258.188,4020971
-120.015,45.859,257.880,4020992
-120.056,45.810,257.584,4021013
-120.290,46.023,257.177,4021034
-120.737,46.169,256.596,4021055
-121.178,46.228,256.005,4021076
-121.554,46.288,255.484,4021097
-121.596,46.581,255.167,4021118
-121.705,46.489,254.803,4021139
-121.499,46.413,254.661,4021160
-121.266,46.425,254.527,4021181
-121.069,46.309,254.365,4021202
-121.121,46.157,254.003,4021223
-121.231,46.429,253.582,4021244
-121.525,46.573,253.034,4021265
-121.828,46.637,252.458,4021286
-121.820,46.857,252.088,4021307
-121.948,46.717,251.623,4021328
-122.070,46.578,251.151,4021349
-122.001,46.817,250.822,4021370
-121.834,46.946,250.523,4021391
-122.154,46.965,249.982,4021412
-122.207,47.273,249.585,4021433
-122.548,47.620,248.941,4021454
-122.888,47.907,248.288,4021475
-123.427,48.163,247.521,4021496
-123.882,48.288,246.770,4021517
-123.777,48.374,246.406,4021538
-123.665,48.411,246.083,4021559
-123.676,48.298,245.614,4021580
-123.571,48.423,245.206,4021601
-123.456,48.329,244.810,4021622
-123.251,48.255,244.436,4021643
-123.277,48.509,243.849,4021664
-123.544,48.706,243.083,4021685
-123.803,48.913,242.293,4021706
-123.903,49.186,241.620,4021727
-124.146,49.447,240.816,4021748
-124.073,49.280,240.274,4021769
-123.913,49.288,239.810,4021790
-123.881,49.128,239.264,4021811
-123.761,49.038,238.783,4021832
-123.751,48.867,238.200,4021853
-124.208,49.090,237.252,4021874
-124.622,49.294,236.327,4021895
-125.091,49.404,235.354,4021916
-125.444,49.266,234.471,4021937
-125.963,49.315,233.476,4021958
-126.118,49.023,232.757,4021979
-126.048,48.800,232.151,4022000
-126.002,48.851,231.526,4022021
-125.855,48.795,230.985,4022042
-125.655,48.587,230.436,4022063
-125.418,48.499,229.929,4022084
-125.158,48.379,229.448,4022105
-125.372,48.376,228.615,4022126
-125.530,48.395,227.817,4022147
-125.629,48.186,227.027,4022168
-125.799,48.087,226.165,4022189
-125.365,47.938,225.725,4022210
-124.960,47.851,225.240,4022231
-124.822,47.590,224.532,4022252
-124.416,47.470,224.009,4022273
-124.524,47.620,223.128,4022294
-124.513,47.833,222.320,4022315
-124.680,48.063,221.401,4022336
-124.760,47.959,220.524,4022357
-124.973,48.069,219.562,4022378
-124.901,48.393,218.807,4022399
-124.626,48.357,218.203,4022420
-124.256,48.523,217.675,4022441
-124.129,48.889,216.986,4022462
-123.898,48.850,216.385,4022483
-123.516,48.806,215.874,4022504
-123.522,49.028,215.089,4022525
-123.471,49.215,214.344,4022546
-123.263,49.592,213.687,4022567
-123.111,49.603,213.002,4022588
-122.568,49.618,212.617,4022609
-122.126,49.682,212.167,4022630
-121.555,49.997,212.112,4022651
-120.740,49.982,212.228,4022672
-120.099,49.858,212.238,4022693
-119.483,49.876,212.220,4022714
-119.535,49.828,211.687,4022735
-119.661,49.786,211.110,4022756
-119.842,49.718,210.489,4022777
-120.057,49.638,209.852,4022798
-119.816,49.583,209.565,4022819
-119.586,49.419,209.272,4022840
-119.428,49.213,208.925,4022861
-119.451,49.188,208.437,4022882
-119.449,48.998,207.954,4022903
-119.900,49.029,207.143,4022924
-120.462,49.000,206.211,4022945
-121.061,48.628,205.260,4022966
-121.738,48.395,204.261,4022987
-122.282,47.984,203.376,4023008
-122.755,47.493,202.557,4023029
-123.085,46.971,201.848,4023050
-123.273,46.544,201.250,4023071
-123.455,46.281,200.673,4023092
-123.792,45.768,199.983,4023113
-124.411,45.644,199.114,4023134
-124.885,45.642,198.346,4023155
-125.453,45.550,197.517,4023176
-125.822,45.258,196.863,4023197
-126.048,44.990,196.286,4023218
-126.431,45.165,195.627,4023239
-126.319,45.244,195.326,4023260
-126.146,45.254,195.086,4023281
-126.075,45.568,194.762,4023302
-125.979,45.502,194.488,4023323
-126.131,45.875,194.069,4023344
-126.313,46.006,193.694,4023365
-126.464,46.370,193.344,4023386
-126.537,46.484,193.061,4023407
-126.688,46.834,192.734,4023428
-126.280,46.972,192.839,4023449
-125.865,47.232,192.955,4023470
-125.481,47.586,193.069,4023491
-125.529,47.762,192.892,4023512
-125.064,47.990,193.088,4023533
-124.741,48.352,193.189,4023554
-124.812,48.593,193.003,4023575
-124.858,48.856,192.858,4023596
-124.908,48.898,192.731,4023617
-124.670,48.741,192.856,4023638
-124.473,48.959,192.943,4023659
-124.034,48.867,193.222,4023680
-124.036,48.992,193.196,4023701
-123.713,48.667,193.442,4023722
-123.359,48.568,193.691,4023743
-123.064,48.235,193.910,4023764
-123.272,47.991,193.732,4023785
-123.466,47.693,193.599,4023806
-123.763,47.513,193.389,4023827
-124.017,47.171,193.210,4023848
-124.444,47.079,192.887,4023869
-124.901,46.884,192.566,4023890
-125.390,46.905,192.207,4023911
-125.504,46.880,192.120,4023932
-125.622,46.883,192.021,4023953
-125.738,46.884,191.917,4023974
-125.782,46.856,191.854,4023995
-126.160,46.986,191.560,4024016
-126.453,46.791,191.286,4024037
-126.319,46.763,191.369,4024058
-126.580,46.570,191.169,4024079
-126.619,46.332,191.133,4024100
-126.445,46.366,191.230,4024121
-126.209,46.296,191.382,4024142
-126.432,46.428,191.174,4024163
-126.359,46.565,191.219,4024184
-126.347,46.765,191.190,4024205
-126.340,46.582,191.153,4024226
-126.373,46.442,191.103,4024247
-126.003,46.564,191.328,4024268
-125.577,46.463,191.620,4024289
-125.202,46.602,191.901,4024310
-125.157,46.876,191.931,4024331
-124.720,46.963,192.238,4024352
-124.358,47.183,192.478,4024373
-124.268,47.064,192.511,4024394
-124.141,47.369,192.553,4024415
-124.183,47.517,192.471,4024436
-124.163,47.485,192.420,4024457
-124.203,47.594,192.343,4024478
-124.083,47.467,192.364,4024499
-123.541,47.484,192.696,4024520
-123.118,47.586,192.918,4024541
-122.706,47.493,193.158,4024562
-122.444,47.354,193.260,4024583
-122.094,47.263,193.469,4024604
-122.181,47.520,193.342,4024625
-122.526,47.467,193.018,4024646
-122.969,47.487,192.611,4024667
-123.447,47.585,192.186,4024688
-123.888,47.523,191.801,4024709
-123.910,47.620,191.723,4024730
-123.991,47.781,191.607,4024751
-124.377,47.963,191.262,4024772
-124.429,48.130,191.171,4024793
-124.391,47.918,191.146,4024814
-124.764,48.053,190.799,4024835
-125.074,47.907,190.523,4024856
-125.068,48.030,190.453,4024877
-125.052,47.764,190.380,4024898
-125.230,47.554,190.206,4024919
-125.072,47.251,190.244,4024940
-124.867,47.235,190.292,4024961
-124.680,47.248,190.384,4024982
-124.414,47.171,190.496,4025003
-124.182,46.977,190.583,4025024
-124.140,47.049,190.533,4025045
-124.388,47.045,190.265,4025066
-124.631,46.914,189.983,4025087
-124.775,47.026,189.815,4025108
-124.879,46.867,189.681,4025129
-124.638,47.018,189.776,4025150
-124.315,47.049,189.928,4025171
-123.944,47.125,190.116,4025192
-123.800,46.948,190.132,4025213
-123.449,46.793,190.295,4025234
-123.329,47.053,190.281,4025255
-123.460,47.161,190.028,4025276
-123.456,47.054,189.931,4025297
-123.307,46.804,189.925,4025318
-123.351,46.674,189.733,4025339
-122.957,46.616,189.855,4025360
-122.685,46.696,189.870,4025381
-122.375,46.698,189.896,4025402
-122.306,46.855,189.750,4025423
-122.237,46.579,189.593,4025444
-122.231,46.783,189.368,4025465
-122.507,46.745,188.966,4025486
-122.802,46.739,188.566,4025507
-122.551,46.827,188.533,4025528
-122.706,46.762,188.237,4025549
-122.689,46.563,188.059,4025570
-122.584,46.777,187.973,4025591
-122.403,46.664,187.923,4025612
-122.719,46.819,187.498,4025633
-122.597,46.852,187.423,4025654
-122.897,46.769,187.034,4025675
-122.757,46.788,186.963,4025696
-123.135,46.806,186.522,4025717
-123.128,46.985,186.353,4025738
-123.503,46.993,185.919,4025759
-123.364,47.155,185.870,4025780
-123.202,47.323,185.861,4025801
-123.531,47.439,185.498,4025822
-123.333,47.411,185.515,4025843
-123.286,47.652,185.417,4025864
-123.540,47.790,185.091,4025885
-123.327,47.965,185.098,4025906
-123.532,47.977,184.797,4025927
-123.680,47.883,184.562,4025948
-123.768,47.676,184.355,4025969
-123.927,47.715,184.124,4025990
-123.919,47.412,183.996,4026011
-123.604,47.217,184.093,4026032
-123.446,46.787,184.088,4026053
-123.511,46.834,183.891,4026074
-123.382,46.821,183.817,4026095
-123.683,46.783,183.445,4026116
-123.849,46.446,183.178,4026137
-124.110,46.159,182.821,4026158
-124.013,46.107,182.731,4026179
-123.788,45.833,182.696,4026200
-123.728,45.499,182.545,4026221
-123.638,45.590,182.409,4026242
-123.496,45.656,182.313,4026263
-123.382,45.746,182.173,4026284
-123.349,45.870,181.964,4026305
-123.653,45.993,181.463,4026326
-123.957,45.922,180.960,4026347
-123.815,46.047,180.772,4026368
-124.060,45.951,180.324,4026389
-123.957,45.857,180.094,4026410
-124.331,45.932,179.521,4026431
-124.261,46.002,179.258,4026452
-124.240,46.194,178.979,4026473
-124.306,46.175,178.642,4026494
-124.537,46.556,178.164,4026515
-125.016,46.881,177.486,4026536
-125.518,46.965,176.798,4026557
-125.700,46.887,176.332,4026578
-126.171,47.001,175.627,4026599
-126.494,46.937,175.015,4026620
-126.557,47.239,174.582,4026641
-126.717,47.512,174.089,4026662
-127.038,47.724,173.458,4026683
-126.974,47.924,173.117,4026704
-126.966,48.104,172.721,4026725
-127.346,48.147,171.996,4026746
-127.286,47.930,171.610,4026767
-127.279,47.669,171.170,4026788
-127.386,47.402,170.649,4026809
-127.421,47.096,170.187,4026830
-127.640,46.870,169.586,4026851
-127.428,46.874,169.283,4026872
-127.562,46.632,168.704,4026893
-127.220,46.585,168.491,4026914
-127.083,46.678,168.100,4026935
-126.638,46.448,167.917,4026956
-126.658,46.208,167.404,4026977
-126.597,45.911,166.968,4026998
-126.190,45.811,166.756,4027019
-125.888,45.843,166.464,4027040
-125.583,45.805,166.189,4027061
-125.605,45.915,165.649,4027082
-125.267,45.731,165.398,4027103
-125.073,45.722,165.021,4027124
-125.330,45.615,164.295,4027145
-125.568,45.450,163.584,4027166
-125.657,45.115,162.969,4027187
-126.121,44.646,162.775,4027208
-126.495,44.109,162.636,4027229
-126.885,43.636,162.462,4027250
-127.030,43.477,162.437,4027271
-127.520,43.090,162.113,4027292
-127.669,43.253,161.821,4027313
-127.806,43.085,161.522,4027334
-127.724,43.257,161.376,4027355
-127.559,43.478,161.295,4027376
-127.688,43.487,161.019,4027397
-127.457,43.820,161.011,4027418
-127.228,43.867,161.190,4027439
-126.918,44.107,161.418,4027460
-126.616,44.453,161.630,4027481
-126.487,44.927,161.739,4027502
-126.201,45.336,161.952,4027523
-125.860,45.708,162.185,4027544
-125.867,46.148,162.159,4027565
-125.658,46.612,162.294,4027586
-125.764,46.795,162.169,4027607
-125.781,46.846,162.101,4027628
-125.866,46.969,161.938,4027649
-125.624,46.948,162.016,4027670
-125.767,47.026,161.784,4027691
-125.513,47.296,161.835,4027712
-125.282,47.591,161.879,4027733
-124.914,47.692,162.026,4027754
-124.597,47.920,162.115,4027775
-124.591,47.770,162.079,4027796
-124.421,47.575,162.165,4027817
-124.460,47.403,162.097,4027838
-124.519,47.189,161.999,4027859
-124.629,46.997,161.844,4027880
-124.352,46.925,161.965,4027901
-124.414,46.987,161.757,4027922
-124.282,46.968,161.701,4027943
-124.566,46.886,161.342,4027964
-124.559,46.862,161.236,4027985
-124.720,46.838,161.027,4028006
-124.597,46.724,161.028,4028027
-124.386,46.404,161.090,4028048
-124.639,46.126,160.787,4028069
-124.917,45.884,160.476,4028090
-125.233,45.775,160.133,4028111
-125.466,45.814,159.863,4028132
-125.273,45.707,159.903,4028153
-125.124,45.715,159.908,4028174
-124.914,45.541,159.963,4028195
-124.732,45.432,159.967,4028216
-124.982,45.289,159.671,4028237
