-117.250,45.119,94.845,3083872
-117.402,44.961,93.753,3083893
-117.529,44.736,92.654,3083914
-117.582,44.360,91.588,3083935
-117.695,44.046,90.451,3083956
-117.399,43.751,89.555,3083977
-117.318,43.521,89.509,3083998
-116.895,43.427,89.546,3084019
-116.536,43.386,89.525,3084040
-116.248,43.336,89.425,3084061
-115.981,43.391,89.293,3084082
-115.679,43.433,89.202,3084103
-115.592,43.298,88.926,3084124
-115.650,43.352,88.529,3084145
-115.791,43.374,88.239,3084166
-115.631,43.608,88.303,3084187
-115.441,43.749,88.334,3084208
-115.284,43.994,88.292,3084229
-115.263,44.301,88.142,3084250
-115.283,44.611,87.904,3084271
-115.006,44.738,87.844,3084292
-115.204,44.780,87.389,3084313
-115.377,44.823,86.909,3084334
-115.326,44.721,86.543,3084355
-115.451,45.026,86.043,3084376
-115.593,45.162,85.509,3084397
-115.399,45.317,85.565,3084418
-115.181,45.526,85.588,3084439
-114.947,45.703,85.586,3084460
-114.727,45.845,85.555,3084482
-114.994,45.904,85.151,3084503
-114.942,45.827,84.936,3084524
-115.186,45.825,84.478,3084545
-115.467,45.805,83.957,3084566
-115.366,45.887,83.872,3084587
-115.247,45.918,83.769,3084608
-115.205,46.093,83.589,3084629
-115.279,46.297,83.292,3084650
-115.285,46.447,82.978,3084671
-115.572,46.542,82.444,3084692
-115.774,46.359,81.958,3084713
-115.885,46.155,81.489,3084734
-115.887,45.828,81.049,3084755
-116.045,45.582,80.724,3084776
-115.847,45.579,80.637,3084797
-115.511,45.318,80.627,3084818
-115.187,45.305,80.563,3084839
-114.834,45.293,80.471,3084860
-114.853,45.105,80.096,3084881
-118.745,48.213,15.831,3087065
-118.760,48.164,15.912,3087086
-118.640,48.182,16.071,3087107
-118.499,48.177,16.248,3087128
-118.786,48.434,16.074,3087149
-119.062,48.614,15.894,3087170
-119.238,48.752,15.781,3087191
-119.136,48.798,15.842,3087212
-119.042,48.830,15.874,3087233
-118.872,48.418,15.949,3087254
-118.624,48.008,16.055,3087275
-118.234,47.621,16.239,3087296
-117.920,47.489,16.672,3087317
-118.095,47.516,16.729,3087338
-118.227,47.572,16.830,3087359
-118.360,47.512,16.892,3087380
-118.413,47.585,16.990,3087401
-118.573,47.460,17.005,3087422
-118.452,47.069,17.219,3087443
-118.280,46.692,17.442,3087464
-118.129,46.298,17.647,3087485
-117.939,45.982,17.848,3087506
-117.714,45.711,18.070,3087527
-117.554,45.609,18.264,3087548
-117.583,45.644,18.289,3087569
-117.871,45.646,18.137,3087590
-118.186,45.600,17.946,3087611
-118.516,45.608,17.728,3087632
-118.680,45.401,17.673,3087653
-119.047,45.462,17.468,3087674
-119.324,45.383,17.355,3087695
-119.660,45.565,17.212,3087716
-119.612,45.450,17.343,3087737
-119.757,45.801,17.371,3087758
-120.024,45.772,17.286,3087779
-120.192,46.107,17.261,3087800
-120.594,46.389,17.037,3087821
-121.013,46.642,16.791,3087842
-121.098,46.561,16.802,3087863
-120.974,46.675,16.942,3087884
-120.863,46.744,17.068,3087905
-120.662,46.818,17.269,3087926
-120.458,46.840,17.441,3087947
-120.307,47.030,17.570,3087968
-120.244,47.309,17.624,3087989
-120.360,47.531,17.540,3088010
-120.557,47.671,17.394,3088031
-120.576,47.886,17.395,3088052
-120.172,47.789,17.698,3088073
-119.911,47.531,17.921,3088094
-119.774,47.314,18.120,3088115
-119.523,47.186,18.523,3088136
-119.180,47.197,18.998,3088157
-119.326,47.368,19.082,3088178
-119.030,47.508,19.477,3088199
-119.086,47.688,19.628,3088220
-119.163,47.843,19.767,3088241
-118.769,47.875,20.263,3088262
-118.723,47.675,20.504,3088283
-118.542,47.382,20.824,3088304
-118.268,47.078,21.205,3088325
-117.907,46.810,21.647,3088346
-117.555,46.589,22.070,3088367
-117.645,46.464,22.176,3088388
-117.484,46.581,22.460,3088409
-117.488,46.725,22.601,3088430
-117.487,46.841,22.758,3088451
-117.392,46.971,22.990,3088472
-117.367,47.118,23.158,3088493
-117.146,46.831,23.459,3088514
-116.955,46.541,23.710,3088535
-116.692,46.276,24.006,3088556
-116.435,46.003,24.276,3088577
-116.178,46.045,24.527,3088598
-116.141,46.205,24.605,3088619
-116.144,46.367,24.628,3088640
-116.260,46.497,24.553,3088661
-116.311,46.658,24.534,3088682
-116.148,46.407,24.643,3088703
-116.217,46.119,24.560,3088724
-116.307,45.861,24.456,3088745
-116.132,45.737,24.522,3088766
-116.282,45.473,24.352,3088787
-116.362,45.590,24.220,3088808
-116.647,45.734,23.927,3088829
-116.957,45.891,23.609,3088850
-117.398,45.932,23.182,3088871
-117.740,46.079,22.813,3088892
-117.966,46.251,22.547,3088913
-118.007,46.036,22.428,3088934
-118.345,45.890,22.074,3088955
-118.721,45.812,21.683,3088976
-118.804,45.673,21.513,3088997
-118.704,45.704,21.512,3089018
-119.022,45.974,21.187,3089039
-119.366,46.236,20.822,3089060
-119.581,46.496,20.575,3089081
-119.879,46.582,20.268,3089102
-120.109,46.538,19.997,3089123
-119.955,46.411,20.037,3089144
-119.878,46.644,20.021,3089165
-119.662,46.579,20.123,3089186
-119.438,46.481,20.252,3089207
-119.180,46.458,20.400,3089228
-119.254,46.739,20.312,3089249
-119.074,46.955,20.409,3089270
-119.162,47.177,20.328,3089291
-119.204,47.405,20.277,3089312
-119.032,47.625,20.424,3089333
-118.723,47.448,20.658,3089354
-118.309,47.317,20.984,3089375
-118.132,47.086,21.133,3089396
-117.876,46.871,21.352,3089417
-117.533,46.678,21.641,3089438
-117.357,46.866,21.803,3089459
-117.350,47.018,21.843,3089480
-117.341,47.163,21.880,3089501
-117.433,47.198,21.852,3089522
-117.289,46.899,22.004,3089543
-117.302,46.686,22.060,3089564
-117.208,46.409,22.193,3089585
-116.918,46.432,22.485,3089606
-116.676,46.153,22.758,3089627
-116.747,45.915,22.793,3089648
-116.830,46.026,22.828,3089669
-116.940,46.162,22.834,3089690
-117.098,46.326,22.819,3089711
-117.306,46.495,22.740,3089732
-117.619,46.580,22.605,3089753
-117.477,46.551,22.769,3089774
-117.573,46.343,22.744,3089795
-117.493,46.227,22.855,3089816
-117.482,46.032,22.915,3089837
-117.318,46.025,23.109,3089858
-117.137,46.064,23.271,3089879
-117.194,46.298,23.256,3089900
-117.138,46.494,23.315,3089921
-117.391,46.672,23.139,3089942
-117.649,46.857,22.932,3089963
-117.578,46.637,22.982,3089984
-117.920,46.732,22.710,3090005
-117.788,46.631,22.773,3090026
-117.862,46.374,22.702,3090047
-117.758,46.194,22.729,3090068
-117.836,46.335,22.607,3090089
-118.094,46.402,22.325,3090110
-118.329,46.413,22.045,3090131
-118.562,46.391,21.768,3090152
-118.776,46.420,21.484,3090173
-118.773,46.191,21.386,3090194
-118.750,45.965,21.315,3090215
-118.523,45.996,21.388,3090236
-118.351,45.893,21.419,3090257
-118.159,45.969,21.458,3090278
-118.235,45.785,21.290,3090299
-118.337,46.021,21.112,3090320
-118.408,46.274,20.946,3090341
-118.671,46.397,20.631,3090362
-118.949,46.466,20.290,3090383
-118.969,46.289,20.141,3090404
-118.712,46.204,20.186,3090425
-118.528,46.335,20.155,3090446
-118.358,46.135,20.108,3090467
-118.107,46.033,20.101,3090488
-118.217,46.273,19.833,3090509
-118.432,46.479,19.508,3090530
-118.667,46.652,19.158,3090551
-118.948,46.803,18.779,3090572
-118.766,46.846,18.715,3090593
-118.569,46.627,18.635,3090614
-118.327,46.431,18.589,3090635
-118.322,46.144,18.393,3090656
-118.028,45.911,18.391,3090677
-117.722,45.687,18.376,3090698
-117.925,45.669,17.997,3090719
-118.037,45.770,17.675,3090740
-118.285,45.756,17.248,3090761
-118.529,45.756,16.817,3090782
-118.295,45.917,12.563,3091097
-118.050,45.784,12.420,3091118
-117.840,45.971,12.246,3091139
-117.894,46.241,11.875,3091160
-118.071,46.449,11.439,3091181
-118.253,46.657,10.997,3091202
-118.285,46.885,10.633,3091223
-118.571,46.946,10.461,3091244
-118.500,46.954,10.511,3091265
-118.357,47.128,10.563,3091286
-118.326,47.051,10.535,3091307
-118.411,46.950,10.413,3091328
-118.334,47.174,10.404,3091349
-118.561,47.420,10.150,3091370
-118.858,47.498,9.866,3091391
-119.159,47.478,9.549,3091412
-119.480,47.455,9.179,3091433
-119.257,47.321,9.210,3091454
-119.355,47.037,9.000,3091475
-119.161,47.016,9.006,3091496
-118.870,46.778,9.061,3091517
-118.508,46.502,9.164,3091538
-118.472,46.258,9.221,3091559
-118.667,46.414,9.089,3091580
-118.913,46.506,8.916,3091601
-119.113,46.593,8.793,3091622
-119.197,46.701,8.699,3091643
-119.232,46.386,8.617,3091664
-119.143,46.054,8.635,3091685
-119.395,45.840,8.472,3091706
-119.308,45.553,8.508,3091727
-119.128,45.421,8.589,3091748
-119.182,45.552,8.466,3091769
-119.277,45.685,8.320,3091790
-119.543,45.757,8.086,3091811
-119.785,45.890,7.851,3091832
-120.085,45.927,7.579,3091853
-119.934,46.013,7.630,3091874
-119.688,45.898,7.725,3091895
-119.539,45.912,7.806,3091916
-119.386,45.793,7.897,3091937
-119.339,45.585,7.879,3091958
-119.487,45.808,7.716,3091979
-119.623,46.028,7.522,3092000
-119.842,46.040,7.302,3092021
-119.999,46.256,7.096,3092042
-120.189,46.407,6.840,3092063
-120.121,46.292,6.785,3092084
-119.737,46.401,7.036,3092105
-119.293,46.482,7.309,3092126
-118.918,46.422,7.508,3092147
-118.523,46.440,7.792,3092168
-118.230,46.774,7.976,3092189
-118.094,47.107,8.040,3092210
-118.091,47.326,7.994,3092231
-117.784,47.176,8.146,3092252
-117.827,47.314,8.051,3092273
-117.872,47.287,7.923,3092294
-117.615,47.021,8.011,3092315
-117.534,47.232,8.087,3092336
-117.273,47.186,8.275,3092357
-116.992,47.107,8.471,3092378
-117.016,47.242,8.432,3092399
-117.304,47.066,8.193,3092420
-117.621,47.018,7.922,3092441
-117.462,46.907,7.986,3092462
-117.845,46.834,7.725,3092483
-117.898,46.462,7.680,3092504
-117.823,46.180,7.725,3092525
-117.758,45.858,7.751,3092546
-117.803,45.505,7.682,3092567
-117.722,45.199,7.731,3092588
-117.937,45.304,7.558,3092609
-118.233,45.345,7.336,3092630
-118.561,45.391,7.122,3092651
-118.834,45.546,6.936,3092672
-119.143,45.560,6.708,3092693
-119.315,45.415,6.564,3092714
-119.099,45.334,6.728,3092735
-118.873,45.354,6.874,3092756
-118.710,45.271,6.959,3092777
-118.457,45.424,7.119,3092798
-118.445,45.736,7.110,3092819
-118.388,46.056,7.121,3092840
-118.501,46.303,6.988,3092861
-118.636,46.508,6.853,3092882
-118.662,46.451,6.806,3092903
-118.238,46.501,7.082,3092924
-118.295,46.401,7.025,3092945
-118.083,46.614,7.155,3092966
-117.806,46.485,7.342,3092987
-117.511,46.443,7.529,3093008
-117.284,46.450,7.665,3093029
-117.477,46.570,7.482,3093050
-117.757,46.620,7.242,3093071
-118.061,46.715,6.969,3093092
-118.128,46.843,6.852,3093113
-118.260,46.561,6.682,3093134
-118.060,46.330,6.762,3093155
-117.967,46.006,6.736,3093176
-117.767,45.709,6.788,3093197
-117.524,45.414,6.867,3093218
-117.733,45.319,6.616,3093239
-117.649,45.365,6.610,3093260
-117.863,45.429,6.346,3093281
-118.078,45.498,6.099,3093302
-118.330,45.577,5.805,3093323
-118.106,45.561,5.858,3093344
-118.135,45.311,5.735,3093365
-117.938,45.368,5.742,3093386
-117.921,45.144,5.624,3093407
-117.928,44.967,5.480,3093428
-117.789,45.186,5.438,3093449
-118.012,45.486,5.149,3093470
-118.271,45.660,4.815,3093491
-118.515,45.845,4.495,3093512
-118.545,46.187,4.325,3093533
-118.797,46.375,3.956,3093554
-118.773,46.252,3.766,3093575
-118.691,46.119,3.614,3093596
-118.491,46.108,3.550,3093617
-118.336,46.042,3.439,3093638
-118.576,46.248,3.053,3093659
-118.918,46.214,2.585,3093680
-118.974,46.383,2.283,3093701
-119.106,46.522,1.917,3093722
-119.329,46.644,1.474,3093743
-119.143,46.592,1.303,3093764
-118.967,46.327,1.120,3093785
-119.064,46.040,0.730,3093806
-118.810,45.808,0.572,3093827
-118.597,45.527,0.388,3093848
-118.272,45.282,0.270,3093869
-118.305,45.341,359.884,3093890
-118.595,45.455,359.496,3093911
-118.838,45.560,359.127,3093932
-118.825,45.844,358.947,3093953
-119.045,45.904,358.582,3093974
-118.801,45.997,358.529,3093995
-118.588,45.855,358.463,3094016
-118.515,45.618,358.285,3094037
-118.329,45.548,358.185,3094058
-118.359,45.754,357.931,3094079
-118.589,45.923,357.499,3094100
-118.749,46.088,357.101,3094121
-118.923,46.201,356.715,3094142
-119.099,46.165,356.324,3094163
-118.759,46.012,356.281,3094184
-118.496,45.796,356.214,3094205
-118.569,45.708,355.890,3094226
-118.211,45.542,355.915,3094247
-117.842,45.484,355.927,3094268
-117.672,45.663,355.836,3094289
-117.732,45.902,355.572,3094310
-117.911,46.098,355.211,3094331
-118.099,46.261,354.842,3094352
-118.270,46.458,354.482,3094373
-118.073,46.462,354.375,3094394
-118.098,46.244,354.112,3094415
-117.963,46.262,353.975,3094436
-117.836,46.037,353.817,3094457
-117.655,45.897,353.686,3094478
-117.702,45.635,353.389,3094499
-117.981,45.771,352.935,3094520
-118.285,45.740,352.457,3094541
-118.528,45.893,352.017,3094562
-118.917,45.956,351.542,3094583
-119.154,45.862,351.150,3094604
-119.287,45.720,350.840,3094625
-119.215,45.951,350.664,3094646
-119.051,45.979,350.580,3094667
-118.902,45.963,350.426,3094688
-118.864,46.106,350.187,3094709
-119.218,46.401,349.673,3094730
-119.533,46.743,349.184,3094751
-119.963,47.004,348.584,3094772
-119.871,47.225,348.361,3094793
-120.242,47.272,347.782,3094814
-120.119,47.274,347.522,3094835
-119.985,47.384,347.262,3094856
-119.797,47.303,347.042,3094877
-119.651,47.373,346.798,3094898
-119.936,47.438,346.232,3094919
-120.224,47.430,345.670,3094940
-120.347,47.536,345.216,3094961
-120.538,47.498,344.717,3094982
-120.848,47.434,344.123,3095003
-121.095,47.260,343.557,3095024
-120.954,46.959,343.215,3095045
-121.064,46.703,342.678,3095066
-121.323,46.520,342.012,3095087
-121.083,46.404,341.715,3095108
-120.838,46.365,341.419,3095129
-120.945,46.516,340.838,3095150
-121.041,46.655,340.285,3095171
-121.220,46.445,339.635,3095192
-121.031,46.487,339.286,3095213
-120.777,46.489,338.951,3095234
-120.448,46.406,338.675,3095255
-120.101,46.314,338.388,3095276
-119.731,46.092,338.137,3095297
-119.331,45.895,337.878,3095318
-119.102,45.653,337.466,3095339
-119.160,45.688,336.857,3095360
-119.226,45.835,336.247,3095381
-119.277,45.927,335.607,3095402
-119.363,45.978,334.930,3095423
-119.510,46.178,334.185,3095444
-119.205,46.235,333.753,3095465
-118.918,46.370,333.300,3095486
-118.859,46.749,332.671,3095507
-118.658,46.952,332.117,3095528
-118.512,47.212,331.548,3095549
-118.844,47.512,330.581,3095570
-119.202,47.739,329.600,3095591
-119.529,47.839,328.635,3095612
-119.352,47.848,328.006,3095633
-119.651,48.053,327.050,3095654
-119.742,48.314,326.217,3095675
-119.673,48.456,325.507,3095696
-119.624,48.244,324.783,3095717
-119.494,48.081,324.109,3095738
-119.806,47.870,323.111,3095759
-120.185,47.726,322.058,3095780
-120.576,47.625,321.021,3095801
-120.985,47.477,319.962,3095822
-121.342,47.453,318.963,3095843
-121.482,47.099,318.139,3095864
-121.295,46.937,317.569,3095885
-121.062,46.688,317.022,3095906
-120.779,46.538,316.509,3095927
-120.453,46.356,316.051,3095948
-120.061,46.108,315.640,3095969
-119.886,46.160,315.095,3095990
-119.947,45.958,314.399,3096011
-120.048,45.870,313.683,3096032
-119.990,45.958,313.093,3096053
-120.142,45.842,312.363,3096074
-119.821,45.731,311.975,3096095
-119.542,45.735,311.582,3096116
-119.262,45.644,311.191,3096137
-118.989,45.629,310.786,3096158
-119.193,45.794,310.076,3096179
-119.402,45.795,309.355,3096200
-119.664,45.826,308.633,3096221
-119.960,45.985,307.905,3096242
-120.294,46.128,307.164,3096263
-120.558,46.189,306.483,3096284
-120.465,46.432,306.082,3096305
-120.368,46.599,305.713,3096326
-120.316,46.869,305.338,3096347
-120.269,46.993,304.947,3096368
-120.345,46.975,304.502,3096389
-120.794,47.311,303.772,3096410
-121.243,47.469,303.040,3096431
-121.593,47.491,302.379,3096452
-121.551,47.514,301.990,3096473
-121.917,47.494,301.322,3096494
-121.834,47.599,300.981,3096515
-121.820,47.771,300.614,3096536
-121.796,47.919,300.256,3096557
-121.637,47.823,300.003,3096578
-121.543,47.884,299.714,3096599
-121.783,47.671,299.163,3096620
-122.041,47.560,298.612,3096641
-122.227,47.392,298.125,3096662
-122.314,47.073,297.715,3096683
-122.241,46.661,297.423,3096704
-121.800,46.450,297.393,3096725
-121.413,46.037,297.306,3096746
-120.942,45.776,297.292,3096767
-120.919,45.734,296.956,3096788
-120.752,45.745,296.726,3096809
-120.503,45.582,296.195,3096851
-120.464,45.255,295.883,3096872
-120.145,44.951,295.784,3096893
-120.285,44.970,295.357,3096914
-120.016,44.742,295.219,3096935
-119.810,44.851,295.051,3096956
-119.589,44.993,294.878,3096977
-119.437,45.193,294.656,3096998
-119.535,45.110,294.261,3097019
-119.811,45.463,293.772,3097040
-120.054,45.915,293.311,3097061
-120.412,46.099,292.782,3097082
-120.773,46.290,292.274,3097103
-121.222,46.569,291.718,3097124
-121.191,46.902,291.506,3097145
-121.163,47.166,291.313,3097166
-121.147,47.435,291.103,3097187
-121.117,47.699,290.896,3097208
-121.176,47.989,290.649,3097229
-121.690,48.103,290.090,3097250
-122.234,48.307,289.507,3097271
-122.761,48.341,288.913,3097292
-123.143,48.232,288.404,3097313
-123.553,48.197,287.897,3097334
-123.513,48.276,287.681,3097355
-123.420,48.288,287.519,3097376
-123.614,45.747,266.500,3099665
-123.547,46.010,266.451,3099686
-123.477,46.256,266.394,3099707
-123.409,46.506,266.327,3099728
-123.436,46.783,266.165,3099749
-123.329,47.013,266.101,3099770
-123.316,46.860,265.961,3099791
-123.433,46.758,265.707,3099812
-123.531,46.662,265.484,3099833
-123.639,46.564,265.237,3099854
-123.249,46.416,265.323,3099875
-123.183,46.530,265.296,3099896
-122.894,46.551,265.383,3099917
-122.456,46.405,265.588,3099938
-122.389,46.428,265.503,3099959
-122.348,46.444,265.374,3099980
-122.270,46.086,265.257,3100001
-122.164,45.735,265.149,3100022
-122.017,45.392,265.061,3100043
-121.964,45.069,264.904,3100064
-121.627,44.807,264.922,3100085
-121.762,44.871,264.613,3100106
-121.419,44.753,264.652,3100127
-121.141,44.756,264.642,3100148
-121.085,44.926,264.454,3100169
-121.006,45.109,264.283,3100190
-121.128,44.960,263.989,3100211
-121.313,44.885,263.646,3100232
-121.520,44.828,263.283,3100253
-121.521,44.737,263.073,3100274
-121.386,44.864,262.938,3100295
-121.527,45.222,262.603,3100316
-121.589,45.534,262.318,3100337
-121.945,45.823,261.802,3100358
-122.057,46.141,261.437,3100379
-122.401,46.439,260.910,3100400
-122.737,46.413,260.377,3100421
-122.628,46.597,260.150,3100442
-122.843,46.520,259.707,3100463
-122.959,46.356,259.321,3100484
-123.133,46.210,258.893,3100505
-122.912,46.257,258.755,3100526
-122.916,46.454,258.435,3100547
-122.732,46.539,258.250,3100568
-122.923,46.688,257.796,3100589
-123.054,46.830,257.384,3100610
-123.165,46.769,256.984,3100631
-123.033,46.506,256.736,3100652
-122.871,46.222,256.522,3100673
-122.583,45.916,256.382,3100694
-122.189,45.620,256.305,3100715
-121.899,45.715,256.142,3100736
-121.486,45.691,256.070,3100757
-121.337,45.826,255.809,3100778
-120.973,45.773,255.701,3100799
-121.007,45.902,255.316,3100820
-121.017,45.681,254.958,3100841
-120.711,45.568,254.821,3100862
-120.934,45.449,254.357,3100883
-121.072,45.273,253.978,3100904
-121.335,45.220,253.508,3100925
-121.280,45.443,253.271,3100946
-121.184,45.647,253.069,3100967
-121.432,45.584,252.604,3100988
-121.536,45.860,252.236,3101009
-121.768,46.171,251.785,3101030
-122.046,46.091,251.294,3101051
-122.361,46.082,250.763,3101072
-122.394,45.952,250.422,3101093
-122.506,45.839,250.009,3101114
-122.400,45.721,249.750,3101135
-122.374,45.972,249.421,3101156
-122.365,46.209,249.062,3101177
-122.198,46.372,248.792,3101198
-122.261,46.617,248.340,3101219
-122.350,46.836,247.851,3101240
-122.453,46.646,247.370,3101262
-122.587,46.429,246.907,3101283
-122.640,46.157,246.503,3101304
-122.473,45.842,246.236,3101325
-122.250,45.886,245.999,3101346
-122.292,45.955,245.577,3101367
-121.940,45.772,245.486,3101388
-121.993,45.833,245.115,3101409
-122.067,45.561,244.704,3101430
-122.051,45.228,244.400,3101451
-122.031,44.929,244.111,3101472
-121.932,45.044,243.866,3101493
-121.703,44.910,243.733,3101514
-121.506,44.964,243.584,3101535
-121.322,45.029,243.405,3101556
-121.424,45.282,243.050,3101577
-121.698,45.475,242.535,3101598
-121.665,45.718,242.263,3101619
-121.783,46.015,241.883,3101640
-121.927,45.989,241.498,3101661
-121.935,45.887,241.207,3101682
-121.949,45.822,240.908,3101703
-121.779,45.981,240.724,3101724
-121.563,45.775,240.580,3101745
-121.156,45.823,240.574,3101766
-121.073,46.006,240.357,3101787
-121.159,45.908,239.999,3101808
-121.313,45.995,239.598,3101829
-121.152,46.109,239.419,3101850
-120.961,45.814,239.267,3101871
-120.819,45.527,239.079,3101892
-120.437,45.386,239.091,3101913
-120.488,45.243,238.790,3101934
-120.076,45.158,238.833,3101955
-120.017,45.390,238.599,3101976
-119.717,45.613,238.534,3101997
-119.561,45.869,238.360,3102018
-119.412,46.126,238.180,3102039
-119.303,46.367,237.944,3102060
-119.106,46.176,237.765,3102081
-119.045,46.004,237.493,3102102
-118.960,45.798,237.225,3102123
-118.936,45.614,236.924,3102144
-118.873,45.445,236.656,3102165
-118.811,45.589,236.347,3102186
-118.999,45.775,235.873,3102207
-118.949,45.960,235.578,3102228
-119.268,45.963,234.990,3102249
-119.622,46.038,234.371,3102270
-119.550,45.852,234.086,3102291
-119.593,46.036,233.698,3102312
-119.778,45.857,233.189,3102333
-119.826,45.678,232.812,3102354
-119.758,45.589,232.533,3102375
-120.001,45.822,232.035,3102396
-120.273,46.042,231.540,3102417
-120.492,46.296,231.047,3102438
-120.820,46.277,230.474,3102459
-120.948,46.522,230.063,3102480
-120.946,46.323,229.734,3102501
-121.175,46.208,229.237,3102522
-121.232,46.006,228.876,3102543
-121.266,45.783,228.539,3102564
-121.201,45.597,228.250,3102585
-121.235,45.808,227.857,3102606
-121.232,46.010,227.498,3102627
-121.383,45.784,226.987,3102648
-121.373,45.938,226.593,3102669
-121.593,46.137,226.050,3102690
-121.594,46.346,225.698,3102711
-121.678,46.139,225.295,3102732
-121.551,45.953,225.045,3102753
-121.304,45.901,224.855,3102774
-121.102,45.899,224.636,3102795
-121.296,46.039,224.123,3102816
-121.211,46.158,223.815,3102837
-121.471,46.175,223.243,3102858
-121.610,46.306,222.769,3102879
-121.775,46.152,222.260,3102900
-121.773,45.894,221.867,3102921
-121.790,45.632,221.442,3102942
-121.442,45.438,221.267,3102963
-121.494,45.194,220.819,3102984
-121.176,44.982,220.627,3103005
-120.959,45.039,220.346,3103026
-120.757,45.089,220.043,3103047
-120.491,45.122,219.775,3103068
-120.576,45.290,219.215,3103089
-120.513,45.495,218.768,3103110
-120.657,45.512,218.151,3103131
-120.575,45.355,217.704,3103152
-120.616,45.230,217.173,3103173
-120.622,45.125,216.681,3103194
-120.397,45.055,216.303,3103215
-120.176,45.251,215.943,3103236
-120.357,45.520,215.281,3103257
-120.532,45.808,214.655,3103278
-120.783,46.064,213.932,3103299
-121.014,46.264,213.209,3103320
-120.921,46.149,212.713,3103341
-120.677,46.286,212.322,3103362
-120.448,46.336,211.895,3103383
-120.245,46.316,211.466,3103404
-120.067,46.211,211.021,3103425
-120.088,46.432,210.418,3103446
-120.323,46.677,209.661,3103467
-120.702,46.778,208.800,3103488
-120.957,46.630,207.996,3103509
-121.168,46.815,207.204,3103530
-121.472,46.930,206.338,3103551
-121.508,46.643,205.663,3103572
-121.457,46.372,205.047,3103593
-121.533,46.080,204.335,3103614
-121.403,45.809,203.780,3103635
-121.264,45.830,203.225,3103656
-121.406,45.938,202.493,3103677
-121.396,45.999,201.872,3103698
-121.337,45.652,201.270,3103719
-121.639,45.499,200.387,3103740
-121.869,45.249,199.543,3103761
-121.896,44.890,198.812,3103782
-121.586,44.729,198.280,3103803
-121.338,44.388,197.669,3103824
-121.035,44.235,197.069,3103845
-120.791,43.929,196.417,3103866
-120.886,44.018,195.474,3103887
-121.042,44.088,194.511,3103908
-121.271,44.142,193.466,3103929
-121.265,44.264,192.560,3103950
-121.549,44.248,191.451,3103971
-121.364,44.072,190.685,3103992
-121.147,43.935,189.927,3104013
-120.916,43.896,189.174,3104034
-120.713,43.808,188.386,3104055
-120.930,43.853,187.332,3104076
-121.102,44.235,186.290,3104097
-121.187,44.669,185.305,3104118
-121.442,44.876,184.190,3104139
-121.575,45.323,183.150,3104160
-121.826,45.600,182.051,3104181
-121.686,45.581,181.221,3104202
-121.402,45.718,180.483,3104223
-121.170,45.709,179.696,3104244
-120.898,45.684,178.953,3104265
-120.626,45.659,178.167,3104286
-120.479,45.487,177.321,3104307
-120.479,45.705,176.384,3104328
-120.695,45.541,175.291,3104349
-120.950,45.510,174.144,3104370
-121.214,45.534,172.966,3104391
-121.145,45.184,172.029,3104412
-121.057,44.784,171.090,3104433
-120.763,44.506,170.276,3104454
-120.389,44.322,169.525,3104475
-120.363,44.325,168.506,3104496
-119.966,44.175,167.756,3104517
-120.405,44.046,166.286,3104538
-120.859,43.912,164.788,3104559
-121.202,43.702,163.367,3104580
-121.161,43.715,162.200,3104601
-120.984,43.635,161.126,3104622
-120.775,43.520,160.062,3104643
-120.529,43.424,159.006,3104664
-120.297,43.450,157.946,3104685
-120.272,43.174,156.726,3104706
-120.353,43.278,155.418,3104727
-120.465,43.288,154.068,3104748
-120.483,43.297,152.806,3104769
-120.496,43.387,151.513,3104790
-120.486,43.417,150.224,3104811
-120.430,43.416,148.956,3104832
-119.967,43.562,147.981,3104853
-119.511,43.779,146.988,3104874
-119.038,43.979,146.010,3104895
-118.558,44.175,145.047,3104916
-118.120,44.497,144.045,3104937
-116.876,44.690,144.310,3104958
-115.369,44.782,144.703,3104979
-114.009,45.206,144.971,3105000
-113.107,45.415,144.925,3105021
-111.798,45.619,145.121,3105042
-110.677,45.890,145.158,3105063
-109.701,46.172,145.060,3105084
-108.843,46.429,144.911,3105105
-108.178,46.702,144.591,3105126
-108.091,46.816,143.853,3105147
-108.122,46.977,143.035,3105168
-108.311,47.276,142.118,3105189
-108.570,47.341,141.178,3105210
-108.384,47.442,140.708,3105231
-107.900,47.625,140.463,3105252
-107.594,47.744,140.078,3105273
-107.078,47.860,139.911,3105294
-106.717,47.989,139.641,3105315
-106.279,48.051,139.473,3105336
-105.814,48.091,139.400,3105357
-105.834,47.888,138.972,3105378
-105.989,47.877,138.497,3105399
-105.774,47.951,138.296,3105420
-105.801,47.625,137.951,3105441
-105.963,47.739,137.520,3105462
-105.797,47.601,137.360,3105483
-105.673,47.520,137.186,3105504
-105.553,47.499,137.030,3105525
-105.447,47.224,136.882,3105546
-105.810,46.999,136.402,3105567
-106.216,46.841,135.878,3105588
-106.335,46.509,135.575,3105609
-106.747,46.414,135.060,3105630
-107.211,46.337,134.488,3105651
-107.598,46.310,134.002,3105672
-107.975,46.318,133.530,3105693
-107.994,46.388,133.266,3105714
-108.017,46.477,133.033,3105735
-108.046,46.590,132.768,3105756
-108.111,46.808,132.486,3105777
-108.642,46.844,131.846,3105798
-109.152,46.830,131.222,3105819
-109.604,46.692,130.631,3105840
-110.123,46.644,129.997,3105861
-110.521,46.478,129.413,3105882
-110.981,46.521,128.814,3105903
-111.011,46.587,128.493,3105924
-111.426,46.590,127.883,3105945
-111.414,46.638,127.593,3105966
-111.424,46.723,127.266,3105987
-111.447,46.853,126.921,3106008
-111.820,46.796,126.303,3106029
-112.033,46.569,125.803,3106050
-112.413,46.612,125.141,3106071
-112.744,46.454,124.510,3106092
-112.641,46.365,124.184,3106113
-112.661,46.411,123.764,3106134
-112.570,46.318,123.406,3106155
-112.537,46.266,122.984,3106176
-112.658,46.383,122.438,3106197
-112.986,46.210,121.723,3106218
-113.360,46.065,120.948,3106239
-113.797,46.032,120.096,3106260
-114.225,46.003,119.218,3106281
-114.443,45.779,118.474,3106302
-114.365,45.757,117.899,3106323
-114.263,45.789,117.311,3106344
-114.187,45.890,116.679,3106365
-114.123,45.919,116.015,3106386
-114.344,46.063,115.153,3106407
-114.659,45.932,114.197,3106428
-115.022,45.801,113.165,3106449
-115.188,45.447,112.230,3106470
-115.555,45.246,111.148,3106491
-115.980,45.063,109.981,3106512
-115.960,45.003,109.068,3106533
-115.982,45.028,108.099,3106554
-116.043,45.046,107.082,3106575
-116.057,44.971,106.051,3106596
-116.053,44.969,105.019,3106617
-116.134,44.742,103.879,3106638
-116.164,44.758,103.073,3106659
-116.378,44.691,102.658,3106680
-116.185,44.770,102.471,3106701
-116.391,44.759,101.949,3106722
-116.204,44.872,101.653,3106743
-115.945,44.965,101.343,3106764
-115.610,45.036,101.072,3106785
-115.446,45.241,100.618,3106806
-115.553,45.294,99.934,3106827
-115.714,45.142,99.561,3106848
-115.479,45.202,99.403,3106869
-115.512,44.919,99.007,3106890
-115.589,44.715,98.562,3106911
-115.714,44.611,98.054,3106932
-115.405,44.700,97.823,3106953
-115.095,44.847,97.577,3106974
-115.198,44.747,97.125,3106995
-114.952,44.856,97.049,3107016
-114.813,45.047,96.879,3107037
-114.535,45.052,96.763,3107058
-114.694,44.871,96.339,3107079
-114.869,44.695,95.889,3107100
-115.100,44.506,95.356,3107121
-115.405,44.397,94.751,3107142
-115.436,44.496,94.336,3107163
-115.535,44.580,93.995,3107184
-115.556,44.582,93.693,3107205
-119.984,44.233,74.648,3108150
-120.106,44.496,74.048,3108171
-119.837,44.515,73.709,3108192
-119.999,44.493,73.046,3108213
-119.856,44.760,72.575,3108234
-119.960,45.039,71.937,3108255
-119.751,45.245,71.497,3108276
-119.683,45.521,70.938,3108297
-119.447,45.417,70.515,3108318
-119.634,45.366,69.782,3108339
-119.811,45.328,69.065,3108360
-119.537,45.408,68.646,3108381
-119.448,45.249,68.081,3108402
-119.207,45.413,67.620,3108423
-119.129,45.682,67.057,3108444
-118.939,45.887,66.558,3108465
-119.148,45.961,65.775,3108486
-119.317,46.071,65.008,3108507
-119.075,45.850,64.523,3108528
-119.247,45.787,63.718,3108549
-119.195,45.524,63.086,3108570
-119.095,45.244,62.494,3108591
-119.095,45.383,61.824,3108612
-118.836,45.379,61.342,3108633
-118.689,45.478,60.775,3108654
-118.423,45.457,60.294,3108675
-118.329,45.176,59.677,3108696
-118.236,45.288,59.065,3108717
-118.361,45.066,58.283,3108738
-118.406,44.821,57.540,3108759
-118.716,44.738,56.619,3108780
-118.809,44.477,55.833,3108801
-118.636,44.453,55.243,3108822
-118.961,44.534,54.309,3108843
-119.064,44.694,53.527,3108864
-119.114,44.841,52.795,3108885
-119.123,44.993,52.072,3108906
-119.388,45.192,51.185,3108927
-119.318,44.989,50.549,3108948
-119.300,44.815,49.882,3108969
-119.203,44.664,49.290,3108990
-119.382,44.642,48.476,3109011
-119.232,44.511,47.928,3109032
-119.105,44.806,47.341,3109053
-119.196,45.113,46.619,3109074
-119.381,45.225,45.838,3109095
-119.203,45.459,45.319,3109116
-119.391,45.701,44.583,3109137
-119.341,45.576,44.011,3109158
-119.373,45.474,43.385,3109179
-119.117,45.613,42.983,3109200
-118.807,45.642,42.611,3109221
-118.480,45.733,42.268,3109242
-118.165,45.900,41.912,3109263
-118.086,46.236,41.407,3109284
-118.092,46.541,40.869,3109305
-118.090,46.802,40.307,3109326
-117.953,47.027,39.853,3109347
-118.025,46.919,39.267,3109368
-118.106,46.743,38.676,3109389
-117.973,46.425,38.285,3109410
-117.760,46.112,37.972,3109431
-117.496,45.910,37.695,3109452
-117.431,45.935,37.266,3109473
-117.719,45.733,36.612,3109494
-118.002,45.609,35.988,3109515
-118.063,45.669,35.529,3109536
-117.899,45.459,35.217,3109557
-117.978,45.141,34.728,3109578
-118.178,44.927,34.177,3109599
-118.351,44.651,33.665,3109620
-118.183,44.469,33.404,3109641
-118.467,44.484,32.827,3109662
-118.398,44.623,32.494,3109683
-118.678,44.725,31.925,3109704
-118.746,44.930,31.508,3109725
-119.043,44.982,30.935,3109746
-118.804,44.976,30.736,3109767
-119.066,45.084,30.220,3109788
-119.192,44.949,29.754,3109809
-118.978,44.995,29.538,3109830
-118.757,45.017,29.331,3109851
-118.599,45.060,29.097,3109872
-118.574,45.233,28.770,3109893
-118.815,45.479,28.265,3109914
-119.209,45.608,27.659,3109935
-119.618,45.724,27.063,3109956
-120.032,45.806,26.465,3109977
-119.926,45.788,26.251,3109998
-120.238,45.710,25.749,3110019
-120.236,45.558,25.457,3110040
-120.120,45.700,25.251,3110061
-119.961,45.689,25.097,3110082
-120.065,45.517,24.745,3110103
-120.323,45.765,24.267,3110124
-120.599,45.952,23.802,3110145
-120.673,46.201,23.488,3110166
-120.917,46.123,23.051,3110187
-120.849,45.945,22.838,3110208
-120.705,45.770,22.695,3110229
-120.492,45.655,22.625,3110250
-120.707,45.798,22.214,3110271
-120.711,45.618,21.981,3110292
-120.445,45.782,21.941,3110313
-120.264,46.012,21.847,3110334
-120.329,46.034,21.592,3110355
-120.386,46.153,21.363,3110376
-120.041,46.353,21.448,3110397
-119.559,46.289,21.624,3110418
-119.101,46.175,21.800,3110439
-118.961,45.997,21.764,3110460
-118.503,46.009,21.973,3110481
-118.057,45.892,22.181,3110502
-117.656,46.010,22.363,3110523
-117.641,46.183,22.292,3110544
-117.709,46.329,22.166,3110565
-117.847,46.382,21.995,3110586
-117.648,46.594,22.046,3110607
-117.827,46.577,21.819,3110628
-118.047,46.554,21.601,3110649
-117.784,46.465,21.714,3110670
-117.551,46.374,21.832,3110691
-117.361,46.238,21.904,3110712
-117.295,46.407,21.892,3110733
-117.490,46.607,21.716,3110754
-117.767,46.685,21.446,3110775
-118.025,46.770,21.224,3110796
-118.326,46.822,20.979,3110817
-118.416,46.634,20.893,3110838
-118.288,46.470,20.960,3110859
-118.920,46.676,20.839,3110880
-119.060,46.803,21.080,3110901
-119.198,46.855,21.313,3110922
-119.549,47.261,21.348,3110943
-119.961,47.653,21.349,3110964
-120.281,48.012,21.394,3110985
-120.689,48.128,21.351,3111006
-121.062,48.284,21.322,3111027
-120.870,48.275,21.698,3111048
-120.659,48.094,22.083,3111069
-120.400,48.054,22.495,3111090
-120.057,47.875,22.967,3111111
-119.674,47.570,23.450,3111132
-119.779,47.677,23.664,3111153
-119.483,47.676,24.153,3111174
-119.482,47.688,24.424,3111195
-119.569,47.476,24.690,3111216
-119.563,47.494,24.997,3111237
-119.168,47.269,25.586,3111258
-118.801,47.100,26.176,3111279
-118.813,46.743,26.455,3111300
-118.556,46.373,26.945,3111321
-118.275,46.036,27.453,3111342
-118.355,46.092,27.713,3111363
-118.556,46.054,27.842,3111384
-118.702,46.104,28.038,3111405
-118.891,46.140,28.188,3111426
-119.055,46.203,28.344,3111447
-119.081,45.913,28.613,3111468
-118.853,45.708,29.067,3111489
-118.661,45.692,29.493,3111510
-118.593,45.444,29.809,3111531
-118.603,45.223,30.047,3111552
-118.515,45.386,30.323,3111573
-118.819,45.574,30.309,3111594
-119.137,45.764,30.266,3111615
-119.490,45.930,30.227,3111636
-119.365,45.981,30.488,3111657
-119.718,46.182,30.376,3111678
-119.591,46.167,30.600,3111699
-119.517,46.060,30.787,3111720
-119.322,46.230,31.056,3111741
-119.225,46.120,31.254,3111762
-119.420,46.137,31.235,3111783
-119.443,46.460,31.334,3111804
-119.466,46.782,31.440,3111825
-119.586,47.041,31.470,3111846
-119.758,47.226,31.460,3111867
-119.639,47.437,31.613,3111888
-119.313,47.410,31.905,3111909
-119.024,47.287,32.170,3111930
-118.723,47.283,32.428,3111951
-118.622,47.002,32.516,3111972
-118.661,47.215,32.601,3111993
-118.873,47.349,32.552,3112014
-119.141,47.444,32.456,3112035
-119.377,47.373,32.339,3112056
-119.595,47.304,32.235,3112077
-119.635,47.058,32.251,3112098
-119.489,46.797,32.435,3112119
-119.206,46.710,32.716,3112140
-118.986,46.644,32.903,3112161
-118.800,46.361,33.050,3112182
-118.942,46.115,32.964,3112203
-118.977,46.243,32.927,3112224
-119.054,46.328,32.863,3112245
-119.219,46.333,32.720,3112266
-119.328,46.361,32.635,3112287
-119.013,46.065,32.810,3112308
-118.927,45.731,32.873,3112329
-118.688,45.480,33.038,3112350
-118.824,45.260,32.930,3112371
-118.758,44.979,32.977,3112392
-118.599,45.007,33.067,3112413
-118.568,45.160,33.089,3112434
-118.798,45.348,32.913,3112455
-119.111,45.471,32.685,3112476
-119.433,45.613,32.418,3112497
-119.355,45.722,32.446,3112518
-119.206,45.572,32.529,3112539
-119.456,45.455,32.309,3112560
-119.411,45.301,32.294,3112581
-119.321,45.187,32.329,3112602
-119.463,45.455,32.167,3112623
-119.642,45.697,31.993,3112644
-119.960,45.911,31.704,3112665
-120.268,46.080,31.421,3112686
-120.480,46.312,31.222,3112707
-120.334,46.135,31.271,3112728
-120.154,46.012,31.322,3112749
-120.092,45.839,31.287,3112770
-119.742,45.793,31.470,3112791
-119.518,45.593,31.528,3112812
-119.289,45.810,31.605,3112833
-119.188,46.026,31.560,3112854
-119.250,46.126,31.401,3112875
-119.337,46.233,31.203,3112896
-119.390,46.403,31.000,3112917
-119.097,46.481,31.041,3112938
-118.875,46.203,31.005,3112959
-118.573,45.942,31.035,3112980
-118.214,45.777,31.062,3113001
-117.928,45.548,31.045,3113022
-117.549,45.431,31.093,3113043
-117.335,45.526,30.972,3113064
-117.388,45.645,30.656,3113085
-117.437,45.788,30.355,3113106
-117.602,45.788,29.952,3113127
-117.284,45.788,29.886,3113148
-116.957,45.632,29.811,3113169
-117.161,45.638,29.333,3113190
-117.254,45.429,28.901,3113211
-117.127,45.206,28.611,3113232
-117.336,45.394,28.062,3113253
-117.612,45.557,27.496,3113274
-117.926,45.699,26.882,3113295
-118.312,45.820,26.210,3113316
-118.645,45.976,25.568,3113337
-118.531,45.835,25.261,3113358
-118.463,45.653,24.902,3113379
-118.472,45.463,24.461,3113400
-118.330,45.424,24.152,3113421
-118.381,45.273,23.722,3113442
-118.270,45.438,23.387,3113463
-118.534,45.702,22.777,3113484
-118.860,45.949,22.130,3113505
-119.007,46.255,21.608,3113526
-119.332,46.449,20.952,3113547
-119.406,46.341,20.467,3113568
-119.314,46.239,20.112,3113589
-119.305,46.167,19.708,3113610
-119.373,46.534,19.233,3113631
-119.164,46.457,18.985,3113652
-119.140,46.788,18.590,3113673
-119.170,47.083,18.149,3113694
-119.354,47.317,17.625,3113715
-119.650,47.383,17.014,3113736
-119.618,47.570,16.644,3113757
-119.417,47.594,16.383,3113778
-119.332,47.322,16.027,3113799
-119.157,47.085,15.737,3113820
-118.917,46.995,15.476,3113841
-118.698,46.767,15.199,3113862
-118.892,46.522,14.608,3113883
-119.342,46.936,14.128,3113904
-119.889,47.282,13.548,3113925
-120.419,47.507,12.964,3113946
-120.878,47.739,12.419,3113967
-121.199,47.649,11.989,3113988
-121.570,48.060,11.668,3114009
-121.836,48.032,11.418,3114030
-121.942,48.221,11.287,3114051
-122.036,48.262,11.141,3114072
-122.571,48.282,10.618,3114093
-123.104,48.550,10.117,3114114
-123.649,48.646,9.575,3114135
-124.101,48.724,9.093,3114156
-124.493,49.009,8.697,3114177
-124.378,49.040,8.700,3114198
-124.332,48.850,8.635,3114219
-124.769,48.863,8.248,3114240
-124.647,48.909,8.292,3114261
-124.441,48.750,8.390,3114282
-124.697,49.005,8.164,3114303
-124.998,49.199,7.889,3114324
-124.845,49.085,7.938,3114345
-125.247,49.167,7.545,3114366
-125.644,49.082,7.160,3114387
-125.502,48.815,7.195,3114408
-125.386,48.470,7.212,3114429
-125.199,48.436,7.275,3114450
-125.055,48.101,7.313,3114471
-125.071,47.766,7.227,3114492
-124.855,47.501,7.329,3114513
-125.074,47.491,7.091,3114534
-125.212,47.547,6.929,3114555
-124.912,47.346,7.113,3114576
-124.963,47.419,7.016,3114597
-124.853,47.530,7.046,3114618
-124.328,47.350,7.376,3114639
-123.845,47.182,7.677,3114660
-123.489,46.899,7.894,3114681
-122.922,46.815,8.245,3114702
-122.283,46.747,8.647,3114723
-122.154,46.786,8.673,3114744
-121.954,46.945,8.705,3114765
-121.763,47.047,8.767,3114786
-121.509,47.195,8.883,3114807
-121.164,46.964,9.060,3114828
-120.479,46.799,9.480,3114849
-119.770,46.601,9.941,3114870
-119.056,46.423,10.406,3114891
-118.410,46.158,10.818,3114912
-117.985,46.292,11.048,3114933
-117.716,46.404,11.174,3114954
-117.547,46.521,11.233,3114975
-117.402,46.660,11.247,3114996
-117.355,46.608,11.168,3115017
-117.345,46.599,11.059,3115038
-116.934,46.353,11.196,3115059
-116.463,46.361,11.355,3115080
-116.050,46.141,11.436,3115101
-115.698,45.887,11.447,3115122
-115.407,45.874,11.383,3115143
-115.399,45.983,11.091,3115164
-115.709,46.035,10.562,3115185
-116.075,46.023,9.970,3115206
-116.456,46.072,9.366,3115227
-116.500,45.799,8.957,3115248
-116.680,45.514,8.444,3115269
-116.692,45.425,8.006,3115290
-116.902,45.195,7.425,3115311
-117.005,45.044,6.883,3115332
-117.527,45.236,6.020,3115353
-118.108,45.394,5.121,3115374
-118.672,45.577,4.187,3115395
-119.267,45.578,3.235,3115416
-119.858,45.735,2.287,3115437
-120.469,45.820,1.311,3115458
-120.757,45.596,0.529,3115479
-120.835,45.519,359.899,3115500
-120.910,45.579,359.265,3115521
-120.968,45.647,358.637,3115542
-121.334,45.884,357.761,3115563
-121.582,46.159,356.949,3115584
-121.863,46.458,356.085,3115605
-122.262,46.804,355.115,3115626
-122.828,46.906,353.990,3115647
-122.977,47.017,353.143,3115668
-123.015,47.224,352.369,3115689
-123.070,47.558,351.544,3115710
-123.138,47.620,350.688,3115731
-123.094,47.878,349.892,3115752
-123.563,48.241,348.713,3115773
-124.038,48.422,347.507,3115794
-124.523,48.543,346.291,3115815
-124.887,48.503,345.166,3115836
-125.285,48.566,344.008,3115857
-125.128,48.368,343.289,3115878
-124.929,48.411,342.597,3115899
-124.705,48.194,341.900,3115920
-124.395,48.006,341.254,3115941
-124.114,47.767,340.559,3115962
-124.050,47.957,339.712,3115983
-123.918,48.124,338.869,3116004
-123.926,48.124,337.902,3116025
-123.705,47.881,337.098,3116046
-123.645,47.800,336.154,3116067
-123.109,47.692,335.538,3116088
-122.605,47.563,334.893,3116109
-122.629,47.528,333.843,3116130
-122.133,47.425,333.177,3116151
-121.610,47.365,332.491,3116172
-121.122,47.380,331.764,3116193
-121.104,47.458,330.668,3116214
-121.031,47.603,329.592,3116235
-121.038,47.750,328.433,3116256
-120.558,47.711,327.637,3116277
-120.501,47.588,326.510,3116298
-120.182,47.549,325.572,3116319
-119.912,47.518,324.620,3116340
-119.786,47.821,323.573,3116361
-120.086,48.039,322.222,3116382
-120.365,48.080,320.884,3116403
-120.744,48.188,319.470,3116424
-121.153,48.386,318.031,3116445
-121.546,48.458,316.584,3116466
-121.562,48.368,315.426,3116487
-121.526,48.544,314.295,3116508
-121.482,48.553,313.165,3116529
-121.591,48.760,311.935,3116550
-121.773,48.619,310.673,3116571
-121.811,48.810,309.502,3116592
-121.751,48.673,308.423,3116613
-122.254,48.673,306.933,3116634
-122.668,48.535,305.535,3116655
-123.087,48.358,304.116,3116676
-123.251,47.974,302.900,3116697
-123.122,47.758,301.893,3116718
-123.000,47.406,300.878,3116739
-123.201,47.394,299.591,3116760
-123.084,47.252,298.574,3116781
-123.129,47.201,297.422,3116802
-123.465,46.989,296.061,3116823
-123.745,46.654,294.747,3116844
-124.004,46.317,293.481,3116865
-124.305,45.993,292.187,3116886
-124.582,45.686,290.929,3116907
-124.404,45.565,290.011,3116928
-124.674,45.482,288.793,3116949
-124.928,44.483,275.725,3117432
-125.035,44.616,275.739,3117453
-125.312,44.464,275.618,3117474
-125.590,44.428,275.469,3117495
-125.501,44.243,275.583,3117516
-125.692,44.215,275.490,3117537
-125.423,44.408,275.712,3117558
-125.106,44.638,275.961,3117579
-124.843,44.984,276.167,3117600
-124.546,45.326,276.407,3117621
-124.332,45.735,276.552,3117642
-124.446,46.052,276.459,3117663
-124.409,46.080,276.474,3117684
-124.376,46.145,276.452,3117705
-124.263,46.159,276.504,3117726
-124.173,46.466,276.813,3117747
-123.865,46.426,277.259,3117768
-123.654,46.636,277.636,3117789
-123.825,46.785,277.711,3117810
-123.559,46.944,278.063,3117831
-123.287,47.049,278.405,3117852
-122.958,47.059,278.776,3117873
-123.093,47.001,278.794,3117894
-123.131,46.845,278.881,3117915
-123.049,46.590,279.041,3117936
-122.701,46.431,279.394,3117957
-122.808,46.264,279.389,3117978
-122.505,46.267,279.680,3117999
-122.311,46.303,279.857,3118020
-122.075,46.259,280.048,3118041
-122.036,46.287,280.096,3118062
-122.005,45.880,280.092,3118083
-122.111,45.591,279.964,3118104
-122.183,45.259,279.832,3118125
-122.304,44.945,279.818,3118146
-122.274,45.001,279.893,3118167
-122.081,44.944,280.036,3118188
-121.987,44.959,280.091,3118209
-121.897,44.705,280.124,3118230
-121.951,44.858,280.031,3118251
-121.945,45.000,279.976,3118272
-122.294,44.950,279.664,3118293
-122.741,45.030,279.251,3118314
-123.099,44.999,278.902,3118335
-123.459,45.029,278.515,3118356
-123.476,45.229,278.479,3118377
-123.407,45.247,278.494,3118398
-123.554,45.634,278.325,3118419
-123.494,45.885,278.299,3118440
-123.603,46.241,278.239,3118461
-123.674,46.625,278.177,3118482
-123.708,46.587,278.147,3118503
-123.923,46.648,277.978,3118524
-124.120,46.639,277.867,3118545
-124.367,46.686,277.696,3118566
-124.379,46.576,277.670,3118587
-124.231,46.837,277.733,3118608
-124.326,47.057,277.585,3118629
-124.212,47.282,277.609,3118650
-123.990,47.410,277.720,3118671
-123.701,47.467,277.862,3118692
-123.784,47.531,277.740,3118713
-123.579,47.216,277.811,3118734
-123.515,46.911,277.787,3118755
-123.195,46.546,277.950,3118776
-123.093,46.238,277.943,3118797
-122.688,46.201,278.160,3118818
-122.373,46.179,278.321,3118839
-122.079,46.146,278.443,3118860
-121.825,46.154,278.534,3118881
-121.747,46.189,278.491,3118902
-121.853,45.992,278.297,3118923
-121.572,45.630,278.395,3118944
-121.552,45.295,278.298,3118965
-121.476,44.988,278.264,3118986
-121.504,44.791,278.121,3119007
-121.240,44.856,278.191,3119028
-120.982,44.985,278.244,3119049
-121.119,45.181,278.000,3119070
-120.908,45.317,277.999,3119091
-120.783,45.530,277.942,3119112
-120.599,45.680,277.872,3119133
-120.706,45.575,277.591,3119154
-120.919,45.570,277.207,3119175
-120.886,45.469,276.999,3119196
-121.185,45.582,276.555,3119217
-121.135,45.948,276.366,3119238
-121.060,46.284,276.188,3119259
-121.307,46.327,275.784,3119280
-121.267,46.623,275.599,3119301
-121.432,46.982,275.246,3119322
-121.770,46.984,274.776,3119343
-122.129,47.008,274.309,3119364
-122.409,46.963,273.875,3119385
-122.670,46.915,273.475,3119406
-122.883,46.820,273.122,3119427
-122.698,46.840,273.031,3119448
-122.477,46.938,272.935,3119469
-122.319,47.084,272.763,3119490
-122.071,47.196,272.636,3119511
-121.910,47.340,272.434,3119532
-121.962,47.513,272.086,3119553
-122.109,47.398,271.658,3119574
-121.895,47.368,271.674,3119595
-121.892,47.082,271.524,3119616
-121.888,46.825,271.382,3119637
-121.623,46.563,271.394,3119658
-121.257,46.326,271.502,3119679
-120.974,46.409,271.525,3119700
-120.801,46.575,271.480,3119721
-120.954,46.646,271.205,3119742
-121.064,46.696,270.969,3119763
-120.666,46.750,271.125,3119784
-120.673,46.667,270.957,3119805
-120.596,46.516,270.831,3119826
-120.531,46.354,270.683,3119847
-120.430,46.645,270.582,3119868
-120.344,46.921,270.443,3119889
-120.170,47.180,270.350,3119910
-119.790,47.371,270.423,3119931
-119.495,47.534,270.554,3119952
-119.252,47.731,270.640,3119973
-119.287,47.650,270.536,3119994
-119.319,47.571,270.393,3120015
-119.148,47.384,270.375,3120036
-118.804,47.212,270.463,3120057
-118.556,47.338,270.530,3120078
-118.334,47.483,270.559,3120099
-118.174,47.585,270.549,3120120
-118.468,47.669,270.180,3120141
-118.337,47.779,270.123,3120162
-118.587,47.644,269.763,3120183
-118.862,47.525,269.403,3120204
-119.093,47.339,269.072,3120225
-119.091,47.047,268.897,3120246
-118.918,46.801,268.839,3120267
-118.696,46.679,268.801,3120288
-118.498,46.397,268.721,3120309
-118.587,46.543,268.443,3120330
-118.662,46.713,268.156,3120351
-118.870,46.877,267.759,3120372
-118.962,46.622,267.443,3120393
-119.190,46.459,266.989,3120414
-119.290,46.248,266.621,3120435
-119.586,46.136,266.124,3120456
-119.446,45.935,265.909,3120477
-119.545,46.119,265.518,3120498
-119.488,46.301,265.229,3120519
-119.447,46.483,264.898,3120540
-119.252,46.631,264.675,3120561
-118.982,46.764,264.504,3120582
-119.033,46.625,264.112,3120603
-118.713,46.717,263.967,3120624
-118.795,46.649,263.498,3120645
-119.000,46.733,262.955,3120666
-118.749,46.663,262.726,3120687
-118.521,46.865,262.460,3120708
-118.689,47.088,261.893,3120729
-118.627,47.328,261.496,3120750
-118.645,47.544,261.045,3120771
-118.619,47.721,260.623,3120792
-118.860,47.582,260.007,3120813
-119.004,47.359,259.461,3120834
-119.134,47.131,258.933,3120855
-119.161,46.888,258.491,3120876
-119.101,46.665,258.127,3120897
-119.395,46.767,257.511,3120918
-119.314,46.991,257.204,3120939
-119.174,47.152,256.926,3120960
-119.370,47.427,256.429,3120981
-119.221,47.622,256.199,3121002
-119.003,47.560,256.002,3121023
-119.136,47.414,255.573,3121044
-118.935,47.234,255.368,3121065
-118.694,47.033,255.217,3121086
-118.704,46.795,254.892,3121107
-118.828,46.903,254.513,3121128
-118.600,46.979,254.388,3121149
-118.697,46.839,254.026,3121170
-118.401,46.829,253.960,3121191
-118.098,46.780,253.883,3121212
-118.210,46.550,253.495,3121233
-118.347,46.399,253.090,3121254
-118.349,46.022,252.778,3121275
-118.151,45.607,252.584,3121296
-117.871,45.251,252.435,3121317
-117.572,45.141,252.306,3121338
-117.407,45.108,252.055,3121359
-117.658,44.928,251.535,3121380
-117.773,45.042,251.086,3121401
-117.971,45.177,250.603,3121422
-118.128,44.937,250.132,3121443
-118.142,44.713,249.764,3121464
-118.341,44.602,249.281,3121485
-118.470,44.471,248.846,3121506
-118.517,44.332,248.471,3121527
-118.738,44.461,247.973,3121548
-118.587,44.759,247.730,3121569
-118.573,45.096,247.395,3121590
-122.527,45.692,210.972,3122661
-122.805,45.995,209.667,3122682
-122.890,46.020,208.500,3122703
-122.717,46.019,207.503,3122724
-122.515,46.165,206.503,3122745
-122.676,46.116,205.230,3122766
-123.583,46.725,204.369,3122787
-124.144,47.484,203.692,3122808
-124.859,48.216,202.870,3122829
-125.225,48.429,202.240,3122850
-125.588,48.816,201.577,3122871
-126.163,49.063,200.700,3122892
-126.376,48.799,200.075,3122913
-126.601,48.403,199.417,3122934
-126.498,48.207,198.946,3122955
-126.721,47.802,198.211,3122976
-127.156,47.636,197.818,3122997
-127.433,47.655,197.481,3123018
-128.005,47.648,196.877,3123039
-128.245,47.591,196.518,3123060
-128.601,47.392,196.025,3123081
-128.798,47.027,195.634,3123102
-128.528,46.449,195.581,3123123
-128.039,45.898,195.668,3123144
-127.486,45.349,195.792,3123165
-126.813,44.897,195.999,3123186
-126.062,44.563,196.243,3123207
-125.487,44.399,196.338,3123228
-124.925,44.235,196.434,3123249
-124.366,43.700,196.505,3123270
-123.708,43.563,196.625,3123291
-123.130,43.130,196.662,3123312
-122.469,42.638,196.738,3123333
-121.483,42.335,197.007,3123354
-120.573,41.922,197.200,3123375
-119.797,41.520,197.257,3123396
-118.948,41.319,197.362,3123417
-118.539,41.413,197.149,3123438
-118.298,41.441,196.818,3123459
-118.037,41.261,196.484,3123480
-117.565,41.424,196.298,3123501
-117.519,41.667,195.821,3123522
-117.544,41.635,195.298,3123543
-117.317,41.550,194.939,3123564
-117.082,41.539,194.595,3123585
-117.084,41.872,194.096,3123606
-116.911,42.048,193.693,3123627
-116.900,42.345,193.173,3123648
-117.196,42.592,192.415,3123669
-117.619,42.674,191.569,3123690
-118.081,42.770,190.683,3123711
-118.537,42.718,189.802,3123732
-119.090,42.751,188.838,3123753
-119.230,42.919,188.184,3123774
-119.364,43.057,187.512,3123795
-119.504,43.124,186.854,3123816
-119.742,42.964,186.127,3123837
-120.184,42.844,185.271,3123858
-120.620,42.773,184.404,3123879
-121.110,42.829,183.525,3123900
-121.463,43.076,182.727,3123921
-121.882,43.151,181.873,3123942
-121.815,43.203,181.374,3123963
-121.696,43.177,180.916,3123984
-121.579,43.047,180.452,3124005
-121.458,42.889,180.008,3124026
-121.483,43.054,179.469,3124047
-121.824,43.073,178.726,3124068
-122.070,43.208,178.051,3124089
-122.356,43.131,177.360,3124110
-122.585,43.004,176.712,3124131
-122.647,43.101,176.183,3124152
-122.392,42.782,175.858,3124173
-122.008,42.519,175.637,3124194
-121.584,42.258,175.450,3124215
-121.183,42.240,175.257,3124236
-120.783,42.212,175.070,3124257
-120.669,42.388,174.703,3124278
-120.772,42.390,174.175,3124299
-120.874,42.397,173.656,3124320
-120.960,42.393,173.147,3124341
-121.073,42.418,172.607,3124362
-120.731,42.464,172.377,3124383
-120.385,42.520,172.175,3124404
-120.055,42.552,171.945,3124425
-119.776,42.710,171.675,3124446
-119.531,42.897,171.371,3124467
-119.397,43.213,170.992,3124488
-119.651,43.395,170.334,3124509
-119.908,43.465,169.651,3124530
-120.166,43.551,168.975,3124551
-120.413,43.711,168.283,3124572
-120.288,43.997,167.858,3124593
-120.072,43.874,167.509,3124614
-119.753,43.878,167.200,3124635
-119.559,44.109,166.797,3124656
-119.264,44.223,166.467,3124677
-119.427,44.276,165.825,3124698
-119.639,44.419,165.117,3124719
-119.705,44.731,164.496,3124740
-119.895,44.679,163.777,3124761
-120.135,44.621,162.999,3124782
-120.303,44.487,162.283,3124803
-120.129,44.532,161.765,3124824
-119.958,44.423,161.275,3124845
-119.812,44.476,160.740,3124866
-119.702,44.573,160.167,3124887
-119.533,44.576,159.607,3124908
-119.865,44.588,158.701,3124929
-120.164,44.535,157.815,3124950
-120.478,44.595,156.930,3124971
-119.366,44.790,157.599,3124992
-118.316,44.695,158.205,3125013
-117.488,44.540,158.657,3125034
-116.635,44.705,159.126,3125055
-115.845,44.869,159.520,3125076
-115.073,44.963,159.860,3125097
-114.799,44.878,159.832,3125118
-114.657,44.896,159.686,3125139
-114.570,44.913,159.506,3125160
-114.630,44.925,159.198,3125181
-114.704,44.793,158.860,3125202
-114.690,44.982,158.582,3125223
-114.620,44.969,158.316,3125244
-114.634,45.027,158.012,3125265
-114.745,45.130,157.592,3125286
-115.016,45.366,157.066,3125307
-115.645,45.679,156.283,3125328
-116.351,45.672,155.445,3125349
-117.161,45.707,154.518,3125370
-117.982,45.710,153.571,3125391
-118.278,45.887,153.204,3125412
-118.119,45.851,153.126,3125433
-118.008,45.897,152.993,3125454
-117.935,45.726,152.816,3125475
-117.893,45.686,152.592,3125496
-117.894,45.615,152.321,3125517
-117.977,45.719,152.029,3125538
-118.516,45.624,151.376,3125559
-118.787,45.524,151.023,3125580
-119.133,45.499,150.610,3125601
-119.509,45.509,150.210,3125622
-119.856,45.513,149.842,3125643
-119.724,45.499,149.787,3125664
-119.658,45.606,149.688,3125685
-119.556,45.628,149.601,3125706
-119.584,45.779,149.389,3125727
-119.489,45.757,149.212,3125748
-119.788,45.612,148.745,3125769
-120.056,45.413,148.281,3125790
-120.281,45.197,147.847,3125811
-120.528,45.142,147.431,3125832
-120.309,45.022,147.311,3125854
-119.458,44.962,102.064,3127681
-119.546,44.866,101.794,3127702
-119.220,44.812,101.796,3127723
-118.911,44.892,101.778,3127744
-118.638,45.031,101.756,3127765
-118.386,45.223,101.713,3127786
-118.250,45.469,101.596,3127807
-118.271,45.347,101.322,3127828
-118.339,45.551,101.012,3127849
-118.446,45.502,100.666,3127870
-118.413,45.365,100.432,3127891
-118.569,45.390,100.048,3127912
-118.256,45.515,100.008,3127933
-117.907,45.591,99.972,3127954
-117.592,45.639,99.918,3127975
-117.332,45.781,99.817,3127996
-117.214,45.986,99.593,3128017
-116.842,45.973,99.539,3128038
-116.853,45.724,99.200,3128059
-116.900,45.468,98.847,3128080
-116.920,45.185,98.506,3128101
-116.858,44.890,98.211,3128122
-116.512,44.734,98.095,3128143
-116.358,44.820,97.854,3128164
-116.342,44.952,97.518,3128185
-116.517,45.066,97.030,3128206
-116.682,45.198,96.529,3128227
-116.879,45.021,96.015,3128248
-117.110,44.898,95.491,3128269
-117.350,44.777,94.935,3128290
-117.462,44.591,94.451,3128311
-117.319,44.635,94.138,3128332
-117.228,44.797,93.776,3128353
-117.160,44.945,93.371,3128374
-117.153,45.145,92.920,3128395
-117.293,45.362,92.357,3128416
-117.281,45.536,91.875,3128437
-117.460,45.340,91.265,3128458
-117.680,45.199,90.617,3128479
-117.937,45.067,89.949,3128500
-117.756,45.001,89.582,3128521
-117.683,44.779,89.129,3128542
-117.561,44.599,88.674,3128563
-117.555,44.763,88.143,3128584
-117.548,44.949,87.594,3128605
-117.837,45.162,86.823,3128626
-117.863,44.983,86.243,3128647
-118.272,44.976,85.391,3128668
-118.622,45.232,84.572,3128689
-118.550,45.226,84.041,3128710
-118.818,45.090,83.310,3128731
-119.206,45.178,82.457,3128752
-119.084,45.257,81.949,3128773
-119.092,45.456,81.338,3128794
-118.858,45.375,80.900,3128815
-119.070,45.494,80.138,3128836
-118.984,45.717,79.554,3128857
-119.050,45.660,78.857,3128878
-119.034,45.550,78.203,3128899
-118.914,45.418,77.615,3128920
-118.546,45.299,77.212,3128941
-118.093,45.395,76.857,3128962
-117.620,45.447,76.547,3128983
-117.278,45.663,76.105,3129004
-116.865,45.830,75.731,3129025
-116.662,46.070,75.183,3129046
-116.638,45.983,74.509,3129067
-116.548,45.843,73.911,3129088
-116.256,46.070,73.440,3129109
-116.251,45.999,72.766,3129130
-115.988,45.855,72.285,3129151
-115.862,45.720,71.703,3129172
-115.677,45.966,71.180,3129193
-115.814,46.230,70.412,3129214
-116.043,46.419,69.557,3129235
-116.149,46.672,68.781,3129256
-116.025,46.539,68.177,3129277
-116.105,46.366,67.407,3129298
-116.308,46.217,66.543,3129319
-116.172,46.244,65.946,3129340
-116.118,46.106,65.279,3129361
-116.014,45.993,64.668,3129382
-116.176,46.196,63.867,3129403
-116.348,46.391,63.048,3129424
-116.820,46.444,62.013,3129445
-117.087,46.603,61.114,3129466
-117.544,46.427,60.074,3129487
-117.566,46.212,59.349,3129508
-117.980,46.056,58.343,3129529
-118.368,45.959,57.364,3129550
-118.531,45.696,56.547,3129571
-118.833,45.541,55.646,3129592
-119.038,45.721,54.814,3129613
-118.949,45.489,54.189,3129634
-119.217,45.525,53.332,3129655
-119.339,45.747,52.593,3129676
-119.499,45.624,51.842,3129697
-119.337,45.423,51.309,3129718
-119.115,45.547,50.818,3129739
-118.828,45.578,50.383,3129760
-118.566,45.632,49.964,3129781
-118.445,45.830,49.445,3129802
-118.164,45.804,49.076,3129823
-118.261,46.052,48.458,3129844
-118.317,46.295,47.880,3129865
-118.515,46.419,47.247,3129886
-118.447,46.225,46.830,3129907
-118.142,46.113,46.583,3129928
-117.782,46.202,46.424,3129949
-117.646,46.055,46.131,3129970
-117.613,45.926,45.793,3129991
-117.586,46.253,45.466,3130012
-117.743,46.495,45.019,3130033
-117.926,46.595,44.561,3130054
-118.126,46.637,44.123,3130075
-118.183,46.924,43.776,3130096
-117.902,47.018,43.684,3130117
-117.833,46.860,43.455,3130138
-117.514,46.747,43.423,3130159
-117.202,46.608,43.420,3130180
-117.173,46.437,43.227,3130201
-117.114,46.218,43.063,3130222
-117.162,46.435,42.817,3130243
-117.167,46.651,42.619,3130264
-117.264,46.832,42.355,3130285
-117.472,46.820,42.025,3130306
-117.657,46.709,41.692,3130327
-117.485,46.536,41.614,3130348
-117.341,46.614,41.538,3130369
-117.232,46.434,41.411,3130390
-117.092,46.336,41.301,3130411
-116.969,46.340,41.148,3130432
-117.003,46.496,40.886,3130453
-117.057,46.653,40.581,3130474
-117.338,46.737,40.125,3130495
-117.598,46.815,39.650,3130516
-117.724,46.552,39.283,3130537
-117.524,46.316,39.149,3130558
-117.326,46.085,39.007,3130579
-117.306,45.734,38.749,3130600
-117.407,45.426,38.359,3130621
-117.196,45.303,38.178,3130642
-117.490,45.276,37.616,3130663
-117.705,45.333,37.107,3130684
-118.008,45.308,36.525,3130705
-118.299,45.291,35.960,3130726
-118.437,44.972,35.500,3130747
-118.816,45.295,35.249,3130768
-118.874,45.532,35.213,3130789
-118.835,45.505,35.238,3130810
-118.789,45.508,35.235,3130831
-118.788,45.819,35.202,3130852
-118.810,46.136,35.138,3130873
-119.167,46.344,34.821,3130894
-119.504,46.550,34.494,3130915
-119.803,46.724,34.202,3130936
-119.809,46.554,34.112,3130957
-119.591,46.416,34.148,3130978
-119.553,46.203,34.077,3130999
-119.701,46.124,33.843,3131020
-119.622,45.863,33.780,3131041
-119.302,45.914,33.875,3131062
-119.007,45.985,33.951,3131083
-118.994,46.139,33.833,3131104
-119.113,46.192,33.632,3131125
-119.222,46.057,33.435,3131146
-119.086,46.170,33.415,3131167
-118.696,46.026,33.564,3131188
-118.317,45.851,33.716,3131209
-117.991,45.748,33.862,3131230
-117.777,45.673,34.058,3131251
-117.631,45.757,34.208,3131272
-117.905,45.847,34.048,3131293
-118.120,46.056,33.945,3131314
-118.355,46.208,33.810,3131335
-118.639,46.287,33.644,3131356
-118.805,46.176,33.571,3131377
-118.707,45.994,33.681,3131398
-118.415,45.937,33.936,3131419
-118.158,45.813,34.181,3131440
-117.933,45.695,34.397,3131461
-117.773,45.909,34.546,3131482
-117.695,46.155,34.645,3131503
-117.944,46.218,34.487,3131524
-118.137,46.283,34.379,3131545
-118.370,46.248,34.244,3131566
-118.172,46.348,34.434,3131587
-117.924,46.391,34.664,3131608
-117.899,46.141,34.726,3131629
-117.660,45.969,34.927,3131650
-117.706,45.754,34.953,3131671
-117.750,45.518,34.959,3131692
-118.024,45.605,34.791,3131713
-118.292,45.740,34.612,3131734
-118.588,45.845,34.413,3131755
-118.845,45.941,34.246,3131776
-119.149,46.030,34.026,3131797
-119.028,45.839,34.115,3131818
-118.923,45.776,34.182,3131839
-118.841,45.617,34.212,3131860
-118.766,45.444,34.260,3131881
-118.795,45.547,34.197,3131902
-119.203,45.545,33.891,3131923
-119.447,45.678,33.678,3131944
-119.786,45.641,33.402,3131965
-120.103,45.572,33.153,3131986
-120.107,45.292,33.107,3132007
-120.278,45.490,32.954,3132028
-120.318,45.239,32.894,3132049
-120.156,45.091,32.985,3132070
-119.977,45.062,33.070,3132091
-119.786,45.001,33.153,3132112
-120.025,45.197,32.935,3132133
-120.272,45.181,32.692,3132154
-120.391,45.435,32.537,3132175
-120.573,45.369,32.319,3132196
-120.301,45.472,32.431,3132217
-119.979,45.434,32.580,3132238
-119.686,45.457,32.717,3132259
-119.542,45.320,32.741,3132280
-119.386,45.622,32.775,3132301
-119.043,45.640,32.939,3132322
-119.004,45.916,32.885,3132343
-119.126,46.175,32.721,3132364
-119.269,46.190,32.559,3132385
-119.369,46.204,32.405,3132406
-119.112,46.381,32.502,3132427
-118.893,46.158,32.550,3132448
-119.061,46.160,32.335,3132469
-118.746,46.080,32.472,3132490
-118.529,45.873,32.546,3132511
-118.295,45.964,32.631,3132532
-118.258,46.146,32.594,3132553
-118.187,46.316,32.560,3132574
-118.373,46.452,32.311,3132595
-118.515,46.276,32.121,3132616
-118.426,46.394,32.089,3132637
-118.501,46.135,31.935,3132658
-118.535,45.867,31.833,3132679
-118.602,45.583,31.692,3132700
-118.765,45.307,31.476,3132721
-119.127,45.313,31.114,3132742
-119.384,45.437,30.833,3132763
-119.576,45.588,30.615,3132784
-119.881,45.607,30.288,3132805
-120.172,45.512,29.987,3132826
-120.018,45.582,30.000,3132847
-119.831,45.542,30.041,3132868
-119.969,45.400,29.868,3132889
-119.804,45.533,29.864,3132910
-119.616,45.430,29.897,3132931
-119.854,45.431,29.617,3132952
-119.872,45.696,29.510,3132973
-120.110,45.799,29.231,3132994
-119.853,45.711,29.318,3133015
-119.703,45.834,29.294,3133036
-119.699,45.576,29.173,3133057
-119.450,45.586,29.227,3133078
-119.296,45.687,29.214,3133099
-119.154,45.826,29.195,3133120
-118.901,45.812,29.246,3133141
-118.843,45.970,29.169,3133162
-119.088,45.966,28.857,3133183
-119.368,45.983,28.491,3133204
-119.631,45.861,28.169,3133225
-119.908,45.800,27.790,3133246
-120.070,45.649,27.527,3133267
-120.183,45.450,27.277,3133288
-120.127,45.246,27.143,3133309
-120.052,45.035,27.032,3133330
-119.768,45.024,27.069,3133351
-119.647,45.257,26.953,3133372
-119.676,45.477,26.745,3133393
-119.774,45.658,26.501,3133414
-119.819,45.808,26.277,3133435
-119.445,45.857,26.378,3133456
-119.078,45.860,26.456,3133477
-118.820,45.648,26.428,3133498
-118.495,45.481,26.462,3133519
-118.587,45.336,26.182,3133540
-118.248,45.315,26.240,3133561
-118.280,45.530,25.994,3133582
-118.484,45.584,25.636,3133603
-118.669,45.661,25.290,3133624
-118.828,45.549,24.972,3133645
-118.521,45.482,25.005,3133666
-118.306,45.533,24.944,3133687
-117.967,45.470,24.999,3133708
-117.683,45.470,24.991,3133729
-117.519,45.218,24.920,3133750
-117.341,45.267,24.863,3133771
-117.298,45.399,24.700,3133792
-117.601,45.446,24.312,3133813
-117.926,45.476,23.875,3133834
-118.267,45.424,23.457,3133855
-118.622,45.442,23.052,3133876
-118.803,45.235,22.772,3133897
-118.910,45.031,22.522,3133918
-118.762,44.894,22.479,3133939
-118.580,44.848,22.465,3133960
-118.486,45.074,22.380,3133981
-118.791,45.214,22.031,3134002
-119.012,45.499,21.730,3134023
-119.038,45.824,21.573,3134044
-119.296,45.938,21.251,3134065
-119.137,46.154,21.245,3134086
-118.886,46.111,21.326,3134107
-119.164,46.148,21.026,3134128
-119.008,46.314,21.006,3134149
-119.156,46.203,20.785,3134170
-118.998,46.296,20.775,3134191
-118.948,46.562,20.677,3134212
-119.202,46.829,20.410,3134233
-119.000,46.898,20.466,3134254
-119.287,47.035,20.136,3134275
-119.473,47.001,19.885,3134296
-119.390,46.810,19.816,3134317
-119.556,46.757,19.563,3134338
-119.249,46.679,19.674,3134359
-118.969,46.569,19.731,3134380
-120.706,46.030,15.749,3134653
-120.920,46.253,15.267,3134674
-121.230,46.371,14.721,3134695
-121.073,46.481,14.488,3134716
-120.880,46.401,14.253,3134737
-120.721,46.465,13.978,3134758
-120.651,46.272,13.650,3134779
-120.641,46.033,13.264,3134800
-120.421,45.957,12.995,3134821
-120.563,46.121,12.462,3134842
-120.802,46.205,11.832,3134863
-120.903,46.357,11.270,3134884
-120.928,46.101,10.737,3134905
-120.600,46.050,10.470,3134926
-120.634,45.837,9.931,3134947
-120.239,45.599,9.702,3134968
-119.966,45.646,9.376,3134989
-119.520,45.371,9.199,3135010
-119.394,45.428,8.752,3135031
-119.423,45.406,8.205,3135052
-119.425,45.100,7.661,3135073
-119.500,45.062,7.078,3135094
-119.472,45.144,6.532,3135115
-119.636,45.309,5.720,3135136
-120.085,45.205,4.741,3135157
-120.135,45.376,4.032,3135178
-120.191,45.411,3.323,3135199
-120.394,45.350,2.529,3135220
-120.524,45.343,1.778,3135241
-121.023,45.637,0.763,3135262
-121.473,45.966,359.764,3135283
-121.972,46.219,358.746,3135304
-122.356,46.247,357.794,3135325
-122.572,46.195,356.953,3135346
-122.560,46.443,356.270,3135367
-122.502,46.436,355.612,3135388
-122.416,46.662,354.975,3135409
-122.223,46.715,354.417,3135430
-122.105,47.000,353.778,3135451
-122.085,47.328,353.067,3135472
-122.305,47.532,352.184,3135493
-122.262,47.842,351.489,3135514
-122.421,47.937,350.641,3135535
-122.309,47.808,349.983,3135556
-121.852,47.739,349.603,3135577
-121.391,47.742,349.224,3135598
-120.924,47.785,348.849,3135619
-120.443,47.823,348.493,3135640
-119.960,47.606,348.122,3135661
-119.909,47.595,347.447,3135682
-119.815,47.450,346.797,3135703
-119.629,47.187,346.211,3135724
-119.546,47.014,345.567,3135745
-118.981,46.893,345.269,3135766
-118.468,46.755,344.920,3135787
-118.048,46.450,344.505,3135808
-117.810,46.143,343.942,3135829
-117.364,45.979,343.559,3135850
-117.072,46.038,343.053,3135871
-116.957,46.181,342.444,3135892
-117.088,46.102,341.633,3135913
-117.049,45.844,340.975,3135934
-117.243,45.736,340.114,3135955
-117.491,45.795,339.245,3135976
-117.292,45.817,338.702,3135997
-117.120,45.746,338.124,3136018
-117.099,45.900,337.434,3136039
-117.509,46.007,336.463,3136060
-117.972,46.101,335.437,3136081
-118.471,46.262,334.371,3136102
-118.947,46.243,333.360,3136123
-119.310,46.507,332.398,3136144
-119.317,46.557,331.685,3136165
-119.440,46.753,330.894,3136186
-119.468,46.782,330.155,3136207
-119.501,46.723,329.438,3136228
-119.925,46.688,328.459,3136249
-120.060,46.890,327.654,3136270
-120.587,47.091,326.560,3136291
-121.169,47.173,325.431,3136312
-121.622,47.043,324.395,3136333
-121.984,46.869,323.435,3136354
-122.448,46.780,322.393,3136375
-122.742,46.549,321.467,3136396
-122.681,46.487,320.806,3136417
-122.576,46.338,320.143,3136438
-122.339,46.286,319.585,3136459
-122.205,46.429,318.930,3136480
-122.144,46.606,318.253,3136501
-122.308,46.560,317.424,3136522
-122.404,46.458,316.629,3136543
-122.521,46.354,315.816,3136564
-122.717,46.348,314.958,3136585
-122.704,46.154,314.237,3136606
-122.644,46.383,313.557,3136627
-122.425,46.465,312.975,3136648
-122.183,46.558,312.429,3136669
-121.925,46.606,311.869,3136690
-121.674,46.683,311.328,3136711
-121.770,46.475,310.524,3136732
-121.940,46.350,309.675,3136753
-122.037,46.100,308.860,3136774
-121.750,46.105,308.324,3136795
-121.830,45.821,307.505,3136816
-121.945,45.920,306.654,3136837
-121.709,45.863,306.050,3136858
-121.468,45.774,305.460,3136879
-121.556,45.521,304.624,3136900
-121.610,45.698,303.828,3136921
-121.850,45.635,302.924,3136942
-122.025,45.498,302.045,3136963
-122.117,45.296,301.230,3136984
-122.162,45.065,300.440,3137005
-122.398,45.125,299.514,3137026
-122.274,45.205,298.825,3137047
-122.095,45.230,298.173,3137068
-122.035,45.312,297.412,3137089
-122.092,45.428,296.562,3137110
-122.328,45.546,295.573,3137131
-122.708,45.349,295.534,3137152
-123.331,44.855,295.299,3137173
-124.051,44.434,294.964,3137194
-124.703,43.985,294.640,3137215
-125.265,43.549,294.328,3137236
-125.302,43.825,294.028,3137257
-125.288,44.041,293.744,3137278
-125.228,44.275,293.470,3137299
-125.475,44.604,292.969,3137320
-125.381,44.867,292.697,3137341
-125.752,44.845,292.455,3137362
-125.959,44.769,292.327,3137383
-126.178,44.777,292.159,3137404
-126.024,44.696,292.248,3137425
-125.653,44.728,292.514,3137446
-125.405,45.083,292.696,3137467
-124.956,45.357,292.985,3137488
-124.829,45.386,293.040,3137509
-124.376,45.688,293.321,3137530
-124.209,46.000,293.384,3137551
-124.052,46.008,293.444,3137572
-123.754,45.909,293.602,3137593
-123.501,45.825,293.728,3137614
-122.845,45.812,294.122,3137635
-122.334,45.993,294.403,3137656
-121.815,46.146,294.665,3137677
-121.279,46.270,294.937,3137698
-120.732,46.354,295.208,3137719
-120.363,46.501,295.356,3137740
-120.126,46.233,295.404,3137761
-120.094,46.104,295.328,3137782
-120.071,45.877,295.215,3137803
-120.122,45.672,295.055,3137824
-120.050,45.404,294.984,3137845
-119.804,45.253,294.998,3137866
-119.656,45.293,294.964,3137887
-119.528,45.106,294.916,3137908
-119.876,45.055,294.525,3137929
-120.117,45.250,294.204,3137950
-120.313,45.440,293.910,3137971
-120.783,45.426,293.421,3137992
-121.191,45.315,292.979,3138013
-121.665,45.249,292.481,3138034
-121.680,45.218,292.336,3138055
-121.746,45.291,292.123,3138076
-121.944,45.112,291.850,3138097
-122.271,45.354,291.450,3138118
-122.568,45.592,291.065,3138139
-122.785,45.827,290.732,3138160
-123.281,45.862,290.198,3138181
-123.538,45.704,289.855,3138202
-123.762,45.553,289.522,3138223
-123.898,45.395,289.232,3138244
-124.011,45.654,288.971,3138265
-123.802,45.608,288.882,3138286
-123.788,45.865,288.642,3138307
-123.903,46.101,288.292,3138328
-123.766,46.343,288.129,3138349
-123.757,46.562,287.835,3138370
-123.788,46.556,287.521,3138391
-123.615,46.406,287.342,3138412
-123.329,46.218,287.225,3138433
-122.963,46.014,287.157,3138454
-122.809,45.874,286.902,3138475
-122.519,45.582,286.989,3138496
-122.123,45.646,287.151,3138517
-121.699,45.669,287.327,3138538
-121.238,45.622,287.499,3138559
-120.967,45.744,287.513,3138580
-120.561,45.794,287.604,3138601
-120.553,45.900,287.416,3138622
-120.397,45.624,287.465,3138643
-120.397,45.438,287.392,3138664
-120.274,45.176,287.372,3138685
-120.103,45.325,287.407,3138706
-119.839,45.404,287.509,3138727
-119.774,45.176,287.464,3138748
-119.665,45.324,287.441,3138769
-119.826,45.484,287.196,3138790
-119.976,45.272,286.971,3138811
-119.763,45.258,286.985,3138832
-119.992,45.096,286.719,3138853
-120.175,44.907,286.474,3138874
-120.512,44.997,286.118,3138895
-120.385,45.054,286.102,3138916
-120.706,45.242,285.744,3138937
-120.997,45.467,285.383,3138958
-121.088,45.581,285.305,3138979
-121.251,45.752,285.151,3139000
-121.546,45.556,284.879,3139021
-121.722,45.772,284.662,3139042
-122.087,45.612,284.324,3139063
-122.260,45.410,284.106,3139084
-122.267,45.387,283.984,3139105
-122.295,45.304,283.843,3139126
-122.752,45.517,283.395,3139147
-122.842,45.710,283.172,3139168
-123.035,45.924,282.832,3139189
-123.198,46.132,282.471,3139210
-123.580,46.106,281.938,3139231
-123.903,46.060,281.444,3139252
-124.080,45.960,281.054,3139273
-124.363,46.004,280.600,3139294
-124.144,46.085,280.507,3139315
-123.819,46.090,280.488,3139336
-123.756,46.410,280.259,3139357
-123.543,46.558,280.212,3139378
-123.538,46.797,280.006,3139399
-123.687,46.799,279.683,3139420
-123.800,46.853,279.376,3139441
-123.815,46.808,279.143,3139462
-123.719,46.695,278.999,3139483
-123.313,46.521,279.063,3139504
-122.748,46.501,279.256,3139525
-122.573,46.723,279.142,3139546
-122.237,46.854,279.214,3139567
-121.792,46.694,279.370,3139588
-121.398,46.755,279.487,3139609
-121.030,46.817,279.563,3139630
-120.631,46.827,279.658,3139651
-120.646,46.612,279.459,3139672
-120.629,46.366,279.266,3139693
-120.470,46.065,279.173,3139714
-120.503,45.843,278.940,3139735
-120.368,45.556,278.853,3139756
-120.289,45.686,278.692,3139777
-120.242,45.830,278.518,3139798
-120.101,45.905,278.433,3139819
-119.943,45.951,278.346,3139840
-120.237,46.095,277.912,3139861
-120.303,45.863,277.642,3139882
-120.339,45.654,277.392,3139903
-120.457,45.423,277.075,3139924
-120.505,45.248,276.780,3139945
-120.628,45.397,276.441,3139966
-120.805,45.539,276.040,3139987
-120.777,45.396,275.787,3140008
-120.915,45.560,275.400,3140029
-121.287,45.660,274.827,3140050
-121.641,45.725,274.245,3140071
-121.932,45.798,273.703,3140092
-122.127,45.706,273.237,3140113
-122.352,45.611,272.705,3140134
-122.445,45.479,272.289,3140155
-122.309,45.707,272.021,3140176
-122.445,45.959,271.554,3140197
-122.233,46.173,271.336,3140218
-121.902,46.338,271.203,3140239
-121.695,46.566,270.974,3140260
-121.781,46.507,270.538,3140281
-121.620,46.335,270.256,3140302
-121.209,46.240,270.162,3140323
-120.798,46.145,270.042,3140344
-120.845,46.045,269.633,3140365
-120.543,46.213,269.486,3140386
-120.414,46.427,269.190,3140407
-119.981,46.439,269.129,3140428
-119.718,46.603,268.949,3140449
-119.660,46.783,268.602,3140470
-119.725,46.878,268.170,3140491
-119.704,46.633,267.797,3140512
-119.642,46.377,267.458,3140533
-119.526,46.092,267.162,3140554
-119.522,45.875,266.785,3140575
-119.245,45.977,266.593,3140597
-119.136,46.174,266.283,3140618
-119.283,46.331,265.790,3140639
-119.111,46.443,265.475,3140660
-119.293,46.311,264.922,3140681
-119.372,46.155,264.415,3140702
-119.517,45.993,263.846,3140723
-119.728,45.877,263.223,3140744
-119.838,45.708,262.669,3140765
-120.163,45.704,261.955,3140786
-120.116,45.897,261.487,3140807
-120.229,46.159,260.935,3140828
-120.289,46.386,260.393,3140849
-120.270,46.546,259.927,3140870
-120.317,46.779,259.398,3140891
-120.419,46.597,258.825,3140912
-120.725,46.494,258.095,3140933
-120.869,46.305,257.453,3140954
-120.842,46.089,256.932,3140975
-120.750,46.244,256.424,3140996
-121.038,46.189,255.630,3141017
-121.104,46.426,254.994,3141038
-121.401,46.497,254.177,3141059
-121.270,46.661,253.643,3141080
-121.308,46.935,252.996,3141101
-121.034,46.978,252.595,3141122
-121.130,46.899,251.899,3141143
-120.952,46.752,251.422,3141164
-121.042,46.693,250.726,3141185
-120.709,46.821,250.347,3141206
-120.515,47.048,249.832,3141227
-120.354,47.242,249.296,3141248
-120.146,47.419,248.812,3141269
-120.131,47.588,248.182,3141290
-120.152,47.454,247.527,3141311
-120.062,47.224,246.970,3141332
-119.735,46.964,246.593,3141353
-119.408,46.724,246.221,3141374
-119.078,46.474,245.834,3141395
-118.686,46.481,245.501,3141416
-118.783,46.334,244.799,3141437
-118.913,46.421,244.086,3141458
-118.690,46.535,243.620,3141479
-118.568,46.666,243.082,3141500
-118.425,46.409,242.566,3141521
-118.547,46.173,241.845,3141542
-118.349,46.158,241.358,3141563
-118.324,45.890,240.753,3141584
-118.549,46.095,239.956,3141605
-118.507,46.144,239.351,3141626
-118.926,46.246,238.421,3141647
-119.208,46.462,237.589,3141668
-119.685,46.629,236.624,3141689
-120.203,46.711,235.584,3141710
-120.705,46.649,234.570,3141731
-120.858,46.434,233.811,3141752
-120.861,46.253,233.164,3141773
-120.896,46.042,232.479,3141794
-121.028,45.763,231.717,3141815
-121.001,45.752,231.053,3141836
-121.394,45.844,230.093,3141857
-121.781,46.009,229.133,3141878
-122.185,46.086,228.120,3141899
-122.541,46.261,227.146,3141920
-123.003,46.261,226.081,3141941
-123.071,46.039,225.278,3141962
-123.104,45.828,224.502,3141983
-123.068,45.657,223.774,3142004
-122.889,45.686,223.138,3142025
-122.710,45.725,222.494,3142046
-122.989,45.850,221.537,3142067
-123.259,45.922,220.570,3142088
-123.388,46.083,219.666,3142109
-123.246,46.139,218.943,3142130
-123.462,45.966,217.961,3142151
-123.848,46.018,217.391,3142172
-123.916,46.231,217.035,3142193
-123.911,46.325,216.715,3142214
-123.804,46.370,216.442,3142235
-123.639,46.326,216.191,3142256
-123.903,46.413,215.639,3142277
-123.809,46.599,215.335,3142298
-123.913,46.595,214.886,3142319
-123.794,46.673,214.603,3142340
-123.851,46.534,214.193,3142361
-123.493,46.116,214.075,3142382
-123.026,45.903,214.042,3142403
-122.550,45.597,214.018,3142424
-122.092,45.243,213.989,3142445
-121.655,45.024,213.935,3142466
-121.652,44.874,213.581,3142487
-121.629,44.570,213.246,3142508
-121.388,44.478,213.071,3142529
-121.392,44.209,212.725,3142550
-121.261,43.760,212.479,3142571
-121.039,43.276,212.300,3142592
-120.737,42.777,212.180,3142613
-120.235,42.478,212.197,3142634
-120.196,42.414,211.870,3142655
-119.762,42.053,211.810,3142676
-119.742,42.081,211.473,3142697
-119.796,41.903,211.101,3142718
-119.850,42.005,210.730,3142739
-119.797,42.188,210.430,3142760
-119.819,42.014,210.072,3142781
-119.669,41.951,209.828,3142802
-119.541,42.097,209.554,3142823
-119.467,42.322,209.231,3142844
-119.403,42.563,208.924,3142865
-119.638,42.996,208.411,3142886
-119.873,43.438,207.908,3142907
-120.157,43.855,207.357,3142928
-120.641,43.988,206.639,3142949
-121.069,43.999,205.989,3142970
-121.159,44.180,205.561,3142991
-121.506,44.050,204.964,3143012
-121.548,43.829,204.539,3143033
-121.531,43.706,204.146,3143054
-121.479,43.669,203.784,3143075
-121.417,43.473,203.408,3143096
-121.821,43.556,202.702,3143117
-122.173,43.422,202.049,3143138
-122.548,43.358,201.358,3143159
-122.840,43.458,200.704,3143180
-122.905,43.150,200.240,3143201
-122.666,43.023,199.958,3143222
-122.707,42.716,199.486,3143243
-122.465,42.696,199.184,3143264
-122.120,42.559,198.964,3143285
-121.803,42.517,198.708,3143306
-121.871,42.504,198.150,3143327
-121.706,42.585,197.788,3143348
-121.663,42.322,197.342,3143369
-121.704,42.451,196.839,3143390
-121.664,42.263,196.396,3143411
-121.442,42.062,196.089,3143432
-121.079,42.026,195.849,3143453
-120.724,42.143,195.635,3143474
-120.353,42.306,195.425,3143495
-120.352,42.638,194.948,3143516
-120.325,42.999,194.511,3143537
-120.181,42.961,194.169,3143558
-120.295,43.255,193.657,3143579
-120.447,43.388,193.107,3143600
-120.221,43.647,192.780,3143621
-119.984,43.841,192.461,3143642
-119.759,43.966,192.109,3143663
-119.583,44.005,191.709,3143684
-119.420,44.142,191.293,3143705
-119.594,44.033,190.618,3143726
-119.906,44.227,189.808,3143747
-120.187,44.097,188.990,3143768
-120.596,44.091,188.059,3143789
-121.040,44.085,187.117,3143810
-121.462,44.009,186.169,3143831
-121.409,43.896,185.542,3143852
-121.353,43.790,184.930,3143873
-121.270,43.609,184.316,3143894
-121.185,43.643,183.712,3143915
-121.264,43.791,183.024,3143936
-121.524,43.710,182.195,3143957
-121.675,43.581,181.456,3143978
-121.782,43.430,180.742,3143999
-121.835,43.261,180.083,3144020
-121.867,43.433,179.435,3144041
-121.585,43.301,178.997,3144062
-121.304,43.251,178.555,3144083
-121.100,43.319,178.061,3144104
-120.958,43.442,177.547,3144125
-121.149,43.680,176.807,3144146
-121.445,43.787,175.952,3144167
-121.745,43.826,175.107,3144188
-121.982,43.842,174.280,3144209
-122.185,43.850,173.479,3144230
-122.310,44.237,172.709,3144251
-121.995,44.372,172.277,3144272
-121.681,44.500,171.831,3144293
-121.381,44.641,171.382,3144314
-121.052,44.829,170.954,3144335
-120.927,44.807,170.387,3144356
-121.107,44.954,169.602,3144377
-121.306,45.087,168.778,3144398
-121.479,45.296,167.937,3144419
-121.562,45.263,167.166,3144440
-121.488,45.541,166.497,3144461
-121.070,45.514,166.080,3144482
-120.684,45.607,165.625,3144503
-120.318,45.723,165.183,3144524
-120.031,45.852,164.682,3144545
-115.687,43.938,124.491,3146120
-116.200,43.930,123.793,3146141
-116.318,44.095,123.400,3146162
-116.458,44.160,122.987,3146183
-116.571,44.281,122.598,3146204
-116.946,44.574,122.059,3146225
-117.352,44.893,121.501,3146246
-117.941,44.984,120.823,3146267
-118.487,45.075,120.198,3146288
-118.849,44.945,119.716,3146309
-119.236,44.864,119.216,3146330
-119.453,44.705,118.875,3146351
-119.288,44.700,118.802,3146372
-119.089,44.773,118.740,3146393
-119.265,44.753,118.467,3146414
-119.222,44.965,118.351,3146435
-118.928,45.105,118.445,3146456
-118.944,45.316,118.341,3146477
-118.732,45.137,118.397,3146498
-118.408,44.967,118.511,3146519
-118.255,44.820,118.518,3146540
-118.224,44.804,118.413,3146561
-117.792,44.961,118.567,3146582
-117.344,45.011,118.713,3146603
-117.065,45.187,118.690,3146624
-116.815,45.367,118.630,3146645
-117.004,45.460,118.234,3146666
-117.199,45.416,117.823,3146687
-117.422,45.438,117.366,3146708
-117.553,45.241,116.959,3146729
-117.759,45.147,116.507,3146750
-117.530,45.102,116.297,3146771
-117.285,45.073,116.076,3146792
-117.098,45.101,115.786,3146813
-116.981,45.228,115.425,3146834
-116.997,45.402,114.926,3146855
-116.707,45.387,114.631,3146876
-116.470,45.241,114.258,3146897
-116.589,45.180,113.610,3146918
-116.468,45.007,113.081,3146939
-116.312,44.842,112.541,3146960
-116.445,44.656,112.062,3146981
-116.099,44.585,111.855,3147002
-115.760,44.596,111.632,3147023
-115.556,44.732,111.230,3147044
-115.552,44.856,110.656,3147065
-115.601,44.721,110.006,3147086
-115.627,44.588,109.340,3147107
-115.632,44.481,108.643,3147128
-115.268,44.286,108.206,3147149
-115.274,44.244,107.480,3147170
-115.132,44.519,106.832,3147191
-114.741,44.638,106.334,3147212
-114.480,44.907,105.757,3147233
-114.318,45.235,105.103,3147254
-114.431,45.526,104.206,3147275
-114.261,45.745,103.498,3147296
-114.291,45.603,102.614,3147317
-114.370,45.418,101.672,3147338
-114.613,45.222,100.582,3147359
-114.987,45.131,99.366,3147380
-115.043,44.890,98.368,3147401
-115.482,44.939,97.073,3147422
-115.555,45.066,96.027,3147443
-115.790,45.276,94.853,3147464
-116.239,45.467,93.524,3147485
-116.348,45.676,92.424,3147506
-116.645,45.579,91.170,3147528
-116.814,45.434,90.004,3147549
-116.892,45.303,88.886,3147570
-116.846,45.189,87.843,3147591
-116.706,45.331,86.854,3147612
-116.602,45.540,85.843,3147633
-116.867,45.721,84.570,3147654
-117.127,45.930,83.267,3147675
-117.026,46.096,82.213,3147696
-116.988,45.932,81.136,3147717
-117.091,45.774,79.962,3147738
-117.153,45.624,78.839,3147760
-116.908,45.541,77.901,3147781
-116.842,45.818,76.841,3147802
-117.014,45.988,75.601,3147823
-116.731,46.182,74.645,3147844
-116.791,46.229,73.462,3147865
-116.831,46.395,72.285,3147886
-116.476,46.176,71.373,3147907
-116.069,46.002,70.499,3147928
-115.625,45.939,69.635,3147949
-115.604,45.716,68.465,3147970
-115.607,45.438,67.273,3147991
-115.688,45.577,66.051,3148012
-115.852,45.681,64.780,3148033
-115.943,45.398,63.580,3148054
-116.135,45.147,62.323,3148075
-116.270,45.292,61.106,3148096
-116.099,45.230,60.103,3148117
-115.984,44.920,59.083,3148138
-115.842,44.754,58.060,3148159
-115.764,44.595,57.001,3148180
-115.871,44.683,55.848,3148201
-116.215,44.811,54.541,3148222
-116.665,44.934,53.148,3148243
-117.245,44.852,51.671,3148264
-117.828,44.871,50.206,3148285
-118.353,44.715,48.788,3148306
-118.581,44.471,47.577,3148327
-118.773,44.209,46.393,3148348
-118.797,44.172,45.310,3148369
-119.822,44.713,44.295,3148390
-120.342,45.249,43.598,3148411
-121.247,45.767,42.609,3148432
-122.044,46.312,41.648,3148453
-122.786,46.801,40.661,3148474
-123.452,47.188,39.723,3148495
-124.024,47.696,38.814,3148516
-124.094,47.866,38.273,3148537
-124.132,47.956,37.765,3148558
-124.035,48.065,37.359,3148579
-123.822,48.102,37.040,3148600
-123.691,47.933,36.592,3148621
-123.414,48.029,36.275,3148642
-123.867,48.361,35.639,3148663
-124.233,48.628,35.068,3148684
-124.649,48.783,34.443,3148705
-124.971,48.871,33.883,3148726
-124.949,48.576,33.564,3148747
-124.608,48.396,33.453,3148768
-124.266,48.182,33.351,3148789
-124.190,47.969,33.207,3148810
-124.128,47.674,33.001,3148831
-124.269,47.746,32.649,3148852
-124.259,47.779,32.400,3148873
-124.377,47.469,32.062,3148894
-124.370,47.059,31.798,3148915
-124.508,47.075,31.479,3148936
-124.185,46.674,31.477,3148957
-123.839,46.496,31.522,3148978
-123.484,46.176,31.565,3148999
-123.060,45.910,31.624,3149020
-122.679,45.696,31.694,3149041
-122.516,45.798,31.587,3149062
-122.445,45.931,31.400,3149083
-122.559,45.975,31.060,3149104
-122.652,45.983,30.738,3149125
-122.431,46.169,30.614,3149146
-122.113,45.924,30.559,3149167
-121.886,45.711,30.439,3149188
-121.441,45.549,30.452,3149209
-121.245,45.385,30.320,3149230
-120.738,45.431,30.371,3149251
-120.284,45.377,30.414,3149272
-120.343,45.515,30.088,3149293
-120.389,45.673,29.776,3149314
-120.034,45.664,29.750,3149335
-120.191,45.860,29.326,3149356
-120.148,46.095,29.054,3149377
-120.317,46.345,28.628,3149398
-120.202,46.334,28.385,3149419
-120.158,46.157,28.051,3149440
-120.047,46.040,27.771,3149461
-120.444,46.134,27.112,3149482
-120.848,46.252,26.448,3149503
-121.169,46.476,25.816,3149524
-121.513,46.414,25.173,3149545
-121.845,46.332,24.537,3149566
-121.848,46.123,24.147,3149587
-121.947,46.340,23.706,3149608
-121.750,46.378,23.446,3149629
-121.696,46.233,23.093,3149650
-121.522,46.253,22.834,3149671
-121.825,46.384,22.203,3149692
-122.148,46.421,21.572,3149713
-122.505,46.446,20.915,3149734
-122.784,46.409,20.259,3149755
-122.836,46.277,19.782,3149776
-122.782,46.558,19.352,3149797
-122.524,46.485,19.040,3149818
-122.258,46.512,18.727,3149839
-121.950,46.537,18.418,3149860
-121.665,46.598,18.082,3149881
-121.767,46.899,17.452,3149902
-121.633,47.124,16.992,3149923
-121.771,47.332,16.339,3149944
-121.883,47.516,15.712,3149965
-122.084,47.530,14.995,3149986
-122.073,47.255,14.440,3150007
-121.792,47.161,14.065,3150028
-121.467,46.903,13.707,3150049
-121.109,46.631,13.394,3150070
-120.775,46.462,13.050,3150091
-120.518,46.392,12.640,3150112
-120.712,46.241,11.893,3150133
-120.775,45.881,11.237,3150154
-120.894,45.594,10.546,3150175
-120.906,45.272,9.901,3150196
-120.569,45.117,9.484,3150217
-120.240,45.004,9.054,3150238
-119.905,44.916,8.614,3150259
-120.041,45.050,7.837,3150280
-119.724,45.183,7.372,3150301
-119.893,45.415,6.564,3150322
-120.092,45.664,5.707,3150343
-120.324,45.825,4.845,3150364
-120.580,45.970,3.952,3150385
-120.524,45.941,3.265,3150406
-120.314,46.044,2.691,3150427
-120.283,46.419,1.966,3150448
-120.142,46.577,1.327,3150469
-120.073,46.857,0.624,3150490
-120.103,46.925,359.860,3150511
-120.516,47.345,358.829,3150532
-120.962,47.627,357.791,3150553
-121.463,48.046,356.680,3150574
-121.892,48.217,355.595,3150595
-122.392,48.403,354.463,3150616
-122.936,48.627,353.293,3150637
-122.898,48.762,352.559,3150658
-122.939,48.809,351.764,3150679
-122.979,49.058,350.951,3150700
-123.272,49.428,349.965,3150721
-123.730,49.739,348.864,3150742
-124.283,49.778,347.704,3150763
-124.626,50.062,346.708,3150784
-125.140,50.050,345.587,3150805
-125.572,49.981,344.531,3150826
-125.535,49.979,343.849,3150847
-125.625,50.169,343.131,3150868
-125.701,50.357,342.430,3150889
-125.721,50.218,341.807,3150910
-126.211,50.348,340.833,3150931
-126.143,50.312,340.305,3150952
-126.546,50.308,339.439,3150973
-126.808,50.220,338.697,3150994
-127.174,50.178,337.890,3151015
-127.060,50.246,337.464,3151036
-126.909,50.094,337.083,3151057
-127.084,50.277,336.445,3151078
-126.973,50.041,336.051,3151099
-126.958,50.162,335.569,3151120
-126.852,50.231,335.162,3151141
-127.104,50.159,334.508,3151162
-127.281,49.972,333.955,3151183
-127.240,49.628,333.622,3151204
-127.305,49.310,333.213,3151225
-127.001,48.977,333.125,3151246
-126.763,48.857,332.986,3151267
-126.531,48.758,332.884,3151288
-126.490,48.709,332.646,3151309
-126.160,48.364,332.621,3151330
-126.079,48.304,332.434,3151351
-126.286,48.110,332.053,3151372
-126.477,47.899,331.688,3151393
-126.644,47.678,331.352,3151414
-126.662,47.331,331.137,3151435
-126.682,47.032,330.936,3151456
-126.332,47.011,331.035,3151477
-125.953,46.977,331.182,3151498
-125.670,46.716,331.260,3151519
-125.251,46.685,331.439,3151540
-125.192,46.898,331.340,3151561
-125.138,46.778,331.222,3151582
-125.092,46.743,331.129,3151603
-124.993,46.660,331.076,3151624
-124.899,46.598,331.031,3151645
-124.843,46.840,330.975,3151666
-124.334,46.925,331.228,3151687
-123.893,47.066,331.416,3151708
-123.467,47.217,331.599,3151729
-123.129,47.390,331.705,3151750
-123.234,47.370,331.501,3151771
-123.076,47.223,331.484,3151792
-123.260,47.246,331.232,3151813
-123.416,47.489,330.979,3151834
-123.511,47.289,330.792,3151855
-123.288,47.311,330.841,3151876
-123.121,47.213,330.857,3151897
-122.945,47.132,330.864,3151918
-123.111,47.298,330.609,3151939
-123.020,47.306,330.550,3151960
-123.048,47.417,330.401,3151981
-123.332,47.214,330.063,3152002
-123.650,47.101,329.702,3152023
-123.643,46.799,329.580,3152044
-123.928,46.660,329.268,3152065
-124.241,46.652,328.936,3152086
-124.073,46.706,328.965,3152107
-124.090,46.897,328.842,3152128
-123.969,47.006,328.843,3152149
-123.725,46.999,328.940,3152170
-123.617,47.136,328.947,3152191
-123.825,47.108,328.717,3152212
-123.925,46.942,328.569,3152233
-123.968,46.774,328.469,3152254
-123.964,46.619,328.427,3152275
-123.802,46.765,328.487,3152297
-123.664,46.933,328.527,3152318
-123.443,47.023,328.621,3152339
-123.358,47.255,328.610,3152360
-123.439,47.546,328.491,3152381
-122.962,47.813,328.736,3152402
-122.970,48.054,328.586,3152423
-122.899,48.150,328.511,3152444
-122.783,48.173,328.494,3152465
-122.733,48.195,328.433,3152486
-122.375,48.439,328.585,3152507
-122.460,48.622,328.415,3152528
-122.103,48.751,328.571,3152549
-121.724,48.726,328.742,3152570
-121.426,48.770,328.816,3152591
-121.469,48.490,328.641,3152612
-121.660,48.259,328.352,3152633
-121.909,48.017,328.026,3152654
-121.508,48.007,328.124,3152675
-121.501,47.758,327.922,3152696
-121.408,47.861,327.789,3152717
-121.122,47.827,327.798,3152738
-121.368,47.741,327.426,3152759
-121.191,47.431,327.385,3152780
-121.152,47.154,327.206,3152801
-121.392,47.097,326.819,3152822
-121.528,46.781,326.481,3152843
-121.704,46.560,326.133,3152864
-121.536,46.194,326.017,3152885
-121.296,46.167,325.928,3152906
-121.150,46.218,325.803,3152927
-120.903,46.079,325.767,3152948
-121.145,46.042,325.366,3152969
-120.948,45.894,325.296,3152990
-120.738,45.976,325.232,3153011
-121.018,46.041,324.812,3153032
-121.376,45.996,324.340,3153053
-121.649,45.993,323.916,3153074
-121.893,45.917,323.510,3153095
-121.637,45.926,323.445,3153116
-121.421,45.983,323.359,3153137
-121.413,46.218,323.110,3153158
-121.255,46.453,322.948,3153179
-121.123,46.636,322.760,3153200
-121.181,46.873,322.440,3153221
-121.515,46.861,321.890,3153242
-121.834,46.980,321.357,3153263
-122.112,46.861,320.874,3153284
-122.196,46.647,320.504,3153305
-122.094,46.446,320.266,3153326
-122.039,46.266,319.971,3153347
-122.185,46.429,319.533,3153368
-122.119,46.475,319.250,3153389
-122.059,46.579,318.929,3153410
-122.406,46.668,318.302,3153431
-122.733,46.562,317.722,3153452
-123.041,46.477,317.123,3153473
-123.113,46.236,316.688,3153494
-123.016,46.044,316.387,3153515
-122.850,45.851,316.127,3153536
-122.843,46.037,315.744,3153557
-122.726,46.192,315.439,3153578
-122.597,46.338,315.145,3153599
-122.713,46.513,314.671,3153620
-122.953,46.525,314.081,3153641
-122.833,46.251,313.748,3153662
-122.914,46.016,313.272,3153683
-123.102,45.842,312.710,3153704
-123.354,45.684,312.122,3153725
-123.194,45.393,311.809,3153746
-123.083,45.429,311.420,3153767
-122.888,45.236,311.086,3153788
-122.785,45.277,310.668,3153809
-122.767,45.369,310.143,3153830
-123.183,45.042,309.884,3153851
-123.373,45.087,309.735,3153872
-123.778,44.856,309.383,3153893
-124.169,44.723,309.013,3153914
-124.462,44.489,308.697,3153935
-124.572,44.615,308.490,3153956
-124.551,44.708,308.388,3153977
-124.651,44.876,308.177,3153998
-124.529,44.952,308.132,3154019
-124.467,45.097,307.980,3154040
-124.741,45.104,307.595,3154061
-124.827,44.966,307.320,3154082
-125.125,44.896,307.173,3154103
-125.249,44.754,307.075,3154124
-125.178,44.598,307.099,3154145
-125.010,44.823,307.164,3154166
-124.902,45.141,307.198,3154187
-124.643,45.393,307.344,3154208
-124.419,45.694,307.440,3154229
-124.243,46.053,307.524,3154250
-124.433,46.362,307.331,3154271
-124.300,46.331,307.369,3154292
-124.426,46.358,307.235,3154313
-124.379,46.297,307.197,3154334
-124.287,46.195,307.179,3154355
-124.246,46.071,307.134,3154376
-124.072,46.294,307.200,3154397
-123.852,46.468,307.286,3154418
-123.710,46.661,307.314,3154439
-123.530,46.841,307.327,3154460
-123.505,47.003,307.252,3154481
-123.633,46.892,307.047,3154502
-123.674,46.702,306.906,3154523
-123.550,46.360,306.873,3154544
-123.243,46.064,306.972,3154565
-123.062,46.125,306.960,3154586
-122.894,46.181,306.942,3154607
-122.648,45.885,306.967,3154628
-122.315,45.778,307.036,3154649
-122.124,45.812,306.991,3154670
-121.830,45.530,306.989,3154691
-121.942,45.290,306.724,3154712
-122.044,45.072,306.451,3154733
-122.212,44.917,306.112,3154754
-122.150,44.630,305.939,3154775
-122.299,44.510,305.598,3154796
-122.255,44.725,305.385,3154817
-122.189,44.929,305.196,3154838
-121.997,45.088,305.087,3154859
-121.850,45.304,304.920,3154880
-122.077,45.589,304.469,3154901
-122.274,45.557,304.083,3154922
-122.376,45.493,303.739,3154943
-122.415,45.435,303.441,3154964
-122.258,45.701,303.277,3154985
-122.466,46.086,302.845,3155006
-122.287,46.156,302.691,3155027
-122.525,46.507,302.210,3155048
-122.805,46.834,301.679,3155069
-123.134,47.122,301.172,3155090
-123.491,46.976,300.777,3155111
-123.742,46.766,300.463,3155132
-123.966,46.546,300.147,3155153
-124.322,46.473,299.710,3155174
-124.146,46.359,299.653,3155195
-124.040,46.423,299.563,3155216
-123.923,46.544,299.438,3155237
-123.854,46.699,299.242,3155258
-123.647,46.763,299.139,3155279
-123.757,46.934,298.834,3155300
-123.501,46.703,298.812,3155321
-123.409,46.478,298.621,3155342
-123.448,46.293,298.351,3155363
-123.358,46.069,298.175,3155384
-123.324,45.846,297.958,3155405
-123.188,46.046,297.802,3155426
-123.165,46.244,297.544,3155447
-123.176,46.433,297.257,3155468
-122.858,46.518,297.186,3155489
-122.624,46.658,297.038,3155510
-122.722,46.439,296.775,3155531
-122.731,46.189,296.588,3155552
-122.683,45.919,296.438,3155573
-122.813,45.803,296.140,3155594
-122.493,45.814,296.145,3155615
-122.603,45.953,295.827,3155636
-122.389,46.050,295.746,3155657
-122.095,45.973,295.727,3155678
-121.853,46.043,295.653,3155699
-122.064,46.137,295.249,3155720
-121.949,45.903,295.081,3155741
-121.819,45.701,294.910,3155762
-122.018,45.616,294.503,3155783
-122.170,45.522,294.103,3155804
-121.920,45.643,294.003,3155825
-121.659,45.489,293.908,3155846
-121.620,45.701,293.657,3155867
-121.767,45.934,293.251,3155888
-121.861,46.138,292.907,3155909
-121.704,46.302,292.712,3155930
-121.769,46.072,292.361,3155952
-121.796,45.844,292.038,3155973
-121.640,45.616,291.803,3155994
-121.490,45.421,291.556,3156015
-121.551,45.599,291.165,3156036
-121.674,45.776,290.719,3156057
-121.610,45.563,290.382,3156078
-121.681,45.767,289.951,3156099
-122.003,45.953,289.347,3156120
-122.321,45.854,288.757,3156141
-122.549,45.702,288.230,3156162
-122.742,45.535,287.719,3156183
-122.833,45.390,287.275,3156204
-122.826,45.265,286.902,3156225
-122.998,45.538,286.339,3156246
-123.143,45.815,285.809,3156267
-123.060,45.984,285.451,3156288
-123.167,46.243,284.949,3156309
-123.419,46.485,284.331,3156330
-123.676,46.430,283.697,3156351
-123.910,46.350,283.078,3156372
-124.099,46.308,282.492,3156393
-124.279,46.244,281.913,3156414
-123.997,46.143,281.667,3156435
-123.720,46.134,281.465,3156456
-123.879,46.219,280.959,3156477
-123.755,45.857,280.679,3156498
-123.675,45.917,280.338,3156519
-123.345,45.800,280.144,3156540
-123.174,45.854,279.832,3156561
-123.154,45.577,279.394,3156582
-123.148,45.221,278.962,3156603
-122.862,44.932,278.727,3156624
-122.698,44.607,278.375,3156645
-122.665,44.755,277.922,3156666
-122.652,44.948,277.460,3156687
-122.380,45.078,277.169,3156708
-122.378,45.328,276.674,3156729
-122.303,45.567,276.229,3156750
-122.270,45.429,275.744,3156771
-122.132,45.317,275.318,3156792
-122.209,45.298,274.762,3156813
-121.994,45.192,274.414,3156834
-122.005,45.160,273.904,3156855
-121.835,45.470,273.501,3156876
-121.947,45.805,272.910,3156897
-122.126,46.072,272.263,3156918
-122.326,46.320,271.584,3156939
-122.460,46.640,270.935,3156960
-122.591,46.564,270.306,3156981
-122.513,46.418,269.817,3157002
-122.307,46.609,269.442,3157023
-122.333,46.493,268.895,3157044
-122.049,46.570,268.563,3157065
-121.836,46.762,268.199,3157086
-121.862,46.996,267.644,3157107
-121.663,46.789,267.241,3157128
-121.573,46.968,266.777,3157149
-121.775,47.014,266.083,3157170
-121.907,46.785,265.461,3157191
-121.843,46.449,264.997,3157212
-121.524,46.351,264.705,3157233
-121.437,45.983,264.226,3157254
-121.385,45.615,263.746,3157275
-121.561,45.567,263.102,3157296
-121.722,45.403,262.453,3157317
-121.745,45.475,261.922,3157338
-121.678,45.582,261.459,3157359
-121.507,45.628,261.064,3157380
-121.365,45.335,260.650,3157401
-121.174,45.129,260.232,3157422
-120.939,45.016,259.870,3157443
-120.748,45.088,259.463,3157464
-120.602,44.947,259.018,3157485
-120.614,45.195,258.443,3157506
-120.943,45.300,257.625,3157527
-121.267,45.468,256.808,3157548
-121.397,45.772,256.121,3157569
-121.711,45.917,255.293,3157590
-121.964,45.920,254.508,3157611
-121.790,45.871,254.014,3157632
-121.587,45.965,253.527,3157653
-121.638,45.865,252.838,3157674
-121.471,46.007,252.303,3157695
-121.381,46.176,251.721,3157716
-121.355,46.431,251.099,3157737
-121.672,46.592,250.205,3157758
-121.923,46.814,249.367,3157779
-122.062,46.700,248.595,3157800
-122.326,46.763,247.745,3157821
-122.265,46.596,247.116,3157842
-122.107,46.402,246.551,3157863
-121.886,46.253,246.034,3157884
-121.785,46.538,245.442,3157905
-121.943,46.580,244.638,3157926
-121.913,46.861,243.985,3157947
-122.090,46.996,243.183,3157968
-122.075,47.213,242.507,3157989
-121.830,47.268,241.968,3158010
-121.543,47.037,241.447,3158031
-121.334,46.731,240.872,3158052
-121.116,46.395,240.275,3158073
-120.908,46.328,239.657,3158094
-120.753,46.269,238.989,3158115
-120.887,45.944,238.122,3158136
-121.052,45.686,237.228,3158157
-121.138,45.700,236.342,3158178
-121.303,45.660,235.414,3158199
-121.321,45.718,234.567,3158220
-121.223,45.344,233.765,3158241
-121.062,44.964,233.013,3158262
-120.925,44.701,232.225,3158283
-121.307,45.069,231.582,3158304
-121.537,45.112,231.016,3158325
-122.236,45.431,230.091,3158346
-122.925,45.545,229.149,3158367
-123.089,45.724,228.555,3158388
-123.631,45.765,227.661,3158409
-124.159,45.867,226.753,3158430
-124.143,45.673,226.194,3158451
-124.120,45.434,225.626,3158472
-123.990,45.173,225.107,3158493
-124.151,44.938,224.368,3158514
-123.990,44.966,223.843,3158535
-124.012,45.057,223.194,3158556
-124.246,45.029,222.394,3158577
-124.377,45.011,221.657,3158598
-124.477,44.993,220.935,3158619
-124.479,44.706,220.293,3158640
-124.210,44.368,219.907,3158661
-123.802,44.094,219.597,3158682
-123.313,43.930,219.351,3158703
-122.869,43.657,219.082,3158724
-122.418,43.756,218.827,3158745
-122.071,43.918,218.502,3158766
-121.968,43.876,218.035,3158787
-121.775,43.778,217.647,3158808
-121.351,43.940,217.425,3158829
-121.253,43.904,216.981,3158850
-120.874,43.623,216.758,3158871
-120.408,43.542,216.575,3158892
-119.942,43.429,216.423,3158913
-119.729,43.511,216.077,3158934
-119.395,43.472,215.799,3158955
-119.518,43.352,215.200,3158976
-119.635,43.167,214.588,3158997
-119.819,43.055,213.938,3159018
-120.022,43.016,213.261,3159039
-120.257,42.986,212.582,3159060
-120.439,42.846,211.916,3159081
-120.293,42.897,211.486,3159102
-120.252,42.741,210.984,3159123
-120.204,42.900,210.485,3159144
-120.213,43.130,209.942,3159165
-120.516,43.047,209.181,3159186
-120.464,43.207,208.648,3159207
-120.351,43.298,208.137,3159228
-120.682,43.336,207.330,3159249
-120.965,43.265,206.550,3159270
-120.822,43.170,206.032,3159291
-120.729,43.044,205.483,3159312
-120.544,43.100,205.018,3159333
-120.563,42.952,204.375,3159354
-120.565,43.198,203.731,3159375
-120.848,43.408,202.890,3159396
-121.197,43.551,202.014,3159417
-121.566,43.725,201.115,3159438
-121.950,43.822,200.217,3159459
-122.136,43.649,199.438,3159480
-122.207,43.440,198.760,3159501
-122.081,43.316,198.212,3159522
-121.889,43.318,197.724,3159543
-121.645,43.366,197.262,3159564
-121.623,43.531,196.642,3159585
-121.761,43.536,195.907,3159606
-121.840,43.464,195.219,3159627
-121.738,43.194,194.662,3159648
-121.852,43.259,193.943,3159669
-121.486,43.093,193.534,3159690
-121.153,43.004,193.099,3159711
-120.864,42.953,192.631,3159732
-120.571,42.883,192.162,3159753
-120.325,42.923,191.660,3159774
-120.115,43.013,191.137,3159795
-120.290,43.063,190.343,3159816
-120.468,43.147,189.563,3159837
-120.631,43.218,188.780,3159858
-120.770,43.332,188.037,3159879
-120.549,43.654,187.506,3159900
-120.360,43.695,186.938,3159921
-120.021,43.867,186.489,3159942
-119.722,44.155,186.011,3159963
-119.832,44.577,185.249,3159984
-119.524,44.798,184.787,3160005
-119.371,45.176,184.215,3160026
-119.570,45.268,183.387,3160047
-119.757,45.342,182.570,3160068
-120.037,45.471,181.670,3160089
-120.301,45.568,180.777,3160110
-120.229,45.502,180.130,3160131
-120.028,45.681,179.596,3160152
-119.862,45.880,179.043,3160173
-119.867,46.164,178.371,3160194
-119.707,46.195,177.806,3160215
-119.999,46.081,176.920,3160236
-120.272,45.883,176.047,3160257
-120.683,45.758,175.080,3160278
-121.081,45.607,174.132,3160299
-120.278,45.340,174.304,3160320
-119.463,45.344,174.469,3160341
-118.688,45.269,174.607,3160362
-117.983,45.254,174.692,3160383
-117.375,45.220,174.705,3160404
-117.251,45.181,174.356,3160425
-117.158,45.052,173.977,3160446
-117.130,44.976,173.544,3160467
-117.030,44.891,173.173,3160488
-117.011,44.868,172.747,3160509
-117.036,44.777,172.276,3160530
-116.663,44.731,172.078,3160551
-116.441,44.730,171.763,3160572
-116.328,44.807,171.330,3160593
-116.276,44.859,170.848,3160614
-116.137,45.008,170.468,3160635
-115.971,45.018,170.129,3160656
-116.063,44.920,169.633,3160677
-116.251,44.934,169.067,3160698
-116.326,44.835,168.571,3160719
-116.209,45.080,168.217,3160740
-115.984,44.942,167.932,3160761
-115.850,45.099,167.605,3160782
-115.775,45.296,167.234,3160803
-116.119,45.313,166.571,3160824
-116.023,45.388,166.232,3160845
-116.333,45.316,165.618,3160866
-116.755,45.324,164.895,3160887
-116.664,45.342,164.559,3160908
-117.076,45.294,163.876,3160929
-117.417,45.179,163.201,3160950
-117.363,45.104,162.848,3160971
-117.291,45.071,162.459,3160992
-117.336,45.192,161.997,3161013
-117.309,45.305,161.604,3161034
-117.324,45.409,161.168,3161055
-117.687,45.321,160.461,3161076
-118.092,45.313,159.717,3161097
-118.328,45.091,159.075,3161118
-118.645,44.959,158.370,3161139
-118.919,44.761,157.697,3161160
-120.106,44.004,132.603,3162210
-119.689,44.311,132.467,3162231
-119.288,44.602,132.284,3162252
-119.055,44.939,131.985,3162273
-119.046,45.231,131.479,3162294
-118.820,45.480,131.095,3162315
-119.008,45.520,130.428,3162336
-119.050,45.353,129.838,3162357
-119.319,45.295,129.079,3162378
-119.413,45.039,128.427,3162399
-119.653,45.162,127.665,3162420
-119.598,45.169,127.104,3162441
-119.734,45.212,126.388,3162462
-119.663,45.101,125.795,3162483
-119.861,45.120,125.002,3162504
-119.878,44.685,124.316,3162525
-120.119,44.288,123.461,3162546
-120.378,43.926,122.614,3162567
-120.642,43.630,121.733,3162588
-120.938,43.411,120.822,3162609
-120.910,43.497,120.120,3162630
-120.796,43.570,119.459,3162651
-120.854,43.786,118.668,3162672
-121.101,43.978,117.732,3162693
-121.376,44.029,116.777,3162714
-121.636,44.081,115.835,3162735
-121.899,44.187,114.853,3162756
-121.766,44.073,114.147,3162777
-121.919,44.066,113.226,3162798
-121.618,44.200,112.617,3162819
-121.280,44.205,112.012,3162840
-120.975,44.363,111.399,3162861
-120.742,44.566,110.736,3162882
-120.524,44.800,110.078,3162903
-120.448,45.088,109.288,3162924
-120.455,44.984,108.424,3162945
-120.449,44.891,107.569,3162966
-120.143,45.046,106.932,3162987
-119.948,44.917,106.181,3163008
-119.655,44.788,105.503,3163029
-119.782,44.932,104.510,3163050
-119.720,45.201,103.669,3163071
-119.689,45.465,102.798,3163092
-119.795,45.753,101.833,3163113
-119.991,45.974,100.809,3163134
-120.258,45.964,99.734,3163155
-120.261,45.768,98.845,3163176
-120.092,45.692,98.050,3163197
-119.921,45.560,97.253,3163218
-119.913,45.359,96.365,3163239
-120.157,45.257,95.307,3163260
-120.137,45.397,94.415,3163281
-120.059,45.495,93.574,3163302
-120.175,45.601,92.620,3163323
-120.450,45.675,91.545,3163344
-120.265,45.541,90.814,3163365
-120.412,45.251,89.848,3163386
-120.516,44.960,88.911,3163407
-120.448,44.680,88.087,3163428
-120.303,44.528,87.324,3163449
-120.220,44.601,86.535,3163470
-120.178,44.682,85.719,3163491
-120.501,44.773,84.661,3163512
-120.837,44.701,83.606,3163533
-120.801,44.558,82.791,3163554
-121.022,44.457,81.826,3163575
-121.001,44.699,80.999,3163596
-121.091,44.557,80.110,3163617
-121.411,44.634,79.045,3163638
-121.327,44.479,78.277,3163659
-121.336,44.744,77.431,3163680
-121.559,44.970,76.449,3163701
-121.682,45.237,75.547,3163722
-121.923,45.387,74.574,3163743
-121.636,45.530,73.984,3163764
-121.360,45.474,73.383,3163785
-121.156,45.376,72.729,3163806
-120.819,45.359,72.175,3163827
-120.496,45.422,71.613,3163848
-120.204,45.576,71.043,3163869
-120.024,45.837,70.405,3163890
-120.175,46.038,69.536,3163911
-120.329,46.263,68.679,3163932
-120.488,46.451,67.827,3163953
-120.585,46.667,67.058,3163974
-120.699,46.687,66.277,3163995
-120.608,46.556,65.663,3164016
-120.309,46.416,65.207,3164037
-120.075,46.247,64.697,3164058
-119.720,46.102,64.291,3164079
-119.531,46.344,63.786,3164100
-119.212,46.174,63.400,3164121
-119.038,46.383,62.914,3164142
-119.070,46.552,62.279,3164163
-119.217,46.500,61.573,3164184
-118.934,46.236,61.210,3164205
-118.695,46.170,60.821,3164226
-118.628,45.806,60.329,3164247
-118.482,45.743,59.917,3164268
-118.813,45.596,59.151,3164289
-118.740,45.618,58.692,3164310
-119.028,45.704,57.976,3164331
-119.402,45.683,57.222,3164352
-119.695,45.556,56.523,3164373
-120.584,45.948,55.924,3164394
-120.957,46.254,55.676,3164415
-121.719,46.574,55.114,3164436
-122.070,47.116,54.848,3164457
-122.289,47.252,54.653,3164478
-122.374,47.543,54.528,3164499
-122.915,47.936,54.047,3164520
-123.315,48.329,53.627,3164541
-123.757,48.667,53.162,3164562
-124.163,48.925,52.721,3164583
-124.128,48.764,52.609,3164604
-123.985,48.774,52.567,3164625
-124.308,48.665,52.302,3164646
-124.250,48.635,52.295,3164667
-124.118,48.539,52.332,3164688
-124.199,48.349,52.236,3164709
-124.048,48.486,52.281,3164730
-123.847,48.542,52.446,3164751
-124.055,48.742,52.319,3164772
-124.234,48.754,52.181,3164793
-124.124,48.941,52.243,3164814
-124.343,49.133,52.129,3164835
-124.392,48.972,52.124,3164856
-124.008,48.952,52.451,3164877
-123.732,48.787,52.725,3164898
-123.475,48.552,53.012,3164919
-123.415,48.696,53.143,3164940
-123.587,48.706,53.114,3164961
-123.811,48.632,53.017,3164982
-123.546,48.317,53.302,3165003
-123.710,48.060,53.265,3165024
-123.352,47.750,53.589,3165045
-123.022,47.518,53.881,3165066
-122.796,47.063,54.080,3165087
-122.456,46.733,54.348,3165108
-122.187,46.625,54.545,3165129
-122.354,46.556,54.444,3165150
-122.414,46.598,54.411,3165171
-122.580,46.661,54.297,3165192
-122.798,46.574,54.161,3165213
-122.485,46.506,54.404,3165234
-122.209,46.484,54.617,3165255
-122.126,46.294,54.696,3165276
-121.907,46.138,54.851,3165297
-121.731,45.975,54.959,3165318
-121.318,46.014,55.230,3165339
-121.342,46.241,55.143,3165360
-121.073,46.442,55.255,3165381
-121.043,46.676,55.155,3165402
-121.098,46.857,55.001,3165423
-121.142,47.069,54.844,3165444
-120.962,46.878,54.852,3165465
-121.201,46.943,54.530,3165486
-120.978,47.051,54.546,3165507
-120.980,46.890,54.383,3165528
-120.938,46.721,54.218,3165549
-120.941,46.989,53.986,3165570
-121.347,47.230,53.532,3165591
-121.735,47.318,53.062,3165612
-122.122,47.392,52.580,3165633
-122.087,47.205,52.376,3165654
-122.038,47.039,52.170,3165675
-121.878,47.058,52.034,3165696
-121.727,47.074,51.864,3165717
-122.018,47.301,51.368,3165738
-122.354,47.192,50.821,3165759
-122.578,47.389,50.319,3165780
-122.923,47.534,49.711,3165801
-123.290,47.587,49.042,3165822
-123.670,47.539,48.359,3165843
-123.464,47.314,48.083,3165864
-123.265,47.092,47.784,3165885
-123.262,46.675,47.335,3165906
-122.959,46.437,47.108,3165927
-122.850,46.127,46.794,3165948
-123.251,45.931,46.199,3165969
-123.354,46.064,45.806,3165990
-123.537,46.214,45.343,3166011
-123.793,46.255,44.817,3166032
-123.903,46.407,44.385,3166053
-123.945,46.591,43.995,3166074
-123.678,46.386,43.804,3166095
-123.262,46.286,43.722,3166116
-122.811,46.162,43.663,3166137
-122.321,46.052,43.629,3166158
-121.879,45.902,43.555,3166179
-121.847,46.045,43.184,3166200
-121.716,46.226,42.874,3166221
-121.359,46.414,42.722,3166242
-121.231,46.337,42.374,3166263
-121.027,46.185,42.095,3166284
-120.447,45.963,42.078,3166305
-119.842,45.872,42.074,3166326
-119.292,45.792,42.018,3166347
-118.810,45.650,41.885,3166368
-118.544,45.798,41.578,3166389
-118.715,45.801,40.915,3166410
-118.770,46.051,40.327,3166431
-118.879,46.357,39.668,3166452
-119.209,46.524,38.800,3166473
-119.186,46.494,38.162,3166494
-119.184,46.509,37.506,3166515
-119.592,46.744,36.516,3166536
-119.551,46.960,35.824,3166557
-119.550,47.097,35.070,3166578
-119.828,47.554,34.094,3166599
-120.247,47.933,32.963,3166620
-120.612,48.272,31.868,3166641
-121.170,48.346,30.582,3166662
-121.617,48.284,29.367,3166683
-121.669,48.396,28.422,3166704
-121.646,48.308,27.524,3166725
-121.710,48.399,26.546,3166746
-121.795,48.536,25.541,3166767
-121.902,48.328,24.535,3166788
-122.382,48.399,23.234,3166809
-122.639,48.620,22.077,3166830
-123.076,48.768,20.729,3166851
-123.423,48.721,19.441,3166872
-123.616,48.570,18.251,3166893
-123.628,48.373,17.188,3166914
-123.474,48.447,16.236,3166935
-123.245,48.560,15.360,3166956
-122.981,48.714,14.508,3166977
-122.695,48.844,13.672,3166998
-122.900,49.085,12.472,3167019
-123.143,49.375,11.233,3167040
-123.087,49.748,10.203,3167061
-123.012,49.689,9.203,3167082
-123.042,49.662,8.107,3167103
-122.849,49.534,7.188,3167124
-122.397,49.549,6.440,3167145
-121.955,49.557,5.686,3167166
-120.919,49.555,5.589,3167187
-119.685,49.558,5.762,3167208
-119.028,49.456,5.504,3167229
-118.300,49.590,5.336,3167250
-117.756,49.666,5.056,3167271
-117.305,49.414,4.736,3167292
-116.812,49.061,4.429,3167313
-116.353,49.124,4.095,3167334
-115.795,48.932,3.841,3167355
-115.413,48.644,3.450,3167376
-115.115,48.411,3.017,3167397
-114.918,48.203,2.531,3167418
-115.278,48.015,1.631,3167439
-115.787,48.021,0.635,3167460
-115.977,47.734,359.890,3167481
-116.657,47.613,358.798,3167502
-117.410,47.424,357.653,3167523
-117.806,47.382,356.762,3167544
-118.220,47.324,355.881,3167565
-119.111,47.321,354.626,3167586
-119.873,47.428,353.469,3167607
-120.530,47.551,352.394,3167628
-121.500,47.471,351.087,3167649
-122.431,47.322,349.834,3167670
-123.129,47.052,348.733,3167691
-123.935,46.857,347.560,3167712
-124.573,46.581,346.517,3167733
-125.068,46.711,345.549,3167754
-125.257,46.602,344.815,3167775
-125.418,46.478,344.114,3167796
-125.521,46.468,343.450,3167817
-125.628,46.334,342.789,3167838
-126.178,46.376,341.806,3167859
-126.633,46.284,340.906,3167880
-127.064,46.239,340.034,3167901
-127.334,46.408,339.266,3167922
-127.448,46.218,338.612,3167943
-127.306,45.998,338.145,3167964
-127.048,46.157,337.757,3167985
-126.804,46.323,337.385,3168006
-126.458,46.457,337.055,3168027
-126.292,46.649,336.613,3168048
-126.300,46.791,336.035,3168069
-126.115,46.579,335.629,3168090
-126.026,46.427,335.140,3168111
-125.536,46.323,334.938,3168132
-125.338,46.117,334.508,3168153
-124.901,46.156,334.233,3168174
-124.474,46.079,333.957,3168195
-124.027,46.129,333.667,3168216
-123.888,46.422,333.148,3168237
-123.962,46.660,332.467,3168258
-124.065,46.739,331.781,3168279
-124.186,46.815,331.077,3168300
-124.291,46.826,330.416,3168321
-124.347,46.780,329.798,3168342
-124.026,46.709,329.474,3168363
-123.747,46.855,329.113,3168384
-123.577,47.099,328.644,3168405
-123.289,46.969,328.268,3168426
-123.177,47.204,327.747,3168447
-122.947,47.362,327.338,3168468
-123.132,47.290,326.610,3168489
-123.264,47.171,325.906,3168510
-123.266,46.921,325.289,3168531
-123.496,46.881,324.516,3168552
-123.700,46.684,323.758,3168573
-123.571,46.680,323.222,3168594
-123.444,46.577,322.682,3168615
-123.746,46.621,321.852,3168636
-123.805,46.617,321.200,3168657
-124.188,46.471,320.339,3168678
-124.046,46.250,319.882,3168699
-124.248,45.906,319.170,3168720
-124.524,45.643,318.396,3168741
-124.675,45.327,317.730,3168762
-124.459,45.198,317.326,3168783
-124.391,45.277,316.810,3168804
-124.190,45.305,316.388,3168825
-124.178,45.517,315.848,3168846
-123.882,45.449,315.491,3168867
-124.050,45.633,314.817,3168888
-124.172,45.603,314.157,3168909
-124.078,45.446,313.668,3168930
-123.988,45.292,313.172,3168951
-123.791,45.119,312.746,3168972
-124.053,45.048,312.982,3168993
-124.018,44.639,313.352,3169014
-123.978,44.452,313.705,3169035
-124.336,44.271,313.742,3169056
-124.648,44.240,313.784,3169077
-124.547,44.225,314.111,3169098
-124.839,44.288,314.137,3169119
-124.972,44.062,314.279,3169140
-124.732,44.045,314.658,3169161
-124.501,44.027,315.015,3169182
-124.199,44.048,315.431,3169203
-123.906,44.136,315.798,3169224
-123.667,44.413,316.140,3169245
-123.460,44.787,316.433,3169266
-123.331,45.221,316.664,3169287
-123.357,45.392,316.777,3169308
-123.358,45.521,316.903,3169329
-123.339,45.632,317.014,3169350
-123.332,45.744,317.100,3169371
-123.371,45.843,317.136,3169392
-123.464,46.142,317.118,3169413
-123.347,46.528,317.199,3169434
-123.080,46.766,317.385,3169455
-122.869,46.993,317.486,3169476
-122.966,47.252,317.334,3169497
-122.701,47.368,317.445,3169518
-122.813,47.201,317.278,3169539
-122.816,46.971,317.171,3169560
-122.778,46.719,317.074,3169581
-122.685,46.775,317.152,3169602
-122.741,46.445,317.102,3169623
-122.591,46.406,317.178,3169644
-122.469,46.374,317.210,3169665
-122.311,46.291,317.227,3169686
-122.645,46.269,316.998,3169707
-122.638,46.240,316.975,3169728
-122.752,45.852,316.826,3169749
-122.885,45.519,316.626,3169770
-122.974,45.162,316.451,3169791
-122.719,44.892,316.538,3169812
-122.911,44.715,316.295,3169833
-122.995,44.845,316.177,3169854
-122.866,44.967,316.175,3169875
-122.875,45.177,316.133,3169896
-122.725,45.320,316.233,3169917
-122.628,45.479,316.360,3169938
-122.798,45.397,316.290,3169959
-122.919,45.298,316.318,3169980
-123.060,45.229,316.355,3170001
-123.206,45.157,316.401,3170022
-123.072,45.249,316.607,3170043
-123.004,45.504,316.785,3170064
-122.925,45.473,316.930,3170085
-123.075,45.843,316.893,3170106
-123.246,46.227,316.819,3170127
-123.530,46.582,316.614,3170148
-123.819,46.697,316.405,3170169
-124.008,46.690,316.249,3170190
-124.234,46.706,316.001,3170211
-124.268,46.540,315.931,3170232
-123.952,46.471,316.087,3170253
-123.943,46.680,316.052,3170274
-123.669,46.706,316.189,3170295
-123.422,46.657,316.339,3170316
-123.204,46.676,316.446,3170337
-122.975,46.631,316.587,3170358
-123.070,46.368,316.504,3170379
-123.359,46.324,316.285,3170400
-123.333,45.966,316.277,3170421
-123.257,45.610,316.281,3170442
-123.353,45.651,316.152,3170463
-123.112,45.621,316.223,3170484
-123.157,45.648,316.097,3170505
-122.996,45.656,316.097,3170526
-122.801,45.650,316.053,3170547
-122.880,45.579,315.886,3170568
-122.862,45.304,315.769,3170589
-122.540,45.289,315.900,3170610
-122.460,44.975,315.849,3170631
-122.359,44.689,315.798,3170652
-122.294,44.405,315.801,3170673
-122.334,44.592,315.705,3170694
-122.169,44.767,315.726,3170715
-122.276,44.994,315.626,3170736
-122.205,45.244,315.638,3170757
-122.156,45.130,315.599,3170778
-122.175,44.998,315.600,3170799
-122.143,44.919,315.596,3170820
-122.260,44.970,315.486,3170841
-122.040,45.222,315.647,3170862
-121.744,45.425,315.870,3170883
-121.912,45.656,315.765,3170904
-121.651,45.561,316.005,3170925
-121.746,45.808,315.992,3170946
-121.713,46.040,316.054,3170967
-121.520,46.062,316.269,3170988
-121.812,46.083,316.123,3171009
-122.004,45.851,316.031,3171030
-122.094,45.577,316.016,3171051
-122.130,45.289,316.020,3171072
-122.187,45.410,316.006,3171093
-122.129,45.402,316.080,3171114
-122.434,45.615,315.861,3171136
-122.407,45.729,315.890,3171157
-122.795,45.657,315.643,3171178
-123.244,45.720,315.347,3171199
-123.348,45.556,315.283,3171220
-123.524,45.408,315.173,3171241
-123.684,45.272,315.045,3171262
-123.576,45.385,315.094,3171283
-123.689,45.645,314.983,3171304
-123.744,45.874,314.891,3171325
-123.923,46.069,314.696,3171346
-123.955,46.273,314.573,3171367
-124.153,46.452,314.294,3171388
-124.382,46.431,314.010,3171409
-124.488,46.290,313.798,3171430
-124.349,46.088,313.764,3171451
-124.128,45.908,313.777,3171472
-123.827,46.118,313.824,3171493
-123.399,46.090,313.954,3171514
-122.978,46.061,314.073,3171535
-122.641,46.215,314.099,3171556
-122.302,46.329,314.116,3171577
-121.940,46.304,314.117,3171598
-121.941,46.192,313.830,3171619
-122.035,46.113,313.486,3171640
-122.059,45.948,313.192,3171661
-121.793,45.742,313.079,3171682
-121.862,45.851,312.715,3171703
-121.828,46.041,312.464,3171724
-121.737,46.238,312.249,3171745
-121.637,46.398,312.047,3171766
-121.438,46.515,311.921,3171787
-121.478,46.297,311.630,3171808
-121.529,46.074,311.322,3171829
-121.389,45.814,311.157,3171850
-121.354,45.965,310.926,3171871
-121.431,45.729,310.625,3171892
-121.659,45.648,310.192,3171913
-121.517,45.764,310.037,3171934
-121.422,45.892,309.813,3171955
-121.609,46.109,309.399,3171976
-121.797,46.339,308.969,3171997
-121.891,46.210,308.591,3172018
-122.066,46.140,308.157,3172039
-122.307,46.203,307.702,3172060
-122.183,46.075,307.491,3172081
-122.229,45.988,307.201,3172102
-121.982,46.001,307.130,3172123
-121.927,46.279,306.911,3172144
-121.727,46.381,306.816,3172165
-121.860,46.609,306.451,3172186
-122.091,46.762,305.995,3172207
-122.282,46.547,305.571,3172228
-122.477,46.352,305.137,3172249
-122.402,46.088,304.871,3172270
-122.131,45.964,304.775,3172291
-121.908,46.035,304.637,3172312
-122.107,46.078,304.193,3172333
-121.962,46.227,304.004,3172354
-121.687,46.119,303.921,3172375
-121.614,46.291,303.696,3172396
-121.539,46.069,303.468,3172417
-121.797,45.983,303.002,3172438
-121.996,45.868,302.565,3172459
-122.222,45.769,302.122,3172480
-122.266,45.554,301.790,3172501
-122.191,45.716,301.571,3172522
-122.107,45.942,301.373,3172543
-122.125,46.195,301.096,3172564
-121.886,46.032,300.997,3172585
-121.725,46.241,300.848,3172606
-121.525,46.406,300.719,3172627
-121.615,46.467,300.363,3172648
-121.573,46.311,300.094,3172669
-121.418,46.091,299.911,3172690
-121.117,45.810,299.803,3172711
-121.049,45.717,299.543,3172732
-120.636,45.843,299.517,3172753
-120.110,45.934,299.571,3172774
-120.059,46.043,299.237,3172795
-119.574,46.184,299.212,3172816
-119.198,46.387,299.099,3172837
-118.789,46.196,298.973,3172858
-118.393,46.011,298.841,3172879
-117.904,46.137,298.786,3172900
-117.592,45.977,298.611,3172921
-117.142,45.998,298.516,3172942
-116.782,45.925,298.370,3172963
-116.624,46.178,298.068,3172984
-116.785,46.289,297.526,3173005
-116.867,46.552,297.051,3173026
-116.848,46.803,296.629,3173047
-117.028,46.688,296.026,3173068
-117.294,46.643,295.343,3173089
-117.094,46.640,294.988,3173110
-117.106,46.434,294.446,3173131
-117.374,46.392,293.724,3173152
-117.406,46.626,293.162,3173173
-117.497,46.832,292.562,3173194
-117.528,47.012,292.030,3173215
-117.853,47.213,291.287,3173236
-118.249,47.146,290.478,3173257
-118.573,46.962,289.724,3173278
-118.702,46.700,289.122,3173299
-118.808,46.457,288.535,3173320
-119.013,46.249,287.884,3173341
-119.401,46.126,287.116,3173362
-119.345,46.241,286.698,3173383
-119.446,46.436,286.176,3173404
-119.441,46.584,285.729,3173425
-119.410,46.765,285.298,3173446
-119.431,46.940,284.808,3173467
-119.468,46.708,284.291,3173488
-119.536,46.507,283.756,3173509
-119.181,46.335,283.529,3173530
-118.881,46.146,283.252,3173551
-118.527,46.036,283.006,3173572
-118.597,46.182,282.437,3173593
-118.715,46.315,281.830,3173614
-118.500,46.351,281.479,3173635
-118.699,46.259,280.824,3173656
-118.885,46.282,280.186,3173677
-118.996,46.037,279.588,3173698
-118.986,45.767,279.086,3173719
-118.962,45.493,278.603,3173740
-118.672,45.365,278.308,3173761
-118.493,45.489,277.941,3173782
-118.309,45.616,277.559,3173803
-118.268,45.890,277.089,3173824
-118.570,46.011,276.341,3173845
-118.730,46.301,275.704,3173866
-119.073,46.522,274.919,3173887
-119.112,46.354,274.313,3173908
-119.306,46.207,273.604,3173929
-119.731,46.137,272.684,3173950
-119.760,46.093,272.062,3173971
-120.083,45.873,271.227,3173992
-120.340,46.065,270.407,3174013
-120.833,46.212,269.402,3174034
-121.328,46.306,268.393,3174055
-121.835,46.308,267.353,3174076
-122.081,46.052,266.473,3174097
-122.265,45.772,265.613,3174118
-122.252,45.561,264.875,3174139
-122.217,45.372,264.142,3174160
-122.142,45.283,263.384,3174181
-122.175,45.346,262.553,3174202
-122.419,45.442,261.547,3174223
-122.770,45.523,260.440,3174244
-122.889,45.532,259.461,3174265
-123.277,45.522,258.277,3174286
-123.511,45.525,257.135,3174307
-123.869,45.127,255.881,3174328
-123.946,44.748,254.781,3174349
-124.690,44.982,254.276,3174370
-125.099,45.231,253.920,3174391
-125.708,45.385,253.374,3174412
-126.305,45.571,252.827,3174433
-126.704,45.965,252.387,3174454
-127.191,46.097,251.861,3174475
-127.327,46.300,251.542,3174496
-127.320,46.396,251.306,3174517
-127.224,46.426,251.134,3174538
-127.029,45.973,251.011,3174559
-126.630,45.581,251.005,3174580
-126.190,45.219,250.993,3174601
-125.787,44.643,250.942,3174622
-125.540,44.476,250.764,3174643
-125.403,44.273,250.496,3174664
-125.229,43.808,250.259,3174685
-124.937,43.699,250.059,3174706
-124.622,43.187,249.872,3174727
-124.233,42.699,249.771,3174748
-123.857,42.230,249.653,3174769
-123.194,41.839,249.696,3174790
-122.557,41.684,249.724,3174811
-122.331,41.629,249.465,3174832
-121.772,41.598,249.421,3174853
-121.577,41.444,249.100,3174874
-121.364,41.497,248.784,3174895
-121.021,41.648,248.539,3174916
-120.583,41.385,248.350,3174937
-120.098,41.336,248.172,3174958
-119.678,41.235,247.915,3174979
-119.596,41.073,247.399,3175000
-119.344,40.984,246.940,3175021
-119.149,41.006,246.414,3175042
-119.391,41.212,245.572,3175063
-119.541,41.401,244.732,3175084
-119.674,41.609,243.884,3175105
-120.162,41.604,242.759,3175126
-120.230,41.448,241.876,3175147
-120.370,41.203,240.931,3175168
-120.751,41.020,239.811,3175189
-120.886,40.830,238.839,3175210
-121.131,40.643,237.782,3175231
-121.671,40.652,236.545,3175252
-122.192,40.860,235.341,3175273
-122.707,41.088,234.113,3175294
-123.294,41.117,232.836,3175315
-123.903,41.219,231.527,3175336
-124.308,41.423,230.339,3175357
-124.648,41.212,229.219,3175378
-124.669,41.134,228.281,3175399
-124.655,40.974,227.355,3175420
-124.584,40.932,226.468,3175441
-124.473,40.942,225.610,3175462
-124.732,41.053,224.522,3175483
-124.754,40.882,223.576,3175504
-124.711,40.743,222.656,3175525
-124.681,40.911,221.721,3175546
-124.543,41.160,220.848,3175567
-123.930,41.191,220.276,3175588
-123.324,41.372,219.708,3175609
-122.686,41.419,219.149,3175630
-122.047,41.603,218.586,3175651
-121.374,41.797,218.062,3175672
-121.160,41.957,217.223,3175693
-120.954,42.274,216.384,3175714
-120.684,42.324,215.552,3175735
-120.482,42.416,214.648,3175756
-120.281,42.495,213.727,3175777
-119.742,42.494,213.034,3175798
-119.265,42.493,212.304,3175819
-118.741,42.577,211.614,3175840
-118.422,42.924,210.788,3175861
-118.002,43.091,210.040,3175882
-118.031,43.292,208.987,3175903
-118.096,43.350,207.910,3175924
-118.195,43.568,206.783,3175945
-118.387,43.748,205.607,3175966
-118.605,43.819,204.416,3175987
-118.409,43.876,203.505,3176008
-118.301,44.019,202.526,3176029
-118.258,44.180,201.534,3176050
-118.267,44.300,200.469,3176071
-118.339,44.429,199.374,3176092
-118.886,44.503,197.945,3176113
-119.445,44.427,196.485,3176134
-119.989,44.339,195.040,3176155
-120.488,44.237,193.634,3176176
-120.975,44.191,192.252,3176197
-121.024,44.069,191.183,3176218
-121.004,44.049,190.192,3176239
-121.044,44.189,189.155,3176260
-120.066,44.462,189.209,3176281
-119.059,44.476,189.294,3176302
-118.611,44.651,188.947,3176323
-117.753,44.769,188.858,3176344
-117.354,45.008,188.439,3176365
-117.000,44.897,187.972,3176386
-116.791,44.959,187.416,3176407
-116.185,45.008,187.118,3176428
-115.704,45.203,186.737,3176449
-113.144,44.115,144.887,3178360
-112.977,44.122,144.539,3178381
-113.005,44.280,144.041,3178402
-113.295,44.190,143.321,3178423
-113.627,44.195,142.564,3178444
-113.586,44.091,142.046,3178465
-113.914,44.069,141.254,3178486
-114.185,44.004,140.464,3178507
-114.160,44.181,139.860,3178528
-114.270,44.467,139.129,3178549
-114.602,44.793,138.246,3178570
-115.101,45.103,137.237,3178591
-115.667,45.350,136.155,3178612
-115.912,45.244,135.312,3178633
-116.126,45.195,134.471,3178654
-116.650,45.269,133.464,3178675
-116.893,45.232,132.637,3178696
-116.961,45.286,131.939,3178717
-117.122,45.673,131.175,3178738
-117.221,46.036,130.463,3178759
-117.264,46.380,129.785,3178780
-117.610,46.785,128.890,3178801
-117.546,47.148,128.334,3178822
-117.854,47.381,127.505,3178843
-117.947,47.401,126.830,3178864
-117.979,47.417,126.196,3178885
-118.044,47.420,125.522,3178906
-117.906,47.332,124.988,3178927
-117.732,47.635,124.464,3178948
-117.523,47.894,123.912,3178969
-117.193,48.093,123.452,3178990
-116.826,48.255,123.009,3179011
-116.710,48.431,122.379,3179032
-116.223,48.251,122.007,3179053
-115.941,47.998,121.465,3179074
-115.768,47.723,120.814,3179095
-115.391,47.339,120.315,3179116
-115.142,46.918,119.722,3179137
-115.033,46.863,119.035,3179158
-115.037,46.749,118.292,3179179
-114.709,46.549,117.788,3179200
-114.840,46.368,116.938,3179221
-115.073,46.016,116.024,3179242
-115.297,45.618,115.100,3179263
-115.329,45.142,114.299,3179284
-115.432,44.706,113.466,3179305
-115.646,44.292,112.549,3179326
-115.752,43.969,111.696,3179347
-115.951,44.002,110.815,3179368
-116.395,44.112,109.745,3179389
-116.869,44.255,108.673,3179410
-117.464,44.260,107.528,3179431
-121.904,45.586,94.975,3179704
-121.636,45.753,94.492,3179725
-121.319,45.973,94.044,3179746
-121.188,45.921,93.486,3179767
-121.095,46.300,92.892,3179788
-121.167,46.552,92.169,3179809
-121.105,46.550,91.585,3179830
-121.019,46.931,91.036,3179851
-121.007,47.245,90.446,3179872
-120.660,47.169,90.100,3179893
-120.206,47.260,89.862,3179914
-119.808,47.306,89.557,3179935
-119.930,47.487,88.920,3179956
-119.616,47.341,88.593,3179977
-119.270,47.445,88.304,3179998
-119.103,47.680,87.915,3180019
-119.083,47.889,87.448,3180040
-119.039,48.115,87.040,3180061
-119.096,47.942,86.585,3180082
-118.855,47.726,86.401,3180103
-118.587,47.538,86.275,3180124
-118.432,47.305,86.093,3180145
-118.403,47.037,85.817,3180166
-118.414,46.777,85.500,3180187
-118.371,46.897,85.253,3180208
-118.672,47.007,84.738,3180229
-119.005,46.954,84.230,3180250
-119.340,47.018,83.722,3180271
-119.693,47.048,83.194,3180292
-119.939,47.201,82.761,3180313
-119.811,47.039,82.633,3180334
-119.794,46.789,82.399,3180355
-119.567,46.664,82.355,3180376
-119.451,46.415,82.224,3180397
-119.250,46.492,82.180,3180418
-119.275,46.662,81.947,3180439
-119.469,46.748,81.633,3180460
-119.480,46.930,81.461,3180481
-119.693,46.958,81.133,3180503
-119.430,46.765,81.148,3180524
-119.183,46.537,81.134,3180545
-118.997,46.271,81.081,3180566
-118.775,46.033,81.045,3180587
-118.655,46.193,80.968,3180608
-118.421,46.298,80.953,3180629
-118.504,46.475,80.710,3180650
-118.700,46.559,80.382,3180671
-118.859,46.513,80.096,3180692
-118.538,46.440,80.157,3180713
-118.219,46.404,80.212,3180734
-117.977,46.198,80.219,3180755
-117.875,46.386,80.105,3180776
-117.858,46.163,79.952,3180797
-117.740,46.332,79.907,3180818
-117.878,46.514,79.680,3180839
-118.029,46.699,79.457,3180860
-118.331,46.726,79.133,3180881
-118.287,46.500,79.081,3180902
-118.615,46.362,78.755,3180923
-118.581,46.336,78.692,3180944
-119.009,46.216,78.306,3180965
-119.197,46.054,78.092,3180986
-119.781,46.172,77.567,3181007
-120.180,46.454,77.199,3181028
-120.708,46.550,76.704,3181049
-121.067,46.804,76.339,3181070
-121.007,46.800,76.280,3181091
-121.425,46.743,75.863,3181112
-121.838,46.783,75.489,3181133
-121.839,46.607,75.406,3181154
-121.844,46.431,75.320,3181175
-121.750,46.443,75.293,3181196
-121.759,46.249,75.180,3181217
-121.743,46.334,75.075,3181238
-122.011,46.546,74.753,3181259
-122.345,46.617,74.370,3181280
-122.594,46.749,74.046,3181301
-122.834,46.518,73.721,3181322
-122.990,46.258,73.429,3181343
-122.847,46.290,73.381,3181364
-122.536,46.095,73.419,3181385
-122.196,45.827,73.475,3181406
-121.789,45.643,73.574,3181427
-121.379,45.699,73.695,3181448
-121.404,45.750,73.511,3181469
-121.406,45.757,73.344,3181490
-121.246,45.532,73.269,3181511
-121.199,45.493,73.137,3181532
-120.973,45.307,73.144,3181553
-120.627,45.459,73.232,3181574
-120.225,45.335,73.364,3181595
-119.777,45.282,73.525,3181616
-119.331,45.396,73.695,3181637
-119.001,45.605,73.784,3181658
-118.981,45.682,73.651,3181679
-118.970,45.797,73.503,3181700
-118.592,46.019,73.618,3181721
-118.492,45.964,73.531,3181742
-118.059,46.129,73.656,3181763
-117.871,46.036,73.597,3181784
-117.628,46.352,73.560,3181805
-117.428,46.286,73.471,3181826
-117.139,46.165,73.413,3181847
-117.110,46.462,73.140,3181868
-117.081,46.714,72.865,3181889
-117.266,46.834,72.425,3181911
-117.332,47.085,72.030,3181932
-117.144,47.186,71.803,3181953
-117.063,47.042,71.459,3181974
-117.030,46.872,71.051,3181995
-116.946,46.832,70.643,3182016
-117.687,46.940,69.880,3182037
-118.280,47.246,69.193,3182058
-118.979,47.380,68.421,3182079
-119.638,47.436,67.650,3182100
-120.279,47.466,66.879,3182121
-120.862,47.395,66.126,3182142
-121.194,47.076,65.566,3182163
-121.201,46.906,65.235,3182184
-121.611,47.114,64.693,3182205
-121.920,46.859,64.216,3182226
-122.566,46.887,63.452,3182247
-123.229,46.982,62.704,3182268
-123.518,47.144,62.193,3182289
-124.024,47.057,61.553,3182310
-123.972,46.996,61.280,3182331
-124.197,46.813,60.814,3182352
-124.525,46.804,60.282,3182373
-124.325,46.899,60.105,3182394
-124.141,46.987,59.942,3182415
-123.920,47.090,59.817,3182436
-123.598,47.051,59.783,3182457
-123.818,47.289,59.321,3182478
-123.574,47.268,59.204,3182499
-123.706,47.497,58.793,3182520
-122.122,47.084,57.477,3182667
-122.197,47.048,57.054,3182688
-121.761,46.933,57.024,3182709
-121.784,46.882,56.643,3182730
-121.888,46.869,56.236,3182751
-121.946,46.862,55.850,3182772
-122.006,46.865,55.453,3182793
-121.600,46.781,55.392,3182814
-121.364,46.542,55.213,3182835
-121.001,46.514,55.147,3182856
-120.698,46.289,55.014,3182877
-120.545,46.461,54.766,3182898
-120.664,46.553,54.328,3182919
-120.784,46.565,53.868,3182940
-120.921,46.542,53.393,3182961
-121.138,46.612,52.840,3182982
-121.004,46.438,52.532,3183003
-120.655,46.418,52.354,3183024
-120.467,46.264,52.049,3183045
-120.163,46.203,51.816,3183066
-119.819,46.323,51.608,3183087
-119.976,46.505,51.006,3183108
-119.979,46.790,50.500,3183129
-120.126,47.056,49.906,3183150
-120.289,47.296,49.279,3183171
-120.382,47.541,48.667,3183192
-120.184,47.421,48.279,3183213
-120.016,47.526,47.824,3183234
-119.821,47.441,47.417,3183255
-120.124,47.683,46.595,3183276
-120.097,47.885,45.999,3183297
-120.084,47.716,45.371,3183318
-120.433,47.706,44.462,3183339
-120.787,47.711,43.547,3183360
-121.104,47.659,42.646,3183381
-121.368,47.521,41.775,3183402
-121.162,47.425,41.238,3183423
-120.996,47.173,40.666,3183444
-120.784,46.980,40.121,3183465
-120.594,46.831,39.521,3183486
-120.388,46.845,38.936,3183507
-120.587,46.994,38.034,3183528
-120.881,47.010,37.046,3183549
-121.145,47.130,36.063,3183570
-121.463,47.123,35.008,3183591
-121.765,47.094,33.926,3183612
-121.570,47.073,33.182,3183633
-121.356,47.102,32.438,3183654
-121.143,47.101,31.648,3183675
-120.938,47.108,30.852,3183696
-120.729,47.161,30.033,3183717
-120.620,47.393,29.101,3183738
-120.953,47.528,27.839,3183759
-121.278,47.587,26.557,3183780
-121.630,47.746,25.206,3183801
-121.975,47.960,23.864,3183822
-121.836,48.086,22.876,3183843
-121.640,48.143,21.909,3183864
-121.680,48.010,20.760,3183885
-121.509,48.116,19.739,3183906
-121.437,47.930,18.634,3183927
-121.735,47.932,17.262,3183948
-122.059,47.976,15.879,3183969
-122.380,47.980,14.474,3183990
-122.494,47.751,13.223,3184011
-122.752,47.658,11.866,3184032
-122.920,47.430,10.589,3184053
-122.647,47.362,9.615,3184074
-122.413,47.364,8.616,3184095
-122.150,47.366,7.637,3184116
-121.842,47.308,6.684,3184137
-121.809,47.457,5.512,3184158
-121.888,47.203,4.263,3184179
-122.098,47.185,2.905,3184200
-122.148,46.934,1.670,3184221
-122.413,46.838,0.270,3184242
-122.261,46.621,359.181,3184263
-122.229,46.732,357.992,3184284
-122.458,46.554,356.610,3184305
-122.274,46.371,355.520,3184326
-122.259,46.494,354.306,3184347
-122.548,46.580,352.874,3184368
-122.881,46.473,351.415,3184389
-123.269,46.486,349.922,3184410
-123.343,46.181,348.638,3184431
-123.586,45.911,347.230,3184452
-123.451,45.689,346.098,3184473
-123.317,45.692,344.954,3184494
-123.255,45.773,343.758,3184515
-123.264,45.911,342.507,3184536
-123.574,45.796,341.037,3184557
-123.927,45.806,339.524,3184578
-124.143,45.604,338.123,3184599
-124.355,45.410,336.706,3184620
-124.546,45.209,335.319,3184641
-124.366,44.985,334.196,3184662
-124.240,45.084,333.051,3184683
-124.085,45.222,331.910,3184704
-124.078,45.435,330.693,3184725
-124.121,45.676,329.422,3184746
-123.845,45.766,328.382,3184767
-123.836,45.640,327.167,3184788
-123.921,45.590,325.907,3184809
-123.941,45.548,324.694,3184830
-123.857,45.480,323.529,3184851
-124.046,45.617,322.965,3184872
-124.154,45.449,322.649,3184893
-124.201,45.051,322.328,3184914
-124.695,44.965,321.674,3184935
-124.719,44.943,321.334,3184956
-124.705,44.905,321.024,3184977
-124.762,45.020,320.661,3184998
-125.113,44.921,320.088,3185019
-125.424,44.887,319.549,3185040
-125.397,44.750,319.232,3185061
-125.447,44.729,318.851,3185082
-125.169,45.085,318.699,3185103
-124.855,45.498,318.570,3185124
-124.465,45.943,318.502,3185145
-124.103,46.389,318.401,3185166
-123.449,46.645,318.486,3185187
-123.204,46.780,318.283,3185208
-122.857,46.852,318.149,3185229
-122.366,46.824,318.088,3185250
-121.672,46.809,318.176,3185271
-121.263,46.727,318.046,3185292
-120.577,46.725,318.101,3185313
-119.935,46.857,318.093,3185334
-119.443,46.697,318.216,3185355
-119.377,46.715,318.033,3185376
-119.241,46.335,317.858,3185397
-119.159,45.990,317.626,3185418
-119.108,45.604,317.366,3185439
-119.102,45.238,317.054,3185460
-119.194,45.095,316.665,3185481
-119.255,44.820,316.256,3185502
-118.954,44.757,316.094,3185523
-118.802,44.644,315.897,3185544
-118.628,44.589,315.710,3185565
-118.532,44.593,315.438,3185586
-118.557,44.653,315.050,3185607
-118.761,44.500,314.519,3185628
-118.943,44.284,313.984,3185649
-118.893,44.035,313.587,3185670
-118.639,43.970,313.326,3185691
-118.445,43.764,313.059,3185712
-118.214,43.665,312.770,3185733
-118.322,43.857,312.205,3185754
-118.216,44.015,311.766,3185775
-118.420,44.187,311.105,3185796
-118.478,44.479,310.541,3185817
-118.682,44.741,309.862,3185838
-118.686,44.502,309.311,3185859
-118.693,44.328,308.779,3185880
-118.742,44.173,308.204,3185901
-118.739,44.004,307.697,3185922
-118.918,44.261,307.040,3185943
-118.999,44.559,306.490,3185964
-118.900,44.804,306.065,3185985
-119.089,44.684,305.429,3186006
-119.034,44.875,304.958,3186027
-119.319,45.100,304.276,3186048
-119.152,45.144,303.882,3186069
-119.040,44.994,303.447,3186090
-118.829,44.985,303.061,3186111
-118.623,45.068,302.634,3186132
-118.654,45.307,302.032,3186153
-118.438,45.318,301.621,3186174
-118.698,45.301,300.815,3186195
-118.757,45.511,300.141,3186216
-118.948,45.671,299.344,3186237
-119.023,45.448,298.630,3186258
-119.283,45.377,297.779,3186279
-119.332,45.183,297.043,3186300
-119.314,45.019,296.337,3186321
-119.162,44.954,295.698,3186342
-119.462,45.074,294.729,3186363
-119.399,45.336,293.993,3186384
-119.677,45.604,293.019,3186405
-119.802,45.861,292.102,3186426
-120.088,46.080,291.039,3186447
-120.185,45.847,290.100,3186468
-120.551,45.709,288.967,3186489
-120.749,45.413,287.938,3186510
-120.654,45.208,287.098,3186531
-120.801,44.875,286.081,3186552
-120.752,44.857,285.188,3186573
-120.807,44.901,284.192,3186594
-121.180,44.937,282.941,3186615
-121.308,45.007,281.871,3186636
-121.601,45.105,280.664,3186657
-121.720,44.762,279.571,3186678
-121.835,44.405,278.454,3186699
-121.911,44.049,277.331,3186720
-122.115,43.650,276.074,3186741
-122.138,43.442,274.915,3186762
-122.354,43.429,273.590,3186783
-122.803,43.397,272.074,3186804
-123.257,43.152,270.546,3186825
-123.696,43.125,268.999,3186846
-123.947,42.814,267.587,3186867
-124.181,42.557,266.185,3186888
-124.267,42.330,264.858,3186909
-124.780,43.035,264.347,3186930
-125.220,43.639,263.807,3186951
-125.598,44.175,263.266,3186972
-126.293,44.814,262.479,3186993
-126.765,45.345,261.819,3187014
-127.296,45.764,261.064,3187035
-127.872,45.777,260.259,3187056
-128.375,45.898,259.468,3187077
-128.622,45.999,258.819,3187098
-128.402,45.710,258.502,3187119
-128.330,45.245,258.030,3187140
-128.071,44.743,257.698,3187161
-127.587,44.473,257.495,3187182
-127.305,44.370,257.136,3187203
-127.157,43.964,256.676,3187224
-126.993,43.758,256.236,3187245
-126.629,43.778,256.093,3187266
-126.092,43.588,256.050,3187287
-125.760,43.260,255.870,3187308
-125.426,42.921,255.672,3187329
-124.751,42.720,255.675,3187350
-124.098,42.527,255.603,3187371
-123.446,42.480,255.512,3187392
-122.915,42.148,255.325,3187413
-122.662,42.156,254.941,3187434
-122.301,42.236,254.611,3187455
-122.220,42.154,254.197,3187476
-122.174,42.252,253.729,3187497
-121.724,42.250,253.503,3187518
-121.487,41.942,253.132,3187539
-121.319,41.592,252.691,3187560
-121.030,41.218,252.353,3187581
-120.735,40.907,251.995,3187602
-120.655,40.968,251.478,3187623
-120.883,40.838,250.768,3187644
-121.135,40.755,250.033,3187665
-121.265,40.892,249.362,3187686
-121.185,40.989,248.827,3187707
-121.029,41.052,248.368,3187728
-120.945,40.879,247.859,3187749
-120.803,41.053,247.401,3187770
-120.616,41.223,246.981,3187791
-120.816,41.187,246.307,3187812
-121.077,41.388,245.600,3187833
-121.338,41.573,244.889,3187854
-121.628,41.695,244.144,3187875
-121.921,41.910,243.383,3187896
-122.075,41.844,242.727,3187917
-121.890,41.921,242.270,3187938
-121.696,41.963,241.819,3187959
-121.461,42.035,241.394,3187980
-121.198,42.079,240.977,3188001
-120.893,42.176,240.603,3188022
-121.041,42.415,239.902,3188043
-121.197,42.690,239.189,3188064
-121.358,42.799,238.469,3188085
-121.352,43.122,237.823,3188106
-121.195,43.414,237.242,3188127
-121.342,43.442,236.449,3188148
-120.974,43.377,235.982,3188169
-120.632,43.437,235.471,3188190
-120.290,43.482,234.933,3188211
-119.946,43.527,234.409,3188232
-120.019,43.435,233.569,3188253
-120.036,43.286,232.741,3188274
-120.122,43.169,231.869,3188295
-120.144,43.009,231.028,3188316
-120.219,43.021,230.138,3188337
-119.939,42.771,229.502,3188358
-119.538,42.739,228.942,3188379
-119.124,42.706,228.387,3188400
-118.697,42.585,227.823,3188421
-118.412,42.724,227.157,3188442
-118.407,42.957,226.293,3188463
-118.561,42.918,225.334,3188484
-118.643,43.176,224.421,3188505
-118.906,43.198,223.389,3188526
-119.192,43.154,222.358,3188547
-119.220,42.984,221.484,3188568
-119.255,42.826,220.617,3188589
-119.265,42.942,219.771,3188610
-119.296,43.103,218.908,3188631
-119.259,43.179,218.098,3188652
-119.646,43.209,217.014,3188673
-120.009,43.325,215.940,3188694
-120.174,43.572,215.015,3188715
-120.528,43.636,213.976,3188736
-120.659,43.483,213.089,3188757
-120.578,43.697,212.335,3188778
-120.393,43.765,211.661,3188799
-120.284,43.888,210.930,3188820
-120.543,44.232,209.935,3188841
-120.781,44.163,208.969,3188862
-121.166,44.185,207.873,3188883
-121.611,44.210,206.738,3188904
-121.934,44.166,205.664,3188925
-122.346,44.223,204.535,3188946
-122.270,44.436,203.723,3188967
-122.119,44.603,202.961,3188988
-121.969,44.799,202.206,3189009
-121.877,45.100,201.413,3189030
-120.981,45.415,201.403,3189051
-120.082,45.699,201.372,3189072
-119.602,46.033,201.017,3189093
-119.236,46.092,200.548,3189114
-118.914,46.090,200.031,3189135
-118.556,45.965,199.516,3189156
-118.299,45.942,198.908,3189177
-117.940,45.745,198.378,3189198
-117.298,45.719,198.049,3189220
-116.802,45.819,197.625,3189241
-116.372,45.884,197.169,3189262
-116.302,46.075,196.461,3189283
-116.397,45.872,195.653,3189304
-116.348,45.801,194.968,3189325
-116.250,45.605,194.314,3189346
-116.359,45.727,193.506,3189367
-116.067,45.639,192.944,3189388
-115.824,45.503,192.354,3189409
-115.466,45.501,191.867,3189430
-115.477,45.493,191.127,3189451
-115.160,45.580,190.608,3189472
-114.698,45.574,190.194,3189493
-114.684,45.530,189.442,3189514
-114.789,45.562,188.605,3189535
-114.718,45.427,187.865,3189556
-114.822,45.492,187.032,3189577
-114.538,45.536,186.426,3189598
-114.291,45.643,185.766,3189619
-114.173,45.782,184.986,3189640
-114.290,45.987,184.002,3189661
-114.159,45.950,183.167,3189682
-114.535,45.920,181.884,3189703
-114.868,45.739,180.611,3189724
-114.784,45.478,179.584,3189745
-115.118,45.345,178.218,3189766
-115.048,45.103,177.106,3189787
-114.380,45.359,176.407,3189808
-113.788,45.482,176.639,3189829
-113.251,45.667,176.778,3189850
-112.778,45.773,176.773,3189871
-112.369,45.868,176.669,3189892
-112.205,46.053,176.357,3189913
-112.343,45.896,176.061,3189934
-112.464,45.663,175.817,3189955
-112.641,45.404,175.478,3189976
-112.869,45.178,175.068,3189997
-112.954,45.192,174.721,3190018
-112.870,45.060,174.473,3190039
-112.803,44.928,174.197,3190060
-112.856,44.817,173.787,3190081
-113.299,44.942,173.090,3190102
-113.956,44.843,172.490,3190123
-114.435,44.543,172.000,3190144
-114.917,44.296,171.474,3190165
-115.455,44.149,170.882,3190186
-116.043,44.152,170.195,3190207
-116.403,43.876,169.837,3190228
-116.513,43.888,169.616,3190249
-116.566,43.919,169.390,3190270
-116.606,43.973,169.139,3190291
-116.916,43.774,168.885,3190312
-116.847,43.854,168.864,3190333
-117.165,44.023,168.551,3190354
-117.419,43.982,168.423,3190375
-117.490,44.342,168.390,3190396
-117.701,44.362,168.346,3190417
-117.718,44.714,168.411,3190438
-117.362,44.794,168.759,3190459
-117.049,45.024,169.009,3190480
-117.098,45.277,169.033,3190501
-117.159,45.409,168.989,3190522
-117.202,45.383,168.956,3190543
-116.776,45.241,169.274,3190564
-116.611,45.002,169.403,3190585
-116.600,44.833,169.422,3190606
-116.369,44.535,169.629,3190627
-115.928,44.460,169.936,3190648
-115.544,44.471,170.205,3190669
-115.220,44.512,170.403,3190690
-115.244,44.659,170.346,3190711
-114.927,44.581,170.478,3190732
-115.154,44.469,170.206,3190753
-115.455,44.366,169.879,3190774
-115.792,44.193,169.500,3190795
-116.173,43.981,169.051,3190816
-116.613,43.799,168.561,3190837
-116.726,43.789,168.286,3190858
-116.853,43.799,167.977,3190879
-116.961,43.770,167.685,3190900
-117.138,43.822,167.292,3190921
-117.299,43.883,166.893,3190942
-117.781,43.816,166.233,3190963
-118.172,43.634,165.636,3190984
-118.426,43.361,165.118,3191005
-118.826,43.329,164.478,3191026
-119.094,43.198,163.932,3191047
-118.998,43.245,163.590,3191068
-118.938,43.364,163.229,3191089
-119.258,43.581,162.582,3191110
-119.613,43.809,161.900,3191131
-119.553,43.814,161.599,3191152
-119.566,43.653,161.207,3191173
-119.842,43.629,160.609,3191194
-120.041,43.553,160.036,3191215
-119.749,43.526,159.773,3191236
-119.851,43.478,159.239,3191257
-119.624,43.695,158.914,3191278
-119.414,43.949,158.596,3191299
-119.046,44.145,158.369,3191320
-119.084,44.142,157.890,3191341
-118.911,44.398,157.533,3191362
-118.933,44.403,157.023,3191383
-118.531,44.351,156.810,3191404
-118.094,44.358,156.622,3191425
-117.887,44.151,156.270,3191446
-117.788,43.992,155.818,3191467
-117.517,44.129,155.584,3191488
-117.335,44.313,155.291,3191509
-117.081,44.437,155.021,3191530
-116.908,44.609,154.687,3191551
-116.742,44.780,154.320,3191572
-116.919,44.759,153.730,3191593
-117.019,44.557,153.166,3191614
-117.254,44.477,152.511,3191635
-117.343,45.376,128.288,3192664
-117.141,45.163,127.952,3192685
-116.976,44.969,127.590,3192706
-116.827,44.965,127.222,3192727
-117.040,45.194,126.591,3192748
-117.053,45.393,126.111,3192769
-117.390,45.277,125.385,3192790
-117.449,45.464,124.892,3192811
-117.554,45.665,124.378,3192832
-117.945,45.552,123.674,3192853
-118.231,45.407,123.079,3192874
-118.656,45.446,122.418,3192895
-118.595,45.550,122.106,3192916
-118.993,45.660,121.473,3192937
-119.362,45.879,120.901,3192958
-119.392,46.272,120.566,3192979
-119.609,46.663,120.085,3193000
-119.728,47.059,119.674,3193021
-119.404,47.231,119.620,3193042
-119.466,47.287,119.258,3193063
-119.094,47.497,119.222,3193084
-118.696,47.544,119.214,3193105
-118.324,47.475,119.187,3193126
-117.856,47.500,119.205,3193147
-117.535,47.677,119.142,3193168
-117.325,47.853,119.014,3193189
-117.171,48.014,118.864,3193210
-116.923,48.165,118.789,3193231
-116.501,47.853,118.861,3193252
-116.352,47.592,118.721,3193273
-116.265,47.354,118.549,3193294
-115.930,47.025,118.549,3193315
-115.547,46.728,118.564,3193336
-115.602,46.531,118.284,3193357
-115.577,46.625,118.065,3193378
-115.643,46.710,117.765,3193399
-115.440,46.716,117.659,3193420
-115.630,46.734,117.295,3193441
-115.642,46.379,117.080,3193462
-115.708,46.484,116.823,3193483
-115.998,46.392,116.449,3193504
-116.022,46.096,116.250,3193525
-115.905,45.983,116.137,3193546
-115.827,45.831,116.012,3193567
-116.274,45.913,115.501,3193588
-116.589,46.129,115.102,3193609
-117.113,46.124,114.547,3193630
-117.613,46.267,114.013,3193651
-118.124,46.194,113.486,3193672
-118.360,45.951,113.168,3193693
-118.453,45.811,112.976,3193714
-118.763,45.610,112.595,3193735
-118.768,45.540,112.427,3193756
-118.953,45.769,112.125,3193777
-118.991,45.929,111.943,3193798
-119.334,46.209,111.536,3193819
-119.757,46.462,111.081,3193840
-120.246,46.680,110.577,3193861
-120.283,46.571,110.377,3193882
-120.563,46.452,110.002,3193903
-120.886,46.355,109.607,3193924
-121.047,46.186,109.292,3193945
-120.997,46.038,109.135,3193966
-121.262,46.274,108.768,3193987
-121.212,46.402,108.642,3194008
-121.447,46.572,108.280,3194029
-121.437,46.743,108.080,3194050
-121.629,46.650,107.747,3194071
-121.752,46.804,107.465,3194092
-121.366,46.682,107.561,3194113
-120.953,46.662,107.679,3194134
-120.777,46.475,107.609,3194155
-120.296,46.351,107.787,3194176
-120.042,46.149,107.815,3194197
-120.004,46.208,107.663,3194218
-119.715,46.381,107.723,3194239
-119.534,46.562,107.691,3194260
-119.505,46.601,107.554,3194281
-119.093,46.405,107.665,3194302
-118.640,46.444,107.803,3194323
-118.568,46.304,107.667,3194344
-118.180,46.097,107.744,3194365
-118.098,45.912,107.591,3194386
-118.125,46.048,107.361,3194407
-117.851,46.156,107.372,3194428
-117.765,46.338,107.223,3194449
-117.898,46.361,106.914,3194470
-117.866,46.539,106.731,3194491
-117.902,46.727,106.502,3194512
-117.963,46.483,106.264,3194533
-117.980,46.234,106.023,3194554
-117.865,46.055,105.875,3194575
-117.822,45.873,105.689,3194596
-118.208,45.711,105.215,3194617
-118.447,45.863,104.814,3194638
-118.587,45.965,104.489,3194659
-118.970,46.145,103.983,3194680
-119.435,46.224,103.426,3194701
-119.469,45.987,103.160,3194722
-119.528,45.765,102.898,3194743
-119.522,45.930,102.668,3194764
-119.398,45.814,102.526,3194785
-119.714,45.825,102.070,3194806
-119.697,46.066,101.863,3194827
-119.757,46.326,101.600,3194848
-119.991,46.533,101.214,3194869
-120.223,46.721,100.838,3194890
-120.471,46.821,100.457,3194911
-120.156,46.778,100.483,3194932
-119.875,46.659,100.482,3194953
-119.796,46.545,100.370,3194974
-119.386,46.598,100.496,3194995
-118.944,46.673,100.644,3195016
-118.457,46.740,100.851,3195037
-118.083,47.021,100.991,3195058
-117.902,47.341,100.998,3195079
-117.822,47.619,100.919,3195100
-117.704,47.870,100.864,3195121
-117.349,47.691,100.992,3195142
-116.988,47.521,101.109,3195163
-116.456,47.608,101.348,3195184
-116.625,47.979,101.497,3195205
-116.269,48.142,102.000,3195226
-116.088,48.596,102.335,3195247
-115.914,49.004,102.644,3195268
-115.601,49.318,103.027,3195289
-115.655,49.382,103.108,3195310
-115.758,49.537,103.126,3195331
-115.485,49.375,103.409,3195352
-115.163,49.229,103.689,3195373
-115.109,49.023,103.726,3195394
-114.666,48.928,104.015,3195415
-114.198,48.778,104.333,3195436
-114.006,48.834,104.396,3195457
-113.984,48.846,104.274,3195478
-113.980,48.895,104.130,3195499
-114.375,48.937,104.044,3195520
-114.703,49.055,103.939,3195541
-114.969,48.880,103.865,3195562
-115.165,48.667,103.803,3195583
-115.044,48.505,103.940,3195604
-115.024,48.225,103.992,3195625
-115.127,47.994,104.045,3195646
-115.056,48.114,104.222,3195667
-115.096,48.249,104.270,3195688
-115.040,48.318,104.379,3195709
-115.322,48.380,104.243,3195730
-115.599,48.433,104.079,3195751
-115.704,48.082,104.040,3195772
-115.803,47.770,104.066,3195793
-115.713,47.663,104.171,3195814
-115.696,47.393,104.288,3195835
-115.649,47.304,104.409,3195856
-116.103,47.396,104.202,3195877
-116.596,47.477,103.994,3195898
-117.098,47.580,103.788,3195919
-117.707,47.650,103.494,3195940
-118.323,47.609,103.195,3195961
-118.844,47.415,102.944,3195982
-118.970,47.309,102.968,3196003
-119.009,47.219,103.065,3196024
-119.239,46.994,103.018,3196045
-119.242,46.879,103.152,3196066
-119.368,47.090,103.184,3196087
-119.372,46.911,103.279,3196108
-119.708,47.094,103.099,3196129
-119.960,47.241,102.983,3196150
-120.208,47.407,102.867,3196171
-120.281,47.269,102.862,3196192
-120.091,47.111,103.065,3196213
-119.824,46.997,103.326,3196234
-119.463,46.913,103.666,3196255
-119.064,46.951,104.012,3196276
-119.133,47.193,103.996,3196297
-118.967,47.431,104.175,3196318
-118.846,47.639,104.271,3196339
-118.799,47.837,104.312,3196360
-118.795,47.953,104.308,3196381
-118.468,47.625,104.530,3196402
-118.435,47.391,104.519,3196423
-118.025,47.406,104.770,3196444
-117.864,47.083,104.831,3196465
-117.777,46.755,104.862,3196486
-117.632,46.837,104.925,3196507
-117.692,46.878,104.824,3196528
-117.717,46.953,104.732,3196549
-117.417,46.972,105.048,3196570
-117.444,47.130,105.084,3196591
-117.487,46.872,105.092,3196612
-117.245,46.761,105.283,3196633
-117.023,46.641,105.456,3196654
-116.884,46.473,105.547,3196675
-117.065,46.267,105.390,3196696
-117.337,46.447,105.179,3196717
-117.444,46.671,105.089,3196738
-117.812,46.743,104.789,3196759
-118.103,46.852,104.522,3196780
-118.383,46.935,104.250,3196801
-118.522,46.785,104.066,3196822
-118.450,46.572,104.010,3196843
-118.222,46.494,104.057,3196864
-118.320,46.304,103.859,3196885
-118.103,46.332,103.879,3196906
-118.163,46.581,103.658,3196927
-118.145,46.835,103.489,3196948
-118.388,47.031,103.099,3196969
-118.402,47.251,102.857,3196990
-118.618,47.508,102.575,3197011
-118.441,47.404,102.573,3197032
-118.436,47.239,102.426,3197053
-118.252,47.111,102.410,3197074
-118.157,46.934,102.322,3197095
-118.271,46.796,102.113,3197116
-118.570,46.837,101.758,3197137
-118.673,47.062,101.548,3197158
-118.665,47.248,101.422,3197179
-118.802,47.477,101.190,3197200
-119.090,47.441,100.828,3197221
-118.902,47.298,100.816,3197242
-118.692,47.193,100.815,3197263
-118.552,47.201,100.769,3197284
-118.480,46.845,100.649,3197305
-118.508,46.469,100.461,3197326
-118.680,46.542,100.177,3197347
-118.979,46.654,99.944,3197368
-119.314,46.754,99.692,3197389
-119.644,46.720,99.441,3197410
-119.942,46.750,99.209,3197431
-119.808,46.558,99.256,3197452
-119.600,46.356,99.365,3197473
-119.348,46.230,99.491,3197494
-119.108,46.112,99.579,3197515
-118.883,45.968,99.681,3197536
-118.854,46.165,99.594,3197557
-119.026,46.335,99.390,3197578
-119.005,46.540,99.274,3197599
-119.170,46.720,99.037,3197620
-119.339,46.889,98.772,3197641
-119.283,46.679,98.673,3197662
-119.235,46.475,98.529,3197683
-119.085,46.306,98.459,3197704
-119.027,46.129,98.300,3197725
-118.770,46.039,98.289,3197746
-118.629,46.254,98.151,3197767
-118.534,46.478,97.992,3197788
-118.685,46.671,97.629,3197809
-118.913,46.686,97.175,3197830
-118.847,46.885,96.943,3197851
-118.589,46.914,96.814,3197872
-118.465,46.676,96.606,3197893
-118.179,46.729,96.485,3197914
-118.068,46.483,96.306,3197935
-118.253,46.397,96.055,3197956
-118.161,46.616,95.999,3197977
-118.403,46.720,95.685,3197998
-118.556,46.882,95.453,3198019
-118.799,47.035,95.148,3198040
-118.951,46.910,94.887,3198061
-118.934,46.695,94.749,3198082
-118.760,46.546,94.686,3198103
-118.556,46.459,94.670,3198124
-118.638,46.206,94.417,3198145
-118.953,46.266,94.004,3198166
-118.972,46.408,93.793,3198187
-119.043,46.550,93.540,3198208
-119.298,46.572,93.151,3198229
-119.373,46.755,92.971,3198250
-119.622,46.758,92.657,3198271
-119.392,46.578,92.686,3198292
-119.366,46.327,92.579,3198313
-119.264,46.454,92.499,3198334
-119.036,46.297,92.508,3198355
-118.855,46.145,92.480,3198376
-119.161,46.265,92.068,3198397
-119.355,46.470,91.780,3198418
-119.556,46.688,91.476,3198439
-119.799,46.837,91.124,3198460
-119.579,46.688,91.105,3198481
-119.436,46.493,91.084,3198502
-119.201,46.636,91.138,3198523
-119.202,46.481,91.025,3198544
-119.051,46.262,91.013,3198565
-118.960,46.084,90.928,3198586
-118.760,45.921,90.993,3198607
-118.800,46.186,90.906,3198628
-118.871,46.384,90.779,3198649
-118.881,46.602,90.664,3198670
-118.697,46.857,90.683,3198691
-118.464,46.637,90.735,3198712
-118.062,46.624,90.873,3198733
-117.741,46.548,90.999,3198754
-117.531,46.342,91.007,3198775
-117.748,46.381,90.722,3198796
-117.981,46.534,90.440,3198817
-117.799,46.433,90.482,3198838
-118.194,46.435,90.099,3198859
-118.578,46.537,89.743,3198880
-118.539,46.342,89.641,3198901
-118.507,46.296,89.556,3198922
-118.893,46.088,89.142,3198943
-119.186,45.806,88.818,3198964
-119.159,45.584,88.699,3198985
-119.205,45.661,88.553,3199006
-119.474,45.837,88.269,3199027
-119.823,46.039,87.979,3199048
-120.226,45.934,87.649,3199069
-120.630,45.890,87.325,3199090
-121.071,46.110,87.018,3199111
-121.128,46.007,86.965,3199132
-121.026,46.068,87.025,3199153
-121.384,46.117,86.740,3199174
-121.264,46.233,86.793,3199195
-121.174,46.550,86.804,3199216
-121.182,46.929,86.730,3199237
-121.128,47.271,86.681,3199258
-121.123,47.582,86.597,3199279
-121.177,47.818,86.435,3199300
-121.330,47.956,86.241,3199321
-121.148,47.833,86.295,3199342
-120.818,47.928,86.489,3199363
-120.481,47.857,86.671,3199384
-120.645,47.867,86.517,3199405
-120.582,47.693,86.541,3199426
-120.637,47.931,86.467,3199447
-120.949,48.012,86.217,3199468
-121.286,48.097,85.952,3199489
-121.479,48.214,85.800,3199510
-121.817,48.197,85.552,3199531
-121.641,47.942,85.667,3199552
-121.438,47.627,85.823,3199573
-121.220,47.273,85.967,3199594
-121.041,46.891,86.086,3199615
-120.809,46.636,86.245,3199636
-120.675,46.541,86.347,3199657
-120.758,46.481,86.279,3199678
-120.960,46.216,86.129,3199699
-121.163,46.035,85.994,3199720
-120.897,45.673,86.208,3199741
-120.641,45.308,86.411,3199762
-120.302,45.121,86.708,3199783
-120.188,44.832,86.829,3199804
-119.987,44.559,86.992,3199825
-119.950,44.382,87.028,3199846
-120.056,44.568,86.943,3199867
-120.100,44.844,86.925,3199888
-120.144,45.144,86.877,3199909
-120.065,45.467,86.923,3199930
-119.966,45.808,86.981,3199951
-119.650,45.715,87.234,3199972
-119.574,45.662,87.283,3199993
-119.210,45.838,87.522,3200014
-118.809,45.881,87.810,3200035
-118.649,46.176,87.921,3200056
-118.406,46.421,88.071,3200077
-118.333,46.721,88.074,3200098
-118.553,46.853,87.900,3200119
-118.772,46.942,87.704,3200140
-118.942,46.886,87.521,3200161
-118.724,46.830,87.604,3200182
-118.713,47.138,87.529,3200203
-118.618,46.990,87.504,3200224
-118.441,46.868,87.512,3200245
-118.168,46.839,87.576,3200266
-118.113,46.977,87.475,3200287
-118.064,47.085,87.332,3200308
-118.343,46.928,86.955,3200329
-118.624,46.771,86.565,3200350
-118.599,46.755,86.414,3200371
-118.647,46.331,86.219,3200392
-118.859,45.985,85.915,3200413
-118.679,45.702,85.912,3200434
-118.496,45.420,85.914,3200455
-118.460,45.431,85.794,3200476
-118.742,45.450,85.440,3200497
-119.073,45.449,85.040,3200518
-119.399,45.289,84.647,3200539
-119.691,45.388,84.257,3200560
-119.967,45.169,83.896,3200581
-119.945,44.918,83.753,3200602
-120.199,45.138,83.398,3200623
-120.101,45.127,83.300,3200644
-120.224,44.987,83.036,3200665
-120.154,45.109,82.901,3200686
-120.153,45.396,82.738,3200707
-120.503,45.617,82.325,3200728
-120.807,45.722,81.943,3200749
-121.099,45.956,81.556,3200770
-121.298,45.999,81.208,3200791
-121.013,46.041,81.220,3200812
-120.743,46.010,81.215,3200833
-120.586,46.308,81.104,3200854
-120.382,46.454,81.004,3200875
-120.641,46.644,80.559,3200896
-120.681,46.961,80.255,3200917
-120.861,46.945,79.827,3200938
-121.052,47.213,79.411,3200959
-120.784,47.332,79.306,3200980
-120.887,47.295,78.932,3201001
-120.594,47.131,78.871,3201022
-120.488,46.947,78.653,3201043
-120.055,46.898,78.678,3201064
-119.775,46.663,78.604,3201085
-119.538,46.762,78.473,3201106
-119.531,46.894,78.189,3201127
-119.724,46.887,77.746,3201148
-119.936,46.786,77.284,3201169
-120.199,46.683,76.758,3201190
-119.993,46.533,76.554,3201211
-119.775,46.242,76.369,3201232
-119.619,45.956,76.115,3201253
-119.512,45.942,75.829,3201274
-119.373,45.686,75.540,3201295
-119.377,45.800,75.141,3201316
-119.708,45.905,74.479,3201337
-119.870,46.110,73.920,3201358
-120.195,46.228,73.233,3201379
-120.488,46.437,72.547,3201400
-120.722,46.406,71.920,3201421
-120.599,46.318,71.521,3201442
-120.650,46.645,70.983,3201463
-120.664,46.564,70.447,3201484
-120.414,46.588,70.111,3201505
-120.626,46.585,69.449,3201526
-120.819,46.823,68.757,3201547
-121.095,46.922,68.000,3201568
-120.914,46.995,67.581,3201589
-120.937,46.765,66.977,3201610
-120.749,46.770,66.517,3201631
-120.550,46.622,66.046,3201652
-120.536,46.327,65.413,3201673
-120.355,46.133,64.864,3201694
-120.185,45.860,64.298,3201715
-120.269,45.908,63.521,3201736
-120.584,45.867,62.561,3201757
-120.803,45.919,61.670,3201778
-121.038,46.023,60.761,3201799
-121.283,45.889,59.865,3201820
-121.368,45.700,59.050,3201841
-121.156,45.669,58.429,3201862
-121.283,45.966,57.534,3201883
-121.268,45.898,56.689,3201904
-121.158,45.913,55.862,3201925
-121.549,46.221,54.639,3201946
-121.846,46.747,53.432,3201967
-122.401,47.180,52.001,3201988
-122.949,47.543,50.516,3202009
-123.617,48.120,48.901,3202030
-124.317,48.718,47.217,3202051
-124.553,49.080,45.862,3202072
-124.798,49.615,44.481,3202093
-125.170,50.252,42.990,3202114
-125.397,50.712,41.608,3202135
-125.620,51.197,40.209,3202156
-126.370,51.711,38.373,3202177
-127.085,51.925,36.568,3202198
-127.625,51.948,34.885,3202219
-128.138,51.918,33.190,3202240
-128.279,51.789,31.762,3202261
-128.299,51.798,30.392,3202282
-128.254,51.607,29.057,3202303
-128.089,51.456,27.823,3202324
-126.383,51.581,28.271,3202345
-125.171,51.607,28.295,3202366
-124.003,51.733,28.305,3202387
-122.836,51.607,28.327,3202408
-121.749,51.490,28.294,3202429
-120.796,51.322,28.204,3202450
-119.560,51.294,28.314,3202471
-118.457,51.167,28.354,3202492
-117.682,51.128,28.131,3202513
-116.989,51.004,27.845,3202534
-116.385,50.739,27.481,3202555
-116.219,50.242,26.789,3202576
-116.469,50.068,25.766,3202597
-116.875,49.872,24.670,3202618
-117.261,49.442,23.620,3202639
-117.764,49.072,22.504,3202660
-117.929,48.801,21.660,3202681
-118.181,48.531,20.741,3202702
-118.660,48.511,19.654,3202723
-119.537,48.245,18.292,3202744
-120.143,47.841,17.116,3202765
-121.189,47.632,15.647,3202786
-122.296,47.459,14.134,3202807
-123.412,47.205,12.617,3202828
-124.488,46.876,11.106,3202849
-125.403,46.458,9.749,3202870
-126.351,46.452,8.368,3202891
-126.898,46.319,7.266,3202912
-127.385,46.242,6.215,3202933
-127.892,46.263,5.168,3202954
-128.272,46.324,4.206,3202975
-128.863,46.092,3.084,3202996
-129.502,46.021,1.960,3203017
-130.078,46.064,0.869,3203038
-130.374,45.919,359.955,3203059
-130.681,45.842,359.034,3203080
-131.094,45.941,358.032,3203101
-130.966,46.121,357.429,3203122
-130.772,46.176,356.884,3203143
-130.781,46.589,356.183,3203164
-130.634,46.987,355.561,3203185
-130.383,47.385,355.054,3203206
-130.379,47.505,354.344,3203227
-130.227,47.589,353.760,3203248
-129.735,47.588,353.415,3203269
-129.256,47.931,353.064,3203290
-128.651,48.145,352.799,3203311
-128.132,48.419,352.461,3203332
-127.878,48.346,351.929,3203353
-127.639,48.527,351.409,3203374
-126.901,48.570,351.251,3203395
-126.618,48.490,350.759,3203416
-126.254,48.262,350.343,3203437
-125.993,48.076,349.848,3203458
-125.842,47.980,349.273,3203479
-125.365,47.625,348.955,3203500
-125.030,47.262,348.535,3203521
-124.649,47.243,348.159,3203542
-124.323,47.218,347.748,3203563
-123.999,47.133,347.318,3203584
-123.532,46.917,347.025,3203605
-123.254,46.784,346.589,3203626
-123.265,46.334,345.915,3203647
-123.192,45.849,345.336,3203668
-123.128,45.401,344.743,3203689
-123.675,44.937,344.617,3203710
-123.765,44.601,344.819,3203731
-123.898,44.360,344.953,3203752
-124.451,44.254,344.755,3203773
-125.046,44.145,344.519,3203794
-125.429,44.194,344.454,3203815
-125.782,44.304,344.378,3203836
-126.094,44.102,344.328,3203857
-125.998,44.152,344.550,3203878
-126.026,43.997,344.673,3203899
-125.835,44.158,344.938,3203920
-125.636,44.201,345.166,3203941
-125.435,44.573,345.366,3203962
-125.207,44.951,345.557,3203983
-125.090,45.415,345.646,3204004
-124.676,45.692,345.930,3204025
-124.730,45.908,345.851,3204046
-124.683,46.089,345.827,3204067
-124.546,46.231,345.832,3204088
-124.609,46.595,346.070,3204109
-124.576,46.535,346.376,3204130
-124.479,46.443,346.694,3204151
-124.620,46.675,346.783,3204172
-124.373,46.796,347.127,3204193
-124.320,46.984,347.261,3204214
-124.527,46.914,347.355,3204235
-124.212,46.742,347.813,3204256
-124.201,46.813,347.999,3204277
-124.245,46.489,348.150,3204298
-124.110,46.139,348.386,3204319
-124.009,45.739,348.564,3204340
-123.838,45.344,348.790,3204361
-123.661,45.303,348.994,3204382
-123.752,45.386,348.986,3204403
-123.824,45.485,349.001,3204424
-123.699,45.563,349.146,3204445
-123.942,45.468,349.029,3204466
-123.660,45.290,349.257,3204487
-123.785,45.116,349.206,3204508
-123.901,44.934,349.135,3204529
-123.672,44.966,349.296,3204550
-123.826,44.724,349.372,3204571
-123.645,44.754,349.652,3204592
-123.508,44.856,349.881,3204613
-123.423,44.988,350.074,3204634
-123.333,45.134,350.230,3204655
-123.146,45.207,350.408,3204676
-123.170,45.002,350.477,3204697
-123.356,44.936,350.412,3204718
-123.481,44.871,350.410,3204739
-123.468,44.713,350.458,3204760
-123.240,44.621,350.665,3204781
-122.980,44.831,350.883,3204802
-122.881,45.118,350.982,3204823
-122.856,45.475,351.037,3204844
-122.962,45.779,351.153,3204865
-123.065,46.050,351.240,3204886
-123.493,46.055,351.071,3204907
-123.886,46.046,350.916,3204928
-124.202,45.999,350.794,3204949
-124.085,45.930,350.978,3204970
-124.459,46.032,350.771,3204991
-124.534,46.266,350.763,3205012
-124.439,46.434,350.884,3205033
-124.566,46.594,350.831,3205054
-124.359,46.644,351.033,3205075
-124.191,46.744,351.211,3205096
-124.422,46.654,351.085,3205117
-124.573,46.423,351.011,3205138
-124.733,46.247,350.942,3205159
-124.822,46.020,350.914,3205180
-124.948,45.803,350.857,3205201
-124.871,45.968,350.906,3205222
-124.698,46.052,351.052,3205243
-124.564,46.237,351.169,3205264
-124.381,46.395,351.312,3205285
-124.232,46.598,351.430,3205306
-124.379,46.718,351.317,3205327
-124.406,46.633,351.295,3205348
-124.414,46.488,351.284,3205369
-124.236,46.256,351.395,3205390
-124.393,46.287,351.281,3205411
-124.152,46.401,351.437,3205432
-123.915,46.423,351.579,3205453
-123.654,46.204,351.732,3205474
-123.588,46.379,351.738,3205495
-123.485,46.521,351.761,3205516
-123.573,46.333,351.661,3205537
-123.629,46.131,351.561,3205558
-123.730,45.975,351.433,3205579
-123.736,45.816,351.360,3205600
-123.454,45.733,351.494,3205621
-123.215,45.916,351.586,3205642
-123.371,46.142,351.395,3205663
-123.059,46.157,351.524,3205684
-122.888,46.342,351.564,3205705
-123.102,46.424,351.310,3205726
-123.273,46.445,351.084,3205747
-123.348,46.335,350.940,3205768
-123.487,46.265,350.745,3205789
-123.640,46.493,350.526,3205810
-123.686,46.308,350.356,3205831
-123.528,46.478,350.345,3205852
-123.262,46.545,350.408,3205873
-123.018,46.615,350.459,3205894
-122.949,46.822,350.369,3205915
-122.803,47.008,350.335,3205936
-122.992,46.920,350.018,3205957
-123.208,46.889,349.691,3205978
-123.363,46.778,349.406,3205999
-123.294,46.635,349.296,3206020
-123.511,46.540,348.962,3206041
-123.469,46.800,348.832,3206062
-123.279,46.935,348.809,3206083
-123.120,47.105,348.790,3206104
-123.091,47.334,348.667,3206125
-123.054,47.576,348.579,3206146
-123.296,47.551,348.291,3206167
-123.394,47.385,348.106,3206188
-123.591,47.235,347.859,3206209
-123.495,46.979,347.850,3206230
-123.642,47.155,347.645,3206251
-123.506,47.265,347.660,3206272
-123.226,47.257,347.759,3206293
-122.957,47.263,347.857,3206314
-123.103,47.204,347.648,3206335
-123.172,47.298,347.500,3206356
-123.258,47.337,347.335,3206377
-123.180,46.985,347.290,3206398
-122.994,46.640,347.325,3206419
-122.888,46.292,347.299,3206440
-122.687,46.336,347.338,3206461
-122.371,46.284,347.443,3206482
-122.052,46.228,347.521,3206503
-121.976,45.942,347.441,3206524
-121.872,46.118,347.367,3206545
-122.034,46.192,347.083,3206566
-122.273,46.285,346.727,3206587
-122.258,46.137,346.553,3206608
-122.630,45.998,346.581,3206629
-122.813,45.700,346.753,3206650
-123.102,45.448,346.809,3206671
-123.460,45.606,346.795,3206692
-123.577,45.684,346.930,3206713
-123.643,45.759,347.060,3206734
-123.816,45.921,347.075,3206755
-123.909,46.033,347.142,3206776
-124.194,46.280,347.022,3206797
-124.528,46.116,346.841,3206818
-124.927,46.013,346.587,3206839
-125.144,45.873,346.452,3206860
-125.460,45.995,346.399,3207154
-125.375,46.008,346.493,3207175
-125.148,45.959,346.651,3207196
-125.212,45.709,346.595,3207217
-125.252,45.462,346.541,3207238
-125.186,45.187,346.553,3207259
-125.027,44.884,346.613,3207280
-124.703,44.582,346.770,3207301
-124.371,44.677,346.931,3207322
-124.017,44.752,347.072,3207343
-123.650,44.824,347.216,3207364
-123.435,44.869,347.486,3207385
-123.300,44.997,347.677,3207406
-123.511,45.012,347.574,3207427
-123.562,44.865,347.571,3207448
-123.473,44.704,347.657,3207469
-123.262,44.759,347.912,3207490
-123.216,44.601,348.041,3207511
-123.347,44.932,348.028,3207532
-123.310,45.251,348.102,3207553
-123.419,45.595,348.057,3207574
-123.410,45.932,348.107,3207595
-123.718,46.183,347.909,3207616
-124.037,46.202,347.711,3207637
-124.353,46.213,347.494,3207658
-124.687,46.161,347.268,3207679
-125.001,46.065,347.036,3207700
-125.291,46.364,346.866,3207721
-125.458,46.645,346.738,3207742
-125.371,46.680,346.833,3207763
-125.467,46.967,346.763,3207784
-125.671,47.316,346.652,3207805
-125.670,47.507,346.705,3207826
-125.668,47.692,346.798,3207847
-126.100,47.773,346.596,3207868
-126.493,47.828,346.438,3207889
-126.849,47.900,346.311,3207910
-127.048,47.906,346.313,3207931
-127.179,47.874,346.358,3207952
-127.159,48.152,346.503,3207973
-127.118,48.395,346.614,3207994
-126.878,48.494,346.848,3208015
-126.791,48.678,346.960,3208036
-126.929,48.626,346.877,3208057
-126.975,48.485,346.843,3208078
-126.933,48.285,346.856,3208099
-126.803,48.000,346.915,3208120
-126.361,47.706,347.178,3208141
-125.846,47.711,347.477,3208162
-125.458,47.793,347.627,3208183
-124.971,47.822,347.845,3208204
-124.626,47.938,347.948,3208225
-124.569,48.066,347.837,3208246
-124.587,48.046,347.656,3208267
-124.472,47.863,347.565,3208288
-124.368,47.714,347.489,3208309
-123.947,47.458,347.644,3208330
-123.943,47.344,347.470,3208351
-123.468,47.134,347.665,3208372
-123.075,47.156,347.763,3208393
-122.849,47.188,347.777,3208414
-122.549,47.094,348.032,3208435
-122.424,47.050,348.135,3208456
-122.478,46.996,348.098,3208477
-122.681,46.625,347.945,3208498
-122.851,46.203,347.808,3208519
-123.076,45.805,347.611,3208540
-123.198,45.384,347.512,3208561
-123.095,45.254,347.562,3208582
-123.035,45.201,347.588,3208603
-123.031,44.829,347.531,3208624
-122.907,44.737,347.540,3208645
-122.897,44.745,347.474,3208666
-123.057,44.454,347.266,3208687
-123.358,44.273,346.957,3208708
-123.628,44.170,346.623,3208729
-123.631,44.402,346.489,3208750
-123.819,44.281,346.205,3208771
-123.807,44.555,346.046,3208792
-123.767,44.853,345.871,3208813
-123.820,45.166,345.644,3208834
-123.731,45.444,345.490,3208855
-123.928,45.659,345.139,3208876
-123.838,45.945,344.952,3208897
-123.806,45.858,344.749,3208918
-123.767,45.766,344.526,3208939
-123.662,45.650,344.344,3208960
-123.576,45.547,344.128,3208981
-123.130,45.571,344.155,3209002
-122.825,45.819,344.064,3209023
-122.420,45.778,344.032,3209044
-122.379,46.115,343.719,3209065
-122.332,46.458,343.392,3209086
-122.122,46.755,343.197,3209107
-122.180,46.703,342.786,3209128
-122.297,46.677,342.354,3209149
-122.536,46.783,341.825,3209170
-122.278,46.767,341.634,3209191
-122.016,46.697,341.456,3209212
-121.972,46.917,341.122,3209233
-121.728,46.842,340.906,3209254
-121.866,47.039,340.428,3209275
-122.000,46.868,339.936,3209296
-121.805,46.965,339.696,3209317
-122.035,46.963,339.141,3209338
-121.991,46.713,338.751,3209359
-121.978,46.475,338.352,3209380
-121.967,46.227,337.934,3209401
-121.802,46.303,337.637,3209422
-121.982,46.433,337.080,3209443
-122.252,46.269,336.452,3209464
-122.341,46.413,335.984,3209485
-122.325,46.513,335.533,3209506
-122.521,46.264,334.956,3209527
-122.477,45.957,334.544,3209548
-122.772,45.860,333.865,3209569
-122.944,45.685,333.274,3209590
-122.740,45.714,332.951,3209611
-122.967,45.675,332.312,3209632
-122.941,45.918,331.843,3209653
-122.708,46.036,331.545,3209674
-122.396,46.065,331.280,3209695
-122.430,46.319,330.760,3209716
-122.543,46.245,330.182,3209737
-122.319,46.026,329.810,3209758
-122.173,45.793,329.394,3209779
-122.275,45.893,328.784,3209800
-121.957,45.702,328.462,3209821
-121.621,45.779,328.174,3209842
-121.454,46.002,327.772,3209863
-121.566,45.992,327.154,3209884
-121.529,46.219,326.629,3209905
-121.308,46.421,326.228,3209926
-121.006,46.262,325.875,3209947
-121.118,46.251,325.205,3209968
-120.902,46.061,324.762,3209989
-120.552,46.106,324.404,3210010
-120.456,45.950,323.843,3210031
-120.664,46.059,323.047,3210052
-120.462,46.230,322.535,3210073
-120.287,46.043,322.022,3210094
-120.391,46.226,321.305,3210115
-120.551,46.377,320.514,3210136
-120.362,46.466,319.998,3210157
-120.121,46.227,319.543,3210178
-120.005,45.960,318.986,3210199
-119.778,45.788,318.520,3210220
-119.833,45.534,317.872,3210241
-119.624,45.583,317.413,3210262
-119.553,45.738,316.846,3210283
-119.332,45.806,316.402,3210304
-119.326,45.986,315.798,3210325
-119.573,46.028,314.974,3210346
-119.772,45.909,314.187,3210367
-119.857,45.671,313.483,3210388
-119.984,45.464,312.720,3210409
-119.919,45.150,312.127,3210430
-119.616,44.911,311.668,3210451
-119.669,44.641,310.939,3210472
-119.794,44.749,310.155,3210493
-119.944,44.822,309.365,3210514
-120.085,44.982,308.595,3210535
-120.060,45.211,307.918,3210556
-119.719,45.213,307.454,3210577
-119.794,45.137,306.716,3210598
-119.607,45.082,306.129,3210619
-119.348,45.150,305.624,3210640
-119.115,45.202,305.113,3210661
-118.925,45.351,304.575,3210682
-118.889,45.594,303.960,3210703
-119.229,45.769,303.075,3210724
-119.390,45.986,302.345,3210745
-119.784,46.059,301.454,3210766
-120.071,45.878,300.629,3210787
-120.316,45.716,299.858,3210808
-120.551,45.559,299.118,3210829
-120.389,45.560,298.650,3210850
-120.241,45.539,298.165,3210871
-120.537,45.495,297.372,3210892
-120.880,45.703,296.534,3210913
-120.798,45.816,296.015,3210934
-121.016,46.060,295.266,3210955
-120.893,46.003,294.778,3210976
-120.973,45.733,294.141,3210997
-121.228,45.476,293.357,3211018
-121.144,45.300,292.835,3211040
-121.052,45.082,292.312,3211061
-121.335,44.845,291.506,3211082
-121.459,44.952,290.803,3211103
-121.780,44.858,289.978,3211124
-121.971,44.959,289.260,3211145
-122.168,44.998,288.547,3211166
-121.793,44.797,288.233,3211187
-121.905,44.712,287.600,3211208
-121.877,44.473,287.046,3211229
-121.477,44.414,286.727,3211250
-121.130,44.395,286.368,3211271
-121.250,44.259,285.658,3211292
-121.273,44.408,285.007,3211313
-120.985,44.406,284.547,3211334
-120.912,44.552,283.893,3211355
-121.106,44.424,283.038,3211376
-121.296,44.544,282.169,3211397
-121.245,44.281,281.451,3211418
-121.022,44.129,280.822,3211439
-120.827,43.939,280.168,3211460
-120.606,43.781,279.544,3211481
-120.552,44.036,278.795,3211502
-120.676,44.328,277.915,3211523
-120.980,44.454,276.905,3211544
-121.241,44.681,275.913,3211565
-121.308,44.920,275.046,3211586
-121.374,44.718,274.155,3211607
-121.467,44.502,273.232,3211628
-121.581,44.252,272.282,3211649
-121.422,44.166,271.529,3211670
-121.264,43.931,270.743,3211691
-121.477,43.702,269.687,3211712
-121.729,43.674,268.605,3211733
-121.869,43.709,267.581,3211754
-122.035,43.592,266.537,3211775
-122.182,43.424,265.472,3211796
-121.965,43.458,264.653,3211817
-122.535,43.500,263.620,3211838
-122.777,43.602,262.752,3211859
-122.956,43.594,261.910,3211880
-123.102,43.682,261.049,3211901
-123.260,43.768,260.116,3211922
-123.302,43.767,259.209,3211943
-123.707,43.474,258.004,3211964
-123.874,43.447,256.945,3211985
-123.939,43.394,255.952,3212006
-124.170,43.212,254.844,3212027
-124.310,42.862,253.767,3212048
-123.993,42.411,253.010,3212069
-123.749,42.272,252.188,3212090
-123.456,42.208,251.404,3212111
-123.475,41.982,250.442,3212132
-123.558,42.058,249.406,3212153
-123.544,41.948,248.463,3212174
-123.536,41.942,247.512,3212195
-123.458,41.904,246.634,3212216
-123.013,41.797,246.003,3212237
-122.508,42.002,245.403,3212258
-121.949,42.106,244.834,3212279
-121.385,42.236,244.284,3212300
-120.962,42.615,243.632,3212321
-120.526,43.009,242.976,3212342
-120.345,43.502,242.162,3212363
-120.362,43.825,241.187,3212384
-120.429,44.128,240.207,3212405
-120.417,44.614,239.262,3212426
-120.504,44.769,238.240,3212447
-120.414,44.820,237.349,3212468
-120.254,44.842,236.506,3212489
-120.046,45.138,235.709,3212510
-119.830,45.431,234.927,3212531
-119.753,45.778,234.044,3212552
-119.990,45.919,232.913,3212573
-120.248,45.958,231.718,3212594
-120.491,45.963,230.528,3212615
-120.695,45.874,229.394,3212636
-120.454,45.827,228.555,3212657
-120.486,45.573,227.513,3212678
-120.334,45.621,226.585,3212699
-120.231,45.634,225.606,3212720
-120.127,45.635,224.607,3212741
-120.080,45.704,223.579,3212762
-120.409,45.819,222.280,3212783
-120.724,45.683,220.995,3212804
-121.050,45.546,219.728,3212825
-121.436,45.481,218.398,3212846
-121.712,45.336,217.149,3212867
-121.574,45.221,216.193,3212888
-120.987,45.243,215.836,3212909
-120.073,45.392,215.687,3212930
-119.262,45.574,215.434,3212951
-118.515,45.739,215.142,3212972
-118.175,46.061,214.521,3212993
-118.016,46.092,213.768,3213014
-118.049,46.303,212.873,3213035
-118.003,46.284,212.017,3213056
-117.765,46.271,211.311,3213077
-117.711,46.612,210.490,3213098
-117.539,46.715,209.772,3213119
-117.615,47.061,208.901,3213140
-117.677,47.339,208.012,3213161
-117.358,47.417,207.445,3213182
-117.516,47.422,206.541,3213203
-117.780,47.417,205.514,3213224
-118.000,47.242,204.503,3213245
-118.147,47.167,203.535,3213266
-118.341,47.017,202.520,3213287
-118.281,46.825,201.686,3213308
-118.148,46.753,200.898,3213329
-118.178,46.861,199.953,3213350
-118.143,46.912,199.052,3213371
-118.334,47.065,197.942,3213392
-118.183,47.036,197.059,3213413
-118.385,46.838,195.906,3213434
-118.265,46.437,194.972,3213455
-118.156,46.020,194.006,3213476
-118.004,45.577,193.028,3213497
-117.608,45.401,192.203,3213518
-117.207,45.245,191.355,3213539
-116.844,45.193,190.444,3213560
-116.659,45.257,189.352,3213581
-116.364,45.253,188.291,3213602
-111.394,45.582,182.312,3214022
-111.789,45.596,181.671,3214043
-112.141,45.507,181.025,3214064
-112.747,45.507,180.176,3214085
-113.391,45.514,179.273,3214106
-114.084,45.548,178.274,3214127
-114.603,45.377,177.370,3214148
-115.033,45.595,176.537,3214169
-115.342,45.726,175.772,3214190
-115.972,45.934,174.723,3214211
-116.683,46.095,173.598,3214232
-117.304,45.941,172.565,3214253
-118.013,45.835,171.443,3214274
-118.618,45.662,170.389,3214295
-119.090,45.398,169.459,3214316
-119.368,45.475,168.632,3214337
-120.027,45.454,167.571,3214358
-120.144,45.367,166.865,3214379
-120.248,45.355,166.230,3214400
-120.212,45.233,165.694,3214421
-120.350,44.863,165.092,3214442
-120.524,44.604,164.456,3214463
-120.525,44.757,163.978,3214484
-120.145,44.595,163.750,3214505
-119.980,44.454,163.386,3214526
-119.824,44.417,163.017,3214547
-119.241,44.651,162.895,3214568
-118.689,44.937,162.754,3214589
-118.508,45.171,162.323,3214610
-118.128,45.598,162.026,3214631
-117.549,45.864,161.892,3214652
-117.109,46.260,161.621,3214673
-116.925,46.369,161.135,3214694
-116.329,46.488,160.922,3214715
-115.868,46.494,160.558,3214736
-115.415,46.429,160.197,3214757
-115.007,46.790,159.735,3214778
-114.487,47.026,159.330,3214799
-113.910,47.214,158.946,3214820
-113.442,47.462,158.453,3214841
-113.288,47.732,157.719,3214862
-113.199,47.702,156.917,3214883
-112.988,47.593,156.247,3214904
-112.734,47.466,155.627,3214925
-112.685,47.400,154.899,3214946
-112.725,47.344,154.112,3214967
-112.495,47.307,153.551,3214988
-112.415,47.638,152.898,3215009
-112.211,47.805,152.344,3215030
-112.499,47.949,151.423,3215051
-112.483,48.125,150.716,3215072
-112.885,48.102,149.671,3215093
-113.147,47.887,148.770,3215114
-113.370,47.642,147.911,3215135
-113.711,47.419,147.005,3215156
-113.913,47.154,146.228,3215177
-114.501,47.132,145.166,3215198
-114.796,47.276,144.330,3215219
-115.083,47.390,143.514,3215240
-115.762,47.409,142.408,3215261
-116.457,47.389,141.337,3215282
-117.072,46.994,140.296,3215303
-117.473,46.510,139.410,3215324
-117.721,46.064,138.646,3215345
-118.131,45.553,137.781,3215366
-118.735,45.189,136.764,3215387
-119.152,45.124,135.894,3215408
-119.437,45.044,135.108,3215429
-119.692,44.993,134.372,3215450
-120.169,45.006,133.467,3215471
-120.740,45.010,132.509,3215492
-121.206,44.747,131.652,3215513
-121.579,44.496,130.854,3215534
-122.005,44.337,130.051,3215555
-122.013,44.148,129.537,3215576
-122.381,44.246,128.795,3215597
-122.434,44.494,128.238,3215618
-122.364,44.711,127.789,3215639
-122.378,45.045,127.295,3215660
-122.290,45.360,126.886,3215681
-122.463,45.437,126.310,3215702
-122.267,45.404,125.979,3215723
-121.966,45.502,125.716,3215744
-121.640,45.682,125.447,3215765
-121.375,45.689,125.145,3215786
-121.582,45.899,124.489,3215807
-121.600,46.254,123.967,3215828
-121.621,46.555,123.449,3215849
-121.522,46.782,123.011,3215870
-121.714,46.767,122.338,3215891
-121.879,46.842,121.677,3215912
-121.544,46.768,121.365,3215933
-121.278,46.514,120.986,3215954
-121.148,46.181,120.515,3215975
-120.311,44.932,116.116,3216164
-120.048,44.629,115.786,3216185
-119.745,44.391,115.528,3216206
-119.660,44.141,115.122,3216227
-119.484,44.300,114.788,3216248
-119.684,44.361,114.194,3216269
-119.516,44.617,113.854,3216290
-119.743,44.765,113.249,3216311
-119.966,45.004,112.639,3216332
-120.187,45.248,112.049,3216353
-120.094,45.146,111.648,3216374
-119.952,45.105,111.288,3216395
-120.138,45.059,110.701,3216416
-120.174,45.000,110.187,3216437
-120.507,45.412,109.483,3216458
-120.512,45.758,109.006,3216479
-120.971,46.188,108.178,3216500
-121.395,46.663,107.368,3216521
-121.831,47.117,106.547,3216542
-121.974,47.130,105.953,3216563
-122.355,47.151,105.183,3216584
-122.387,47.343,104.661,3216605
-122.467,47.357,104.117,3216626
-122.471,47.538,103.666,3216647
-122.416,47.711,103.255,3216668
-122.656,48.041,102.621,3216689
-123.031,48.084,101.939,3216710
-123.252,48.307,101.359,3216731
-123.575,48.365,100.712,3216752
-123.293,48.185,100.522,3216773
-123.265,47.877,100.157,3216794
-122.848,47.574,100.081,3216815
-122.352,47.344,100.076,3216836
-121.755,47.005,100.161,3216857
-121.521,46.593,99.980,3216878
-121.400,46.517,99.718,3216899
-121.161,46.503,99.543,3216920
-121.064,46.497,99.248,3216941
-121.090,46.326,98.854,3216962
-121.026,46.017,98.499,3216983
-120.810,46.119,98.227,3217004
-120.525,45.927,97.954,3217025
-120.195,45.745,97.714,3217046
-119.859,45.695,97.462,3217067
-119.908,45.588,96.903,3217088
-120.022,45.781,96.291,3217109
-120.049,46.070,95.765,3217130
-120.190,46.350,95.137,3217151
-120.341,46.694,94.507,3217172
-120.365,46.739,93.938,3217193
-120.174,46.813,93.511,3217214
-119.943,47.035,93.092,3217235
-120.001,47.561,92.456,3217256
-120.166,47.651,91.729,3217277
-120.394,48.134,90.917,3217298
-120.512,48.581,90.170,3217319
-120.977,48.837,89.152,3217340
-121.390,49.124,88.135,3217361
-121.800,49.275,87.118,3217382
-121.843,49.037,86.381,3217403
-121.728,48.968,85.756,3217424
-121.936,48.642,84.905,3217445
-121.993,48.245,84.156,3217466
-121.971,47.811,83.458,3217487
-122.348,47.679,82.476,3217508
-122.484,47.618,81.657,3217529
-122.879,47.268,80.656,3217550
-123.355,47.070,79.551,3217571
-123.381,46.932,78.766,3217592
-123.317,46.623,78.026,3217613
-123.219,46.360,77.271,3217634
-123.202,46.335,76.434,3217655
-123.056,46.241,75.640,3217676
-122.940,46.240,74.820,3217697
-122.849,45.968,73.977,3217718
-123.106,46.118,72.855,3217739
-123.379,46.136,71.695,3217760
-123.597,46.340,70.568,3217781
-123.863,46.448,69.389,3217802
-124.018,46.754,68.266,3217823
-123.862,46.729,67.332,3217844
-123.577,46.934,66.466,3217865
-123.297,47.132,65.572,3217886
-123.261,47.110,64.489,3217907
-123.089,47.503,63.486,3217928
-123.116,47.932,62.317,3217949
-123.310,48.137,61.020,3217970
-123.466,48.233,59.733,3217991
-123.504,48.267,58.521,3218012
-123.139,48.480,57.577,3218033
-122.772,48.583,56.614,3218054
-122.397,48.753,55.647,3218075
-122.025,48.906,54.627,3218096
-121.640,49.025,53.594,3218117
-121.486,49.325,52.362,3218138
-121.617,49.364,50.906,3218159
-121.775,49.487,49.412,3218180
-121.884,49.550,47.935,3218201
-121.876,49.500,46.536,3218222
-119.988,49.508,47.025,3218243
-118.219,49.464,47.394,3218264
-116.653,49.515,47.619,3218285
-115.190,49.448,47.782,3218306
-114.209,49.210,47.557,3218327
-113.170,49.107,47.404,3218348
-112.441,49.267,47.018,3218369
-121.020,48.323,57.150,3221687
-121.011,48.478,57.477,3221708
-120.915,48.531,57.854,3221729
-121.236,48.436,57.900,3221750
-121.655,48.396,57.850,3221771
-122.061,48.321,57.779,3221792
-122.464,48.339,57.743,3221813
-122.904,48.275,57.658,3221834
-122.828,48.213,57.932,3221855
-123.210,48.362,57.855,3221876
-123.119,48.223,58.117,3221897
-123.047,48.251,58.374,3221918
-123.355,48.481,58.329,3221939
-123.357,48.659,58.525,3221960
-123.767,48.657,58.409,3221981
-123.809,48.428,58.584,3222002
-124.086,48.261,58.576,3222023
-124.121,48.402,58.758,3222044
-123.975,48.076,59.091,3222065
-123.839,48.119,59.399,3222086
-123.738,47.752,59.684,3222107
-123.405,47.615,60.145,3222128
-123.476,47.670,60.302,3222149
-123.662,47.610,60.375,3222170
-123.347,47.307,60.791,3222191
-123.532,47.213,60.830,3222212
-122.826,46.239,62.203,3223157
-122.571,46.063,62.269,3223178
-122.381,46.097,62.273,3223199
-122.546,46.232,62.042,3223220
-122.717,46.153,61.796,3223241
-122.937,46.096,61.503,3223262
-122.712,46.171,61.518,3223283
-122.675,45.919,61.415,3223304
-122.516,46.065,61.425,3223325
-122.374,45.780,61.414,3223346
-122.043,45.779,61.514,3223367
-121.864,45.946,61.526,3223388
-121.772,46.190,61.474,3223409
-121.962,46.293,61.214,3223430
-122.072,46.227,61.008,3223451
-122.260,46.496,60.722,3223472
-122.267,46.426,60.563,3223493
-121.992,46.533,60.581,3223514
-121.735,46.698,60.535,3223535
-121.499,46.952,60.474,3223556
-121.255,47.100,60.414,3223577
-121.078,47.403,60.290,3223598
-120.908,47.687,60.144,3223619
-121.171,47.716,59.688,3223640
-121.472,47.715,59.203,3223661
-121.871,47.866,58.629,3223682
-122.229,48.064,58.101,3223703
-122.565,48.014,57.575,3223724
-122.580,48.196,57.270,3223746
-122.835,48.005,56.771,3223767
-122.719,47.940,56.554,3223788
-122.725,48.054,56.250,3223809
-123.135,48.064,55.603,3223830
-123.511,48.009,54.999,3223851
-123.842,47.859,54.403,3223872
-124.106,47.614,53.865,3223893
-123.980,47.321,53.589,3223914
-124.128,47.024,53.141,3223935
-123.870,46.939,52.981,3223956
-123.659,46.909,52.795,3223977
-123.348,46.772,52.675,3223998
-123.044,46.608,52.569,3224019
-123.160,46.650,52.151,3224040
-123.243,46.385,51.755,3224061
-123.295,46.133,51.399,3224082
-123.100,45.787,51.230,3224103
-122.917,45.858,51.040,3224124
-122.628,45.821,50.927,3224145
-122.831,45.724,50.452,3224166
-122.566,45.511,50.329,3224187
-122.286,45.514,50.216,3224208
-122.159,45.668,49.980,3224229
-122.359,45.609,49.534,3224250
-122.564,45.653,49.063,3224271
-122.760,45.756,48.595,3224292
-122.744,46.034,48.290,3224313
-122.435,46.023,48.207,3224334
-122.212,45.907,48.053,3224355
-121.909,45.906,47.976,3224376
-122.126,46.052,47.524,3224397
-122.208,45.947,47.153,3224418
-121.938,46.036,47.029,3224439
-121.971,46.304,46.700,3224460
-122.245,46.393,46.187,3224481
-122.461,46.296,45.694,3224502
-122.758,46.395,45.165,3224523
-122.585,46.326,44.979,3224544
-122.405,46.334,44.781,3224565
-122.293,46.418,44.516,3224586
-122.197,46.500,44.279,3224607
-122.057,46.493,44.047,3224628
-122.166,46.725,43.619,3224649
-122.568,46.849,42.983,3224670
-122.966,46.949,42.351,3224691
-123.310,46.939,41.721,3224712
-123.704,46.947,41.048,3224733
-124.033,46.889,40.410,3224754
-124.024,47.090,40.002,3224775
-124.454,47.168,39.295,3224796
-124.451,47.357,38.869,3224817
-124.376,47.509,38.492,3224838
-124.476,47.334,37.971,3224859
-124.719,47.234,37.366,3224880
-124.991,47.206,36.743,3224901
-125.243,47.352,36.105,3224922
-124.948,47.334,35.864,3224943
-124.660,47.139,35.602,3224964
-124.275,47.099,35.426,3224985
-123.893,47.107,35.237,3225006
-123.517,47.117,35.034,3225027
-123.121,47.110,34.843,3225048
-123.186,46.964,34.315,3225069
-123.149,47.062,33.878,3225090
-123.111,46.824,33.434,3225111
-123.060,46.559,32.983,3225132
-122.972,46.275,32.568,3225153
-122.645,45.954,32.304,3225174
-122.180,45.849,32.156,3225195
-121.878,45.915,31.889,3225216
-121.546,45.971,31.648,3225237
-121.230,46.036,31.366,3225258
-120.888,46.075,31.101,3225279
-120.981,46.082,30.517,3225300
-121.106,46.236,29.919,3225321
-121.163,46.158,29.359,3225342
-120.836,46.360,29.090,3225363
-120.490,46.331,28.832,3225384
-120.406,46.639,28.402,3225405
-120.267,46.531,28.017,3225426
-119.845,46.786,27.784,3225447
-119.102,47.225,27.774,3225468
-118.409,47.547,27.753,3225489
-118.288,47.722,27.329,3225510
-118.307,47.890,26.819,3225531
-118.400,47.988,26.257,3225552
-118.479,47.941,25.694,3225573
-117.976,48.242,25.478,3225594
-117.732,48.656,25.074,3225615
-117.651,48.640,24.549,3225636
-117.366,48.799,24.178,3225657
-117.193,49.060,23.757,3225678
-117.171,49.306,23.215,3225699
-117.546,49.277,22.403,3225720
-117.934,49.171,21.612,3225741
-118.359,48.976,20.811,3225762
-118.764,48.725,20.013,3225783
-119.444,48.530,19.021,3225804
-120.156,48.588,17.996,3225825
-120.097,48.653,17.410,3225846
-120.593,48.540,16.424,3225867
-120.807,48.180,15.643,3225888
-121.229,48.208,14.694,3225909
-121.844,48.019,13.598,3225930
-122.412,47.649,12.519,3225951
-122.453,47.604,11.775,3225972
-122.506,47.191,11.027,3225993
-122.641,46.771,10.202,3226014
-122.627,46.627,9.467,3226035
-122.656,46.528,8.672,3226056
-122.776,46.478,7.832,3226077
-122.895,46.356,6.981,3226098
-123.207,46.319,5.984,3226119
-123.874,46.213,5.312,3226140
-124.568,45.742,4.599,3226161
-125.247,45.291,3.860,3226182
-125.837,44.829,3.161,3226203
-126.423,44.403,2.423,3226224
-126.800,44.388,1.841,3226245
-127.425,44.316,1.083,3226266
-127.482,44.108,0.726,3226287
-127.745,44.283,0.227,3226308
-127.806,44.496,359.846,3226329
-127.830,44.570,359.763,3226350
-128.034,44.464,359.562,3226371
-128.026,44.349,359.483,3226392
-128.049,44.318,359.366,3226413
-127.777,44.318,359.454,3226434
-127.421,44.701,359.594,3226455
-126.869,44.942,359.858,3226476
-126.481,45.442,0.023,3226497
-125.898,45.825,0.328,3226518
-125.517,46.265,0.639,3226539
-125.440,46.456,0.690,3226560
-125.177,46.516,0.880,3226581
-125.036,46.700,0.995,3226602
-124.631,46.690,1.267,3226623
-124.172,46.648,1.550,3226644
-123.663,46.964,1.879,3226665
-123.136,47.233,2.220,3226686
-122.726,47.489,2.477,3226707
-122.244,47.678,2.767,3226728
-121.827,47.857,3.017,3226749
-121.284,47.656,3.333,3226770
-121.228,47.518,3.284,3226791
-121.216,47.392,3.205,3226812
-121.189,47.151,3.135,3226833
-121.187,46.903,3.038,3226854
-121.198,47.026,2.949,3226875
-121.024,47.061,2.993,3226896
-120.991,47.156,2.949,3226917
-120.918,47.207,2.903,3226938
-120.744,47.020,2.952,3226959
-120.922,46.731,2.737,3226980
-121.172,46.466,2.457,3227001
-121.446,46.186,2.173,3227022
-121.648,45.856,1.936,3227043
-122.063,45.919,1.521,3227064
-122.086,45.964,1.384,3227085
-122.361,46.067,1.050,3227106
-122.467,46.184,0.825,3227127
-122.493,46.284,0.652,3227148
-122.394,46.279,0.570,3227169
-122.778,46.218,0.113,3227190
-123.100,46.065,359.723,3227211
-123.306,45.866,359.422,3227232
-123.366,45.662,359.222,3227254
-123.162,45.706,359.165,3227275
-123.285,45.999,358.893,3227296
-123.357,46.300,358.665,3227317
-123.409,46.625,358.406,3227338
-123.015,46.740,358.506,3227359
-123.095,46.861,358.239,3227380
-122.620,46.963,358.409,3227401
-122.414,46.812,358.515,3227422
-122.192,46.667,358.598,3227443
-121.972,46.488,358.678,3227464
-121.677,46.668,358.782,3227485
-121.613,46.926,358.704,3227506
-121.698,46.976,358.498,3227527
-121.355,47.097,358.610,3227548
-121.238,47.272,358.514,3227569
-120.848,47.077,358.629,3227590
-120.896,46.764,358.513,3227611
-120.840,46.427,358.432,3227632
-120.996,46.205,358.182,3227653
-121.227,46.050,357.841,3227674
-121.030,46.021,357.773,3227695
-120.874,45.996,357.646,3227716
-120.726,45.989,357.507,3227737
-121.002,46.095,357.045,3227758
-120.962,46.149,356.807,3227779
-121.258,45.969,356.299,3227800
-121.581,45.857,355.747,3227821
-121.936,45.764,355.202,3227842
-122.092,45.533,354.934,3227863
-122.466,45.359,354.495,3227884
-122.614,45.536,354.179,3227905
-122.713,45.682,353.895,3227926
-123.274,45.783,353.293,3227947
-123.558,46.045,352.906,3227968
-123.706,46.290,352.609,3227989
-124.043,46.556,352.183,3228010
-124.318,46.437,351.786,3228031
-124.492,46.316,351.424,3228052
-124.617,46.130,351.129,3228073
-124.433,46.306,351.020,3228094
-124.520,46.174,350.742,3228115
-124.334,46.380,350.621,3228136
-124.239,46.612,350.460,3228157
-123.984,46.828,350.399,3228178
-123.566,46.991,350.433,3228199
-123.356,46.831,350.304,3228220
-123.028,47.006,350.307,3228241
-122.887,46.845,350.148,3228262
-122.796,46.680,350.003,3228283
-122.490,46.447,350.014,3228304
-122.063,46.184,350.165,3228325
-121.544,46.194,350.426,3228346
-121.514,46.095,350.365,3228367
-121.021,46.101,350.603,3228388
-121.090,46.045,350.434,3228409
-120.884,46.184,350.449,3228430
-120.733,45.951,350.385,3228451
-120.778,45.799,350.179,3228472
-120.743,45.589,350.020,3228493
-120.881,45.517,349.720,3228514
-121.005,45.735,349.435,3228535
-120.859,45.882,349.314,3228556
-120.864,46.064,349.093,3228577
-120.845,46.203,348.836,3228598
-120.768,46.284,348.628,3228619
-120.656,46.121,348.367,3228640
-121.056,46.007,347.742,3228661
-121.320,45.799,347.195,3228682
-121.687,45.624,346.524,3228703
-121.973,45.443,345.886,3228724
-121.999,45.606,345.435,3228745
-122.125,45.869,344.881,3228766
-122.141,45.990,344.407,3228787
-122.385,46.280,343.755,3228808
-122.878,46.390,342.905,3228829
-122.898,46.264,342.506,3228850
-123.289,46.140,341.818,3228871
-123.436,45.945,341.286,3228892
-123.491,45.765,340.791,3228913
-123.795,45.952,340.092,3228934
-124.025,46.086,339.438,3228955
-124.039,46.364,338.915,3228976
-123.954,46.648,338.471,3228997
-123.782,46.923,338.067,3229018
-123.478,47.011,337.869,3229039
-123.287,46.782,337.536,3229060
-123.218,46.631,337.095,3229081
-123.193,46.520,336.623,3229102
-122.878,46.319,336.360,3229123
-122.380,46.321,336.204,3229144
-121.959,46.503,335.979,3229165
-121.780,46.393,335.570,3229186
-121.494,46.679,335.237,3229207
-121.172,46.978,334.889,3229228
-120.868,47.307,334.541,3229249
-120.571,47.432,334.181,3229270
-120.349,47.208,333.794,3229291
-120.211,47.020,333.320,3229312
-119.941,46.819,332.969,3229333
-119.733,46.623,332.556,3229354
-119.781,46.747,331.955,3229375
-119.846,46.641,331.358,3229396
-119.418,46.568,331.103,3229417
-119.321,46.716,330.579,3229438
-119.353,46.850,329.968,3229459
-119.023,46.609,329.578,3229480
-118.789,46.380,329.137,3229501
-118.648,46.107,328.612,3229522
-118.407,46.031,328.174,3229543
-118.212,45.958,327.680,3229564
-118.336,46.155,326.985,3229585
-118.670,46.315,326.138,3229606
-118.708,46.482,325.527,3229627
-118.708,46.564,324.929,3229648
-118.838,46.689,324.246,3229669
-118.807,46.586,323.659,3229690
-119.227,46.407,322.737,3229711
-119.500,46.155,321.934,3229732
-119.550,45.944,321.290,3229753
-119.582,45.895,320.654,3229774
-120.118,45.991,319.652,3229795
-120.694,46.043,318.602,3229816
-121.266,46.134,317.561,3229837
-121.825,46.178,316.556,3229858
-122.304,46.077,315.575,3229879
-122.648,45.858,314.689,3229900
-122.983,45.699,313.821,3229921
-123.101,45.424,313.076,3229942
-123.065,45.212,312.428,3229963
-122.991,45.338,311.819,3229984
-122.962,45.532,311.156,3230005
-122.968,45.769,310.481,3230026
-123.204,46.006,309.601,3230047
-123.169,46.232,308.914,3230068
-123.059,46.408,308.303,3230089
-122.991,46.200,307.629,3230110
-123.007,46.006,306.880,3230131
-122.956,45.794,306.164,3230152
-122.763,45.841,305.527,3230173
-122.720,45.631,304.778,3230194
-122.929,45.744,303.816,3230215
-123.066,45.931,302.924,3230236
-123.016,46.156,302.145,3230257
-122.892,46.334,301.410,3230278
-123.051,46.282,300.472,3230299
-122.917,46.050,299.730,3230320
-122.686,45.824,299.060,3230341
-122.616,45.553,298.258,3230362
-122.333,45.247,297.588,3230383
-122.002,45.223,296.918,3230404
-121.859,45.344,296.106,3230425
-122.022,45.293,295.088,3230446
-122.157,45.370,294.074,3230467
-122.296,45.460,293.058,3230488
-122.455,45.457,292.023,3230509
-122.282,45.203,291.202,3230530
-122.143,44.942,290.377,3230551
-121.874,44.709,289.627,3230572
-121.577,44.650,288.895,3230593
-121.757,44.537,287.829,3230614
-121.665,44.606,286.941,3230635
-121.742,44.745,285.916,3230656
-121.980,44.676,284.759,3230677
-122.150,44.766,283.617,3230698
-122.378,44.684,282.458,3230719
-122.184,44.372,281.575,3230740
-122.346,44.532,280.806,3230761
-122.477,44.573,280.036,3230782
-122.710,44.521,279.207,3230803
-122.802,44.727,278.453,3230824
-122.947,44.982,277.656,3230845
-123.434,45.153,276.611,3230866
-123.850,45.292,275.612,3230887
-123.947,45.521,274.855,3230908
-124.010,45.718,274.108,3230929
-123.835,45.457,273.553,3230950
-123.566,45.202,273.055,3230971
-123.244,44.960,272.608,3230992
-122.964,44.844,272.101,3231013
-123.121,44.645,271.319,3231034
-123.150,44.313,270.629,3231055
-123.294,44.116,269.879,3231076
-123.400,43.920,269.162,3231097
-123.321,43.515,268.601,3231118
-122.908,43.361,268.313,3231139
-122.549,42.947,267.968,3231160
-122.135,42.604,267.690,3231181
-121.626,42.392,267.481,3231202
-121.112,42.261,267.306,3231223
-120.568,41.962,267.163,3231244
-120.243,41.998,266.897,3231265
-120.168,41.824,266.466,3231286
-120.098,41.715,266.018,3231307
-120.091,41.698,265.525,3231328
-119.890,41.825,265.162,3231349
-119.652,41.565,264.801,3231370
-119.281,41.505,264.549,3231391
-118.982,41.579,264.257,3231412
-118.683,41.682,263.939,3231433
-118.850,41.849,263.317,3231454
-118.983,42.143,262.752,3231475
-119.185,42.317,262.137,3231496
-119.297,42.278,261.585,3231517
-119.294,42.741,258.316,3231664
-119.669,42.925,257.574,3231685
-120.097,42.943,256.793,3231706
-120.545,42.925,255.999,3231727
-120.996,42.845,255.173,3231748
-121.167,43.080,254.542,3231769
-121.511,42.973,253.773,3231790
-121.623,42.971,253.151,3231811
-121.731,43.169,252.495,3231832
-121.932,43.531,251.769,3231853
-122.370,43.938,250.843,3231874
-122.832,44.048,249.889,3231895
-123.328,44.255,248.890,3231916
-123.649,44.305,247.994,3231937
-124.008,44.481,247.051,3231958
-124.315,44.778,246.153,3231979
-124.056,44.890,245.613,3232000
-123.801,45.146,245.072,3232021
-123.484,45.373,244.547,3232042
-123.039,45.603,244.084,3232063
-122.620,45.899,243.559,3232084
-122.295,46.270,242.974,3232105
-122.122,46.324,242.265,3232126
-121.780,46.245,241.652,3232147
-121.650,46.393,240.864,3232168
-121.409,46.359,240.152,3232189
-120.512,46.379,240.365,3232210
-119.015,46.428,241.024,3232231
-117.617,46.479,241.617,3232252
-116.332,46.529,242.094,3232273
-115.159,46.431,242.474,3232294
-114.581,46.412,242.404,3232315
-114.136,46.479,242.222,3232336
-113.731,46.364,241.989,3232357
-113.443,46.293,241.691,3232378
-113.327,46.282,241.254,3232399
-112.780,46.249,241.122,3232420
-112.369,46.350,240.904,3232441
-112.045,46.468,240.636,3232462
-111.824,46.586,240.278,3232483
-111.687,46.697,239.869,3232504
-111.280,46.823,239.763,3232525
-111.415,46.821,239.253,3232546
-111.564,46.709,238.749,3232567
-111.757,46.766,238.232,3232588
-111.916,46.747,237.757,3232609
-111.651,46.810,237.615,3232630
-111.424,46.855,237.480,3232651
-111.259,46.970,237.310,3232672
-111.151,47.177,237.123,3232693
-111.150,47.441,236.866,3232714
-111.543,47.398,236.307,3232735
-111.955,47.412,235.744,3232756
-112.436,47.419,235.089,3232777
-112.935,47.473,234.418,3232798
-113.522,47.356,233.667,3232819
-114.062,47.303,232.965,3232840
-114.165,47.218,232.589,3232861
-114.239,47.103,232.196,3232882
-114.331,47.095,231.827,3232903
-114.444,47.074,231.424,3232924
-115.007,47.124,230.682,3232945
-115.537,47.017,229.957,3232966
-116.022,46.839,229.275,3232987
-116.573,46.954,228.536,3233008
-117.147,46.911,227.765,3233029
-117.221,46.868,227.350,3233050
-117.312,46.896,226.926,3233071
-117.553,47.057,226.354,3233092
-117.790,47.220,225.792,3233113
-118.058,47.409,225.206,3233134
-118.772,47.449,224.239,3233155
-119.422,47.594,223.323,3233176
-119.976,47.485,222.478,3233197
-120.405,47.309,221.698,3233218
-120.524,47.465,221.114,3233239
-120.436,47.459,220.670,3233260
-120.334,47.508,220.212,3233281
-120.190,47.538,219.766,3233302
-120.098,47.764,219.266,3233323
-119.922,47.944,218.785,3233344
-120.149,47.941,217.981,3233365
-120.372,47.989,217.157,3233386
-120.528,47.927,216.333,3233407
-120.814,48.010,215.421,3233428
-121.095,48.006,214.498,3233449
-120.855,48.049,213.934,3233470
-120.586,47.999,213.386,3233491
-120.440,48.052,212.707,3233512
-120.242,48.039,212.052,3233533
-119.967,47.809,211.397,3233554
-119.689,47.506,210.702,3233575
-119.824,47.229,209.669,3233596
-119.758,46.862,208.755,3233617
-119.490,46.586,207.940,3233638
-118.991,46.340,207.262,3233659
-118.483,46.164,206.517,3233680
-117.980,46.154,205.731,3233701
-117.532,46.195,204.841,3233722
-117.228,46.309,203.770,3233743
-116.944,46.357,202.607,3233764
-117.035,46.179,201.116,3233785
-117.069,45.830,199.586,3233806
-116.526,45.791,199.353,3233827
-116.226,45.623,199.105,3233848
-115.594,45.592,198.965,3233869
-115.015,45.474,199.037,3233890
-114.933,45.200,198.797,3233911
-114.439,45.103,198.868,3233932
-114.302,45.118,198.807,3233953
-114.156,44.831,198.733,3233974
-113.813,44.902,198.786,3233995
-113.680,44.639,198.693,3234016
-113.533,44.334,198.617,3234037
-113.549,44.194,198.390,3234058
-113.530,43.976,198.181,3234079
-113.217,43.954,198.178,3234100
-112.929,43.888,198.156,3234121
-112.976,44.113,197.857,3234142
-112.953,44.323,197.618,3234163
-113.246,44.285,197.173,3234184
-113.664,44.519,196.625,3234205
-114.088,44.613,196.116,3234226
-114.551,44.675,195.579,3234247
-115.040,44.717,195.046,3234268
-115.226,44.938,194.702,3234289
-115.417,45.143,194.379,3234310
-116.090,45.530,193.753,3234331
-116.799,45.543,193.101,3234352
-117.280,45.884,192.609,3234373
-117.800,46.212,192.079,3234394
-118.543,46.563,191.401,3234415
-119.308,46.556,190.697,3234436
-119.832,46.433,190.165,3234457
-120.459,46.338,189.556,3234478
-121.138,46.280,188.906,3234499
-121.301,46.307,188.616,3234520
-121.442,46.341,188.353,3234541
-121.678,46.463,188.014,3234562
-121.733,46.511,187.782,3234583
-122.073,46.295,187.337,3234604
-122.316,46.062,186.961,3234625
-122.410,45.755,186.667,3234646
-122.534,45.545,186.321,3234667
-122.607,45.339,186.004,3234688
-122.236,45.000,185.980,3234709
-121.832,45.009,185.944,3234730
-121.560,45.093,185.821,3234751
-121.381,45.227,185.612,3234772
-120.969,45.275,185.564,3234793
-120.588,45.369,185.479,3234814
-120.061,45.211,185.504,3234835
-119.927,45.001,185.238,3234856
-119.590,44.674,185.109,3234877
-119.203,44.327,184.998,3234898
-118.844,44.420,184.842,3234919
-118.368,44.447,184.724,3234940
-117.965,44.525,184.566,3234961
-117.787,44.662,184.369,3234982
-117.926,44.694,183.934,3235003
-117.925,44.499,183.582,3235024
-118.077,44.453,183.105,3235045
-118.007,44.333,182.760,3235066
-118.215,44.376,182.218,3235087
-118.369,44.377,181.652,3235108
-118.450,44.341,181.113,3235129
-118.260,44.537,180.745,3235150
-118.072,44.776,180.318,3235171
-118.087,45.095,179.730,3235192
-118.347,45.300,178.940,3235213
-118.335,45.556,178.322,3235234
-118.562,45.481,177.486,3235255
-118.429,45.650,176.863,3235276
-118.652,45.556,175.951,3235297
-118.860,45.459,175.061,3235318
-118.880,45.749,174.275,3235339
-118.886,46.008,173.460,3235360
-118.689,46.068,172.792,3235381
-118.459,46.075,172.128,3235402
-118.184,45.958,171.463,3235423
-117.900,46.026,170.771,3235444
-117.986,45.896,169.796,3235465
-117.935,45.637,168.882,3235486
-117.930,45.412,167.938,3235508
-117.687,45.497,167.160,3235529
-117.618,45.696,166.203,3235550
-117.745,45.701,165.116,3235571
-117.472,45.555,164.289,3235592
-117.645,45.685,163.137,3235613
-117.727,45.967,162.040,3235634
-117.536,45.855,161.123,3235655
-117.487,45.725,160.125,3235676
-117.246,45.658,159.253,3235697
-117.219,45.525,158.230,3235718
-117.276,45.403,157.143,3235739
-117.150,45.624,156.215,3235760
-117.088,45.853,155.223,3235781
-116.995,46.044,154.249,3235802
-117.148,46.249,153.117,3235823
-117.351,46.447,151.930,3235844
-117.474,46.210,150.818,3235865
-117.536,45.956,149.737,3235886
-117.420,45.831,148.823,3235907
-117.427,45.640,147.826,3235928
-117.435,45.827,146.834,3235949
-117.787,46.054,145.597,3235970
-117.967,46.281,144.485,3235991
-117.950,46.424,143.530,3236012
-118.333,46.556,142.291,3236033
-118.718,46.461,141.070,3236054
-118.677,46.237,140.160,3236075
-118.805,46.018,139.146,3236096
-118.946,45.802,138.149,3236117
-118.813,45.664,137.379,3236138
-118.673,45.803,136.661,3236159
-118.870,46.067,135.721,3236180
-119.124,46.306,134.756,3236201
-119.419,46.484,133.775,3236222
-119.599,46.418,132.921,3236243
-119.582,46.658,132.208,3236264
-119.557,46.437,131.528,3236285
-119.372,46.276,130.963,3236306
-119.143,46.228,130.444,3236327
-119.178,45.970,129.734,3236348
-119.239,46.154,128.998,3236369
-119.117,46.278,128.401,3236390
-119.222,46.491,127.665,3236411
-119.534,46.596,126.774,3236432
-119.806,46.539,125.914,3236453
-119.912,46.335,125.180,3236474
-119.726,46.190,124.679,3236495
-119.777,45.982,124.008,3236516
-119.789,45.783,123.372,3236537
-119.671,45.602,122.796,3236558
-119.887,45.523,122.030,3236579
-119.843,45.720,121.419,3236600
-120.011,45.876,120.674,3236621
-120.075,46.070,119.989,3236642
-120.235,45.913,119.236,3236663
-120.433,45.787,118.458,3236684
-120.265,45.827,117.978,3236705
-120.095,45.679,117.482,3236726
-119.907,45.578,117.003,3236747
-119.732,45.619,116.496,3236768
-120.040,45.592,115.634,3236789
-120.060,45.776,114.961,3236810
-120.214,45.969,114.202,3236831
-120.569,45.965,113.304,3236852
-120.477,45.992,112.707,3236873
-120.748,46.138,111.844,3236894
-120.704,45.855,111.237,3236915
-120.555,45.686,110.678,3236936
-120.359,45.568,110.163,3236957
-120.291,45.290,109.568,3236978
-120.354,45.474,108.859,3236999
-120.271,45.602,108.278,3237020
-120.381,45.786,107.549,3237041
-120.629,45.785,106.725,3237062
-120.859,45.848,105.895,3237083
-121.005,45.745,105.166,3237104
-120.777,45.544,104.669,3237125
-120.401,45.517,104.284,3237146
-120.148,45.347,103.829,3237167
-120.284,45.534,103.279,3237188
-120.923,45.973,102.373,3237209
-121.426,46.497,101.528,3237230
-121.947,46.824,100.643,3237251
-122.453,47.239,99.748,3237272
-122.877,47.565,98.894,3237293
-122.743,47.791,98.454,3237314
-122.565,47.777,98.039,3237335
-122.312,47.885,97.682,3237356
-122.008,47.935,97.346,3237377
-120.616,46.542,90.650,3237650
-120.825,46.409,89.876,3237671
-120.923,46.059,89.180,3237692
-121.055,46.017,88.408,3237713
-120.764,45.752,87.923,3237734
-120.469,45.455,87.446,3237755
-120.164,45.321,86.961,3237776
-119.882,45.196,86.402,3237797
-120.057,45.118,85.509,3237818
-120.178,45.250,84.653,3237839
-120.352,45.306,83.739,3237860
-120.489,45.493,82.834,3237881
-120.660,45.594,81.890,3237902
-120.750,45.570,81.001,3237923
-120.432,45.697,80.394,3237944
-120.336,45.608,79.612,3237965
-120.122,45.811,78.894,3237986
-119.957,46.057,78.115,3238007
-119.764,46.202,77.343,3238028
-119.913,46.632,76.300,3238049
-120.245,46.975,75.127,3238070
-120.548,47.028,73.966,3238091
-120.691,47.421,72.930,3238112
-120.805,47.350,71.905,3238133
-121.150,47.335,70.669,3238154
-121.153,47.321,69.686,3238175
-121.296,47.556,68.582,3238196
-121.487,47.767,67.431,3238217
-121.814,47.575,66.178,3238238
-122.293,47.732,64.828,3238259
-122.838,47.740,63.408,3238280
-122.825,47.536,62.389,3238301
-123.264,47.317,61.043,3238322
-123.319,46.941,59.987,3238343
-123.166,46.677,59.096,3238364
-122.982,46.416,58.210,3238385
-122.739,46.131,57.381,3238406
-122.555,46.160,56.525,3238427
-122.232,46.019,55.767,3238448
-122.384,45.970,54.668,3238469
-122.532,45.926,53.570,3238490
-122.645,45.837,52.483,3238511
-122.763,45.772,51.420,3238532
-122.885,45.944,50.365,3238553
-122.585,45.802,49.616,3238574
-122.261,45.838,48.879,3238595
-122.146,46.091,48.002,3238616
-121.794,46.179,47.289,3238637
-121.477,46.274,46.552,3238658
-121.115,46.226,45.838,3238679
-121.197,46.209,44.807,3238700
-121.203,46.162,43.821,3238721
-121.210,46.079,42.820,3238742
-121.294,46.282,41.761,3238763
-120.920,46.313,41.032,3238784
-121.035,46.251,39.965,3238805
-121.161,46.500,38.880,3238826
-120.894,46.552,38.089,3238847
-120.710,46.702,37.245,3238868
-121.023,46.830,36.045,3238889
-121.346,46.783,34.824,3238910
-121.637,46.669,33.628,3238931
-121.700,46.436,32.602,3238952
-122.099,46.448,31.351,3238973
-122.204,46.588,30.283,3238994
-122.179,46.563,29.334,3239015
-122.260,46.628,28.306,3239036
-122.297,46.600,27.329,3239057
-122.422,46.324,26.303,3239078
-122.973,46.217,24.988,3239099
-123.499,46.079,23.705,3239120
-124.022,45.907,22.447,3239141
-124.467,45.637,21.222,3239162
-124.820,45.373,20.061,3239183
-124.975,45.448,19.044,3239204
-125.115,45.552,18.056,3239225
-125.361,45.703,16.967,3239246
-125.306,45.725,16.106,3239267
-125.306,45.860,15.190,3239288
-125.613,45.872,14.067,3239309
-125.588,45.661,13.166,3239330
-125.368,45.444,12.384,3239351
-124.510,45.216,9.280,3239435
-124.138,45.416,8.605,3239456
-124.094,45.153,8.651,3239477
-124.310,44.682,8.498,3239498
-124.518,44.305,8.281,3239519
-124.609,43.930,8.077,3239540
-124.716,43.586,7.831,3239561
-124.492,43.261,7.778,3239582
-124.167,43.159,7.762,3239603
-124.080,43.312,7.525,3239624
-123.936,43.486,7.293,3239645
-123.682,43.595,7.091,3239666
-123.444,43.777,6.845,3239687
-123.179,43.997,6.579,3239708
-123.294,44.073,6.025,3239729
-123.521,43.993,5.634,3239750
-123.756,43.966,5.202,3239771
-123.947,43.920,4.750,3239792
-124.122,43.909,4.270,3239813
-124.069,44.116,4.095,3239834
-124.080,44.385,3.850,3239855
-124.474,44.450,3.401,3239876
-124.563,44.713,3.215,3239897
-124.470,44.734,3.164,3239918
-124.748,44.669,2.894,3239939
-124.884,44.955,2.745,3239960
-124.955,44.800,2.646,3239981
-125.146,45.050,2.443,3240002
-125.022,44.873,2.451,3240023
-124.888,45.054,2.460,3240044
-124.608,45.133,2.577,3240065
-124.737,45.112,2.353,3240086
-124.531,45.329,2.384,3240107
-124.525,45.212,2.266,3240128
-124.367,44.955,2.296,3240149
-124.087,44.677,2.416,3240170
-123.908,44.379,2.497,3240191
-123.474,44.216,2.749,3240212
-123.263,43.850,2.856,3240233
-123.141,43.914,2.926,3240254
-122.933,43.970,3.085,3240275
-122.654,44.013,3.258,3240296
-122.489,44.094,3.332,3240317
-122.512,44.210,3.263,3240338
-122.621,44.289,3.102,3240359
-122.609,44.094,3.013,3240380
-122.523,43.887,2.937,3240401
-122.225,43.674,3.011,3240422
-122.325,43.850,2.797,3240443
-121.992,43.937,2.943,3240464
-122.100,43.855,2.798,3240485
-121.939,44.130,2.841,3240506
-121.826,44.388,2.856,3240527
-122.141,44.447,2.630,3240548
-122.475,44.527,2.378,3240569
-122.657,44.437,2.256,3240590
-122.556,44.407,2.290,3240611
-122.531,44.633,2.271,3240632
-122.622,44.485,2.148,3240653
-122.575,44.717,2.076,3240674
-122.711,45.006,1.869,3240695
-122.716,45.315,1.731,3240716
-122.820,45.643,1.509,3240737
-122.772,45.977,1.386,3240758
-122.633,46.218,1.366,3240779
-122.698,46.124,1.185,3240800
-122.663,45.977,1.076,3240821
-122.768,45.825,0.877,3240842
-122.651,45.959,0.839,3240863
-122.476,46.025,0.859,3240884
-122.769,46.021,0.532,3240905
-123.012,45.911,0.258,3240926
-122.841,45.934,0.250,3240947
-123.078,45.907,359.979,3240968
-122.988,45.628,359.944,3240989
-123.081,45.399,359.766,3241010
-122.868,45.134,359.789,3241031
-122.824,44.853,359.699,3241052
-122.486,44.742,359.792,3241073
-122.390,44.876,359.690,3241094
-122.320,45.014,359.581,3241115
-122.490,44.993,359.300,3241136
-122.479,45.175,359.120,3241157
-122.660,45.229,358.806,3241178
-122.606,44.990,358.661,3241199
-122.695,44.815,358.385,3241220
-122.770,44.662,358.145,3241241
-122.605,44.443,358.041,3241262
-122.429,44.618,357.948,3241283
-122.305,44.861,357.828,3241304
-122.077,45.066,357.758,3241325
-121.860,45.345,357.682,3241346
-121.805,45.687,357.483,3241367
-121.527,45.827,357.409,3241388
-121.641,45.811,357.065,3241409
-121.652,45.753,356.764,3241430
-121.701,45.689,356.395,3241451
-121.499,45.867,356.195,3241472
-121.536,46.195,355.779,3241493
-121.756,46.463,355.211,3241514
-122.038,46.473,354.598,3241535
-121.870,46.538,354.279,3241556
-121.966,46.716,353.830,3241577
-121.938,46.720,353.486,3241598
-122.173,46.461,352.943,3241619
-122.285,46.175,352.480,3241640
-122.576,45.963,351.871,3241661
-122.658,45.699,351.406,3241682
-122.726,45.864,350.929,3241703
-122.925,46.053,350.338,3241724
-122.918,45.823,349.899,3241745
-123.085,46.045,349.305,3241766
-123.054,46.242,348.817,3241787
-123.200,46.145,348.197,3241808
-123.229,46.008,347.652,3241829
-123.261,45.892,347.102,3241850
-122.894,45.821,346.809,3241871
-122.949,45.760,346.221,3241892
-122.673,45.980,345.850,3241913
-122.425,46.206,345.468,3241934
-122.174,46.432,345.111,3241955
-121.876,46.637,344.785,3241976
-121.743,46.867,344.319,3241997
-121.730,46.707,343.761,3242018
-121.745,46.558,343.188,3242039
-121.683,46.689,342.632,3242060
-121.614,46.403,342.068,3242081
-121.632,46.172,341.446,3242102
-121.373,46.172,341.013,3242123
-121.213,46.314,340.535,3242144
-121.478,46.396,339.740,3242165
-121.673,46.275,339.005,3242186
-121.781,46.468,338.327,3242207
-121.535,46.353,337.904,3242228
-121.632,46.161,337.226,3242249
-121.681,45.938,336.600,3242270
-121.509,45.835,336.144,3242291
-121.459,45.582,335.593,3242312
-121.319,45.521,335.114,3242333
-121.356,45.644,334.513,3242354
-121.449,45.779,333.838,3242375
-121.495,45.947,333.201,3242396
-121.795,46.047,332.411,3242417
-122.067,45.896,331.628,3242438
-122.078,45.629,331.011,3242459
-122.393,45.566,330.203,3242480
-122.426,45.325,329.593,3242501
-122.262,45.344,329.123,3242522
-122.351,45.584,328.472,3242543
-122.687,45.706,327.634,3242564
-122.982,45.690,326.823,3242585
-122.984,45.911,326.229,3242606
-122.906,46.084,325.670,3242627
-122.710,45.938,325.227,3242648
-122.553,45.830,324.749,3242669
-122.759,45.715,324.009,3242690
-122.749,45.515,323.425,3242711
-122.614,45.619,322.922,3242732
-122.601,45.805,322.326,3242753
-122.613,45.973,321.714,3242774
-122.968,45.945,320.867,3242795
-123.188,46.137,320.093,3242816
-123.397,46.315,319.312,3242837
-123.300,46.155,318.756,3242858
-123.281,45.911,318.154,3242879
-123.256,45.685,317.539,3242900
-123.267,45.421,316.882,3242921
-123.356,45.592,316.157,3242942
-123.653,45.618,315.287,3242963
-123.899,45.472,314.465,3242984
-124.124,45.519,313.644,3243005
-124.321,45.619,312.805,3243026
-124.314,45.789,312.086,3243047
-124.178,45.558,311.463,3243068
-123.959,45.408,310.874,3243089
-124.060,45.296,310.079,3243110
-123.861,45.156,309.503,3243131
-124.012,45.142,308.659,3243152
-123.800,45.350,308.075,3243173
-123.677,45.605,307.401,3243194
-123.631,45.879,306.701,3243215
-123.589,46.157,306.012,3243236
-123.796,46.148,305.159,3243257
-123.485,46.096,304.683,3243278
-123.225,45.941,304.155,3243299
-123.071,45.781,303.584,3243320
-122.891,45.612,303.039,3243341
-122.589,45.681,302.605,3243362
-122.762,45.802,301.802,3243383
-122.939,45.881,301.039,3243404
-123.136,45.870,300.283,3243425
-123.172,46.004,299.638,3243446
-123.622,46.202,299.047,3243467
-123.690,46.080,298.709,3243488
-123.664,46.025,298.446,3243509
-123.610,45.866,298.165,3243530
-123.516,45.841,297.915,3243551
-123.343,45.677,297.715,3243572
-123.247,45.654,297.444,3243593
-123.431,45.283,296.994,3243614
-123.660,45.089,296.471,3243635
-123.645,44.981,296.137,3243656
-123.737,44.533,295.719,3243677
-123.459,44.103,295.530,3243698
-123.209,43.714,295.312,3243719
-122.948,43.257,295.090,3243740
-122.693,42.943,294.835,3243761
-122.701,42.880,294.399,3243782
-122.933,42.710,293.778,3243803
-123.124,42.391,293.172,3243824
-123.224,42.019,292.614,3243845
-123.342,41.949,292.067,3243866
-123.392,41.690,291.548,3243887
-123.047,41.435,291.291,3243908
-122.642,41.231,291.069,3243929
-122.231,41.207,290.833,3243950
-121.845,41.304,290.608,3243971
-121.457,41.484,290.379,3243992
-121.425,41.795,289.923,3244013
-121.393,42.146,289.458,3244034
-121.414,42.262,288.973,3244055
-121.472,42.397,288.459,3244076
-121.439,42.818,287.997,3244097
-121.114,42.950,287.707,3244118
-120.931,43.262,287.319,3244139
-120.744,43.299,286.924,3244160
-120.564,43.438,286.539,3244181
-120.415,43.445,286.146,3244202
-120.759,43.661,285.429,3244223
-121.128,43.695,284.687,3244244
-121.530,43.783,283.916,3244265
-121.891,43.725,283.184,3244286
-122.296,43.767,282.440,3244307
-122.268,43.555,281.987,3244328
-122.263,43.336,281.534,3244349
-122.191,43.116,281.143,3244370
-122.066,43.181,280.794,3244391
-121.964,43.234,280.415,3244412
-122.164,43.003,279.858,3244433
-122.408,43.080,279.264,3244454
-122.509,43.182,278.774,3244475
-122.553,43.294,278.347,3244496
-122.293,43.038,278.120,3244517
-122.334,42.759,277.708,3244538
-122.115,42.805,277.468,3244559
-121.828,42.789,277.268,3244580
-121.536,42.889,277.080,3244601
-121.692,43.082,276.607,3244622
-121.474,43.004,276.395,3244643
-121.587,43.083,275.945,3244664
-121.729,43.242,275.498,3244685
-121.870,43.466,275.034,3244706
-121.843,43.435,274.683,3244727
-122.043,43.703,274.177,3244748
-121.896,43.636,273.921,3244769
-121.594,43.772,273.809,3244790
-121.314,43.849,273.640,3244811
-121.053,43.994,273.486,3244832
-121.200,44.131,273.050,3244853
-121.364,44.194,272.595,3244874
-121.521,44.115,272.156,3244895
-121.427,44.281,271.888,3244916
-121.600,44.340,271.445,3244937
-121.421,44.106,271.257,3244958
-121.213,44.051,271.092,3244979
-121.053,43.882,270.891,3245000
-120.988,43.913,270.619,3245021
-121.232,44.046,270.134,3245042
-121.214,44.084,269.843,3245063
-121.566,43.964,269.296,3245084
-121.912,43.848,268.754,3245105
-122.242,43.731,268.244,3245126
-122.549,43.633,267.737,3245147
-122.463,43.345,267.499,3245168
-122.299,43.094,267.331,3245189
-122.088,43.163,267.187,3245210
-121.823,43.202,267.085,3245231
-121.537,43.273,267.014,3245252
-121.507,43.514,266.790,3245273
-121.694,43.508,266.412,3245294
-121.834,43.691,266.055,3245315
-121.945,43.667,265.739,3245336
-121.767,43.498,265.595,3245357
-121.473,43.570,265.530,3245378
-121.199,43.724,265.463,3245399
-120.916,43.738,265.382,3245420
-120.638,43.735,265.280,3245441
-120.686,43.567,264.946,3245462
-120.879,43.736,264.520,3245483
-121.081,43.715,264.102,3245504
-121.215,43.619,263.718,3245525
-121.419,43.604,263.271,3245546
-121.649,43.653,262.800,3245567
-121.435,43.743,262.642,3245588
-121.311,43.958,262.430,3245609
-121.075,44.022,262.276,3245630
-120.885,44.107,262.097,3245651
-120.700,44.190,261.884,3245672
-120.938,44.439,261.390,3245693
-121.205,44.457,260.869,3245714
-121.524,44.506,260.290,3245735
-121.836,44.553,259.733,3245756
-122.174,44.583,259.132,3245777
-122.089,44.398,258.824,3245798
-121.955,44.430,258.525,3245819
-121.787,44.467,258.259,3245840
-121.702,44.598,257.934,3245861
-121.717,44.776,257.519,3245882
-121.920,44.658,256.983,3245903
-122.151,44.624,256.417,3245924
-122.258,44.791,255.920,3245945
-122.372,44.931,255.410,3245966
-122.481,44.758,254.918,3245987
-122.122,44.683,254.751,3246008
-121.762,44.581,254.565,3246029
-121.491,44.618,254.288,3246050
-121.144,44.421,254.073,3246071
-120.790,44.476,253.869,3246092
-120.836,44.354,253.355,3246113
-120.065,44.546,253.718,3246134
-119.184,44.540,254.168,3246155
-118.782,44.473,254.274,3246176
-118.342,44.342,254.391,3246197
-117.677,44.273,254.639,3246218
-117.045,44.302,254.835,3246239
-116.486,44.357,254.959,3246260
-115.983,44.468,255.018,3246281
-115.706,44.789,254.926,3246302
-115.501,45.029,254.941,3246323
-115.246,44.987,254.996,3246344
-114.742,45.183,255.200,3246365
-114.674,45.179,255.129,3246386
-114.569,45.177,255.146,3246407
-114.113,45.125,255.374,3246428
-113.761,45.155,255.502,3246449
-113.817,45.111,255.382,3246470
-113.723,45.327,255.389,3246491
-113.658,45.474,255.321,3246512
-113.968,45.496,255.028,3246533
-114.291,45.457,254.747,3246554
-114.664,45.377,254.438,3246575
-115.042,45.327,254.158,3246596
-115.325,45.562,253.929,3246617
-115.704,45.459,253.646,3246638
-115.862,45.242,253.537,3246659
-116.032,45.441,253.419,3246680
-116.006,45.420,253.421,3246701
-116.050,45.504,253.386,3246722
-116.027,45.458,253.388,3246743
-116.523,45.580,253.021,3246764
-116.948,45.725,252.684,3246785
-117.439,45.539,252.294,3246806
-117.896,45.396,251.943,3246827
-118.260,45.169,251.631,3246848
-118.324,45.160,251.511,3246869
-118.379,45.132,251.406,3246890
-118.473,45.119,251.220,3246911
-119.016,45.217,250.739,3246932
-119.548,45.035,250.231,3246953
-120.139,44.963,249.694,3246974
-120.634,44.761,249.226,3246995
-121.153,44.627,248.721,3247016
-121.648,44.457,248.219,3247037
-121.662,44.425,248.031,3247058
-121.685,44.432,247.819,3247079
-121.640,44.424,247.670,3247100
-121.699,44.495,247.436,3247121
-121.610,44.373,247.281,3247142
-121.948,44.340,246.831,3247163
-122.260,44.137,246.394,3247184
-122.128,44.088,246.243,3247205
-122.375,43.877,245.831,3247226
-122.576,43.620,245.443,3247247
-122.425,43.654,245.292,3247268
-122.221,43.630,245.192,3247289
-122.001,43.665,245.100,3247310
-121.782,43.807,245.012,3247331
-121.510,43.938,244.938,3247352
-121.670,44.006,244.538,3247373
-121.813,44.148,244.146,3247394
-121.940,44.328,243.751,3247415
-121.892,44.293,243.461,3247436
-121.894,44.282,243.118,3247457
-121.555,44.466,243.012,3247478
-121.204,44.629,242.900,3247499
-120.916,44.828,242.760,3247520
-120.599,44.996,242.607,3247541
-120.346,45.221,242.397,3247562
-120.500,45.472,241.874,3247583
-120.678,45.478,241.344,3247604
-120.961,45.517,240.730,3247625
-121.276,45.624,240.055,3247646
-121.087,45.601,239.736,3247667
-120.923,45.601,239.368,3247688
-120.759,45.699,239.002,3247709
-120.635,45.883,238.637,3247730
-120.776,45.753,238.086,3247751
-120.152,45.985,238.117,3247772
-119.957,46.007,237.862,3247793
-119.818,46.116,237.563,3247814
-119.324,45.936,237.496,3247835
-119.042,45.908,237.316,3247856
-118.786,45.820,237.097,3247877
-118.305,45.977,237.018,3247898
-117.808,46.014,236.929,3247919
-124.746,47.183,108.938,3251216
-124.966,46.972,108.161,3251237
-124.939,46.997,107.555,3251258
-124.999,46.852,106.892,3251279
-124.798,46.691,106.407,3251300
-124.964,46.750,105.681,3251321
-124.607,46.434,105.319,3251342
-124.158,46.162,105.024,3251363
-123.716,46.130,104.724,3251384
-123.166,45.769,104.468,3251405
-122.606,45.408,104.230,3251426
-122.161,45.424,103.865,3251447
-121.946,45.480,103.355,3251468
-121.584,45.596,102.942,3251489
-121.320,45.405,102.460,3251510
-120.814,45.139,102.144,3251531
-120.477,44.971,101.711,3251552
-119.802,45.070,101.522,3251573
-119.102,45.095,101.350,3251594
-118.456,45.164,101.123,3251615
-118.029,45.016,100.747,3251636
-117.864,45.306,100.188,3251657
-117.546,45.607,99.734,3251678
-117.429,45.921,99.159,3251699
-117.545,46.129,98.421,3251720
-117.727,46.136,97.601,3251741
-117.861,46.041,96.812,3251762
-117.740,46.073,96.189,3251783
-117.840,46.372,95.407,3251804
-117.891,46.505,94.641,3251825
-117.988,46.702,93.813,3251846
-118.658,46.928,92.563,3251867
-119.366,47.171,91.271,3251888
-120.076,47.449,89.939,3251909
-120.819,47.731,88.582,3251930
-121.506,47.809,87.229,3251951
-122.047,47.761,85.959,3251972
-122.277,47.924,84.910,3251993
-122.458,47.955,83.867,3252014
-122.866,47.779,82.661,3252035
-123.060,47.866,81.562,3252056
-123.256,47.989,80.434,3252077
-123.835,47.979,79.000,3252098
-124.366,47.995,77.590,3252119
-124.818,47.896,76.208,3252140
-125.218,47.864,74.870,3252161
-125.220,47.654,73.833,3252182
-125.041,47.687,72.925,3252203
-124.935,47.825,71.941,3252224
-124.798,47.956,70.975,3252245
-124.723,47.864,69.966,3252266
-125.016,48.108,68.677,3252287
-125.435,48.077,67.274,3252308
-125.849,48.141,65.874,3252329
-126.159,48.023,64.560,3252350
-126.095,47.776,63.518,3252371
-126.375,47.827,62.227,3252392
-126.106,47.717,61.330,3252413
-125.751,47.604,60.470,3252434
-125.466,47.597,59.545,3252455
-125.103,47.419,58.661,3252476
-124.897,47.504,57.650,3252497
-124.960,47.295,56.425,3252518
-125.008,47.125,55.223,3252539
-125.124,47.012,53.930,3252560
-125.110,46.818,52.721,3252581
-125.034,46.598,51.539,3252602
-125.175,46.610,50.194,3252623
-124.858,46.654,49.199,3252644
-124.581,46.736,48.181,3252665
-124.246,46.699,47.218,3252686
-123.996,46.792,46.215,3252707
-123.801,46.516,45.211,3252728
-123.986,46.432,43.935,3252749
-124.087,46.207,42.716,3252770
-124.166,45.963,41.520,3252791
-124.315,45.770,40.319,3252812
-124.177,45.887,39.327,3252833
-124.287,46.048,38.184,3252854
-124.540,46.121,36.961,3252875
-124.353,46.197,36.059,3252896
-124.313,46.362,35.070,3252917
-124.386,46.157,34.041,3252938
-124.418,45.951,33.052,3252959
-124.560,45.773,31.992,3252980
-124.394,45.856,31.182,3253001
-124.166,45.729,30.434,3253022
-123.933,45.708,29.664,3253043
-124.063,45.863,28.642,3253064
-124.295,45.763,27.549,3253085
-124.276,45.938,26.628,3253106
-124.266,46.125,25.690,3253127
-124.516,46.120,24.598,3253148
-124.699,45.998,23.538,3253169
-124.812,45.863,22.553,3253190
-125.087,45.542,22.459,3253211
-125.543,45.052,22.232,3253232
-123.735,45.634,24.698,3254177
-124.057,45.701,24.403,3254198
-124.319,45.774,24.163,3254219
-124.395,45.744,24.030,3254240
-124.516,45.728,23.860,3254261
-124.327,45.681,23.887,3254282
-124.484,45.974,23.919,3254303
-124.298,46.124,24.174,3254324
-124.090,46.280,24.406,3254345
-123.970,46.484,24.576,3254366
-123.870,46.691,24.704,3254387
-124.041,46.571,24.617,3254408
-124.174,46.389,24.567,3254429
-124.203,46.106,24.602,3254450
-123.998,45.810,24.804,3254471
-123.687,45.557,25.093,3254492
-123.814,45.529,25.028,3254513
-123.565,45.580,25.238,3254534
-123.351,45.653,25.416,3254555
-123.012,45.676,25.674,3254576
-123.097,45.557,25.648,3254597
-122.923,45.686,25.783,3254618
-122.936,45.477,25.808,3254639
-122.942,45.273,25.832,3254660
-122.756,45.028,25.994,3254681
-122.478,44.938,26.206,3254702
-122.409,45.124,26.279,3254723
-122.633,45.099,26.132,3254744
-122.830,45.077,25.985,3254765
-122.740,45.322,26.039,3254786
-122.567,45.514,26.141,3254807
-122.839,45.558,25.928,3254828
-123.023,45.518,25.752,3254849
-123.244,45.483,25.543,3254870
-123.227,45.342,25.495,3254891
-123.212,45.569,25.434,3254912
-123.074,45.685,25.414,3254933
-123.094,45.922,25.283,3254954
-123.204,46.161,25.069,3254975
-123.135,46.358,24.993,3254996
-123.178,46.170,24.829,3255017
-123.418,46.395,24.497,3255038
-123.460,46.214,24.298,3255059
-123.730,46.185,23.930,3255080
-123.828,46.021,23.693,3255101
-123.858,46.209,23.631,3255122
-123.872,46.338,23.615,3255143
-124.092,46.134,23.409,3255164
-123.973,46.177,23.441,3255185
-124.334,46.242,23.236,3255206
-124.311,46.293,23.271,3255227
-124.654,46.112,23.033,3255248
-125.072,46.101,22.795,3255269
-125.322,45.840,22.673,3255290
-125.407,45.587,22.650,3255311
-125.310,45.499,22.737,3255332
-125.380,45.694,22.712,3255353
-125.393,45.886,22.688,3255374
-125.373,46.088,22.686,3255395
-125.255,46.254,22.750,3255416
-125.095,46.396,22.852,3255437
-125.214,46.281,22.736,3255458
-125.306,46.215,22.627,3255479
-125.204,46.076,22.642,3255500
-125.056,45.950,22.688,3255521
-124.781,45.805,22.789,3255542
-124.465,45.925,23.101,3255563
-124.153,46.103,23.400,3255584
-123.818,46.234,23.714,3255605
-123.499,46.349,24.003,3255626
-123.327,46.458,24.184,3255647
-122.882,46.096,24.561,3255668
-122.794,45.919,24.656,3255689
-122.409,45.533,24.962,3255710
-121.998,45.564,25.264,3255731
-121.711,45.235,25.472,3255752
-121.608,45.001,25.537,3255773
-121.465,45.070,25.637,3255794
-120.979,45.001,25.973,3255815
-120.597,44.984,26.213,3255836
-120.532,45.134,26.231,3255857
-120.615,44.890,26.158,3255878
-120.731,44.686,26.048,3255899
-120.746,44.454,26.031,3255920
-120.883,44.261,25.907,3255941
-120.805,44.109,25.947,3255962
-120.983,44.369,25.809,3255983
-120.991,44.580,25.758,3256004
-121.292,44.847,25.498,3256025
-121.412,45.103,25.353,3256046
-121.565,45.357,25.193,3256067
-121.963,45.274,24.845,3256088
-122.371,45.203,24.503,3256109
-122.632,45.465,24.289,3256130
-122.724,45.341,24.213,3256151
-123.127,45.250,23.930,3256172
-123.383,45.071,23.756,3256193
-123.579,45.299,23.618,3256214
-123.516,45.289,23.659,3256235
-123.608,45.452,23.577,3256256
-123.883,45.599,23.353,3256277
-124.039,45.806,23.186,3256298
-123.800,45.846,23.309,3256319
-123.903,45.710,23.181,3256340
-123.945,45.583,23.124,3256361
-123.863,45.426,23.141,3256382
-123.927,45.380,23.038,3256403
-123.658,45.578,23.180,3256424
-123.557,45.814,23.223,3256445
-123.171,45.958,23.466,3256466
-123.041,46.164,23.530,3256487
-122.552,45.987,23.862,3256508
-122.355,45.746,23.965,3256529
-122.208,45.534,24.051,3256550
-121.701,45.532,24.397,3256571
-121.321,45.234,24.619,3256592
-120.818,45.184,24.926,3256613
-120.366,44.929,25.192,3256634
-120.255,45.109,25.189,3256655
-119.902,45.181,25.357,3256676
-120.001,45.197,25.200,3256697
-120.111,45.357,24.988,3256718
-120.350,45.315,24.657,3256739
-120.441,45.171,24.429,3256760
-120.629,45.064,24.123,3256781
-120.550,44.908,23.990,3256802
-120.422,45.045,23.874,3256823
-120.438,45.282,23.641,3256844
-120.555,45.529,23.328,3256865
-120.632,45.727,23.023,3256886
-120.970,45.986,22.505,3256907
-121.138,46.233,22.099,3256928
-121.537,46.141,21.494,3256949
-121.985,46.144,20.862,3256970
-122.407,46.113,20.245,3256991
-122.842,46.170,19.579,3257012
-123.158,46.094,19.019,3257033
-123.360,46.364,18.532,3257054
-123.276,46.418,18.260,3257075
-123.187,46.542,17.941,3257096
-123.105,46.691,17.644,3257117
-122.917,46.561,17.415,3257138
-123.086,46.369,16.892,3257159
-123.155,46.185,16.439,3257180
-123.293,46.091,15.919,3257201
-123.029,45.882,15.683,3257222
-122.738,46.020,15.427,3257243
-122.637,46.286,15.037,3257264
-122.267,46.474,14.821,3257285
-122.170,46.718,14.407,3257306
-122.178,46.898,13.880,3257327
-121.839,46.756,13.608,3257348
-121.542,46.580,13.318,3257369
-121.276,46.422,12.978,3257390
-121.114,46.271,12.555,3257411
-121.143,46.329,12.028,3257432
-120.896,46.117,11.646,3257453
-120.587,46.293,11.323,3257474
-120.281,46.454,10.974,3257495
-120.077,46.621,10.520,3257516
-120.090,46.779,9.904,3257537
-120.055,46.500,9.353,3257558
-119.952,46.194,8.861,3257579
-119.960,45.915,8.272,3257600
-119.765,45.603,7.843,3257621
-119.543,45.576,7.394,3257642
-119.511,45.704,6.827,3257663
-119.443,45.827,6.271,3257684
-119.688,45.945,5.471,3257705
-119.632,46.056,4.871,3257726
-119.830,46.208,4.088,3257747
-119.852,45.943,3.450,3257768
-119.943,45.678,2.746,3257789
-120.110,45.465,1.979,3257810
-120.157,45.214,1.296,3257831
-119.975,45.248,0.797,3257852
-120.093,45.472,0.077,3257873
-119.896,45.530,359.578,3257894
-120.002,45.794,358.871,3257915
-119.933,45.966,358.285,3257936
-120.275,46.227,357.395,3257957
-120.264,46.449,356.739,3257978
-120.517,46.375,355.887,3257999
-120.747,46.268,355.052,3258020
-120.852,46.157,354.290,3258041
-120.836,46.008,353.621,3258062
-120.619,45.933,353.099,3258083
-120.854,46.146,352.229,3258104
-120.533,46.278,351.767,3258125
-120.621,46.541,351.013,3258146
-120.759,46.600,350.222,3258167
-120.909,46.693,349.423,3258188
-121.022,46.649,348.646,3258209
-120.782,46.504,348.128,3258230
-120.491,46.485,347.622,3258251
-120.158,46.549,347.145,3258272
-120.200,46.471,346.425,3258293
-120.182,46.791,345.719,3258314
-120.351,47.070,344.904,3258335
-120.341,47.359,344.212,3258356
-120.531,47.635,343.379,3258377
-120.222,47.596,342.914,3258398
-120.414,47.485,342.094,3258419
-120.436,47.252,341.388,3258440
-120.392,47.011,340.732,3258461
-120.725,46.979,339.799,3258482
-120.760,47.065,339.091,3258503
-120.821,47.116,338.357,3258524
-120.724,47.024,337.736,3258545
-121.077,46.794,336.786,3258566
-121.402,46.499,335.864,3258587
-121.345,46.144,335.223,3258608
-121.440,45.756,334.497,3258629
-121.437,45.412,333.831,3258650
-121.469,45.455,333.167,3258671
-121.394,45.199,332.598,3258692
-121.518,45.315,331.858,3258713
-121.543,45.437,331.213,3258734
-121.907,45.374,330.308,3258755
-122.274,45.274,329.397,3258776
-122.724,45.325,328.405,3258797
-122.654,45.296,327.773,3258818
-122.609,45.225,327.100,3258839
-122.729,44.970,326.293,3258860
-123.075,44.810,325.338,3258881
-123.049,44.893,324.613,3258902
-123.364,44.950,323.687,3258923
-123.638,44.864,322.738,3258944
-123.863,44.730,321.817,3258965
-124.045,44.694,320.931,3258986
-124.194,44.669,320.073,3259007
-123.955,44.421,319.491,3259028
-123.588,44.455,318.994,3259049
-123.221,44.481,318.488,3259070
-122.849,44.593,317.998,3259091
-122.481,44.750,317.496,3259112
-122.106,44.671,316.983,3259133
-122.084,44.960,316.235,3259154
-121.862,44.799,315.634,3259175
-121.765,45.065,314.929,3259196
-121.408,45.205,314.434,3259217
-120.988,45.137,313.970,3259238
-120.591,45.103,313.475,3259259
-120.507,44.920,312.773,3259280
-120.134,44.980,312.251,3259301
-120.076,44.797,311.501,3259322
-120.122,44.718,310.643,3259343
-120.216,44.818,309.741,3259364
-120.251,44.819,308.856,3259385
-120.315,44.837,307.940,3259406
-120.444,45.058,307.051,3259427
-120.330,44.865,306.327,3259448
-120.205,44.662,305.594,3259469
-119.925,44.611,304.949,3259490
-119.683,44.668,304.284,3259511
-119.434,44.693,303.602,3259532
-119.231,44.726,302.858,3259553
-119.440,44.729,301.819,3259574
-119.573,44.770,300.810,3259595
-119.638,44.805,299.806,3259616
-119.897,44.651,298.654,3259637
-119.738,44.272,297.786,3259658
-119.880,43.886,296.681,3259679
-119.692,43.649,295.786,3259700
-119.574,43.359,294.826,3259721
-119.460,43.110,293.879,3259742
-119.360,43.054,292.903,3259763
-119.709,42.929,291.586,3259784
-120.122,42.853,290.229,3259805
-120.526,42.804,288.887,3259826
-120.905,42.932,287.531,3259847
-121.147,42.752,286.281,3259868
-121.053,42.777,285.271,3259889
-120.980,42.672,284.212,3259910
-120.849,42.855,283.192,3259931
-120.751,43.101,282.135,3259952
-120.607,43.271,281.089,3259973
-120.918,43.324,279.705,3259994
-121.227,43.481,278.335,3260015
-121.504,43.514,276.984,3260036
-121.767,43.553,275.618,3260057
-121.780,43.867,274.439,3260078
-121.667,43.868,273.340,3260099
-121.545,43.889,272.246,3260120
-121.378,44.031,271.211,3260141
-121.304,44.440,270.108,3260162
-121.538,44.807,268.811,3260183
-121.748,44.959,267.535,3260204
-121.951,45.124,266.273,3260225
-122.156,45.306,265.034,3260246
-122.331,45.431,263.808,3260267
-122.541,45.615,262.577,3260288
-122.247,45.738,261.717,3260309
-121.970,45.694,260.826,3260330
-121.789,45.861,259.864,3260351
-121.658,46.050,258.893,3260372
-121.379,46.136,258.021,3260393
-120.434,46.189,257.946,3260414
-119.118,46.162,258.139,3260435
-118.234,46.434,258.004,3260456
-117.088,46.397,258.039,3260477
-116.361,46.209,257.777,3260498
-115.498,46.342,257.618,3260519
-114.663,46.421,257.426,3260540
-114.089,46.599,257.025,3260561
-113.695,46.783,256.474,3260582
-113.057,46.770,256.105,3260603
-112.960,46.697,255.354,3260624
-112.906,46.518,254.561,3260645
-112.997,46.379,253.685,3260666
-113.122,46.157,252.737,3260687
-112.450,46.299,252.390,3260708
-111.914,46.214,251.936,3260729
-111.457,46.228,251.389,3260750
-110.899,46.119,250.925,3260771
-110.365,46.291,250.403,3260793
-109.742,46.380,249.929,3260814
-109.606,46.388,249.104,3260835
-109.533,46.450,248.229,3260856
-109.471,46.491,247.335,3260877
-109.479,46.584,246.375,3260898
-109.112,46.597,245.659,3260919
-108.757,46.654,244.931,3260940
-108.508,46.917,244.109,3260961
-108.336,47.098,243.227,3260982
-108.214,47.317,242.311,3261003
-108.093,47.353,241.352,3261024
-108.388,47.458,240.026,3261045
-107.987,47.570,239.350,3261066
-107.756,47.663,239.417,3261087
-107.506,47.514,239.362,3261108
-106.937,47.271,238.876,3261171
-106.848,47.238,238.678,3261192
-106.731,47.171,238.421,3261213
-106.798,47.148,238.186,3261234
-107.230,46.905,237.597,3261255
-107.669,46.557,237.023,3261276
-107.808,46.091,236.672,3261297
-108.369,45.744,235.984,3261318
-108.563,45.625,235.612,3261339
-108.774,45.439,235.202,3261360
-109.138,45.437,234.737,3261381
-109.408,45.314,234.292,3261402
-110.164,45.172,233.482,3261423
-110.916,45.011,232.661,3261444
-111.649,44.778,231.858,3261465
-112.311,44.533,231.092,3261486
-113.108,44.440,230.247,3261507
-113.900,44.338,229.384,3261528
-114.290,44.316,228.836,3261549
-114.695,44.418,228.277,3261570
-115.425,44.706,227.491,3261591
-116.208,44.951,226.679,3261612
-116.609,45.177,226.114,3261633
-117.306,45.135,225.308,3261654
-117.943,45.124,224.548,3261675
-118.545,45.129,223.834,3261696
-119.032,45.056,223.190,3261717
-119.517,45.029,222.545,3261738
-119.892,45.319,222.012,3261759
-119.927,45.513,221.740,3261780
-119.873,45.697,221.504,3261801
-120.068,46.017,221.109,3261822
-120.340,46.268,220.669,3261843
-120.529,46.262,220.263,3261864
-120.646,46.247,219.910,3261885
-120.530,46.121,219.700,3261906
-120.102,46.074,219.737,3261927
-119.971,45.960,219.524,3261948
-119.478,45.986,219.549,3261969
-119.010,46.111,219.531,3261990
-118.662,46.327,219.427,3262011
-118.455,46.542,219.191,3262032
-118.015,46.659,219.102,3262053
-117.902,46.486,218.750,3262074
-117.842,46.308,218.345,3262095
-117.771,46.136,217.926,3262116
-117.340,45.841,217.738,3262137
-117.024,45.913,217.461,3262158
-116.528,45.724,217.278,3262179
-116.316,45.824,216.862,3262200
-115.919,45.801,216.560,3262221
-115.644,45.830,216.159,3262242
-115.577,45.864,215.563,3262263
-115.557,45.544,214.888,3262284
-115.466,45.154,214.257,3262305
-115.341,44.778,213.605,3262326
-115.147,44.429,212.948,3262347
-115.185,44.138,212.118,3262368
-114.896,43.897,211.460,3262389
-114.671,43.942,210.707,3262410
-114.603,44.142,209.806,3262431
-114.578,44.389,208.835,3262452
-114.813,44.302,207.791,3262473
-115.018,44.217,206.699,3262494
-115.151,44.472,205.651,3262515
-114.935,44.674,204.765,3262536
-114.750,44.625,203.836,3262557
-114.922,44.643,202.630,3262578
-114.782,44.977,201.635,3262599
-114.729,45.366,200.555,3262620
-114.803,45.351,199.406,3262641
-114.874,45.736,198.240,3262662
-115.330,45.958,196.800,3262683
-115.651,45.925,195.431,3262704
-116.115,45.911,193.999,3262725
-116.283,45.843,192.777,3262746
-116.334,45.882,191.620,3262767
-116.843,45.905,190.151,3262788
-117.055,46.208,188.904,3262809
-117.387,46.524,187.555,3262830
-117.956,46.610,186.066,3262851
-118.390,46.907,184.664,3262872
-118.866,47.162,183.211,3262893
-118.992,46.988,182.024,3262914
-119.316,46.788,180.698,3262935
-119.778,46.855,179.257,3262956
-119.736,46.707,178.188,3262977
-119.956,46.412,176.937,3262998
-119.948,46.441,175.849,3263019
-119.896,46.450,174.819,3263040
-120.176,46.455,173.567,3263061
-120.438,46.342,172.369,3263082
-120.683,46.309,171.171,3263103
-120.317,46.163,170.433,3263124
-120.015,45.913,169.678,3263145
-120.000,45.750,168.715,3263166
-119.574,45.564,168.045,3263187
-119.246,45.387,167.311,3263208
-118.814,45.487,166.676,3263229
-118.538,45.731,165.945,3263250
-118.189,45.916,165.247,3263271
-117.924,46.162,164.510,3263292
-118.078,46.316,163.495,3263313
-118.088,46.223,162.607,3263334
-117.784,46.117,161.930,3263355
-117.726,46.017,161.083,3263376
-117.643,45.914,160.265,3263397
-117.202,46.051,159.735,3263418
-116.936,45.896,159.063,3263439
-116.934,46.183,158.240,3263460
-117.021,46.391,157.349,3263481
-117.145,46.609,156.435,3263502
-117.305,46.790,155.540,3263523
-117.042,46.742,154.964,3263544
-116.888,46.590,154.329,3263565
-117.093,46.763,153.438,3263586
-116.977,46.552,152.797,3263607
-117.041,46.256,152.045,3263628
-117.442,46.110,151.060,3263649
-117.542,46.193,150.303,3263670
-118.039,46.296,149.295,3263691
-118.406,46.480,148.380,3263712
-118.986,46.569,147.332,3263733
-119.580,46.562,146.282,3263754
-119.672,46.433,145.619,3263775
-119.874,46.178,144.865,3263796
-119.954,45.954,144.216,3263817
-120.066,46.021,143.541,3263838
-120.179,45.826,142.900,3263859
-120.677,46.045,141.972,3263880
-121.199,46.128,141.051,3263901
-121.672,46.344,140.152,3263922
-122.111,46.419,139.265,3263943
-122.113,46.326,138.729,3263964
-121.922,46.455,138.334,3263985
-121.816,46.347,137.922,3264006
-121.570,46.311,137.617,3264027
-121.227,46.367,137.403,3264048
-121.065,46.622,137.056,3264069
-121.510,47.101,136.550,3264090
-121.897,47.548,136.029,3264111
-122.238,47.956,135.538,3264132
-122.566,48.322,135.052,3264153
-122.838,48.419,134.583,3264174
-122.640,48.630,134.496,3264195
-122.323,48.603,134.492,3264216
-121.992,48.587,134.506,3264237
-121.637,48.498,134.541,3264258
-121.635,48.483,134.303,3264279
-121.488,48.814,134.302,3264300
-121.679,49.029,134.034,3264321
-121.828,49.241,133.781,3264342
-121.573,49.252,133.845,3264363
-121.796,49.286,133.546,3264384
-121.599,49.094,133.549,3264405
-121.537,49.257,133.388,3264426
-121.614,48.984,133.120,3264447
-121.305,48.763,133.123,3264468
-121.135,48.697,132.997,3264489
-121.173,48.696,132.759,3264510
-121.194,48.632,132.532,3264531
-121.444,48.304,132.139,3264552
-121.491,48.180,131.882,3264573
-121.439,47.660,131.725,3264594
-121.196,47.201,131.705,3264615
-120.941,46.744,131.653,3264636
-121.000,46.287,131.361,3264657
-120.732,45.837,131.281,3264678
-120.908,45.571,130.882,3264699
-121.109,45.443,130.454,3264720
-121.317,45.264,129.981,3264741
-121.475,45.262,129.548,3264762
-121.572,45.318,129.146,3264783
-121.423,45.358,128.921,3264804
-121.223,45.329,128.760,3264825
-121.086,45.406,128.530,3264846
-120.882,45.353,128.361,3264867
-120.655,45.433,128.192,3264888
-120.884,45.455,127.704,3264909
-120.607,45.548,127.573,3264930
-120.787,45.613,127.126,3264951
-121.011,45.826,126.659,3264972
-121.187,46.099,126.204,3264993
-121.171,46.017,125.906,3265014
-121.271,45.949,125.514,3265035
-121.005,46.011,125.401,3265056
-120.757,46.120,125.259,3265077
-120.520,46.105,125.108,3265098
-120.349,46.285,124.884,3265119
-120.592,46.457,124.395,3265140
-120.857,46.667,123.855,3265161
-121.191,46.800,123.264,3265182
-121.533,46.926,122.630,3265203
-121.820,46.920,122.021,3265224
-121.621,46.832,121.778,3265245
-121.356,46.869,121.553,3265266
-121.121,46.842,121.304,3265287
-120.899,46.802,121.034,3265308
-121.166,46.776,120.417,3265329
-121.374,46.968,119.828,3265350
-121.604,47.103,119.233,3265371
-121.847,46.953,118.600,3265392
-121.717,47.012,118.211,3265413
-122.036,46.985,117.479,3265434
-121.962,47.032,116.991,3265455
-121.754,46.882,116.605,3265476
-121.585,46.663,116.134,3265497
-121.378,46.490,115.684,3265518
-121.655,46.491,114.866,3265539
-121.924,46.595,114.047,3265560
-122.162,46.688,113.245,3265581
-122.353,46.656,112.459,3265602
-122.371,46.471,111.795,3265623
-122.526,46.418,111.027,3265644
-122.254,46.245,110.545,3265665
-122.083,46.404,109.993,3265686
-121.781,46.416,109.488,3265707
-121.473,46.455,108.969,3265728
-121.256,46.627,108.373,3265749
-121.469,46.693,107.416,3265770
-121.524,46.990,106.582,3265791
-121.691,46.976,105.658,3265812
-121.385,47.069,105.065,3265833
-121.279,47.376,104.300,3265854
-121.017,47.389,103.604,3265875
-120.807,47.339,102.840,3265896
-120.525,47.503,102.102,3265917
-120.246,47.710,101.347,3265938
-120.001,47.763,100.506,3265959
-120.163,47.847,99.350,3265980
-120.264,48.223,98.230,3266001
-120.396,48.495,97.072,3266022
-120.400,48.466,95.970,3266043
-120.402,48.390,94.879,3266064
-120.178,48.240,93.939,3266085
-120.260,48.129,92.759,3266106
-120.069,48.281,91.756,3266127
-119.863,48.375,90.766,3266148
-119.648,48.366,89.757,3266169
-120.008,48.414,88.319,3266190
-120.416,48.414,86.833,3266211
-120.870,48.446,85.306,3266232
-120.869,48.538,84.130,3266253
-120.920,48.430,82.982,3266274
-120.626,48.276,82.092,3266295
-120.470,48.427,81.094,3266316
-120.190,48.335,80.164,3266337
-120.132,48.045,79.074,3266358
-120.088,47.715,77.961,3266379
-120.468,47.636,76.532,3266400
-120.814,47.354,75.125,3266421
-121.263,47.134,73.660,3266442
-121.229,46.828,72.522,3266463
-121.517,46.358,71.135,3266484
-121.829,45.904,69.710,3266505
-121.895,45.737,68.463,3266526
-122.026,45.685,67.172,3266547
-122.037,45.608,65.947,3266568
-122.012,45.506,64.751,3266589
-122.334,45.259,63.323,3266610
-122.645,45.087,61.872,3266631
-122.843,44.832,60.544,3266652
-123.081,44.667,59.200,3266673
-123.327,44.492,57.839,3266694
-123.617,44.506,56.462,3266715
-123.634,44.643,55.267,3266736
-122.865,45.007,38.301,3267681
-122.759,44.797,38.387,3267702
-122.692,44.604,38.413,3267723
-122.282,44.559,38.695,3267744
-122.134,44.767,38.845,3267765
-122.157,45.029,38.875,3267786
-122.361,45.117,38.762,3267807
-122.266,45.334,38.875,3267828
-122.182,45.503,38.974,3267849
-122.000,45.555,39.153,3267870
-122.192,45.361,39.038,3267891
-122.388,45.140,38.927,3267912
-122.357,44.860,38.945,3267933
-122.664,44.711,38.725,3267954
-122.565,44.706,38.779,3267975
-122.562,44.815,38.734,3267996
-122.582,44.971,38.673,3268017
-122.708,45.209,38.497,3268038
-122.986,45.416,38.191,3268059
-122.820,45.473,38.195,3268080
-123.050,45.413,37.899,3268101
-123.110,45.284,37.723,3268122
-123.399,45.346,37.384,3268143
-123.482,45.210,37.203,3268164
-123.465,45.513,37.106,3268185
-123.340,45.758,37.071,3268206
-123.630,45.893,36.768,3268227
-123.572,46.159,36.708,3268248
-123.724,46.391,36.494,3268269
-123.908,46.289,36.286,3268290
-123.881,46.079,36.242,3268311
-123.911,45.922,36.167,3268332
-123.839,45.686,36.152,3268353
-123.532,45.497,36.339,3268374
-123.216,45.330,36.509,3268395
-123.033,45.432,36.562,3268416
-122.910,45.549,36.542,3268437
-122.809,45.695,36.483,3268458
-122.589,45.777,36.480,3268479
-122.632,45.993,36.274,3268500
-122.313,46.038,36.316,3268521
-122.407,45.971,36.046,3268542
-122.486,45.915,35.773,3268563
-122.485,45.818,35.573,3268584
-122.399,45.650,35.471,3268605
-122.476,45.728,35.241,3268626
-122.329,45.538,35.211,3268647
-121.917,45.540,35.378,3268668
-121.627,45.681,35.476,3268689
-121.528,45.859,35.477,3268710
-121.352,46.001,35.574,3268731
-121.241,46.190,35.607,3268752
-120.953,45.984,35.767,3268773
-120.992,45.816,35.663,3268794
-121.040,45.632,35.510,3268815
-120.854,45.755,35.485,3268836
-120.805,45.945,35.339,3268857
-120.745,45.734,35.186,3268878
-120.721,45.925,34.965,3268899
-120.734,46.097,34.765,3268920
-120.516,45.873,34.726,3268941
-120.567,45.668,34.519,3268962
-120.633,45.494,34.296,3268983
-120.749,45.344,34.113,3269004
-120.965,45.260,33.821,3269025
-121.102,45.468,33.580,3269046
-120.983,45.466,33.539,3269067
-120.919,45.411,33.456,3269088
-120.960,45.511,33.289,3269109
-121.226,45.727,32.962,3269130
-121.212,45.616,32.841,3269151
-121.192,45.673,32.695,3269172
-121.507,45.926,32.312,3269193
-121.842,45.819,31.893,3269214
-122.148,45.672,31.499,3269235
-122.338,45.927,31.212,3269256
-122.327,45.845,31.063,3269277
-122.692,46.074,30.606,3269298
-123.118,46.164,30.090,3269319
-123.271,46.356,29.812,3269340
-123.477,46.115,29.469,3269361
-123.743,45.906,29.090,3269382
-123.916,45.693,28.755,3269403
-124.020,45.462,28.488,3269424
-123.950,45.614,28.321,3269445
-124.166,45.795,27.917,3269467
-124.183,45.990,27.637,3269488
-124.364,46.161,27.233,3269509
-124.076,46.260,27.176,3269530
-124.005,46.069,26.946,3269551
-123.620,45.920,26.920,3269572
-123.437,45.727,26.747,3269593
-123.133,45.471,26.718,3269614
-123.119,45.301,26.463,3269635
-122.736,45.372,26.441,3269656
-122.499,45.522,26.293,3269677
-122.201,45.588,26.242,3269698
-122.061,45.740,26.047,3269719
-121.923,45.896,25.908,3269740
-122.105,45.771,25.536,3269761
-122.190,45.510,25.276,3269782
-122.209,45.653,25.062,3269803
-122.217,45.327,24.854,3269824
-122.044,45.026,24.795,3269845
-122.067,45.142,24.584,3269866
-121.959,45.234,24.454,3269887
-122.201,45.397,24.062,3269908
-122.324,45.633,23.746,3269929
-122.193,45.732,23.603,3269950
-122.468,45.702,23.170,3269971
-122.706,45.624,22.739,3269992
-122.782,45.515,22.419,3270013
-122.746,45.392,22.181,3270034
-122.875,45.305,21.821,3270055
-122.968,45.634,21.449,3270076
-123.315,45.779,20.886,3270097
-123.540,46.080,20.407,3270118
-123.446,46.218,20.176,3270139
-123.662,46.151,19.690,3270160
-123.684,45.981,19.350,3270181
-123.527,45.750,19.138,3270202
-123.323,45.517,18.968,3270223
-123.215,45.299,18.719,3270244
-123.018,45.442,18.534,3270265
-122.835,45.625,18.341,3270286
-122.697,45.826,18.109,3270307
-122.530,45.988,17.891,3270328
-122.573,46.201,17.515,3270349
-122.264,46.302,17.354,3270370
-122.414,46.332,16.859,3270391
-122.275,46.193,16.585,3270412
-122.266,46.094,16.188,3270433
-121.940,45.956,15.995,3270454
-121.770,45.813,15.712,3270475
-121.479,46.052,15.494,3270496
-121.176,46.268,15.273,3270517
-120.833,46.438,15.094,3270538
-120.715,46.668,14.771,3270559
-120.778,46.843,14.324,3270580
-120.811,46.685,13.870,3270601
-120.866,46.533,13.429,3270622
-120.844,46.319,13.039,3270643
-120.655,46.092,12.740,3270664
-120.359,45.944,12.525,3270685
-120.150,46.091,12.254,3270706
-120.346,46.252,11.684,3270727
-120.494,46.462,11.157,3270748
-120.467,46.689,10.735,3270769
-120.544,46.914,10.219,3270790
-120.710,46.787,9.633,3270811
-120.894,46.650,9.034,3270832
-121.084,46.498,8.439,3270853
-120.904,46.381,8.101,3270874
-120.727,46.272,7.764,3270895
-120.672,46.412,7.357,3270916
-120.656,46.548,6.935,3270937
-120.698,46.250,6.452,3270958
-120.728,46.396,6.016,3270979
-120.992,46.262,5.401,3271001
-121.243,46.107,4.817,3271022
-121.248,45.758,4.418,3271043
-120.992,45.480,4.207,3271064
-120.768,45.410,3.974,3271085
-120.564,45.361,3.728,3271106
-120.695,45.454,3.261,3271127
-120.879,45.527,2.754,3271148
-120.772,45.594,2.437,3271169
-120.881,45.755,1.972,3271190
-121.170,45.885,1.359,3271211
-121.388,45.715,0.816,3271232
-121.399,45.527,0.420,3271253
-121.312,45.344,0.066,3271274
-121.239,45.167,359.689,3271295
-121.244,45.365,359.210,3271316
-121.215,45.163,358.789,3271337
-121.383,45.362,358.190,3271358
-121.325,45.520,357.752,3271379
-121.593,45.531,357.079,3271400
-121.823,45.520,356.402,3271421
-121.892,45.325,355.854,3271442
-121.825,45.092,355.373,3271463
-121.671,44.855,354.948,3271484
-121.316,44.699,354.668,3271505
-121.016,44.782,354.312,3271526
-120.936,44.968,353.765,3271547
-120.995,45.128,353.105,3271568
-121.209,45.155,352.304,3271589
-120.984,45.151,351.762,3271610
-121.042,44.861,350.967,3271631
-121.114,44.562,350.126,3271652
-121.176,44.245,349.260,3271673
-121.135,44.013,348.447,3271694
-121.163,43.717,347.524,3271715
-121.448,43.758,346.404,3271736
-121.597,43.765,345.338,3271757
-121.876,43.817,344.173,3271778
-122.375,43.741,342.848,3271799
-122.723,43.790,341.598,3271820
-122.800,43.483,340.522,3271841
-122.806,43.288,339.492,3271862
-123.084,43.014,338.288,3271883
-123.042,42.864,337.287,3271904
-123.026,42.735,336.255,3271925
-123.428,42.922,334.914,3271946
-123.828,43.139,333.561,3271967
-124.207,43.268,332.210,3271988
-124.563,43.423,330.871,3272009
-124.723,43.829,329.648,3272030
-124.820,43.818,328.482,3272051
-124.820,43.803,327.345,3272072
-124.790,43.802,326.225,3272093
-124.930,44.349,325.440,3272114
-125.161,45.008,324.551,3272135
-125.137,45.359,323.816,3272156
-125.591,45.680,322.698,3272177
-125.927,46.039,321.670,3272198
-126.191,46.290,320.646,3272219
-125.985,46.380,319.899,3272240
-125.636,46.113,319.232,3272261
-125.279,45.819,318.517,3272282
-125.144,45.534,317.751,3272303
-125.560,45.461,316.617,3272324
-125.492,45.423,315.789,3272345
-125.779,45.336,314.697,3272366
-125.959,45.211,313.648,3272387
-126.063,44.902,312.648,3272408
-126.003,44.445,311.740,3272429
-125.921,44.111,310.867,3272450
-125.296,43.745,310.349,3272471
-124.717,43.169,309.798,3272492
-124.025,42.655,309.315,3272513
-123.269,42.276,308.883,3272534
-122.505,42.049,308.436,3272555
-121.911,42.059,307.862,3272576
-121.521,41.768,307.189,3272597
-121.304,41.801,306.394,3272618
-121.095,41.858,305.594,3272639
-120.912,41.826,304.746,3272660
-120.460,41.666,304.103,3272681
-119.924,41.678,303.501,3272702
-119.393,41.695,302.926,3272723
-118.973,41.662,302.292,3272744
-118.672,42.041,301.571,3272765
-118.292,42.380,300.903,3272786
-118.391,42.622,299.899,3272807
-118.524,42.992,298.853,3272828
-118.560,43.506,297.868,3272849
-118.779,43.984,296.733,3272870
-118.746,44.121,295.757,3272891
-118.864,44.642,294.683,3272912
-118.938,44.801,293.633,3272933
-119.118,45.228,292.485,3272954
-119.295,45.513,291.348,3272975
-119.488,45.687,290.178,3272996
-120.200,45.833,288.625,3273017
-120.874,45.883,287.099,3273038
-121.532,45.891,285.560,3273059
-122.181,45.977,284.011,3273080
-122.786,45.988,282.495,3273101
-122.888,45.980,281.339,3273122
-122.947,45.930,280.219,3273143
-123.030,46.078,279.089,3273164
-123.072,46.149,277.981,3273185
-123.217,46.319,276.796,3273206
-123.639,46.191,275.402,3273227
-124.030,46.076,274.035,3273248
-124.391,45.932,272.667,3273269
-124.689,45.792,271.347,3273290
-124.927,45.664,270.054,3273311
-124.794,45.389,269.027,3273332
-124.457,45.351,268.167,3273353
-123.877,45.438,267.646,3273374
-123.043,45.685,267.266,3273395
-122.303,45.967,266.826,3273416
-121.961,46.092,266.086,3273437
-121.627,46.382,265.327,3273458
-121.300,46.409,264.516,3273479
-120.962,46.400,263.672,3273500
-120.640,46.393,262.823,3273521
-119.834,46.465,262.277,3273542
-119.050,46.520,261.683,3273563
-118.302,46.550,261.051,3273584
-117.605,46.598,260.350,3273605
-116.984,46.527,259.567,3273626
-116.942,46.512,258.337,3273647
-116.617,46.235,257.277,3273668
-116.493,45.907,256.069,3273689
-116.686,45.755,254.621,3273710
-116.865,45.558,253.210,3273731
-116.810,45.627,251.987,3273752
-116.618,45.587,250.826,3273773
-116.509,45.584,249.574,3273794
-116.392,45.557,248.319,3273815
-116.297,45.479,247.001,3273836
-116.331,45.246,245.552,3273857
-116.379,44.994,244.052,3273878
-116.682,44.767,242.305,3273899
-117.639,44.174,242.288,3273920
-118.506,43.484,242.142,3273941
-119.040,43.098,242.056,3273962
-119.502,42.745,241.922,3273983
-119.403,42.716,241.737,3274004
-119.320,42.826,241.508,3274025
-119.290,42.970,241.171,3274046
-119.446,42.907,240.705,3274067
-119.556,42.879,240.242,3274088
-119.629,42.895,239.764,3274109
-119.678,43.015,239.243,3274130
-119.667,43.127,238.764,3274151
-119.654,43.158,238.387,3274172
-119.466,42.979,238.716,3274193
-119.349,43.183,238.909,3274214
-119.263,43.441,239.055,3274235
-119.142,43.720,239.174,3274256
-119.320,43.828,239.034,3274277
-119.536,43.942,238.831,3274298
-119.601,43.979,238.706,3274319
-119.723,44.095,238.498,3274340
-119.779,44.237,238.287,3274361
-119.516,44.619,238.270,3274382
-119.267,45.042,238.202,3274403
-118.935,45.411,238.160,3274424
-118.627,45.757,238.055,3274445
-118.451,46.132,237.861,3274466
-118.515,46.193,237.550,3274487
-118.575,46.057,237.433,3274508
-118.724,46.287,237.199,3274529
-118.966,46.408,236.858,3274550
-119.023,46.253,236.645,3274571
-118.786,46.131,236.628,3274592
-118.466,46.148,236.670,3274613
-118.166,46.250,236.645,3274634
-118.352,46.125,236.482,3274655
-118.065,46.109,236.645,3274676
-118.224,46.033,236.463,3274697
-118.278,45.765,236.342,3274718
-118.348,45.516,236.144,3274739
-118.326,45.200,236.012,3274760
-118.341,44.907,235.805,3274781
-118.028,44.865,235.843,3274802
-117.669,44.770,235.881,3274823
-117.438,44.789,235.812,3274844
-117.196,44.849,235.722,3274865
-117.194,45.004,235.474,3274886
-117.390,44.864,235.154,3274907
-117.536,44.704,234.860,3274928
-117.757,44.597,234.515,3274949
-118.062,44.563,234.077,3274970
-118.333,44.703,233.695,3274991
-118.238,44.761,233.542,3275012
-118.145,44.808,233.378,3275033
-118.084,44.883,233.171,3275054
-119.914,44.710,230.450,3275222
-119.877,44.917,230.232,3275243
-119.835,45.136,229.980,3275264
-119.755,45.327,229.716,3275285
-119.806,45.602,229.373,3275306
-120.075,45.684,228.833,3275327
-120.233,45.773,228.294,3275348
-120.098,45.588,227.960,3275369
-120.133,45.515,227.441,3275390
-120.068,45.349,227.126,3275411
-119.608,45.298,227.134,3275432
-119.099,45.241,227.110,3275453
-118.685,45.293,226.995,3275474
-118.204,45.353,226.907,3275495
-117.682,45.341,226.852,3275516
-117.088,45.182,226.822,3275537
-116.738,44.863,226.633,3275558
-116.587,44.641,226.292,3275579
-116.388,44.352,225.974,3275600
-115.912,44.101,225.858,3275621
-115.848,43.934,225.444,3275642
-115.647,44.108,225.103,3275663
-115.258,44.020,224.856,3275684
-115.022,44.172,224.466,3275705
-115.170,44.335,223.806,3275726
-115.367,44.249,223.084,3275747
-115.580,44.201,222.335,3275768
-115.418,44.261,221.816,3275789
-115.523,44.127,221.084,3275810
-115.792,44.420,220.230,3275831
-115.757,44.369,219.585,3275852
-115.933,44.640,218.759,3275873
-116.043,44.813,217.957,3275894
-116.556,44.971,216.870,3275915
-116.993,45.212,215.812,3275936
-117.235,45.016,214.904,3275957
-117.584,44.846,213.917,3275978
-118.092,44.818,212.805,3275999
-118.399,45.049,211.836,3276020
-118.490,44.893,211.007,3276041
-118.579,44.973,210.152,3276062
-118.752,45.248,209.241,3276083
-118.746,45.234,208.432,3276104
-119.100,45.542,207.379,3276125
-119.504,45.654,206.294,3276146
-119.543,45.488,205.459,3276167
-119.707,45.363,204.538,3276188
-119.820,45.227,203.664,3276209
-119.593,45.066,203.037,3276230
-119.326,45.208,202.443,3276251
-119.364,45.378,201.630,3276272
-119.024,45.522,201.111,3276293
-118.799,45.743,200.526,3276314
-118.594,45.967,199.935,3276335
-118.526,45.982,199.240,3276356
-117.991,45.849,198.905,3276377
-117.939,45.895,198.252,3276398
-117.471,45.743,197.915,3276419
-116.984,45.665,197.591,3276440
-116.592,45.493,197.238,3276461
-116.209,45.306,196.889,3276482
-115.883,45.514,196.517,3276503
-115.608,45.746,196.182,3276524
-115.385,45.997,195.827,3276545
-115.410,46.270,195.313,3276566
-115.246,46.160,194.956,3276587
-114.959,46.131,194.732,3276608
-115.043,46.201,194.259,3276629
-115.117,46.262,193.812,3276650
-115.223,46.314,193.333,3276671
-115.421,46.406,192.781,3276692
-115.645,46.751,192.218,3276713
-115.762,47.091,191.713,3276734
-115.977,47.368,191.154,3276755
-116.126,47.606,190.628,3276776
-116.004,47.518,190.310,3276797
-116.013,47.263,189.903,3276818
-116.384,47.078,189.223,3276839
-116.335,47.020,188.861,3276860
-116.308,46.799,188.491,3276881
-116.785,46.781,187.737,3276902
-117.256,46.792,186.989,3276923
-117.354,46.816,186.491,3276944
-117.855,46.748,185.725,3276965
-118.324,46.513,184.959,3276986
-118.840,46.249,184.149,3277007
-118.877,46.032,183.677,3277028
-119.152,45.591,183.009,3277049
-119.200,45.225,182.490,3277070
-119.380,44.750,181.879,3277091
-119.702,44.740,181.163,3277112
-119.940,44.753,180.511,3277133
-120.307,44.818,179.764,3277154
-120.781,44.802,178.938,3277175
-121.083,44.538,178.220,3277196
-121.461,44.423,177.478,3277217
-121.492,44.233,176.994,3277238
-121.828,44.210,176.282,3277259
-121.733,44.328,175.873,3277280
-122.098,44.542,175.174,3277301
-121.889,44.591,174.871,3277322
-121.881,44.976,174.422,3277343
-122.129,45.303,173.770,3277364
-122.182,45.753,173.259,3277385
-122.360,46.158,172.640,3277406
-122.043,46.393,172.406,3277427
-121.691,46.701,172.218,3277448
-121.444,46.759,171.938,3277469
-121.373,46.827,171.555,3277490
-120.967,46.934,171.410,3277511
-120.535,47.183,171.273,3277532
-120.315,47.559,170.970,3277553
-120.370,47.735,170.463,3277574
-120.540,48.043,170.726,3277595
-120.888,48.584,170.798,3277616
-121.254,49.083,170.819,3277637
-121.114,49.489,171.248,3277658
-120.999,49.519,171.635,3277679
-120.761,49.595,172.089,3277700
-120.517,49.644,172.560,3277721
-120.284,49.476,172.628,3277742
-120.331,49.554,172.342,3277763
-120.386,49.572,172.057,3277784
-120.449,49.515,171.746,3277805
-120.618,49.317,171.372,3277826
-120.726,49.045,171.040,3277847
-120.581,48.468,170.881,3277868
-120.537,48.101,171.047,3277889
-120.219,47.935,171.376,3277910
-120.032,47.547,171.588,3277931
-119.866,47.574,171.798,3277952
-119.915,47.542,171.859,3277973
-120.042,47.429,171.839,3277994
-120.173,47.358,171.810,3278015
-120.276,47.273,171.767,3278036
-119.844,47.000,172.137,3278057
-119.691,46.611,172.294,3278078
-119.386,46.204,172.553,3278099
-119.056,45.837,172.808,3278120
-118.673,45.594,173.120,3278141
-118.416,45.559,173.308,3278162
-118.621,45.558,173.174,3278183
-118.686,45.647,173.138,3278204
-118.820,45.755,173.046,3278225
-118.951,45.898,172.980,3278246
-119.256,45.883,172.772,3278267
-119.183,45.673,172.852,3278288
-119.484,45.609,172.646,3278309
-119.483,45.467,172.657,3278330
-119.393,45.363,172.738,3278351
-119.248,45.369,172.856,3278372
-119.485,45.670,172.709,3278393
-119.759,45.952,172.508,3278414
-120.201,46.109,172.209,3278435
-120.478,46.368,172.014,3278456
-120.898,46.383,171.734,3278477
-120.854,46.267,171.787,3278498
-120.819,46.122,171.844,3278519
-120.701,46.066,171.931,3278540
-120.605,45.934,171.999,3278561
-120.908,45.992,171.788,3278582
-121.137,46.247,171.621,3278603
-121.226,46.507,171.564,3278624
-121.331,46.752,171.469,3278645
-121.527,46.696,171.314,3278666
-121.677,46.588,171.186,3278687
-121.429,46.459,171.363,3278708
-121.151,46.461,171.538,3278729
-120.840,46.321,171.737,3278750
-120.517,46.255,171.926,3278771
-120.123,46.200,172.175,3278792
-119.919,46.330,172.274,3278813
-120.004,46.450,172.153,3278834
-119.973,46.599,172.129,3278855
-120.067,46.741,171.967,3278876
-120.197,46.769,171.806,3278897
-120.279,46.597,171.655,3278918
-119.912,46.340,171.860,3278939
-119.665,46.045,171.942,3278960
-119.273,45.968,172.128,3278981
-119.291,45.717,172.008,3279002
-118.963,45.676,172.130,3279023
-119.122,45.723,171.906,3279044
-119.033,45.883,171.855,3279065
-119.203,45.931,171.622,3279086
-119.127,46.147,171.546,3279107
-118.819,46.023,171.632,3279128
-118.477,45.988,171.745,3279149
-118.346,45.794,171.702,3279170
-118.068,45.672,171.760,3279191
-118.104,45.568,171.592,3279212
-118.024,45.867,171.501,3279233
-118.138,46.082,171.256,3279254
-118.146,46.357,171.089,3279275
-118.208,46.587,170.883,3279296
-118.370,46.648,170.614,3279317
-118.052,46.635,170.681,3279338
-117.873,46.515,170.647,3279359
-117.636,46.462,170.669,3279380
-117.384,46.553,170.702,3279401
-117.106,46.623,170.759,3279422
-117.224,46.908,170.512,3279443
-117.288,47.173,170.323,3279464
-117.521,47.327,170.017,3279485
-117.797,47.353,169.667,3279506
-117.944,47.189,169.429,3279527
-117.692,47.082,169.478,3279548
-117.563,46.832,169.427,3279569
-117.333,46.831,169.462,3279590
-117.148,46.593,169.474,3279611
-117.033,46.684,169.418,3279632
-117.312,46.766,169.067,3279653
-117.507,46.821,168.787,3279674
-117.829,46.711,168.406,3279695
-118.103,46.535,168.060,3279716
-118.182,46.656,167.858,3279737
-118.103,46.341,167.771,3279758
-118.025,46.032,167.654,3279779
-118.243,45.799,167.347,3279800
-118.082,45.586,167.282,3279821
-117.942,45.327,167.232,3279842
-119.896,46.941,166.446,3280241
-119.745,46.672,166.653,3280262
-119.817,46.826,166.711,3280283
-119.959,46.899,166.727,3280304
-120.115,46.922,166.725,3280325
-120.235,47.039,166.737,3280346
-120.257,46.783,166.805,3280367
-120.087,46.498,167.048,3280388
-119.756,46.513,167.375,3280409
-119.674,46.265,167.523,3280430
-119.440,46.010,167.771,3280451
-119.069,45.871,168.130,3280472
-119.017,46.062,168.238,3280493
-119.071,46.078,168.306,3280514
-118.787,46.267,168.613,3280535
-118.847,46.346,168.661,3280556
-118.589,46.554,168.950,3280577
-118.206,46.589,169.288,3280598
-117.861,46.480,169.605,3280619
-117.923,46.359,169.620,3280640
-117.637,46.464,169.863,3280661
-117.448,46.630,170.035,3280682
-117.592,46.804,169.929,3280703
-117.658,46.612,169.911,3280724
-117.863,46.772,169.758,3280745
-117.971,46.971,169.647,3280766
-118.256,47.056,169.434,3280787
-118.093,46.878,169.522,3280808
-118.002,46.691,169.550,3280829
-118.175,46.898,169.375,3280850
-118.045,46.732,169.425,3280871
-117.914,46.589,169.448,3280892
-118.240,46.715,169.118,3280913
-118.522,46.899,168.840,3280934
-118.855,46.861,168.510,3280955
-118.911,47.040,168.358,3280976
-119.265,46.976,167.983,3280997
-119.189,46.710,167.917,3281018
-119.389,46.454,167.637,3281039
-119.246,46.307,167.597,3281060
-119.107,46.121,167.549,3281081
-119.148,45.861,167.494,3281102
-119.491,46.057,167.222,3281123
-119.839,46.224,166.967,3281144
-120.176,46.362,166.731,3281165
-120.145,46.486,166.745,3281186
-120.466,46.395,166.496,3281207
-120.363,46.231,166.547,3281228
-120.161,46.219,166.663,3281249
-119.931,46.191,166.778,3281270
-119.721,46.043,166.887,3281291
-119.660,45.793,166.872,3281312
-119.827,45.861,166.680,3281333
-119.825,46.024,166.624,3281354
-119.994,46.057,166.409,3281375
-120.047,46.212,166.274,3281396
-120.099,46.379,166.137,3281417
-120.180,46.191,165.981,3281438
-119.817,46.078,166.123,3281459
-119.570,46.156,166.282,3281480
-119.369,46.005,166.395,3281501
-119.419,45.858,166.320,3281522
-119.354,46.103,166.294,3281543
-119.439,46.385,166.239,3281564
-119.658,46.636,166.056,3281585
-119.925,46.781,165.850,3281606
-119.910,47.037,165.850,3281627
-119.679,46.936,166.071,3281648
-119.639,46.778,166.125,3281669
-119.544,46.625,166.244,3281690
-119.455,46.447,166.364,3281711
-119.185,46.403,166.602,3281732
-119.324,46.618,166.548,3281753
-119.562,46.758,166.415,3281774
-119.765,46.837,166.328,3281795
-119.950,46.869,166.249,3281816
-119.757,46.692,166.464,3281837
-119.988,46.782,166.362,3281858
-119.714,46.693,166.640,3281879
-119.475,46.687,166.895,3281900
-119.258,46.565,167.134,3281921
-119.056,46.404,167.349,3281942
-119.154,46.517,167.359,3281963
-119.161,46.582,167.438,3281984
-119.324,46.650,167.426,3282005
-119.361,46.729,167.511,3282026
-119.492,46.793,167.532,3282047
-119.394,46.472,167.706,3282068
-119.407,46.155,167.809,3282089
-119.592,45.937,167.799,3282110
-119.438,45.653,168.035,3282131
-119.320,45.642,168.204,3282152
-119.676,45.643,168.050,3282173
-119.990,45.745,167.904,3282194
-120.329,45.833,167.759,3282215
-120.650,45.764,167.588,3282236
-120.551,45.918,167.740,3282257
-120.387,45.818,167.905,3282278
-120.191,45.760,168.078,3282299
-119.947,45.727,168.305,3282320
-119.738,45.647,168.507,3282341
-119.430,45.692,168.759,3282362
-119.561,45.880,168.697,3282383
-119.699,46.076,168.608,3282404
-119.795,46.294,168.569,3282425
-119.947,46.344,168.469,3282446
-119.697,46.521,168.661,3282467
-119.379,46.484,168.873,3282488
-119.570,46.518,168.699,3282509
-119.277,46.596,168.901,3282530
-118.983,46.543,169.063,3282551
-118.802,46.769,169.143,3282572
-118.842,46.997,169.048,3282593
-118.979,47.092,168.866,3282614
-118.824,47.289,168.896,3282635
-118.772,47.077,168.841,3282656
-118.865,47.145,168.677,3282677
-118.981,46.990,168.477,3282698
-118.658,46.728,168.583,3282719
-118.364,46.449,168.649,3282740
-118.102,46.202,168.682,3282761
-118.092,45.862,168.526,3282782
-118.336,45.877,168.188,3282803
-118.602,45.829,167.818,3282824
-118.759,45.923,167.525,3282845
-119.068,45.959,167.121,3282866
-119.286,45.731,166.784,3282887
-119.118,45.664,166.717,3282908
-119.367,45.511,166.347,3282929
-119.727,45.545,165.895,3282950
-119.668,45.390,165.772,3282971
-119.647,45.591,165.595,3282992
-119.886,45.886,165.225,3283013
-120.096,46.168,164.879,3283034
-120.541,46.404,164.349,3283055
-120.502,46.486,164.186,3283076
-121.022,46.590,163.614,3283097
-121.104,46.487,163.379,3283118
-121.077,46.452,163.212,3283139
-121.062,46.399,163.054,3283160
-120.989,46.374,162.946,3283181
-120.905,46.538,162.843,3283202
-121.215,46.826,162.458,3283223
-121.376,47.159,162.161,3283244
-121.575,47.481,161.857,3283265
-121.809,47.651,161.514,3283286
-121.493,47.586,161.609,3283307
-121.341,47.479,161.568,3283328
-120.979,47.399,161.683,3283349
-120.562,47.262,161.805,3283370
-120.041,47.194,162.025,3283391
-119.710,47.424,162.121,3283412
-119.600,47.491,162.043,3283433
-119.466,47.536,161.969,3283454
-119.324,47.620,161.906,3283475
-119.168,47.726,161.849,3283496
-118.528,47.509,162.141,3283517
-117.915,47.271,162.405,3283538
-117.280,47.050,162.675,3283559
-116.680,46.965,162.917,3283580
-116.101,46.706,163.130,3283601
-115.980,46.444,163.034,3283622
-116.196,46.423,162.946,3283643
-116.213,46.703,162.994,3283664
-116.412,46.880,162.890,3283685
-116.663,46.978,162.709,3283706
-116.927,47.117,162.504,3283727
-116.937,46.849,162.488,3283748
-117.005,47.012,162.402,3283769
-116.962,46.793,162.397,3283790
-116.913,46.608,162.377,3283811
-117.370,46.692,161.993,3283832
-117.867,46.765,161.562,3283853
-118.100,46.641,161.460,3283874
-118.728,46.654,160.995,3283895
-119.117,46.794,160.704,3283916
-119.214,46.708,160.620,3283937
-119.294,46.519,160.515,3283958
-119.896,46.386,160.049,3283979
-120.448,46.144,159.660,3284000
-120.687,45.878,159.496,3284021
-121.293,46.060,159.105,3284042
-121.993,46.153,158.646,3284063
-122.625,46.323,158.244,3284084
-123.242,46.576,157.876,3284105
-123.924,46.752,157.452,3284126
-124.032,46.715,157.466,3284147
-124.231,46.608,157.402,3284168
-124.275,46.547,157.455,3284189
-124.404,46.435,157.431,3284210
-124.215,46.436,157.637,3284231
-124.038,46.609,157.853,3284252
-123.958,46.878,157.988,3284273
-124.077,47.098,157.996,3284294
-124.189,47.171,158.013,3284315
-124.266,47.316,158.042,3284336
-123.854,47.435,158.454,3284357
-123.494,47.438,158.939,3284378
-123.107,47.404,159.444,3284399
-122.757,47.616,159.900,3284420
-122.331,47.539,160.407,3284441
-122.353,47.770,160.585,3284463
-122.231,48.042,160.874,3284484
-122.095,48.245,161.168,3284505
-121.979,48.189,161.461,3284526
-121.554,47.951,161.987,3284547
-120.860,47.851,162.708,3284568
-120.181,47.782,163.422,3284589
-119.442,47.671,164.161,3284610
-118.901,47.326,164.736,3284631
-118.759,47.216,165.031,3284652
-118.545,47.225,165.393,3284673
-118.439,47.207,165.660,3284694
-118.089,47.188,166.123,3284715
-118.078,47.199,166.345,3284736
-117.670,46.870,166.836,3284757
-117.511,46.490,167.145,3284778
-117.381,46.123,167.454,3284799
-117.229,45.817,167.739,3284820
-117.397,45.596,167.797,3284841
-117.314,45.724,168.047,3284862
-117.511,45.932,168.096,3284883
-117.721,46.179,168.124,3284904
-118.088,46.316,168.040,3284925
-118.484,46.430,167.935,3284946
-118.505,46.637,168.087,3284967
-118.489,46.514,168.259,3284988
-118.384,46.504,168.501,3285009
-118.287,46.438,168.724,3285030
-118.165,46.471,168.965,3285051
-118.478,46.679,168.860,3285072
-118.541,46.906,168.963,3285093
-118.813,47.128,168.895,3285114
-119.257,47.189,168.703,3285135
-119.703,47.220,168.502,3285156
-119.802,47.033,168.537,3285177
-120.035,46.835,168.470,3285198
-120.230,46.611,168.417,3285219
-120.322,46.404,168.405,3285240
-120.260,46.511,168.463,3285261
-120.410,46.302,168.361,3285282
-120.535,46.411,168.250,3285303
-120.554,46.520,168.225,3285324
-120.494,46.615,168.215,3285345
-120.515,46.620,168.153,3285366
-120.108,46.331,168.414,3285387
-119.663,46.162,168.695,3285408
-119.228,46.035,168.975,3285429
-118.990,45.716,169.102,3285450
-119.124,45.764,168.959,3285471
-118.844,45.758,169.096,3285492
-118.673,45.862,169.147,3285513
-118.647,46.011,169.055,3285534
-118.762,45.913,168.839,3285555
-118.895,45.882,168.605,3285576
-118.508,45.660,168.737,3285597
-118.435,45.406,168.607,3285618
-117.931,45.341,168.801,3285639
-117.467,45.100,168.976,3285660
-117.263,44.859,168.972,3285681
-116.899,45.014,169.093,3285702
-116.826,45.270,169.016,3285723
-116.752,45.546,168.943,3285744
-116.793,45.831,168.799,3285765
-116.881,46.125,168.593,3285786
-116.699,46.060,168.573,3285807
-116.413,46.141,168.620,3285828
-116.330,46.137,168.515,3285849
-116.174,46.151,168.442,3285870
-116.257,46.156,168.200,3285891
-116.223,46.522,168.056,3285912
-116.176,46.860,167.893,3285933
-116.420,47.196,167.537,3285954
-116.766,47.340,167.102,3285975
-117.032,47.578,166.721,3285996
-116.981,47.452,166.593,3286017
-117.250,47.269,166.233,3286038
-117.639,47.120,165.797,3286059
-118.013,47.509,165.763,3286080
-118.498,47.484,165.649,3286101
-119.266,47.734,165.313,3286122
-119.894,48.065,165.064,3286143
-120.599,48.353,164.725,3286164
-121.222,48.602,164.402,3286185
-121.919,48.544,164.019,3286206
-122.161,48.280,163.972,3286227
-122.263,48.105,164.018,3286248
-122.276,47.899,164.126,3286269
-122.250,47.573,164.254,3286290
-122.497,47.205,164.158,3286311
-122.579,47.205,164.199,3286332
-122.742,47.257,164.185,3286353
-122.866,47.305,164.191,3286374
-123.027,47.223,164.168,3286395
-122.937,47.015,164.424,3286416
-123.070,47.228,164.483,3286437
-123.014,47.126,164.660,3286458
-122.564,47.072,165.169,3286479
-122.008,47.111,165.699,3286500
-121.603,47.008,166.109,3286521
-121.486,47.289,166.316,3286542
-121.126,47.581,166.666,3286563
-120.921,47.839,166.887,3286584
-120.791,48.012,167.041,3286605
-120.629,47.894,167.207,3286626
-120.031,47.774,167.692,3286647
-119.463,47.697,168.137,3286668
-118.899,47.713,168.566,3286689
-118.423,47.639,168.898,3286710
-118.455,47.549,168.857,3286731
-118.134,47.686,169.057,3286752
-117.978,47.887,169.129,3286773
-118.119,47.817,168.965,3286794
-118.269,47.738,168.775,3286815
-118.391,47.881,168.571,3286836
-118.208,47.640,168.597,3286857
-118.294,47.370,168.381,3286878
-118.110,47.317,168.370,3286899
-118.257,47.012,168.126,3286920
-118.396,46.704,167.841,3286941
-118.435,46.807,167.649,3286962
-118.855,46.670,167.193,3286983
-118.968,46.743,166.924,3287004
-119.366,46.779,166.497,3287025
-119.763,46.784,166.061,3287046
-119.818,46.466,165.917,3287067
-119.911,46.129,165.720,3287088
-119.862,45.990,165.628,3287109
-119.844,45.761,165.499,3287130
-120.250,45.573,165.061,3287151
-120.425,45.659,164.815,3287172
-120.593,45.752,164.598,3287193
-120.993,45.853,164.199,3287214
-121.362,45.947,163.819,3287235
-121.451,46.052,163.630,3287256
-121.451,46.146,163.535,3287277
-121.583,45.904,163.338,3287298
-121.585,46.103,163.214,3287319
-121.605,45.924,163.086,3287340
-121.788,45.874,162.816,3287361
-121.511,45.991,162.875,3287382
-121.686,46.168,162.554,3287403
-121.652,46.496,162.401,3287424
-121.577,46.411,162.245,3287445
-121.511,46.379,162.086,3287466
-121.132,46.238,162.149,3287487
-120.706,46.116,162.246,3287508
-120.231,46.171,162.436,3287529
-119.777,46.162,162.582,3287550
-119.660,46.511,162.496,3287571
-119.543,46.877,162.419,3287592
-119.478,47.248,162.318,3287613
-119.698,47.473,162.016,3287634
-119.932,47.771,161.722,3287655
-119.883,48.138,161.633,3287676
-119.711,48.043,161.601,3287697
-119.471,47.957,161.601,3287718
-119.563,47.922,161.357,3287739
-119.296,47.804,161.402,3287760
-119.180,47.623,161.297,3287781
-119.239,47.853,161.074,3287802
-119.049,48.046,161.008,3287823
-119.250,48.204,160.659,3287844
-119.451,48.423,160.247,3287865
-119.751,48.433,159.784,3287886
-119.726,48.268,159.548,3287907
-119.638,48.399,159.374,3287928
-119.946,48.644,158.889,3287949
-120.060,48.450,158.565,3287970
-120.259,48.681,158.180,3287991
-120.335,48.792,157.892,3288012
-120.450,48.898,157.600,3288033
-120.981,48.800,157.023,3288054
-121.556,48.801,156.398,3288075
-122.047,48.660,155.786,3288096
-122.061,48.377,155.578,3288117
-122.283,48.096,155.235,3288138
-122.322,48.139,155.030,3288159
-122.300,47.930,154.878,3288180
-122.723,48.049,154.375,3288201
-122.986,48.252,153.993,3288222
-123.398,48.246,153.486,3288243
-123.841,48.228,152.967,3288264
-123.976,48.442,152.630,3288285
-123.804,48.382,152.544,3288306
-123.635,48.218,152.423,3288327
-123.442,48.202,152.324,3288348
-123.215,48.211,152.216,3288369
-123.030,47.975,152.098,3288390
-122.850,48.153,151.993,3288411
-122.980,48.290,151.646,3288432
-123.052,48.466,151.367,3288453
-123.144,48.395,151.043,3288474
-123.281,48.429,150.701,3288495
-123.269,48.282,150.460,3288516
-123.325,48.170,150.153,3288537
-123.393,48.038,149.831,3288558
-123.103,48.002,149.753,3288579
-122.898,47.880,149.605,3288600
-123.188,47.967,149.086,3288621
-123.044,47.820,148.911,3288642
-123.148,48.006,148.528,3288663
-123.315,48.183,148.084,3288684
-123.631,48.197,147.503,3288705
-123.725,47.958,147.047,3288726
-123.502,47.843,146.802,3288747
-123.287,47.856,146.502,3288768
-123.073,47.913,146.152,3288789
-123.261,47.800,145.457,3288810
-123.236,47.990,144.881,3288831
-123.166,48.147,144.295,3288852
-123.349,48.373,143.485,3288873
-123.658,48.367,142.549,3288894
-124.008,48.373,141.537,3288915
-124.361,48.377,140.512,3288936
-124.265,48.433,139.799,3288957
-124.255,48.612,138.995,3288978
-124.329,48.469,138.080,3288999
-124.289,48.589,137.233,3289020
-124.301,48.526,136.298,3289041
-124.691,48.764,135.066,3289062
-124.948,48.618,133.892,3289083
-125.332,48.812,132.547,3289104
-125.749,48.784,131.181,3289125
-126.162,48.786,129.771,3289146
-126.092,48.749,128.688,3289167
-126.413,48.804,127.720,3289188
-126.575,48.181,127.240,3289209
-127.254,47.714,126.349,3289230
-127.456,47.160,125.793,3289251
-128.030,46.720,124.922,3289272
-128.390,46.562,124.190,3289293
-128.802,46.133,123.402,3289314
-129.311,45.987,122.514,3289335
-129.377,45.556,121.919,3289356
-129.187,45.347,121.493,3289377
-129.034,45.150,121.008,3289398
-128.832,45.165,120.552,3289419
-128.527,45.209,120.137,3289440
-128.150,45.255,119.788,3289461
-127.937,45.641,119.320,3289482
-127.881,46.085,118.704,3289503
-127.611,46.563,118.230,3289524
-127.545,46.759,117.596,3289545
-127.446,46.966,116.983,3289566
-126.825,47.214,116.706,3289587
-126.244,47.587,116.398,3289608
-125.640,47.982,116.092,3289629
-125.110,48.132,115.726,3289650
-124.897,48.677,115.084,3289671
-124.577,48.747,114.532,3289692
-124.593,49.118,113.723,3289713
-124.569,49.261,112.902,3289734
-124.525,49.330,112.073,3289755
-124.217,49.276,111.435,3289776
-123.821,49.231,110.858,3289797
-123.367,49.381,110.306,3289818
-122.962,49.468,109.721,3289839
-122.597,49.580,109.093,3289860
-122.633,49.737,108.142,3289881
-122.713,49.868,107.140,3289902
-122.922,49.848,106.022,3289923
-123.125,49.753,104.911,3289944
-122.510,49.420,104.647,3289965
-122.183,49.131,104.169,3289986
-121.489,48.885,103.959,3290007
-120.909,48.748,103.667,3290028
-120.443,48.642,103.303,3290049
-120.043,48.398,102.905,3290070
-120.288,48.201,102.035,3290091
-120.613,48.169,101.103,3290112
-121.004,47.919,100.131,3290133
-121.308,47.601,99.246,3290154
-121.659,47.346,98.320,3290175
-121.847,47.458,97.525,3290196
-121.710,47.432,97.060,3290217
-121.641,47.606,96.578,3290238
-121.568,47.554,96.093,3290259
-121.595,47.729,95.558,3290280
-122.027,47.712,94.718,3290301
-122.539,47.786,93.838,3290322
-123.105,47.911,92.901,3290343
-123.662,47.830,91.986,3290364
-124.250,48.009,91.053,3290385
-124.380,47.936,90.473,3290406
-124.587,48.008,89.853,3290427
-124.742,47.840,89.287,3290448
-125.010,47.964,88.662,3290469
-125.192,48.043,88.112,3290490
-125.813,47.996,87.216,3290511
-126.443,48.134,86.334,3290532
-126.875,48.018,85.616,3290553
-127.228,47.904,84.970,3290574
-127.579,47.860,84.319,3290595
-127.556,48.069,83.944,3290616
-127.344,48.093,83.732,3290637
-127.226,47.900,83.433,3290658
-126.907,47.942,83.319,3290679
-126.709,48.091,83.111,3290700
-126.834,48.025,82.656,3290721
-126.960,48.001,82.199,3290742
-127.052,48.092,81.785,3290763
-127.058,47.995,81.454,3290784
-126.812,47.769,81.329,3290805
-126.708,47.967,81.093,3290826
-126.210,47.971,81.158,3290847
-125.658,47.901,81.287,3290868
-125.108,47.903,81.439,3290889
-124.811,47.605,81.421,3290910
-124.254,47.414,81.598,3290931
-124.134,47.512,81.466,3290952
-124.070,47.390,81.304,3290973
-124.054,47.226,81.108,3290994
-124.071,47.115,80.925,3291015
-123.608,46.972,81.100,3291036
-123.355,47.062,81.141,3291057
-123.416,47.228,80.972,3291078
-123.146,47.223,81.083,3291099
-122.941,47.253,81.153,3291120
-123.309,47.302,80.838,3291141
-123.739,47.366,80.476,3291162
-124.073,47.267,80.190,3291183
-124.580,47.359,79.784,3291204
-124.726,47.282,79.683,3291225
-124.877,47.568,79.584,3291246
-125.219,47.934,79.348,3291267
-125.670,48.333,79.055,3291288
-125.817,48.576,79.013,3291309
-125.913,48.622,79.027,3291330
-126.523,48.857,78.661,3291351
-127.001,49.163,78.393,3291372
-127.404,49.075,78.203,3291393
-127.605,48.892,78.158,3291414
-128.003,48.760,77.974,3291435
-127.939,48.846,78.137,3291456
-127.820,48.822,78.353,3291477
-127.725,48.501,78.529,3291498
-127.638,48.549,78.678,3291519
-127.891,48.425,78.585,3291540
-127.996,48.126,78.611,3291561
-128.161,48.118,78.608,3291582
-128.337,47.956,78.586,3291603
-128.296,47.700,78.737,3291624
-128.177,47.397,78.961,3291645
-127.782,47.389,79.375,3291666
-127.423,47.453,79.804,3291687
-126.917,47.345,80.352,3291708
-126.437,47.286,80.875,3291729
-126.017,47.278,81.373,3291750
-125.814,47.335,81.726,3291771
-125.809,47.235,81.953,3291792
-125.726,46.898,82.245,3291813
-125.718,46.597,82.498,3291834
-125.349,46.202,83.042,3291855
-125.280,46.247,83.382,3291876
-124.950,46.121,83.935,3291897
-124.756,46.129,84.414,3291918
-124.615,46.172,84.878,3291939
-124.915,46.161,85.016,3291960
-125.208,46.268,85.175,3291981
-125.587,46.341,85.311,3292002
-125.891,46.296,85.496,3292023
-125.838,46.214,85.948,3292044
-125.714,46.376,86.465,3292065
-125.550,46.505,87.000,3292086
-125.438,46.792,87.489,3292107
-125.182,46.922,88.068,3292128
-124.902,47.132,88.669,3292149
-125.131,47.316,88.902,3292170
-125.354,47.608,89.113,3292191
-125.434,47.648,89.419,3292212
-125.628,47.956,89.623,3292233
-125.540,47.886,90.024,3292254
-125.675,47.950,90.261,3292275
-125.392,48.184,90.810,3292296
-125.111,48.370,91.341,3292317
-124.801,48.466,91.904,3292338
-124.459,48.584,92.473,3292359
-124.248,48.776,92.950,3292380
-124.394,48.870,93.153,3292401
-124.065,49.000,93.705,3292422
-124.151,48.872,93.925,3292443
-124.168,48.701,94.212,3292464
-124.020,48.424,94.631,3292485
-123.788,48.522,95.098,3292506
-123.533,48.222,95.559,3292527
-123.431,48.340,95.881,3292548
-122.926,48.183,96.471,3292569
-122.803,48.286,96.751,3292590
-122.744,48.011,96.949,3292612
-122.670,47.777,97.123,3292633
-122.685,47.683,97.220,3292654
-122.154,47.534,97.728,3292675
-121.652,47.405,98.227,3292696
-121.169,47.133,98.705,3292717
-120.726,47.050,99.156,3292738
-120.319,46.956,99.584,3292759
-119.932,46.842,99.993,3292780
-120.048,46.683,100.033,3292801
-120.175,46.561,100.048,3292822
-120.319,46.413,100.055,3292843
-120.455,46.282,100.071,3292864
-120.495,46.050,100.132,3292885
-120.237,46.097,100.398,3292906
-120.196,46.353,100.498,3292927
-120.222,46.698,100.543,3292948
-120.025,46.878,100.740,3292969
-119.879,47.166,100.901,3292990
-119.858,47.571,100.954,3293011
-120.098,48.050,100.810,3293032
-120.257,48.107,100.698,3293053
-120.274,48.566,100.681,3293074
-120.661,48.790,100.365,3293095
-120.580,48.821,100.367,3293116
-120.397,49.052,100.441,3293137
-120.404,49.398,100.364,3293158
-120.180,49.376,100.428,3293179
-120.395,49.370,100.138,3293200
-120.622,49.438,99.845,3293221
-120.867,49.405,99.523,3293242
-121.099,49.350,99.210,3293263
-120.895,49.085,99.233,3293284
-120.926,48.772,99.040,3293305
-120.647,48.583,99.075,3293326
-120.701,48.251,98.834,3293347
-120.495,48.072,98.771,3293368
-120.332,47.818,98.661,3293389
-120.385,47.919,98.363,3293410
-120.565,48.001,97.986,3293431
-120.910,47.911,97.473,3293452
-121.262,47.807,96.955,3293473
-121.324,47.893,96.633,3293494
-121.590,47.648,96.179,3293515
-121.676,47.315,95.839,3293536
-121.679,47.415,95.555,3293557
-121.720,47.116,95.266,3293578
-121.568,47.016,95.095,3293599
-121.494,47.104,94.863,3293620
-121.838,47.234,94.291,3293641
-122.190,47.250,93.727,3293662
-122.509,47.241,93.202,3293683
-122.509,47.118,92.897,3293704
-122.387,47.274,92.688,3293725
-122.322,47.535,92.453,3293746
-122.177,47.734,92.289,3293767
-122.315,48.116,91.929,3293788
-122.125,48.334,91.829,3293809
-122.411,48.626,91.337,3293830
-122.704,48.822,90.861,3293851
-122.973,48.858,90.442,3293872
-123.142,48.785,90.123,3293893
-123.072,48.608,89.804,3293935
-122.994,48.411,89.698,3293956
-122.883,48.397,89.604,3293977
-122.786,48.256,89.523,3293998
-122.799,48.377,89.361,3294019
-122.679,48.250,89.247,3294040
-123.058,48.203,88.788,3294061
-123.403,48.146,88.356,3294082
-123.757,48.089,87.920,3294103
-124.105,48.031,87.487,3294124
-124.402,48.093,87.088,3294145
-124.343,48.205,86.929,3294166
-124.245,48.307,86.821,3294187
-124.032,48.186,86.821,3294208
-123.813,48.043,86.846,3294229
-123.901,48.055,86.641,3294250
-123.947,48.240,86.497,3294271
-123.957,48.098,86.407,3294292
-123.915,47.901,86.364,3294313
-123.979,48.102,86.252,3294334
-123.666,47.986,86.454,3294355
-123.423,48.052,86.566,3294376
-123.183,48.027,86.669,3294397
-123.292,48.187,86.511,3294418
-123.260,48.316,86.443,3294439
-123.563,48.422,86.121,3294460
-123.924,48.280,85.745,3294481
-124.169,48.029,85.466,3294502
-124.403,47.818,85.187,3294523
-124.369,47.522,85.130,3294544
-124.601,47.295,84.853,3294565
-124.423,47.217,84.880,3294586
-124.577,47.361,84.651,3294607
-124.343,47.146,84.709,3294628
-124.080,47.168,84.760,3294649
-123.728,47.014,84.887,3294670
-123.877,46.963,84.660,3294691
-124.006,46.868,84.427,3294712
-124.175,46.835,84.164,3294733
-124.397,46.788,83.857,3294754
-124.138,46.723,83.894,3294775
-123.941,46.741,83.893,3294796
-123.794,46.788,83.815,3294817
-123.709,46.883,83.705,3294838
-124.074,46.872,83.258,3294859
-124.137,47.098,83.025,3294880
-124.414,47.046,82.639,3294901
-124.771,47.150,82.183,3294922
-125.059,47.340,81.787,3294943
-125.286,47.234,81.464,3294964
-125.100,47.373,81.423,3294986
-125.021,47.593,81.319,3295007
-124.747,47.551,81.370,3295028
-124.719,47.780,81.240,3295049
-124.791,47.593,81.067,3295070
-125.112,47.622,80.698,3295091
-125.177,47.424,80.536,3295113
-125.344,47.262,80.328,3295134
-125.619,47.457,80.029,3295155
-125.500,47.546,80.052,3295176
-125.398,47.648,80.058,3295197
-125.246,47.626,80.108,3295218
-125.537,47.791,79.850,3295239
-125.449,47.831,79.853,3295260
-125.759,47.838,79.575,3295281
-121.138,47.016,82.891,3296247
-120.962,47.048,83.035,3296268
-120.856,47.096,83.135,3296289
-120.669,46.968,83.317,3296310
-120.840,46.900,83.241,3296331
-121.035,46.822,83.155,3296352
-121.214,47.020,83.126,3296373
-121.434,46.866,83.066,3296394
-121.730,46.695,82.965,3296415
-121.684,46.718,83.144,3296436
-122.166,46.811,82.935,3296457
-122.332,46.896,82.954,3296478
-122.407,46.715,83.010,3296499
-122.935,46.517,82.768,3296520
-123.357,46.365,82.593,3296541
-123.744,46.238,82.440,3296562
-124.024,46.017,82.345,3296583
-124.270,45.798,82.272,3296604
-124.301,45.872,82.344,3296625
-124.420,46.063,82.386,3296646
-124.601,46.317,82.370,3296667
-124.644,46.479,82.457,3296688
-124.690,46.689,82.578,3296709
-124.760,46.955,82.647,3296730
-125.143,46.985,82.491,3296751
-125.580,47.124,82.322,3296772
-125.927,47.192,82.218,3296793
-126.290,47.322,82.096,3296814
-126.118,47.281,82.394,3296835
-125.907,47.480,82.703,3296856
-125.904,47.818,82.875,3296877
-125.699,48.036,83.193,3296898
-125.577,47.840,83.435,3296919
-125.371,48.016,83.750,3296940
-125.282,48.225,83.999,3296961
-125.418,48.178,84.064,3296982
-125.396,47.992,84.271,3297003
-125.430,47.837,84.434,3297024
-124.956,47.785,84.990,3297045
-124.656,47.889,85.436,3297066
-124.438,47.609,85.822,3297087
-123.881,47.538,86.468,3297108
-123.482,47.573,87.011,3297129
-123.435,47.389,87.296,3297150
-123.312,47.088,87.637,3297171
-123.205,46.786,87.978,3297192
-123.136,46.868,88.300,3297213
-123.263,46.815,88.455,3297234
-124.778,47.159,94.410,3297717
-124.681,47.330,94.774,3297738
-124.807,47.595,94.962,3297759
-125.044,47.556,95.060,3297780
-125.300,47.751,95.151,3297801
-125.592,47.828,95.236,3297822
-125.813,47.762,95.385,3297843
-125.878,47.999,95.613,3297864
-125.626,48.000,96.090,3297885
-125.392,48.036,96.555,3297906
-125.139,47.892,97.053,3297927
-125.329,47.799,97.212,3297948
-125.107,47.923,97.677,3297969
-124.809,47.753,98.190,3297990
-124.999,47.687,98.342,3298011
-125.111,47.476,98.523,3298032
-125.269,47.475,98.659,3298053
-125.405,47.390,98.796,3298074
-125.412,47.156,99.026,3298095
-125.085,47.169,99.503,3298116
-124.922,47.298,99.828,3298137
-124.721,47.421,100.202,3298158
-124.672,47.592,100.429,3298179
-124.665,47.797,100.611,3298200
-124.422,47.699,100.973,3298221
-124.640,47.620,100.991,3298242
-124.693,47.422,101.129,3298263
-124.661,47.171,101.320,3298284
-124.361,47.083,101.689,3298305
-124.177,47.233,101.968,3298326
-124.074,46.950,102.184,3298347
-123.655,46.837,102.596,3298368
-123.525,46.492,102.800,3298389
-123.539,46.508,102.866,3298410
-123.516,46.531,102.955,3298431
-123.531,46.267,103.031,3298452
-123.446,46.316,103.156,3298473
-123.195,45.950,103.403,3298494
-123.122,45.628,103.526,3298515
-122.760,45.511,103.860,3298536
-122.433,45.431,104.152,3298557
-122.116,45.450,104.428,3298578
-121.879,45.605,104.674,3298599
-122.070,45.787,104.591,3298620
-122.228,46.013,104.537,3298641
-122.404,46.150,104.478,3298662
-122.568,46.221,104.384,3298683
-122.747,46.305,104.313,3298704
-122.611,46.622,104.480,3298725
-122.352,46.844,104.709,3298746
-122.249,47.161,104.853,3298767
-122.011,47.281,105.076,3298788
-121.810,47.400,105.282,3298809
-121.727,47.653,105.379,3298830
-122.107,47.724,105.134,3298851
-122.481,47.911,104.914,3298872
-122.808,47.877,104.712,3298893
-122.844,47.734,104.721,3298914
-122.753,47.626,104.848,3298935
-122.629,47.527,104.988,3298956
-122.989,47.675,104.781,3298977
-123.282,47.524,104.603,3298998
-123.671,47.590,104.357,3299019
-123.951,47.370,104.188,3299040
-124.168,47.105,104.092,3299061
-124.492,47.131,103.894,3299082
-124.411,47.109,103.989,3299103
-124.257,46.997,104.130,3299124
-124.111,46.740,104.242,3299145
-124.023,46.756,104.324,3299166
-124.011,46.444,104.341,3299187
-123.785,46.337,104.507,3299208
-123.932,46.477,104.407,3299229
-123.874,46.567,104.426,3299250
-124.187,46.481,104.201,3299271
-124.518,46.443,103.950,3299292
-124.414,46.142,104.010,3299313
-124.655,45.974,103.782,3299334
-124.455,45.987,103.890,3299355
-124.245,46.006,103.996,3299376
-124.111,46.112,104.038,3299397
-123.903,46.154,104.130,3299418
-123.981,46.342,103.998,3299439
-124.173,46.255,103.773,3299460
-124.341,46.416,103.559,3299481
-124.591,46.506,103.280,3299502
-124.806,46.514,102.991,3299523
-124.922,46.457,102.775,3299544
-124.561,46.509,102.907,3299565
-124.221,46.437,103.027,3299586
-123.911,46.679,103.125,3299607
-123.502,46.697,103.271,3299628
-123.253,46.956,103.298,3299649
-122.995,46.781,103.321,3299670
-123.030,46.884,103.111,3299691
-122.562,46.779,103.288,3299712
-122.358,46.622,103.272,3299733
-122.013,46.778,103.330,3299754
-121.550,46.678,103.478,3299775
-121.290,46.854,103.477,3299796
-120.993,46.969,103.443,3299817
-121.070,47.092,103.164,3299838
-120.781,46.847,103.124,3299859
-120.787,47.048,102.848,3299880
-120.981,47.102,102.427,3299901
-121.138,47.261,102.034,3299922
-121.349,47.126,101.570,3299943
-121.477,46.910,101.173,3299964
-121.373,47.018,100.934,3299985
-121.207,46.931,100.727,3300006
-121.144,46.763,100.427,3300027
-121.137,46.936,100.078,3300048
-121.255,47.173,99.632,3300069
-121.644,47.128,98.973,3300090
-122.048,47.093,98.285,3300111
-122.446,47.038,97.586,3300132
-122.872,47.044,96.876,3300153
-123.031,46.855,96.332,3300174
-123.355,47.080,95.672,3300195
-123.319,47.087,95.238,3300216
-123.341,46.891,94.767,3300237
-123.260,46.859,94.367,3300258
-123.105,46.874,94.029,3300279
-122.941,46.893,93.697,3300300
-123.201,46.828,93.026,3300321
-123.434,46.900,92.368,3300342
-123.376,46.638,91.925,3300363
-123.580,46.594,91.289,3300384
-123.454,46.732,90.936,3300405
-123.224,46.765,90.613,3300426
-123.218,46.500,90.139,3300447
-122.854,46.383,89.920,3300468
-122.459,46.235,89.701,3300489
-122.553,46.121,89.143,3300510
-122.560,45.912,88.621,3300531
-122.635,45.780,88.079,3300552
-122.673,45.874,87.520,3300573
-122.494,46.021,87.152,3300594
-122.228,46.144,86.855,3300615
-121.866,46.162,86.645,3300636
-121.830,45.934,86.189,3300657
-121.472,45.988,85.978,3300678
-121.118,45.854,85.761,3300699
-121.221,45.760,85.215,3300720
-121.346,45.732,84.634,3300741
-121.442,45.616,84.091,3300762
-121.563,45.471,83.515,3300783
-121.382,45.203,83.153,3300804
-121.475,45.384,82.606,3300825
-121.680,45.564,81.949,3300846
-121.607,45.711,81.480,3300867
-121.478,45.806,81.030,3300888
-121.654,46.083,80.372,3300909
-121.832,45.948,79.693,3300930
-121.922,45.814,79.100,3300951
-122.108,45.675,78.411,3300972
-122.040,45.597,77.897,3300993
-122.004,45.747,77.368,3301014
-122.173,45.956,76.696,3301035
-122.194,46.112,76.115,3301056
-122.571,46.314,75.265,3301077
-122.955,46.229,74.412,3301098
-123.395,46.233,73.488,3301119
-123.805,46.247,72.611,3301140
-124.073,46.115,71.837,3301161
-124.199,45.943,71.158,3301182
-124.407,45.880,70.412,3301203
-124.215,45.760,69.939,3301224
-124.037,45.897,69.473,3301245
-123.827,46.072,69.016,3301266
-123.546,46.168,68.597,3301287
-123.411,46.347,68.054,3301308
-123.315,46.554,67.466,3301329
-123.490,46.623,66.688,3301350
-123.555,46.515,65.981,3301371
-123.461,46.301,65.415,3301392
-123.207,46.142,64.968,3301413
-123.161,45.990,64.357,3301434
-122.996,46.184,63.819,3301455
-122.712,46.291,63.395,3301476
-122.798,46.484,62.672,3301497
-122.711,46.590,62.053,3301518
-122.464,46.329,61.535,3301539
-122.701,46.162,60.654,3301560
-122.841,45.894,59.832,3301581
-123.049,45.706,58.930,3301602
-122.911,45.435,58.269,3301623
-123.089,45.253,57.357,3301644
-123.045,45.414,56.605,3301665
-122.998,45.558,55.829,3301686
-122.848,45.372,55.131,3301707
-122.693,45.414,54.424,3301728
-122.738,45.556,53.561,3301749
-123.403,45.046,53.331,3301770
-124.144,44.694,52.981,3301791
-124.693,44.157,52.740,3301812
-125.309,43.756,52.441,3301833
-125.987,43.447,52.061,3301854
-126.488,43.392,51.779,3301875
-126.848,43.365,51.575,3301896
-127.073,43.315,51.423,3301917
-127.272,43.339,51.273,3301938
-127.719,43.469,50.915,3301959
-127.736,43.317,50.825,3301980
-127.942,43.209,50.587,3302001
-127.845,43.222,50.534,3302022
-128.086,43.316,50.232,3302043
-127.852,43.526,50.236,3302064
-127.731,44.058,50.133,3302085
-127.848,44.557,49.875,3302106
-127.522,44.707,50.132,3302127
-127.597,45.059,50.072,3302148
-127.744,45.288,50.013,3302169
-127.715,45.331,50.046,3302190
-127.612,45.246,50.209,3302211
-127.294,45.119,50.473,3302232
-126.788,45.137,50.947,3302253
-126.505,45.366,51.237,3302274
-126.195,45.567,51.606,3302295
-125.671,45.625,52.059,3302316
-125.077,45.626,52.568,3302337
-124.610,45.699,52.961,3302358
-124.363,45.838,53.174,3302379
-124.069,45.535,53.423,3302400
-123.711,45.232,53.696,3302421
-123.731,45.035,53.635,3302442
-123.629,44.807,53.652,3302463
-123.652,44.623,53.540,3302484
-123.505,44.835,53.535,3302505
-123.644,44.955,53.310,3302526
-123.280,44.982,53.412,3302547
-123.064,45.166,53.394,3302568
-122.876,45.287,53.550,3302589
-123.062,45.257,53.426,3302610
-123.241,45.196,53.298,3302631
-123.472,45.145,53.129,3302652
-123.250,45.034,53.254,3302673
-123.217,44.811,53.218,3302694
-123.066,44.913,53.249,3302715
-123.057,45.110,53.172,3302736
-122.969,45.259,53.108,3302757
-122.830,45.384,53.075,3302778
-123.122,45.432,52.758,3302799
-123.407,45.462,52.435,3302820
-123.513,45.343,52.196,3302841
-123.709,45.318,51.901,3302862
-124.000,45.495,51.739,3302883
-124.079,45.223,51.705,3302904
-124.150,45.375,51.660,3302925
-124.075,45.416,51.691,3302946
-123.972,45.399,51.753,3302967
-124.099,45.516,51.627,3302988
-124.354,45.660,51.381,3303009
-124.688,45.504,51.085,3303030
-124.588,45.332,51.097,3303051
-124.720,45.116,50.897,3303072
-124.833,44.924,50.716,3303093
-124.751,44.761,50.659,3303114
-125.000,44.996,50.363,3303135
-124.893,45.187,50.291,3303156
-124.723,45.367,50.273,3303177
-124.715,45.651,50.132,3303198
-124.948,45.684,49.812,3303219
-124.858,45.576,49.668,3303240
-125.087,45.713,49.322,3303261
-125.202,45.658,49.027,3303282
-125.313,45.598,48.714,3303303
-125.537,45.482,48.577,3303324
-125.450,45.613,48.667,3303345
-125.430,45.353,48.662,3303366
-125.388,45.533,48.658,3303387
-125.336,45.701,48.662,3303408
-125.324,45.870,48.630,3303429
-125.380,45.706,48.529,3303450
-125.011,45.546,48.712,3303471
-124.636,45.451,48.874,3303492
-124.516,45.155,48.852,3303513
-124.341,45.256,48.862,3303534
-124.497,45.389,48.603,3303555
-124.304,45.489,48.574,3303576
-124.063,45.570,48.557,3303597
-124.020,45.748,48.377,3303618
-124.165,45.661,48.043,3303639
-124.331,45.468,47.832,3303660
-124.500,45.319,47.630,3303681
-124.536,45.074,47.502,3303702
-124.664,44.913,47.296,3303723
-124.720,45.139,47.145,3303744
-124.584,45.319,47.113,3303765
-124.564,45.538,47.029,3303786
-124.501,45.714,46.989,3303807
-124.416,45.886,46.954,3303828
-124.773,46.058,46.595,3303849
-124.971,46.316,46.367,3303870
-125.090,46.164,46.215,3303891
-124.940,46.122,46.226,3303912
-124.757,46.046,46.244,3303933
-124.610,45.932,46.213,3303954
-124.554,46.198,46.092,3303975
-124.324,46.379,46.122,3303996
-124.238,46.676,46.022,3304017
-124.275,46.611,45.827,3304038
-124.326,46.576,45.628,3304059
-124.301,46.473,45.462,3304080
-124.394,46.558,45.220,3304101
-124.221,46.395,45.151,3304122
-124.010,46.195,45.091,3304143
-123.569,46.109,45.168,3304164
-123.340,46.301,45.102,3304185
-123.106,46.501,45.011,3304206
-122.807,46.512,45.132,3304227
-122.634,46.630,45.118,3304248
-122.746,46.701,44.879,3304269
-122.650,46.457,44.764,3304290
-122.477,46.182,44.700,3304311
-122.071,46.176,44.792,3304332
-122.071,45.966,44.575,3304353
-121.731,46.027,44.570,3304374
-121.685,46.127,44.406,3304395
-121.578,46.192,44.259,3304416
-121.558,46.245,44.042,3304437
-121.345,46.239,43.931,3304458
-121.356,46.320,43.670,3304479
-121.428,46.016,43.342,3304500
-121.532,45.730,42.988,3304521
-121.550,45.422,42.755,3304542
-121.673,45.167,42.449,3304563
-121.499,45.158,42.337,3304584
-121.774,45.062,41.887,3304605
-121.720,45.201,41.710,3304626
-122.063,45.096,41.265,3304647
-122.322,45.305,40.857,3304668
-122.411,45.075,40.595,3304689
-122.705,44.961,40.182,3304710
-122.886,44.815,39.850,3304731
-122.766,44.933,39.771,3304752
-122.787,44.741,39.571,3304773
-122.991,44.979,39.269,3304794
-122.878,45.235,39.165,3304815
-122.841,45.519,39.027,3304836
-122.790,45.791,38.878,3304857
-122.584,46.054,38.871,3304878
-122.719,46.180,38.590,3304899
-122.578,46.059,38.483,3304920
-122.269,45.944,38.504,3304941
-122.129,45.865,38.398,3304962
-121.708,46.057,38.499,3304983
-121.407,45.961,38.499,3305004
-121.318,46.302,38.381,3305025
-121.151,46.640,38.316,3305046
-120.887,46.982,38.327,3305067
-120.721,47.297,38.288,3305088
-120.372,47.513,38.362,3305109
-120.180,47.313,38.323,3305130
-119.942,47.110,38.317,3305151
-119.471,46.932,38.470,3305172
-119.310,46.738,38.377,3305193
-118.795,46.684,38.536,3305214
-118.706,46.889,38.375,3305235
-118.597,47.126,38.216,3305256
-118.713,47.061,37.896,3305277
-118.776,47.209,37.670,3305298
-118.796,46.928,37.405,3305319
-118.820,46.643,37.134,3305340
-118.758,46.325,36.921,3305361
-121.439,45.313,28.686,3305697
-121.572,45.598,28.116,3305718
-121.997,45.831,27.330,3305739
-122.225,45.765,26.689,3305760
-122.083,45.791,26.310,3305782
-122.190,45.800,25.747,3305803
-121.890,45.969,25.497,3305824
-121.625,46.343,25.212,3305845
-121.594,46.806,24.761,3305866
-121.476,47.087,24.337,3305887
-121.040,47.231,24.147,3305908
-120.794,47.098,23.811,3305929
-120.602,46.972,23.425,3305950
-120.374,46.789,23.064,3305971
-120.248,46.659,22.625,3305992
-119.970,46.503,22.308,3306013
-119.582,46.688,22.047,3306034
-119.244,46.840,21.726,3306055
-119.271,46.837,21.170,3306076
-119.185,47.015,20.696,3306097
-119.114,47.151,20.211,3306118
-118.752,47.042,19.914,3306139
-118.656,46.724,19.450,3306160
-118.705,46.423,18.877,3306181
-118.950,46.391,18.163,3306202
-118.727,46.193,17.772,3306223
-118.921,45.888,17.099,3306244
-119.276,45.873,16.296,3306265
-119.172,45.679,15.841,3306286
-119.303,45.809,15.212,3306307
-119.702,45.927,14.368,3306328
-120.225,45.956,13.449,3306349
-120.590,45.747,12.629,3306370
-121.001,45.566,11.773,3306391
-121.028,45.469,11.196,3306412
-121.072,45.310,10.591,3306433
-121.342,45.423,9.819,3306454
-121.896,45.465,8.822,3306475
-122.086,45.550,8.077,3306496
-122.286,45.643,7.322,3306517
-122.770,45.744,6.392,3306538
-123.001,45.475,5.623,3306559
-123.317,45.243,4.768,3306580
-123.345,45.010,4.126,3306601
-123.266,44.850,3.550,3306622
-123.249,44.628,2.923,3306643
-123.299,44.868,2.258,3306664
-123.500,45.069,1.494,3306685
-123.638,45.305,0.764,3306706
-123.738,45.558,0.090,3306727
-123.970,45.551,359.316,3306748
-124.079,45.417,358.638,3306769
-123.893,45.255,358.177,3306790
-123.561,45.133,357.816,3306811
-123.207,45.133,357.452,3306832
-122.802,45.135,357.120,3306853
-122.550,45.353,356.656,3306874
-122.388,45.583,356.109,3306895
-122.439,45.724,355.420,3306916
-122.205,45.929,354.936,3306937
-121.827,45.949,354.535,3306958
-121.784,45.723,353.920,3306979
-121.773,45.515,353.246,3307000
-121.663,45.257,352.635,3307021
-121.407,45.006,352.096,3307042
-121.117,44.890,351.590,3307063
-121.262,45.026,350.758,3307084
-121.463,45.014,349.888,3307105
-121.704,44.950,348.991,3307126
-121.783,45.073,348.176,3307147
-121.963,44.830,347.316,3307168
-122.256,44.718,346.366,3307189
-122.291,44.391,345.591,3307210
-122.077,44.144,345.012,3307231
-122.092,44.244,344.619,3307252
-122.120,44.325,344.210,3307273
-122.122,44.246,343.827,3307294
-122.491,44.459,343.164,3307315
-122.880,44.380,342.486,3307336
-123.010,44.597,341.981,3307357
-123.217,44.761,341.408,3307378
-123.521,44.616,340.744,3307399
-123.555,44.244,340.263,3307420
-123.532,43.838,339.775,3307441
-123.409,43.369,339.326,3307462
-123.174,43.098,338.913,3307483
-123.192,42.978,338.321,3307504
-123.421,42.629,337.543,3307525
-123.404,42.457,336.923,3307546
-123.540,42.284,336.140,3307567
-123.356,41.717,335.570,3307588
-123.108,41.156,335.028,3307609
-122.844,40.658,334.494,3307630
-122.545,40.138,333.987,3307651
-122.188,39.792,333.494,3307672
-121.978,39.648,332.911,3307693
-121.583,39.247,332.424,3307714
-121.651,39.002,331.630,3307735
-121.634,38.932,330.890,3307756
-121.670,38.896,330.095,3307777
-121.767,38.645,329.280,3307798
-121.860,38.358,328.472,3307819
-121.619,38.323,327.872,3307840
-121.420,38.077,327.276,3307861
-121.221,37.939,326.693,3307882
-121.046,37.884,326.076,3307903
-121.247,38.160,325.261,3307924
-121.562,38.389,324.358,3307945
-121.862,38.591,323.494,3307966
-122.163,38.979,322.615,3307987
-122.325,39.095,321.843,3308008
-122.260,39.293,321.208,3308029
-122.178,39.673,320.563,3308050
-122.129,40.186,319.910,3308071
-122.142,40.745,319.206,3308092
-122.084,41.212,318.550,3308113
-122.074,41.772,317.867,3308134
-122.463,42.286,316.917,3308155
-122.859,42.736,315.932,3308176
-123.252,43.072,314.890,3308197
-123.648,43.486,313.837,3308218
-124.029,43.824,312.778,3308239
-124.165,43.913,311.879,3308260
-124.012,44.067,311.173,3308281
-123.903,44.294,310.436,3308302
-123.770,44.441,309.724,3308323
-123.717,44.726,308.949,3308344
-124.016,44.722,307.956,3308365
-124.337,44.715,306.966,3308386
-124.676,44.752,305.923,3308407
-124.793,44.502,305.048,3308428
-124.519,44.377,304.446,3308449
-124.174,44.168,303.886,3308470
-124.027,44.148,303.189,3308491
-123.721,44.050,302.609,3308512
-123.716,43.734,301.829,3308533
-123.634,43.295,301.091,3308554
-123.535,42.860,300.382,3308575
-123.181,42.760,299.880,3308596
-122.914,42.297,299.277,3308617
-122.573,42.294,298.725,3308638
-122.134,42.259,298.243,3308659
-121.709,42.202,297.725,3308680
-121.366,42.075,297.163,3308701
-121.060,42.321,296.551,3308722
-120.663,42.519,296.000,3308743
-120.766,42.804,295.122,3308764
-120.888,43.107,294.225,3308785
-120.960,43.266,293.378,3308806
-121.132,43.637,292.484,3308827
-121.256,43.860,291.622,3308848
-121.370,44.067,290.772,3308869
-121.172,44.156,290.141,3308890
-120.908,44.350,289.592,3308911
-120.889,44.853,288.852,3308932
-120.766,45.286,288.207,3308953
-120.867,45.783,287.425,3308974
-121.196,46.064,286.483,3308995
-121.570,46.328,285.527,3309016
-121.912,46.451,284.593,3309037
-122.235,46.497,283.687,3309058
-122.033,46.477,283.142,3309079
-122.013,46.321,282.489,3309100
-121.854,46.349,281.942,3309121
-121.768,46.390,281.357,3309142
-121.725,46.427,280.747,3309163
-121.986,46.179,279.941,3309184
-122.196,45.913,279.178,3309205
-122.507,45.847,278.333,3309226
-122.792,45.609,277.526,3309247
-123.083,45.516,276.727,3309268
-122.862,45.376,276.287,3309289
-122.604,45.277,275.894,3309310
-122.459,45.358,275.431,3309331
-122.238,45.407,275.030,3309352
-122.017,45.451,274.652,3309373
-121.828,45.202,274.245,3309394
-122.007,45.115,273.547,3309415
-122.151,44.985,272.872,3309436
-122.284,44.885,272.196,3309457
-122.329,44.735,271.614,3309478
-122.153,44.940,271.154,3309499
-121.899,45.101,270.759,3309520
-121.663,45.269,270.354,3309541
-121.449,45.410,269.926,3309562
-121.244,45.540,269.494,3309583
-121.465,45.474,268.766,3309604
-121.726,45.474,268.001,3309625
-121.611,45.313,267.500,3309646
-121.875,45.423,266.745,3309667
-122.105,45.547,265.983,3309688
-122.057,45.755,265.431,3309709
-121.821,45.639,265.025,3309730
-121.777,45.843,264.463,3309751
-121.576,45.916,264.024,3309772
-121.710,45.757,263.339,3309793
-121.909,45.927,262.589,3309814
-122.175,45.943,261.806,3309835
-122.366,45.780,261.074,3309856
-122.288,45.532,260.533,3309877
-122.367,45.327,259.858,3309898
-122.053,45.301,259.428,3309919
-121.726,45.321,259.013,3309940
-121.487,45.473,258.515,3309961
-121.163,45.577,258.057,3309982
-120.880,45.713,257.568,3310003
-121.026,45.716,256.770,3310024
-121.069,45.586,256.028,3310045
-121.028,45.408,255.322,3310066
-121.133,45.310,254.520,3310087
-121.339,45.331,253.630,3310108
-121.078,45.385,253.048,3310129
-120.860,45.540,252.416,3310150
-120.716,45.764,251.738,3310171
-120.637,46.015,250.996,3310192
-120.424,46.028,250.341,3310213
-120.177,46.033,249.703,3310234
-120.381,46.006,248.725,3310255
-120.402,45.851,247.858,3310276
-120.130,45.788,247.178,3310297
-120.318,45.783,246.114,3310318
-120.072,45.942,245.334,3310339
-119.791,46.068,244.566,3310360
-119.738,46.364,243.599,3310381
-119.652,46.216,242.631,3310402
-119.529,46.491,241.637,3310423
-119.710,46.131,241.955,3310444
-120.258,45.743,241.917,3310465
-120.270,45.385,242.153,3310486
-120.680,44.993,242.006,3310507
-120.997,44.590,241.889,3310528
-120.857,44.432,242.080,3310549
-120.633,44.324,242.283,3310570
-120.375,44.342,242.491,3310591
-120.400,44.373,242.474,3310612
-120.122,44.199,242.632,3310633
-119.597,44.280,242.915,3310654
-119.543,44.378,242.817,3310675
-119.419,44.478,242.721,3310696
-119.189,44.502,242.667,3310717
-119.057,44.623,242.494,3310738
-118.595,45.000,242.547,3310759
-117.997,45.225,242.665,3310780
-117.437,45.429,242.712,3310801
-117.306,45.782,242.417,3310822
-116.802,46.047,242.382,3310843
-116.777,46.143,241.963,3310864
-116.783,46.243,241.521,3310885
-116.871,46.343,240.973,3310906
-116.949,46.398,240.462,3310927
-117.183,46.306,240.229,3310948
-117.008,46.321,240.256,3310969
-116.921,46.438,240.197,3310990
-116.821,46.502,240.102,3311011
-117.078,46.691,239.738,3311032
-117.107,46.871,239.504,3311053
-117.099,46.603,239.277,3311074
-117.378,46.517,238.816,3311095
-117.521,46.308,238.438,3311116
-117.307,46.045,238.292,3311137
-116.997,45.941,238.217,3311158
-116.723,45.887,238.066,3311179
-116.490,45.918,237.908,3311200
-116.776,45.577,237.761,3311221
-116.749,45.598,237.804,3311242
-116.769,45.689,237.794,3311263
-117.052,45.517,237.569,3311284
-117.367,45.512,237.290,3311305
-117.311,45.329,237.235,3311326
-117.507,45.306,236.999,3311347
-117.625,45.336,236.799,3311368
-117.706,45.326,236.647,3311389
-117.423,45.506,236.872,3311410
-117.198,45.768,237.023,3311431
-117.339,45.997,236.891,3311452
-117.208,46.325,236.959,3311473
-116.909,46.468,237.115,3311494
-117.108,46.618,236.919,3311515
-117.362,46.755,236.698,3311536
-117.379,46.667,236.625,3311557
-117.173,46.902,236.708,3311578
-117.409,46.977,236.478,3311599
-117.554,46.931,236.409,3311620
-117.367,47.156,236.639,3311641
-117.158,47.400,236.864,3311662
-116.949,47.629,237.080,3311683
-117.060,47.799,237.061,3311704
-116.636,47.782,237.424,3311725
-116.237,47.703,237.754,3311746
-116.292,47.643,237.733,3311767
-116.343,47.793,237.727,3311788
-116.461,47.763,237.648,3311809
-116.106,47.716,237.918,3311830
-115.803,47.716,238.153,3311851
-115.746,47.831,238.215,3311872
-115.931,47.605,238.061,3311893
-115.690,47.569,238.223,3311914
-115.849,47.301,238.071,3311935
-115.840,46.947,238.027,3311956
-115.655,46.644,238.119,3311977
-115.835,46.380,237.908,3311998
-115.656,46.127,237.959,3312019
-115.530,46.132,237.977,3312040
-115.477,46.170,237.907,3312061
-115.491,46.248,237.807,3312082
-115.718,46.375,237.531,3312103
-116.071,46.155,237.174,3312124
-116.473,45.997,236.763,3312145
-116.889,45.925,236.336,3312166
-117.295,45.830,235.911,3312187
-117.506,45.579,235.609,3312208
-117.355,45.557,235.542,3312229
-117.408,45.716,235.326,3312250
-117.601,45.873,235.007,3312271
-117.660,46.032,234.765,3312292
-117.613,46.150,234.603,3312313
-117.938,46.124,234.175,3312334
-117.920,45.852,233.976,3312355
-118.145,45.614,233.605,3312376
-118.021,45.399,233.457,3312397
-118.365,45.220,232.961,3312418
-118.306,44.981,232.732,3312439
-118.284,45.064,232.474,3312460
-118.362,45.231,232.126,3312481
-118.595,45.410,231.652,3312502
-118.779,45.598,231.188,3312523
-118.689,45.345,230.929,3312544
-118.843,45.235,230.476,3312565
-118.899,45.038,230.081,3312586
-118.857,44.760,229.744,3312607
-118.973,44.590,229.267,3312628
-118.682,44.606,229.047,3312649
-118.367,44.597,228.821,3312670
-118.158,44.681,228.491,3312691
-118.137,44.835,228.028,3312712
-117.835,44.767,227.755,3312733
-117.573,44.837,227.456,3312754
-117.653,44.707,226.925,3312775
-117.510,44.916,226.533,3312796
-117.551,44.754,226.004,3312817
-117.535,44.567,225.525,3312838
-117.709,44.569,224.908,3312859
-117.444,44.602,224.556,3312880
-117.324,44.786,224.117,3312901
-117.347,45.071,223.537,3312922
-117.640,45.348,222.749,3312943
-117.959,45.328,221.924,3312964
-118.299,45.274,221.083,3312985
-118.438,45.133,220.357,3313006
-120.704,45.180,211.260,3313237
-120.817,44.959,210.426,3313258
-120.734,45.066,209.728,3313279
-120.662,45.215,209.016,3313300
-120.710,45.404,208.221,3313321
-120.632,45.588,207.497,3313342
-120.684,45.780,206.668,3313363
-120.792,45.637,205.813,3313384
-120.521,45.465,205.188,3313405
-120.169,45.331,204.630,3313426
-119.773,45.233,204.092,3313447
-119.738,45.232,203.315,3313468
-119.379,45.574,202.760,3313489
-119.117,45.939,202.171,3313510
-118.739,46.335,201.597,3313531
-118.542,46.761,200.921,3313553
-118.223,46.745,200.359,3313574
-118.058,46.776,199.663,3313595
-117.591,46.813,199.187,3313616
-117.136,46.793,198.693,3313637
-116.685,46.935,198.201,3313658
-116.517,46.836,197.464,3313679
-116.440,47.142,196.699,3313700
-116.539,47.366,195.805,3313721
-116.531,47.620,194.973,3313742
-116.773,47.604,193.960,3313763
-116.675,47.376,193.181,3313784
-116.572,47.112,192.379,3313805
-116.584,46.839,191.499,3313826
-116.845,46.614,190.420,3313847
-117.164,46.421,189.298,3313868
-117.394,46.492,188.252,3313889
-117.536,46.579,187.266,3313910
-117.653,46.664,186.318,3313931
-118.043,46.714,185.181,3313952
-118.208,46.809,184.212,3313973
-118.144,46.729,183.439,3313994
-118.289,46.419,182.486,3314015
-118.476,46.146,181.520,3314036
-118.369,46.058,180.766,3314057
-118.838,46.810,180.636,3314078
-119.563,47.358,180.254,3314099
-120.237,47.949,179.881,3314120
-120.692,48.602,179.652,3314141
-121.174,49.156,179.361,3314162
-121.725,49.561,179.027,3314183
-121.636,49.857,179.185,3314204
-121.684,49.923,179.240,3314225
-121.655,49.911,179.337,3314246
-121.518,49.832,179.518,3314267
-121.442,49.665,179.625,3314288
-121.452,49.875,179.632,3314309
-121.585,49.998,179.556,3314330
-121.604,50.100,179.545,3314351
-121.590,50.163,179.542,3314372
-121.810,49.959,179.327,3314393
-121.410,49.676,179.580,3314414
-121.162,49.187,179.720,3314435
-121.208,48.762,179.638,3314456
-121.340,48.929,179.828,3314477
-121.417,48.690,180.098,3314498
-121.133,48.649,180.614,3314519
-120.997,48.759,181.002,3314540
-121.068,48.885,181.255,3314561
-120.993,49.007,181.568,3314582
-121.147,48.865,181.738,3314603
-120.771,48.643,182.289,3314624
-120.685,48.303,182.627,3314645
-120.419,48.311,183.085,3314666
-120.152,47.984,183.532,3314687
-120.006,47.653,183.883,3314708
-119.749,47.718,184.303,3314729
-119.668,47.802,184.545,3314750
-119.442,47.886,184.908,3314771
-119.357,47.701,185.169,3314792
-119.314,47.784,185.356,3314813
-119.153,47.537,185.641,3314834
-118.778,47.316,186.070,3314855
-118.419,47.061,186.495,3314876
-117.967,46.875,186.980,3314897
-117.547,46.812,187.402,3314918
-117.617,46.927,187.492,3314939
-117.387,47.116,187.777,3314960
-117.452,47.083,187.746,3314981
-117.225,47.260,187.950,3315002
-117.324,47.352,187.916,3315023
-117.135,47.109,188.084,3315044
-116.842,46.941,188.303,3315065
-116.589,46.973,188.526,3315086
-116.388,46.788,188.686,3315107
-116.542,46.604,188.572,3315128
-116.609,46.820,188.494,3315149
-116.760,47.015,188.361,3315170
-117.034,47.208,188.097,3315191
-117.305,47.417,187.856,3315212
-117.764,47.465,187.472,3315233
-117.896,47.619,187.330,3315254
-118.251,47.431,187.019,3315275
-118.579,47.254,186.727,3315296
-118.603,47.208,186.660,3315317
-118.670,47.079,186.567,3315338
-118.938,46.946,186.304,3315359
-119.129,47.177,186.088,3315380
-119.128,47.372,185.997,3315401
-119.265,47.617,185.782,3315422
-119.412,47.826,185.530,3315443
-119.564,47.640,185.232,3315464
-119.622,47.417,185.024,3315485
-119.455,47.127,184.932,3315506
-119.242,46.855,184.868,3315527
-119.308,46.645,184.583,3315548
-119.114,46.748,184.472,3315569
-118.959,46.880,184.349,3315590
-119.050,47.041,184.042,3315611
-119.081,47.194,183.760,3315632
-119.303,47.622,183.882,3315653
-119.442,47.673,184.052,3315674
-119.479,47.658,184.299,3315695
-119.285,47.934,184.718,3315716
-119.021,48.047,185.200,3315737
-118.765,48.132,185.277,3315758
-118.490,48.205,185.373,3315779
-118.506,48.406,185.290,3315800
-118.627,48.583,185.128,3315821
-118.818,48.716,184.913,3315842
-119.071,48.638,184.631,3315863
-118.988,48.409,184.625,3315884
-119.111,48.217,184.473,3315905
-119.147,47.994,184.386,3315926
-119.055,47.731,184.413,3315947
-119.144,47.497,184.321,3315968
-118.804,47.435,184.561,3315989
-118.586,47.519,184.705,3316010
-118.501,47.662,184.759,3316031
-118.604,47.662,184.664,3316052
-118.651,47.744,184.648,3316073
-118.418,47.860,184.815,3316094
-118.152,47.606,185.047,3316115
-118.197,47.329,185.048,3316136
-117.975,47.171,185.247,3316157
-117.740,47.094,185.449,3316178
-117.512,46.946,185.637,3316199
-117.482,47.118,185.690,3316220
-117.525,47.290,185.648,3316241
-117.664,47.473,185.560,3316262
-117.845,47.592,185.427,3316283
-117.652,47.418,185.588,3316304
-117.559,47.202,185.671,3316325
-117.692,47.069,185.596,3316346
-117.513,46.899,185.777,3316367
-117.736,46.827,185.668,3316388
-117.889,47.012,185.603,3316409
-117.938,47.248,185.628,3316430
-118.059,47.444,185.596,3316451
-118.312,47.407,185.488,3316472
-118.629,47.518,185.289,3316493
-118.469,47.391,185.439,3316514
-118.391,47.275,185.505,3316535
-118.710,47.150,185.254,3316556
-118.597,47.157,185.309,3316577
-118.521,47.157,185.308,3316598
-118.660,47.368,185.139,3316619
-119.048,47.542,184.782,3316640
-119.070,47.701,184.710,3316661
-119.263,47.956,184.496,3316682
-119.610,47.962,184.167,3316703
-119.691,47.755,184.051,3316724
-119.693,47.550,183.974,3316745
-119.435,47.503,184.106,3316766
-119.268,47.279,184.160,3316787
-119.363,47.083,184.006,3316808
-119.347,47.248,183.931,3316829
-119.401,47.378,183.771,3316850
-119.562,47.465,183.543,3316871
-119.735,47.514,183.296,3316892
-120.037,47.536,182.945,3316913
-119.874,47.310,182.931,3316934
-119.875,46.880,182.866,3316955
-119.848,46.598,183.009,3316976
-119.769,46.329,183.162,3316997
-119.833,46.035,183.198,3317018
-119.615,46.057,183.436,3317039
-119.783,46.184,183.408,3317060
-119.881,46.370,183.426,3317081
-120.083,46.514,183.367,3317102
-120.345,46.638,183.268,3317123
-120.528,46.542,183.208,3317144
-120.354,46.391,183.407,3317165
-120.573,46.514,183.287,3317186
-120.292,46.432,183.545,3317207
-120.068,46.326,183.740,3317228
-119.761,46.555,184.023,3317249
-119.804,46.852,184.084,3317270
-119.784,47.173,184.173,3317291
-119.456,47.422,184.490,3317312
-119.505,47.428,184.546,3317333
-119.317,47.342,184.769,3317354
-119.255,47.274,184.884,3317375
-119.042,47.205,185.093,3317396
-118.728,47.224,185.366,3317417
-118.443,47.144,185.615,3317438
-118.524,47.405,185.559,3317459
-118.544,47.675,185.568,3317480
-118.395,47.914,185.700,3317501
-118.304,48.158,185.780,3317522
-118.240,48.377,185.839,3317543
-118.062,48.565,186.004,3317564
-117.751,48.381,186.244,3317585
-117.432,48.174,186.485,3317606
-117.361,47.879,186.532,3317627
-117.326,47.579,186.561,3317648
-117.060,47.333,186.749,3317669
-117.024,47.420,186.771,3317690
-117.217,47.420,186.619,3317711
-117.395,47.401,186.500,3317732
-117.585,47.332,186.343,3317753
-117.738,47.333,186.194,3317774
-117.586,46.941,186.290,3317795
-117.800,46.727,186.104,3317816
-117.557,46.396,186.268,3317837
-117.561,46.017,186.260,3317858
-117.390,45.799,186.393,3317879
-117.688,45.884,186.187,3317900
-117.784,46.043,186.132,3317921
-117.904,46.222,186.058,3317942
-118.159,46.417,185.896,3317963
-118.351,46.188,185.764,3317984
-118.369,45.978,185.760,3318005
-118.193,45.901,185.894,3318026
-118.201,45.715,185.879,3318047
-118.108,45.577,185.947,3318068
-117.990,45.790,186.035,3318089
-118.083,46.112,185.983,3318110
-118.362,46.393,185.819,3318131
-118.662,46.653,185.602,3318152
-118.964,46.907,185.401,3318173
-119.283,47.159,185.189,3318194
-119.319,47.017,185.175,3318215
-119.294,46.833,185.213,3318236
-119.388,46.613,185.154,3318257
-119.332,46.404,185.217,3318278
-119.681,46.407,184.990,3318299
-119.570,46.463,185.094,3318320
-119.544,46.601,185.125,3318341
-119.646,46.730,185.084,3318362
-119.806,46.772,184.982,3318383
-119.601,46.494,185.149,3318404
-119.434,46.196,185.287,3318425
-119.110,46.175,185.534,3318446
-118.848,45.941,185.752,3318467
-118.493,45.835,186.042,3318488
-118.465,46.055,186.092,3318509
-118.455,46.280,186.147,3318530
-118.263,46.516,186.322,3318551
-118.324,46.701,186.288,3318572
-118.343,46.858,186.286,3318593
-118.397,46.890,186.233,3318614
-117.915,46.856,186.599,3318635
-117.866,46.752,186.640,3318656
-117.454,46.835,186.952,3318677
-117.083,46.713,187.254,3318698
-116.945,46.569,187.333,3318719
-116.807,46.852,187.436,3318740
-116.830,47.177,187.458,3318761
-117.002,47.446,187.331,3318782
-117.301,47.499,187.131,3318803
-117.242,47.711,187.190,3318824
-117.150,47.583,187.283,3318845
-116.983,47.504,187.426,3318866
-116.920,47.293,187.489,3318887
-117.169,47.129,187.319,3318908
-117.083,47.190,187.404,3318929
-116.973,46.963,187.501,3318950
-117.353,46.939,187.252,3318971
-117.749,46.993,186.971,3318992
-118.132,47.098,186.729,3319013
-118.638,47.071,186.401,3319034
-118.980,46.762,186.177,3319055
-119.456,46.534,185.859,3319076
-119.556,46.134,185.822,3319097
-119.797,45.745,185.698,3319118
-120.223,45.561,185.450,3319139
-120.459,45.615,185.358,3319160
-120.636,45.725,185.337,3319181
-120.835,45.871,185.313,3319202
-121.065,46.061,185.267,3319223
-120.996,46.135,185.468,3319244
-121.150,45.968,185.493,3319265
-121.052,45.952,185.713,3319286
-120.923,46.020,185.942,3319307
-120.936,45.917,186.058,3319328
-120.762,45.897,186.294,3319349
-120.695,46.233,186.454,3319370
-120.724,46.618,186.543,3319391
-120.929,46.877,186.496,3319412
-121.061,47.136,186.490,3319433
-120.964,47.542,186.649,3319454
-120.880,47.569,186.796,3319475
-120.474,47.551,187.169,3319496
-119.945,47.663,187.661,3319517
-119.540,47.591,188.039,3319538
-119.046,47.731,188.481,3319560
-118.900,47.997,188.664,3319581
-118.783,48.202,188.804,3319602
-118.760,48.353,188.881,3319623
-118.811,48.309,188.921,3319644
-118.741,47.995,189.046,3319665
-118.529,47.629,189.240,3319686
-118.178,47.514,189.554,3319707
-118.192,47.236,189.612,3319728
-117.954,46.943,189.881,3319749
-117.679,46.991,190.155,3319770
-117.584,47.148,190.305,3319791
-117.626,47.296,190.322,3319812
-117.656,47.447,190.383,3319833
-117.794,47.418,190.355,3319854
-117.436,47.325,190.715,3319875
-117.121,47.337,191.035,3319896
-116.783,47.234,191.376,3319917
-116.685,46.972,191.535,3319938
-116.572,46.767,191.710,3319959
-116.712,46.862,191.205,3319980
-116.862,46.953,190.707,3320001
-117.090,47.038,190.144,3320022
-117.443,47.133,189.516,3320043
-117.766,47.268,188.885,3320064
-117.897,46.967,188.418,3320085
-117.893,46.905,188.032,3320106
-118.346,46.758,187.326,3320127
-118.610,46.471,186.751,3320148
-118.869,46.181,186.160,3320169
-119.196,46.310,185.536,3320190
-119.682,46.416,184.841,3320211
-120.175,46.328,184.135,3320232
-120.634,46.435,183.462,3320253
-120.594,46.264,183.141,3320274
-120.580,46.059,182.798,3320295
-120.628,45.849,182.428,3320316
-120.555,45.807,182.154,3320337
-120.514,45.713,181.875,3320358
-120.831,45.675,181.311,3320379
-120.998,45.966,180.879,3320400
-121.195,46.317,180.419,3320421
-121.301,46.675,180.040,3320442
-121.291,46.806,180.085,3320463
-121.586,47.224,179.903,3320484
-121.318,47.382,180.132,3320505
-121.339,47.485,180.131,3320526
-120.966,47.734,180.444,3320547
-120.856,47.746,180.539,3320568
-120.508,47.743,180.847,3320589
-120.366,48.094,180.991,3320610
-120.118,48.387,181.185,3320631
-120.079,48.591,181.231,3320652
-120.095,48.611,181.211,3320673
-119.593,48.584,181.565,3320694
-119.054,48.494,181.937,3320715
-118.669,48.114,182.158,3320736
-118.117,47.864,182.476,3320757
-117.786,47.839,182.856,3320778
-117.708,47.984,183.041,3320799
-117.735,48.070,183.075,3320820
-117.724,48.141,183.084,3320841
-117.800,48.104,183.042,3320862
-117.814,47.879,183.134,3320883
-117.964,47.930,183.117,3320904
-117.658,47.670,183.430,3320925
-117.343,47.404,183.733,3320946
-116.954,47.373,184.096,3320967
-116.737,47.053,184.302,3320988
-116.842,46.929,184.267,3321009
-116.680,47.022,184.394,3321030
-116.741,47.119,184.366,3321051
-116.876,47.265,184.250,3321072
-117.072,47.408,184.047,3321093
-117.339,47.519,183.815,3321114
-117.217,47.435,183.919,3321135
-117.398,47.276,183.792,3321156
-117.287,47.161,183.849,3321177
-117.190,47.017,183.933,3321198
-117.211,46.879,183.964,3321219
-117.109,47.082,184.103,3321240
-117.340,47.311,183.953,3321261
-117.587,47.580,183.802,3321282
-117.905,47.650,183.633,3321303
-117.941,47.882,183.688,3321324
-118.153,47.736,183.608,3321345
-118.151,47.574,183.671,3321366
-118.054,47.637,183.806,3321387
-117.985,47.581,183.887,3321408
-118.193,47.375,183.737,3321429
-118.314,47.578,183.633,3321450
-118.512,47.786,183.443,3321471
-118.822,47.843,183.164,3321492
-119.077,47.760,182.892,3321513
-119.369,47.794,182.584,3321534
-119.114,47.778,182.661,3321555
-119.013,47.543,182.626,3321576
-118.817,47.302,182.636,3321597
-118.508,47.241,182.701,3321618
-118.564,47.510,182.708,3321639
-118.802,47.641,182.563,3321660
-118.699,47.905,182.644,3321681
-118.712,48.149,182.611,3321702
-118.916,48.120,182.433,3321723
-119.050,48.278,182.257,3321744
-118.777,48.110,182.389,3321765
-118.467,48.086,182.641,3321786
-118.133,48.053,182.872,3321807
-117.949,47.878,182.964,3321828
-117.795,47.660,182.998,3321849
-117.558,47.550,183.168,3321870
-117.311,47.679,183.317,3321891
-117.272,47.857,183.291,3321912
-117.344,47.987,183.142,3321933
-117.532,48.136,182.980,3321954
-117.673,48.206,182.837,3321975
-117.709,47.908,182.835,3321996
-117.636,47.595,182.913,3322017
-117.461,47.353,183.059,3322038
-117.382,47.056,183.126,3322059
-117.715,46.915,182.907,3322080
-118.063,46.970,182.691,3322101
-118.208,47.086,182.630,3322122
-118.437,47.225,182.526,3322143
-118.895,47.260,182.222,3322164
-119.014,46.976,182.201,3322185
-119.036,46.742,182.232,3322206
-118.979,46.546,182.257,3322227
-119.128,46.299,182.210,3322248
-119.280,46.487,182.144,3322269
-119.175,46.611,182.243,3322290
-119.061,46.805,182.331,3322311
-119.134,47.093,182.276,3322332
-119.263,47.458,182.178,3322353
-119.446,47.577,182.011,3322374
-119.282,47.538,182.118,3322395
-118.999,47.500,182.266,3322416
-118.997,47.571,182.196,3322437
-118.706,47.529,182.377,3322458
-118.155,47.607,182.742,3322479
-117.911,47.949,182.919,3322500
-117.880,48.188,182.903,3322521
-117.653,48.487,183.002,3322542
-117.330,48.775,183.199,3322563
-117.178,49.030,183.256,3322584
-116.952,48.825,183.318,3322605
-116.644,48.596,183.510,3322626
-116.313,48.344,183.710,3322647
-115.947,48.145,183.970,3322668
-115.787,47.827,184.103,3322689
-115.663,47.940,184.201,3322710
-115.543,48.040,184.331,3322731
-115.734,48.153,184.230,3322752
-116.018,48.268,184.073,3322773
-116.411,48.316,183.804,3322794
-116.791,48.397,183.570,3322815
-116.978,48.084,183.469,3322836
-117.205,47.753,183.361,3322857
-117.257,47.428,183.347,3322878
-117.561,47.107,183.172,3322899
-118.028,46.957,182.878,3322920
-118.043,46.659,182.951,3322941
-118.252,46.768,182.825,3322962
-118.450,46.857,182.714,3322983
-118.904,46.795,182.394,3323004
-118.836,46.579,182.438,3323025
-118.775,46.368,182.473,3323046
-118.805,46.417,182.428,3323067
-118.708,46.263,182.447,3323088
-119.042,46.066,182.139,3323109
-119.044,46.097,182.057,3323130
-119.222,45.832,181.932,3323151
-119.455,45.994,181.750,3323172
-119.805,46.130,181.444,3323193
-119.966,45.950,181.355,3323214
-120.156,46.165,181.218,3323235
-120.370,46.030,181.036,3323256
-120.551,46.287,180.916,3323277
-120.265,46.375,181.101,3323298
-120.001,46.259,181.272,3323319
-120.090,46.481,181.173,3323340
-119.701,46.672,181.436,3323361
-119.743,46.928,181.385,3323382
-119.591,47.219,181.492,3323403
-119.501,47.474,181.515,3323424
-119.088,47.356,181.775,3323445
-118.552,47.248,182.109,3323466
-117.997,47.353,182.444,3323487
-117.425,47.251,182.783,3323508
-117.105,47.056,182.924,3323529
-116.756,47.254,183.073,3323550
-116.431,47.459,183.197,3323571
-116.404,47.643,183.093,3323592
-116.516,47.746,182.896,3323613
-116.649,47.705,182.673,3323634
-116.416,47.839,182.711,3323655
-116.115,47.611,182.785,3323676
-116.115,47.356,182.626,3323697
-115.812,47.147,182.689,3323718
-115.768,46.838,182.554,3323739
-115.962,46.629,182.250,3323760
-116.033,46.732,182.040,3323781
-116.220,46.823,181.739,3323802
-116.403,46.942,181.418,3323823
-116.792,46.994,180.928,3323844
-117.278,47.119,180.564,3323865
-117.498,46.921,180.377,3323886
-117.589,46.828,180.287,3323907
-117.639,46.759,180.201,3323928
-117.727,46.777,180.055,3323949
-117.806,46.809,179.932,3323970
-118.365,46.947,179.448,3323991
-118.633,47.171,179.141,3324012
-119.080,47.177,178.701,3324033
-119.519,47.254,178.249,3324054
-119.820,47.415,177.875,3324075
-119.832,47.290,177.866,3324096
-120.149,47.248,177.638,3324117
-119.979,47.228,177.742,3324138
-119.810,47.113,177.842,3324159
-119.638,47.282,178.047,3324180
-119.663,47.604,178.099,3324201
-119.734,47.892,178.063,3324222
-119.969,48.160,177.985,3324243
-120.148,48.423,177.919,3324264
-120.102,48.266,178.035,3324285
-119.946,48.146,178.249,3324306
-119.670,48.162,178.551,3324327
-119.342,48.174,178.873,3324348
-119.010,48.075,179.245,3324369
-119.080,47.948,179.304,3324390
-119.257,48.021,179.327,3324411
-119.198,48.231,179.522,3324432
-119.284,48.375,179.617,3324453
-119.259,48.576,179.797,3324474
-119.231,48.751,179.954,3324495
-118.871,48.514,180.354,3324516
-118.605,48.320,180.740,3324537
-118.273,48.121,181.144,3324558
-118.047,47.850,181.470,3324579
-117.642,47.772,181.884,3324600
-117.531,47.924,182.072,3324621
-117.543,48.020,182.160,3324642
-117.446,47.741,182.430,3324663
-117.548,47.868,182.513,3324684
-117.746,47.940,182.534,3324705
-117.885,47.684,182.590,3324726
-118.000,47.424,182.695,3324747
-117.840,47.322,182.984,3324768
-117.760,47.085,183.200,3324789
-117.643,46.941,183.484,3324810
-117.649,47.061,183.656,3324831
-117.666,47.199,183.818,3324852
-117.615,47.290,183.993,3324873
-117.960,47.344,183.871,3324894
-118.231,47.522,183.814,3324915
-118.329,47.289,183.897,3324936
-118.564,47.135,183.842,3324957
-118.377,47.072,184.139,3324978
-118.226,47.023,184.401,3324999
-118.526,46.981,184.294,3325020
-118.831,47.122,184.191,3325041
-118.957,47.388,184.206,3325062
-119.096,47.626,184.183,3325083
-119.371,47.813,184.039,3325104
-119.482,48.001,184.021,3325125
-119.669,47.773,183.940,3325146
-119.739,47.519,183.936,3325167
-119.643,47.249,184.052,3325188
-119.710,46.971,184.071,3325209
-119.675,46.703,184.175,3325230
-119.993,46.724,184.026,3325251
-120.084,46.864,184.041,3325272
-120.304,46.995,183.960,3325293
-120.471,47.144,183.918,3325314
-120.634,47.270,183.856,3325335
-120.512,47.247,183.992,3325356
-120.476,46.952,184.044,3325377
-120.388,46.736,184.134,3325398
-120.288,46.599,184.205,3325419
-120.193,46.428,184.271,3325440
-120.420,46.223,184.096,3325461
-120.587,46.406,183.955,3325482
-120.545,46.594,183.968,3325503
-120.782,46.697,183.771,3325524
-120.811,46.924,183.760,3325545
-120.791,46.756,183.783,3325566
-120.568,46.561,183.954,3325587
-120.526,46.415,183.992,3325608
-120.129,46.323,184.291,3325629
-119.712,46.439,184.596,3325650
-119.637,46.733,184.670,3325671
-119.567,46.998,184.718,3325692
-119.380,47.269,184.869,3325713
-119.330,47.539,184.913,3325734
-119.291,47.811,184.951,3325755
-119.080,47.635,185.114,3325776
-118.803,47.429,185.310,3325797
-118.771,47.271,185.321,3325818
-118.399,47.142,185.576,3325839
-118.038,47.044,185.829,3325860
-117.877,47.237,185.912,3325881
-118.055,47.315,185.784,3325902
-118.004,47.551,185.809,3325923
-118.089,47.760,185.725,3325944
-118.375,47.793,185.503,3325965
-118.223,47.867,185.583,3325986
-118.134,47.618,185.649,3326007
-117.994,47.395,185.780,3326028
-117.850,47.175,185.940,3326049
-117.700,46.934,186.101,3326070
-117.877,46.744,186.033,3326091
-117.749,46.861,186.208,3326112
-117.767,47.068,186.280,3326133
-117.945,47.249,186.284,3326154
-118.175,47.384,186.228,3326175
-118.393,47.451,186.202,3326196
-118.118,47.378,186.538,3326217
-118.363,47.535,186.492,3326238
-118.198,47.406,186.774,3326259
-117.904,47.350,187.140,3326280
-118.023,47.300,187.209,3326301
-117.785,47.509,187.555,3326322
-117.625,47.781,187.831,3326343
-117.685,47.997,187.927,3326364
-117.725,48.179,188.036,3326385
-117.331,48.011,188.441,3326406
-117.146,47.782,188.701,3326427
-116.696,47.707,189.154,3326448
-116.439,47.457,189.470,3326469
-116.584,47.343,189.496,3326490
-116.363,47.373,189.804,3326511
-116.110,47.323,190.135,3326532
-116.088,47.415,190.323,3326553
-116.135,47.495,190.439,3326574
-116.491,47.498,190.322,3326595
-116.669,47.610,190.334,3326616
-116.907,47.344,190.252,3326637
-117.035,47.043,190.276,3326658
-116.958,46.801,190.464,3326679
-116.987,46.531,190.554,3326700
-117.317,46.492,190.422,3326721
-117.685,46.584,190.312,3326742
-117.809,46.812,190.366,3326763
-117.877,47.072,190.449,3326784
-117.980,47.351,190.484,3326805
-117.811,47.419,190.717,3326826
-117.931,47.230,190.748,3326847
-117.742,47.134,191.015,3326868
-117.583,46.955,191.253,3326889
-117.492,46.771,191.404,3326910
-117.296,46.827,191.655,3326931
-117.201,46.989,191.827,3326952
-117.269,47.251,191.870,3326973
-117.377,47.519,191.892,3326994
-117.429,47.811,191.977,3327015
-116.827,47.457,192.380,3327225
-116.651,47.493,192.240,3327246
-116.719,47.521,191.929,3327267
-116.378,47.319,191.926,3327288
-116.081,47.082,191.903,3327309
-115.933,46.819,191.765,3327330
-115.968,46.538,191.506,3327351
-115.898,46.618,191.360,3327372
-116.282,46.565,190.900,3327393
-116.533,46.772,190.563,3327414
-116.837,46.953,190.194,3327435
-117.055,47.177,189.887,3327456
-117.438,47.173,189.487,3327477
-117.765,47.067,189.116,3327498
-117.679,46.927,189.068,3327519
-117.503,46.824,189.094,3327540
-117.736,46.851,188.809,3327561
-117.827,47.171,188.644,3327582
-117.670,47.420,188.693,3327603
-117.603,47.746,188.680,3327624
-117.514,48.083,188.713,3327645
-117.333,48.341,188.818,3327666
-117.155,48.273,188.912,3327687
-116.963,48.183,189.034,3327708
-116.733,48.304,189.191,3327729
-116.513,48.201,189.327,3327750
-116.660,48.459,189.222,3327771
-116.422,48.572,189.402,3327792
-116.688,48.620,189.205,3327813
-116.919,48.587,188.896,3327834
-117.124,48.478,188.652,3327855
-117.302,48.447,188.435,3327876
-116.971,48.189,188.643,3327897
-117.067,47.983,188.517,3327918
-116.750,47.675,188.698,3327939
-116.421,47.381,188.898,3327960
-116.220,47.072,188.982,3327981
-116.344,47.078,188.776,3328002
-116.461,47.169,188.586,3328023
-116.644,47.251,188.355,3328044
-116.909,47.216,188.061,3328065
-116.974,47.319,187.914,3328086
-116.996,47.004,187.783,3328107
-116.855,46.769,187.772,3328128
-116.761,46.638,187.719,3328149
-116.811,46.301,187.539,3328170
-116.746,46.082,187.439,3328191
-116.974,46.187,187.112,3328212
-116.989,46.240,186.935,3328233
-117.302,46.391,186.567,3328254
-117.690,46.417,186.148,3328275
-118.023,46.546,185.783,3328296
-118.357,46.469,185.443,3328317
-118.462,46.276,185.282,3328338
-118.481,46.080,185.181,3328359
-118.585,45.902,185.035,3328380
-118.393,45.841,185.082,3328401
-118.590,46.103,184.863,3328422
-118.531,46.368,184.834,3328443
-118.496,46.661,184.790,3328464
-118.709,46.884,184.608,3328485
-118.846,46.887,184.497,3328506
-118.990,46.912,184.365,3328527
-118.693,47.065,184.569,3328548
-118.374,47.067,184.811,3328569
-118.366,46.943,184.802,3328590
-118.451,46.841,184.761,3328611
-118.192,46.927,185.000,3328632
-118.257,47.180,185.004,3328653
-118.399,47.412,184.954,3328674
-118.556,47.614,184.917,3328695
-118.463,47.792,185.083,3328716
-118.168,47.664,185.407,3328737
-117.988,47.386,185.673,3328758
-118.089,47.190,185.722,3328779
-117.942,46.895,185.948,3328800
-117.622,46.816,186.293,3328821
-117.822,46.815,186.263,3328842
-117.698,46.963,186.451,3328863
-117.843,47.079,186.425,3328884
-118.064,47.152,186.327,3328905
-118.320,47.109,186.174,3328926
-118.162,46.841,186.299,3328947
-117.948,46.636,186.423,3328968
-118.261,46.575,186.151,3328989
-118.155,46.288,186.180,3329010
-117.943,46.110,186.296,3329031
-117.861,46.188,186.325,3329052
-117.668,46.202,186.422,3329073
-117.448,46.168,186.557,3329094
-117.572,46.276,186.468,3329115
-117.805,46.302,186.299,3329136
-117.560,46.066,186.480,3329157
-117.532,45.757,186.509,3329178
-117.636,45.496,186.412,3329199
-117.846,45.264,186.252,3329220
-117.855,44.997,186.244,3329241
-118.179,45.115,186.025,3329262
-118.386,45.333,185.886,3329283
-118.690,45.532,185.683,3329304
-118.831,45.756,185.597,3329325
-119.214,45.893,185.329,3329346
-119.415,45.762,185.223,3329367
-119.516,45.625,185.177,3329388
-119.412,45.769,185.293,3329409
-119.310,45.801,185.385,3329430
-119.194,45.856,185.503,3329451
-119.157,46.116,185.530,3329472
-119.263,46.469,185.459,3329493
-119.402,46.820,185.343,3329514
-119.736,47.077,185.105,3329535
-119.963,47.375,184.938,3329556
-120.287,47.470,184.696,3329577
-120.580,47.621,184.489,3329598
-120.518,47.443,184.511,3329619
-120.626,47.271,184.382,3329640
-120.396,47.058,184.503,3329661
-120.437,47.242,184.439,3329682
-120.498,47.406,184.351,3329703
-120.109,47.402,184.603,3329724
-119.736,47.199,188.250,3330732
-119.398,47.232,188.745,3330753
-119.528,47.247,188.868,3330774
-119.367,47.370,189.202,3330795
-119.413,47.425,189.410,3330816
-119.342,47.592,189.669,3330837
-119.061,47.316,190.103,3330858
-118.971,47.097,190.417,3330879
-118.824,46.861,190.788,3330900
-118.645,46.631,191.195,3330921
-118.245,46.718,191.774,3330942
-118.154,46.516,192.145,3330963
-118.025,46.708,192.528,3330984
-118.111,46.818,192.760,3331005
-118.016,46.995,193.114,3331026
-117.729,46.998,193.639,3331047
-117.656,46.779,194.017,3331068
-117.550,46.583,194.436,3331089
-117.370,46.486,194.907,3331110
-117.456,46.281,195.229,3331131
-117.269,46.093,195.711,3331152
-117.178,46.243,196.136,3331173
-117.273,46.448,196.438,3331194
-117.584,46.533,196.571,3331215
-117.929,46.648,196.665,3331236
-118.175,46.959,196.815,3331257
-118.417,46.866,196.965,3331278
-118.800,46.865,196.969,3331299
-119.235,46.972,196.918,3331320
-119.229,46.887,197.196,3331341
-119.380,46.765,197.328,3331362
-119.356,46.981,197.560,3331383
-119.323,46.744,197.591,3331404
-119.291,46.910,197.574,3331425
-119.333,47.091,197.502,3331446
-119.283,47.282,197.488,3331467
-119.387,47.142,197.370,3331488
-119.094,47.156,197.538,3331509
-118.823,47.276,197.707,3331530
-118.497,47.197,197.924,3331551
-118.452,47.453,197.949,3331572
-118.328,47.679,198.060,3331594
-118.254,47.945,198.147,3331615
-118.362,48.018,198.117,3331636
-118.362,47.935,198.134,3331657
-118.307,48.154,198.221,3331678
-118.057,47.945,198.467,3331699
-117.776,47.737,198.720,3331720
-117.247,47.506,199.184,3331741
-116.992,47.254,199.452,3331762
-116.556,47.367,199.856,3331783
-116.438,47.509,200.030,3331804
-115.954,47.563,200.507,3331825
-115.773,47.724,200.781,3331846
-115.496,47.861,201.142,3331867
-115.109,47.577,201.581,3331888
-115.177,47.382,201.696,3331909
-114.860,47.300,202.111,3331930
-114.609,47.025,202.473,3331951
-114.457,46.742,202.765,3331972
-114.646,46.880,202.845,3331993
-114.789,46.606,202.967,3332014
-114.825,46.702,203.157,3332035
-115.166,46.890,203.162,3332056
-115.619,47.035,203.074,3332077
-115.912,46.837,203.142,3332098
-116.323,46.792,203.115,3332119
-116.646,46.680,203.134,3332140
-116.586,46.709,203.447,3332161
-116.680,47.004,203.615,3332182
-117.088,47.096,203.554,3332203
-117.255,47.414,203.693,3332224
-117.244,47.740,203.961,3332245
-117.511,47.945,204.045,3332266
-117.520,48.300,204.317,3332287
-117.241,48.355,204.807,3332308
-117.403,48.333,204.937,3332329
-117.516,48.305,205.136,3332350
-117.284,48.229,205.577,3332371
-117.372,48.103,205.790,3332392
-117.312,48.347,206.105,3332413
-117.132,48.494,206.504,3332434
-117.355,48.656,206.601,3332455
-117.269,48.372,206.928,3332476
-117.169,48.462,207.274,3332497
-116.993,48.450,207.646,3332518
-117.155,48.163,207.796,3332539
-117.063,47.797,208.127,3332560
-116.940,47.440,208.491,3332581
-116.962,47.041,208.745,3332602
-116.820,46.992,209.144,3332623
-116.977,46.963,209.330,3332644
-117.107,46.943,209.527,3332665
-117.209,46.969,209.735,3332686
-117.210,47.022,210.031,3332707
-117.388,46.704,210.171,3332728
-117.716,46.630,210.218,3332749
-117.731,46.326,210.489,3332770
-117.584,46.203,210.886,3332791
-117.768,45.984,211.048,3332812
-117.605,45.933,211.471,3332833
-117.503,46.073,211.849,3332854
-117.361,46.226,212.242,3332875
-117.394,46.462,212.513,3332896
-117.439,46.696,212.769,3332917
-117.305,46.533,213.124,3332938
-117.265,46.383,213.402,3332959
-117.301,46.270,213.610,3332980
-117.007,46.361,214.042,3333001
-116.959,46.197,214.281,3333022
-116.978,46.466,214.467,3333043
-117.177,46.657,214.517,3333064
-116.918,46.746,214.875,3333085
-116.876,47.005,215.053,3333106
-117.075,47.123,215.070,3333127
-117.285,47.122,215.084,3333148
-117.023,47.160,215.426,3333169
-117.110,46.998,215.530,3333190
-116.895,46.840,215.823,3333211
-116.967,46.610,215.900,3333232
-116.786,46.652,216.155,3333253
-116.796,46.795,216.249,3333274
-116.841,46.950,216.306,3333295
-116.919,47.093,216.328,3333316
-117.007,47.233,216.343,3333337
-117.365,47.100,216.162,3333358
-117.503,46.781,216.136,3333379
-117.795,46.534,216.004,3333400
-118.063,46.261,215.885,3333421
-117.900,46.052,216.054,3333442
-118.111,45.791,215.949,3333463
-117.928,45.744,216.132,3333484
-117.839,45.805,216.240,3333505
-117.751,45.849,216.318,3333526
-117.721,45.977,216.381,3333547
-117.949,45.810,216.235,3333568
-118.065,45.588,216.179,3333589
-118.126,45.368,216.153,3333610
-118.297,45.561,216.046,3333631
-118.407,45.788,215.981,3333652
-118.674,45.786,215.806,3333673
-118.505,45.941,215.930,3333694
-118.632,46.188,215.829,3333715
-118.876,46.257,215.640,3333736
-118.648,46.431,215.767,3333757
-118.782,46.697,215.625,3333778
-118.612,46.569,215.705,3333799
-118.620,46.430,215.632,3333820
-118.342,46.571,215.730,3333841
-118.157,46.386,215.747,3333862
-118.104,46.173,215.639,3333883
-117.892,46.248,215.621,3333904
-117.714,46.325,215.588,3333925
-117.711,46.498,215.436,3333946
-117.969,46.503,215.099,3333967
-118.239,46.434,214.735,3333988
-118.344,46.175,214.479,3334009
-118.626,46.099,214.107,3334030
-118.469,45.872,214.028,3334051
-118.663,45.667,213.725,3334072
-118.945,45.809,213.334,3334093
-118.833,45.817,213.216,3334114
-118.737,45.876,213.081,3334135
-118.770,46.084,212.853,3334156
-119.164,46.088,212.342,3334177
-119.169,46.264,212.090,3334198
-119.089,46.197,211.912,3334219
-119.273,46.046,211.522,3334240
-119.231,45.889,211.310,3334261
-119.209,45.749,211.066,3334282
-119.436,45.729,210.643,3334303
-119.532,45.962,210.312,3334324
-119.478,46.169,210.067,3334345
-119.714,45.821,209.617,3334366
-119.869,45.836,209.245,3334387
-120.156,45.848,208.748,3334408
-120.053,45.593,208.515,3334429
-120.124,45.199,208.159,3334450
-120.013,45.077,207.915,3334471
-120.286,44.821,207.401,3334492
-120.182,44.593,207.177,3334513
-120.076,44.715,206.949,3334534
-120.057,44.944,206.677,3334555
-120.245,45.083,206.255,3334576
-120.098,45.336,206.103,3334597
-119.916,45.636,205.970,3334618
-119.760,45.515,205.800,3334639
-119.634,45.430,205.648,3334660
-119.358,45.328,205.574,3334681
-118.870,45.445,205.655,3334702
-118.844,45.459,205.405,3334723
-118.497,45.764,205.355,3334744
-118.123,46.074,205.311,3334765
-117.746,46.364,205.263,3334786
-117.499,46.746,205.124,3334807
-117.307,47.079,204.941,3334828
-116.994,47.008,204.846,3334849
-116.850,47.001,204.612,3334870
-116.700,47.331,204.391,3334891
-116.455,47.211,204.216,3334912
-116.171,47.014,204.072,3334933
-115.765,47.176,204.006,3334954
-115.419,47.366,203.902,3334975
-114.948,47.134,203.873,3334996
-114.964,47.258,203.474,3335017
-114.674,47.343,203.322,3335038
-114.653,47.058,202.935,3335059
-114.672,46.759,202.524,3335080
-114.712,46.424,202.087,3335101
-114.626,46.019,201.617,3335122
-114.835,46.063,200.924,3335143
-115.094,46.101,200.208,3335164
-115.140,46.084,199.649,3335185
-115.654,46.012,198.753,3335206
-116.167,45.895,197.852,3335227
-116.550,45.653,197.058,3335248
-116.810,45.391,196.373,3335269
-116.757,45.383,195.930,3335290
-117.060,45.251,195.283,3335311
-116.950,45.310,194.932,3335332
-116.840,45.442,194.625,3335353
-116.836,45.833,194.241,3335374
-116.884,46.297,193.836,3335395
-116.810,46.634,193.380,3335416
-117.095,46.865,192.698,3335437
-117.198,47.319,192.177,3335458
-117.124,47.357,191.802,3335479
-117.161,47.388,191.371,3335500
-117.268,47.469,190.889,3335521
-117.091,47.491,190.646,3335542
-116.867,47.503,190.423,3335563
-116.986,47.752,189.929,3335584
-116.774,48.094,189.692,3335605
-116.726,48.422,189.360,3335626
-116.602,48.737,189.085,3335647
-116.639,48.942,188.698,3335668
-116.500,48.766,188.446,3335689
-116.066,48.653,188.436,3335710
-115.685,48.641,188.391,3335731
-115.483,48.334,188.222,3335752
-115.411,47.973,187.986,3335773
-115.262,47.978,187.802,3335794
-115.491,47.962,187.339,3335815
-115.842,47.798,186.785,3335836
-115.884,47.734,186.426,3335857
-116.246,47.658,185.864,3335878
-116.200,47.353,185.603,3335899
-116.370,46.863,185.186,3335920
-116.453,46.405,184.815,3335941
-116.682,45.940,184.351,3335962
-116.722,45.596,184.044,3335983
-117.228,45.550,183.387,3336004
-117.668,45.693,182.796,3336025
-118.091,45.871,182.208,3336046
-118.576,45.993,181.564,3336067
-119.025,46.102,180.949,3336088
-119.203,45.910,180.514,3336109
-119.443,45.742,180.028,3336130
-119.599,45.950,179.582,3336151
-119.731,45.860,179.169,3336172
-119.914,45.743,178.714,3336193
-120.276,45.877,178.604,3336214
-120.615,46.402,178.493,3336235
-120.997,46.942,178.349,3336256
-121.429,47.454,178.144,3336277
-121.756,47.989,177.995,3336298
-121.912,48.516,177.959,3336319
-121.733,48.620,178.053,3336340
-121.858,48.618,177.772,3336361
-121.759,48.947,177.669,3336382
-121.507,48.865,177.688,3336403
-121.302,48.694,177.644,3336424
-121.463,48.737,177.330,3336445
-121.582,48.796,177.017,3336466
-121.602,48.877,176.778,3336487
-121.652,48.747,176.508,3336508
-121.397,48.332,176.451,3336529
-121.080,48.120,176.709,3336550
-120.649,48.019,177.057,3336571
-120.259,47.755,177.382,3336592
-119.883,47.428,177.650,3336613
-119.643,47.460,177.832,3336634
-119.542,47.523,177.919,3336655
-119.395,47.564,178.041,3336676
-119.431,47.601,178.050,3336697
-119.404,47.692,178.118,3336718
-119.600,47.612,178.015,3336739
-119.375,47.284,178.236,3336760
-119.218,46.959,178.411,3336781
-118.836,46.808,178.771,3336802
-118.490,46.572,179.097,3336823
-118.431,46.378,179.202,3336844
-118.487,46.508,179.218,3336865
-118.445,46.687,179.305,3336886
-118.423,46.894,179.387,3336907
-118.482,47.085,179.409,3336928
-118.100,46.994,179.739,3336949
-117.769,46.868,180.038,3336970
-117.612,46.643,180.234,3336991
-117.584,46.382,180.324,3337012
-117.335,46.210,180.563,3337033
-117.358,46.340,180.603,3337054
-117.532,46.445,180.535,3337075
-117.706,46.563,180.464,3337096
-118.081,46.487,180.232,3337117
-118.474,46.520,179.998,3337138
-118.917,46.497,179.733,3337159
-119.088,46.239,179.668,3337180
-119.449,46.043,179.444,3337201
-119.482,46.065,179.464,3337222
-119.490,45.980,179.511,3337243
-119.537,46.087,179.500,3337264
-119.977,46.272,179.189,3337285
-120.245,46.524,178.995,3337306
-120.397,46.804,178.880,3337327
-120.737,46.897,178.621,3337348
-120.923,46.815,178.466,3337369
-120.680,46.705,178.602,3337390
-120.873,46.702,178.392,3337411
-120.610,46.621,178.508,3337432
-120.338,46.660,178.610,3337453
-120.116,46.839,178.655,3337474
-120.041,47.102,178.590,3337495
-120.116,47.361,178.372,3337516
-120.271,47.409,178.118,3337537
-120.263,47.605,177.951,3337558
-120.222,47.418,177.796,3337579
-119.874,47.147,177.851,3337600
-119.417,46.979,177.970,3337621
-118.987,46.770,178.035,3337642
-118.469,46.660,178.161,3337663
-117.970,46.608,178.280,3337684
-117.705,46.764,178.202,3337705
-117.519,46.908,178.055,3337726
-117.520,46.927,177.766,3337747
-117.520,47.055,177.439,3337768
-117.433,46.925,177.568,3337789
-117.206,47.023,177.742,3337810
-117.371,46.952,177.617,3337831
-117.180,46.879,177.705,3337852
-117.125,46.722,177.681,3337873
-117.385,46.646,177.400,3337894
-117.486,46.887,177.250,3337915
-117.710,47.067,176.981,3337936
-117.905,47.274,176.733,3337957
-118.253,47.326,176.367,3337978
-118.083,47.265,176.365,3337999
-118.244,47.028,176.125,3338020
-118.450,46.761,175.831,3338041
-118.490,46.489,175.635,3338062
-118.507,46.208,175.472,3338083
-118.919,46.007,174.996,3338104
-119.187,46.144,174.619,3338126
-119.574,46.271,174.141,3338147
-119.844,46.411,173.738,3338168
-120.235,46.471,173.245,3338189
-120.164,46.247,173.069,3338210
-120.390,46.397,172.665,3338231
-120.336,46.116,172.470,3338252
-120.205,45.915,172.327,3338273
-120.200,45.598,172.053,3338294
-120.353,45.745,171.654,3338315
-120.635,45.831,171.153,3338336
-120.806,45.959,170.728,3338357
-120.990,46.168,170.417,3338378
-121.034,46.369,170.186,3338399
-120.958,46.172,170.000,3338420
-120.730,46.050,169.922,3338441
-120.437,46.000,169.904,3338462
-120.112,46.000,169.896,3338483
-120.146,45.927,169.637,3338504
-120.016,46.263,169.459,3338525
-120.014,46.530,169.188,3338546
-120.025,46.868,168.891,3338567
-120.000,46.856,168.621,3338588
-120.002,46.873,168.338,3338609
-119.868,46.762,168.147,3338630
-119.414,46.668,168.171,3338651
-118.865,46.672,168.244,3338672
-118.346,46.604,168.304,3338693
-118.055,46.865,168.198,3338714
-118.000,47.053,167.916,3338735
-117.473,47.068,167.982,3338756
-117.494,47.123,167.616,3338777
-117.532,47.307,167.239,3338798
-117.570,47.501,166.846,3338819
-117.437,47.281,166.575,3338840
-117.326,47.047,166.276,3338861
-117.167,46.781,166.025,3338882
-116.917,46.575,165.804,3338903
-117.045,46.317,165.325,3338924
-117.065,46.455,164.944,3338945
-117.145,46.540,164.532,3338966
-117.365,46.535,163.975,3338987
-117.504,46.576,163.467,3339008
-117.593,46.197,163.033,3339029
-117.574,46.081,162.666,3339050
-117.543,46.008,162.282,3339071
-118.009,45.876,161.545,3339092
-118.136,45.563,161.048,3339113
-118.163,45.356,160.622,3339134
-118.522,45.502,159.947,3339155
-119.024,45.530,159.162,3339176
-119.512,45.586,158.384,3339197
-119.951,45.642,157.653,3339218
-119.981,45.882,157.229,3339239
-120.135,45.754,156.725,3339260
-120.139,45.620,156.333,3339281
-119.966,45.759,156.061,3339302
-119.840,45.669,155.776,3339323
-119.814,45.530,155.384,3339344
-119.765,45.771,155.026,3339365
-120.075,46.018,154.387,3339386
-120.348,46.262,153.751,3339407
-117.987,46.358,147.066,3339764
-117.889,46.489,146.541,3339785
-118.048,46.441,145.823,3339806
-118.227,46.445,145.057,3339827
-117.961,46.220,144.617,3339848
-117.923,45.920,143.999,3339869
-117.795,45.651,143.422,3339890
-117.964,45.755,142.642,3339911
-118.258,45.728,141.771,3339932
-118.105,45.620,141.221,3339953
-117.974,45.674,140.654,3339974
-118.117,45.868,139.875,3339995
-118.484,45.885,138.929,3340016
-118.838,45.838,137.982,3340037
-119.181,45.829,137.037,3340058
-119.306,46.110,136.205,3340079
-119.249,46.263,135.493,3340100
-119.262,46.299,134.699,3340121
-119.236,46.340,133.921,3340142
-119.248,46.662,133.088,3340163
-119.207,46.868,132.289,3340184
-119.407,47.313,131.295,3340205
-119.870,47.548,130.102,3340226
-120.288,47.705,128.897,3340247
-120.704,47.894,127.690,3340268
-121.023,47.885,126.574,3340289
-120.918,47.946,125.701,3340310
-120.991,47.785,124.702,3340331
-120.854,47.755,123.869,3340352
-120.777,47.815,122.971,3340373
-120.688,47.855,122.058,3340394
-120.770,48.007,121.007,3340415
-121.157,48.061,119.724,3340436
-121.480,47.952,118.463,3340457
-121.751,47.804,117.231,3340478
-122.033,47.663,115.963,3340499
-122.224,47.474,114.764,3340520
-121.973,47.344,113.884,3340541
-121.720,47.173,112.998,3340562
-121.478,47.139,112.120,3340583
-121.241,47.154,111.222,3340604
-121.520,47.128,109.949,3340625
-121.763,47.183,108.721,3340646
-122.029,47.166,107.457,3340667
-122.267,47.035,106.227,3340688
-122.548,46.910,104.945,3340709
-122.355,46.928,103.997,3340730
-122.083,46.922,103.249,3340751
-121.439,47.130,102.764,3340772
-120.842,47.382,102.230,3340793
-120.172,47.483,101.754,3340814
-119.612,47.736,101.224,3340835
-119.467,47.745,100.375,3340856
-119.440,47.810,99.447,3340877
-119.183,48.097,98.688,3340898
-119.191,48.007,97.742,3340919
-119.312,47.920,96.728,3340940
-119.073,47.908,95.942,3340961
-118.947,47.776,95.068,3340982
-118.855,47.807,94.175,3341003
-118.987,47.490,93.104,3341024
-119.436,47.373,91.806,3341045
-119.899,47.181,90.522,3341066
-120.355,47.052,89.252,3341087
-120.744,46.748,88.070,3341108
-121.022,46.340,86.950,3341129
-121.032,46.146,86.032,3341150
-124.599,46.051,61.645,3342746
-124.498,45.824,61.626,3342767
-124.719,45.734,61.333,3342788
-124.820,45.459,61.263,3342809
-124.623,45.464,61.343,3342830
-124.747,45.547,61.174,3342851
-124.933,45.405,61.052,3342872
-124.703,45.465,61.223,3342893
-124.522,45.581,61.317,3342914
-124.255,45.622,61.409,3342935
-124.137,45.359,61.461,3342956
-123.972,45.087,61.517,3342977
-123.641,45.001,61.661,3342998
-123.605,44.761,61.584,3343019
-123.338,44.836,61.654,3343040
-123.253,45.057,61.600,3343061
-123.147,45.294,61.548,3343082
-123.039,45.556,61.459,3343103
-123.042,45.387,61.404,3343124
-123.190,45.537,61.212,3343145
-123.240,45.386,61.086,3343166
-123.244,45.203,61.081,3343187
-123.347,45.123,60.983,3343208
-123.045,44.950,61.201,3343229
-122.815,45.055,61.376,3343250
-122.711,45.232,61.465,3343271
-122.549,45.385,61.569,3343292
-122.620,45.629,61.468,3343313
-122.512,45.806,61.510,3343334
-122.377,45.959,61.552,3343355
-122.581,45.880,61.361,3343376
-122.838,45.819,61.119,3343397
-122.951,45.693,60.980,3343418
-122.725,45.780,61.080,3343439
-122.609,45.587,61.133,3343460
-122.532,45.802,61.136,3343481
-122.769,45.973,60.906,3343502
-122.622,46.103,60.945,3343523
-122.414,46.152,61.005,3343544
-122.700,46.120,60.724,3343565
-122.611,45.861,60.689,3343586
-122.795,45.683,60.456,3343607
-122.956,45.459,60.241,3343628
-123.130,45.197,60.013,3343649
-122.953,45.104,60.027,3343670
-123.181,45.241,59.788,3343691
-123.535,45.275,59.478,3343712
-121.263,45.117,59.378,3344216
-121.419,45.036,59.204,3344237
-121.478,44.794,59.106,3344258
-121.190,44.778,59.216,3344279
-121.398,44.736,58.964,3344300
-121.318,44.886,58.917,3344321
-121.124,44.981,58.931,3344342
-121.223,45.211,58.734,3344363
-121.228,45.460,58.602,3344384
-121.421,45.345,58.346,3344405
-121.635,45.235,58.050,3344426
-121.812,45.100,57.774,3344447
-121.850,45.004,57.580,3344468
-121.840,44.994,57.423,3344489
-121.916,45.261,57.173,3344510
-121.989,45.506,56.881,3344531
-122.232,45.847,56.445,3344552
-122.658,45.937,55.894,3344573
-122.935,46.283,55.421,3344594
-122.833,46.373,55.204,3344615
-123.177,46.389,54.649,3344636
-123.449,46.331,54.138,3344657
-123.768,46.418,53.587,3344678
-123.987,46.399,53.092,3344699
-123.834,46.283,52.892,3344720
-124.089,46.453,52.400,3344741
-123.910,46.472,52.272,3344762
-123.922,46.658,51.990,3344783
-123.831,46.763,51.789,3344804
-123.666,46.571,51.632,3344825
-123.507,46.639,51.471,3344846
-123.378,46.409,51.264,3344867
-123.515,46.290,50.848,3344888
-123.257,46.157,50.712,3344909
-123.016,46.349,50.540,3344930
-122.832,46.613,50.317,3344951
-122.940,46.841,49.868,3344972
-122.701,47.107,49.650,3344993
-122.363,47.310,49.489,3345014
-122.229,47.600,49.210,3345035
-122.291,47.547,48.773,3345056
-122.310,47.826,48.406,3345077
-122.415,47.746,47.962,3345098
-122.523,47.632,47.532,3345119
-122.512,47.463,47.215,3345140
-122.760,47.479,46.745,3345161
-122.948,47.679,46.347,3345182
-122.671,47.623,46.243,3345203
-122.603,47.810,45.981,3345224
-122.826,47.715,45.487,3345245
-122.610,47.488,45.345,3345266
-122.595,47.271,45.076,3345287
-122.413,47.057,44.919,3345308
-122.418,46.882,44.621,3345329
-122.238,47.077,44.447,3345350
-122.026,46.808,44.310,3345371
-121.587,46.810,44.323,3345392
-121.552,46.929,44.029,3345413
-121.264,47.066,43.927,3345434
-121.242,46.898,43.608,3345455
-121.297,46.787,43.220,3345476
-121.195,46.464,42.949,3345497
-120.834,46.086,42.834,3345518
-120.725,45.677,42.558,3345539
-120.804,45.424,42.146,3345560
-120.506,45.340,41.977,3345581
-120.280,45.298,41.805,3345602
-120.315,45.350,41.408,3345623
-120.063,45.243,41.242,3345644
-120.015,44.909,40.918,3345665
-120.179,44.651,40.436,3345686
-120.226,44.825,40.031,3345707
-120.361,44.586,39.544,3345728
-120.282,44.525,39.195,3345749
-120.267,44.680,38.789,3345770
-120.415,44.971,38.248,3345791
-120.702,45.309,37.608,3345812
-121.029,45.656,36.954,3345833
-121.252,46.026,36.371,3345854
-121.455,46.353,35.792,3345875
-121.749,46.399,35.173,3345896
-122.003,46.419,34.549,3345917
-121.899,46.334,34.178,3345938
-121.788,46.240,33.792,3345959
-121.546,46.230,33.462,3345980
-121.438,46.469,33.021,3346001
-121.583,46.747,32.392,3346022
-121.293,46.776,32.082,3346043
-121.337,47.073,31.509,3346064
-121.367,46.950,30.971,3346085
-121.043,46.814,30.673,3346106
-120.670,46.665,30.412,3346127
-120.542,46.410,29.952,3346148
-120.382,46.135,29.518,3346169
-120.078,46.187,29.169,3346191
-120.028,46.098,28.626,3346212
-119.760,46.071,28.216,3346233
-119.550,46.031,27.764,3346254
-119.097,45.686,27.469,3346275
-119.168,45.392,26.829,3346296
-119.233,45.122,26.181,3346317
-118.842,44.914,25.890,3346338
-118.505,44.723,25.556,3346359
-118.325,44.418,25.127,3346380
-118.472,44.548,24.486,3346401
-118.692,44.680,23.768,3346422
-118.722,44.931,23.168,3346443
-118.923,44.920,22.468,3346464
-119.136,44.886,21.760,3346485
-119.291,44.745,21.105,3346506
-119.154,44.660,20.643,3346527
-119.209,44.497,20.038,3346548
-119.264,44.350,19.417,3346569
-119.356,44.610,18.781,3346590
-119.464,44.870,18.117,3346611
-119.791,45.181,17.293,3346632
-120.238,45.459,16.400,3346653
-120.542,45.753,15.614,3346674
-120.880,46.061,14.799,3346695
-121.252,46.006,13.958,3346716
-121.506,45.892,13.165,3346737
-121.514,45.865,12.554,3346758
-121.545,45.938,11.914,3346779
-121.658,46.136,11.214,3346800
-121.803,46.332,10.461,3346821
-122.254,46.573,9.477,3346842
-122.460,46.760,8.674,3346863
-122.769,46.913,7.755,3346884
-123.123,46.717,6.802,3346905
-123.039,46.430,6.146,3346926
-123.017,46.040,5.448,3346947
-123.073,45.660,4.691,3346968
-122.965,45.237,4.076,3346989
-122.982,45.249,3.378,3347010
-123.278,45.181,2.487,3347031
-123.492,45.202,1.658,3347052
-123.397,45.157,1.033,3347073
-123.668,44.920,0.155,3347094
-123.870,44.679,359.300,3347115
-123.955,44.416,358.497,3347136
-123.963,44.154,357.732,3347157
-123.648,43.877,357.187,3347178
-123.250,43.713,356.686,3347199
-122.786,43.595,356.213,3347220
-122.391,43.716,355.685,3347241
-122.313,43.892,354.936,3347262
-122.331,44.003,354.110,3347283
-122.389,44.107,353.250,3347304
-122.304,44.292,352.503,3347325
-121.923,44.258,351.914,3347346
-121.512,44.206,351.331,3347367
-121.068,44.217,350.732,3347388
-120.777,44.020,349.992,3347409
-120.430,43.999,349.273,3347430
-120.598,43.966,348.161,3347451
-120.773,43.806,347.001,3347472
-120.962,43.614,345.809,3347493
-121.200,43.552,344.579,3347514
-120.966,43.317,343.639,3347535
-120.832,42.896,342.610,3347556
-120.630,42.594,341.620,3347577
-120.415,42.323,340.641,3347598
-120.493,41.938,339.417,3347619
-120.318,41.665,338.389,3347641
-120.596,41.582,337.030,3347662
-120.623,41.526,335.904,3347683
-121.096,41.568,334.476,3347704
-121.504,41.413,333.091,3347725
-121.943,41.506,331.712,3347746
-121.882,41.423,330.637,3347767
-121.880,41.584,329.552,3347788
-122.087,41.454,328.304,3347809
-122.073,41.691,327.236,3347830
-122.333,41.939,326.000,3347851
-122.585,42.043,324.770,3347872
-122.440,42.290,323.816,3347893
-122.506,42.231,322.720,3347914
-122.596,42.277,321.601,3347935
-122.347,42.167,320.739,3347956
-121.936,42.348,319.960,3347977
-121.442,42.497,319.264,3347998
-120.943,42.591,318.562,3348019
-120.922,42.838,317.492,3348040
-120.868,43.131,316.470,3348061
-120.759,43.171,315.454,3348082
-120.698,43.261,314.436,3348103
-120.545,43.229,313.439,3348124
-120.579,43.344,312.337,3348145
-120.252,43.520,311.468,3348166
-119.962,43.600,310.576,3348187
-119.676,43.689,309.669,3348208
-119.491,43.901,308.687,3348229
-119.361,44.162,307.664,3348250
-119.663,44.390,306.347,3348271
-119.932,44.434,305.060,3348292
-120.214,44.614,303.771,3348313
-120.500,44.776,302.473,3348334
-120.708,44.682,301.215,3348355
-120.674,44.554,300.150,3348376
-120.574,44.683,299.117,3348397
-120.519,44.614,298.072,3348418
-120.509,44.734,296.970,3348439
-120.594,44.918,295.807,3348460
-120.613,44.916,294.696,3348481
-121.154,44.956,293.215,3348502
-121.649,44.895,291.747,3348523
-120.730,45.055,291.585,3348544
-120.293,45.255,291.100,3348565
-119.446,45.465,290.893,3348586
-118.621,45.629,290.667,3348607
-117.896,45.496,290.357,3348628
-117.222,45.726,289.999,3348649
-116.636,45.974,289.564,3348670
-116.390,46.133,288.857,3348691
-116.225,46.161,288.085,3348712
-116.075,46.344,287.323,3348733
-116.017,46.259,286.501,3348754
-115.987,46.105,285.649,3348775
-115.684,46.139,284.982,3348796
-115.516,46.232,284.238,3348817
-115.392,46.259,283.439,3348838
-115.491,46.400,282.487,3348859
-115.580,46.227,281.541,3348880
-116.099,46.049,280.284,3348901
-116.667,45.928,278.995,3348922
-116.820,45.971,277.974,3348943
-117.012,45.871,276.926,3348964
-117.314,45.808,275.815,3348985
-117.240,45.751,274.965,3349006
-117.251,45.693,274.051,3349027
-117.334,45.729,273.115,3349048
-117.480,45.853,272.131,3349069
-117.828,45.973,270.984,3349090
-118.189,45.994,269.815,3349111
-118.487,45.866,268.682,3349132
-118.866,45.862,267.502,3349153
-119.233,45.751,266.321,3349174
-119.581,45.603,265.163,3349195
-119.482,45.534,264.335,3349216
-119.391,45.465,263.475,3349237
-119.273,45.372,262.631,3349258
-119.394,45.005,261.584,3349279
-118.900,45.173,260.947,3349300
-118.870,45.040,260.716,3349321
-118.484,45.087,260.711,3349342
-118.596,45.019,260.356,3349363
-118.645,44.794,260.014,3349384
-118.746,44.652,259.660,3349405
-118.435,44.474,259.547,3349426
-118.119,44.577,259.420,3349447
-117.743,44.662,259.307,3349468
-117.582,44.900,259.017,3349489
-117.441,45.139,258.662,3349510
-117.554,45.171,258.120,3349531
-117.648,45.181,257.584,3349552
-117.767,45.297,256.987,3349573
-117.835,45.340,256.429,3349594
-117.744,45.690,255.958,3349615
-117.443,45.781,255.853,3349636
-117.177,45.956,255.690,3349657
-116.853,46.079,255.501,3349678
-116.591,46.286,255.232,3349699
-116.644,46.119,254.837,3349720
-116.301,46.174,254.705,3349741
-116.234,45.965,254.325,3349762
-116.003,45.730,254.058,3349783
-115.862,45.578,253.682,3349804
-115.889,45.715,253.150,3349825
-115.425,45.933,252.943,3349846
-114.936,46.182,252.768,3349867
-114.573,46.524,252.499,3349888
-114.440,46.586,252.121,3349909
-113.900,46.843,252.054,3349930
-113.749,46.850,251.725,3349951
-113.127,46.746,251.759,3349972
-112.947,46.635,251.528,3349993
-112.757,46.517,251.302,3350014
-112.615,46.551,251.087,3350035
-111.985,46.534,251.235,3350056
-111.405,46.545,251.380,3350077
-111.350,46.540,251.136,3350098
-110.974,46.667,251.135,3350119
-110.599,46.781,251.117,3350140
-110.240,46.710,251.099,3350161
-110.289,46.580,250.747,3350182
-110.268,46.417,250.455,3350203
-110.173,46.643,250.200,3350224
-110.365,46.536,249.733,3350245
-110.298,46.674,249.419,3350266
-110.296,46.861,249.058,3350287
-110.806,46.901,248.268,3350308
-110.971,47.154,247.720,3350329
-111.453,47.355,246.939,3350350
-111.869,47.248,246.213,3350371
-112.328,47.171,245.463,3350392
-112.409,47.056,244.972,3350413
-112.903,47.098,244.170,3350434
-113.348,47.045,243.411,3350455
-113.371,47.069,242.918,3350476
-113.435,47.221,242.390,3350497
-113.784,47.411,241.643,3350518
-114.249,47.312,240.813,3350539
-114.316,47.350,240.272,3350560
-114.718,47.071,239.485,3350581
-115.170,46.791,238.654,3350602
-115.149,46.540,238.167,3350623
-115.601,46.245,237.314,3350644
-116.078,46.007,236.464,3350665
-116.314,45.948,235.771,3350686
-116.549,45.882,235.083,3350707
-117.013,45.751,234.222,3350728
-116.980,45.539,233.731,3350749
-117.403,45.267,232.911,3350770
-117.603,44.900,232.282,3350791
-117.588,44.587,231.810,3350812
-117.605,44.295,231.328,3350833
-117.618,44.037,230.830,3350854
-117.720,44.244,230.297,3350875
-117.544,44.392,229.929,3350896
-117.356,44.583,229.563,3350917
-117.298,44.878,229.127,3350938
-117.257,45.220,228.686,3350959
-117.264,45.622,228.227,3350980
-117.030,45.817,227.959,3351001
-117.185,45.903,227.430,3351022
-117.183,46.408,227.041,3351043
-117.304,46.534,226.554,3351064
-117.167,46.611,226.269,3351085
-116.883,46.966,226.049,3351106
-116.536,47.111,225.898,3351127
-116.412,47.548,225.562,3351148
-116.485,47.608,225.072,3351169
-116.208,47.892,224.831,3351190
-116.149,47.777,224.419,3351211
-116.249,47.716,223.879,3351232
-116.136,47.495,223.508,3351253
-116.162,47.284,223.052,3351274
-116.335,47.337,222.496,3351295
-116.268,47.458,222.132,3351316
-116.320,47.568,221.680,3351337
-116.435,47.625,221.200,3351358
-116.649,47.653,220.671,3351379
-116.502,47.669,220.434,3351400
-116.268,47.321,220.272,3351421
-116.009,47.135,220.160,3351442
-115.885,46.729,219.943,3351463
-115.781,46.331,219.715,3351484
-116.050,46.024,219.229,3351505
-116.354,45.774,218.756,3351526
-116.357,45.772,218.523,3351547
-116.297,45.715,218.349,3351568
-116.584,45.814,217.936,3351589
-116.527,45.714,217.781,3351610
-116.694,45.478,217.484,3351631
-116.707,45.454,217.297,3351652
-116.953,45.730,216.914,3351673
-117.294,45.620,216.492,3351694
-117.667,45.543,216.047,3351715
-118.214,45.822,215.477,3351736
-118.723,46.120,214.937,3351757
-119.021,46.535,214.582,3351778
-119.390,46.913,214.170,3351799
-119.834,47.089,213.683,3351820
-119.863,47.077,213.473,3351841
-120.269,47.273,213.011,3351862
-120.553,47.298,212.655,3351883
-120.403,47.266,212.576,3351904
-120.232,47.480,212.535,3351925
-120.469,47.721,212.170,3351946
-120.205,47.836,212.217,3351967
-120.325,48.090,211.948,3351988
-120.432,47.951,211.706,3352009
-120.206,48.064,211.707,3352030
-118.847,46.274,209.407,3352240
-118.830,45.899,208.939,3352261
-118.683,45.517,208.562,3352282
-118.327,45.185,208.362,3352303
-118.102,44.854,208.044,3352324
-117.869,44.981,207.747,3352345
-118.012,45.019,207.169,3352366
-117.916,45.225,206.773,3352387
-117.784,45.037,206.408,3352408
-118.047,45.178,205.768,3352429
-118.331,45.385,205.095,3352450
-118.228,45.327,204.717,3352471
-118.085,45.473,204.370,3352492
-118.331,45.454,203.756,3352513
-118.330,45.418,203.314,3352534
-118.328,45.741,202.881,3352555
-118.717,46.085,202.166,3352576
-119.065,46.447,201.479,3352597
-119.505,46.564,200.713,3352618
-119.705,46.938,200.141,3352639
-120.176,47.161,199.397,3352660
-120.159,47.154,199.011,3352681
-120.186,47.101,198.583,3352702
-120.226,47.010,198.149,3352723
-120.134,46.973,197.850,3352744
-120.456,46.985,197.241,3352765
-120.549,47.272,196.815,3352786
-120.592,47.524,196.470,3352807
-120.424,47.706,196.263,3352828
-120.508,47.874,195.886,3352849
-120.243,47.966,195.754,3352870
-119.837,47.819,195.741,3352891
-119.894,47.621,195.392,3352912
-119.610,47.296,195.332,3352933
-119.202,46.995,195.384,3352954
-118.949,47.096,195.328,3352975
-118.695,47.205,195.265,3352996
-118.400,47.283,195.254,3353017
-118.380,47.341,195.019,3353038
-118.415,47.369,194.745,3353060
-118.007,47.099,194.798,3353081
-117.718,46.805,194.747,3353102
-117.329,46.553,194.787,3353123
-117.015,46.247,194.763,3353144
-116.833,45.972,194.649,3353165
-116.868,46.033,194.394,3353186
-116.970,46.084,194.099,3353207
-116.971,46.261,193.877,3353228
-117.101,46.340,193.565,3353249
-116.874,46.107,193.529,3353270
-116.633,46.000,193.521,3353291
-116.457,45.977,193.466,3353312
-116.537,45.786,193.221,3353333
-116.794,45.793,193.249,3353354
-117.007,46.197,193.236,3353375
-117.321,46.605,193.136,3353396
-117.806,46.973,192.879,3353417
-118.354,47.305,192.575,3353438
-118.669,47.666,192.408,3353459
-119.096,48.006,192.162,3353480
-119.106,47.931,192.212,3353501
-119.077,47.974,192.280,3353522
-119.233,47.774,192.189,3353543
-119.224,47.608,192.227,3353564
-119.164,47.489,192.271,3353585
-119.460,47.675,192.028,3353606
-119.847,47.633,191.731,3353627
-120.183,47.713,191.436,3353648
-120.550,47.700,191.104,3353669
-120.906,47.630,190.758,3353690
-120.657,47.306,190.842,3353711
-120.506,46.876,190.847,3353732
-120.638,46.648,190.935,3353753
-120.432,46.468,191.241,3353774
-120.177,46.515,191.576,3353795
-120.391,46.545,191.570,3353816
-120.475,46.729,191.636,3353837
-120.639,46.792,191.655,3353858
-120.729,46.660,191.708,3353879
-120.476,46.766,191.977,3353900
-120.267,46.535,192.212,3353921
-119.914,46.400,192.541,3353942
-119.544,46.205,192.872,3353963
-119.178,46.039,193.166,3353984
-119.283,45.949,193.138,3354005
-119.036,46.036,193.340,3354026
-118.815,46.172,193.557,3354047
-118.883,46.307,193.525,3354068
-118.991,46.445,193.462,3354089
-118.835,46.219,193.592,3354110
-118.515,46.074,193.862,3354131
-118.358,45.846,193.981,3354152
-118.069,45.756,194.212,3354173
-117.881,45.584,194.369,3354194
-117.712,45.694,194.502,3354215
-117.900,45.906,194.381,3354236
-118.159,46.058,194.191,3354257
-118.431,46.217,193.985,3354278
-118.692,46.395,193.762,3354299
-118.915,46.297,193.585,3354320
-119.183,46.255,193.389,3354341
-119.046,46.140,193.480,3354362
-118.901,46.025,193.553,3354383
-118.704,45.996,193.655,3354404
-118.954,46.224,193.458,3354425
-119.180,46.120,193.249,3354446
-119.473,46.341,192.998,3354467
-119.728,46.526,192.751,3354488
-120.004,46.741,192.505,3354509
-120.050,46.510,192.420,3354530
-120.333,46.666,192.141,3354551
-120.314,46.838,192.085,3354572
-120.296,46.568,192.015,3354593
-120.097,46.429,192.070,3354614
-119.863,46.396,192.145,3354635
-120.109,46.503,191.880,3354656
-120.076,46.621,191.799,3354677
-119.657,46.049,178.708,3356777
-119.712,46.595,178.770,3356819
-119.866,46.809,178.722,3356840
-119.622,46.648,178.945,3356861
-119.422,46.477,179.114,3356882
-119.187,46.546,179.294,3356903
-119.193,46.324,179.316,3356924
-118.962,46.314,179.474,3356945
-119.131,46.532,179.332,3356966
-119.253,46.740,179.252,3356987
-119.495,46.761,179.082,3357008
-119.670,46.586,178.950,3357029
-119.803,46.356,178.823,3357050
-119.511,46.263,178.993,3357071
-119.500,46.016,178.960,3357092
-119.341,45.794,179.043,3357113
-119.131,45.704,179.165,3357134
-119.416,45.798,178.917,3357155
-119.632,45.960,178.692,3357176
-119.917,46.108,178.425,3357197
-119.824,46.207,178.442,3357218
-120.111,46.369,178.172,3357239
-120.332,46.549,177.941,3357260
-120.225,46.319,177.942,3357281
-120.113,46.100,177.974,3357302
-119.947,45.990,178.043,3357323
-119.730,45.935,178.147,3357344
-119.746,45.696,178.069,3357365
-119.740,45.858,178.025,3357386
-120.048,45.891,177.738,3357407
-120.350,45.989,177.458,3357428
-120.644,46.082,177.200,3357449
-120.791,45.950,177.047,3357470
-120.781,45.741,177.004,3357491
-121.000,45.854,176.796,3357512
-120.771,45.720,176.892,3357533
-120.542,45.601,176.973,3357554
-120.266,45.525,177.090,3357575
-120.310,45.810,176.965,3357596
-120.412,46.081,176.806,3357617
-120.622,46.215,176.568,3357638
-120.425,46.392,176.636,3357659
-120.625,46.439,176.420,3357680
-120.450,46.212,176.505,3357701
-120.290,45.989,176.544,3357722
-120.041,45.818,176.625,3357743
-119.730,45.719,176.755,3357764
-119.690,45.416,176.671,3357785
-119.435,45.414,176.758,3357806
-119.540,45.557,176.552,3357827
-119.674,45.676,176.346,3357848
-119.879,45.579,176.109,3357869
-119.826,45.735,176.038,3357890
-119.611,45.524,176.086,3357911
-119.340,45.545,176.191,3357932
-119.187,45.329,176.184,3357953
-118.957,45.361,176.214,3357974
-119.156,45.543,175.952,3357995
-119.379,45.719,175.681,3358016
-119.632,45.732,175.382,3358037
-119.893,45.919,175.060,3358058
-120.249,46.127,174.732,3358079
-120.289,46.400,174.605,3358100
-120.296,46.294,174.531,3358121
-120.152,46.319,174.565,3358142
-120.221,46.199,174.435,3358163
-120.080,46.338,174.453,3358184
-120.007,46.575,174.395,3358205
-120.356,46.779,174.048,3358226
-120.639,46.772,173.758,3358247
-120.943,46.958,173.448,3358268
-121.228,46.991,173.142,3358289
-121.271,46.809,173.011,3358310
-121.008,46.710,173.096,3358331
-121.208,46.714,172.833,3358352
-120.862,46.610,172.979,3358373
-121.045,46.595,172.734,3358394
-120.697,46.567,172.857,3358415
-120.794,46.688,172.655,3358436
-120.764,46.880,172.537,3358457
-120.706,47.045,172.437,3358478
-120.828,47.157,172.194,3358499
-120.962,47.190,171.923,3358520
-120.708,46.889,171.929,3358541
-120.387,46.661,171.940,3358562
-120.232,46.301,171.848,3358583
-119.940,46.006,171.809,3358604
-119.610,45.796,171.795,3358625
-119.600,45.869,171.568,3358646
-119.511,45.962,171.409,3358667
-119.679,45.908,171.044,3358688
-119.792,45.692,170.706,3358709
-119.542,45.699,170.598,3358730
-119.201,45.584,170.570,3358751
-119.344,45.444,170.172,3358772
-119.193,45.177,169.983,3358793
-118.961,44.932,169.853,3358814
-118.757,44.723,169.680,3358835
-118.822,44.941,169.301,3358856
-119.054,45.050,168.804,3358877
-119.229,45.268,168.342,3358898
-119.121,45.479,168.048,3358919
-119.357,45.464,167.494,3358940
-119.137,45.451,167.266,3358961
-118.985,45.376,166.964,3358982
-119.293,45.505,166.325,3359003
-119.154,45.375,165.978,3359024
-118.950,45.397,165.692,3359045
-119.219,45.654,165.058,3359066
-119.498,45.950,164.433,3359087
-119.821,46.059,163.759,3359108
-119.723,45.980,163.382,3359129
-119.906,45.908,162.806,3359150
-119.956,46.200,162.289,3359171
-119.788,46.244,161.929,3359192
-119.633,46.195,161.557,3359213
-119.436,46.168,161.224,3359234
-119.266,46.235,160.852,3359255
-119.513,46.354,160.188,3359276
-119.772,46.414,159.545,3359297
-120.067,46.402,158.875,3359318
-120.349,46.457,158.241,3359339
-120.675,46.440,157.570,3359360
-120.496,46.344,157.284,3359381
-120.350,46.186,156.963,3359402
-120.315,46.322,156.550,3359423
-120.162,46.094,156.217,3359444
-119.955,45.878,155.920,3359465
-120.085,46.041,155.380,3359486
-120.237,46.207,154.845,3359507
-120.458,46.188,154.244,3359528
-120.605,46.030,153.696,3359549
-120.654,45.842,153.242,3359570
-120.409,45.792,152.967,3359591
-120.402,46.009,152.533,3359612
-120.255,45.861,152.175,3359633
-120.089,45.682,151.844,3359654
-119.888,45.853,151.503,3359675
-119.976,46.052,150.967,3359696
-119.952,46.292,150.506,3359717
-120.180,46.244,149.820,3359738
-120.474,46.332,149.103,3359759
-120.470,46.589,148.616,3359780
-120.415,46.420,148.146,3359801
-120.191,46.420,147.805,3359822
-120.070,46.543,147.393,3359843
-120.234,46.396,146.752,3359864
-120.475,46.521,146.035,3359885
-120.637,46.694,145.363,3359906
-120.832,46.627,144.662,3359927
-120.615,46.478,144.245,3359948
-120.775,46.477,143.565,3359969
-120.441,46.530,143.222,3359990
-120.088,46.566,142.887,3360011
-119.760,46.636,142.522,3360032
-119.404,46.516,142.172,3360053
-119.040,46.357,141.813,3360074
-118.689,46.345,141.415,3360095
-118.815,46.445,140.653,3360116
-118.801,46.658,140.005,3360137
-118.990,46.749,139.171,3360158
-119.080,46.601,138.409,3360179
-119.280,46.611,137.550,3360200
-119.023,46.450,137.003,3360221
-118.743,46.375,136.465,3360242
-118.544,46.407,135.850,3360263
-118.352,46.309,135.227,3360284
-118.552,46.533,134.305,3360305
-118.664,46.770,133.451,3360326
-118.974,46.730,132.420,3360347
-119.341,46.727,131.336,3360368
-119.737,46.814,130.219,3360389
-119.650,46.686,129.435,3360410
-119.638,46.881,128.596,3360431
-119.794,46.735,127.606,3360452
-119.739,46.716,126.786,3360473
-119.749,46.822,125.891,3360494
-119.949,47.085,124.851,3360515
-120.548,47.151,123.511,3360536
-119.959,47.363,123.289,3360557
-119.972,47.568,122.609,3360578
-120.040,47.689,121.855,3360599
-120.106,47.719,121.098,3360620
-120.001,47.710,120.429,3360641
-119.895,47.833,119.734,3360662
-120.298,48.247,118.664,3360683
-120.280,48.515,117.874,3360704
-120.308,48.679,117.033,3360725
-120.410,49.001,116.146,3360746
-120.972,49.238,114.903,3360767
-121.506,49.312,113.652,3360788
-121.987,49.320,112.429,3360809
-122.281,49.179,111.359,3360830
-122.327,49.301,110.491,3360851
-122.820,49.185,109.291,3360872
-122.853,49.095,108.445,3360893
-122.946,49.036,107.563,3360914
-123.081,48.954,106.647,3360935
-123.594,48.625,105.450,3360956
-124.001,48.169,104.340,3360977
-124.443,47.796,103.202,3360998
-124.753,47.287,102.177,3361019
-124.550,46.808,101.525,3361040
-124.394,46.542,100.823,3361061
-124.605,46.147,99.874,3361082
-124.298,45.886,99.288,3361103
-123.884,45.508,98.778,3361124
-123.449,45.090,98.281,3361145
-123.449,44.810,97.484,3361166
-123.429,44.533,96.674,3361187
-123.406,44.269,95.889,3361208
-123.290,43.996,95.172,3361229
-122.880,43.721,94.646,3361250
-122.673,43.869,93.984,3361271
-122.661,44.089,93.201,3361292
-122.477,43.917,92.539,3361313
-122.151,44.157,92.008,3361334
-121.754,44.338,91.527,3361355
-121.552,44.693,90.922,3361376
-121.533,44.771,90.196,3361397
-121.609,44.973,89.403,3361418
-121.643,45.323,88.632,3361439
-121.519,45.322,87.950,3361460
-121.125,45.552,87.469,3361481
-120.897,45.909,86.843,3361502
-120.667,46.228,86.216,3361523
-120.563,46.586,85.497,3361544
-120.773,46.606,84.593,3361565
-120.736,46.928,83.877,3361586
-120.845,46.857,83.061,3361607
-120.967,46.773,82.229,3361628
-121.094,46.653,81.402,3361649
-121.016,46.560,80.700,3361670
-121.115,46.790,79.872,3361691
-121.487,46.893,78.840,3361712
-121.651,47.053,77.941,3361733
-122.056,47.163,76.882,3361754
-122.371,47.259,75.903,3361775
-122.667,47.005,74.908,3361796
-122.865,46.728,74.008,3361817
-123.116,46.459,73.037,3361838
-123.159,46.072,72.234,3361859
-122.942,45.755,71.617,3361880
-122.773,45.685,70.957,3361901
-122.597,45.586,70.299,3361922
-122.543,45.571,69.515,3361943
-122.353,45.485,68.839,3361964
-122.406,45.124,67.982,3361985
-122.632,45.145,66.987,3362006
-122.665,44.810,66.135,3362027
-122.807,44.544,65.195,3362048
-122.862,44.254,64.335,3362069
-122.580,44.240,63.691,3362090
-122.542,44.435,62.867,3362111
-122.677,44.539,61.958,3362132
-122.289,44.402,61.363,3362153
-121.995,44.590,60.738,3362174
-122.266,44.396,60.006,3362195
-122.184,44.020,59.535,3362216
-122.051,43.725,59.088,3362237
-121.883,43.503,58.665,3362258
-121.969,43.305,58.046,3362279
-121.910,43.125,57.501,3362300
-121.877,43.389,56.932,3362321
-122.022,43.713,56.236,3362342
-121.945,44.042,55.674,3362363
-121.975,44.424,55.066,3362384
-122.061,44.839,54.433,3362405
-122.045,45.289,53.855,3362426
-122.155,45.386,53.204,3362447
-122.396,45.607,52.470,3362468
-122.228,45.692,52.024,3362489
-122.406,45.845,51.324,3362510
-122.274,46.226,50.838,3362531
-122.069,46.533,50.417,3362552
-121.800,46.666,50.018,3362573
-121.917,47.036,49.334,3362594
-122.036,46.995,48.656,3362615
-121.792,47.067,48.244,3362636
-121.544,46.993,47.813,3362657
-121.467,46.757,47.242,3362678
-121.372,46.955,46.691,3362699
-121.262,46.709,46.149,3362720
-121.325,46.863,45.504,3362741
-121.383,46.977,44.856,3362762
-121.500,46.839,44.158,3362783
-121.461,46.577,43.556,3362804
-121.573,46.562,42.857,3362825
-121.336,46.580,42.377,3362846
-121.007,46.421,41.990,3362867
-120.909,46.086,41.436,3362888
-120.803,45.783,40.885,3362909
-120.558,45.556,40.389,3362930
-120.328,45.638,39.889,3362951
-120.313,45.851,39.222,3362972
-120.157,46.034,38.660,3362993
-120.359,46.113,37.852,3363014
-119.996,46.074,37.458,3363035
-120.018,45.995,36.755,3363056
-120.040,45.934,36.070,3363077
-120.036,45.899,35.386,3363098
-119.655,45.779,34.987,3363119
-119.344,45.990,34.510,3363140
-119.256,46.270,33.866,3363161
-119.435,46.409,33.030,3363182
-119.564,46.660,32.207,3363203
-119.531,46.939,31.506,3363224
-119.341,46.942,30.915,3363245
-119.662,47.027,29.961,3363266
-119.621,46.894,29.246,3363287
-119.701,46.742,28.445,3363308
-119.536,46.683,27.830,3363329
-119.823,46.649,26.862,3363350
-119.689,46.659,26.172,3363371
-119.967,46.868,25.188,3363392
-120.370,46.881,24.123,3363413
-120.597,47.065,23.159,3363434
-120.922,47.193,22.117,3363455
-121.227,46.928,21.081,3363476
-121.279,46.644,20.224,3363497
-121.179,46.468,19.476,3363518
-121.162,46.158,18.675,3363539
-121.107,45.971,17.891,3363560
-121.530,45.933,16.757,3363581
-121.778,46.030,15.746,3363602
-122.188,45.920,14.625,3363623
-122.253,45.973,13.746,3363644
-122.629,46.021,12.639,3363665
-122.585,45.705,11.853,3363686
-122.781,45.413,10.879,3363707
-122.679,45.113,10.128,3363728
-122.451,45.040,9.480,3363749
-122.258,45.016,8.796,3363770
-122.422,45.215,7.867,3363791
-122.400,45.011,7.056,3363812
-122.231,45.203,6.358,3363833
-122.443,45.332,5.349,3363854
-122.648,45.488,4.342,3363875
-122.880,45.639,3.311,3363896
-122.559,45.651,2.681,3363917
-122.311,45.835,1.993,3363938
-122.507,46.007,0.972,3363959
-122.278,46.193,0.277,3363981
-122.020,46.344,359.607,3364002
-122.235,46.438,358.579,3364023
-122.282,46.275,357.700,3364044
-122.109,46.090,356.967,3364065
-122.226,45.966,356.021,3364086
-121.898,45.972,355.392,3364107
-121.586,45.793,354.746,3364128
-121.432,45.946,353.956,3364149
-121.199,46.019,353.209,3364170
-120.850,45.857,352.561,3364191
-121.017,45.726,351.517,3364212
-121.120,45.827,350.508,3364233
-121.338,45.780,349.414,3364254
-121.548,45.576,348.307,3364275
-121.383,45.203,347.444,3364296
-121.213,44.829,346.562,3364317
-121.158,44.842,345.595,3364338
-120.965,44.534,344.727,3364359
-120.857,44.203,343.779,3364380
-120.715,43.896,342.845,3364401
-120.960,43.895,341.619,3364422
-121.221,43.862,340.404,3364443
-121.234,44.026,339.347,3364464
-121.315,43.780,338.238,3364485
-121.527,43.786,337.020,3364506
-121.476,43.542,335.948,3364527
-121.227,43.585,335.013,3364548
-120.958,43.609,334.080,3364569
-120.768,43.750,333.073,3364590
-120.991,43.721,331.781,3364611
-121.275,43.814,330.442,3364632
-121.374,44.120,329.255,3364653
-121.638,44.152,327.942,3364674
-121.930,44.173,326.607,3364695
-121.799,44.116,325.552,3364716
-121.904,44.051,324.350,3364737
-121.721,44.206,323.343,3364758
-121.482,44.324,322.405,3364779
-121.337,44.606,321.413,3364800
-121.049,44.708,320.522,3364821
-121.262,44.920,319.307,3364842
-121.457,45.071,318.102,3364863
-121.610,45.290,316.924,3364884
-121.636,45.236,315.832,3364905
-121.724,45.222,314.699,3364926
-121.714,45.127,313.647,3364947
-121.463,45.318,312.774,3364968
-121.340,45.578,311.824,3364989
-121.329,45.840,310.779,3365010
-120.868,45.902,310.398,3365031
-120.126,46.120,310.301,3365052
-118.967,46.141,310.505,3365073
-117.825,46.070,310.702,3365094
-117.194,45.931,310.511,3365115
-116.526,45.680,310.369,3365136
-115.780,45.421,310.279,3365157
-115.012,45.355,310.206,3365178
-114.318,45.242,310.085,3365199
-113.926,45.357,309.761,3365220
-113.508,45.335,309.449,3365241
-113.653,45.191,308.763,3365262
-113.989,45.144,307.956,3365283
-114.038,44.919,307.370,3365304
-113.500,44.921,307.388,3365325
-113.565,45.034,306.936,3365346
-113.663,44.875,306.472,3365367
-113.540,44.981,306.169,3365388
-113.307,45.083,306.004,3365409
-113.149,45.252,305.801,3365430
-113.452,45.225,305.268,3365452
-113.667,45.409,304.811,3365473
-113.913,45.557,304.354,3365494
-114.278,45.505,303.799,3365515
-114.638,45.399,303.285,3365536
-114.671,45.173,303.021,3365557
-114.598,45.103,302.842,3365578
-114.587,45.206,302.609,3365599
-115.047,45.237,302.038,3365620
-115.017,45.346,301.798,3365641
-115.227,45.149,301.383,3365662
-115.634,45.100,300.826,3365683
-115.934,45.350,300.327,3365704
-115.916,45.150,300.042,3365725
-116.278,45.187,299.493,3365746
-116.602,45.322,298.970,3365767
-116.455,45.423,298.768,3365788
-116.457,45.648,298.453,3365809
-116.723,45.627,297.928,3365830
-116.577,45.763,297.662,3365851
-116.723,45.640,297.191,3365872
-116.774,45.487,296.775,3365893
-116.608,45.602,296.481,3365914
-116.877,45.605,295.882,3365935
-116.856,45.384,295.461,3365956
-116.854,45.587,295.007,3365977
-116.713,45.635,294.599,3365998
-116.671,45.791,294.105,3366019
-116.508,45.780,293.660,3366040
-116.451,45.882,293.150,3366061
-116.726,45.814,292.367,3366082
-116.985,45.672,291.577,3366103
-117.011,45.393,290.929,3366124
-117.267,45.434,290.080,3366145
-117.417,45.238,289.322,3366166
-117.153,45.204,288.839,3366187
-116.982,45.258,288.320,3366208
-116.803,45.287,287.770,3366229
-116.880,45.503,287.057,3366250
-117.190,45.439,286.153,3366271
-117.336,45.175,285.342,3366292
-117.253,45.031,284.684,3366313
-117.469,44.800,283.818,3366334
-117.791,44.662,282.898,3366355
-118.031,44.443,282.019,3366376
-118.375,44.593,281.061,3366397
-118.345,44.662,280.387,3366418
-118.365,44.771,279.668,3366439
-118.505,44.980,278.837,3366460
-118.575,45.050,278.051,3366481
-118.959,44.815,277.069,3366502
-119.397,44.565,276.046,3366523
-119.847,44.269,274.954,3366544
-120.393,43.980,273.773,3366565
-120.672,43.839,272.863,3366586
-120.650,43.896,272.138,3366607
-120.742,43.769,271.803,3366628
-120.786,43.656,271.509,3366649
-120.875,43.614,271.142,3366670
-121.116,43.666,270.623,3366691
-121.450,43.675,270.035,3366712
-121.686,43.422,269.480,3366733
-121.943,43.295,268.903,3366754
-122.093,43.096,268.377,3366775
-122.214,42.925,267.867,3366796
-122.332,42.743,267.383,3366817
-122.114,42.715,267.276,3366838
-121.932,42.756,267.128,3366859
-121.765,42.842,266.938,3366880
-121.461,42.731,266.857,3366901
-121.144,42.755,266.777,3366922
-121.167,42.628,266.468,3366943
-121.211,42.585,266.161,3366964
-121.214,42.508,265.857,3366985
-121.186,42.456,265.581,3367006
-121.239,42.528,265.223,3367027
-120.908,42.800,265.129,3367048
-120.518,43.077,265.079,3367069
-120.389,43.504,264.858,3367090
-120.183,43.912,264.681,3367111
-120.225,44.285,264.324,3367132
-120.161,44.727,264.009,3367153
-120.126,44.783,263.687,3367174
-119.806,44.828,263.543,3367195
-119.485,44.899,263.380,3367216
-119.311,45.282,263.121,3367237
-119.098,45.604,262.842,3367258
-118.886,45.895,262.574,3367279
-119.091,45.933,262.007,3367300
-119.070,46.197,261.555,3367321
-119.246,46.092,260.973,3367342
-119.491,46.030,260.355,3367363
-119.667,45.778,259.878,3367384
-119.858,45.510,259.386,3367405
-119.969,45.184,258.910,3367426
-120.114,45.233,258.399,3367447
-119.902,45.160,258.095,3367468
-119.768,45.118,257.722,3367489
-119.725,45.130,257.272,3367510
-119.829,45.197,256.695,3367531
-119.749,44.849,256.232,3367552
-119.767,44.509,255.687,3367573
-119.966,44.262,255.053,3367594
-119.819,44.055,254.647,3367615
-119.702,43.786,254.218,3367636
-119.462,43.710,253.851,3367657
-119.270,43.764,253.456,3367678
-119.464,43.876,252.771,3367699
-119.491,44.056,252.216,3367720
-119.470,44.280,251.665,3367741
-119.600,44.095,251.072,3367762
-119.548,43.875,250.561,3367783
-119.755,43.846,249.872,3367804
-119.708,43.686,249.325,3367825
-119.939,43.862,248.605,3367846
-120.163,43.961,247.889,3367867
-120.098,44.289,247.372,3367888
-120.125,44.167,246.856,3367909
-119.973,44.409,246.500,3367930
-119.933,44.692,246.060,3367951
-120.171,44.976,245.385,3367972
-120.315,44.925,244.789,3367993
-120.479,44.857,244.174,3368014
-120.475,44.757,243.653,3368035
-120.295,44.796,243.258,3368056
-120.077,44.874,242.902,3368077
-120.068,45.182,242.405,3368098
-120.206,45.498,241.781,3368119
-120.424,45.749,241.114,3368140
-120.550,46.056,240.514,3368161
-120.338,46.028,240.162,3368182
-120.119,46.236,239.819,3368203
-120.295,46.207,239.165,3368224
-120.009,46.134,238.862,3368245
-119.691,46.200,238.547,3368266
-119.866,46.194,237.889,3368287
-119.611,46.335,237.535,3368308
-119.271,46.305,237.235,3368329
-119.183,46.533,236.767,3368350
-118.835,46.352,236.489,3368371
-118.909,46.411,235.914,3368392
-118.825,46.245,235.454,3368413
-118.886,46.252,234.893,3368434
-118.713,46.047,234.535,3368455
-118.560,45.886,234.159,3368476
-118.382,46.135,233.809,3368497
-118.400,46.338,233.306,3368518
-118.140,46.583,233.032,3368539
-118.186,46.772,232.519,3368560
-118.172,46.993,232.050,3368581
-117.797,46.860,231.854,3368602
-117.451,46.683,231.665,3368623
-117.174,46.495,231.407,3368644
-117.099,46.208,231.012,3368665
-116.884,45.970,230.700,3368686
-117.104,45.936,230.081,3368707
-117.341,45.992,229.444,3368728
-117.443,46.114,228.895,3368749
-117.738,46.023,228.234,3368770
-117.931,46.148,227.657,3368791
-118.299,46.006,226.947,3368812
-118.310,45.738,226.509,3368833
-118.175,45.648,226.191,3368854
-118.314,45.412,225.659,3368875
-118.578,45.225,225.039,3368896
-118.809,45.041,224.439,3368917
-118.856,45.207,223.973,3368938
-119.144,45.474,223.322,3368959
-119.276,45.681,222.802,3368980
-119.354,45.843,222.294,3369001
-119.746,46.002,221.570,3369022
-119.908,45.795,220.999,3369043
-120.070,45.591,220.446,3369064
-120.162,45.367,219.919,3369085
-120.193,45.557,219.447,3369106
-120.033,45.428,219.120,3369127
-120.317,45.594,218.488,3369148
-120.515,45.800,217.913,3369169
-120.690,46.042,217.361,3369190
-120.909,46.061,216.790,3369211
-121.112,46.241,216.225,3369232
-120.793,46.236,216.055,3369253
-120.574,46.111,215.846,3369274
-120.328,45.952,215.639,3369295
-119.963,45.861,215.519,3369316
-119.528,45.888,215.435,3369337
-119.219,46.069,215.283,3369358
-119.214,46.250,214.919,3369379
-119.238,46.444,214.532,3369400
-119.083,46.234,214.262,3369421
-119.131,46.390,213.850,3369442
-118.735,46.472,213.767,3369463
-118.619,46.238,213.465,3369484
-118.654,46.085,213.046,3369505
-118.347,45.945,212.861,3369526
-118.002,45.890,212.698,3369547
-117.937,46.098,212.356,3369568
-118.038,46.339,211.883,3369589
-118.269,46.475,211.311,3369610
-118.330,46.661,210.851,3369631
-118.565,46.542,210.245,3369652
-118.351,46.406,209.961,3369673
-118.483,46.152,209.413,3369694
-118.314,45.969,209.087,3369715
-118.130,45.801,208.822,3369736
-118.080,45.839,208.440,3369757
-117.992,45.563,208.091,3369778
-118.170,45.686,207.546,3369799
-118.479,45.776,206.900,3369820
-118.800,45.559,206.272,3369841
-119.210,45.466,205.563,3369862
-119.562,45.315,204.914,3369883
-119.942,45.419,204.246,3369904
-120.123,45.183,203.733,3369925
-120.002,45.263,203.453,3369946
-119.947,45.098,203.137,3369967
-119.976,45.374,202.782,3369988
-119.896,45.612,202.509,3370009
-120.146,45.625,202.023,3370030
-120.411,45.866,201.528,3370051
-120.590,45.820,201.099,3370072
-120.373,45.922,200.975,3370093
-120.381,45.775,200.697,3370114
-120.692,45.943,200.199,3370135
-120.482,45.954,200.083,3370156
-120.371,46.167,199.915,3370177
-120.254,46.308,199.764,3370198
-120.556,46.476,199.324,3370219
-120.423,46.604,199.198,3370240
-120.459,46.841,199.005,3370261
-120.742,46.865,198.618,3370282
-120.749,46.630,198.414,3370303
-120.447,46.506,198.462,3370324
-120.373,46.239,198.347,3370345
-120.029,46.245,198.447,3370366
-119.704,45.942,198.529,3370387
-119.761,46.012,198.357,3370408
-119.768,46.080,198.205,3370429
-119.866,45.882,198.028,3370450
-119.902,45.964,197.888,3370471
-119.946,45.654,197.748,3370492
-119.657,45.423,197.856,3370513
-119.442,45.151,197.907,3370534
-119.182,44.955,198.019,3370555
-118.989,44.713,198.091,3370576
-118.712,44.723,198.209,3370597
-118.918,44.860,198.024,3370618
-119.053,45.052,197.885,3370639
-118.937,45.294,197.957,3370660
-119.146,45.427,197.828,3370681
-119.332,45.525,197.732,3370702
-119.264,45.443,197.810,3370723
-119.041,45.611,198.042,3370744
-118.834,45.771,198.276,3370765
-118.694,46.027,198.471,3370786
-118.546,46.192,198.688,3370807
-118.725,46.630,198.683,3370828
-119.061,46.927,198.568,3370849
-119.111,47.320,198.666,3370870
-119.426,47.595,198.553,3370891
-119.687,47.644,198.497,3370912
-119.784,47.547,198.562,3370933
-119.761,47.402,198.699,3370954
-119.603,47.407,198.941,3370975
-119.520,47.242,199.133,3370996
-119.542,47.400,199.244,3371017
-119.807,47.171,199.150,3371038
-120.039,47.265,199.056,3371059
-120.244,47.354,198.991,3371080
-120.549,47.112,198.828,3371101
-120.531,47.130,198.917,3371122
-120.323,46.833,199.130,3371143
-120.469,46.453,199.040,3371164
-120.612,46.086,198.954,3371185
-120.338,45.774,199.148,3371206
-120.234,45.390,199.185,3371227
-120.223,45.432,199.134,3371248
-120.118,45.486,199.129,3371269
-119.911,45.514,199.186,3371290
-119.867,45.436,199.099,3371311
-119.750,45.462,199.028,3371332
-119.211,45.327,199.250,3371353
-118.753,45.052,199.410,3371374
-118.712,45.129,199.251,3371395
-118.264,44.938,199.386,3371416
-117.913,44.735,199.416,3371437
-117.763,45.019,199.743,3371458
-117.952,45.594,199.799,3371479
-118.234,45.936,199.789,3371500
-118.406,46.437,199.825,3371521
-118.502,46.960,199.923,3371542
-118.305,47.208,200.216,3371563
-118.127,47.325,200.469,3371584
-118.014,47.559,200.667,3371605
-118.103,47.448,200.717,3371626
-118.413,47.397,200.610,3371647
-118.639,47.622,200.517,3371668
-118.965,47.788,200.352,3371689
-119.075,47.928,200.320,3371710
-119.456,47.990,200.087,3371731
-119.678,47.703,199.937,3371752
-119.672,47.359,199.955,3371773
-119.642,47.015,199.956,3371794
-119.552,46.660,199.983,3371815
-119.497,46.292,199.977,3371836
-119.366,45.975,200.015,3371857
-119.373,45.918,199.937,3371878
-119.765,45.768,199.600,3371899
-120.098,45.595,199.312,3371920
-120.290,45.579,199.118,3371941
-120.483,45.589,198.892,3371962
-120.702,45.786,198.826,3371983
-120.791,45.596,198.847,3372004
-120.804,45.454,198.894,3372025
-120.825,45.321,198.936,3372046
-120.697,45.383,199.038,3372067
-120.724,45.676,199.028,3372088
-121.005,45.994,198.814,3372109
-121.255,46.290,198.609,3372130
-121.494,46.551,198.375,3372151
-121.245,46.801,198.513,3372172
-121.057,46.687,198.581,3372193
-120.927,46.596,198.635,3372214
-121.096,46.716,198.514,3372235
-120.710,46.836,198.811,3372256
-120.291,46.940,199.104,3372277
-119.826,46.929,199.423,3372298
-119.718,47.223,199.452,3372319
-119.804,47.514,199.399,3372340
-119.512,47.746,199.623,3372361
-119.679,47.805,199.514,3372382
-119.382,47.982,199.738,3372403
-119.226,47.850,199.863,3372424
-118.890,47.740,200.133,3372445
-118.504,47.740,200.403,3372466
-118.076,47.736,200.743,3372487
-117.653,47.828,201.094,3372508
-117.670,47.860,201.093,3372529
-117.697,47.902,201.102,3372550
-117.646,47.745,201.166,3372571
-117.651,47.708,201.217,3372592
-117.691,47.574,201.216,3372613
-117.631,47.259,201.336,3372634
-117.299,47.164,201.629,3372655
-117.363,46.833,201.669,3372676
-117.205,46.473,201.858,3372697
-117.224,46.531,201.917,3372718
-117.472,46.606,201.797,3372739
-117.527,46.697,201.799,3372760
-117.856,46.797,201.597,3372781
-118.150,46.950,201.404,3372802
-118.392,46.689,201.267,3372823
-118.342,46.467,201.315,3372844
-118.284,46.199,201.367,3372865
-118.292,45.924,201.377,3372886
-118.157,45.886,201.450,3372907
-118.411,45.731,201.239,3372928
-118.700,45.884,200.969,3372949
-118.968,46.040,200.713,3372970
-119.299,46.169,200.401,3372991
-119.494,46.450,200.161,3373012
-119.832,46.460,199.813,3373033
-119.859,46.319,199.669,3373054
-119.770,46.300,199.603,3373075
-119.637,46.287,199.564,3373096
-119.748,46.122,199.328,3373117
-119.734,46.328,199.159,3373138
-119.858,46.623,198.980,3373159
-120.165,46.855,198.629,3373180
-120.538,47.030,198.239,3373201
-120.841,47.243,197.882,3373222
-120.865,47.107,197.781,3373243
-121.023,46.931,197.564,3373264
-121.059,46.755,197.428,3373285
-121.204,46.576,197.223,3373306
-121.019,46.574,197.260,3373327
-120.839,46.526,197.269,3373348
-120.868,46.792,197.131,3373369
-120.964,47.076,196.926,3373390
-121.140,47.234,196.645,3373411
-121.130,47.487,196.474,3373432
-120.956,47.759,196.414,3373453
-120.579,47.631,196.494,3373474
-120.238,47.781,196.532,3373495
-120.008,47.570,196.490,3373516
-119.681,47.358,196.531,3373537
-119.692,47.565,196.346,3373558
-119.620,47.829,196.304,3373579
-119.797,47.933,196.060,3373600
-119.886,48.132,195.853,3373621
-120.036,48.038,195.597,3373642
-120.113,47.814,195.364,3373663
-119.873,47.571,195.364,3373684
-119.801,47.235,195.207,3373705
-119.520,47.140,195.204,3373726
-119.540,46.926,195.129,3373747
-119.966,46.519,190.416,3374776
-119.956,46.376,190.300,3374797
-119.984,46.433,190.133,3374818
-120.470,46.461,189.633,3374839
-120.926,46.541,189.121,3374860
-121.308,46.450,188.649,3374881
-121.516,46.681,188.296,3374902
-121.988,46.708,187.771,3374923
-121.973,46.593,187.587,3374944
-121.898,46.541,187.420,3374965
-122.034,46.355,187.079,3374986
-121.966,46.296,186.880,3375007
-121.965,46.509,186.632,3375028
-122.017,46.765,186.357,3375049
-122.377,46.883,185.841,3375070
-122.590,47.159,185.434,3375091
-122.784,47.382,184.991,3375112
-122.545,47.245,184.885,3375133
-122.640,47.270,184.506,3375154
-122.509,47.110,184.284,3375175
-122.191,47.096,184.230,3375196
-121.866,46.998,184.177,3375217
-121.443,47.118,184.215,3375238
-121.426,47.284,183.922,3375259
-121.059,47.470,183.894,3375280
-121.013,47.459,183.610,3375301
-120.697,47.632,183.551,3375322
-120.688,47.679,183.235,3375343
-120.147,47.427,183.318,3375364
-119.797,47.113,183.267,3375385
-119.291,47.077,183.301,3375406
-118.812,46.821,183.319,3375427
-118.541,46.860,183.198,3375448
-118.761,46.920,182.729,3375469
-118.972,46.931,182.247,3375490
-119.204,47.045,181.708,3375511
-119.234,46.811,181.293,3375532
-119.384,46.992,180.769,3375553
-119.203,46.822,180.482,3375574
-119.123,46.837,180.094,3375595
-119.008,46.594,179.712,3375616
-118.891,46.313,179.312,3375637
-118.996,46.369,178.732,3375658
-119.245,46.419,178.061,3375679
-119.547,46.487,177.333,3375700
-120.051,46.495,176.474,3375721
-120.560,46.572,175.656,3375742
-121.061,46.568,174.807,3375763
-121.121,46.479,174.252,3375784
-121.151,46.394,173.709,3375805
-121.439,46.253,172.922,3375826
-121.446,46.291,172.302,3375847
-121.516,46.405,171.600,3375868
-122.017,46.645,170.550,3375889
-122.505,46.854,169.490,3375910
-122.962,47.099,168.440,3375931
-123.425,47.199,167.369,3375952
-123.551,47.110,166.522,3375973
-123.466,47.258,165.808,3375994
-123.039,49.328,155.590,3376246
-122.681,49.487,154.863,3376267
-122.543,49.785,153.976,3376288
-122.582,50.019,152.937,3376309
-122.659,49.961,151.820,3376330
-122.720,49.894,150.710,3376351
-122.769,49.839,149.622,3376372
-122.291,49.673,148.904,3376393
-121.788,49.610,148.204,3376414
-121.268,49.575,147.504,3376435
-121.081,49.373,146.530,3376456
-120.625,49.381,145.735,3376477
-120.253,49.529,144.852,3376498
-120.183,49.383,143.759,3376519
-120.258,49.352,142.542,3376540
-120.306,49.249,141.349,3376561
-120.014,49.058,140.425,3376582
-120.137,49.205,139.180,3376603
-119.858,49.173,138.250,3376624
-119.692,49.080,137.407,3376645
-119.357,49.231,136.684,3376666
-118.813,49.119,136.117,3376687
-118.361,48.940,135.475,3376708
-118.519,48.878,134.379,3376729
-118.672,48.988,133.299,3376750
-118.931,48.843,132.140,3376771
-121.512,46.655,83.666,3377758
-121.738,46.629,82.446,3377779
-121.758,46.315,81.372,3377800
-121.678,46.005,80.372,3377821
-121.546,45.948,79.413,3377842
-121.532,45.662,78.385,3377863
-121.809,45.767,77.125,3377884
-122.044,45.542,76.297,3377905
-122.627,45.328,75.214,3377926
-123.185,45.105,74.113,3377947
-123.215,44.869,73.392,3377968
-123.702,44.686,72.335,3377989
-123.946,44.282,71.465,3378010
-124.027,43.943,70.674,3378031
-124.039,43.654,69.950,3378052
-123.917,43.548,69.307,3378073
-123.995,43.792,68.536,3378094
-123.965,44.068,67.822,3378115
-124.238,44.325,66.915,3378136
-124.122,44.710,66.292,3378157
-123.974,45.147,65.710,3378178
-123.968,45.614,65.026,3378199
-123.883,45.673,64.380,3378220
-123.870,45.784,63.668,3378241
-123.534,46.205,63.193,3378262
-123.185,46.310,62.696,3378283
-123.078,46.354,62.024,3378304
-123.142,46.626,61.216,3378325
-122.878,47.045,60.663,3378346
-122.799,47.064,59.952,3378367
-122.485,47.410,59.414,3378388
-122.363,47.340,58.739,3378409
-121.885,47.326,58.319,3378430
-121.574,47.138,57.778,3378451
-121.485,46.939,57.051,3378472
-121.539,46.959,56.226,3378493
-121.178,46.984,55.688,3378514
-120.970,47.057,55.020,3378535
-120.802,47.108,54.342,3378556
-120.972,47.113,53.404,3378577
-120.809,47.075,52.677,3378598
-120.934,46.711,51.767,3378619
-120.921,46.276,50.968,3378640
-120.711,45.890,50.296,3378661
-121.008,45.645,49.285,3378682
-121.299,45.380,48.293,3378703
-121.304,44.934,47.486,3378724
-121.375,44.958,46.636,3378745
-121.608,44.660,45.672,3378766
-121.699,44.757,44.801,3378787
-121.988,44.809,43.809,3378808
-121.937,44.535,43.052,3378829
-122.277,44.494,42.015,3378850
-122.220,44.313,41.254,3378871
-122.112,44.407,40.539,3378892
-122.030,44.494,39.815,3378913
-122.186,44.788,38.899,3378934
-122.500,45.085,37.894,3378955
-122.743,45.434,36.960,3378976
-123.092,45.710,35.950,3378997
-123.291,46.096,35.044,3379018
-123.137,46.332,34.382,3379039
-123.055,46.309,33.665,3379060
-123.005,46.266,32.907,3379081
-122.808,46.405,32.252,3379102
-122.625,46.438,31.585,3379123
-122.948,46.583,30.547,3379144
-123.251,46.825,29.538,3379165
-123.159,47.064,28.809,3379186
-122.909,47.116,28.207,3379207
-123.091,47.381,27.289,3379228
-123.203,47.314,26.449,3379249
-123.270,47.207,25.618,3379270
-122.841,47.058,25.132,3379291
-122.545,46.757,24.568,3379312
-122.083,46.611,24.106,3379333
-122.049,46.354,23.324,3379354
-121.614,46.218,22.843,3379375
-121.726,46.096,21.957,3379396
-121.492,46.114,21.314,3379417
-121.610,46.125,20.417,3379438
-121.398,45.770,19.741,3379459
-121.269,45.353,18.992,3379480
-120.987,45.201,18.331,3379501
-120.892,45.205,17.540,3379522
-120.697,44.855,16.827,3379543
-120.875,44.799,15.846,3379564
-121.126,44.717,14.780,3379585
-121.298,44.798,13.766,3379606
-121.508,44.892,12.712,3379627
-121.818,44.813,11.584,3379648
-121.704,44.577,10.727,3379669
-121.664,44.354,9.785,3379690
-121.621,44.161,8.856,3379711
-121.579,44.136,7.919,3379732
-121.560,44.191,6.950,3379753
-122.029,44.258,5.637,3379774
-122.270,44.514,4.458,3379795
-122.480,44.349,3.329,3379816
-122.798,44.225,2.118,3379837
-123.253,44.305,0.790,3379858
-123.317,44.122,359.764,3379879
-123.279,43.991,358.819,3379900
-123.224,44.080,357.877,3379921
-123.086,44.043,356.999,3379942
-123.427,44.188,355.812,3379963
-123.722,44.178,354.665,3379984
-123.900,44.382,353.614,3380005
-124.137,44.604,352.487,3380026
-124.372,44.665,351.397,3380047
-124.521,44.607,350.380,3380068
-124.418,44.423,349.533,3380089
-124.056,44.469,348.879,3380110
-123.665,44.449,348.253,3380132
-123.287,44.529,347.619,3380153
-123.346,44.562,346.714,3380175
-123.255,44.754,345.901,3380196
-123.217,44.596,345.076,3380217
-123.130,44.398,344.293,3380238
-122.659,44.285,343.797,3380259
-122.237,44.138,343.250,3380280
-121.793,44.059,342.743,3380301
-121.383,44.135,342.231,3380322
-120.969,44.225,341.730,3380343
-121.014,44.460,340.924,3380364
-121.183,44.574,340.041,3380385
-121.307,44.811,339.194,3380406
-121.128,44.648,338.549,3380427
-121.376,44.630,337.621,3380448
-121.670,44.774,336.631,3380469
-121.568,44.618,335.946,3380490
-121.483,44.596,335.268,3380511
-121.399,44.430,334.592,3380532
-121.466,44.522,333.831,3380553
-121.865,44.435,332.844,3380574
-122.277,44.449,331.866,3380595
-122.601,44.550,330.995,3380616
-122.840,44.400,330.192,3380637
-123.072,44.358,329.383,3380658
-123.007,44.130,328.818,3380679
-122.747,44.167,328.389,3380700
-122.474,44.221,328.001,3380721
-122.239,44.324,327.595,3380742
-122.012,44.391,327.175,3380763
-121.756,44.408,326.781,3380784
-121.146,44.377,326.982,3380805
-120.669,44.409,327.079,3380826
-120.217,44.647,327.142,3380847
-119.821,44.629,327.159,3380868
-119.411,44.520,327.184,3380889
-118.683,44.644,327.400,3380910
-117.947,44.747,327.623,3380931
-117.335,44.948,327.789,3380952
-116.753,45.155,327.913,3380973
-116.697,45.253,327.670,3380994
-116.676,45.265,327.402,3381015
-116.520,45.139,327.232,3381036
-116.460,45.085,327.077,3381057
-116.626,45.170,326.745,3381078
-116.794,45.195,326.446,3381099
-116.493,45.238,326.500,3381120
-116.740,45.254,326.153,3381141
-116.753,45.464,325.984,3381162
-116.592,45.485,325.931,3381183
-116.492,45.508,325.839,3381204
-113.582,43.554,287.079,3382842
-113.839,43.798,286.356,3382863
-114.656,43.835,284.068,3382926
-115.009,43.852,283.190,3382947
-115.563,44.106,282.151,3382968
-115.713,44.495,281.351,3382989
-115.949,44.976,280.442,3383010
-116.154,45.383,279.530,3383031
-116.407,45.833,278.577,3383052
-117.005,45.988,277.503,3383073
-117.563,46.318,276.433,3383094
-118.091,46.372,275.367,3383115
-118.514,46.320,274.369,3383136
-118.888,46.250,273.354,3383157
-119.369,46.222,272.234,3383178
-119.449,46.391,271.365,3383199
-119.549,46.580,270.464,3383220
-119.607,46.750,269.576,3383241
-119.548,46.859,268.755,3383262
-119.829,46.897,267.678,3383283
-119.559,46.752,266.950,3383304
-119.511,46.420,266.079,3383325
-119.568,46.179,265.099,3383346
-119.147,46.020,264.427,3383367
-119.142,45.781,263.475,3383388
-118.773,45.426,262.754,3383409
-118.279,45.414,262.110,3383430
-118.105,45.512,261.249,3383451
-117.972,45.332,260.334,3383472
-117.870,45.164,259.406,3383493
-117.751,44.958,258.477,3383514
-117.440,44.645,257.666,3383535
-117.349,44.474,256.694,3383556
-116.839,44.284,256.020,3383577
-116.380,44.265,255.301,3383598
-116.038,44.375,254.492,3383619
-115.756,44.462,253.647,3383640
-115.630,44.621,252.697,3383661
-115.749,44.531,251.590,3383682
-115.813,44.781,250.561,3383703
-115.557,44.852,249.777,3383724
-115.513,44.733,248.868,3383745
-115.358,44.972,248.038,3383766
-115.582,44.985,246.961,3383787
-115.433,45.045,246.162,3383808
-115.671,45.406,245.110,3383829
-115.758,45.763,244.151,3383850
-116.110,46.145,243.008,3383871
-116.599,46.209,241.792,3383892
-116.934,46.571,240.688,3383913
-117.410,46.515,239.491,3383934
-119.983,45.808,226.448,3384249
-119.798,45.851,225.982,3384270
-119.967,45.885,225.273,3384291
-119.857,45.987,224.758,3384312
-120.044,45.945,224.064,3384333
-119.754,45.921,223.723,3384354
-119.526,45.671,223.352,3384375
-119.271,45.464,223.011,3384396
-119.204,45.223,222.604,3384417
-118.847,45.167,222.394,3384438
-118.656,45.357,222.101,3384459
-118.778,45.494,221.608,3384480
-118.924,45.624,221.121,3384501
-118.787,45.898,220.863,3384522
-119.003,45.987,220.340,3384543
-118.827,45.905,220.120,3384564
-118.870,45.818,219.744,3384585
-118.662,45.840,219.572,3384606
-118.805,45.783,219.165,3384627
-118.860,45.691,218.804,3384648
-119.077,45.973,218.354,3384669
-119.205,46.270,217.988,3384690
-119.380,46.568,217.592,3384711
-119.620,46.758,217.186,3384732
-119.683,47.049,216.901,3384753
-119.610,46.884,216.714,3384774
-119.438,47.031,216.634,3384795
-119.262,46.941,216.562,3384816
-119.100,46.745,216.474,3384837
-119.220,46.501,216.187,3384858
-119.188,46.607,216.008,3384879
-119.172,46.669,215.821,3384900
-119.522,46.589,215.352,3384921
-119.357,46.443,215.237,3384942
-119.628,46.457,214.821,3384963
-119.453,46.222,214.732,3384984
-119.669,45.972,214.360,3385005
-119.711,45.670,214.128,3385026
-119.627,45.356,214.014,3385047
-119.351,45.276,214.040,3385068
-119.401,45.450,213.832,3385089
-119.459,45.678,213.625,3385110
-119.329,45.825,213.576,3385131
-119.549,45.936,213.262,3385152
-119.802,45.916,212.912,3385173
-119.580,45.977,212.902,3385194
-119.612,45.821,212.731,3385215
-119.861,46.001,212.385,3385236
-119.601,46.018,212.420,3385257
-119.600,45.904,212.242,3385278
-119.577,46.227,212.116,3385299
-119.582,46.575,211.973,3385320
-119.575,47.007,212.355,3385341
-120.015,47.708,212.415,3385362
-120.372,48.415,212.542,3385383
-120.275,48.937,212.973,3385404
-120.421,49.139,213.211,3385425
-120.678,49.375,213.375,3385446
-120.510,49.649,213.827,3385467
-120.529,49.699,214.139,3385488
-120.817,49.815,214.214,3385509
-120.870,50.146,214.484,3385530
-120.928,50.389,214.738,3385551
-120.847,50.555,215.085,3385572
-120.912,50.268,215.303,3385593
-120.923,49.896,215.548,3385614
-120.845,49.446,215.861,3385635
-120.603,49.268,216.280,3385656
-120.309,48.829,216.726,3385677
-120.169,48.671,217.032,3385698
-119.917,48.061,217.398,3385719
-120.325,48.020,217.533,3385740
-120.608,48.015,217.775,3385761
-120.715,48.019,218.150,3385782
-121.069,47.834,218.304,3385803
-120.900,47.409,218.816,3385824
-120.712,47.008,219.347,3385845
-120.955,46.869,219.534,3385866
-120.664,46.541,220.093,3385887
-120.468,46.117,220.543,3385908
-120.468,46.121,220.849,3385929
-120.538,46.168,221.088,3385950
-120.618,46.203,221.272,3385971
-120.696,46.173,221.459,3385992
-120.649,46.249,221.726,3386013
-120.497,45.920,222.043,3386034
-120.331,45.645,222.358,3386055
-120.001,45.409,222.782,3386076
-119.541,45.231,223.090,3386097
-119.073,44.984,223.249,3386118
-118.850,45.150,223.222,3386139
-118.771,45.308,223.089,3386160
-118.498,45.535,223.095,3386181
-118.534,45.837,223.047,3386202
-118.438,46.226,223.093,3386223
-118.097,46.175,223.272,3386244
-117.751,46.186,223.465,3386265
-117.692,46.172,223.442,3386286
-117.371,46.391,223.623,3386307
-117.071,46.413,223.767,3386328
-117.139,46.741,223.658,3386349
-117.127,47.049,223.570,3386370
-117.134,47.367,223.450,3386391
-117.274,47.664,223.254,3386412
-117.537,47.674,222.963,3386433
-117.449,47.561,222.925,3386454
-117.423,47.383,222.826,3386475
-117.357,47.253,222.743,3386496
-117.475,47.053,222.544,3386517
-117.820,47.020,222.372,3386538
-117.855,47.258,222.447,3386559
-118.128,47.548,222.337,3386580
-118.456,47.811,222.195,3386601
-118.660,48.066,222.140,3386622
-118.973,48.254,221.995,3386643
-119.003,48.017,222.035,3386664
-119.118,47.755,222.009,3386685
-119.043,47.507,222.079,3386706
-118.873,47.445,222.219,3386727
-118.738,47.425,222.345,3386748
-118.823,47.534,222.303,3386769
-118.928,47.632,222.234,3386790
-119.026,47.756,222.187,3386811
-119.234,47.846,222.046,3386832
-119.232,47.680,222.040,3386853
-119.556,47.628,221.744,3386874
-119.485,47.445,221.738,3386895
-119.573,47.267,221.569,3386916
-119.376,47.117,221.607,3386937
-119.328,46.983,221.536,3386958
-119.205,47.240,221.531,3386979
-119.099,47.509,221.503,3387000
-119.130,47.570,221.394,3387021
-118.807,47.790,221.552,3387042
-118.483,47.981,221.723,3387063
-118.107,47.765,221.881,3387084
-117.737,47.519,222.067,3387105
-117.390,47.272,222.240,3387126
-116.884,47.117,222.521,3387147
-116.481,46.894,222.714,3387168
-116.472,47.025,222.605,3387189
-116.485,47.136,222.466,3387210
-116.527,47.263,222.315,3387231
-116.649,47.388,222.207,3387252
-116.827,47.363,222.023,3387273
-116.694,47.118,222.044,3387294
-116.498,47.267,222.119,3387315
-116.294,47.124,222.247,3387336
-116.107,47.102,222.357,3387357
-116.211,46.875,222.275,3387378
-116.127,46.974,222.331,3387399
-116.552,46.997,222.054,3387420
-116.975,47.071,221.775,3387441
-117.430,47.197,221.471,3387462
-117.849,47.348,221.203,3387483
-117.926,47.159,221.162,3387504
-118.017,46.986,221.104,3387525
-118.086,46.965,221.104,3387546
-118.207,46.800,221.067,3387567
-118.374,46.576,221.003,3387588
-118.609,46.759,220.882,3387609
-119.001,46.930,220.638,3387630
-119.348,47.080,220.429,3387651
-119.760,47.143,220.143,3387672
-120.128,47.254,219.912,3387693
-120.360,47.056,219.806,3387714
-120.526,46.834,219.746,3387735
-120.490,46.603,219.851,3387756
-120.381,46.391,220.015,3387777
-120.407,46.164,220.082,3387798
-120.425,46.374,220.146,3387819
-120.402,46.584,220.228,3387840
-120.261,46.797,220.387,3387861
-120.435,46.885,220.303,3387882
-120.523,47.057,220.263,3387903
-120.213,46.920,220.492,3387924
-119.879,46.940,220.738,3387945
-119.532,46.795,220.942,3387966
-119.317,46.530,221.045,3387987
-119.040,46.293,221.164,3388008
-118.711,46.340,221.294,3388029
-118.687,46.433,221.208,3388050
-118.574,46.521,221.145,3388071
-118.389,46.595,221.125,3388092
-118.523,46.582,220.868,3388113
-118.520,46.264,220.704,3388134
-118.473,45.967,220.570,3388155
-118.438,45.711,220.412,3388176
-118.223,45.500,220.352,3388197
-118.134,45.258,220.183,3388218
-118.297,45.470,219.828,3388239
-118.395,45.718,219.482,3388260
-118.766,45.813,218.925,3388281
-119.182,45.993,218.363,3388302
-119.465,46.237,217.871,3388323
-119.466,46.071,217.558,3388344
-119.411,46.031,217.298,3388365
-119.513,45.800,216.924,3388386
-119.499,45.702,216.628,3388407
-119.443,45.657,216.372,3388428
-119.688,45.845,215.869,3388449
-120.104,45.875,215.287,3388470
-120.286,45.686,214.928,3388491
-120.694,45.871,214.417,3388512
-121.087,46.100,213.900,3388533
-121.308,45.928,213.456,3388554
-121.298,46.054,213.172,3388575
-121.283,46.216,212.923,3388596
-121.460,46.051,212.531,3388617
-121.369,45.954,212.311,3388638
-121.328,45.792,212.047,3388659
-121.507,46.050,211.609,3388680
-121.644,46.281,211.203,3388701
-121.838,46.453,210.739,3388722
-122.088,46.618,210.272,3388743
-121.968,46.403,210.085,3388764
-121.734,46.231,210.000,3388785
-121.481,46.280,209.946,3388806
-118.062,46.978,208.692,3389310
-118.257,47.095,208.405,3389331
-118.666,47.185,207.959,3389352
-119.081,47.231,207.501,3389373
-119.358,46.976,207.151,3389394
-119.529,46.691,206.899,3389415
-119.472,46.689,206.826,3389436
-119.467,46.372,206.713,3389457
-119.761,46.143,206.377,3389478
-120.090,46.291,206.030,3389499
-120.129,46.027,205.900,3389520
-120.463,46.199,205.521,3389541
-120.759,46.404,205.195,3389562
-121.110,46.566,204.828,3389583
-121.490,46.756,204.420,3389604
-121.449,46.609,204.303,3389625
-121.864,46.735,203.849,3389646
-121.727,46.748,203.786,3389667
-121.628,46.859,203.719,3389688
-121.835,47.119,203.432,3389709
-122.216,47.264,203.015,3389730
-122.516,47.179,202.678,3389751
-122.433,47.329,202.616,3389772
-122.551,47.553,202.399,3389793
-122.446,47.370,202.362,3389814
-122.282,47.200,202.368,3389835
-121.826,47.528,191.372,3390780
-122.299,47.692,190.575,3390801
-122.590,47.917,189.904,3390822
-122.931,48.137,189.127,3390843
-122.845,48.116,188.654,3390864
-122.814,47.879,188.138,3390885
-123.089,47.643,187.361,3390906
-122.860,47.491,186.919,3390927
-122.608,47.197,186.442,3390948
-122.778,46.953,185.641,3390969
-123.183,46.868,184.672,3390990
-123.452,46.997,183.782,3391011
-123.625,47.178,182.923,3391032
-123.888,47.137,181.987,3391053
-123.716,47.023,181.346,3391074
-123.517,46.926,180.712,3391095
-123.284,47.060,180.065,3391116
-123.053,47.138,179.388,3391137
-122.804,47.261,178.684,3391158
-122.604,47.434,177.918,3391179
-122.798,47.799,176.834,3391200
-122.977,48.148,175.719,3391221
-123.251,48.278,174.502,3391242
-123.383,48.201,173.392,3391263
-123.111,48.346,172.540,3391284
-122.782,48.438,171.736,3391305
-122.555,48.325,170.821,3391326
-122.238,48.472,169.946,3391347
-122.358,48.483,168.728,3391368
-122.354,48.848,167.602,3391389
-122.600,48.955,166.280,3391410
-122.857,49.117,164.917,3391431
-123.133,49.217,163.528,3391452
-123.513,49.488,162.012,3391473
-123.445,49.489,160.811,3391494
-123.385,49.537,159.593,3391515
-123.382,49.708,158.275,3391536
-123.307,49.756,156.997,3391557
-123.302,49.879,155.641,3391578
-123.698,50.153,153.967,3391599
-124.195,50.332,152.213,3391620
-124.740,50.396,150.425,3391641
-125.049,50.237,148.814,3391662
-125.532,50.298,147.083,3391683
-125.983,50.417,145.375,3391704
-125.872,50.355,144.100,3391725
-125.799,50.167,142.765,3391746
-125.700,50.073,141.396,3391767
-125.290,50.026,140.338,3391788
-125.397,49.870,138.857,3391809
-125.488,49.679,137.393,3391830
-125.617,49.518,135.886,3391851
-125.502,49.182,134.582,3391872
-125.209,48.894,133.422,3391893
-124.899,48.642,132.248,3391914
-124.594,48.653,131.093,3391935
-124.616,48.778,129.747,3391956
-124.344,48.693,128.641,3391977
-124.082,48.504,127.552,3391998
-124.276,48.223,126.142,3392019
-124.594,48.125,124.664,3392040
-124.849,47.865,123.259,3392061
-125.104,47.599,121.870,3392082
-125.270,47.257,120.577,3392103
-125.479,47.007,119.231,3392124
-125.202,46.825,118.255,3392145
-125.004,46.709,117.240,3392166
-124.776,46.246,116.248,3392187
-124.504,46.125,115.276,3392208
-124.653,45.978,114.010,3392229
-124.738,45.719,112.781,3392250
-124.465,45.410,111.840,3392271
-124.318,45.096,110.814,3392292
-124.334,44.857,109.675,3392313
-124.439,45.032,108.458,3392334
-124.244,45.165,107.478,3392355
-123.924,45.122,106.603,3392376
-123.981,45.395,105.468,3392397
-123.924,45.693,104.421,3392418
-123.865,45.578,103.403,3392439
-124.244,45.375,103.258,3392460
-124.759,45.055,103.042,3392481
-125.164,44.708,102.869,3392502
-125.721,44.626,102.586,3392523
-126.111,44.319,102.378,3392544
-126.343,44.412,102.278,3392565
-126.574,44.514,102.125,3392586
-126.887,44.697,101.907,3392607
-127.112,44.886,101.729,3392628
-127.532,44.863,101.381,3392649
-127.408,44.989,101.393,3392670
-127.207,45.030,101.437,3392691
-127.029,44.973,101.436,3392712
-126.901,44.889,101.368,3392733
-126.585,45.110,101.417,3392754
-126.335,45.445,101.416,3392775
-126.017,45.753,101.419,3392796
-126.028,46.009,101.574,3392817
-126.190,46.105,101.571,3392838
-126.034,45.986,101.774,3392859
-126.080,46.093,101.809,3392880
-126.061,46.150,101.862,3392901
-125.978,46.103,101.945,3392922
-122.036,44.862,104.202,3393321
-122.073,44.623,103.947,3393342
-121.969,44.751,103.894,3393363
-122.208,44.639,103.597,3393384
-122.437,44.710,103.293,3393405
-122.254,44.859,103.275,3393426
-121.950,44.838,103.311,3393447
-121.786,45.032,103.316,3393468
-121.879,45.282,103.115,3393489
-121.711,45.530,103.104,3393510
-121.757,45.398,102.940,3393531
-121.691,45.263,102.855,3393552
-121.549,45.146,102.820,3393573
-121.830,45.315,102.479,3393594
-121.700,45.233,102.449,3393615
-122.012,45.490,102.075,3393636
-121.910,45.487,101.979,3393657
-122.030,45.750,101.754,3393678
-122.084,45.992,101.581,3393699
-122.389,45.909,101.208,3393720
-122.596,45.778,100.903,3393741
-122.778,45.630,100.615,3393762
-122.893,45.862,100.362,3393783
-122.881,45.662,100.190,3393804
-122.913,45.892,99.986,3393825
-123.042,46.147,99.678,3393846
-123.010,46.342,99.496,3393867
-123.250,46.591,99.104,3393888
-123.218,46.449,98.940,3393909
-123.480,46.376,98.615,3393930
-123.809,46.383,98.274,3393951
-123.960,46.293,98.100,3393972
-123.911,46.173,98.102,3393993
-124.008,46.036,98.032,3394014
-123.898,46.217,98.115,3394035
-123.760,45.995,98.219,3394056
-123.602,46.131,98.334,3394077
-123.544,46.300,98.350,3394098
-123.262,46.267,98.542,3394119
-123.423,46.334,98.414,3394140
-123.085,46.234,98.613,3394161
-123.169,46.016,98.515,3394182
-123.215,45.834,98.452,3394203
-123.279,45.696,98.386,3394224
-123.268,45.831,98.391,3394245
-123.271,45.952,98.422,3394266
-122.876,46.087,98.735,3394287
-122.502,46.249,99.062,3394308
-122.215,46.410,99.368,3394329
-121.749,46.196,99.789,3394350
-121.606,45.976,99.948,3394371
-121.419,45.703,100.168,3394392
-121.062,45.553,100.520,3394413
-120.852,45.340,100.745,3394434
-121.086,45.459,100.654,3394455
-120.914,45.425,100.848,3394476
-121.150,45.586,100.764,3394497
-121.102,45.732,100.890,3394518
-121.050,45.844,101.018,3394539
-121.200,46.006,101.020,3394560
-121.046,45.818,101.275,3394581
-121.209,45.667,101.268,3394602
-121.460,45.627,101.176,3394623
-121.645,45.549,101.140,3394644
-121.872,45.676,101.043,3394665
-121.811,45.895,101.124,3394686
-121.687,46.060,101.233,3394707
-121.851,46.314,101.139,3394728
-122.069,46.540,100.987,3394749
-122.192,46.402,100.836,3394770
-122.233,46.256,100.732,3394791
-122.217,46.095,100.651,3394812
-122.348,45.948,100.477,3394833
-122.273,45.791,100.519,3394854
-122.171,45.874,100.546,3394875
-122.184,46.045,100.502,3394896
-122.212,46.246,100.477,3394917
-122.196,46.395,100.475,3394938
-122.354,46.628,100.342,3394959
-122.609,46.462,100.141,3394980
-122.846,46.306,99.942,3395001
-122.727,46.079,100.013,3395022
-122.862,45.924,99.900,3395043
-123.030,45.840,99.757,3395064
-122.940,46.014,99.831,3395085
-122.963,46.140,99.833,3395106
-122.829,46.286,99.924,3395127
-122.486,46.283,100.195,3395148
-122.243,46.380,100.370,3395169
-121.909,46.434,100.622,3395190
-121.822,46.168,100.692,3395211
-121.564,45.875,100.901,3395232
-121.356,45.599,101.065,3395253
-121.136,45.365,101.217,3395274
-120.919,45.535,101.377,3395295
-121.063,45.657,101.249,3395316
-120.773,45.818,101.451,3395337
-120.954,45.937,101.318,3395358
-120.838,46.174,101.390,3395379
-121.028,46.162,101.241,3395400
-120.885,46.020,101.332,3395421
-120.714,45.903,101.444,3395442
-120.688,45.772,101.445,3395463
-120.726,46.053,101.403,3395484
-121.010,46.241,101.166,3395505
-121.247,46.110,100.961,3395526
-121.526,46.352,100.729,3395547
-121.635,46.582,100.617,3395568
-121.616,46.693,100.607,3395589
-122.063,46.698,100.248,3395610
-122.065,46.565,100.196,3395631
-122.136,46.427,100.054,3395652
-122.613,46.480,99.607,3395673
-122.696,46.660,99.422,3395694
-122.756,46.861,99.218,3395715
-122.737,47.017,99.030,3395736
-122.979,47.344,98.658,3395757
-123.181,47.662,98.291,3395778
-123.278,47.529,97.997,3395799
-123.579,47.525,97.516,3395820
-123.791,47.436,97.062,3395841
-123.947,47.356,96.669,3395862
-124.088,47.257,96.245,3395883
-124.303,47.113,95.854,3395904
-124.071,47.137,95.770,3395925
-124.098,47.288,95.472,3395946
-123.801,47.317,95.363,3395967
-123.560,47.366,95.279,3395988
-123.507,47.484,95.037,3396009
-123.375,47.172,94.827,3396030
-123.379,47.270,94.512,3396051
-122.893,47.094,94.540,3396072
-122.757,46.801,94.311,3396093
-122.279,46.583,94.311,3396114
-122.178,46.745,94.030,3396135
-121.802,46.807,93.910,3396156
-121.388,46.865,93.836,3396177
-121.370,46.999,93.432,3396198
-121.085,46.761,93.217,3396219
-121.128,46.580,92.750,3396240
-121.253,46.515,92.198,3396261
-121.145,46.278,91.801,3396282
-120.818,46.075,91.564,3396303
-120.557,46.267,91.286,3396324
-120.227,46.417,91.065,3396345
-119.882,46.583,90.852,3396366
-119.944,46.512,90.326,3396387
-119.544,46.587,90.129,3396408
-119.640,46.738,89.546,3396429
-119.613,46.571,89.021,3396450
-119.482,46.369,88.573,3396471
-119.652,46.510,87.933,3396492
-119.576,46.274,87.486,3396513
-119.366,46.179,87.129,3396534
-119.648,46.344,86.416,3396555
-119.554,46.521,85.961,3396576
-119.905,46.744,85.164,3396597
-119.946,47.008,84.613,3396618
-119.916,46.890,84.105,3396639
-120.354,46.913,83.258,3396660
-120.714,46.849,82.450,3396681
-120.667,46.869,81.969,3396702
-120.956,46.783,81.228,3396723
-121.274,46.752,80.469,3396744
-121.664,46.759,79.666,3396765
-121.717,47.018,79.098,3396786
-121.671,47.265,78.610,3396807
-121.693,47.472,78.078,3396828
-121.625,47.673,77.618,3396849
-121.843,47.613,76.903,3396870
-121.773,47.386,76.434,3396891
-121.932,47.320,75.767,3396912
-121.693,47.046,75.431,3396933
-121.342,47.018,75.146,3396954
-121.482,47.032,74.491,3396975
-121.236,47.109,74.119,3396996
-120.931,47.153,73.781,3397017
-120.699,47.265,73.406,3397038
-120.464,46.958,73.048,3397059
-120.253,46.687,72.680,3397080
-119.832,46.386,72.452,3397101
-119.252,46.287,72.341,3397122
-118.779,45.993,72.147,3397143
-118.675,46.038,71.658,3397164
-118.358,46.129,71.297,3397185
-117.965,46.183,71.024,3397206
-117.899,46.242,70.487,3397227
-117.597,46.316,70.146,3397248
-117.647,46.226,69.562,3397269
-117.407,45.968,69.197,3397290
-117.554,45.934,68.560,3397311
-117.365,45.745,68.176,3397332
-117.148,45.592,67.837,3397353
-117.063,45.874,67.375,3397374
-117.140,46.218,66.779,3397395
-117.496,46.463,66.014,3397416
-117.620,46.385,65.395,3397437
-117.753,46.709,64.755,3397458
-118.126,46.691,63.974,3397479
-118.630,46.784,63.063,3397500
-118.814,46.641,62.378,3397521
-118.939,46.509,61.768,3397542
-119.306,46.297,60.985,3397563
-119.574,46.449,60.243,3397584
-120.128,46.520,59.278,3397605
-120.553,46.632,58.372,3397626
-120.994,46.701,57.475,3397647
-121.406,46.783,56.574,3397668
-121.548,46.814,55.888,3397689
-121.714,46.451,55.193,3397710
-122.013,46.111,54.385,3397731
-121.910,45.879,53.858,3397752
-122.001,45.514,53.189,3397773
-122.003,45.155,52.582,3397794
-122.231,45.229,51.786,3397815
-122.601,44.908,50.865,3397836
-122.826,44.968,50.032,3397857
-122.987,45.003,49.235,3397878
-123.138,44.605,48.426,3397899
-123.032,44.247,47.783,3397920
-122.958,43.829,47.125,3397941
-122.719,43.636,46.552,3397962
-122.434,43.539,46.022,3397983
-122.591,43.440,45.152,3398004
-122.646,43.540,44.338,3398025
-122.833,43.584,43.420,3398046
-122.857,43.760,42.608,3398067
-122.897,43.974,41.763,3398088
-123.095,44.071,40.798,3398109
-122.775,44.083,40.174,3398130
-122.546,44.002,39.468,3398151
-122.466,43.931,38.655,3398172
-122.112,44.009,38.024,3398193
-121.783,44.287,37.358,3398214
-121.586,44.653,36.635,3398235
-121.676,44.737,35.708,3398256
-121.658,45.097,34.841,3398277
-121.740,45.409,33.940,3398298
-122.216,45.956,33.232,3398319
-122.523,46.125,32.605,3398340
-122.729,46.204,32.037,3398361
-122.680,46.420,31.644,3398382
-122.602,46.459,31.245,3398403
-122.654,46.311,30.703,3398424
-122.686,46.508,30.177,3398445
-122.911,46.660,29.478,3398466
-123.051,46.805,28.809,3398487
-123.335,46.741,28.032,3398508
-123.549,46.466,27.279,3398529
-123.258,46.233,26.844,3398550
-123.250,45.710,26.196,3398571
-122.921,45.237,25.742,3398592
-122.830,44.608,25.065,3398613
-122.434,44.188,24.583,3398634
-122.500,43.921,23.724,3398655
-122.316,43.253,23.007,3398676
-122.369,42.772,22.116,3398697
-122.073,42.160,21.404,3398718
-121.665,41.802,20.743,3398739
-121.341,41.625,19.976,3398760
-121.049,41.517,19.145,3398781
-120.669,41.288,18.342,3398802
-120.757,41.240,17.196,3398823
-120.436,40.974,16.285,3398844
-120.504,41.075,15.113,3398865
-120.642,40.987,13.891,3398886
-120.413,41.083,12.897,3398907
-120.623,41.073,11.611,3398928
-120.792,40.986,10.380,3398949
-120.713,40.891,9.274,3398970
-120.615,40.935,8.172,3398991
-120.476,41.060,7.082,3399012
-120.413,41.407,5.948,3399033
-120.288,41.538,4.830,3399054
-120.605,41.924,3.425,3399075
-120.925,42.168,2.039,3399096
-121.233,42.357,0.624,3399117
-121.490,42.676,359.257,3399138
-121.649,42.671,357.966,3399159
-121.560,42.942,356.818,3399180
-121.416,42.839,355.719,3399201
-121.307,42.722,354.600,3399222
-121.062,42.678,353.580,3399243
-121.046,42.955,352.402,3399264
-121.260,43.026,351.106,3399285
-121.456,43.182,349.786,3399306
-121.631,43.155,348.481,3399327
-121.873,43.298,347.159,3399348
-121.628,43.288,346.147,3399369
-121.446,43.196,345.100,3399390
-121.185,43.278,344.116,3399411
-120.897,43.406,343.178,3399432
-121.083,43.659,341.900,3399453
-120.745,43.667,340.982,3399474
-120.843,43.734,339.779,3399495
-120.923,43.793,338.597,3399516
-120.980,43.837,337.444,3399537
-121.076,43.882,336.273,3399558
-121.177,44.199,335.115,3399579
-120.909,44.342,334.202,3399600
-119.850,44.659,334.110,3399621
-118.808,44.943,334.002,3399642
-117.828,45.213,333.814,3399663
-116.900,45.457,333.575,3399684
-116.119,45.807,333.240,3399705
-115.723,45.917,332.629,3399726
-115.367,45.939,331.986,3399747
-115.086,45.940,331.317,3399768
-114.923,46.004,330.550,3399789
-114.491,45.928,329.978,3399810
-114.131,46.096,329.319,3399831
-113.892,46.250,328.563,3399852
-113.771,46.420,327.710,3399873
-113.729,46.528,326.780,3399894
-114.190,46.412,325.459,3399915
-114.467,46.531,324.251,3399936
-114.965,46.271,322.894,3399957
-115.572,46.021,321.444,3399978
-116.157,45.724,320.025,3399999
-115.892,45.623,319.199,3400020
-115.736,45.597,318.273,3400041
-115.948,45.753,317.086,3400062
-116.267,45.860,315.796,3400083
-116.368,45.747,314.655,3400104
-116.713,45.423,313.334,3400125
-117.323,45.171,311.796,3400146
-117.654,44.832,310.435,3400167
-118.916,46.740,247.452,3401826
-119.036,46.629,246.616,3401847
-119.067,47.497,242.838,3401953
-119.317,47.576,241.892,3401974
-119.102,47.422,241.279,3401995
-119.093,47.197,240.518,3402016
-118.895,47.172,239.889,3402037
-118.767,46.960,239.208,3402058
-118.581,46.790,238.575,3402079
-118.646,46.948,237.773,3402100
-118.609,47.057,237.058,3402121
-118.862,47.088,236.140,3402142
-118.815,46.752,235.452,3402164
-118.697,46.470,234.832,3402185
-118.741,46.093,234.042,3402206
-118.725,46.101,233.289,3402227
-119.061,45.861,232.294,3402248
-119.126,45.944,231.496,3402269
-119.397,46.082,230.557,3402290
-119.379,45.830,229.839,3402311
-119.769,45.844,228.869,3402332
-120.159,45.812,227.898,3402353
-120.477,45.685,226.993,3402374
-120.310,45.642,226.438,3402395
-120.514,45.481,225.626,3402416
-120.453,45.242,225.002,3402437
-122.043,47.484,199.206,3403340
-122.187,47.283,198.613,3403361
-122.284,47.150,198.089,3403382
-122.275,46.698,197.614,3403403
-122.408,46.387,197.011,3403424
-122.414,45.984,196.485,3403445
-122.116,45.741,196.163,3403466
-121.821,45.631,195.822,3403487
-121.563,45.572,195.429,3403508
-121.331,45.512,195.004,3403529
-121.129,45.345,194.542,3403550
-121.374,45.527,193.750,3403571
-121.609,45.781,192.978,3403592
-121.858,46.092,192.161,3403613
-122.134,46.445,191.320,3403634
-121.944,46.529,190.810,3403655
-121.676,46.828,190.335,3403676
-121.841,47.019,189.537,3403697
-121.669,47.169,188.976,3403718
-121.528,47.610,188.356,3403739
-121.798,48.023,187.418,3403760
-122.064,48.413,186.482,3403781
-122.371,48.732,185.492,3403802
-122.659,49.017,184.506,3403823
-122.538,49.280,183.815,3403844
-122.316,49.364,183.154,3403865
-122.079,49.317,182.501,3403886
-122.245,49.215,181.496,3403907
-121.940,49.230,180.805,3403928
-121.611,49.193,180.112,3403949
-121.325,49.228,179.338,3403970
-121.521,49.149,178.203,3403991
-121.636,49.104,177.088,3404012
-121.749,48.918,175.964,3404033
-121.857,48.672,174.857,3404054
-121.440,48.312,174.131,3404075
-121.294,47.871,173.189,3404096
-121.025,47.767,172.342,3404117
-120.669,47.481,171.576,3404138
-120.643,47.479,170.584,3404159
-120.935,47.384,169.372,3404180
-121.211,47.138,168.185,3404201
-121.494,46.933,167.001,3404222
-121.740,46.711,165.832,3404243
-122.080,46.664,164.581,3404264
-121.950,46.470,163.705,3404285
-121.905,46.533,162.751,3404306
-121.837,46.575,161.809,3404327
-121.786,46.646,160.845,3404348
-121.714,46.716,159.926,3404369
-122.155,46.904,158.621,3404390
-122.606,47.131,157.301,3404411
-122.996,47.100,156.053,3404432
-123.462,47.083,154.721,3404453
-123.761,47.000,153.533,3404474
-123.793,47.110,152.531,3404495
-123.845,47.296,151.539,3404516
-124.179,47.251,150.342,3404537
-124.226,47.501,149.353,3404558
-124.299,47.794,148.364,3404579
-124.801,47.901,147.063,3404600
-125.246,47.972,145.820,3404621
-125.320,47.882,144.873,3404642
-125.698,47.925,143.746,3404663
-125.982,47.879,142.700,3404684
-125.844,48.005,141.999,3404705
-125.637,48.036,141.361,3404726
-125.393,48.073,140.771,3404747
-125.130,48.159,140.186,3404768
-125.282,48.003,139.315,3404789
-125.418,47.966,138.447,3404810
-125.527,47.862,137.590,3404831
-125.571,47.666,136.795,3404852
-125.523,47.382,136.090,3404873
-125.272,47.048,135.535,3404894
-125.114,47.142,134.918,3404915
-125.071,47.232,134.221,3404936
-124.722,47.237,133.759,3404957
-124.340,47.213,133.356,3404978
-123.925,47.025,132.959,3404999
-124.023,47.055,132.222,3405021
-123.715,46.751,131.803,3405042
-123.684,46.484,131.201,3405063
-123.410,46.504,130.782,3405084
-123.094,46.349,130.415,3405105
-123.269,46.431,129.698,3405126
-123.316,46.590,129.106,3405147
-123.084,46.444,128.686,3405168
-122.873,46.478,128.262,3405189
-123.125,46.558,127.513,3405210
-123.283,47.614,125.744,3406932
-122.993,47.436,125.875,3406953
-122.854,47.257,125.877,3406974
-122.434,47.332,126.174,3406995
-122.082,47.436,126.406,3407016
-121.731,47.518,126.644,3407037
-121.447,47.553,126.819,3407058
-121.342,47.665,126.849,3407079
-121.447,47.434,126.731,3407100
-121.640,47.308,126.523,3407121
-121.826,47.145,126.312,3407142
-121.822,46.825,126.215,3407163
-122.054,46.623,125.918,3407184
-122.325,46.494,125.566,3407205
-122.148,46.343,125.529,3407226
-122.061,46.305,125.415,3407247
-122.139,46.358,125.162,3407268
-121.975,46.221,125.095,3407289
-121.867,46.116,124.971,3407310
-122.171,45.959,124.548,3407331
-122.471,45.816,124.104,3407352
-122.869,45.848,123.619,3407373
-122.912,45.669,123.373,3407394
-123.329,45.639,123.088,3407415
-123.439,45.869,122.996,3407436
-123.693,46.215,122.793,3407457
-123.942,46.544,122.592,3407478
-124.175,46.867,122.382,3407499
-124.400,47.190,122.191,3407520
-124.646,47.121,121.936,3407541
-124.897,47.073,121.661,3407562
-124.768,47.238,121.667,3407583
-124.961,47.210,121.416,3407604
-124.665,47.143,121.510,3407625
-124.375,47.256,121.577,3407646
-124.217,47.472,121.506,3407667
-123.938,47.629,121.521,3407688
-123.558,47.573,121.601,3407709
-123.474,47.745,121.462,3407730
-123.065,47.575,121.710,3407751
-123.109,47.445,121.601,3407772
-123.023,47.201,121.581,3407793
-122.762,46.891,121.672,3407814
-122.636,46.653,121.649,3407835
-122.171,46.629,121.865,3407856
-121.839,46.704,121.986,3407877
-121.435,46.726,122.156,3407898
-121.045,46.743,122.307,3407919
-121.107,46.725,122.099,3407940
-121.128,46.550,121.914,3407961
-121.185,46.398,121.666,3407982
-121.105,46.176,121.548,3408003
-120.926,45.962,121.495,3408024
-120.752,46.068,121.510,3408045
-120.647,46.251,121.492,3408066
-120.487,46.366,121.493,3408087
-120.274,46.509,121.554,3408108
-120.146,46.689,121.535,3408129
-120.461,46.855,121.214,3408150
-120.715,46.796,120.921,3408171
-121.036,46.791,120.583,3408192
-121.072,46.681,120.430,3408213
-121.313,46.601,120.115,3408234
-121.513,46.505,119.828,3408255
-121.628,46.767,119.588,3408276
-121.875,47.085,119.240,3408297
-122.403,47.246,118.712,3408318
-122.700,47.542,118.347,3408339
-122.651,47.673,118.209,3408360
-122.959,47.574,117.781,3408381
-123.295,47.518,117.332,3408402
-123.420,47.332,117.037,3408423
-123.311,47.060,116.919,3408444
-123.248,47.236,116.776,3408465
-123.073,47.341,116.731,3408486
-122.703,47.265,116.792,3408507
-122.501,47.365,116.754,3408528
-122.226,47.390,116.798,3408549
-122.119,47.435,116.695,3408570
-121.789,47.027,116.763,3408591
-121.752,46.671,116.604,3408612
-121.719,46.316,116.463,3408633
-121.701,45.996,116.295,3408654
-121.658,45.705,116.137,3408675
-121.270,45.679,116.240,3408696
-120.991,45.705,116.263,3408717
-120.677,45.712,116.294,3408738
-120.472,45.796,116.246,3408759
-120.122,45.782,116.320,3408780
-120.126,45.544,116.124,3408801
-120.047,45.311,116.011,3408822
-120.048,45.110,115.835,3408843
-120.014,44.901,115.689,3408864
-119.778,44.859,115.687,3408885
-119.902,45.170,115.398,3408906
-119.812,45.390,115.241,3408927
-119.831,45.692,115.038,3408948
-120.221,45.915,114.542,3408969
-120.588,46.204,114.060,3408990
-121.062,46.311,113.510,3409011
-121.284,46.209,113.116,3409032
-121.620,46.182,112.677,3409053
-121.580,46.251,112.487,3409074
-121.980,46.548,111.980,3409095
-121.985,46.721,111.754,3409116
-121.953,46.767,111.533,3409137
-121.960,46.904,111.281,3409158
-122.000,47.086,111.004,3409179
-122.266,46.944,110.543,3409200
-122.440,46.813,110.151,3409221
-122.703,46.756,109.666,3409242
-122.958,46.695,109.179,3409263
-123.041,46.528,108.823,3409284
-123.186,46.412,108.413,3409305
-123.246,46.620,108.052,3409326
-122.950,46.724,107.950,3409347
-122.629,46.803,107.835,3409368
-122.583,46.982,107.512,3409389
-122.375,47.153,107.298,3409410
-121.998,46.915,107.190,3409431
-121.993,46.703,106.809,3409452
-121.577,46.448,106.729,3409473
-121.471,46.184,106.419,3409494
-121.416,45.908,106.071,3409515
-121.300,46.032,105.757,3409536
-121.134,46.168,105.468,3409557
-120.992,46.296,105.141,3409578
-120.790,46.432,104.893,3409599
-120.888,46.349,104.415,3409620
-120.859,46.138,104.026,3409641
-120.608,45.869,103.814,3409662
-120.633,45.734,103.387,3409683
-120.522,45.520,103.062,3409704
-120.161,45.379,102.897,3409725
-119.809,45.437,102.722,3409746
-119.747,45.708,102.315,3409767
-119.722,45.976,101.887,3409788
-119.518,46.115,101.598,3409809
-119.619,46.342,101.079,3409830
-119.849,46.219,100.461,3409851
-119.968,46.000,99.894,3409872
-120.232,45.974,99.262,3409893
-120.302,45.755,98.757,3409914
-120.176,45.861,98.413,3409935
-120.295,46.108,97.885,3409956
-120.358,46.357,97.406,3409977
-120.582,46.265,96.782,3409998
-120.580,46.496,96.365,3410019
-120.595,46.706,95.933,3410040
-120.450,46.676,95.620,3410061
-120.643,46.529,95.066,3410082
-120.651,46.358,94.623,3410103
-120.478,46.336,94.346,3410124
-120.319,46.279,94.054,3410145
-120.473,46.495,93.535,3410166
-120.777,46.474,92.899,3410187
-120.999,46.635,92.325,3410208
-121.220,46.780,91.747,3410229
-121.385,46.951,91.231,3410250
-121.609,46.810,90.641,3410271
-121.616,46.577,90.247,3410292
-121.303,46.441,90.070,3410313
-121.156,46.206,89.777,3410334
-121.277,46.367,89.316,3410355
-121.449,46.320,88.825,3410376
-121.536,46.194,88.389,3410397
-121.199,46.041,88.257,3410418
-120.882,46.132,88.104,3410439
-120.700,46.309,87.860,3410460
-120.704,46.137,87.483,3410481
-120.436,46.020,87.191,3410502
-120.200,45.694,86.896,3410523
-120.330,45.375,86.340,3410544
-120.310,45.021,85.919,3410565
-120.167,45.042,85.583,3410586
-120.195,45.163,85.135,3410607
-120.050,45.221,84.824,3410628
-119.870,45.230,84.531,3410649
-119.812,45.374,84.150,3410670
-119.982,45.197,83.639,3410691
-120.075,44.996,83.182,3410712
-119.930,45.087,82.876,3410733
-120.139,45.006,82.338,3410754
-120.229,44.881,81.882,3410775
-120.536,45.132,81.271,3410796
-120.799,45.136,80.660,3410817
-121.085,45.167,80.013,3410838
-121.221,45.535,79.443,3410859
-121.245,45.874,78.947,3410880
-121.150,46.045,78.516,3410901
-121.510,46.152,77.777,3410922
-121.865,46.181,77.024,3410943
-122.292,46.480,76.236,3410964
-122.214,46.616,75.799,3410985
-122.184,46.837,75.340,3411006
-122.179,47.093,74.865,3411027
-122.283,47.381,74.297,3411048
-122.129,47.357,73.914,3411069
-122.450,47.339,73.207,3411090
-122.570,47.094,72.629,3411111
-122.716,47.262,72.050,3411132
-122.720,46.994,71.563,3411153
-122.717,46.649,71.123,3411174
-122.744,46.299,70.648,3411195
-122.894,46.290,70.065,3411216
-123.001,46.279,69.501,3411237
-122.737,45.875,69.187,3411258
-122.696,45.815,68.713,3411279
-122.552,45.679,68.271,3411300
-122.639,45.224,67.664,3411321
-122.822,44.827,66.998,3411342
-122.634,44.401,66.572,3411363
-122.401,44.137,66.161,3411384
-122.151,43.800,65.773,3411405
-121.907,43.703,65.368,3411426
-121.727,43.691,64.934,3411447
-121.867,43.700,64.312,3411468
-121.848,43.856,63.793,3411489
-121.986,43.940,63.147,3411510
-122.052,44.143,62.577,3411531
-122.078,44.087,62.041,3411552
-122.141,44.063,61.465,3411573
-121.873,44.022,61.120,3411594
-121.601,44.332,60.768,3411615
-121.740,44.484,60.112,3411636
-121.766,44.913,59.545,3411657
-121.931,45.011,58.848,3411678
-121.779,45.412,58.388,3411699
-121.883,45.882,57.759,3411720
-121.825,45.911,57.272,3411741
-121.712,46.138,56.844,3411762
-121.713,46.126,56.327,3411783
-121.640,46.093,55.895,3411804
-121.448,46.108,55.514,3411825
-121.660,46.400,54.847,3411846
-121.980,46.516,54.069,3411867
-122.263,46.608,53.310,3411888
-122.438,46.751,52.634,3411909
-122.685,46.503,51.904,3411930
-123.055,46.388,51.089,3411951
-123.429,46.202,50.279,3411972
-123.317,45.901,49.792,3411993
-123.464,45.537,49.128,3412014
-123.298,45.345,48.693,3412035
-123.147,45.205,48.210,3412056
-123.433,45.211,47.418,3412077
-123.327,44.873,46.912,3412098
-123.369,44.965,46.308,3412119
-123.504,45.027,45.648,3412140
-123.360,45.108,45.175,3412161
-123.025,44.898,44.852,3412182
-122.773,44.596,44.479,3412203
