-145.919,-42.546,161.890,169367041
-145.839,-42.084,162.913,169388039
-145.739,-41.618,163.969,169409035
-146.084,-41.280,165.357,169430037
-146.347,-40.826,166.711,169451039
-146.693,-40.546,168.194,169472035
-146.765,-39.856,169.369,169493038
-146.864,-38.513,169.780,169514036
-146.804,-37.416,169.946,169535039
-146.641,-36.393,170.148,169556039
-146.394,-35.420,170.367,169577039
-146.095,-34.544,170.634,169598035
-145.950,-33.574,171.040,169619035
-145.986,-32.804,171.631,169640035
-145.997,-32.136,172.258,169661035
-145.967,-31.555,172.931,169682043
-145.631,-31.313,173.513,169703039
-145.265,-31.022,174.122,169724042
-144.934,-30.956,174.796,169745035
-144.589,-30.910,175.518,169766039
-144.237,-30.639,176.277,169787035
-143.830,-30.448,177.054,169808035
-143.777,-30.209,178.067,169829035
-143.715,-30.041,179.161,169850035
-143.661,-29.979,180.343,169871035
-143.696,-30.129,181.702,169892040
-143.392,-30.550,183.051,169913035
-143.463,-31.382,184.786,169934035
-143.439,-32.465,186.718,169955039
-143.391,-33.764,188.862,169976035
-143.362,-35.208,191.227,169997038
-143.595,-36.964,193.951,170018039
-144.101,-38.524,197.007,170039037
-144.639,-40.023,200.258,170060039
-145.333,-41.546,203.754,170081038
-146.000,-42.911,207.350,170102035
-146.675,-44.453,211.018,170124035
-147.536,-45.779,214.867,170145035
-148.485,-46.920,218.827,170166035
-149.470,-47.776,222.838,170187035
-150.428,-48.391,226.764,170208039
-151.135,-48.680,230.506,170229035
-151.285,-48.795,233.825,170250035
-151.190,-48.893,236.916,170271039
-151.532,-48.862,240.261,170292035
-151.253,-48.814,243.089,170313035
-150.845,-48.592,245.792,170334040
-150.526,-48.245,248.508,170355035
-149.799,-47.741,250.888,170376035
-149.004,-47.131,253.194,170397035
-148.285,-46.432,255.564,170418035
-146.857,-45.522,257.560,170439035
-145.111,-44.770,259.491,170460035
-143.042,-44.073,261.411,170481035
-142.229,-43.666,264.668,170502039
-140.201,-42.883,271.206,170544040
-138.608,-42.392,274.112,170565041
-137.001,-41.949,277.112,170586035
-133.761,-41.766,277.883,170607035
-130.890,-41.265,278.993,170628035
-128.445,-40.721,280.440,170649035
-126.709,-40.042,282.409,170670035
-125.697,-39.266,284.875,170691035
-125.310,-38.413,287.809,170712035
-125.638,-37.503,291.263,170733039
-126.548,-36.549,295.101,170754035
-127.803,-35.432,299.162,170775039
-129.485,-34.331,303.569,170796035
-131.333,-32.967,308.083,170817035
-132.554,-31.734,312.305,170838040
-133.926,-30.536,316.636,170859035
-135.391,-29.397,320.974,170880035
-136.872,-28.239,325.222,170901040
-138.324,-27.103,329.346,170922035
-139.918,-26.010,333.356,170943035
-141.353,-25.064,337.088,170964035
-142.725,-24.394,340.609,170985035
-144.112,-24.035,343.950,171006041
-145.420,-23.926,347.142,171027040
-146.325,-24.136,350.078,171048043
-147.522,-24.836,353.075,171069040
-148.599,-25.757,355.957,171090039
-149.733,-26.825,358.797,171111039
-150.845,-27.707,1.566,171132035
-151.704,-28.771,4.188,171153037
-152.585,-29.618,6.640,171174035
-153.243,-29.410,8.926,171195035
-153.844,-29.455,11.283,171216037
-154.446,-29.744,13.767,171237035
-155.282,-30.379,16.490,171258035
-155.995,-30.645,19.299,171279035
-156.928,-31.441,22.318,171300035
-157.985,-32.446,25.530,171321035
-159.098,-33.571,28.867,171342035
-160.411,-34.731,32.375,171363039
-161.701,-35.997,35.991,171384035
-163.143,-37.244,39.826,171405043
-164.705,-38.377,43.826,171426035
-166.055,-39.586,47.709,171447035
-167.380,-40.722,51.585,171468042
-168.639,-41.751,55.397,171489035
-169.654,-42.714,59.031,171510035
-170.523,-43.548,62.539,171531040
-170.850,-44.201,65.628,171552039
-170.890,-44.530,68.489,171573039
-170.551,-44.830,71.052,171594037
-169.917,-45.027,73.384,171615041
-168.937,-45.126,75.468,171636039
-167.612,-45.122,77.306,171657039
-165.938,-45.108,78.906,171678039
-164.289,-44.734,80.524,171699035
-161.948,-44.485,81.708,171720038
-159.337,-44.161,82.812,171741035
-156.522,-43.599,83.875,171762040
-153.468,-42.980,84.879,171783035
-150.293,-42.445,85.869,171804035
-147.022,-41.746,86.874,171825035
-143.768,-40.942,87.931,171846039
-140.609,-40.135,89.051,171867035
-137.770,-39.233,90.339,171888042
-135.348,-38.332,91.847,171909035
-133.171,-37.457,93.459,171930035
-130.963,-36.635,95.000,171951035
-129.202,-35.778,96.760,171972040
-127.617,-35.203,98.549,171993035
-126.387,-34.742,100.473,172014035
-125.530,-34.422,102.516,172035042
-124.993,-34.067,104.642,172056040
-125.164,-34.005,107.095,172077040
-126.712,-33.342,112.669,172119039
-127.958,-32.881,115.788,172140035
-129.292,-32.147,119.034,172161035
-130.665,-31.237,122.447,172182035
-132.096,-30.204,126.015,172203035
-133.115,-29.402,129.885,172224035
-133.947,-28.520,133.773,172245035
-135.061,-27.285,137.905,172266035
-136.353,-25.963,142.154,172287035
-137.524,-24.531,146.361,172308039
-138.736,-23.177,150.581,172329035
-139.931,-21.940,154.759,172350035
-141.089,-20.845,158.858,172371038
-142.058,-20.015,162.862,172392035
-143.088,-19.952,166.855,172413041
-144.082,-20.235,170.818,172434035
-144.936,-20.922,174.742,172455035
-145.630,-21.959,178.685,172476035
-146.513,-23.417,182.745,172497035
-147.002,-25.063,186.686,172518035
-147.460,-26.954,190.694,172539035
-147.949,-29.270,194.714,172560037
-148.753,-31.861,198.951,172581035
-149.467,-34.124,203.173,172602035
-150.652,-36.549,207.651,172623035
-152.002,-38.865,212.196,172644039
-153.434,-40.876,216.773,172665035
-154.827,-42.574,221.233,172686035
-156.251,-44.038,225.686,172707035
-157.419,-45.120,229.883,172728035
-158.319,-45.931,233.742,172749035
-159.122,-46.884,237.458,172770035
-159.637,-47.607,240.870,172791035
-160.010,-48.151,244.182,172812035
-160.126,-48.528,247.254,172833035
-159.820,-48.847,250.043,172854039
-159.069,-49.160,252.685,172875043
-157.927,-49.413,255.203,172896039
-156.426,-49.626,257.617,172917035
-154.470,-49.771,259.866,172938035
-152.282,-49.821,262.128,172959035
-150.042,-49.803,264.614,172980038
-145.187,-49.968,263.153,173001039
-140.322,-49.908,261.827,173022037
-135.720,-49.658,260.798,173043035
-131.445,-49.184,260.057,173064043
-127.572,-48.579,259.631,173085037
-124.260,-47.885,259.668,173107035
-121.516,-47.148,260.124,173128035
-119.414,-46.369,261.052,173149035
-117.875,-45.528,262.375,173170035
-116.923,-44.639,264.076,173191035
-116.398,-43.782,266.043,173212035
-116.355,-42.925,268.298,173233035
-117.074,-42.082,271.028,173254035
-118.148,-41.238,273.987,173275035
-119.381,-40.334,276.980,173296035
-120.897,-39.411,280.110,173317037
-122.589,-38.575,283.304,173338035
-124.509,-37.717,286.570,173359035
-126.909,-36.702,290.074,173380043
-129.349,-35.630,293.497,173401035
-132.078,-34.639,297.031,173422035
-134.862,-33.538,300.530,173443035
-137.655,-32.443,303.943,173464035
-140.416,-31.304,307.278,173485043
-143.075,-30.199,310.480,173506035
-145.627,-29.233,313.589,173527035
-147.962,-28.268,316.539,173548037
-149.836,-27.785,319.216,173569035
-151.492,-27.471,321.759,173590035
-152.865,-26.957,324.161,173611041
-154.137,-26.602,326.538,173632035
-155.309,-26.527,328.862,173653035
-156.237,-26.598,331.041,173674038
-156.981,-26.965,333.176,173695039
-157.514,-27.680,335.192,173716039
-157.839,-28.546,337.090,173737035
-157.861,-29.622,338.807,173758035
-157.837,-30.787,340.480,173779035
-157.779,-32.026,342.097,173800042
-157.404,-33.427,343.551,173821035
-156.796,-34.862,344.860,173842039
-155.990,-36.224,346.069,173863040
-155.117,-37.718,347.207,173884035
-154.069,-39.056,348.247,173905043
-152.948,-40.427,349.250,173926038
-151.797,-41.783,350.243,173947035
-150.449,-42.764,351.069,173968038
-149.016,-43.742,351.824,173989037
-147.511,-44.443,352.491,174010042
-145.980,-44.937,353.156,174031037
-144.715,-45.565,353.927,174052035
-143.261,-45.599,354.617,174073035
-141.958,-45.471,355.409,174094037
-140.918,-45.522,356.371,174115035
-139.952,-45.401,357.373,174136040
-139.049,-45.143,358.411,174157035
-138.267,-44.490,359.550,174178035
-137.665,-43.812,0.788,174199039
-136.924,-42.858,1.927,174220039
-136.276,-41.806,3.140,174241039
-135.785,-40.751,4.463,174262035
-135.109,-39.697,5.667,174283035
-134.650,-38.544,7.024,174304039
-134.312,-37.806,8.432,174325035
-133.916,-37.020,9.840,174346035
-133.893,-35.982,11.449,174367035
-133.619,-35.209,12.962,174388035
-133.485,-34.326,14.541,174409040
-133.723,-33.572,16.408,174430035
-133.668,-33.040,18.142,174451038
-133.709,-32.699,20.010,174472035
-134.162,-32.389,22.147,174493035
-134.755,-32.290,24.369,174514038
-135.054,-32.343,26.467,174535035
-135.425,-32.169,28.547,174556035
-136.127,-32.403,30.825,174577035
-137.059,-32.376,33.259,174598035
-138.034,-32.492,35.716,174619035
-138.940,-32.719,38.094,174640040
-139.421,-33.036,40.377,174661035
-139.611,-33.643,42.781,174682035
-139.157,-34.508,45.210,174703039
-138.084,-35.605,47.503,174724039
-136.646,-36.821,49.724,174745038
-134.984,-38.157,51.940,174766035
-133.268,-39.493,54.233,174787035
-131.562,-40.820,56.605,174808039
-129.953,-41.882,59.242,174829035
-128.587,-42.715,62.173,174850035
-127.688,-43.379,65.732,174871038
-127.219,-43.726,69.834,174892035
-127.111,-43.617,74.408,174913038
-127.251,-43.228,79.252,174934041
-127.584,-42.404,84.236,174955035
-127.914,-41.456,89.225,174976035
-128.311,-40.295,94.217,174997039
-128.895,-38.939,99.300,175018035
-129.580,-37.446,104.359,175039035
-130.498,-35.905,109.479,175060035
-131.349,-34.335,114.378,175081035
-132.223,-32.831,119.072,175102040
-133.083,-31.412,123.606,175123042
-134.022,-30.150,128.023,175144035
-134.906,-29.052,132.262,175165035
-135.590,-28.165,136.259,175186035
-136.159,-27.481,139.983,175207038
-136.727,-26.983,143.478,175228042
-137.108,-26.831,146.657,175249043
-137.745,-26.826,149.840,175270035
-138.347,-26.997,153.020,175291035
-139.279,-27.455,156.468,175312035
-140.589,-28.250,160.219,175333040
-142.022,-29.259,164.150,175354037
-143.563,-30.531,168.237,175375039
-145.161,-32.057,172.509,175396039
-146.801,-33.672,176.931,175417041
-148.455,-35.255,181.406,175438035
-150.131,-36.868,185.907,175459035
-151.696,-38.430,190.346,175480035
-153.034,-39.832,194.709,175501035
-154.192,-41.116,198.968,175522039
-155.152,-42.322,203.061,175543040
-155.830,-43.392,206.943,175564035
-156.336,-44.324,210.690,175585038
-156.650,-45.104,214.267,175606035
-156.643,-45.728,217.573,175627035
-157.030,-45.190,215.816,175648039
-157.214,-44.538,214.743,175669036
-157.485,-43.904,214.087,175690035
-157.245,-43.282,213.350,175711040
-157.281,-42.481,213.009,175732035
-157.226,-41.549,212.774,175753035
-157.123,-40.465,212.602,175774041
-156.990,-39.654,212.443,175795035
-156.621,-38.344,212.245,175816042
-156.066,-37.285,212.013,175837038
-155.432,-36.231,211.782,175858035
-154.656,-35.175,211.565,175879038
-153.684,-34.092,211.209,175900035
-152.591,-33.008,210.766,175921035
-151.346,-31.913,210.280,175942039
-149.976,-30.848,209.706,175963035
-148.483,-29.944,209.120,175984035
-146.854,-29.088,208.495,176005039
-146.795,-28.472,208.359,176026035
-147.336,-28.011,208.399,176047039
-147.634,-27.646,208.432,176068035
-147.685,-27.376,208.422,176089035
-147.229,-27.251,208.226,176110035
-146.918,-27.203,208.164,176131035
-146.301,-27.241,207.999,176152035
-145.476,-27.602,207.782,176173040
-144.643,-28.225,207.633,176194035
-143.637,-28.641,207.477,176215035
-142.741,-29.536,207.440,176236035
-141.964,-30.382,207.534,176257035
-140.704,-31.213,207.465,176278035
-139.450,-32.225,207.432,176299039
-138.568,-33.467,207.616,176320035
-137.851,-34.559,207.936,176341035
-136.792,-35.844,208.054,176362039
-136.185,-36.957,208.446,176383035
-135.635,-38.017,208.889,176404035
-134.956,-39.012,209.242,176425035
-134.577,-39.970,209.758,176446035
-134.222,-40.765,210.282,176467039
-133.828,-41.800,210.792,176488035
-133.779,-42.684,211.516,176509040
-133.684,-43.379,212.229,176530035
-134.009,-43.729,213.256,176551039
-134.107,-44.075,214.149,176572035
-134.300,-44.263,215.150,176593035
-134.937,-44.353,216.494,176614041
-135.338,-44.092,217.680,176635035
-136.210,-43.934,219.179,176656038
-137.068,-43.239,220.701,176677042
-138.112,-42.447,222.364,176698035
-139.189,-41.629,224.051,176719035
-140.323,-40.897,225.825,176740035
-141.008,-39.912,227.322,176761039
-141.880,-38.936,228.948,176782039
-142.461,-37.855,230.368,176803041
-142.973,-36.776,231.740,176824039
-143.257,-35.745,232.983,176845035
-143.518,-34.657,234.225,176866041
-143.971,-33.648,235.516,176887035
-144.415,-32.725,236.818,176908035
-144.807,-31.910,238.118,176929040
-145.080,-31.280,239.333,176950035
-145.276,-30.406,240.508,176971035
-145.047,-29.826,241.478,176992035
-144.764,-29.345,242.414,177013035
-144.482,-29.099,243.326,177034035
-144.110,-28.654,244.156,177055051
-143.551,-28.515,244.870,177076035
-142.909,-28.437,245.520,177097035
-142.468,-28.789,246.270,177118038
-142.179,-29.090,247.063,177139035
-141.871,-29.456,247.813,177160044
-141.558,-30.048,248.589,177181039
-141.261,-30.471,249.338,177202039
-140.905,-30.851,250.051,177223039
-140.384,-31.576,250.664,177244038
-140.353,-32.238,251.525,177265040
-139.953,-32.873,252.202,177286037
-139.635,-33.479,252.976,177307040
-139.753,-34.383,253.981,177328035
-139.991,-35.012,255.061,177349035
-140.317,-35.853,256.208,177370035
-140.524,-36.757,257.320,177391035
-140.746,-37.585,258.499,177412035
-140.781,-38.185,259.596,177433035
-140.946,-38.794,260.812,177454035
-141.272,-39.490,262.208,177475035
-141.523,-40.096,263.566,177496037
-142.058,-40.720,265.182,177517035
-142.837,-41.150,266.989,177538035
-143.666,-41.576,268.921,177559035
-144.568,-41.637,270.945,177580035
-145.526,-41.790,273.097,177601038
-146.521,-41.504,275.383,177622035
-147.303,-41.026,277.626,177643035
-148.056,-40.448,279.883,177664035
-148.768,-39.942,282.201,177685037
-149.507,-39.185,284.571,177706039
-150.373,-38.249,287.039,177727039
-151.350,-37.318,289.629,177748039
-151.891,-36.287,291.985,177769041
-152.346,-35.283,294.348,177790037
-152.870,-34.717,296.750,177811035
-153.008,-33.791,298.923,177832035
-152.832,-33.145,300.911,177853035
-152.529,-32.763,302.762,177874035
-152.178,-32.612,304.612,177895043
-151.513,-32.415,306.301,177916035
-150.771,-32.411,307.910,177937035
-150.253,-32.307,309.614,177958035
-149.627,-32.371,311.223,177979035
-148.870,-32.487,312.705,178000041
-148.295,-32.812,314.286,178021035
-147.304,-33.329,315.643,178042035
-146.774,-32.378,316.190,178063035
-146.463,-31.772,316.917,178084035
-145.918,-31.226,317.521,178105040
-145.113,-31.162,317.994,178126035
-144.744,-31.254,318.758,178147035
-144.182,-31.210,319.499,178168037
-143.604,-31.344,320.274,178189040
-143.187,-31.429,320.951,178210038
-142.846,-31.669,321.762,178231040
-142.370,-31.703,322.550,178252039
-142.006,-32.238,323.442,178273040
-141.731,-32.873,324.434,178294038
-141.595,-33.383,325.580,178315039
-141.456,-33.931,326.798,178336035
-141.327,-34.595,328.090,178357035
-141.513,-34.927,329.650,178378035
-141.671,-35.304,331.249,178399035
-141.991,-35.792,333.047,178420039
-142.649,-36.532,335.207,178441035
-143.500,-37.512,337.624,178462035
-144.498,-38.616,340.288,178483035
-145.930,-39.696,343.441,178504035
-147.615,-40.822,346.989,178525035
-149.631,-41.935,350.949,178546035
-151.859,-43.045,355.213,178567037
-154.378,-43.838,359.837,178588035
-156.535,-44.412,4.309,178609035
-158.629,-44.911,8.813,178630042
-161.065,-45.346,13.600,178651038
-162.920,-45.758,17.961,178672035
-164.458,-45.958,22.036,178693040
-166.043,-46.081,26.093,178714037
-166.801,-45.945,29.535,178735043
-167.098,-45.523,32.567,178756035
-167.088,-44.971,35.342,178777039
-166.436,-44.422,37.680,178798037
-165.313,-43.839,39.751,178819039
-163.799,-43.138,41.680,178840035
-161.731,-42.379,43.350,178861035
-159.074,-41.571,44.814,178882035
-156.300,-40.803,46.336,178903039
-153.018,-40.017,47.669,178924043
-149.252,-39.266,48.816,178945035
-145.243,-38.618,49.886,178966038
-141.176,-38.010,50.983,178987035
-136.166,-37.161,50.213,179008035
-131.301,-36.435,49.653,179029043
-126.945,-35.588,49.465,179051035
-123.146,-34.682,49.628,179072035
-119.922,-33.897,50.141,179093035
-117.340,-33.326,51.038,179114035
-115.484,-32.940,52.334,179135035
-113.972,-32.565,53.807,179156036
-112.987,-32.385,55.493,179177035
-112.479,-32.320,57.446,179198035
-112.476,-32.294,59.728,179219038
-113.015,-32.074,62.414,179240039
-111.605,-32.305,63.870,179261039
-110.803,-32.488,65.966,179282035
-110.687,-32.192,68.700,179303038
-110.420,-32.095,71.509,179324035
-110.089,-31.952,74.432,179345035
-109.469,-31.813,74.969,179366040
-108.878,-31.682,75.951,179387040
-108.793,-31.422,77.510,179408035
-109.159,-31.102,79.569,179429040
-109.903,-30.675,82.020,179450039
-111.033,-30.318,84.751,179471035
-112.652,-29.643,87.762,179492035
-114.487,-28.852,90.945,179513035
-116.514,-28.015,94.215,179534035
-118.706,-27.137,97.541,179555035
-121.097,-26.299,100.946,179576035
-123.627,-25.493,104.321,179597035
-126.299,-24.867,107.698,179618035
-129.028,-24.413,111.009,179639035
-131.881,-24.044,114.368,179660040
-134.794,-23.614,117.703,179681044
-137.626,-23.232,120.979,179702037
-140.421,-23.060,124.206,179723039
-143.040,-23.064,127.413,179744041
-145.516,-23.362,130.632,179765038
-147.838,-23.912,133.816,179786038
-149.750,-24.884,136.874,179807039
-151.501,-26.215,139.993,179828044
-153.241,-27.773,143.221,179849035
-154.737,-29.464,146.408,179870035
-156.529,-31.110,149.799,179891035
-158.115,-32.820,153.204,179912035
-159.518,-34.694,156.613,179933039
-161.104,-36.574,160.232,179954039
-162.354,-38.683,163.740,179975042
-163.714,-40.873,167.342,179996035
-165.174,-42.929,170.978,180017039
-166.622,-44.758,174.617,180038039
-167.860,-46.362,178.124,180059039
-169.090,-47.628,181.608,180080039
-169.837,-48.504,184.693,180101035
-170.449,-49.494,187.695,180122039
-170.203,-50.115,190.038,180143035
-169.641,-50.630,192.063,180164035
-169.115,-50.860,194.081,180185043
-168.117,-51.237,195.675,180206040
-167.421,-51.458,197.399,180227039
-166.110,-51.186,198.579,180248038
-164.309,-50.876,199.285,180269038
-162.471,-50.297,199.901,180290040
-160.488,-49.532,200.344,180311039
-158.152,-48.832,200.455,180332035
-155.664,-47.983,200.413,180353035
-153.134,-46.953,200.335,180374039
-150.537,-46.052,200.215,180395035
-147.851,-45.080,200.048,180416035
-145.327,-43.805,199.936,180437036
-143.021,-42.501,199.987,180458035
-140.962,-41.239,200.141,180479037
-138.567,-39.831,200.044,180500039
-136.345,-38.422,200.053,180521035
-134.295,-37.094,200.231,180542040
-132.404,-35.890,200.535,180563040
-130.752,-34.717,201.044,180584039
-129.237,-33.916,201.655,180605038
-128.315,-33.242,202.637,180626035
-127.458,-32.774,203.676,180647035
-126.867,-32.259,204.883,180668039
-126.293,-31.989,206.146,180689039
-125.181,-31.129,208.685,180731039
-124.887,-30.949,210.087,180752039
-124.693,-31.054,211.568,180773035
-124.651,-31.275,213.127,180794040
-125.066,-31.472,214.902,180815035
-125.771,-32.075,216.835,180836035
-126.609,-32.727,218.885,180857042
-127.499,-33.384,220.984,180878035
-128.465,-34.331,223.199,180899035
-129.501,-35.039,225.517,180920035
-130.212,-35.918,227.622,180941035
-131.099,-36.949,229.840,180962035
-132.134,-37.989,232.177,180983035
-133.243,-38.903,234.626,181004035
-134.919,-39.839,237.446,181025035
-136.771,-40.555,240.486,181046038
-138.675,-41.086,243.630,181067039
-140.649,-41.486,246.857,181088039
-142.759,-41.778,250.259,181109039
-144.825,-41.793,253.705,181130039
-146.909,-41.904,257.220,181151038
-148.859,-41.856,260.713,181172039
-150.831,-41.635,264.316,181193035
-152.691,-40.895,267.858,181214035
-154.486,-40.082,271.397,181235047
-156.000,-39.054,274.762,181256037
-157.170,-37.977,277.911,181277040
-158.111,-36.902,280.832,181298037
-158.697,-35.865,283.489,181319039
-158.875,-34.922,285.925,181340037
-158.622,-34.287,288.010,181361035
-158.397,-34.023,290.076,181382035
-157.869,-33.876,291.933,181403035
-157.028,-33.779,293.558,181424035
-156.139,-33.647,295.094,181445035
-155.383,-33.664,296.660,181466039
-154.231,-33.742,298.004,181487035
-153.507,-32.663,297.986,181508035
-152.490,-32.125,297.934,181529035
-151.470,-31.478,297.960,181550035
-150.366,-31.038,298.035,181571038
-149.371,-31.186,298.261,181592036
-148.287,-31.492,298.470,181613039
-147.252,-31.280,298.360,181634049
-146.179,-30.897,298.318,181655039
-145.070,-30.738,298.335,181676040
-144.204,-30.720,298.367,181697040
-143.414,-30.463,298.469,181718036
-142.677,-30.596,298.571,181739040
-141.255,-30.768,298.862,181781039
-140.680,-31.105,299.070,181802035
-140.242,-31.502,299.307,181823035
-139.608,-31.657,299.416,181844035
-139.500,-32.053,299.826,181865041
-139.472,-32.232,300.318,181886041
-139.204,-32.316,300.690,181907035
-139.060,-32.384,301.209,181928043
-138.920,-32.463,301.712,181949035
-138.796,-32.769,302.214,181970035
-138.951,-33.194,302.898,181991043
-139.103,-33.612,303.613,182012035
-139.414,-33.955,304.437,182033036
-139.617,-34.340,305.184,182054035
-139.992,-34.546,306.059,182075035
-140.157,-34.628,306.851,182096038
-140.471,-34.787,307.747,182117039
-141.004,-35.182,308.846,182138038
-141.327,-35.411,309.854,182159041
-141.406,-35.940,310.769,182180037
-141.722,-36.558,311.882,182201039
-142.225,-37.110,313.197,182222039
-142.394,-37.642,314.375,182243040
-142.689,-37.814,315.790,182264040
-143.257,-38.076,317.504,182285040
-143.794,-38.321,319.389,182306039
-144.369,-38.613,321.440,182327037
-145.361,-39.195,323.954,182348039
-146.481,-39.930,326.765,182369035
-147.514,-40.829,329.690,182390035
-148.610,-41.785,332.758,182411039
-149.718,-42.763,335.938,182432035
-150.915,-43.695,339.303,182453035
-152.106,-44.533,342.720,182474035
-152.947,-45.052,345.952,182495035
-153.641,-45.382,349.112,182516035
-154.253,-45.469,352.249,182537039
-154.542,-45.545,355.158,182558035
-154.701,-45.419,357.992,182579035
-155.081,-45.131,0.987,182600035
-155.066,-44.988,3.705,182621039
-154.386,-44.370,5.998,182642039
-153.136,-43.661,8.059,182663039
-151.397,-42.877,9.960,182684040
-149.165,-42.040,11.752,182705039
-146.504,-41.205,13.396,182726040
-143.669,-40.190,15.036,182747039
-140.544,-39.168,16.628,182768042
-137.287,-38.118,18.257,182789039
-134.438,-37.050,20.279,182810042
-131.724,-36.000,22.488,182831040
-129.291,-35.040,24.806,182852039
-126.811,-34.192,27.085,182873040
-124.752,-33.480,29.484,182894035
-123.132,-32.875,31.998,182915037
-121.977,-32.402,34.605,182936035
-121.328,-31.908,37.256,182957035
-121.075,-31.515,39.961,182978035
-119.486,-31.783,41.242,182999037
-118.627,-32.243,42.930,183020035
-117.986,-32.681,44.745,183041039
-117.742,-32.909,46.858,183062037
-116.846,-33.409,48.596,183083035
-116.726,-33.473,51.000,183104039
-116.226,-33.664,53.344,183125039
-115.886,-33.603,55.952,183146035
-116.092,-33.270,59.040,183167039
-116.475,-32.994,62.384,183188035
-117.137,-32.457,66.046,183209035
-118.000,-31.891,68.368,183230039
-119.586,-31.052,71.230,183251040
-121.476,-30.239,74.443,183272041
-123.599,-29.354,77.841,183293038
-125.927,-28.536,81.457,183314039
-128.334,-27.697,85.151,183335038
-130.802,-27.019,88.794,183356037
-133.321,-26.464,92.415,183377039
-135.844,-25.960,95.977,183398035
-138.401,-25.648,99.554,183419041
-140.952,-25.485,103.072,183440039
-143.470,-25.565,106.625,183461035
-145.917,-25.885,110.193,183482035
-148.266,-26.539,113.731,183503040
-150.419,-27.609,117.309,183524035
-152.469,-28.969,120.948,183545037
-154.284,-30.566,124.522,183566035
-156.038,-32.409,128.207,183587035
-157.924,-34.315,132.023,183608035
-159.713,-36.315,135.892,183629035
-161.318,-38.006,139.723,183650035
-162.824,-39.681,143.477,183671039
-164.125,-41.285,147.113,183692035
-165.255,-43.126,150.617,183713035
-166.374,-44.464,154.043,183734036
-167.543,-45.996,157.478,183755040
-168.443,-47.340,160.659,183776039
-168.962,-48.466,163.466,183797035
-168.946,-49.314,165.847,183818039
-168.604,-49.937,167.942,183839039
-167.992,-50.342,169.781,183860038
-167.091,-50.599,171.374,183881035
-166.070,-50.900,172.801,183902035
-165.283,-51.015,174.358,183923035
-164.283,-50.861,175.672,183944035
-162.411,-50.555,176.224,183965039
-160.852,-50.179,176.969,183986035
-158.583,-49.393,177.104,184007039
-156.305,-48.438,177.205,184028039
-154.035,-47.318,177.247,184049039
-151.544,-46.210,177.120,184070038
-149.075,-44.948,177.001,184091035
-146.569,-43.685,176.856,184112035
-144.112,-42.451,176.782,184133035
-141.874,-41.018,176.861,184154035
-139.813,-39.960,177.102,184175035
-137.794,-38.515,177.411,184196035
-135.869,-37.457,177.813,184217035
-133.933,-36.249,178.264,184238035
-132.148,-35.101,178.843,184259040
-130.458,-34.071,179.556,184280039
-128.886,-33.224,180.395,184301037
-127.411,-32.595,181.350,184322037
-126.124,-32.375,182.487,184343037
-124.676,-32.222,183.672,184364039
-123.412,-32.438,185.050,184385038
-122.111,-32.827,186.498,184406035
-120.712,-33.248,187.965,184427035
-119.334,-33.706,189.429,184448039
-118.055,-34.274,190.953,184469035
-116.909,-34.856,192.508,184490038
-115.947,-35.519,194.134,184511040
-115.379,-36.185,195.994,184532040
-115.267,-36.874,198.087,184553037
-115.638,-37.695,200.461,184574042
-116.329,-38.592,203.004,184595039
-117.345,-39.446,205.766,184616039
-118.698,-40.158,208.749,184637035
-120.333,-40.767,211.884,184658039
-122.094,-41.464,215.214,184679035
-124.479,-41.951,219.006,184700043
-127.274,-42.144,223.166,184721035
-130.233,-41.735,227.470,184742035
-133.429,-41.073,231.960,184763039
-136.707,-40.011,236.548,184784035
-139.942,-38.673,241.119,184805035
-142.977,-37.096,245.526,184826041
-145.658,-35.330,249.687,184847039
-148.063,-33.456,253.625,184868041
-149.888,-31.790,257.173,184889040
-151.494,-30.045,260.544,184910039
-152.933,-28.400,263.718,184931035
-154.152,-27.015,266.688,184952039
-155.013,-25.804,269.382,184973035
-155.666,-24.878,271.904,184994035
-156.051,-24.267,274.249,185015039
-156.280,-23.986,276.409,185036035
-156.090,-23.943,278.372,185057041
-155.914,-24.659,280.258,185078038
-155.477,-25.637,282.011,185099040
-154.887,-26.891,283.631,185120039
-154.211,-28.408,285.198,185141035
-153.512,-30.126,286.679,185162035
-152.703,-31.659,288.081,185183039
-151.949,-33.272,289.433,185204035
-151.419,-35.249,290.905,185225035
-150.941,-37.202,292.397,185246035
-150.049,-37.648,293.282,185267035
-149.186,-38.151,294.222,185288035
-148.389,-38.736,295.245,185309035
-147.523,-39.717,296.241,185330035
-146.928,-40.377,297.389,185351039
-146.242,-41.399,298.477,185372035
-145.531,-42.313,299.507,185393035
-144.856,-43.054,300.522,185414039
-144.857,-43.752,302.014,185435035
-144.772,-44.613,303.495,185456035
-144.947,-45.433,305.228,185477039
-145.414,-46.221,307.261,185498035
-146.004,-46.952,309.407,185519035
-146.537,-47.580,311.548,185540039
-147.327,-48.111,313.917,185561037
-148.235,-48.391,316.418,185582040
-148.768,-48.470,318.676,185603038
-149.260,-48.451,320.892,185624040
-149.700,-48.345,323.092,185645035
-150.100,-48.480,325.234,185666035
-150.452,-48.493,327.348,185687039
-150.751,-48.376,329.440,185708035
-150.733,-48.065,331.296,185729035
-150.837,-47.378,333.217,185750035
-150.351,-46.681,334.667,185771040
-149.743,-45.856,336.034,185792039
-148.982,-45.053,337.269,185813035
-148.091,-44.211,338.363,185834035
-147.204,-43.179,339.479,185855039
-146.083,-42.342,340.448,185876038
-144.915,-41.274,341.349,185897035
-144.079,-40.271,342.496,185918041
-142.735,-39.234,343.331,185939035
-141.471,-38.163,344.278,185960035
-139.878,-37.180,345.106,185981039
-138.329,-36.117,346.036,186002035
-136.683,-35.163,346.949,186023035
-135.059,-34.243,347.919,186044039
-133.521,-33.330,348.985,186065037
-132.040,-32.650,350.069,186086039
-131.149,-32.180,351.453,186107037
-130.368,-31.857,352.901,186128035
-129.609,-31.824,354.324,186149035
-129.059,-31.957,355.830,186170035
-128.766,-31.816,357.413,186191035
-128.460,-31.789,358.967,186212035
-128.301,-31.984,0.592,186233035
-128.547,-32.092,2.394,186254035
-129.051,-32.252,4.353,186275041
-129.609,-32.770,6.297,186296035
-130.732,-33.182,8.508,186317035
-131.970,-33.578,10.771,186338035
-133.327,-33.998,13.079,186359035
-134.770,-34.529,15.453,186380035
-136.249,-34.986,17.846,186401043
-137.672,-35.277,20.211,186422035
-138.645,-35.538,22.369,186443041
-139.709,-35.999,24.625,186464035
-140.886,-36.025,26.984,186485035
-142.076,-36.431,29.362,186506040
-143.416,-36.494,31.879,186527035
-144.680,-36.475,34.371,186548035
-145.886,-36.386,36.858,186569035
-147.091,-36.227,39.352,186590040
-148.038,-35.988,41.691,186611035
-148.716,-36.024,43.886,186632043
-148.457,-36.518,45.450,186653035
-147.929,-37.098,46.888,186674041
-147.813,-37.608,48.593,186695037
-147.335,-38.052,50.067,186716035
-147.247,-38.240,51.812,186737035
-147.150,-38.372,53.552,186758040
-147.050,-38.448,55.323,186779040
-146.810,-38.360,57.022,186800039
-146.383,-38.526,58.695,186821039
-145.945,-38.300,60.452,186842035
-145.553,-38.124,62.393,186863042
-145.240,-37.723,64.540,186884035
-145.007,-37.197,66.945,186905035
-144.816,-36.494,69.636,186926035
-144.710,-35.779,72.636,186947035
-144.680,-35.197,75.939,186968035
-144.545,-34.733,79.513,186989035
-144.355,-34.441,83.364,187010035
-143.995,-34.267,87.240,187031038
-144.173,-33.108,89.875,187052035
-144.595,-32.493,92.915,187073035
-144.935,-32.254,96.139,187094041
-145.321,-32.389,99.532,187115035
-145.817,-32.655,103.113,187136035
-146.203,-33.154,106.751,187157035
-146.609,-33.993,110.502,187178035
-147.127,-35.086,114.375,187199044
-147.801,-36.382,118.399,187220041
-148.167,-37.812,122.286,187241035
-149.099,-39.507,126.520,187262037
-149.786,-41.130,130.626,187283035
-150.391,-42.302,134.646,187304035
-151.293,-43.297,138.779,187325035
-151.875,-44.143,142.661,187346035
-152.393,-44.785,146.408,187367035
-152.636,-45.315,149.919,187388035
-152.951,-46.065,153.412,187409039
-153.264,-46.632,156.803,187430035
-153.497,-46.834,160.056,187451035
-153.514,-46.946,163.083,187472035
-153.275,-47.032,165.844,187493035
-152.577,-46.659,168.209,187514035
-151.563,-46.123,170.285,187535035
-150.112,-45.501,172.004,187556035
-148.482,-44.812,173.566,187577035
-146.705,-43.989,175.053,187598035
-144.838,-43.103,176.542,187619035
-142.872,-42.181,178.003,187640040
-141.042,-41.586,179.615,187661035
-138.851,-40.875,181.073,187682038
-136.593,-40.216,182.506,187703035
-134.385,-39.600,183.976,187724039
-132.171,-38.991,185.438,187745039
-130.111,-38.466,186.992,187766035
-128.270,-37.980,188.715,187787035
-126.582,-37.492,190.488,187808035
-125.151,-37.097,192.385,187829035
-123.975,-36.649,194.464,187850035
-123.545,-36.138,197.007,187871035
-123.616,-35.710,199.866,187892035
-124.117,-35.256,203.046,187913035
-125.098,-34.785,206.595,187934040
-126.300,-34.069,210.285,187955035
-127.896,-33.366,214.178,187976035
-129.829,-32.532,218.285,187997035
-132.077,-31.666,222.542,188018039
-134.286,-30.552,226.715,188039042
-136.808,-29.548,231.058,188060039
-139.370,-28.442,235.407,188081039
-141.687,-27.231,239.587,188102035
-144.017,-26.103,243.727,188123038
-146.154,-25.068,247.656,188144035
-147.867,-24.219,251.287,188165035
-149.588,-23.926,254.846,188186038
-151.208,-23.849,258.269,188207035
-152.759,-23.947,261.600,188228035
-154.095,-23.989,264.761,188249040
-154.974,-24.252,267.657,188270035
-155.894,-24.816,270.507,188291035
-156.681,-25.660,273.259,188312039
-157.395,-26.888,275.918,188333035
-157.990,-28.440,278.513,188354040
-158.496,-30.278,281.067,188375039
-158.626,-30.427,283.084,188396035
-158.535,-30.672,285.199,188417041
-158.502,-31.214,287.451,188438039
-158.447,-32.082,289.784,188459035
-158.618,-33.273,292.360,188480036
-158.594,-34.970,294.922,188501035
-159.078,-36.811,297.879,188522035
-159.656,-38.714,301.050,188543038
-160.205,-40.664,304.372,188564037
-160.841,-42.595,307.906,188585041
-161.540,-44.472,311.573,188606038
-162.270,-46.266,315.340,188627035
-162.964,-47.934,319.106,188648039
-163.544,-49.437,322.804,188669039
-163.825,-50.725,326.277,188690035
-163.734,-51.726,329.382,188711035
-163.386,-52.475,332.231,188732035
-162.739,-52.885,334.763,188753035
-161.915,-53.192,337.024,188774040
-161.114,-52.992,339.243,188795038
-160.098,-52.879,341.222,188816035
-158.301,-52.309,342.533,188837035
-156.198,-51.423,343.637,188858035
-153.797,-50.430,344.539,188879035
-151.055,-49.247,345.283,188900039
-148.152,-47.908,346.033,188921035
-145.105,-46.395,346.768,188942035
-141.800,-44.862,347.482,188963037
-138.555,-43.164,348.327,188984035
-135.478,-41.475,349.413,189005035
-132.427,-39.783,350.603,189026040
-129.568,-38.133,351.989,189047039
-126.945,-36.557,353.519,189068041
-124.364,-35.232,355.090,189089041
-122.178,-34.153,356.838,189110040
-120.375,-33.244,358.763,189131040
-118.978,-32.380,0.848,189152041
-118.352,-31.966,3.254,189173036
-118.011,-31.807,5.761,189194038
-118.202,-31.444,8.461,189215039
-118.796,-31.203,11.289,189236040
-119.727,-31.002,14.208,189257039
-121.113,-30.984,17.290,189278039
-122.447,-30.759,20.446,189299035
-124.086,-30.519,23.858,189320039
-124.086,-30.874,26.581,189341035
-124.423,-31.158,29.714,189362035
-125.232,-31.223,33.275,189383035
-126.827,-31.015,37.345,189404035
-128.595,-30.344,41.611,189425035
-130.554,-29.447,46.080,189446035
-132.622,-28.362,50.646,189467035
-134.743,-27.150,55.329,189488035
-136.892,-25.874,60.007,189509035
-139.011,-24.778,64.669,189530035
-141.052,-23.846,69.254,189551037
-142.993,-23.025,73.738,189572040
-144.912,-22.516,78.163,189593040
-146.703,-22.189,82.547,189614038
-148.255,-22.068,86.838,189635040
-149.791,-22.314,91.140,189656038
-152.116,-24.625,99.720,189698043
-153.199,-26.328,104.137,189719040
-154.218,-28.314,108.631,189740035
-155.338,-30.544,113.265,189761037
-156.478,-32.830,117.927,189782035
-157.468,-34.817,122.466,189803035
-158.306,-36.747,126.857,189824035
-158.886,-38.576,130.998,189845035
-159.296,-40.256,134.961,189866040
-159.528,-41.780,138.746,189887039
-159.913,-43.166,142.526,189908039
-160.130,-44.498,146.134,189929035
-160.111,-45.681,149.525,189950035
-159.782,-46.775,152.633,189971035
-159.094,-47.741,155.492,189992040
-158.093,-48.611,158.100,190013035
-156.725,-49.263,160.460,190034041
-155.061,-49.735,162.604,190055035
-153.224,-50.086,164.701,190076035
-151.222,-50.293,166.785,190097039
-149.235,-50.410,168.976,190118040
-146.891,-50.414,170.961,190139039
-144.337,-50.387,172.853,190160040
-141.647,-50.273,174.735,190181043
-136.123,-49.622,178.537,190223040
-133.409,-49.296,180.475,190244044
-131.017,-48.864,182.606,190265038
-129.032,-48.426,185.018,190286035
-127.382,-47.958,187.586,190307035
-126.164,-47.444,190.410,190328035
-125.776,-46.744,193.799,190349035
-125.836,-45.920,197.479,190370035
-126.405,-45.057,201.453,190391039
-127.334,-44.047,205.633,190412035
-128.730,-42.924,210.067,190433040
-130.429,-41.599,214.668,190454035
-132.085,-40.054,219.182,190475035
-134.154,-38.513,223.882,190496038
-135.796,-36.773,228.225,190517035
-137.478,-35.054,232.466,190538043
-139.521,-32.688,235.617,190559035
-141.284,-30.554,238.498,190580035
-143.118,-28.758,241.295,190601039
-144.524,-27.569,243.786,190622039
-145.630,-26.246,246.032,190643044
-146.855,-25.589,248.270,190664037
-147.780,-25.304,250.344,190685038
-148.533,-25.331,252.296,190706042
-149.524,-25.512,255.872,190748038
-149.979,-26.070,257.675,190769039
-150.447,-26.928,259.522,190790037
-151.046,-28.195,261.456,190811040
-151.632,-29.936,263.458,190832035
-152.084,-30.926,265.498,190853036
-152.837,-32.000,267.800,190874035
-153.638,-33.500,270.260,190895035
-154.543,-35.191,272.862,190916038
-155.690,-37.029,275.682,190937035
-157.111,-38.869,278.801,190958035
-158.323,-40.861,281.887,190979039
-159.792,-42.856,285.207,191000035
-161.083,-44.725,288.482,191021035
-162.565,-46.473,291.952,191042035
-164.224,-48.010,295.612,191063035
-165.961,-49.254,299.386,191084035
-167.356,-50.349,302.895,191105039
-168.207,-51.092,305.933,191126035
-168.747,-51.459,308.706,191147035
-169.009,-51.588,311.249,191168035
-168.949,-51.447,313.496,191189035
-168.580,-51.048,315.453,191210035
-167.973,-50.663,317.169,191231042
-167.343,-50.190,318.818,191252039
-166.197,-49.221,320.034,191273036
-165.143,-48.166,321.273,191294036
-163.729,-46.986,322.204,191315039
-161.880,-45.708,322.753,191336037
-159.768,-44.390,323.113,191357039
-157.462,-43.039,323.356,191378035
-155.061,-41.636,323.589,191399035
-152.619,-40.217,323.843,191420039
-150.099,-38.777,324.091,191441035
-147.602,-37.380,324.446,191462040
-145.121,-35.997,324.843,191483035
-142.806,-34.537,325.427,191504035
-140.449,-33.302,326.007,191525038
-138.174,-32.196,326.721,191546035
-135.947,-31.194,327.495,191567035
-133.820,-30.334,328.385,191588035
-131.794,-29.699,329.375,191609035
-130.033,-29.056,330.512,191630035
-128.589,-28.575,331.814,191651035
-127.210,-28.336,333.154,191672035
-126.167,-28.196,334.630,191693037
-125.636,-28.458,336.325,191714047
-125.338,-28.705,338.130,191735035
-125.234,-29.334,339.994,191756035
-125.070,-29.914,341.817,191777042
-125.212,-30.673,343.747,191798037
-125.633,-31.501,345.778,191819037
-126.253,-32.052,347.896,191840035
-127.410,-32.640,350.269,191861038
-128.857,-33.354,352.796,191882035
-130.499,-34.084,355.422,191903035
-132.270,-34.599,358.115,191924038
-134.278,-35.187,0.949,191945035
-136.349,-35.500,3.816,191966035
-138.412,-35.658,6.660,191987035
-140.522,-36.132,9.537,192008035
-142.812,-36.216,12.495,192029035
-145.074,-36.207,15.421,192050041
-147.239,-36.124,18.295,192071035
-149.256,-35.950,21.088,192092035
-151.201,-35.836,23.829,192113035
-152.812,-35.590,26.410,192134035
-154.338,-35.415,28.922,192155035
-155.745,-35.388,31.368,192176035
-156.406,-35.350,33.400,192197043
-157.209,-35.613,35.523,192218039
-158.020,-35.657,37.635,192239039
-158.268,-35.995,39.430,192260035
-158.235,-36.230,41.055,192281035
-158.541,-36.472,42.863,192302035
-158.376,-36.696,44.356,192323035
-158.281,-37.402,45.851,192344039
-158.120,-38.122,47.289,192365035
-157.572,-38.855,48.476,192386035
-156.872,-39.590,49.561,192407035
-156.255,-40.367,50.668,192428035
-155.163,-40.957,51.438,192449040
-154.484,-41.373,52.458,192470035
-153.381,-42.016,53.169,192491041
-152.081,-42.523,53.727,192512035
-150.915,-43.092,54.373,192533035
-149.863,-43.225,55.055,192554038
-148.537,-43.563,55.559,192575035
-147.295,-43.882,56.098,192596035
-145.946,-44.040,56.545,192617041
-144.779,-43.843,57.087,192638035
-143.542,-43.923,57.591,192659035
-142.253,-43.646,58.019,192680035
-141.387,-43.194,58.755,192701040
-140.273,-42.837,59.316,192722040
-139.466,-42.265,60.102,192743040
-138.944,-41.710,61.098,192764040
-138.153,-41.138,61.893,192785035
-137.574,-40.938,62.814,192806039
-136.928,-40.652,63.712,192827035
-136.651,-40.549,64.840,192848035
-136.273,-40.046,65.888,192869035
-136.332,-39.740,67.235,192890035
-136.429,-39.551,68.581,192911035
-136.445,-38.996,69.901,192932035
-136.418,-38.485,71.235,192953035
-136.731,-38.099,72.796,192974035
-137.050,-38.166,74.358,192995038
-137.429,-37.888,75.969,193016035
-137.850,-37.653,77.588,193037035
-138.141,-37.784,79.188,193058039
-138.849,-37.729,81.038,193079035
-139.557,-37.682,82.922,193100037
-140.260,-37.567,84.856,193121035
-140.916,-37.833,86.782,193142035
-141.575,-38.113,88.667,193163037
-142.052,-38.003,90.456,193184035
-142.916,-37.878,92.571,193205035
-143.854,-37.724,94.776,193226038
-144.896,-37.757,97.103,193247037
-145.568,-37.487,99.221,193268039
-146.539,-37.320,101.552,193289039
-147.647,-37.283,103.981,193310040
-148.315,-37.245,106.236,193331035
-148.808,-37.157,108.433,193352040
-149.566,-37.255,110.832,193373040
-150.432,-37.223,113.312,193394035
-150.818,-37.301,115.527,193415041
-151.204,-37.446,117.761,193436035
-151.177,-37.392,119.760,193457035
-150.977,-37.300,121.693,193478039
-150.576,-37.072,123.555,193499035
-149.990,-36.829,125.295,193520038
-149.365,-36.439,127.015,193541035
-148.546,-35.973,128.699,193562035
-147.798,-35.532,130.523,193583035
-146.888,-35.111,132.348,193604035
-145.914,-34.813,134.167,193625035
-144.676,-34.531,135.886,193646041
-143.083,-34.461,137.410,193667035
-141.456,-34.466,138.959,193688035
-139.738,-34.580,140.448,193709035
-137.978,-34.812,141.870,193730035
-136.694,-35.043,143.601,193751037
-135.393,-35.297,145.308,193772040
-133.769,-35.331,146.869,193793037
-132.319,-35.738,148.591,193814039
-130.901,-36.077,150.361,193835039
-129.569,-36.347,152.138,193856035
-128.528,-36.704,154.041,193877039
-128.230,-37.057,156.280,193898039
-127.732,-37.260,158.370,193919035
-127.911,-37.711,160.831,193940035
-128.387,-37.978,163.463,193961035
-128.873,-38.475,166.093,193982035
-129.940,-38.771,169.027,194003035
-131.339,-39.094,172.116,194024035
-133.013,-39.357,175.367,194045035
-134.948,-39.595,178.789,194066039
-137.150,-39.694,182.398,194087035
-139.466,-39.737,186.018,194108035
-141.798,-39.613,189.614,194129035
-144.022,-39.333,193.104,194150035
-146.113,-38.866,196.496,194171039
-148.099,-38.329,199.817,194192035
-149.965,-37.757,203.069,194213035
-151.563,-37.005,206.213,194234035
-152.565,-36.441,209.003,194255035
-153.240,-35.805,211.582,194276040
-153.873,-35.283,214.114,194297038
-154.561,-34.700,216.592,194318035
-154.680,-33.845,218.687,194339035
-154.945,-33.171,220.817,194360035
-155.011,-32.574,222.721,194381035
-154.566,-32.267,224.277,194402035
-154.023,-31.886,225.723,194423035
-153.544,-31.551,227.214,194444035
-153.124,-31.675,228.688,194465035
-152.630,-31.718,230.073,194486035
-151.565,-31.954,231.144,194507035
-150.477,-32.347,232.156,194528035
-149.153,-32.514,233.038,194549035
-147.699,-32.917,233.857,194570035
-146.106,-33.413,234.597,194591036
-144.389,-33.993,235.316,194612035
-142.621,-34.649,236.074,194633035
-140.894,-35.533,236.937,194654039
-139.286,-36.517,237.962,194675035
-137.909,-37.584,239.194,194696035
-136.835,-38.677,240.690,194717039
-136.223,-39.718,242.507,194738035
-135.747,-40.643,243.913,194759035
-135.168,-41.064,245.155,194780039
-134.688,-41.409,246.497,194801035
-134.336,-41.598,247.919,194822035
-134.077,-41.619,249.439,194843035
-133.956,-41.443,251.023,194864035
-133.908,-41.409,252.687,194885039
-134.816,-41.803,254.172,194906035
-135.453,-41.849,255.376,194927035
-136.227,-41.846,256.682,194948035
-137.115,-41.402,258.118,194969040
-138.153,-41.094,259.731,194990035
-139.583,-40.377,261.427,195011035
-141.228,-39.497,263.251,195032035
-142.929,-38.504,265.149,195053035
-144.483,-37.192,267.043,195074035
-146.015,-35.739,269.005,195095042
-147.464,-34.123,270.994,195116035
-148.131,-32.799,272.780,195137035
-148.634,-31.394,274.568,195158040
-148.697,-30.190,276.219,195179035
-149.031,-28.849,278.046,195200041
-148.890,-27.466,279.693,195221035
-148.671,-26.116,281.341,195242035
-148.315,-24.873,282.948,195263035
-147.867,-23.757,284.528,195284035
-147.380,-22.832,286.142,195305035
-146.750,-22.117,287.690,195326042
-146.324,-21.592,289.284,195347035
-145.683,-21.185,290.765,195368035
-144.842,-21.311,292.106,195389039
-144.161,-21.804,293.461,195410035
-143.561,-22.498,294.826,195431035
-142.766,-22.878,296.068,195452038
-142.083,-23.444,297.116,195473035
-141.728,-24.123,297.486,195494041
-141.409,-25.240,297.957,195515040
-141.049,-26.389,298.464,195536041
-140.335,-27.319,298.837,195557038
-139.512,-28.698,299.226,195578037
-138.764,-30.158,299.639,195599042
-138.093,-31.622,300.106,195620038
-137.461,-33.102,300.619,195641035
-136.977,-34.524,301.214,195662035
-136.726,-35.711,301.904,195683042
-136.607,-36.825,302.668,195704044
-136.589,-38.011,303.517,195725035
-136.516,-39.243,304.322,195746035
-136.690,-40.066,305.273,195767035
-136.687,-40.697,306.113,195788035
-136.893,-41.662,307.060,195809040
-137.190,-42.500,308.085,195830035
-137.581,-43.249,309.190,195851035
-138.250,-43.908,310.473,195872035
-138.903,-44.459,311.787,195893035
-139.446,-44.591,313.033,195914035
-140.605,-44.817,314.712,195935035
-141.708,-44.709,316.363,195956035
-142.355,-44.405,317.706,195977035
-143.136,-43.914,319.144,195998039
-144.232,-43.542,320.807,196019035
-145.244,-43.211,322.414,196040039
-146.212,-42.663,324.024,196061040
-146.835,-41.892,325.395,196082035
-147.117,-41.345,326.536,196103041
-147.332,-40.659,327.669,196124035
-147.893,-39.915,329.047,196145035
-148.437,-39.538,330.405,196166040
-148.897,-38.816,331.731,196187043
-148.971,-38.137,332.807,196208039
-149.395,-37.497,334.106,196229035
-149.730,-36.872,335.368,196250035
-149.844,-36.610,336.544,196271035
-149.656,-36.327,337.571,196292035
-149.427,-36.101,338.608,196313035
-149.225,-35.969,339.734,196334035
-149.139,-35.539,340.940,196355035
-148.670,-35.383,341.931,196376035
-148.541,-35.090,343.098,196397035
-148.291,-34.844,344.234,196418035
-147.829,-34.971,345.246,196439035
-147.666,-34.897,346.411,196460039
-147.565,-34.963,347.627,196481035
-147.059,-35.241,348.613,196502035
-146.555,-35.561,349.587,196523038
-146.072,-35.912,350.590,196544041
-145.799,-35.983,351.708,196565038
-145.545,-36.405,352.806,196586042
-144.960,-36.568,353.680,196607039
-144.679,-36.591,354.712,196628039
-144.602,-36.991,355.842,196649040
-144.246,-37.055,356.812,196670039
-143.818,-37.412,357.737,196691035
-143.425,-37.591,358.679,196712035
-143.384,-38.066,359.798,196733049
-143.184,-38.100,0.842,196754035
-143.026,-38.498,1.867,196775035
-142.760,-38.710,2.829,196796035
-143.043,-38.887,4.096,196817035
-143.364,-39.027,5.395,196838035
-143.282,-38.991,6.409,196859035
-143.742,-39.042,7.748,196880035
-144.091,-39.272,9.009,196901035
-144.153,-39.246,10.079,196922035
-144.254,-39.106,11.190,196943035
-144.773,-38.836,12.573,196964035
-145.185,-38.505,13.907,196985039
-145.740,-38.297,15.314,197006035
-146.337,-38.190,16.748,197027035
-146.841,-38.288,18.134,197048035
-146.951,-38.345,19.282,197069038
-146.993,-38.271,20.390,197090039
-147.172,-38.461,21.591,197111042
-147.341,-38.333,22.807,197132039
-147.300,-38.544,23.889,197153035
-147.212,-38.756,24.954,197174035
-147.086,-39.019,26.020,197195035
-146.882,-39.006,27.043,197216035
-146.704,-38.979,28.116,197237041
-146.765,-39.024,29.354,197258039
-146.817,-39.078,30.584,197279035
-146.814,-39.436,31.816,197300035
-146.543,-39.373,32.850,197321035
-146.359,-39.700,33.938,197342035
-145.920,-39.954,34.845,197363035
-145.751,-39.849,35.909,197384035
-145.277,-39.707,36.768,197405035
-144.851,-39.932,37.660,197426035
-144.758,-40.078,38.755,197447035
-144.668,-40.178,39.853,197468035
-144.491,-40.109,40.858,197489035
-143.968,-40.285,41.635,197510035
-143.695,-40.544,42.586,197531035
-143.102,-40.549,43.340,197552038
-142.618,-40.739,44.177,197573039
-142.109,-40.635,45.030,197594042
-141.790,-40.408,46.026,197615039
-141.328,-40.267,46.953,197636040
-141.172,-39.993,48.083,197657041
-140.994,-40.084,49.195,197678035
-140.896,-40.164,50.356,197699035
-140.925,-40.199,51.626,197720039
-140.837,-39.829,52.830,197741035
-140.603,-39.816,53.974,197762035
-140.675,-39.505,55.355,197783035
-140.845,-39.327,56.777,197804035
-140.959,-39.287,58.184,197825035
-140.698,-38.948,59.377,197846035
-140.630,-38.622,60.721,197867035
-140.308,-38.552,61.929,197888037
-140.397,-38.624,63.411,197909035
-140.102,-38.439,64.672,197930035
-140.276,-38.278,66.247,197951038
-139.949,-38.143,67.534,197972035
-139.623,-38.061,68.825,197993035
-139.333,-37.864,70.149,198014035
-138.915,-37.747,71.396,198035035
-138.949,-37.923,72.913,198056040
-138.715,-37.735,74.266,198077038
-138.202,-37.722,75.467,198098039
-138.177,-37.814,77.015,198119042
-137.979,-38.068,78.444,198140039
-137.595,-38.301,79.763,198161035
-137.518,-38.520,81.285,198182038
-137.139,-38.817,82.611,198203037
-136.590,-38.984,83.814,198224035
-136.459,-39.059,85.233,198245035
-135.956,-39.201,86.401,198266035
-135.593,-39.267,87.660,198287035
-135.321,-39.391,88.930,198308039
-135.093,-39.526,90.202,198329039
-134.672,-39.923,91.301,198350040
-134.527,-40.435,92.579,198371041
-134.582,-40.784,93.927,198392035
-134.175,-40.883,94.944,198413035
-134.236,-41.280,96.243,198434035
-134.490,-41.313,97.623,198455035
-135.904,-41.946,99.114,198476035
-137.652,-42.754,100.874,198497035
-139.340,-43.328,102.535,198518035
-140.927,-43.514,103.706,198539035
-142.741,-43.870,104.995,198560035
-144.342,-44.141,106.188,198581037
-145.865,-44.249,107.409,198602040
-146.921,-43.980,108.098,198623035
-148.283,-43.950,109.097,198644035
-149.013,-43.622,109.630,198665035
-149.709,-43.200,110.078,198686036
-150.226,-42.726,110.508,198707040
-150.443,-42.303,110.692,198728035
-150.917,-42.106,111.023,198749035
-151.367,-41.714,111.420,198770035
-151.700,-41.294,111.664,198791040
-151.887,-40.944,111.802,198812035
-151.533,-40.583,111.500,198833038
-151.473,-40.243,111.423,198854039
-150.811,-39.769,110.875,198875049
-150.066,-39.366,110.236,198896035
-149.246,-38.968,109.522,198917035
-148.566,-38.439,108.845,198938035
-148.272,-38.176,108.415,198959041
-148.752,-38.226,108.519,198980035
-149.102,-38.355,108.623,199001035
-149.293,-38.506,108.683,199022035
-149.284,-38.708,108.735,199043035
-149.244,-38.870,108.861,199064035
-148.727,-38.677,108.721,199085035
-148.048,-38.617,108.581,199106040
-147.328,-38.493,108.465,199127035
-146.814,-38.245,108.219,199148035
-146.678,-38.173,108.244,199169035
-146.340,-38.334,108.147,199190035
-145.930,-38.473,108.098,199211039
-145.749,-38.481,108.290,199232035
-145.282,-38.713,108.397,199253035
-144.938,-38.680,108.634,199274035
-144.221,-38.655,108.629,199295035
-143.528,-38.641,108.713,199316040
-142.749,-38.681,108.823,199337038
-141.979,-38.830,108.973,199358039
-141.231,-38.954,109.162,199379040
-140.425,-39.268,109.312,199400035
-140.074,-39.795,109.824,199421035
-139.533,-40.368,110.253,199442035
-138.875,-40.965,110.705,199463035
-138.220,-41.606,111.303,199484039
-137.369,-42.171,111.911,199505035
-136.278,-42.626,112.516,199526035
-135.252,-43.253,113.344,199547041
-134.055,-43.897,114.252,199568035
-132.756,-44.503,115.268,199589040
-131.331,-45.110,116.436,199610039
-129.776,-45.649,117.741,199631037
-128.002,-46.054,119.113,199652039
-126.094,-46.324,120.595,199673043
-124.275,-46.362,122.276,199694035
-122.532,-46.376,124.118,199715043
-120.991,-46.319,126.155,199736035
-119.774,-46.155,128.438,199757035
-118.788,-45.940,130.896,199778035
-118.178,-45.557,133.623,199799035
-118.102,-45.174,136.740,199820036
-118.507,-44.804,140.203,199841041
-119.288,-44.399,143.928,199862039
-120.380,-43.887,147.881,199883038
-122.100,-43.235,152.292,199904040
-124.357,-42.676,157.160,199925035
-126.700,-41.559,162.153,199946038
-129.150,-40.300,167.238,199967035
-131.918,-38.668,172.534,199988035
-134.736,-36.820,177.821,200009040
-137.453,-34.811,182.956,200030035
-139.926,-32.699,187.837,200051040
-142.100,-30.581,192.451,200072035
-144.073,-28.591,196.825,200093039
-145.791,-26.766,200.911,200114041
-147.461,-25.369,204.828,200135043
-148.875,-24.167,208.450,200156040
-149.796,-23.153,211.713,200177039
-150.875,-22.611,214.928,200198040
-151.659,-22.272,217.956,200219040
-152.216,-22.279,220.855,200240035
-152.822,-22.654,223.760,200261035
-153.315,-23.321,226.600,200282035
-153.527,-24.225,229.334,200303037
-154.168,-25.649,232.393,200324035
-154.935,-27.452,235.714,200345035
-155.536,-28.995,239.192,200366039
-155.921,-29.747,242.952,200387039
-156.400,-30.330,246.924,200408038
-157.122,-31.111,251.126,200429039
-157.688,-32.309,255.332,200450043
-158.802,-33.816,259.830,200471039
-159.756,-35.487,264.265,200492040
-160.689,-37.192,268.652,200513036
-161.610,-38.896,272.999,200534042
-162.404,-40.531,277.246,200555040
-163.095,-42.077,281.356,200576035
-163.539,-43.490,285.196,200597035
-163.499,-44.767,288.656,200618039
-162.940,-45.828,291.720,200639041
-160.717,-47.413,297.045,200681035
-158.943,-47.931,299.298,200702035
-156.712,-48.252,301.298,200723035
-153.987,-48.325,303.020,200744039
-151.128,-48.054,304.752,200765035
-147.783,-47.868,306.220,200786035
-144.376,-47.200,307.698,200807038
-140.846,-46.494,309.055,200828040
-137.528,-45.587,310.529,200849036
-134.465,-44.616,312.115,200870035
-131.748,-43.498,313.856,200891040
-129.306,-42.394,315.713,200912039
-126.111,-40.063,320.268,200954041
-125.248,-38.938,322.919,200975038
-124.765,-37.845,325.755,200996035
-124.551,-36.631,328.696,201017035
-124.468,-35.332,331.721,201038038
-124.690,-34.116,334.991,201059035
-125.191,-32.765,338.601,201080035
-125.947,-31.160,342.515,201101035
-126.211,-29.993,346.566,201122035
-126.575,-28.651,350.737,201143038
-127.246,-27.132,355.154,201164039
-128.180,-25.497,359.746,201185040
-129.229,-23.790,4.331,201206039
-130.328,-22.148,8.841,201227035
-131.477,-20.691,13.258,201248035
-132.670,-19.534,17.565,201269039
-133.946,-18.835,21.785,201290036
-135.308,-18.540,25.985,201311035
-136.732,-18.584,30.177,201332038
-138.194,-19.146,34.338,201353039
-139.676,-20.160,38.490,201374035
-141.331,-21.175,42.730,201395039
-142.678,-22.700,46.935,201416035
-144.196,-24.716,51.299,201437035
-145.760,-26.959,55.778,201458036
-147.578,-29.240,60.382,201479042
-149.481,-31.528,65.074,201500035
-151.430,-33.867,69.839,201521035
-153.148,-35.805,74.435,201542035
-154.835,-37.574,78.941,201563035
-156.224,-39.201,83.183,201584035
-157.491,-40.622,87.225,201605035
-158.493,-41.855,90.975,201626035
-159.641,-43.233,94.742,201647038
-160.730,-44.320,98.383,201668040
-161.444,-45.360,101.768,201689035
-161.841,-46.270,104.924,201710039
-161.950,-47.091,107.913,201731035
-161.873,-47.808,110.864,201752035
-161.328,-48.491,113.550,201773035
-160.324,-49.124,116.024,201794035
-158.886,-49.696,118.320,201815035
-157.289,-50.279,120.704,201836035
-155.409,-50.838,123.080,201857035
-153.240,-51.270,125.388,201878039
-150.732,-51.519,127.535,201899035
-148.092,-51.666,129.615,201920035
-145.266,-51.668,131.536,201941041
-142.107,-51.510,132.940,201962035
-139.132,-51.267,134.453,201983035
-136.429,-50.860,136.124,202004037
-133.955,-50.345,137.850,202025035
-131.799,-49.715,139.737,202046035
-130.038,-48.804,141.834,202067042
-128.890,-47.681,144.332,202088035
-128.079,-46.461,147.000,202109035
-127.839,-45.143,150.012,202130035
-127.941,-43.704,153.191,202151039
-128.180,-42.153,156.437,202172038
-128.731,-40.517,159.865,202193042
-129.360,-38.943,163.283,202214039
-130.211,-37.244,166.791,202235039
-131.577,-35.578,170.580,202256040
-132.944,-33.873,174.279,202277035
-134.299,-32.115,177.925,202298035
-135.601,-30.476,181.455,202319035
-136.943,-29.035,184.960,202340035
-138.288,-28.089,188.381,202361039
-139.328,-27.369,191.566,202382035
-140.378,-26.885,194.638,202403046
-141.411,-26.630,197.566,202424035
-142.536,-26.613,200.441,202445035
-143.749,-26.544,203.267,202466043
-144.691,-26.554,205.882,202487035
-145.653,-26.799,208.465,202508035
-146.668,-27.297,211.107,202529035
-147.746,-28.044,213.792,202550035
-148.896,-29.037,216.506,202571035
-150.034,-30.583,219.232,202592042
-151.308,-32.249,222.120,202613035
-152.653,-34.009,225.075,202634035
-154.054,-35.829,228.132,202655035
-155.605,-37.652,231.378,202676038
-157.301,-39.361,234.774,202697041
-159.201,-40.869,238.415,202718039
-161.240,-42.227,242.239,202739039
-162.750,-43.335,245.708,202760039
-164.614,-44.544,249.468,202781039
-166.433,-45.528,253.176,202802035
-168.182,-46.322,256.789,202823035
-169.708,-46.926,260.198,202844035
-170.933,-47.361,263.310,202865035
-171.691,-47.644,266.012,202886035
-171.984,-47.467,268.273,202907035
-171.779,-47.302,270.094,202928035
-171.246,-47.115,271.597,202949035
-170.678,-46.653,273.025,202970035
-170.143,-46.343,274.441,202991039
-168.738,-45.730,275.220,203012035
-167.200,-45.024,275.908,203033035
-165.593,-44.606,276.587,203054035
-163.174,-43.928,276.758,203075035
-160.604,-43.194,276.885,203096037
-157.879,-42.353,276.941,203117035
-155.050,-41.491,276.983,203138035
-152.147,-40.601,277.036,203159039
-149.186,-39.630,277.111,203180039
-146.137,-38.608,277.237,203201040
-143.001,-37.629,277.386,203222040
-139.964,-36.592,277.682,203243039
-137.090,-35.532,278.122,203264038
-134.240,-34.817,278.642,203285035
-131.616,-34.059,279.325,203306035
-129.264,-33.394,280.195,203327035
-127.192,-32.828,281.201,203348038
-125.436,-32.343,282.337,203369035
-124.025,-32.016,283.592,203390035
-123.249,-31.766,285.146,203411040
-122.805,-31.674,286.788,203432035
-122.732,-31.798,288.618,203453035
-122.998,-32.085,290.590,203474035
-123.498,-32.656,292.680,203495035
-124.007,-33.221,294.722,203516035
-124.783,-33.794,296.903,203537035
-125.801,-34.323,299.135,203558040
-127.036,-34.804,301.413,203579035
-128.784,-35.128,303.959,203600035
-130.817,-35.465,306.580,203621035
-133.052,-35.795,309.260,203642035
-135.365,-35.958,311.942,203663035
-137.704,-36.038,314.582,203684035
-139.999,-36.097,317.165,203705040
-142.206,-36.081,319.685,203726039
-144.328,-36.082,322.133,203747039
-146.042,-36.154,324.331,203768037
-147.476,-36.083,326.341,203789035
-149.191,-35.866,328.471,203810035
-150.761,-35.607,330.503,203831035
-152.188,-35.320,332.464,203852035
-153.416,-34.990,334.346,203873035
-154.459,-34.632,336.134,203894035
-155.333,-34.306,337.861,203915039
-155.819,-34.249,339.415,203936035
-156.072,-34.183,340.867,203957035
-156.019,-34.011,342.202,203978038
-155.691,-33.697,343.438,203999035
-155.570,-33.364,344.840,204020035
-155.241,-33.017,346.143,204041039
-154.545,-32.643,347.284,204062035
-153.915,-32.308,348.481,204083035
-152.882,-32.059,349.466,204104038
-151.830,-31.786,350.415,204125035
-150.794,-31.880,351.435,204146035
-149.731,-31.951,352.472,204167035
-148.545,-32.035,353.426,204188035
-147.375,-32.119,354.381,204209035
-146.141,-32.280,355.385,204230038
-145.065,-32.614,356.584,204251038
-143.690,-32.833,357.792,204272035
-142.489,-32.899,359.307,204293039
-141.011,-33.285,0.887,204314039
-139.485,-33.800,2.626,204335035
-138.026,-34.414,4.574,204356039
-136.714,-35.201,6.758,204377035
-135.547,-36.122,9.223,204398037
-134.446,-37.113,11.874,204419038
-133.701,-37.917,14.857,204440035
-132.880,-38.915,17.878,204461037
-132.308,-39.858,21.131,204482035
-131.884,-40.809,24.471,204503035
-131.812,-41.724,28.028,204524041
-132.103,-42.839,31.767,204545036
-132.520,-43.878,35.538,204566035
-133.145,-44.634,39.350,204587041
-133.817,-45.210,43.090,204608035
-134.563,-45.499,46.804,204629039
-135.302,-45.765,50.428,204650037
-135.545,-45.580,53.606,204671035
-135.835,-45.150,56.702,204692035
-137.547,-45.518,59.683,204713041
-139.185,-45.525,62.527,204734036
-141.147,-45.470,65.540,204755040
-142.790,-45.410,68.362,204776035
-144.253,-45.072,71.128,204797035
-145.415,-44.676,73.732,204818035
-146.213,-44.184,76.157,204839035
-146.605,-43.431,78.405,204860035
-146.280,-42.900,80.282,204881038
-146.686,-42.720,82.924,204902038
-146.570,-42.546,85.397,204923037
-146.073,-42.439,87.778,204944038
-145.294,-42.494,90.136,204965035
-144.177,-42.708,92.515,204986038
-142.787,-43.041,94.954,205007035
-141.248,-43.569,97.531,205028035
-139.408,-44.203,100.187,205049035
-137.238,-44.920,102.842,205070035
-133.934,-45.553,103.818,205091035
-130.769,-46.168,104.824,205112035
-127.940,-46.720,106.012,205133035
-125.555,-47.121,107.481,205154035
-123.781,-47.285,109.361,205175039
-122.877,-47.368,111.857,205196040
-122.649,-47.374,114.844,205217038
-123.035,-47.256,118.294,205238040
-124.101,-46.875,122.322,205259039
-125.439,-46.027,126.595,205280038
-127.081,-45.131,131.145,205301040
-129.046,-43.847,135.932,205322035
-131.270,-42.251,140.928,205343035
-133.482,-40.307,145.881,205364036
-136.070,-38.010,151.048,205385035
-138.408,-35.595,155.996,205406038
-140.402,-33.161,160.622,205427041
-142.197,-30.882,164.991,205448035
-143.786,-28.706,168.582,205469035
-145.194,-26.446,171.955,205490035
-146.646,-24.848,175.238,205511035
-147.685,-23.757,178.241,205532041
-148.780,-22.953,181.181,205553035
-149.752,-22.252,184.052,205574035
-150.563,-21.537,186.654,205595035
-151.331,-20.819,189.264,205616035
-152.297,-20.455,192.050,205637037
-153.316,-20.298,194.956,205658038
-154.359,-19.888,198.015,205679035
-155.519,-19.669,201.205,205700035
-156.792,-19.708,204.578,205721035
-158.014,-20.268,208.079,205742035
-159.352,-21.098,211.781,205763035
-160.680,-22.305,215.688,205784042
-162.179,-23.691,219.784,205805035
-163.308,-25.357,223.785,205826035
-164.459,-27.259,227.870,205847035
-165.745,-29.251,232.043,205868038
-166.856,-31.308,236.133,205889035
-167.773,-33.402,240.057,205910036
-168.631,-35.511,243.883,205931038
-169.159,-37.591,247.408,205952039
-169.490,-39.632,250.690,205973037
-169.495,-41.590,253.663,205994039
-169.043,-43.381,256.243,206015039
-168.247,-45.044,258.536,206036038
-167.090,-46.565,260.523,206057035
-165.530,-47.803,262.140,206078035
-163.586,-48.826,263.479,206099039
-161.338,-49.635,264.604,206120035
-158.652,-50.119,265.385,206141035
-155.749,-50.419,266.040,206162038
-152.563,-50.423,266.539,206183045
-149.159,-50.180,266.978,206204039
-145.653,-49.705,267.395,206225039
-142.179,-49.093,267.893,206246041
-138.791,-48.411,268.497,206267035
-135.569,-47.599,269.235,206288035
-132.574,-46.669,270.155,206309038
-130.049,-45.626,271.392,206330035
-127.957,-44.549,272.897,206351039
-126.043,-43.362,274.512,206372039
-124.300,-42.182,276.223,206393035
-122.869,-40.995,278.087,206414035
-121.800,-39.882,280.172,206435035
-121.126,-38.847,282.499,206456035
-120.770,-37.780,284.946,206477044
-120.884,-36.666,287.591,206498039
-121.636,-35.885,290.513,206519037
-122.679,-35.069,293.523,206540039
-124.044,-34.283,296.621,206561035
-125.691,-33.611,299.805,206582035
-127.517,-32.881,303.047,206603035
-129.506,-32.091,306.352,206624035
-131.541,-31.182,309.650,206645039
-133.712,-30.279,313.006,206666039
-135.600,-29.531,316.234,206687035
-137.791,-28.551,319.634,206708035
-139.920,-27.615,322.994,206729035
-141.895,-26.618,326.277,206750035
-143.705,-25.587,329.510,206771039
-145.368,-24.627,332.651,206792035
-146.800,-23.753,335.690,206813035
-147.891,-23.408,338.611,206834039
-148.610,-22.894,341.333,206855038
-149.529,-22.625,344.090,206876035
-150.022,-22.771,346.656,206897040
-150.162,-22.983,349.034,206918035
-150.285,-23.295,351.454,206939035
-150.157,-23.905,353.802,206960039
-149.673,-25.007,356.040,206981035
-149.272,-26.184,358.341,207002040
-148.727,-28.032,0.585,207023040
-148.014,-30.076,2.817,207044038
-147.159,-32.249,4.978,207065035
-146.263,-34.571,7.182,207086041
-145.443,-36.964,9.465,207107039
-144.736,-39.259,11.849,207128035
-144.038,-41.250,14.256,207149038
-143.020,-43.064,16.470,207170035
-142.167,-44.737,18.778,207191035
-141.053,-46.349,20.867,207212035
-139.990,-47.751,22.960,207233035
-139.206,-49.174,25.217,207254035
-138.621,-50.372,27.560,207275041
-138.218,-51.292,29.989,207296038
-137.623,-51.943,32.221,207317035
-137.458,-52.108,34.693,207338039
-137.390,-52.083,37.183,207359035
-136.676,-51.634,39.107,207380035
-135.942,-51.018,40.958,207401038
-135.249,-50.144,42.798,207422035
-135.166,-49.207,45.037,207443035
-134.975,-48.349,47.089,207464035
-134.773,-47.014,49.066,207485035
-134.639,-46.019,51.015,207506035
-134.191,-44.885,52.691,207527039
-133.968,-43.434,54.472,207548035
-133.527,-42.012,56.034,207569038
-133.207,-40.590,57.628,207590035
-132.943,-39.163,59.233,207611035
-132.706,-37.787,60.879,207632035
-132.884,-36.597,62.758,207653035
-133.100,-35.518,64.642,207674035
-133.370,-34.463,66.466,207695039
-133.794,-33.653,68.373,207716035
-134.273,-32.907,70.301,207737035
-134.459,-32.169,72.050,207758035
-134.762,-31.496,73.796,207779035
-135.096,-31.187,75.552,207800041
-135.436,-30.891,77.258,207821035
-135.846,-30.821,78.979,207842035
-136.536,-31.119,80.810,207863035
-137.388,-31.473,82.743,207884035
-138.282,-31.967,84.700,207905035
-139.166,-32.724,86.679,207926039
-140.011,-33.269,88.647,207947035
-140.907,-33.940,90.663,207968035
-141.453,-34.928,92.459,207989039
-141.896,-35.674,94.196,208010035
-142.416,-36.668,95.964,208031038
-142.818,-37.454,97.695,208052035
-143.732,-38.412,99.756,208073035
-144.570,-39.091,101.773,208094035
-145.495,-39.820,103.907,208115040
-146.422,-40.594,106.071,208136035
-147.332,-41.360,108.272,208157041
-147.658,-41.863,110.129,208178035
-147.920,-42.388,111.953,208199035
-148.093,-42.777,113.736,208220035
-148.262,-43.211,115.576,208241035
-148.853,-43.435,117.723,208262035
-149.312,-43.305,119.848,208283039
-149.741,-43.037,121.979,208304035
-149.863,-42.575,123.923,208325035
-150.030,-42.118,125.892,208346040
-150.109,-41.541,127.771,208367035
-149.884,-40.783,129.391,208388035
-149.498,-40.249,130.909,208409036
-149.114,-39.641,132.458,208430035
-148.693,-38.631,133.952,208451040
-148.605,-37.822,135.613,208472035
-148.481,-36.973,137.208,208493035
-148.159,-36.025,138.651,208514039
-147.785,-35.100,140.032,208535035
-147.577,-34.342,141.533,208556035
-146.979,-33.580,142.794,208577035
-146.418,-33.204,144.061,208598035
-145.950,-32.981,145.404,208619040
-145.580,-32.894,146.850,208640038
-145.045,-32.776,148.194,208661035
-144.506,-32.823,149.503,208682039
-144.436,-32.910,151.042,208703035
-144.334,-33.034,152.540,208724035
-144.269,-33.282,154.059,208745035
-144.266,-33.872,155.573,208766035
-144.278,-34.199,157.084,208787035
-144.269,-34.942,158.592,208808039
-144.264,-35.696,160.071,208829040
-144.595,-34.777,160.713,208850035
-144.923,-34.018,161.387,208871040
-145.375,-33.069,162.123,208892035
-145.805,-32.310,162.862,208913035
-146.148,-31.750,163.547,208934039
-146.459,-31.383,164.248,208955035
-146.958,-30.455,164.783,208976035
-147.133,-30.004,165.189,208997035
-147.378,-29.880,165.640,209018035
-147.634,-29.910,166.166,209039038
-147.764,-29.775,166.577,209060035
-147.873,-29.861,167.038,209081035
-147.895,-30.066,167.447,209102039
-148.044,-30.299,167.937,209123039
-148.137,-30.661,168.460,209144035
-148.428,-30.945,169.116,209165041
-148.385,-30.968,169.612,209186040
-148.509,-31.083,170.174,209207035
-148.686,-31.464,170.766,209228044
-148.569,-31.966,171.258,209249035
-148.710,-32.352,171.937,209270035
-148.549,-32.486,172.452,209291041
-148.333,-32.669,172.971,209312036
-148.269,-32.886,173.621,209333038
-148.083,-33.118,174.261,209354035
-148.045,-33.756,175.013,209375039
-147.641,-34.158,175.595,209396035
-147.261,-34.574,176.222,209417035
-147.292,-35.291,177.217,209438039
-147.224,-36.027,178.223,209459035
-147.128,-36.788,179.308,209480035
-147.026,-37.567,180.487,209501035
-146.986,-38.351,181.839,209522038
-146.982,-38.867,183.400,209543035
-147.126,-39.396,185.178,209564035
-147.665,-40.233,187.377,209585043
-147.844,-41.158,189.493,209606035
-148.616,-42.090,192.113,209627040
-149.508,-43.127,194.950,209648041
-150.389,-44.221,197.863,209669038
-151.325,-45.288,200.943,209690035
-152.323,-46.249,204.096,209711037
-152.809,-46.779,206.895,209732035
-153.163,-47.169,209.671,209753035
-153.357,-47.375,212.308,209774035
-153.422,-47.445,214.871,209795039
-153.332,-47.342,217.286,209816035
-153.250,-47.353,219.659,209837035
-152.776,-47.145,221.748,209858035
-152.591,-46.643,224.007,209879035
-151.742,-45.874,225.849,209900035
-150.566,-45.011,227.463,209921035
-149.100,-44.014,228.963,209942038
-147.247,-42.944,230.329,209963039
-145.150,-41.726,231.653,209984040
-142.763,-40.481,232.907,210005035
-140.124,-39.286,234.182,210026039
-137.704,-38.009,235.726,210047039
-135.345,-36.810,237.393,210068035
-133.055,-35.919,239.162,210089035
-130.921,-34.997,241.115,210110040
-128.576,-34.192,242.950,210131035
-126.525,-33.524,244.855,210152035
-124.857,-33.047,246.954,210173035
-123.559,-32.519,249.196,210194040
-122.630,-32.213,251.574,210215035
-122.086,-32.055,254.021,210236038
-122.251,-32.067,256.752,210257035
-122.747,-31.886,259.540,210278035
-123.594,-31.826,262.376,210299041
-124.639,-31.717,265.214,210320039
-126.099,-31.744,268.169,210341035
-125.571,-32.418,269.397,210362037
-125.084,-33.240,270.726,210383035
-124.967,-33.954,272.385,210404035
-125.228,-34.543,274.333,210425035
-125.930,-35.000,276.672,210446039
-126.308,-35.715,278.989,210467035
-126.976,-35.971,281.615,210488035
-127.661,-36.164,284.496,210509038
-128.396,-35.985,287.535,210530039
-129.271,-35.622,290.821,210551038
-130.104,-35.281,294.291,210572035
-131.085,-34.918,298.075,210593039
-132.176,-34.334,302.245,210614039
-133.399,-33.587,306.770,210635040
-135.606,-31.772,309.594,210656041
-137.974,-30.043,312.734,210677035
-140.128,-28.543,315.864,210698035
-142.107,-27.322,319.010,210719035
-143.852,-26.366,322.163,210740039
-145.419,-25.778,325.373,210761035
-146.788,-25.521,328.605,210782038
-147.818,-25.726,331.876,210803038
-148.465,-26.249,335.091,210824035
-148.959,-27.141,338.442,210845039
-149.307,-28.159,341.962,210866035
-149.660,-29.487,345.623,210887035
-150.013,-31.112,349.466,210908035
-150.380,-32.961,353.495,210929035
-150.662,-34.965,357.551,210950035
-151.138,-37.414,1.781,210971035
-151.814,-39.429,6.175,210992035
-152.319,-41.242,10.414,211013035
-152.983,-42.947,14.673,211034035
-153.441,-44.339,18.685,211055035
-153.721,-45.436,22.434,211076035
-153.662,-46.229,25.765,211097035
-153.229,-46.901,28.672,211118039
-152.756,-47.582,31.398,211139039
-152.547,-48.015,34.215,211160040
-152.178,-48.214,36.856,211181042
-151.538,-48.282,39.235,211202035
-150.628,-48.183,41.324,211223035
-149.764,-47.803,43.391,211244035
-148.293,-47.022,44.988,211265035
-146.465,-46.283,46.327,211286037
-144.523,-45.454,47.582,211307035
-142.396,-44.692,48.818,211328037
-140.082,-44.025,50.032,211349035
-137.632,-43.474,51.281,211370038
-135.000,-43.038,52.540,211391035
-132.168,-42.745,53.767,211412035
-129.834,-42.644,55.722,211433035
-127.341,-42.582,57.624,211454040
-124.909,-42.524,59.583,211475035
-122.599,-42.558,61.636,211496037
-120.526,-42.701,63.862,211517035
-118.852,-42.804,66.361,211538035
-117.568,-42.964,69.065,211559039
-116.859,-42.968,72.142,211580039
-116.847,-42.982,75.687,211601035
-117.385,-42.990,79.557,211622035
-118.436,-42.963,83.728,211643039
-119.889,-42.800,88.119,211664044
-121.791,-42.550,92.782,211685039
-124.208,-42.372,97.806,211706040
-126.855,-42.007,102.931,211727035
-129.542,-41.276,108.066,211748035
-132.404,-40.322,113.297,211769035
-135.477,-38.856,118.530,211790035
-138.924,-36.634,122.226,211811035
-141.998,-34.495,125.646,211832035
-144.668,-32.525,128.741,211853035
-146.911,-30.835,131.494,211874035
-148.846,-29.432,134.033,211895040
-150.413,-28.406,136.333,211916035
-151.882,-27.967,138.531,211937038
-153.233,-27.776,140.693,211958035
-154.344,-27.462,142.727,211979038
-155.153,-27.401,144.593,212000039
-155.690,-27.571,146.310,212021035
-156.095,-28.062,147.937,212042035
-156.301,-28.808,149.467,212063035
-156.456,-29.817,150.953,212084035
-156.439,-31.359,152.287,212105039
-156.376,-33.013,153.573,212126035
-156.091,-34.196,154.422,212147036
-155.721,-35.085,155.060,212168039
-155.174,-35.702,155.675,212189039
-154.609,-36.445,156.345,212210038
-153.956,-37.267,156.967,212231035
-153.393,-38.174,157.644,212252035
-152.898,-39.359,158.415,212273037
-152.174,-40.503,159.105,212294035
-151.495,-41.610,159.904,212315035
-150.796,-42.663,160.840,212336039
-150.214,-43.708,161.927,212357035
-149.709,-44.758,163.164,212378035
-149.129,-45.712,164.423,212399035
-148.381,-46.349,165.606,212420045
-147.804,-46.850,166.956,212441035
-147.386,-47.255,168.491,212462035
-146.987,-47.514,170.031,212483041
-146.523,-47.984,171.523,212504040
-146.508,-48.379,173.351,212525040
-146.597,-48.584,175.257,212546040
-146.791,-48.817,177.309,212567035
-146.712,-49.056,179.138,212588038
-146.295,-48.828,180.694,212609035
-146.175,-48.442,182.445,212630035
-145.880,-48.198,184.101,212651038
-145.786,-47.576,185.930,212672041
-145.893,-46.869,187.975,212693038
-146.129,-46.428,190.136,212714041
-146.542,-45.754,192.447,212735039
-146.947,-45.139,194.740,212756039
-147.240,-44.495,196.943,212777040
-147.269,-43.460,198.925,212798035
-146.860,-42.354,200.583,212819041
-146.486,-41.142,202.306,212840039
-145.863,-39.845,203.945,212861035
-145.043,-38.523,205.534,212882037
-144.169,-37.205,207.197,212903035
-143.245,-35.929,208.825,212924035
-142.221,-34.606,210.445,212945038
-141.435,-33.325,212.287,212966035
-140.439,-32.473,214.042,212987035
-139.665,-31.636,215.950,213008040
-138.447,-30.584,217.663,213029039
-137.146,-29.766,219.344,213050039
-135.879,-29.163,221.049,213071038
-134.678,-28.637,222.788,213092038
-133.610,-28.367,224.577,213113038
-132.975,-28.416,226.577,213134039
-132.240,-28.248,228.450,213155035
-131.799,-28.281,230.419,213176035
-131.512,-28.503,232.429,213197041
-131.414,-29.142,234.478,213218039
-131.088,-29.706,236.441,213239035
-130.894,-30.282,238.370,213260038
-130.873,-30.973,240.367,213281035
-131.105,-31.503,242.423,213302035
-131.411,-32.385,244.481,213323035
-132.232,-33.148,246.771,213344035
-133.149,-33.820,249.065,213365035
-134.206,-34.526,251.420,213386037
-135.308,-35.053,253.764,213407035
-136.511,-35.551,256.084,213428035
-137.827,-36.164,258.413,213449035
-138.920,-36.843,260.576,213470035
-139.904,-37.270,262.657,213491035
-140.992,-37.391,264.724,213512040
-142.318,-37.505,266.914,213533037
-143.721,-37.705,269.115,213554035
-144.986,-37.723,271.208,213575040
-146.151,-37.659,273.218,213596035
-147.114,-37.502,275.045,213617035
-148.166,-37.523,276.887,213638039
-148.956,-37.687,278.535,213659035
-149.482,-37.780,279.991,213680035
-149.887,-37.848,281.392,213701035
-150.226,-37.488,282.723,213722041
-150.415,-37.128,283.945,213743039
-150.525,-36.747,285.111,213764035
-150.555,-36.367,286.245,213785039
-150.410,-35.937,287.285,213806035
-149.921,-35.848,288.138,213827035
-149.389,-35.790,289.026,213848038
-148.782,-35.752,289.846,213869035
-148.193,-35.786,290.685,213890035
-147.492,-35.799,291.456,213911040
-146.842,-35.855,292.256,213932035
-146.475,-36.067,293.159,213953039
-145.875,-36.276,293.932,213974035
-145.508,-36.199,294.824,213995035
-145.207,-36.221,295.776,214016040
-144.704,-36.241,296.569,214037038
-144.071,-36.584,297.334,214058039
-143.635,-37.103,298.194,214079044
-143.389,-37.657,299.141,214100038
-142.871,-38.024,299.905,214121035
-142.413,-38.464,300.662,214142047
-142.466,-38.865,301.727,214163042
-142.198,-39.399,302.592,214184035
-142.347,-39.677,303.712,214205040
-142.521,-39.909,304.828,214226035
-142.433,-40.385,305.835,214247039
-142.643,-40.925,307.057,214268035
-142.895,-41.407,308.314,214289035
-143.249,-41.824,309.622,214310040
-143.464,-42.094,310.824,214331035
-144.108,-42.092,312.364,214352035
-144.789,-42.128,313.984,214373035
-145.157,-41.808,315.493,214394035
-145.492,-41.411,317.079,214415035
-145.770,-40.997,318.769,214436038
-145.839,-40.594,320.377,214457035
-145.815,-40.267,322.071,214478035
-145.845,-40.097,323.982,214499039
-145.785,-39.939,326.023,214520035
-145.718,-39.863,328.131,214541035
-145.920,-39.574,330.481,214562038
-145.651,-39.431,332.580,214583035
-145.490,-39.118,334.851,214604035
-145.124,-38.862,337.080,214625035
-144.811,-38.663,339.417,214646035
-144.508,-38.487,341.773,214667035
-144.211,-38.777,344.168,214688036
-144.059,-39.011,346.635,214709035
-143.950,-39.218,349.155,214730040
-143.423,-39.191,351.404,214751040
-143.307,-39.404,353.928,214772035
-142.828,-39.340,356.193,214793039
-142.159,-39.496,358.322,214814035
-141.494,-39.638,0.400,214835035
-140.830,-39.822,2.441,214856040
-140.177,-40.046,4.461,214877035
-139.662,-40.345,6.497,214898035
-139.480,-40.468,8.710,214919040
-139.251,-40.442,10.841,214940040
-139.042,-40.470,12.945,214961040
-138.652,-40.239,14.927,214982035
-137.994,-39.978,16.696,215003035
-137.319,-39.734,18.476,215024038
-137.947,-39.979,20.946,215045040
-138.653,-40.025,23.567,215066038
-139.323,-39.984,26.166,215087039
-140.001,-40.234,28.822,215108035
-140.419,-40.461,31.456,215129049
-140.477,-40.767,33.995,215150035
-140.041,-41.139,36.332,215171035
-139.225,-41.488,38.504,215192035
-138.199,-41.830,40.573,215213040
-137.113,-42.212,42.683,215234040
-135.830,-42.654,44.700,215255040
-134.429,-43.149,46.716,215276038
-133.021,-43.653,48.890,215297040
-131.552,-44.135,51.100,215318035
-130.153,-44.465,53.355,215339035
-128.952,-44.631,55.750,215360035
-127.837,-44.799,58.119,215381039
-126.957,-44.749,60.630,215402035
-126.350,-44.722,63.359,215423035
-126.107,-44.432,66.395,215444035
-126.619,-43.849,69.993,215465039
-127.431,-43.049,73.724,215486035
-128.678,-42.148,77.733,215507035
-130.160,-40.977,81.939,215528038
-131.876,-39.633,86.365,215549035
-133.716,-38.141,90.849,215570035
-135.505,-36.511,95.212,215591041
-137.270,-34.843,99.509,215612040
-138.905,-33.108,103.680,215633035
-140.205,-31.749,107.616,215654035
-141.508,-30.578,111.481,215675035
-142.695,-29.162,115.168,215696038
-143.792,-27.932,118.709,215717035
-144.695,-26.927,122.044,215738041
-145.421,-26.184,125.190,215759040
-146.155,-25.752,128.271,215780038
-146.778,-25.570,131.209,215801041
-147.346,-25.675,134.010,215822043
-147.918,-26.260,136.757,215843040
-148.341,-27.142,139.394,215864035
-148.822,-28.224,142.006,215885039
-149.247,-29.499,144.557,215906035
-149.483,-30.635,147.069,215927038
-150.003,-31.876,149.847,215948038
-150.739,-33.292,152.787,215969040
-151.667,-34.917,155.889,215990035
-152.721,-36.927,159.154,216011040
-153.840,-38.978,162.553,216032035
-155.081,-40.944,166.085,216053035
-156.324,-42.878,169.713,216074049
-157.712,-44.682,173.519,216095035
-159.120,-46.367,177.403,216116040
-160.445,-47.856,181.276,216137035
-161.635,-49.099,185.054,216158035
-162.978,-50.106,188.942,216179039
-163.707,-50.732,192.328,216200035
-164.268,-51.164,195.524,216221035
-164.662,-51.401,198.580,216242038
-164.906,-51.126,201.518,216263039
-164.223,-50.678,203.733,216284038
-163.071,-50.312,205.577,216305039
-161.386,-49.666,207.025,216326039
-159.297,-48.896,208.169,216347038
-156.852,-47.979,209.060,216368038
-154.123,-46.819,209.826,216389035
-151.142,-45.543,210.481,216410035
-147.964,-44.253,211.069,216431035
-144.771,-42.840,211.730,216452035
-141.659,-41.407,212.526,216473035
-138.601,-39.952,213.448,216494035
-135.579,-38.533,214.419,216515040
-132.683,-37.231,215.520,216536035
-129.947,-36.150,216.741,216557035
-127.498,-35.221,218.143,216578039
-125.308,-34.416,219.670,216599035
-123.419,-33.691,221.323,216620035
-122.079,-33.369,223.205,216641042
-120.942,-33.139,225.113,216662035
-120.470,-32.856,227.352,216683035
-120.350,-32.684,229.713,216704038
-120.606,-32.677,232.216,216725035
-120.824,-32.648,234.683,216746035
-121.475,-32.970,237.314,216767035
-122.498,-33.341,240.111,216788039
-123.790,-33.610,242.989,216809039
-125.655,-33.658,246.146,216830035
-127.938,-33.838,249.525,216851041
-130.407,-33.775,253.046,216872035
-132.998,-33.604,256.612,216893035
-135.659,-33.283,260.229,216914035
-138.252,-32.775,263.798,216935035
-140.802,-32.103,267.310,216956035
-143.176,-31.304,270.732,216977038
-145.486,-30.498,274.116,216998035
-147.274,-29.637,277.319,217019035
-149.123,-28.816,280.684,217040035
-150.765,-28.042,284.031,217061035
-152.017,-27.249,287.265,217082035
-153.059,-26.590,290.430,217103039
-153.846,-26.207,293.645,217124041
-153.966,-26.256,296.737,217145035
-154.054,-26.683,299.924,217166035
-153.843,-27.298,303.043,217187039
-153.464,-28.206,306.167,217208035
-153.115,-29.524,309.446,217229035
-152.866,-31.156,312.862,217250035
-152.214,-32.739,316.124,217271035
-151.554,-34.490,319.395,217292035
-151.107,-36.396,322.777,217313040
-150.609,-38.385,326.092,217334035
-150.445,-40.667,329.570,217355035
-150.316,-42.863,333.011,217376040
-150.212,-44.977,336.376,217397035
-150.165,-46.843,339.649,217418035
-150.114,-48.471,342.765,217439035
-150.050,-49.664,345.726,217460035
-149.831,-50.454,348.450,217481035
-149.018,-51.051,350.621,217502035
-148.094,-51.385,352.636,217523035
-147.096,-51.604,354.515,217544035
-145.978,-51.430,356.263,217565035
-145.333,-51.298,358.241,217586035
-144.604,-50.942,0.073,217607035
-143.645,-50.428,1.660,217628035
-142.538,-49.761,3.099,217649035
-141.126,-48.797,4.292,217670035
-139.769,-47.763,5.470,217691035
-138.334,-46.565,6.596,217712035
-136.870,-45.338,7.728,217733035
-135.391,-44.180,8.947,217754035
-133.823,-43.043,10.139,217775035
-132.323,-41.614,11.442,217796035
-130.657,-40.443,12.719,217817035
-128.999,-39.448,14.097,217838039
-127.301,-38.548,15.493,217859035
-125.571,-37.562,16.906,217880035
-123.941,-36.636,18.414,217901035
-122.424,-35.911,19.998,217922038
-121.039,-35.308,21.650,217943039
-119.870,-34.846,23.403,217964035
-118.973,-34.523,25.281,217985035
-118.395,-34.313,27.269,218006035
-118.212,-34.282,29.407,218027035
-118.503,-34.542,31.791,218048051
-119.120,-34.900,34.349,218069039
-119.820,-35.163,36.920,218090042
-121.191,-35.696,39.830,218111039
-122.524,-36.236,42.709,218132035
-124.675,-36.808,46.047,218153039
-126.995,-37.043,49.523,218174035
-129.721,-37.276,53.285,218195035
-132.631,-37.346,57.122,218216035
-135.695,-37.217,61.027,218237035
-138.796,-36.957,64.986,218258035
-141.844,-36.430,68.906,218279039
-144.845,-35.774,72.811,218300035
-147.747,-35.010,76.648,218321041
-150.033,-34.328,80.092,218342038
-152.501,-33.739,83.591,218363035
-154.729,-33.127,86.927,218384035
-156.734,-32.412,90.094,218405040
-158.193,-31.681,92.932,218426035
-159.394,-31.139,95.549,218447035
-160.320,-30.832,97.935,218468040
-160.698,-31.005,100.017,218489035
-161.133,-31.153,102.088,218510038
-161.321,-31.899,104.007,218531035
-161.274,-32.844,105.814,218552035
-161.193,-33.975,107.564,218573039
-161.022,-35.209,109.228,218594035
-160.705,-36.184,110.769,218615035
-160.200,-37.219,112.198,218636035
-159.423,-38.281,113.449,218657035
-158.551,-39.351,114.569,218678042
-157.399,-40.396,115.523,218699035
-156.308,-41.700,116.456,218720035
-155.311,-42.895,117.483,218741041
-154.255,-43.904,118.471,218762035
-153.227,-44.771,119.509,218783039
-152.230,-45.151,120.606,218804035
-151.070,-45.634,121.587,218825035
-149.980,-45.817,122.601,218846035
-149.066,-45.951,123.721,218867040
-147.832,-46.101,124.564,218888035
-146.876,-46.431,125.557,218909035
-145.978,-46.631,126.569,218930038
-145.159,-46.682,127.629,218951035
-144.420,-46.629,128.739,218972040
-143.635,-46.430,129.855,218993035
-142.832,-45.827,130.926,219014035
-142.250,-45.104,132.135,219035035
-142.023,-44.455,133.600,219056039
-141.746,-43.714,134.995,219077037
-141.819,-43.087,136.639,219098035
-141.830,-42.763,138.274,219119035
-142.292,-42.332,140.205,219140040
-142.989,-41.974,142.334,219161035
-143.931,-41.763,144.651,219182035
-145.067,-41.521,147.091,219203040
-146.262,-41.244,149.556,219224035
-147.249,-40.718,151.870,219245035
-148.244,-40.541,154.214,219266049
-149.526,-40.066,156.860,219287036
-150.775,-39.576,159.521,219308040
-151.717,-39.357,162.025,219329035
-153.026,-38.964,164.836,219350040
-154.254,-38.757,167.602,219371035
-155.092,-38.554,170.106,219392035
-155.497,-38.145,172.351,219413035
-155.714,-37.734,174.455,219434035
-155.651,-37.377,176.410,219455035
-155.318,-37.139,178.241,219476038
-154.763,-36.869,179.955,219497035
-153.911,-36.698,181.509,219518035
-152.749,-36.617,182.930,219539035
-151.254,-36.575,184.217,219560043
-149.514,-36.699,185.461,219581035
-147.576,-36.837,186.667,219602035
-145.239,-36.720,187.705,219623035
-142.744,-36.511,188.755,219644035
-140.140,-36.214,189.813,219665035
-137.386,-36.022,190.898,219686039
-134.680,-35.712,192.082,219707035
-131.955,-35.554,193.323,219728035
-129.664,-35.336,194.859,219749035
-127.639,-35.248,196.555,219770035
-125.938,-35.248,198.382,219791038
-124.613,-35.368,200.349,219812035
-123.327,-35.621,202.262,219833035
-122.359,-35.800,204.278,219854035
-121.795,-35.970,206.470,219875035
-121.638,-36.133,208.822,219896038
-121.878,-36.332,211.308,219917035
-122.503,-36.530,213.962,219938035
-123.866,-36.652,216.995,219959035
-125.468,-36.657,220.156,219980035
-127.326,-36.651,223.401,220001035
-129.347,-36.435,226.751,220022038
-131.470,-35.991,230.164,220043035
-131.832,-36.386,232.696,220064035
-132.170,-36.725,235.373,220085039
-132.738,-36.751,238.412,220106035
-133.483,-36.522,241.732,220127035
-134.331,-36.061,245.231,220148044
-135.588,-35.396,249.133,220169035
-136.751,-34.639,253.118,220190043
-137.992,-33.889,257.376,220211035
-139.181,-33.126,261.858,220232035
-141.083,-31.386,264.489,220253035
-142.869,-29.904,267.306,220274039
-144.267,-28.703,270.103,220295035
-145.632,-27.843,273.030,220316035
-146.562,-27.272,275.906,220337035
-147.598,-27.170,279.005,220358035
-148.582,-27.208,282.281,220379041
-149.295,-27.527,285.593,220400039
-149.837,-28.223,289.019,220421039
-150.179,-29.381,292.597,220442035
-150.493,-30.902,296.309,220463035
-150.982,-32.635,300.255,220484039
-151.890,-34.844,304.537,220505035
-152.615,-37.202,308.861,220526035
-153.661,-39.185,313.396,220547035
-154.801,-41.045,318.031,220568035
-155.815,-42.626,322.578,220589046
-156.755,-43.984,327.046,220610039
-157.833,-45.163,331.527,220631036
-158.783,-46.094,335.873,220652035
-159.649,-47.079,340.092,220673041
-160.352,-47.830,344.101,220694035
-160.776,-48.436,347.779,220715035
-160.851,-48.873,351.120,220736035
-160.892,-49.073,354.373,220757035
-160.648,-49.121,357.321,220778038
-159.541,-48.894,359.538,220799035
-158.242,-48.487,1.532,220820035
-156.734,-47.983,3.341,220841040
-155.107,-47.210,5.033,220862035
-153.317,-46.443,6.557,220883035
-151.486,-45.455,7.996,220904037
-149.596,-44.392,9.367,220925035
-147.671,-43.362,10.663,220946035
-145.773,-42.180,11.961,220967035
-143.854,-40.985,13.296,220988035
-141.936,-39.944,14.707,221009035
-140.031,-38.873,16.129,221030035
-138.247,-37.724,17.624,221051035
-136.578,-36.514,19.184,221072041
-135.028,-35.369,20.837,221093035
-133.774,-34.267,22.671,221114035
-132.959,-33.286,24.781,221135035
-132.408,-32.515,27.009,221156035
-131.685,-31.790,29.150,221177035
-131.573,-31.468,31.622,221198038
-131.349,-31.020,34.035,221219035
-131.376,-30.675,36.580,221240035
-131.746,-30.223,39.247,221261035
-132.692,-30.064,42.221,221282035
-133.829,-30.076,45.340,221303039
-135.103,-29.872,48.519,221324035
-136.513,-29.687,51.722,221345035
-138.052,-29.678,54.946,221366041
-139.711,-29.813,58.207,221387035
-141.377,-29.900,61.444,221408035
-142.940,-30.355,64.625,221429039
-144.325,-30.863,67.661,221450040
-145.561,-31.383,70.600,221471041
-147.087,-32.075,73.687,221492041
-148.412,-32.489,76.651,221513035
-149.653,-33.009,79.523,221534035
-150.859,-33.667,82.367,221555035
-151.937,-34.365,85.129,221576035
-152.944,-35.136,87.823,221597035
-153.714,-36.221,90.379,221618035
-154.347,-37.303,92.860,221639035
-154.768,-38.321,95.212,221660035
-155.329,-39.004,97.632,221681035
-155.845,-39.898,100.030,221702035
-155.949,-40.453,102.146,221723035
-156.050,-41.005,104.266,221744035
-156.194,-41.703,106.400,221765039
-156.063,-42.142,108.334,221786035
-155.505,-42.832,109.929,221807035
-155.050,-43.475,111.563,221828035
-154.334,-43.997,113.014,221849040
-153.550,-44.386,114.377,221870035
-152.605,-44.622,115.621,221891035
-151.454,-44.552,116.715,221912035
-150.299,-44.278,117.760,221933040
-149.001,-43.949,118.662,221954035
-147.830,-43.490,119.630,221975039
-146.386,-43.031,120.371,221996035
-145.218,-42.823,121.281,222017035
-144.037,-42.573,122.173,222038038
-143.177,-42.224,123.268,222059038
-142.155,-41.949,124.270,222080035
-141.003,-41.521,125.172,222101035
-140.156,-40.783,126.335,222122035
-139.204,-40.103,127.479,222143035
-138.386,-39.415,128.747,222164039
-137.815,-38.714,130.167,222185035
-137.584,-38.123,131.800,222206035
-137.495,-37.775,133.530,222227040
-137.483,-37.358,135.304,222248035
-137.521,-37.209,137.151,222269035
-137.385,-37.107,138.920,222290035
-137.138,-36.905,140.649,222311035
-136.953,-36.482,142.514,222332035
-136.659,-36.110,144.387,222353035
-136.256,-35.722,146.263,222374035
-135.883,-35.137,148.268,222395035
-135.357,-34.608,150.310,222416038
-134.900,-34.437,152.467,222437035
-134.606,-34.304,154.794,222458035
-134.288,-34.203,157.178,222479035
-133.964,-34.086,159.611,222500035
-133.263,-33.959,161.861,222521035
-132.508,-33.727,164.143,222542039
-131.804,-33.463,166.494,222563035
-131.140,-33.282,168.886,222584035
-130.502,-33.263,171.289,222605035
-129.990,-33.365,173.743,222626035
-130.044,-33.407,176.402,222647040
-130.197,-33.398,179.063,222668035
-130.691,-33.613,181.854,222689035
-130.943,-33.775,184.433,222710040
-131.814,-33.925,187.289,222731035
-132.506,-34.248,189.974,222752035
-133.310,-34.435,192.649,222773035
-134.534,-34.439,195.478,222794035
-135.731,-34.364,198.283,222815041
-137.184,-34.458,201.197,222836035
-138.672,-34.499,204.111,222857035
-140.146,-34.429,207.030,222878041
-141.628,-34.338,209.940,222899035
-143.153,-34.303,212.861,222920035
-144.383,-33.915,215.619,222941035
-145.433,-33.808,218.231,222962035
-146.427,-33.688,220.812,222983035
-147.354,-33.601,223.373,223004035
-148.243,-33.534,225.883,223025035
-149.087,-33.181,228.343,223046038
-150.069,-32.942,230.886,223067035
-150.856,-32.736,233.395,223088035
-151.233,-32.328,235.758,223109035
-151.664,-31.816,238.294,223130036
-151.680,-31.104,240.699,223151035
-151.544,-30.238,243.116,223172041
-151.258,-29.324,245.509,223193035
-150.895,-28.253,247.907,223214035
-150.384,-27.287,250.320,223235048
-150.160,-26.726,252.996,223256049
-149.836,-25.968,255.796,223277040
-149.502,-25.456,258.704,223298038
-148.891,-25.483,261.724,223319039
-148.780,-24.223,263.879,223340039
-148.611,-23.454,266.239,223361041
-148.404,-23.214,268.802,223382036
-148.099,-23.475,271.561,223403038
-147.744,-24.214,274.445,223424039
-147.489,-25.430,277.558,223445039
-147.292,-26.171,280.775,223466039
-146.914,-27.092,284.008,223487039
-146.783,-28.283,287.384,223508035
-146.750,-29.800,290.862,223529036
-146.921,-31.565,294.433,223550035
-147.248,-33.524,298.107,223571035
-147.753,-35.661,301.853,223592035
-148.171,-37.600,305.533,223613035
-148.780,-39.517,309.221,223634035
-149.500,-41.376,312.943,223655035
-149.831,-42.817,316.307,223676037
-149.862,-44.248,319.423,223697035
-150.380,-45.487,322.840,223718035
-150.787,-46.654,326.127,223739035
-150.960,-47.707,329.175,223760035
-151.080,-48.528,332.058,223781037
-151.010,-49.148,334.718,223802035
-150.767,-49.554,337.236,223823035
-150.162,-49.734,339.444,223844035
-149.316,-49.809,341.492,223865035
-148.077,-49.778,343.414,223886035
-146.154,-49.629,345.009,223907046
-143.768,-49.470,346.448,223928037
-140.937,-49.300,347.723,223949035
-137.802,-49.139,348.807,223970039
-134.412,-48.932,349.748,223991035
-130.857,-48.695,350.595,224012035
-127.309,-48.369,351.414,224033035
-123.858,-47.923,352.301,224054035
-120.687,-47.342,353.348,224075035
-117.943,-46.731,354.699,224096035
-115.702,-46.098,356.354,224117035
-113.908,-45.568,358.295,224138035
-112.724,-44.991,0.611,224159036
-112.157,-44.315,3.345,224180035
-112.663,-43.647,6.831,224201035
-113.823,-42.863,10.827,224222035
-115.612,-41.948,15.293,224243035
-117.549,-40.708,19.873,224264035
-119.857,-39.322,24.721,224285040
-122.240,-37.827,29.654,224306037
-124.857,-36.255,34.762,224327039
-127.792,-34.627,40.120,224348040
-130.767,-32.763,45.490,224369035
-133.784,-30.073,50.052,224390040
-136.745,-27.529,54.459,224411037
-139.215,-25.077,58.498,224432040
-141.434,-22.871,62.280,224453040
-143.267,-20.984,65.757,224474035
-144.826,-19.469,68.993,224495035
-146.044,-18.507,71.993,224516035
-147.094,-18.042,74.821,224537035
-147.946,-17.985,77.570,224558035
-149.039,-18.170,80.374,224579041
-150.043,-18.752,83.154,224600035
-150.991,-19.644,85.992,224621035
-151.624,-19.542,88.690,224642035
-152.402,-19.407,91.572,224663035
-153.373,-19.781,94.699,224684035
-154.249,-19.832,97.959,224705040
-155.366,-20.365,101.464,224726035
-156.564,-21.224,105.155,224747035
-157.894,-22.415,109.001,224768041
-159.330,-23.911,112.966,224789038
-160.886,-25.613,117.019,224810040
-162.482,-27.480,121.093,224831038
-164.112,-29.437,125.222,224852039
-165.689,-31.432,129.360,224873039
-167.220,-33.375,133.486,224894039
-168.507,-35.242,137.468,224915039
-169.899,-37.023,141.481,224936038
-171.070,-38.772,145.325,224957041
-171.896,-40.474,148.929,224978038
-172.169,-42.036,152.121,224999038
-171.979,-43.442,154.991,225020043
-171.457,-44.786,157.553,225041041
-170.548,-45.928,159.808,225062039
-169.326,-46.904,161.863,225083039
-167.880,-47.836,163.754,225104040
-165.915,-48.410,165.287,225125035
-164.062,-48.677,166.991,225146035
-162.025,-48.895,168.641,225167035
-158.947,-48.874,169.648,225188035
-155.686,-48.573,170.599,225209036
-152.203,-48.221,171.471,225230035
-148.688,-47.607,172.349,225251035
-145.245,-46.971,173.264,225272036
-141.900,-46.150,174.187,225293040
-138.825,-45.129,175.262,225314039
-136.355,-44.132,176.655,225335039
-134.128,-43.075,178.157,225356040
-132.107,-41.934,179.762,225377039
-130.113,-40.761,181.361,225398039
-128.405,-39.759,183.125,225419038
-127.032,-38.803,185.073,225440038
-126.002,-37.892,187.130,225461043
-125.299,-36.957,189.276,225482039
-125.007,-36.015,191.548,225503039
-125.412,-35.273,194.128,225524038
-126.087,-34.632,196.787,225545038
-126.888,-33.862,199.508,225566035
-127.917,-33.006,202.387,225587035
-129.144,-32.083,205.492,225608037
-130.195,-30.986,208.569,225629035
-131.282,-29.826,211.809,225650035
-132.679,-28.520,215.262,225671038
-133.815,-27.381,218.672,225692035
-135.280,-26.038,222.285,225713035
-136.659,-24.669,225.876,225734035
-137.964,-23.295,229.419,225755036
-139.214,-22.005,232.896,225776037
-140.363,-20.877,236.274,225797038
-141.383,-19.950,239.520,225818040
-142.349,-19.366,242.669,225839040
-143.201,-19.102,245.731,225860040
-143.957,-19.247,248.743,225881040
-144.472,-19.875,251.661,225902040
-144.993,-20.888,254.647,225923038
-145.597,-21.982,257.690,225944038
-145.826,-23.632,260.636,225965039
-145.987,-25.528,263.647,225986039
-146.132,-27.791,266.718,226007039
-146.297,-30.358,269.891,226028039
-146.526,-33.117,273.164,226049035
-146.968,-36.008,276.573,226070035
-147.463,-38.887,280.058,226091035
-148.109,-41.627,283.616,226112035
-148.805,-43.804,287.195,226133039
-149.426,-45.727,290.679,226154035
-149.785,-47.405,293.883,226175035
-150.238,-48.759,297.027,226196035
-150.543,-49.801,299.953,226217035
-150.739,-50.862,302.694,226238035
-151.245,-51.511,305.581,226259035
-151.503,-51.942,308.226,226280035
-151.613,-52.124,310.712,226301036
-151.509,-52.091,312.932,226322037
-150.988,-51.534,314.781,226343049
-149.915,-50.973,316.174,226364040
-148.693,-50.304,317.421,226385039
-147.401,-49.357,318.613,226406037
-145.955,-48.358,319.763,226427037
-144.394,-47.268,320.913,226448035
-142.945,-46.444,322.232,226469035
-141.095,-45.397,323.348,226490035
-139.383,-44.522,324.614,226511035
-137.280,-43.520,325.661,226532035
-135.049,-42.446,326.663,226553035
-132.752,-41.458,327.657,226574035
-130.485,-40.487,328.683,226595035
-128.336,-39.601,329.805,226616035
-126.285,-38.825,331.019,226637035
-124.425,-38.173,332.365,226658035
-122.779,-37.588,333.805,226679035
-121.395,-37.135,335.361,226700035
-120.500,-36.883,337.133,226721035
-119.860,-36.728,338.949,226742039
-119.499,-36.704,340.879,226763035
-119.655,-36.817,343.045,226784035
-120.005,-37.056,345.322,226805035
-120.763,-37.360,347.851,226826035
-122.318,-37.855,350.882,226847041
-124.214,-38.216,354.103,226868039
-126.468,-38.533,357.537,226889039
-128.980,-38.817,1.143,226910037
-131.735,-38.960,4.886,226931041
-134.578,-38.823,8.738,226952039
-137.666,-38.762,12.779,226973038
-140.852,-38.418,16.923,226994035
-143.906,-38.078,20.969,227015035
-146.566,-37.551,24.755,227036040
-149.382,-36.728,28.589,227057035
-151.799,-35.705,32.127,227078035
-153.888,-34.741,35.423,227099035
-155.686,-33.824,38.479,227120035
-157.143,-33.024,41.317,227141035
-158.330,-32.368,44.001,227162040
-159.369,-32.064,46.615,227183035
-159.962,-32.072,49.005,227204035
-160.556,-32.100,51.393,227225035
-160.625,-32.449,53.481,227246035
-160.360,-32.907,55.376,227267035
-160.061,-33.216,57.232,227288039
-159.364,-33.721,58.824,227309035
-158.697,-34.289,60.430,227330035
-157.804,-34.926,61.895,227351035
-156.610,-35.752,63.209,227372041
-155.446,-36.840,64.540,227393040
-154.591,-37.717,66.037,227414040
-153.446,-38.744,67.345,227435038
-152.021,-39.489,68.450,227456037
-150.651,-40.232,69.559,227477035
-149.388,-40.566,70.726,227498039
-148.363,-40.841,72.041,227519035
-147.510,-41.202,73.456,227540035
-146.269,-41.330,74.596,227561038
-145.169,-41.773,75.808,227582035
-144.200,-42.177,77.093,227603043
-143.161,-42.474,78.299,227624035
-142.334,-42.709,79.604,227645035
-141.328,-42.461,80.779,227666038
-140.413,-42.469,81.996,227687035
-139.605,-42.089,83.252,227708035
-139.016,-41.620,84.613,227729042
-138.451,-41.083,85.980,227750035
-138.092,-40.518,87.472,227771035
-137.564,-40.190,88.852,227792038
-137.069,-39.781,90.209,227813039
-136.907,-39.466,91.734,227834039
-137.026,-38.924,93.458,227855047
-136.988,-38.155,95.075,227876038
-136.928,-37.785,96.701,227897035
-137.055,-37.030,98.424,227918040
-137.037,-36.324,100.038,227939035
-137.152,-35.617,101.720,227960035
-137.578,-35.093,103.575,227981038
-137.957,-34.865,105.361,228002035
-138.469,-34.512,107.193,228023035
-138.870,-34.339,108.951,228044035
-139.420,-34.019,110.795,228065038
-139.537,-33.749,112.415,228086035
-139.671,-33.590,114.051,228107035
-139.721,-33.320,115.629,228128035
-139.773,-33.281,117.169,228149035
-140.067,-32.997,118.849,228170035
-140.360,-32.804,120.514,228191035
-140.395,-32.990,122.008,228212035
-140.833,-33.045,123.693,228233035
-141.115,-32.984,125.311,228254038
-141.609,-33.097,127.025,228275039
-141.642,-33.252,128.464,228296035
-141.705,-33.380,129.860,228317039
-141.779,-33.471,131.220,228338039
-141.814,-33.662,132.524,228359039
-141.842,-33.908,133.787,228380035
-141.889,-34.338,135.003,228401040
-142.095,-34.456,136.294,228422035
-142.287,-34.657,137.554,228443035
-142.530,-35.058,138.787,228464035
-142.673,-35.538,139.934,228485039
-142.283,-35.858,140.727,228506035
-142.357,-36.219,141.765,228527035
-142.141,-36.770,142.594,228548037
-141.701,-37.000,143.219,228569035
-141.437,-37.538,143.899,228590035
-141.070,-37.671,144.483,228611039
-140.782,-38.198,145.082,228632035
-140.709,-38.398,145.790,228653041
-140.615,-38.491,146.447,228674039
-140.183,-38.556,146.856,228695035
-140.034,-38.923,147.443,228716035
-139.667,-39.058,147.872,228737039
-139.355,-39.121,148.286,228758035
-139.269,-39.368,148.834,228779035
-139.429,-39.216,149.491,228800039
-139.701,-39.139,150.233,228821043
-139.721,-39.263,150.830,228842038
-140.049,-39.099,151.625,228863040
-140.426,-38.940,152.428,228884035
-140.791,-38.716,153.221,228905035
-140.696,-38.488,153.720,228926035
-140.654,-38.174,154.254,228947039
-140.801,-38.135,154.886,228968035
-141.201,-37.714,155.645,228989035
-141.534,-37.262,156.336,229010041
-141.674,-36.843,156.902,229031035
-142.216,-36.550,157.703,229052035
-142.786,-36.225,158.567,229073035
-143.340,-36.025,159.404,229094035
-143.906,-35.917,160.209,229115035
-143.983,-35.652,160.682,229136035
-144.116,-35.576,161.144,229157035
-144.145,-35.373,161.544,229178040
-144.139,-35.122,161.900,229199035
-144.578,-35.029,162.514,229220035
-144.556,-34.900,162.848,229241042
-144.996,-34.782,163.458,229262035
-145.411,-34.724,164.030,229283035
-145.772,-34.613,164.579,229304039
-146.036,-34.427,165.098,229325040
-146.304,-34.246,165.647,229346039
-146.187,-34.252,166.015,229367039
-145.965,-34.176,166.387,229388039
-145.901,-33.813,166.881,229409035
-145.582,-33.707,167.295,229430035
-145.193,-33.405,167.695,229451035
-145.180,-33.238,168.359,229472035
-145.123,-33.001,169.068,229493041
-145.003,-32.726,169.784,229514035
-144.650,-32.302,170.409,229535037
-143.115,-32.553,169.827,229556042
-141.316,-32.769,169.222,229577035
-139.618,-32.861,168.672,229598038
-138.030,-32.925,168.240,229619035
-136.598,-32.913,167.953,229640035
-135.287,-32.865,167.815,229661035
-134.594,-32.687,168.076,229682035
-133.730,-32.700,168.283,229703038
-133.322,-32.457,168.757,229724035
-133.032,-32.571,169.349,229745035
-132.804,-32.719,170.012,229766035
-132.612,-32.813,170.728,229787035
-132.498,-32.826,171.373,229808035
-132.323,-33.312,171.518,229829035
-132.012,-33.981,171.695,229850038
-132.243,-34.768,172.248,229871039
-132.740,-35.293,173.024,229892039
-133.394,-35.798,173.858,229913039
-134.206,-36.578,174.575,229934037
-134.765,-37.252,175.174,229955040
-135.104,-38.040,175.756,229976035
-135.571,-38.698,176.490,229997038
-136.153,-39.057,177.394,230018035
-136.802,-39.341,178.451,230039035
-137.282,-39.915,179.438,230060043
-138.314,-40.422,180.480,230081039
-139.406,-40.867,181.683,230102035
-140.649,-41.391,182.966,230123039
-141.640,-42.065,184.063,230144035
-142.445,-42.578,185.059,230165035
-143.291,-43.061,185.987,230186035
-144.095,-43.474,187.026,230207035
-145.208,-43.640,188.254,230228035
-146.239,-43.754,189.442,230249035
-147.345,-43.950,190.528,230270035
-148.333,-44.082,191.575,230291035
-149.259,-44.275,192.559,230312038
-150.091,-44.583,193.438,230333038
-150.737,-44.688,194.245,230354038
-150.823,-44.981,194.648,230375038
-150.918,-45.294,194.995,230396039
-150.982,-45.630,195.267,230417036
-150.942,-45.909,195.483,230438035
-151.178,-45.913,195.758,230459035
-150.976,-46.070,195.750,230480035
-151.002,-45.942,195.842,230501035
-151.215,-45.889,196.017,230522035
-150.775,-45.845,195.758,230543035
-150.831,-45.689,195.814,230564041
-150.383,-45.652,195.537,230585037
-149.917,-45.621,195.235,230606040
-149.442,-45.360,194.892,230627035
-149.031,-45.039,194.611,230648039
-148.434,-44.967,194.146,230669035
-148.162,-45.083,193.871,230690035
-148.049,-44.874,193.681,230711035
-148.022,-44.836,193.567,230732039
-147.959,-44.675,193.390,230753039
-147.893,-44.684,193.257,230774035
-147.365,-44.646,192.727,230795035
-146.919,-44.397,192.349,230816035
-146.561,-44.433,191.994,230837041
-146.481,-44.099,191.847,230858039
-146.207,-44.025,191.541,230879040
-146.334,-43.711,191.474,230900035
-146.497,-43.371,191.434,230921035
-146.687,-43.059,191.351,230942035
-146.439,-42.904,190.949,230963035
-146.305,-42.891,190.643,230984035
-145.999,-42.801,190.306,231005035
-145.718,-42.671,189.974,231026035
-145.501,-42.539,189.699,231047035
-145.372,-42.017,189.700,231068039
-145.123,-41.810,189.799,231089039
-145.102,-41.252,190.188,231110039
-144.957,-40.550,190.576,231131042
-144.946,-39.892,191.121,231152041
-144.801,-39.009,191.682,231173037
-144.523,-38.325,192.493,231194039
-143.874,-37.580,193.207,231215035
-143.328,-36.756,194.167,231236038
-142.739,-35.671,195.255,231257039
-142.449,-34.241,196.705,231278035
-142.009,-32.743,198.233,231299035
-141.709,-31.112,199.973,231320035
-141.712,-29.399,202.003,231341035
-141.783,-27.696,204.118,231362039
-141.905,-25.993,206.365,231383041
-142.021,-24.348,208.626,231404039
-142.200,-22.907,210.978,231425035
-142.366,-21.637,213.377,231446038
-142.320,-20.476,215.702,231467035
-142.366,-20.044,218.050,231488035
-142.565,-19.585,220.403,231509035
-142.569,-19.273,222.700,231530035
-142.675,-19.261,225.046,231551035
-142.647,-19.968,227.383,231572035
-142.630,-21.045,229.801,231593035
-142.620,-22.421,232.309,231614039
-142.761,-24.271,234.963,231635037
-142.952,-26.500,237.810,231656038
-143.221,-28.966,240.809,231677035
-143.674,-31.737,244.045,231698035
-144.507,-34.671,247.608,231719035
-145.259,-37.589,251.243,231740035
-146.324,-40.165,255.188,231761042
-147.565,-42.607,259.339,231782040
-149.354,-45.161,263.950,231803035
-151.325,-47.427,268.748,231824035
-153.513,-49.260,273.716,231845035
-155.806,-50.764,278.769,231866037
-157.904,-51.959,283.642,231887039
-160.077,-52.661,288.540,231908039
-162.045,-53.088,293.214,231929039
-163.051,-53.208,297.054,231950041
-163.649,-52.985,300.472,231971035
-163.937,-52.470,303.598,231992035
-164.311,-52.071,306.761,232013035
-164.311,-51.531,309.607,232034035
-164.179,-50.679,312.321,232055035
-163.661,-49.762,314.711,232076035
-162.259,-48.889,316.463,232097035
-160.778,-48.124,318.356,232118035
-158.507,-47.342,319.908,232139035
-155.871,-46.658,321.432,232160040
-152.965,-46.068,323.024,232181039
-149.797,-45.583,324.625,232202035
-146.516,-45.129,326.370,232223040
-142.970,-44.767,328.040,232244040
-137.447,-44.666,326.522,232265037
-132.177,-44.270,325.357,232286039
-127.378,-43.682,324.658,232307038
-123.182,-42.962,324.439,232328035
-119.500,-42.349,324.631,232349035
-116.405,-41.727,325.234,232370037
-114.035,-41.144,326.337,232391038
-112.273,-40.646,327.856,232412037
-111.185,-40.261,329.817,232433042
-110.903,-40.185,332.391,232454039
-111.513,-39.754,335.632,232475039
-112.488,-39.305,339.246,232496045
-114.394,-39.154,343.577,232517042
-116.893,-38.440,348.398,232538042
-119.668,-37.645,353.488,232559035
-123.035,-36.856,358.976,232580042
-126.531,-35.671,4.573,232601035
-130.106,-34.257,10.188,232622035
-133.696,-32.260,15.700,232643041
-137.588,-29.868,20.425,232664035
-141.099,-27.463,24.795,232685035
-144.247,-25.208,28.800,232706035
-146.972,-23.183,32.458,232727035
-149.290,-21.383,35.792,232748035
-151.199,-19.915,38.841,232769043
-152.848,-19.225,41.769,232790040
-154.518,-18.644,44.655,232811038
-155.976,-18.412,47.555,232832039
-157.302,-18.528,50.514,232853039
-158.537,-19.017,53.610,232874040
-159.542,-18.117,56.217,232895040
-160.572,-17.710,59.088,232916043
-161.391,-17.383,61.966,232937039
-162.304,-17.118,65.107,232958039
-163.126,-16.912,68.374,232979039
-163.986,-16.815,71.886,233000040
-164.860,-17.010,75.611,233021035
-165.771,-17.717,79.548,233042035
-166.715,-18.647,83.629,233063035
-167.347,-19.840,87.752,233084035
-167.956,-21.666,91.899,233105035
-168.759,-23.734,96.113,233126035
-169.441,-25.927,100.201,233147035
-170.051,-28.225,104.137,233168041
-170.602,-30.600,107.940,233189035
-171.102,-33.035,111.582,233210035
-171.397,-35.501,115.007,233231035
-171.435,-37.983,118.206,233252049
-171.171,-40.371,121.129,233273035
-170.500,-42.595,123.731,233294035
-169.564,-44.666,126.067,233315039
-168.234,-46.448,128.098,233336040
-166.630,-47.987,129.863,233357037
-164.594,-49.186,131.317,233378039
-162.083,-49.965,132.426,233399039
-159.155,-50.437,133.280,233420038
-156.236,-50.554,134.242,233441039
-152.999,-50.822,135.011,233462038
-149.199,-50.661,135.406,233483035
-145.370,-50.312,135.853,233504036
-141.626,-49.752,136.402,233525035
-138.161,-49.000,137.163,233546039
-135.071,-48.129,138.175,233567038
-132.450,-47.207,139.471,233588040
-130.601,-45.972,141.253,233609039
-129.275,-44.756,143.355,233630039
-128.212,-43.401,145.553,233651035
-127.225,-41.953,147.754,233672042
-126.425,-40.664,150.006,233693040
-125.882,-39.278,152.407,233714039
-125.656,-38.014,154.959,233735035
-125.894,-36.559,157.686,233756039
-126.440,-35.208,160.468,233777035
-126.965,-34.163,163.205,233798040
-128.072,-32.908,166.253,233819035
-129.375,-31.689,169.377,233840040
-130.802,-30.415,172.577,233861041
-132.277,-29.050,175.824,233882035
-133.705,-27.607,179.108,233903041
-135.200,-26.174,182.463,233924039
-136.495,-24.663,185.784,233945035
-137.765,-22.983,189.124,233966035
-139.103,-21.249,192.458,233988035
-140.292,-19.519,195.704,234009035
-141.370,-17.875,198.872,234030035
-142.342,-16.410,201.985,234051035
-143.186,-15.219,204.995,234072035
-143.936,-14.341,207.899,234093035
-144.631,-13.926,210.747,234114035
-145.170,-13.915,213.483,234135035
-145.551,-14.332,216.159,234156035
-145.930,-14.963,218.788,234177037
-146.021,-16.172,221.296,234198035
-145.907,-17.700,223.837,234219040
-145.732,-19.646,226.445,234240035
-145.543,-22.023,229.133,234261035
-145.609,-24.906,231.999,234282039
-145.738,-28.075,235.019,234303035
-145.774,-31.450,238.069,234324035
-145.942,-34.943,241.265,234345038
-146.461,-38.379,244.721,234366035
-147.123,-41.515,248.294,234387035
-147.577,-44.294,251.729,234408040
-148.361,-46.856,255.331,234429035
-149.382,-49.151,259.038,234450035
-149.826,-51.046,262.234,234471039
-150.595,-52.891,265.602,234492035
-151.603,-54.318,269.036,234513035
-152.211,-55.455,272.095,234534037
-152.722,-56.270,275.022,234555035
-152.585,-56.531,277.414,234576035
-152.668,-56.753,279.968,234597035
-152.181,-56.659,282.047,234618039
-151.535,-56.045,284.024,234639035
-150.366,-55.385,285.581,234660042
-149.178,-54.776,287.183,234681036
-148.074,-53.995,288.908,234702035
-146.369,-53.139,290.257,234723042
-144.304,-52.239,291.440,234744035
-141.782,-50.952,292.297,234765035
-139.096,-49.509,293.108,234786041
-136.282,-48.073,293.944,234807035
-133.495,-46.678,294.938,234828035
-130.738,-45.251,295.991,234849035
-127.957,-43.913,297.031,234870035
-125.303,-42.630,298.191,234891039
-122.850,-41.397,299.528,234912037
-120.623,-40.229,301.017,234933035
-118.781,-39.175,302.731,234954039
-117.345,-38.285,304.720,234975035
-116.233,-37.571,306.872,234996035
-115.655,-36.977,309.309,235017035
-115.522,-36.549,311.974,235038035
-115.778,-36.238,314.816,235059037
-116.884,-36.100,318.147,235080035
-118.469,-36.007,321.730,235101035
-120.541,-35.888,325.608,235122035
-122.999,-35.639,329.701,235143035
-125.887,-35.332,334.025,235164035
-129.037,-34.798,338.489,235185035
-132.358,-34.023,343.031,235206035
-135.817,-33.210,347.605,235227035
-138.910,-32.450,351.904,235248035
-141.761,-31.379,355.997,235269035
-144.569,-30.205,359.979,235290035
-147.330,-29.214,3.869,235311038
-149.745,-28.282,7.473,235332038
-151.890,-27.528,10.831,235353035
-153.798,-26.966,13.968,235374035
-155.475,-26.610,16.902,235395035
-156.821,-26.832,19.603,235416035
-158.015,-27.243,22.160,235437035
-158.954,-27.857,24.582,235458039
-159.682,-28.688,26.908,235479035
-160.362,-29.561,29.198,235500040
-160.734,-30.403,31.332,235521035
-160.975,-31.493,33.401,235542049
-160.706,-32.734,35.151,235563035
-160.509,-34.061,36.908,235584035
-160.020,-35.879,38.477,235605035
-159.344,-37.720,39.887,235626035
-158.858,-39.597,41.385,235647035
-157.984,-41.383,42.630,235668035
-157.006,-43.040,43.738,235689035
-156.162,-44.548,44.955,235710035
-155.243,-45.487,46.110,235731040
-154.531,-46.347,47.423,235752039
-153.332,-46.947,48.406,235773035
-151.980,-47.615,49.275,235794035
-150.845,-48.253,50.298,235815035
-149.973,-48.655,51.514,235836039
-149.175,-48.865,52.776,235857035
-148.137,-49.087,53.887,235878035
-147.079,-49.160,54.937,235899037
-145.797,-48.734,55.817,235920035
-144.808,-48.192,56.893,235941035
-143.644,-47.615,57.869,235962035
-142.601,-46.954,58.953,235983037
-141.801,-46.187,60.209,236004039
-141.097,-45.694,61.577,236025036
-140.700,-45.215,63.196,236046041
-140.341,-44.705,64.876,236067035
-139.838,-44.041,66.494,236088035
-139.650,-43.455,68.385,236109037
-139.210,-42.433,70.135,236130035
-138.706,-41.434,71.924,236151035
-138.133,-40.510,73.693,236172041
-137.545,-39.543,75.516,236193041
-136.894,-38.602,77.338,236214035
-136.040,-37.889,79.094,236235035
-135.570,-37.054,81.136,236256039
-135.102,-36.321,83.249,236277035
-134.392,-35.830,85.332,236298035
-133.872,-35.091,87.571,236319035
-132.958,-34.482,89.659,236340035
-132.060,-33.910,91.780,236361036
-131.204,-33.333,93.941,236382035
-130.422,-32.875,96.142,236403035
-129.759,-32.456,98.422,236424035
-129.467,-32.460,100.898,236445035
-129.535,-32.246,103.558,236466041
-129.733,-32.030,106.220,236487041
-130.192,-31.992,108.978,236508038
-130.471,-31.897,111.592,236529040
-130.903,-31.852,114.212,236550041
-131.464,-31.981,116.834,236571039
-132.227,-32.212,119.530,236592040
-133.179,-32.486,122.262,236613035
-134.287,-32.453,125.014,236634035
-135.773,-32.551,127.938,236655035
-137.235,-32.551,130.801,236676037
-138.788,-32.606,133.626,236697039
-140.283,-32.600,136.371,236718035
-141.746,-32.559,139.074,236739035
-143.194,-32.810,141.722,236760035
-144.501,-33.065,144.271,236781036
-145.820,-33.002,146.779,236802035
-146.939,-32.910,149.135,236823035
-148.195,-33.104,151.555,236844035
-149.350,-33.366,153.892,236865035
-150.130,-33.351,156.028,236886042
-151.071,-33.380,158.220,236907035
-151.867,-33.456,160.272,236928035
-152.186,-33.823,162.046,236949040
-152.485,-34.330,163.773,236970035
-152.668,-34.867,165.426,236991039
-152.520,-35.354,166.867,237012036
-152.358,-35.618,168.280,237033039
-152.038,-36.277,169.565,237054035
-152.027,-36.841,171.010,237075042
-151.701,-37.174,172.273,237096035
-151.457,-37.825,173.558,237117035
-150.673,-38.353,174.524,237138043
-149.916,-38.946,175.493,237159035
-149.094,-39.497,176.463,237180040
-148.152,-39.939,177.411,237201039
-147.290,-40.354,178.451,237222035
-146.454,-40.658,179.604,237243042
-145.573,-40.878,180.864,237264035
-144.682,-40.740,182.234,237285035
-143.705,-40.647,183.748,237306035
-142.696,-40.454,185.499,237327035
-141.740,-40.470,187.590,237348039
-140.893,-40.172,189.971,237369035
-139.961,-40.134,192.503,237390035
-139.124,-40.160,195.367,237411035
-138.390,-40.295,198.496,237432035
-137.716,-40.318,201.863,237453035
-137.448,-40.322,205.602,237474035
-137.218,-40.362,209.496,237495039
-137.023,-40.414,213.498,237516035
-137.135,-40.503,217.679,237537041
-137.396,-40.543,221.923,237558035
-137.832,-40.640,226.237,237579035
-138.410,-40.730,230.558,237600038
-139.019,-40.871,234.782,237621035
-139.300,-41.026,238.724,237642035
-139.917,-41.080,242.749,237663035
-140.072,-40.755,246.311,237684039
-142.227,-41.555,249.852,237705040
-143.925,-42.318,253.116,237726043
-145.927,-43.128,256.562,237747039
-147.705,-43.723,259.831,237768035
-149.051,-44.263,262.828,237789037
-150.230,-44.551,265.710,237810035
-151.042,-44.749,268.415,237831037
-151.195,-45.007,270.850,237852035
-150.663,-45.191,273.056,237873035
-149.603,-45.373,275.125,237894035
-148.061,-45.527,276.986,237915035
-147.265,-45.767,279.700,237936035
-146.082,-46.006,282.206,237957035
-144.603,-46.268,284.683,237978035
-142.839,-46.580,287.161,237999035
-140.655,-46.859,289.529,238020039
-137.001,-46.917,289.806,238041035
-133.453,-46.903,290.218,238062035
-130.246,-46.624,290.916,238083035
-127.378,-46.242,291.846,238104035
-124.882,-45.771,293.008,238125035
-122.963,-45.161,294.575,238146037
-121.555,-44.422,296.475,238167035
-120.795,-43.527,298.820,238188035
-120.561,-42.517,301.534,238209038
-120.906,-41.404,304.677,238230039
-121.871,-40.197,308.257,238251038
-123.127,-38.779,312.020,238273035
-124.665,-37.329,316.032,238294035
-126.697,-36.005,320.427,238315035
-128.881,-34.439,324.927,238336040
-131.565,-32.584,329.675,238357035
-134.289,-30.694,334.405,238378035
-136.796,-28.702,338.940,238399039
-139.046,-26.751,343.266,238420041
-141.147,-24.933,347.434,238441035
-142.903,-23.302,351.341,238462035
-144.499,-21.902,355.014,238483035
-146.035,-21.189,358.539,238504040
-147.467,-20.651,1.908,238525039
-148.400,-20.490,5.027,238546035
-149.444,-20.346,8.111,238567035
-150.459,-20.736,11.078,238588035
-151.099,-21.170,13.837,238609035
-151.567,-21.915,16.465,238630037
-151.946,-22.971,18.966,238651035
-151.923,-24.429,21.220,238672035
-151.992,-26.424,23.438,238693035
-152.155,-28.628,25.697,238714039
-152.203,-30.993,27.858,238735039
-152.141,-33.456,29.906,238756040
-152.198,-35.988,32.054,238777039
-152.279,-38.528,34.238,238798035
-152.373,-40.990,36.440,238819035
-152.672,-43.197,38.813,238840035
-152.865,-45.057,41.236,238861035
-153.145,-47.116,43.772,238882035
-153.641,-48.927,46.528,238903035
-154.233,-50.517,49.432,238924038
-154.810,-51.848,52.379,238945035
-155.377,-52.890,55.353,238966035
-155.715,-53.622,58.112,238987035
-155.738,-53.990,60.622,239008039
-155.564,-54.054,62.926,239029039
-155.245,-53.726,65.035,239050040
-154.599,-53.314,66.849,239071039
-153.741,-52.607,68.434,239092039
-152.675,-51.641,69.834,239113039
-151.887,-50.430,71.457,239134039
-150.895,-49.039,72.929,239155035
-149.625,-47.463,74.220,239176035
-148.030,-45.836,75.337,239197040
-146.286,-44.147,76.387,239218036
-144.345,-42.450,77.384,239239037
-142.431,-40.643,78.519,239260041
-140.436,-38.889,79.667,239281039
-138.276,-37.233,80.793,239302039
-136.237,-35.569,82.078,239323038
-134.506,-34.281,83.533,239344038
-132.829,-33.100,85.052,239365035
-130.861,-32.054,86.417,239386035
-129.079,-31.128,87.824,239407035
-127.469,-30.419,89.257,239428039
-126.091,-29.883,90.804,239449035
-124.953,-29.520,92.439,239470035
-124.066,-29.421,94.138,239491035
-123.838,-29.637,96.105,239512035
-123.957,-29.730,98.205,239533039
-124.337,-29.921,100.389,239554038
-125.020,-30.234,102.679,239575039
-125.987,-30.729,105.067,239596039
-126.773,-31.073,107.328,239617036
-127.771,-31.587,109.627,239638035
-129.016,-32.169,111.971,239659042
-130.340,-32.613,114.216,239680035
-131.914,-33.220,116.534,239701039
-133.798,-33.383,118.991,239722038
-135.795,-33.608,121.479,239743040
-137.847,-33.694,123.988,239764035
-137.765,-34.668,125.069,239785035
-137.839,-35.628,126.253,239806035
-138.045,-36.459,127.484,239827035
-138.406,-37.186,128.787,239848035
-138.881,-37.795,130.194,239869039
-139.543,-38.378,131.690,239890035
-140.575,-38.646,133.385,239911039
-141.619,-38.783,135.053,239932036
-142.562,-38.713,136.664,239953035
-143.501,-38.572,138.346,239974035
-144.345,-38.269,140.048,239995035
-145.069,-37.709,141.722,240016035
-145.340,-37.114,143.187,240037037
-145.578,-36.444,144.731,240058039
-145.743,-35.632,146.295,240079039
-145.834,-34.541,147.913,240100038
-145.856,-33.273,149.576,240121039
-145.845,-31.876,151.352,240142044
-145.740,-30.396,153.215,240163050
-145.599,-28.927,155.169,240184039
-145.427,-27.403,157.137,240205035
-145.112,-25.757,159.081,240226037
-144.598,-24.506,161.004,240247039
-144.328,-23.103,163.068,240268039
-144.016,-21.782,165.056,240289040
-143.873,-21.172,167.164,240310035
-143.816,-20.668,169.267,240331035
-143.338,-20.410,171.254,240352035
-143.223,-20.310,173.378,240373035
-143.223,-20.591,175.621,240394035
-143.080,-21.510,177.855,240415035
-142.956,-22.720,180.183,240436045
-142.950,-24.225,182.637,240457039
-143.084,-26.025,185.280,240478041
-143.344,-28.127,188.154,240499039
-143.735,-30.566,191.272,240520035
-144.386,-33.235,194.688,240541035
-145.034,-35.563,198.217,240562041
-145.781,-37.964,201.882,240583038
-148.551,-42.762,210.221,240625035
-150.324,-44.963,214.712,240646035
-152.164,-46.677,219.244,240667035
-154.029,-48.252,223.788,240688038
-155.903,-49.457,228.303,240709035
-157.653,-50.209,232.646,240730038
-159.223,-50.651,236.749,240751038
-160.065,-50.621,240.144,240773039
-160.475,-50.356,243.144,240794036
-160.633,-50.206,245.906,240815039
-160.830,-49.883,248.633,240836037
-160.879,-49.298,251.175,240857035
-160.615,-48.653,253.446,240878035
-160.032,-47.974,255.441,240899035
-158.678,-47.067,256.809,240920035
-157.116,-46.006,258.100,240941037
-155.247,-45.122,259.332,240962041
-153.109,-44.208,260.579,240983040
-150.771,-43.393,261.892,241004039
-148.220,-42.704,263.276,241025035
-145.553,-42.101,264.781,241046035
-142.622,-41.449,266.224,241067035
-139.751,-40.915,267.908,241088039
-136.854,-40.423,269.783,241109036
-133.942,-39.948,271.895,241130035
-129.927,-39.528,272.268,241151035
-126.395,-38.948,273.143,241172035
-123.384,-38.406,274.476,241193035
-120.926,-37.858,276.224,241214035
-119.170,-37.222,278.515,241235035
-118.335,-36.601,281.476,241256039
-118.157,-35.904,284.985,241277039
-118.656,-35.273,288.933,241298039
-119.689,-34.558,293.261,241319039
-121.058,-33.708,297.812,241340035
-123.012,-33.164,302.735,241361035
-125.310,-32.363,307.872,241382035
-127.924,-31.380,313.166,241403039
-130.732,-30.243,318.526,241424035
-133.522,-28.991,323.772,241445040
-136.228,-27.448,328.857,241466039
-138.772,-25.938,333.642,241487037
-141.127,-24.555,338.156,241508040
-143.173,-23.389,342.361,241529039
-144.899,-22.531,346.239,241550042
-146.507,-21.956,349.885,241571035
-148.204,-22.045,353.453,241592041
-149.875,-22.412,357.038,241613035
-151.411,-21.682,0.288,241634035
-152.798,-21.282,3.540,241655038
-154.228,-21.297,6.845,241676035
-155.562,-21.109,10.265,241697035
-156.862,-20.976,13.754,241718035
-158.101,-20.963,17.315,241739035
-159.559,-21.389,21.053,241760035
-161.145,-22.209,25.026,241781041
-162.784,-23.349,29.160,241802040
-164.435,-24.755,33.472,241823039
-166.064,-26.327,37.865,241844038
-167.590,-28.029,42.282,241865039
-168.975,-29.781,46.618,241886038
-170.137,-31.540,50.794,241907035
-171.027,-33.220,54.731,241928035
-172.120,-35.099,58.730,241949035
-173.028,-36.943,62.541,241970039
-173.580,-38.761,66.043,241991038
-174.041,-40.540,69.381,242012040
-174.081,-42.246,72.402,242033039
-173.609,-43.718,75.079,242054035
-172.778,-45.089,77.450,242075042
-171.672,-46.287,79.629,242096039
-170.144,-47.219,81.552,242117035
-168.216,-47.917,83.239,242138035
-166.021,-48.463,84.806,242159035
-163.415,-48.748,86.129,242180040
-161.011,-48.607,87.669,242201035
-158.343,-48.289,89.112,242222035
-155.315,-47.770,90.373,242243040
-152.063,-47.220,91.510,242264035
-148.868,-46.559,92.720,242285035
-145.817,-45.824,94.008,242306039
-142.925,-44.939,95.425,242327040
-140.218,-43.962,96.932,242348035
-137.736,-42.855,98.554,242369035
-135.603,-41.656,100.381,242390035
-133.882,-40.442,102.430,242411035
-132.547,-39.201,104.690,242432035
-131.187,-38.086,106.865,242453035
-130.145,-36.982,109.221,242474041
-129.417,-35.996,111.721,242495038
-128.947,-34.993,114.314,242516035
-128.740,-34.210,117.012,242537037
-128.818,-33.198,119.894,242558039
-129.170,-32.172,123.003,242579035
-129.544,-31.117,126.215,242600039
-130.081,-30.122,129.601,242621039
-130.686,-29.042,133.087,242642035
-131.264,-27.875,136.598,242663035
-131.727,-26.687,140.149,242684035
-132.271,-25.618,143.812,242705039
-132.895,-24.836,147.557,242726035
-133.160,-24.312,151.192,242747038
-133.705,-23.753,154.997,242768039
-134.213,-23.404,158.830,242789035
-134.750,-23.372,162.673,242810043
-135.177,-23.554,166.432,242831039
-135.793,-24.269,170.262,242852035
-136.082,-25.313,173.895,242873035
-136.418,-26.595,177.523,242894049
-136.918,-28.152,181.201,242915035
-137.574,-29.863,184.936,242936035
-138.159,-31.667,188.629,242957035
-138.827,-33.105,192.333,242978038
-139.379,-34.501,195.897,242999035
-139.818,-35.950,199.341,243020035
-140.323,-37.254,202.760,243041035
-140.925,-38.371,206.095,243062035
-141.593,-39.326,209.410,243083035
-142.404,-40.317,212.708,243104043
-143.170,-41.044,215.860,243125038
-143.829,-41.599,218.827,243146038
-144.420,-41.949,221.641,243167039
-144.885,-42.317,224.375,243188039
-145.069,-42.664,226.917,243209035
-144.739,-42.789,229.142,243230035
-144.210,-42.802,231.278,243251038
-143.553,-42.883,233.309,243272035
-143.244,-42.894,235.588,243293035
-142.697,-42.918,237.793,243314040
-141.740,-43.012,239.799,243335035
-140.608,-43.080,241.773,243356035
-139.216,-43.036,243.604,243377038
-137.715,-42.719,245.335,243398035
-136.209,-42.522,247.089,243419035
-134.671,-42.387,248.794,243440039
-133.169,-42.376,250.574,243461035
-131.811,-42.449,252.507,243482035
-130.630,-42.705,254.629,243503035
-129.561,-42.911,256.822,243524035
-128.769,-43.065,259.265,243545036
-128.280,-43.122,261.869,243566035
-128.362,-43.178,264.818,243587035
-128.614,-43.156,267.804,243608040
-129.153,-43.076,270.923,243629039
-129.636,-42.951,273.985,243650041
-130.667,-42.606,277.345,243671038
-132.001,-42.164,280.857,243692035
-133.572,-41.595,284.494,243714035
-135.252,-40.814,288.149,243735035
-137.014,-39.897,291.807,243756040
-138.512,-38.796,295.223,243777039
-140.013,-37.691,298.611,243798039
-141.644,-36.885,302.040,243819039
-143.289,-36.002,305.416,243840038
-144.644,-35.259,308.605,243861040
-146.064,-34.225,311.767,243882038
-147.204,-33.160,314.721,243903039
-148.194,-32.167,317.523,243924035
-149.146,-31.341,320.267,243945040
-149.873,-30.623,322.837,243966035
-150.246,-30.113,325.186,243987038
-150.902,-30.009,327.626,244008038
-151.335,-30.124,329.921,244029039
-151.547,-30.454,332.063,244050035
-151.733,-30.928,334.130,244071038
-151.692,-31.157,336.012,244092035
-151.654,-31.622,337.842,244113035
-151.237,-32.535,339.416,244134038
-150.733,-33.317,340.850,244155039
-150.500,-34.127,342.374,244176040
-150.132,-35.380,343.804,244197039
-149.833,-36.659,345.248,244218039
-149.396,-37.889,346.563,244239039
-148.781,-39.026,347.735,244260035
-148.288,-40.132,348.981,244281035
-147.624,-41.110,350.117,244302035
-146.828,-41.790,351.155,244323038
-146.395,-42.237,352.391,244344035
-146.107,-42.652,353.793,244365039
-145.859,-42.895,355.227,244386035
-145.613,-43.395,356.667,244407035
-145.333,-43.753,358.120,244428041
-145.294,-44.041,359.742,244449039
-145.197,-44.218,1.334,244470039
-144.838,-43.996,2.739,244491037
-144.498,-43.761,4.148,244512035
-144.337,-43.342,5.684,244533035
-144.173,-42.873,7.212,244554035
-143.937,-42.378,8.653,244575035
-143.829,-41.845,10.146,244596035
-143.650,-41.658,11.593,244617035
-143.526,-41.450,13.084,244638043
-143.560,-41.239,14.663,244659040
-143.612,-41.008,16.234,244680035
-143.830,-40.427,17.912,244701035
-143.753,-39.756,19.469,244722039
-143.585,-39.094,20.984,244743035
-143.413,-38.528,22.507,244764035
-143.602,-37.880,24.264,244785040
-143.821,-37.302,26.048,244806035
-144.082,-36.932,27.837,244827040
-144.315,-36.545,29.574,244848035
-144.525,-36.411,31.313,244869039
-144.655,-36.060,33.017,244890035
-144.311,-35.880,34.427,244911041
-143.915,-35.628,35.814,244932044
-143.473,-35.367,37.187,244953038
-142.932,-35.094,38.506,244974039
-142.309,-34.859,39.775,244995035
-141.543,-34.738,41.030,245016035
-140.693,-34.625,42.283,245037040
-140.174,-34.721,43.762,245058040
-139.494,-34.840,45.190,245079041
-138.446,-34.634,46.444,245100038
-137.494,-34.805,47.789,245121038
-136.485,-34.951,49.077,245142040
-135.463,-35.028,50.386,245163049
-134.595,-34.930,51.772,245184035
-134.115,-34.869,53.393,245205035
-133.559,-35.115,55.043,245226035
-133.526,-35.219,56.974,245247035
-133.657,-35.361,58.997,245268039
-133.948,-35.492,61.041,245289035
-134.369,-35.564,63.191,245310035
-134.704,-35.517,65.286,245331039
-135.369,-35.495,67.588,245352035
-135.845,-35.673,69.793,245373045
-136.375,-35.724,72.045,245394035
-137.430,-35.718,74.583,245415035
-138.577,-35.803,77.163,245436039
-139.725,-35.754,79.797,245457035
-140.868,-35.554,82.435,245478035
-142.074,-35.610,85.084,245499035
-142.855,-35.390,87.523,245520035
-142.187,-35.945,88.699,245541040
-141.318,-36.594,89.866,245562040
-140.495,-37.090,91.069,245583040
-139.810,-37.451,92.402,245604035
-139.233,-37.771,93.843,245625037
-139.004,-38.150,95.514,245646035
-139.036,-38.135,97.393,245667040
-139.214,-38.049,99.448,245688038
-139.458,-37.856,101.666,245709035
-139.404,-37.690,103.858,245730038
-139.291,-36.668,106.148,245751035
-139.236,-35.477,108.561,245772035
-139.252,-34.051,111.115,245793040
-139.355,-32.513,113.849,245814035
-139.309,-30.859,116.636,245835039
-139.417,-29.074,119.583,245856035
-139.709,-27.318,122.660,245877040
-140.079,-25.608,125.804,245898040
-140.472,-24.016,128.982,245919035
-140.771,-22.606,132.185,245940035
-140.825,-21.808,135.381,245961035
-140.985,-21.475,138.703,245982035
-141.498,-20.160,141.913,246003035
-142.005,-19.496,145.111,246024035
-142.642,-19.365,148.467,246045038
-143.149,-19.681,151.970,246066035
-143.587,-20.300,155.583,246087035
-144.050,-20.499,159.297,246108048
-144.503,-21.250,163.109,246129035
-145.037,-22.948,167.099,246150035
-145.569,-24.897,171.289,246171035
-146.154,-27.182,175.630,246192035
-146.771,-29.408,180.118,246213035
-147.872,-32.296,184.044,246234040
-149.200,-35.013,188.064,246255039
-150.712,-37.608,192.152,246276038
-152.090,-39.883,196.120,246297035
-153.496,-41.937,200.061,246318039
-154.753,-43.711,203.835,246339035
-156.103,-45.366,207.681,246360035
-157.269,-46.832,211.360,246381035
-158.297,-48.117,214.845,246402040
-159.110,-49.216,218.141,246423035
-159.563,-50.187,221.143,246444038
-159.758,-51.002,224.068,246465035
-159.198,-51.775,226.613,246486035
-157.971,-52.563,228.949,246507039
-156.213,-53.337,231.093,246528035
-153.850,-54.092,232.937,246549035
-151.173,-54.839,234.587,246570035
-148.070,-55.461,235.929,246591035
-144.587,-56.032,237.112,246612038
-138.599,-56.303,235.314,246633035
-132.660,-56.203,233.615,246654035
-127.169,-55.660,232.279,246675040
-122.246,-54.872,231.435,246696039
-118.001,-53.905,231.153,246717039
-114.570,-52.745,231.476,246738035
-111.775,-51.449,232.256,246759035
-109.799,-49.993,233.645,246780035
-108.559,-48.462,235.494,246801035
-108.008,-46.959,237.773,246822037
-107.755,-45.204,240.291,246843042
-107.998,-43.475,243.166,246864038
-108.850,-41.932,246.567,246885039
-110.378,-40.469,250.490,246906035
-112.255,-38.937,254.684,246927039
-114.546,-37.399,259.189,246948035
-117.548,-35.550,264.180,246969035
-120.735,-33.507,269.242,246990035
-123.998,-31.374,274.338,247011035
-127.235,-29.134,279.369,247032040
-130.349,-26.833,284.252,247053035
-133.363,-24.543,289.021,247074039
-136.097,-22.408,293.539,247095035
-138.539,-20.581,297.767,247116035
-140.709,-19.124,301.686,247137035
-142.620,-17.779,305.298,247158035
-144.266,-16.745,308.669,247179035
-145.873,-15.989,311.889,247200035
-147.345,-15.647,314.954,247221035
-148.586,-15.673,317.851,247242035
-149.744,-16.104,320.748,247263035
-150.904,-16.962,323.780,247284035
-152.151,-18.289,326.891,247305035
-153.156,-17.941,329.771,247326035
-154.270,-17.710,332.863,247347035
-155.571,-17.978,336.192,247368040
-156.767,-17.850,339.611,247389035
-158.008,-17.870,343.133,247410035
-159.279,-18.101,346.831,247431039
-160.528,-18.588,350.723,247452035
-161.895,-19.440,354.835,247473038
-163.262,-20.968,359.079,247494035
-164.744,-22.631,3.455,247515039
-166.161,-24.404,7.793,247536039
-167.498,-26.206,12.092,247557035
-168.663,-28.046,16.243,247578035
-169.540,-29.874,20.204,247599044
-170.065,-31.689,23.873,247620039
-170.290,-33.511,27.283,247641035
-170.246,-35.350,30.478,247662039
-169.887,-37.165,33.453,247683035
-169.325,-39.069,36.256,247704035
-168.521,-40.933,38.871,247725035
-167.445,-42.726,41.359,247746035
-165.794,-44.254,43.540,247767035
-163.715,-45.629,45.509,247788051
-161.172,-46.765,47.182,247809035
-158.372,-47.724,48.754,247830035
-155.286,-48.397,50.088,247851038
-152.014,-48.930,51.262,247872035
-148.558,-49.202,52.278,247893035
-145.715,-49.301,53.740,247914035
-142.799,-48.972,55.109,247935035
-140.175,-48.518,56.675,247956035
-137.698,-47.773,58.308,247977035
-135.646,-46.867,60.198,247998035
-133.529,-45.889,61.977,248019035
-131.875,-44.853,64.007,248040038
-130.623,-43.643,66.267,248061035
-129.740,-42.329,68.754,248082035
-129.186,-40.875,71.414,248103035
-129.132,-39.278,74.366,248124035
-129.413,-37.730,77.472,248145039
-129.875,-36.115,80.664,248166035
-130.459,-34.338,83.881,248187035
-131.036,-32.554,87.100,248208035
-131.581,-30.872,90.343,248229035
-132.263,-29.076,93.684,248250037
-132.930,-27.266,97.044,248271040
-133.538,-25.487,100.423,248292035
-134.394,-23.774,103.913,248313041
-135.176,-22.095,107.369,248334035
-135.915,-20.581,110.780,248355035
-136.618,-19.241,114.096,248376035
-137.259,-18.071,117.321,248397038
-137.879,-17.228,120.475,248418038
-138.211,-16.999,123.501,248439037
-138.577,-17.137,126.540,248460039
-138.785,-17.667,129.561,248481041
-138.939,-18.546,132.545,248502038
-139.316,-19.836,135.644,248523035
-139.362,-21.285,138.672,248544041
-139.419,-22.917,141.820,248565035
-139.551,-24.726,145.029,248586037
-139.679,-26.772,148.277,248607035
-139.793,-28.940,151.524,248628039
-140.116,-31.444,154.874,248649035
-140.786,-33.854,158.378,248670035
-141.471,-36.232,161.842,248691039
-142.207,-38.452,165.290,248712035
-142.963,-40.257,168.685,248733035
-143.690,-41.898,171.953,248754036
-143.834,-43.333,174.732,248775035
-143.838,-44.565,177.279,248796035
-143.839,-45.802,179.741,248817035
-143.820,-46.963,182.148,248838035
-143.951,-47.823,184.657,248859035
-143.927,-48.450,187.071,248880035
-143.785,-49.086,189.387,248901039
-143.175,-49.205,191.352,248922035
-142.116,-49.389,193.006,248943035
-140.839,-49.370,194.473,248964038
-139.467,-49.110,195.895,248985035
-137.892,-48.821,197.189,249006035
-136.165,-48.548,198.443,249027035
-134.336,-48.256,199.715,249048035
-132.478,-48.005,201.076,249069039
-130.497,-47.752,202.442,249090035
-128.829,-47.303,204.072,249111035
-126.740,-46.813,205.417,249132035
-124.700,-46.464,206.781,249153035
-122.741,-46.239,208.205,249174039
-120.841,-46.099,209.659,249195035
-119.211,-46.101,211.309,249216035
-117.777,-46.116,213.051,249237035
-116.608,-46.174,214.921,249258035
-116.145,-46.267,217.190,249279035
-115.988,-46.406,219.510,249300035
-115.929,-46.387,221.804,249321035
-116.487,-46.528,224.466,249342036
-117.417,-46.568,227.322,249363035
-118.836,-46.799,230.484,249384035
-120.172,-46.716,233.507,249405035
-122.260,-46.840,237.026,249426035
-124.783,-46.467,240.847,249447035
-127.614,-45.896,244.910,249468035
-130.596,-45.100,249.034,249489038
-133.728,-44.109,253.210,249510035
-136.825,-42.954,257.315,249531035
-139.769,-41.603,261.246,249552039
-142.703,-40.275,265.154,249573035
-145.510,-39.067,268.909,249594035
-147.984,-37.586,272.430,249615037
-150.117,-36.469,275.739,249636035
-152.232,-35.107,278.992,249657035
-153.830,-33.742,281.918,249678040
-155.240,-32.529,284.688,249699037
-156.336,-31.495,287.243,249720039
-157.178,-30.669,289.633,249741039
-157.544,-30.281,291.748,249762035
-158.132,-30.053,293.928,249783038
-158.373,-30.436,295.902,249804039
-158.575,-30.999,297.788,249825035
-158.182,-31.753,299.304,249846035
-158.051,-32.442,300.879,249867039
-157.870,-33.386,302.399,249888035
-157.127,-34.354,303.553,249909041
-156.668,-35.382,304.798,249930037
-155.831,-36.376,305.816,249951035
-154.947,-37.700,306.792,249972037
-154.054,-39.023,307.709,249993035
-153.060,-40.243,308.545,250014035
-152.000,-41.401,309.298,250035035
-150.986,-42.427,310.033,250056035
-149.679,-43.197,310.550,250077035
-148.317,-43.771,310.995,250098035
-147.264,-43.983,311.649,250119035
-146.139,-44.086,312.234,250140035
-145.244,-44.473,312.938,250161035
-144.160,-44.611,313.447,250182035
-143.190,-44.692,314.006,250203039
-142.428,-44.752,314.659,250224035
-141.702,-44.650,315.345,250245035
-140.954,-44.135,315.979,250266036
-140.198,-43.544,316.558,250287040
-139.640,-42.801,317.251,250308037
-139.233,-41.960,318.026,250329035
-139.150,-41.183,319.045,250350035
-139.263,-40.408,320.182,250371040
-139.307,-39.871,321.261,250392035
-139.561,-39.369,322.471,250413035
-140.106,-38.711,323.857,250434037
-140.679,-37.975,325.250,250455035
-141.183,-37.214,326.598,250476035
-141.504,-36.527,327.818,250497041
-141.836,-35.923,329.029,250518035
-142.194,-35.662,330.195,250539035
-142.704,-35.109,331.446,250560035
-143.475,-34.821,332.852,250581035
-144.168,-34.510,334.200,250602035
-144.850,-34.418,335.507,250623038
-145.501,-34.473,336.779,250644035
-145.935,-34.671,337.932,250665035
-146.393,-34.552,339.091,250686035
-146.572,-34.486,340.109,250707039
-146.640,-34.687,341.076,250728035
-146.763,-34.722,342.068,250749035
-146.709,-35.023,342.996,250770035
-146.610,-35.496,343.866,250791044
-146.555,-36.090,344.811,250812039
-146.539,-36.725,345.753,250833035
-146.307,-37.435,346.545,250854039
-145.812,-38.165,347.201,250875035
-145.064,-38.584,347.673,250896035
-144.249,-38.999,348.113,250917038
-143.489,-39.297,348.564,250938035
-142.757,-39.547,349.051,250959035
-142.194,-39.868,349.685,250980035
-141.181,-39.995,350.051,251001035
-140.656,-40.315,350.722,251022035
-140.121,-40.591,351.384,251043035
-139.318,-40.837,351.902,251064035
-138.352,-40.803,352.320,251085038
-137.409,-40.572,352.775,251106035
-136.534,-40.253,353.336,251127036
-135.655,-39.948,353.978,251148039
-134.883,-39.437,354.788,251169040
-134.550,-39.162,355.920,251190039
-134.371,-38.646,357.207,251211035
-134.177,-37.977,358.525,251232038
-134.186,-37.621,359.975,251253039
-134.253,-37.280,1.461,251274039
-134.350,-36.526,2.973,251295035
-134.464,-36.143,4.516,251316042
-134.601,-35.392,6.125,251337038
-134.851,-34.629,7.818,251358035
-135.119,-33.919,9.567,251379040
-135.721,-33.214,11.540,251400040
-136.518,-32.701,13.651,251421035
-137.417,-32.211,15.818,251442042
-138.368,-31.814,18.001,251463040
-139.388,-31.423,20.253,251484039
-140.471,-31.140,22.518,251505035
-141.557,-30.786,24.792,251526035
-142.262,-30.589,26.816,251547035
-143.083,-30.633,28.813,251568035
-143.763,-30.593,30.724,251589039
-144.831,-30.541,32.786,251610035
-145.913,-30.669,34.849,251631039
-146.834,-30.709,36.855,251652035
-147.760,-30.941,38.869,251673035
-148.537,-31.099,40.819,251694040
-148.955,-31.242,42.599,251715035
-149.267,-31.760,44.309,251736035
-149.547,-32.331,45.975,251757035
-149.728,-32.896,47.572,251778035
-149.773,-33.427,49.075,251799040
-150.163,-33.889,50.756,251820039
-150.497,-34.489,52.420,251841035
-150.717,-35.086,54.003,251862040
-150.855,-35.751,55.510,251883035
-150.888,-36.548,56.961,251904035
-150.484,-37.330,58.145,251925039
-149.918,-38.079,59.192,251946035
-149.290,-38.762,60.176,251967035
-148.697,-39.443,61.175,251988035
-148.057,-40.007,62.090,252009035
-147.429,-40.479,62.998,252030039
-146.753,-40.670,63.858,252051035
-146.479,-40.730,64.946,252072035
-146.194,-40.731,66.017,252093035
-145.823,-40.613,66.999,252114035
-145.000,-40.590,67.642,252135040
-144.268,-40.569,68.362,252156035
-143.702,-40.582,69.171,252177035
-142.997,-40.399,69.893,252198036
-142.563,-39.802,70.744,252219039
-142.181,-39.132,71.565,252240035
-141.895,-38.423,72.421,252261035
-141.692,-37.685,73.286,252282039
-141.214,-36.948,73.962,252303038
-141.114,-36.189,74.851,252324035
-140.738,-35.706,75.514,252345039
-140.329,-35.081,76.139,252366039
-140.262,-34.763,76.955,252387035
-139.984,-34.370,77.638,252408041
-139.667,-33.862,78.302,252429042
-139.859,-33.386,79.232,252450035
-140.080,-32.926,80.174,252471035
-140.254,-32.405,81.047,252492035
-140.398,-31.928,81.904,252513035
-140.458,-31.883,82.726,252534035
-140.343,-31.732,83.480,252555035
-140.387,-31.826,84.326,252576035
-140.551,-32.066,85.181,252597035
-140.537,-32.236,85.927,252618035
-140.918,-32.223,86.898,252639035
-141.377,-32.385,87.948,252660035
-141.635,-32.318,88.938,252681035
-141.926,-32.281,90.009,252702035
-141.955,-32.220,90.984,252723038
-141.846,-32.473,91.957,252744035
-141.781,-32.812,93.045,252765035
-141.666,-33.191,94.156,252786051
-141.470,-33.526,95.300,252807035
-141.219,-33.702,96.493,252828040
-141.400,-34.024,98.022,252849040
-141.377,-34.129,99.514,252870035
-141.323,-34.219,101.063,252891035
-141.163,-34.293,102.697,252912035
-140.752,-34.578,104.336,252933035
-140.365,-34.985,106.166,252954035
-140.015,-35.443,108.135,252975035
-139.848,-35.991,110.329,252996035
-139.517,-36.542,112.521,253017039
-139.182,-37.139,114.834,253038035
-138.877,-37.466,117.276,253059035
-138.531,-37.915,119.763,253080041
-138.431,-38.346,122.492,253101035
-138.568,-38.901,125.470,253122035
-138.774,-39.506,128.532,253143040
-139.242,-40.315,131.798,253164035
-139.740,-41.327,135.104,253185035
-140.411,-42.247,138.520,253206035
-140.935,-43.143,141.822,253227035
-141.713,-43.775,145.239,253248035
-142.402,-44.096,148.481,253269040
-142.813,-44.167,151.471,253290035
-143.050,-44.112,154.251,253311035
-143.229,-43.902,156.901,253332040
-143.295,-43.584,159.395,253353052
-143.697,-43.465,162.042,253374038
-143.838,-42.935,164.423,253395039
-143.719,-42.695,166.574,253416039
-143.525,-42.365,168.588,253437040
-143.029,-41.918,170.398,253458035
-144.361,-42.116,173.121,253479035
-145.105,-42.372,175.543,253500035
-145.715,-42.294,178.018,253521035
-145.761,-42.558,180.294,253542035
-145.526,-42.850,182.600,253563039
-145.560,-43.113,185.307,253584035
-145.623,-43.681,188.221,253605035
-145.374,-44.271,191.038,253626035
-144.494,-44.910,193.542,253647035
-143.406,-45.543,196.007,253668035
-141.970,-46.059,198.332,253689035
-140.189,-46.746,200.531,253710035
-136.578,-47.401,200.175,253731041
-133.062,-47.921,199.972,253752035
-129.695,-48.210,199.882,253773035
-126.665,-48.379,200.089,253794041
-124.065,-48.350,200.593,253815035
-122.228,-48.182,201.631,253836035
-120.739,-47.945,202.888,253857039
-119.485,-47.630,204.278,253878042
-118.516,-47.253,205.815,253899035
-117.984,-46.789,207.627,253920040
-117.857,-46.318,209.724,253941035
-118.205,-45.703,212.169,253962037
-119.046,-44.903,214.966,253983036
-120.714,-44.023,218.414,254004035
-122.743,-42.882,222.205,254025039
-125.090,-41.501,226.311,254046035
-127.676,-39.915,230.579,254067035
-130.398,-38.021,235.018,254088041
-133.281,-36.062,239.603,254109035
-136.050,-34.145,244.088,254130035
-138.620,-32.178,248.440,254151035
-141.099,-30.178,252.629,254172035
-143.184,-28.358,256.544,254193035
-145.092,-26.296,260.238,254214035
-146.669,-24.487,263.603,254235035
-147.990,-22.977,266.737,254256035
-148.961,-21.793,269.614,254277036
-149.638,-20.948,272.256,254298035
-150.068,-20.463,274.695,254319035
-150.317,-20.676,276.981,254340035
-150.439,-21.237,279.168,254361035
-150.679,-22.204,281.325,254382040
-150.550,-23.111,283.271,254403039
-150.635,-24.289,285.236,254424035
-150.394,-25.790,287.029,254445039
-150.253,-25.322,288.271,254466039
-150.114,-25.220,289.594,254487035
-149.870,-25.471,290.953,254508035
-149.711,-26.070,292.478,254529035
-149.236,-26.098,293.911,254550035
-149.029,-26.848,295.619,254571035
-148.797,-27.471,297.387,254592039
-148.737,-28.385,299.381,254613035
-148.934,-29.194,301.613,254634035
-148.994,-30.352,303.916,254655039
-149.679,-31.475,306.695,254676035
-150.582,-33.068,309.689,254697035
-151.741,-34.846,312.933,254718035
-153.113,-36.724,316.394,254739035
-154.716,-38.624,320.109,254760035
-156.461,-40.483,324.014,254781035
-158.329,-42.279,328.093,254802035
-160.162,-43.980,332.197,254823035
-161.645,-45.427,336.043,254844040
-162.906,-46.491,339.710,254865039
-163.897,-47.338,343.103,254886039
-164.743,-48.110,346.388,254907035
-165.274,-48.708,349.393,254928035
-165.382,-48.958,352.042,254949035
-165.597,-49.139,354.791,254970048
-165.467,-49.103,357.300,254991037
-164.379,-48.597,359.126,255012039
-162.787,-48.093,0.634,255033035
-160.723,-47.397,1.841,255054035
-158.375,-46.509,2.933,255075035
-155.647,-45.529,3.897,255096035
-152.625,-44.437,4.715,255117041
-149.322,-43.324,5.448,255138035
-146.118,-42.079,6.299,255159035
-142.780,-40.797,7.152,255180035
-139.486,-39.502,8.097,255201040
-136.119,-38.336,9.101,255222035
-133.022,-37.158,10.244,255243035
-130.202,-36.130,11.548,255264041
-127.756,-35.199,12.997,255285035
-125.664,-34.381,14.583,255306035
-123.958,-33.715,16.339,255327036
-123.005,-33.097,18.506,255348035
-122.413,-32.560,20.803,255369035
-122.175,-32.154,23.189,255390038
-122.252,-31.826,25.645,255411039
-122.472,-31.469,28.094,255432038
-122.962,-31.311,30.616,255453039
-123.811,-31.155,33.406,255474035
-124.995,-30.834,36.491,255495035
-124.611,-31.375,38.991,255516040
-125.021,-31.534,42.122,255537038
-125.697,-31.326,45.579,255558041
-126.733,-30.783,49.324,255579038
-128.086,-30.068,53.336,255600035
-129.593,-29.112,57.548,255621039
-131.202,-28.021,61.916,255642039
-132.837,-26.773,66.335,255663042
-134.516,-25.495,70.775,255684041
-136.054,-24.148,75.110,255705035
-137.602,-22.917,79.383,255726035
-139.188,-22.011,83.629,255747040
-140.648,-21.310,87.823,255768035
-142.098,-21.005,91.984,255789035
-143.546,-21.071,96.118,255810041
-144.826,-21.803,100.259,255831035
-146.016,-22.912,104.438,255852035
-147.107,-24.361,108.618,255873039
-148.231,-26.140,112.887,255894035
-149.269,-28.206,117.180,255915035
-150.533,-30.499,121.692,255936042
-151.632,-32.541,126.151,255957035
-152.537,-34.766,130.540,255978035
-153.502,-36.900,134.995,255999035
-154.479,-38.923,139.414,256020035
-155.365,-40.741,143.679,256041041
-156.282,-42.324,147.827,256062039
-157.263,-43.754,151.874,256083041
-158.114,-45.011,155.747,256104038
-158.620,-46.147,159.280,256125035
-158.982,-46.934,162.613,256146042
-158.968,-47.630,165.588,256167042
-158.143,-48.119,167.858,256188039
-157.191,-48.542,169.971,256209041
-155.900,-48.852,171.861,256230038
-154.076,-48.965,173.403,256251035
-152.366,-49.103,175.195,256272043
-150.321,-49.192,176.844,256293035
-147.954,-49.212,178.404,256314035
-145.067,-49.105,179.673,256335035
-141.899,-48.821,180.810,256356039
-138.663,-48.396,181.960,256377035
-135.440,-47.917,183.159,256398035
-132.309,-47.350,184.468,256419035
-129.312,-46.706,185.860,256440035
-126.593,-46.035,187.537,256461041
-124.300,-45.319,189.531,256482039
-122.425,-44.593,191.817,256503035
-121.081,-43.791,194.468,256524039
-120.562,-43.048,197.679,256545036
-120.462,-42.233,201.214,256566040
-120.812,-41.368,205.067,256587047
-121.508,-40.549,209.189,256608036
-122.633,-39.654,213.610,256629042
-124.347,-38.523,218.412,256650050
-126.234,-37.330,223.345,256671039
-128.638,-36.038,228.547,256692040
-131.034,-34.570,233.680,256713042
-133.480,-33.062,238.716,256734039
-135.849,-31.579,243.568,256755039
-137.779,-30.191,248.043,256776037
-139.645,-29.228,252.363,256797035
-141.566,-28.524,256.579,256818038
-143.304,-28.007,260.572,256839049
-144.991,-27.695,264.366,256860035
-146.610,-27.475,268.008,256881039
-147.970,-27.293,271.465,256902035
-149.183,-27.282,274.821,256923035
-150.362,-27.516,278.122,256944038
-151.412,-27.929,281.307,256965035
-152.118,-28.757,284.284,256986035
-153.225,-29.679,287.467,257007039
-154.281,-30.904,290.613,257028035
-155.169,-32.311,293.702,257049035
-156.159,-33.755,296.841,257070035
-157.200,-35.143,300.015,257091035
-157.751,-36.380,302.866,257112038
-158.299,-37.936,305.759,257133035
-158.864,-39.221,308.619,257154035
-159.879,-40.664,311.739,257175040
-160.624,-42.094,314.637,257196035
-161.472,-43.173,317.570,257217036
-162.125,-44.199,320.362,257238039
-162.521,-45.059,322.974,257259035
-162.575,-45.717,325.306,257280035
-162.223,-45.974,327.279,257301035
-161.674,-46.181,329.091,257322035
-160.889,-46.145,330.719,257343035
-159.845,-45.983,332.129,257364040
-158.572,-45.758,333.341,257385035
-157.189,-45.565,334.456,257406035
-156.136,-45.130,335.749,257427035
-154.378,-44.677,336.534,257448041
-152.502,-43.898,337.263,257469039
-150.564,-42.989,338.005,257490035
-148.557,-42.007,338.740,257511035
-146.228,-41.051,339.310,257532038
-143.860,-40.033,339.949,257553035
-141.454,-38.937,340.661,257574035
-139.135,-37.809,341.449,257595035
-137.044,-36.652,342.432,257616035
-135.086,-35.505,343.487,257637035
-133.382,-34.416,344.763,257658040
-132.025,-33.571,346.261,257679040
-130.467,-32.871,347.608,257700035
-129.139,-32.268,349.100,257721038
-128.046,-31.767,350.746,257742041
-127.248,-31.316,352.512,257763039
-126.717,-30.836,354.358,257784040
-126.492,-30.539,356.321,257805039
-126.880,-30.286,358.533,257826035
-127.498,-30.133,0.824,257847039
-128.357,-30.093,3.227,257868035
-129.471,-30.125,5.731,257889035
-130.827,-30.223,8.321,257910037
-132.086,-30.286,10.811,257931035
-133.431,-30.685,13.277,257952035
-134.883,-31.107,15.729,257973039
-136.422,-31.340,18.245,257994035
-136.601,-32.779,19.802,258015036
-136.740,-34.052,21.387,258036035
-137.128,-35.255,23.183,258057035
-137.923,-36.240,25.225,258078039
-138.880,-37.089,27.388,258099035
-140.046,-37.755,29.756,258120035
-141.016,-38.449,32.051,258141035
-142.214,-38.747,34.588,258162035
-143.149,-38.728,37.036,258183035
-143.956,-38.537,39.505,258204039
-144.765,-38.233,42.108,258225035
-145.653,-37.849,44.939,258246038
-146.582,-37.489,48.003,258267039
-147.333,-37.157,51.269,258288035
-148.010,-36.857,54.895,258309035
-148.276,-36.909,58.684,258330035
-148.341,-36.900,62.728,258351035
-149.287,-35.391,64.627,258372035
-149.943,-34.553,66.842,258393039
-150.211,-33.552,69.227,258414035
-150.388,-33.288,71.926,258435035
-150.053,-33.228,74.580,258456035
-150.038,-33.381,77.620,258477035
-149.852,-33.736,80.686,258498035
-149.613,-34.389,83.877,258519035
-149.137,-35.420,87.066,258540035
-149.173,-36.787,90.654,258561035
-149.287,-38.405,94.379,258582040
-149.486,-39.969,98.207,258603035
-149.382,-41.316,101.874,258624038
-149.719,-42.671,105.808,258645035
-149.716,-43.713,109.439,258666035
-149.676,-44.571,112.955,258687039
-149.567,-45.230,116.328,258708035
-149.279,-45.903,119.474,258729035
-148.986,-46.530,122.544,258750035
-148.837,-47.014,125.589,258771035
-148.667,-47.218,128.434,258792035
-148.132,-47.353,130.872,258813035
-147.486,-46.969,133.097,258834039
-146.961,-46.659,135.319,258855039
-145.829,-46.046,137.008,258876035
-144.592,-45.406,138.587,258897040
-143.296,-44.701,140.086,258918037
-142.004,-43.984,141.526,258939035
-140.774,-43.312,142.947,258960035
-139.383,-42.381,144.202,258981035
-138.418,-41.303,145.714,259002035
-137.369,-40.517,147.160,259023035
-136.139,-39.326,148.503,259044039
-135.111,-38.167,149.954,259065035
-133.930,-37.078,151.344,259086035
-132.910,-36.025,152.821,259107040
-132.043,-35.025,154.363,259128035
-131.221,-34.114,155.924,259149035
-130.503,-33.290,157.516,259170035
-130.221,-32.805,159.392,259191035
-129.983,-32.346,161.341,259212035
-129.543,-32.171,163.197,259233035
-129.154,-31.909,165.101,259254035
-128.995,-31.567,167.124,259275039
-129.071,-31.647,169.294,259296040
-129.255,-31.751,171.523,259317039
-129.685,-32.055,173.942,259338039
-130.558,-32.118,176.616,259359035
-131.568,-32.413,179.366,259380035
-132.764,-32.621,182.269,259401039
-134.167,-32.882,185.366,259422035
-135.804,-33.100,188.661,259443035
-137.577,-33.204,192.083,259464038
-139.436,-33.192,195.628,259485035
-141.195,-33.390,199.180,259506035
-143.161,-33.140,202.889,259527039
-144.857,-33.086,206.490,259548035
-146.797,-33.118,210.261,259569035
-148.741,-32.793,214.015,259590040
-150.505,-32.465,217.652,259611035
-152.113,-32.162,221.150,259632035
-153.654,-32.097,224.529,259653040
-154.991,-32.068,227.753,259674040
-155.879,-32.435,230.730,259695035
-156.867,-33.007,233.727,259716039
-157.568,-33.680,236.477,259737039
-157.974,-34.237,238.992,259758035
-158.695,-34.933,241.609,259779040
-159.027,-35.531,243.956,259800038
-159.094,-36.181,246.096,259821035
-159.360,-37.002,248.315,259842050
-159.309,-37.788,250.332,259863035
-159.130,-38.625,252.293,259884039
-159.091,-38.706,252.853,259905039
-158.811,-38.978,253.367,259926035
-158.395,-39.356,253.847,259947035
-157.758,-39.426,254.194,259968039
-157.115,-39.606,254.486,259989035
-156.445,-39.852,254.802,260010035
-155.589,-40.298,254.806,260031040
-154.671,-40.181,254.693,260052038
-153.482,-40.149,254.485,260073040
-152.353,-40.133,254.421,260094035
-151.154,-40.279,254.359,260115035
-150.297,-40.624,254.621,260136035
-149.466,-40.858,254.873,260157035
-148.490,-41.026,255.077,260178035
-147.602,-41.182,255.377,260199035
-146.812,-41.018,255.829,260220042
-146.162,-40.847,256.455,260241035
-145.696,-40.698,257.263,260262035
-145.213,-40.925,258.105,260283040
-144.476,-40.974,258.784,260304040
-144.180,-41.182,259.806,260325039
-144.072,-41.380,261.089,260346035
-144.177,-41.615,262.699,260367035
-144.540,-41.924,264.594,260388035
-145.260,-41.989,266.878,260409035
-146.104,-42.000,269.428,260430037
-147.099,-42.018,272.277,260451035
-148.498,-42.145,275.586,260472035
-149.777,-42.216,278.927,260493041
-151.475,-42.613,282.639,260514042
-153.219,-43.011,286.486,260535035
-154.841,-43.456,290.326,260556035
-156.396,-43.854,294.177,260577039
-158.004,-44.199,298.051,260598035
-159.057,-44.327,301.526,260619035
-160.113,-44.192,304.947,260640037
-160.744,-44.193,307.987,260661040
-161.176,-44.008,310.873,260682035
-161.267,-43.779,313.480,260703035
-161.118,-43.730,315.914,260724035
-161.266,-43.551,318.471,260745035
-160.398,-43.120,320.377,260766040
-159.819,-42.839,322.498,260787039
-158.376,-42.321,324.053,260808039
-156.479,-41.757,325.400,260829036
-154.202,-41.171,326.557,260850039
-151.574,-40.507,327.601,260871035
-148.771,-39.702,328.629,260892035
-145.665,-38.983,329.516,260913039
-142.417,-38.193,330.424,260934035
-139.427,-37.382,331.539,260955035
-136.449,-36.998,332.672,260976035
-133.705,-36.540,333.913,260997035
-130.692,-36.002,334.965,261018035
-127.893,-35.442,336.087,261039035
-125.372,-35.004,337.277,261060035
-123.170,-34.650,338.568,261081035
-121.359,-34.463,340.001,261102035
-120.023,-34.413,341.630,261123035
-119.523,-34.486,343.673,261144039
-119.451,-34.488,345.906,261165035
-119.844,-34.668,348.377,261186035
-120.649,-34.828,351.054,261207035
-121.592,-34.804,353.812,261228035
-122.714,-34.927,356.703,261249037
-122.197,-35.664,358.564,261270036
-122.083,-36.283,0.789,261291043
-122.359,-36.762,3.391,261312035
-123.023,-37.085,6.347,261333037
-123.418,-37.532,9.367,261354035
-124.317,-37.623,12.962,261375038
-125.727,-37.692,17.178,261396040
-127.347,-37.528,21.786,261417039
-129.315,-37.165,24.538,261438039
-131.275,-36.671,27.705,261459039
-133.259,-36.421,31.236,261480039
-135.151,-36.244,35.033,261501035
-136.968,-36.120,39.107,261522035
-138.816,-36.052,43.410,261543039
-140.732,-35.660,47.590,261564035
-142.561,-35.383,51.893,261585040
-144.354,-35.456,56.392,261606035
-145.894,-35.475,60.882,261627035
-147.150,-35.976,65.380,261648035
-148.303,-36.586,69.971,261669039
-149.651,-37.437,74.741,261690035
-150.977,-37.898,79.585,261711035
-152.316,-38.790,84.485,261732035
-153.574,-39.240,89.308,261753035
-154.634,-39.625,93.918,261774039
-155.480,-39.951,98.318,261795035
-156.141,-40.263,102.518,261816035
-156.455,-40.494,106.352,261837037
-156.847,-40.931,110.124,261858039
-156.996,-41.236,113.610,261879035
-156.865,-41.397,116.780,261900035
-156.129,-41.744,119.446,261921035
-155.066,-41.953,121.807,261942035
-153.781,-41.902,123.936,261963035
-152.317,-41.825,125.857,261984039
-150.713,-41.822,127.615,262005038
-148.986,-41.756,129.221,262026035
-147.232,-41.653,130.750,262047035
-145.395,-41.414,132.135,262068035
-143.642,-41.262,133.502,262089039
-142.311,-41.125,135.062,262110035
-140.740,-40.878,136.397,262131035
-139.157,-40.236,137.654,262152039
-137.615,-39.600,138.854,262173035
-136.165,-39.001,140.040,262194035
-134.849,-38.368,141.240,262215039
-133.678,-37.724,142.486,262236035
-132.734,-37.036,143.827,262257038
-131.863,-36.585,145.155,262278039
-131.697,-36.272,146.895,262299035
-131.619,-35.820,148.612,262320035
-131.811,-35.701,150.451,262341035
-132.181,-35.375,152.367,262362035
-132.526,-34.973,154.217,262383035
-132.876,-34.728,156.029,262404035
-133.762,-34.527,158.077,262425035
-134.544,-34.281,160.004,262446035
-135.408,-34.493,161.957,262467035
-136.546,-34.408,164.017,262488035
-137.855,-34.517,166.156,262509042
-139.216,-34.646,168.276,262530042
-140.616,-34.666,170.354,262551035
-142.049,-34.814,172.408,262572037
-143.433,-34.744,174.414,262593035
-144.764,-35.005,176.375,262614035
-145.989,-35.325,178.257,262635035
-147.044,-35.637,180.023,262656035
-148.415,-35.867,181.947,262677042
-149.362,-35.869,183.629,262698035
-150.264,-35.894,185.229,262719035
-151.335,-36.189,186.930,262740035
-152.258,-36.482,188.569,262761035
-152.635,-36.942,189.878,262782035
-152.855,-37.409,191.086,262803035
-152.865,-37.848,192.182,262824038
-152.976,-38.395,193.372,262845037
-152.719,-38.790,194.348,262866035
-152.326,-38.874,195.263,262887038
-152.221,-39.230,196.364,262908049
-151.926,-39.184,197.345,262929035
-151.598,-39.134,198.319,262950038
-151.270,-39.136,199.298,262971035
-150.915,-39.225,200.284,262992035
-150.053,-39.434,200.955,263013040
-149.256,-39.652,201.676,263034035
-148.185,-39.636,202.259,263055035
-147.134,-39.588,202.843,263076035
-146.137,-39.675,203.457,263097038
-145.499,-39.511,204.312,263118035
-144.570,-39.311,204.984,263139038
-143.616,-39.189,205.649,263160035
-142.684,-39.059,206.319,263181035
-142.250,-38.868,207.285,263202037
-141.947,-38.931,208.329,263223035
-141.498,-38.669,209.275,263244035
-141.119,-38.799,210.268,263265035
-140.542,-38.646,211.138,263286035
-140.508,-38.538,212.369,263307035
-140.575,-38.427,213.656,263328035
-140.482,-38.047,214.846,263349035
-140.515,-38.036,216.113,263370035
-140.322,-37.934,217.199,263391039
-140.144,-37.669,218.304,263412035
-140.124,-37.259,219.522,263433035
-140.391,-36.945,220.935,263454040
-140.660,-37.005,222.341,263475035
-140.647,-36.972,223.600,263496040
-140.814,-36.645,224.947,263517038
-140.821,-36.696,226.218,263538039
-141.152,-36.833,227.688,263559035
-141.539,-36.844,229.169,263580035
-141.405,-36.737,230.347,263601039
-141.213,-36.797,231.537,263622035
-141.054,-36.726,232.789,263643035
-141.169,-36.658,234.227,263664049
-141.309,-36.632,235.685,263685035
-141.015,-36.518,236.896,263706035
-140.887,-36.780,238.245,263727042
-140.675,-36.977,239.587,263748035
-140.652,-36.787,241.053,263769035
-140.307,-36.737,242.344,263790039
-140.035,-36.863,243.721,263811035
-139.784,-37.024,245.155,263832035
-139.741,-37.260,246.699,263853038
-139.679,-37.141,248.231,263874035
-139.382,-37.428,249.679,263895035
-139.126,-37.344,251.202,263916039
-139.149,-37.384,252.903,263937035
-139.191,-37.440,254.605,263958035
-139.022,-37.776,256.161,263979038
-139.146,-37.961,257.911,264000035
-138.808,-38.157,259.377,264021035
-138.463,-38.176,260.804,264042039
-138.229,-38.127,262.275,264063035
-138.085,-38.035,263.754,264084035
-137.702,-38.138,265.044,264105039
-137.822,-38.300,266.642,264126035
-137.427,-38.232,267.912,264147035
-137.061,-38.229,269.221,264168035
-137.052,-37.997,270.744,264189035
-137.278,-37.950,272.429,264210035
-137.163,-37.825,273.902,264231035
-137.208,-37.346,275.470,264252035
-137.238,-37.029,277.063,264275035
-137.467,-36.468,278.796,264296035
-138.070,-36.127,280.756,264317035
-138.682,-35.903,282.745,264338035
-139.280,-35.470,284.696,264359035
-139.881,-35.102,286.635,264380035
-140.435,-34.690,288.551,264401035
-140.784,-34.174,290.339,264422035
-140.894,-33.761,291.952,264443035
-141.006,-33.452,293.603,264464035
-141.579,-33.253,295.516,264485035
-141.693,-32.886,297.199,264506035
-141.912,-32.754,298.952,264527035
-142.463,-32.341,300.908,264548035
-142.908,-32.335,302.842,264569040
-143.577,-32.089,304.980,264590035
-144.178,-31.842,307.127,264611035
-144.480,-31.581,309.169,264632035
-144.792,-31.824,311.219,264653035
-144.954,-32.047,313.207,264674035
-145.077,-32.326,315.222,264695035
-145.101,-32.552,317.237,264716035
-145.252,-33.167,319.336,264737035
-145.332,-33.837,321.429,264758035
-145.241,-34.583,323.411,264779035
-145.168,-35.268,325.459,264800035
-145.491,-36.229,327.741,264821041
-145.459,-36.985,329.852,264842035
-145.229,-37.807,331.824,264863035
-145.003,-38.679,333.847,264884035
-145.211,-39.427,336.152,264905035
-145.206,-40.037,338.326,264926035
-145.582,-40.602,340.764,264947039
-145.787,-40.931,343.090,264968039
-146.226,-41.215,345.620,264989035
-146.493,-41.276,348.055,265010035
-146.680,-41.177,350.487,265031035
-146.984,-40.858,352.984,265052035
-146.798,-40.918,354.802,265073039
-146.349,-41.509,356.111,265094035
-145.821,-41.893,357.386,265115035
-145.222,-42.164,358.638,265136035
-144.607,-42.308,359.902,265157035
-143.890,-42.412,1.132,265178038
-142.978,-42.446,1.655,265199035
-142.212,-42.504,1.907,265220038
-141.272,-42.482,2.119,265241039
-140.679,-42.186,2.433,265262035
-140.211,-42.130,2.400,265283039
-139.522,-42.036,2.383,265304035
-139.026,-41.693,2.649,265325035
-138.350,-41.073,2.894,265346037
-137.587,-40.262,2.936,265367035
-136.589,-39.407,2.913,265388035
-135.758,-38.512,3.099,265409040
-134.965,-37.632,3.425,265430035
-134.318,-36.824,3.959,265451035
-133.989,-36.367,4.535,265472035
-133.412,-36.011,5.080,265493041
-133.215,-35.456,5.986,265514035
-132.846,-35.240,6.877,265535035
-132.583,-35.052,7.911,265556035
-132.434,-34.744,9.099,265577044
-132.377,-34.680,10.439,265598035
-132.345,-34.489,11.845,265619035
-132.570,-34.272,13.438,265640043
-132.877,-34.589,15.120,265661035
-133.143,-34.997,16.836,265682045
-133.575,-35.451,18.705,265703036
-133.657,-35.931,20.413,265724039
-133.614,-36.323,22.107,265745041
-133.541,-36.653,23.840,265766039
-133.570,-36.904,25.653,265787039
-133.535,-37.225,27.458,265808035
-133.554,-37.633,29.334,265829035
-133.465,-38.135,31.152,265850035
-133.806,-38.921,33.227,265871041
-134.187,-39.847,35.387,265892035
-134.414,-40.923,37.499,265913035
-134.920,-41.966,39.850,265934041
-135.194,-43.077,42.039,265955035
-135.454,-44.052,44.264,265976035
-135.744,-44.930,46.467,265997040
-136.145,-45.669,48.739,266018040
-137.071,-46.841,51.142,266039038
-137.868,-47.766,53.306,266060041
-139.152,-48.790,55.806,266081039
-140.576,-49.580,58.395,266102035
-141.826,-50.299,60.855,266123041
-143.151,-50.807,63.356,266144035
-144.205,-51.116,65.399,266165035
-145.942,-51.610,67.775,266186035
-146.977,-51.863,69.641,266207035
-148.123,-51.962,71.599,266228038
-149.134,-51.988,73.440,266249039
-149.975,-51.970,75.099,266270037
-151.322,-52.023,77.083,266291035
-152.519,-51.900,78.957,266312038
-153.599,-51.677,80.721,266333035
-154.510,-51.293,82.391,266354035
-155.278,-50.805,84.008,266375039
-155.615,-50.057,85.314,266396035
-156.422,-49.395,86.703,266417039
-156.810,-48.811,87.821,266438035
-157.135,-48.265,88.815,266459040
-157.577,-47.795,89.754,266480047
-158.261,-47.276,90.871,266501035
-158.693,-46.589,91.813,266522037
-158.896,-45.972,92.671,266543039
-158.836,-45.434,93.367,266564039
-158.371,-44.783,93.837,266585035
-157.817,-44.340,94.117,266606039
-157.285,-44.101,94.380,266627035
-156.792,-43.633,94.737,266648035
-156.111,-43.324,94.891,266669039
-155.559,-43.043,95.056,266690042
-155.409,-42.980,95.563,266711039
-154.708,-42.781,95.610,266732041
-153.399,-42.403,95.732,266774037
-152.601,-42.216,95.653,266795041
-151.776,-42.107,95.588,266816038
-150.580,-42.338,95.279,266837035
-149.353,-42.578,94.947,266858035
-147.880,-42.773,94.530,266879038
-146.410,-42.943,94.075,266900040
-144.775,-42.933,93.564,266921037
-143.106,-42.930,93.002,266942035
-141.490,-42.874,92.505,266963035
-140.064,-42.639,92.157,266984039
-138.702,-42.396,91.909,267005035
-137.567,-42.486,91.819,267026035
-136.352,-42.429,91.657,267047037
-135.320,-41.944,91.611,267068039
-134.280,-41.503,91.626,267089042
-133.924,-41.065,92.093,267110038
-133.482,-40.368,92.520,267131035
-133.380,-39.685,93.191,267152035
-133.419,-38.928,93.931,267173039
-133.732,-38.465,94.823,267194035
-133.943,-38.010,95.636,267215035
-134.460,-37.395,96.625,267236042
-134.785,-36.854,97.497,267257039
-135.094,-35.931,98.359,267278038
-135.643,-35.054,99.321,267299047
-136.058,-34.473,100.225,267320036
-136.656,-33.739,101.232,267341038
-137.504,-33.070,102.358,267362040
-138.478,-32.528,103.579,267383040
-139.500,-32.050,104.850,267404035
-140.553,-31.684,106.123,267425039
-141.619,-31.673,107.429,267446035
-142.471,-31.814,108.629,267467038
-143.296,-31.652,109.868,267488035
-144.121,-31.825,111.120,267509035
-144.456,-32.138,112.108,267530035
-145.061,-32.577,113.271,267551035
-145.323,-32.708,114.259,267572039
-145.473,-33.002,115.223,267593038
-145.760,-33.329,116.273,267614035
-146.323,-33.967,117.494,267635035
-146.844,-34.788,118.715,267656040
-147.318,-35.645,119.959,267677035
-147.524,-36.575,121.076,267698035
-147.642,-37.502,122.172,267719039
-147.680,-38.011,123.279,267740035
-147.326,-38.608,123.913,267761039
-146.480,-39.433,123.724,267782039
-145.367,-40.175,123.343,267803039
-144.586,-41.096,123.258,267824039
-143.769,-41.871,123.252,267845040
-143.054,-42.372,123.396,267866039
-142.267,-42.862,123.555,267887036
-141.139,-43.222,123.605,267908037
-139.860,-43.462,123.689,267929035
-138.452,-43.597,123.884,267950039
-137.000,-43.694,124.234,267971035
-135.423,-43.814,124.713,267992035
-133.770,-43.894,125.342,268013040
-132.056,-44.025,126.112,268034035
-130.311,-44.086,127.025,268055035
-128.580,-44.065,128.097,268076039
-126.926,-44.058,129.333,268097035
-125.391,-43.914,130.728,268118035
-124.508,-43.745,132.593,268139035
-123.516,-43.429,134.405,268160035
-122.814,-43.046,136.403,268181036
-122.351,-42.594,138.564,268202035
-122.295,-42.053,141.013,268223035
-122.793,-41.517,143.839,268244035
-123.538,-41.269,146.818,268265040
-124.752,-40.762,150.115,268286039
-126.296,-40.092,153.658,268307039
-128.279,-39.409,157.557,268328038
-130.564,-38.377,161.739,268349035
-133.090,-37.250,166.119,268370035
-135.293,-35.963,170.386,268391035
-137.956,-34.589,174.969,268412035
-140.164,-32.899,179.291,268433035
-142.327,-31.192,183.591,268454035
-144.364,-29.574,187.820,268475035
-146.215,-28.027,191.881,268496035
-147.808,-26.654,195.750,268517040
-149.191,-25.471,199.455,268538035
-150.432,-24.520,202.973,268559035
-151.427,-23.810,206.295,268580035
-152.471,-23.531,209.513,268601035
-152.898,-23.582,212.345,268622035
-153.396,-24.104,215.093,268643035
-154.034,-24.775,217.831,268664035
-154.452,-23.477,219.416,268685039
-154.797,-22.197,221.138,268706035
-155.083,-21.304,222.918,268727035
-155.405,-20.869,224.856,268748035
-155.553,-20.129,226.620,268769035
-155.836,-19.538,228.628,268790042
-156.085,-19.196,230.709,268811039
-156.301,-18.960,232.945,268832035
-156.597,-18.903,235.387,268853039
-157.072,-18.827,238.099,268874040
-157.397,-19.199,240.957,268895035
-157.569,-19.588,243.987,268916042
-158.225,-20.552,247.287,268937035
-158.621,-22.088,250.588,268958035
-159.183,-23.947,254.060,268979040
-159.958,-26.052,257.681,269000035
-160.770,-28.307,261.337,269021035
-161.574,-30.650,265.003,269042035
-162.330,-33.064,268.579,269063035
-163.007,-35.477,272.059,269084035
-163.426,-37.839,275.326,269105035
-163.547,-40.031,278.365,269126035
-163.411,-42.026,281.127,269147037
-163.024,-44.003,283.691,269168035
-162.339,-45.806,286.028,269189035
-161.315,-47.441,288.108,269210035
-159.826,-48.794,289.907,269231035
-157.867,-49.845,291.394,269252035
-155.379,-50.585,292.505,269273039
-152.415,-50.997,293.302,269294041
-149.045,-51.067,293.859,269315041
-145.342,-50.833,294.306,269336040
-141.460,-50.299,294.685,269357039
-137.545,-49.381,295.193,269378039
-133.778,-48.206,295.894,269399039
-130.588,-46.904,297.095,269420039
-127.795,-45.535,298.591,269441035
-125.246,-44.047,300.264,269462035
-122.929,-42.489,302.016,269483035
-120.982,-41.116,303.868,269504035
-119.539,-39.877,305.937,269525035
-118.600,-38.710,308.197,269546035
-118.028,-37.601,310.517,269567035
-117.909,-36.694,313.030,269588039
-118.503,-35.694,315.884,269609035
-116.883,-35.114,317.052,269630037
-115.638,-34.585,318.487,269651035
-114.831,-34.318,320.197,269672035
-114.260,-33.914,322.110,269693040
-113.424,-33.704,323.911,269714035
-112.573,-33.408,325.811,269735035
-111.791,-33.227,327.899,269756039
-110.906,-33.117,330.131,269777035
-109.702,-33.213,331.053,269798035
-109.142,-32.827,331.731,269819039
-108.744,-32.352,332.890,269840041
-109.274,-31.744,334.453,269861039
-110.077,-31.061,336.444,269882045
-111.064,-30.289,338.706,269903040
-112.305,-29.424,341.218,269924040
-113.697,-28.427,343.912,269945045
-115.334,-27.548,346.767,269966039
-117.102,-26.780,349.709,269987037
-119.076,-26.131,352.720,270008039
-121.230,-25.558,355.776,270029039
-123.582,-24.993,358.888,270050037
-126.082,-24.528,2.116,270071039
-128.697,-24.191,5.430,270092035
-131.362,-24.173,8.781,270113035
-134.028,-24.403,12.193,270134035
-136.639,-24.760,15.595,270155038
-139.121,-25.340,18.988,270176039
-141.396,-26.144,22.363,270197040
-143.749,-26.883,25.840,270218035
-145.884,-27.736,29.315,270239042
-147.816,-28.718,32.773,270260038
-149.434,-29.798,36.158,270281035
-150.988,-31.027,39.588,270302037
-152.120,-32.686,42.909,270323035
-153.216,-34.437,46.306,270344037
-154.160,-36.188,49.634,270365037
-155.307,-37.688,53.140,270386040
-155.775,-39.245,56.227,270407040
-156.479,-40.477,59.490,270428041
-157.078,-41.735,62.678,270449048
-156.905,-42.883,65.319,270470035
-156.803,-44.193,67.969,270491040
-156.253,-45.208,70.235,270512035
-156.135,-46.063,72.730,270533035
-155.647,-46.952,74.902,270554038
-155.170,-47.580,76.964,270575041
-154.479,-48.020,78.785,270596035
-153.633,-47.936,80.450,270617035
-152.265,-47.632,81.685,270638035
-150.847,-47.128,82.850,270659035
-149.268,-46.550,83.920,270680039
-147.592,-45.812,84.908,270701035
-145.913,-44.974,85.899,270722035
-144.166,-44.114,86.811,270743035
-142.489,-43.143,87.739,270764035
-141.102,-42.036,88.834,270785041
-139.740,-41.286,89.941,270806035
-138.203,-40.291,90.919,270827035
-136.964,-39.144,92.074,270848035
-135.688,-38.082,93.208,270869039
-134.408,-37.117,94.362,270890040
-133.234,-36.310,95.553,270911041
-132.436,-35.416,96.986,270932039
-131.535,-34.778,98.329,270953042
-131.182,-34.443,99.950,270974035
-131.041,-34.163,101.641,270995035
-131.098,-33.966,103.374,271016035
-131.035,-33.880,105.028,271037041
-130.999,-33.767,106.641,271058036
-131.587,-33.760,108.560,271079035
-131.810,-33.858,110.275,271100039
-132.440,-34.259,112.164,271121035
-133.223,-34.746,114.094,271142035
-134.159,-34.977,116.033,271163035
-135.201,-35.341,118.001,271184035
-136.349,-35.881,119.970,271205043
-137.270,-36.186,121.770,271226035
-138.345,-36.975,123.593,271247035
-139.253,-37.392,125.229,271268040
-140.043,-37.941,126.734,271289035
-141.002,-38.814,128.265,271310035
-141.763,-39.553,129.620,271331042
-142.465,-40.145,130.890,271352035
-143.614,-40.846,132.426,271373035
-144.678,-41.671,133.852,271394039
-145.708,-42.293,135.247,271415039
-146.613,-42.857,136.520,271436039
-146.908,-43.423,137.365,271457035
-147.555,-43.787,138.435,271478035
-147.744,-44.264,139.169,271499039
-147.964,-44.743,139.894,271520035
-148.496,-45.049,140.838,271541037
-148.330,-45.187,141.300,271562035
-148.374,-45.412,141.903,271583035
-148.307,-45.166,142.409,271604035
-148.204,-44.837,142.897,271625035
-148.116,-44.557,143.375,271646035
-147.408,-44.128,143.415,271667035
-147.143,-43.645,143.776,271688035
-146.338,-43.250,143.785,271709038
-145.965,-42.850,144.041,271730035
-145.067,-42.278,143.958,271751037
-144.419,-41.462,144.101,271772035
-143.823,-41.042,144.307,271793035
-143.237,-40.234,144.557,271814035
-142.579,-39.397,144.745,271835035
-141.846,-38.885,144.916,271856035
-141.361,-38.035,145.263,271877035
-140.673,-37.321,145.470,271898039
-140.559,-36.766,146.037,271919039
-140.463,-36.280,146.617,271940039
-140.434,-35.768,147.231,271961039
-140.451,-35.471,147.886,271982039
-140.049,-35.205,148.340,272003039
-140.096,-34.796,149.046,272024035
-140.254,-34.525,149.828,272045035
-140.072,-34.480,150.369,272066035
-139.937,-34.379,150.910,272087035
-140.311,-34.620,151.750,272108035
-140.285,-34.601,152.401,272129035
-140.316,-34.933,153.111,272150035
-140.623,-35.420,153.983,272171035
-141.117,-35.879,154.930,272192035
-141.259,-36.254,155.728,272213035
-141.694,-36.779,156.691,272234035
-142.250,-36.956,157.794,272255035
-142.775,-37.046,158.907,272276035
-143.483,-37.141,160.181,272297040
-144.054,-37.577,161.363,272318036
-144.889,-37.666,162.710,272339035
-145.666,-37.659,164.052,272360035
-146.123,-37.977,165.211,272381039
-146.352,-38.171,166.358,272402035
-146.418,-38.205,167.557,272423040
-146.360,-38.123,168.794,272444042
-146.179,-38.184,170.183,272465038
-145.896,-38.201,171.808,272486039
-145.443,-38.075,173.685,272507039
-144.957,-38.136,175.993,272528035
-144.666,-38.184,178.710,272549038
-143.959,-38.043,181.505,272570035
-143.188,-38.015,184.762,272591035
-142.421,-38.171,188.424,272612037
-141.691,-38.566,192.442,272633039
-141.082,-38.997,196.841,272654035
-140.474,-39.606,201.469,272675035
-140.040,-40.226,206.297,272696035
-139.818,-40.890,211.289,272717035
-139.758,-41.470,216.334,272738035
-139.788,-41.946,221.327,272759040
-140.030,-42.271,226.293,272780035
-140.296,-42.406,231.037,272801038
-140.518,-42.281,235.490,272822037
-140.821,-42.001,239.732,272843039
-141.015,-41.518,243.670,272864040
-141.154,-40.988,247.450,272885039
-141.036,-40.240,251.019,272906039
-140.819,-39.346,254.436,272927039
-140.504,-38.339,257.773,272948041
-139.757,-37.356,260.862,272969037
-138.047,-35.417,267.175,273011038
-136.871,-34.718,270.303,273032040
-135.590,-34.160,273.498,273053039
-134.229,-33.687,276.746,273074035
-132.781,-33.375,280.101,273095035
-131.357,-33.266,283.506,273116035
-130.171,-33.269,287.145,273137039
-129.239,-33.389,290.988,273158038
-128.673,-33.313,295.226,273179040
-128.265,-33.448,299.558,273200035
-128.101,-33.875,304.000,273221035
-128.167,-34.347,308.509,273242035
-129.397,-36.677,309.026,273263035
-130.694,-39.419,309.933,273284035
-132.101,-42.091,311.236,273305035
-133.587,-44.634,312.846,273326035
-135.133,-47.009,314.712,273347037
-136.821,-49.177,316.841,273368035
-138.708,-51.016,319.239,273389039
-140.739,-52.413,321.834,273410040
-142.896,-53.481,324.604,273431039
-144.989,-54.165,327.390,273452039
-147.150,-54.547,330.330,273473045
-149.297,-54.603,333.331,273494037
-151.324,-54.336,336.272,273515039
-153.171,-53.709,339.109,273536039
-154.857,-52.762,341.817,273557035
-156.173,-51.499,344.276,273578035
-157.299,-50.117,346.609,273599035
-158.005,-48.619,348.662,273620035
-158.092,-47.212,347.946,273641035
-158.234,-45.761,347.555,273662041
-158.168,-44.181,347.289,273683035
-157.632,-42.520,346.589,273704039
-156.609,-41.197,345.496,273725035
-155.948,-40.659,344.382,273746035
-155.424,-40.203,343.606,273767035
-154.840,-39.653,342.955,273788035
-154.223,-39.221,342.009,273809035
-153.023,-38.641,340.780,273830040
-151.743,-38.106,339.448,273851041
-150.343,-37.775,338.166,273872038
-148.957,-37.342,336.887,273893035
-146.443,-36.629,334.775,273935041
-145.278,-36.382,333.849,273956035
-144.149,-36.201,332.956,273977035
-143.140,-36.165,332.144,273998035
-142.168,-36.228,331.413,274019035
-141.196,-36.440,330.708,274040037
-140.151,-36.323,330.010,274061035
-138.926,-36.478,329.247,274082042
-137.845,-36.678,328.618,274103037
-136.946,-36.789,328.112,274124035
-136.244,-36.990,327.737,274145038
-135.808,-37.355,327.549,274166039
-135.422,-37.656,327.502,274187040
-135.564,-37.886,327.797,274208041
-135.609,-37.950,328.068,274229039
-135.947,-38.302,328.540,274250038
-136.365,-38.574,329.066,274271039
-136.665,-39.077,329.530,274292042
-136.794,-39.261,329.867,274313035
-137.392,-39.804,330.536,274334042
-138.094,-39.995,331.276,274355035
-138.903,-40.154,332.085,274376035
-139.950,-40.439,333.101,274397035
-140.731,-40.938,333.969,274418035
-141.900,-41.206,335.147,274439038
-143.139,-41.507,336.401,274460040
-144.107,-41.415,337.539,274481039
-145.170,-41.273,338.755,274502035
-146.027,-41.050,339.860,274523036
-146.758,-40.985,340.898,274544035
-147.975,-40.979,342.292,274565035
-148.974,-41.046,343.530,274586035
-150.012,-40.785,344.796,274607035
-151.012,-40.589,346.057,274628035
-151.762,-40.329,347.103,274649035
-152.280,-40.429,348.029,274670038
-152.649,-40.487,348.846,274691035
-153.179,-40.332,350.359,274733039
-153.661,-40.320,351.282,274754043
-153.710,-40.371,351.935,274775035
-154.068,-40.344,352.779,274796035
-154.261,-40.163,353.549,274817035
-154.269,-39.991,354.246,274838035
-154.036,-39.824,354.818,274859049
-153.396,-39.718,355.154,274880039
-152.811,-39.961,355.527,274901037
-152.094,-40.188,355.866,274922038
-151.256,-40.371,356.117,274943042
-150.574,-40.266,356.490,274964039
-149.802,-40.509,356.840,274985039
-148.771,-40.592,357.044,275006035
-147.817,-40.424,357.317,275027038
-147.056,-40.266,357.727,275048035
-145.989,-40.373,357.950,275069035
-144.869,-40.431,358.176,275090035
-143.900,-40.649,358.497,275111035
-142.785,-40.711,358.763,275132035
-141.845,-40.956,359.153,275153039
-140.897,-41.149,359.586,275174035
-139.984,-41.339,0.068,275195040
-139.369,-41.237,0.761,275216039
-138.605,-41.014,1.371,275237043
-138.076,-40.917,2.161,275258037
-137.641,-40.923,2.996,275279039
-137.251,-40.781,3.877,275300040
-136.671,-40.885,4.639,275321039
-136.161,-40.975,5.439,275342040
-135.771,-40.677,6.357,275363041
-135.381,-40.415,7.282,275384042
-135.076,-40.465,8.246,275405040
-135.221,-40.249,9.495,275426039
-135.419,-39.972,10.761,275447039
-135.573,-39.639,12.012,275468042
-135.677,-39.617,13.242,275489035
-135.887,-39.541,14.538,275510035
-136.491,-39.634,16.127,275531035
-136.887,-39.727,17.610,275552035
-137.233,-39.652,19.049,275573040
-137.592,-39.646,20.483,275594035
-138.034,-39.840,22.031,275615041
-138.602,-39.733,23.731,275636035
-139.212,-39.684,25.501,275657035
-139.746,-39.667,27.323,275678035
-140.335,-39.770,29.228,275699041
-140.784,-39.757,31.171,275720039
-141.035,-40.091,33.068,275741041
-141.206,-40.425,34.994,275762041
-140.933,-40.580,36.757,275783036
-140.541,-40.644,38.544,275804035
-140.155,-40.883,40.409,275825037
-139.990,-40.825,42.491,275846039
-139.595,-40.735,44.481,275867035
-139.075,-40.641,46.444,275888039
-138.428,-40.574,48.390,275909040
-137.993,-40.934,50.488,275930039
-137.410,-41.242,52.473,275951042
-136.981,-41.562,54.531,275972038
-136.284,-41.726,56.393,275993040
-135.809,-42.000,58.361,276014038
-135.778,-42.066,60.537,276035040
-135.343,-41.882,62.338,276056035
-135.614,-41.535,63.929,276077038
-137.186,-40.767,64.726,276098035
-139.026,-40.099,65.682,276119035
-140.671,-39.518,66.606,276140035
-142.154,-39.038,67.552,276161035
-143.461,-38.545,68.492,276182035
-144.348,-37.822,69.239,276203041
-144.874,-37.436,69.878,276224035
-145.729,-36.956,70.772,276245035
-146.498,-36.621,71.615,276266035
-147.086,-36.300,72.359,276287035
-147.680,-35.997,73.168,276308035
-148.420,-35.913,74.095,276329035
-149.030,-35.716,74.702,276350035
-149.739,-35.765,75.063,276371035
-150.215,-35.956,75.381,276392040
-150.641,-35.997,75.625,276413040
-150.630,-36.247,75.472,276434039
-150.353,-36.232,75.105,276455035
-149.980,-36.263,74.672,276476035
-149.792,-36.239,74.309,276497035
-149.733,-36.459,73.996,276518040
-149.450,-36.711,73.624,276539035
-149.395,-37.267,73.477,276560040
-149.304,-37.800,73.385,276581035
-148.944,-38.081,73.012,276602040
-148.601,-38.574,72.726,276623040
-148.482,-39.118,72.651,276644035
-148.070,-39.206,72.233,276665041
-147.514,-39.269,71.794,276686035
-147.226,-39.196,71.475,276707035
-146.653,-39.133,70.963,276728047
-146.732,-39.299,70.963,276749035
-146.777,-39.478,70.946,276770035
-146.804,-39.767,70.891,276791047
-146.624,-40.079,70.812,276812035
-146.161,-40.134,70.588,276833035
-145.896,-40.432,70.482,276854035
-145.540,-40.676,70.352,276875035
-145.072,-40.593,70.230,276896035
-144.588,-40.463,70.033,276917039
-144.191,-40.322,69.876,276938039
-143.998,-40.229,69.935,276959039
-143.826,-40.425,70.014,276980035
-143.733,-40.507,70.028,277001035
-143.550,-40.604,70.044,277022035
-143.415,-40.551,70.128,277043039
-142.787,-40.281,69.834,277064035
-142.208,-40.007,69.525,277085035
-141.656,-39.724,69.293,277106037
-141.030,-39.464,68.972,277127035
-140.329,-39.242,68.665,277148035
-140.253,-39.301,68.595,277169035
-140.104,-39.455,68.568,277190035
-140.060,-39.621,68.585,277211043
-140.097,-39.635,68.602,277232039
-139.791,-39.457,68.431,277253035
-139.797,-39.679,68.534,277274037
-139.309,-39.601,68.443,277295035
-138.886,-39.386,68.488,277316035
-138.526,-39.227,68.364,277337039
-138.602,-39.272,68.631,277358035
-138.773,-39.169,68.952,277379035
-138.786,-39.221,69.077,277400035
-138.968,-39.315,69.317,277421035
-139.036,-38.981,69.363,277442036
-138.894,-38.962,69.313,277463035
-138.916,-38.603,69.378,277484035
-138.816,-38.294,69.363,277505035
-138.878,-38.007,69.498,277526035
-139.255,-37.794,69.837,277547035
-139.259,-37.563,69.983,277568036
-139.487,-37.727,70.235,277589035
-139.795,-37.830,70.539,277610035
-140.066,-37.880,70.817,277631039
-139.919,-37.777,70.748,277652038
-140.180,-37.687,70.968,277673035
-139.964,-37.531,70.869,277694035
-139.841,-37.236,70.817,277715035
-139.813,-36.932,70.879,277736036
-140.048,-36.668,71.067,277757038
-139.934,-36.546,71.124,277778035
-140.326,-36.580,71.479,277799035
-140.686,-36.672,71.804,277820035
-141.013,-36.781,72.102,277841040
-141.006,-36.595,72.039,277862035
-141.309,-36.758,72.199,277883039
-141.280,-36.567,72.121,277904035
-141.273,-36.631,71.977,277925035
-141.431,-36.408,71.848,277946039
-141.348,-36.238,71.590,277967039
-141.184,-36.209,71.253,277988039
-141.433,-36.477,71.182,278009035
-141.658,-36.826,71.133,278030035
-141.896,-37.215,71.037,278051040
-142.026,-37.711,70.837,278072035
-141.789,-37.874,70.405,278093035
-141.686,-38.322,70.066,278114035
-141.615,-38.404,69.765,278135035
-141.585,-38.486,69.489,278156040
-141.502,-38.652,69.244,278177035
-141.841,-39.088,69.265,278198035
-142.061,-39.690,69.247,278219035
-142.250,-40.225,69.177,278240035
-142.344,-40.697,69.087,278261035
-142.120,-41.072,68.840,278282035
-142.183,-41.430,68.842,278303035
-141.823,-41.444,68.534,278324035
-141.594,-41.463,68.319,278345035
-141.354,-41.400,68.173,278366035
-141.212,-41.333,68.176,278387035
-141.516,-41.446,68.508,278408040
-141.527,-41.204,68.529,278429035
-141.894,-41.244,68.855,278450035
-142.287,-41.303,69.205,278471035
-142.372,-40.985,69.293,278492035
-142.803,-40.904,69.640,278513039
-143.234,-40.689,69.872,278534035
-143.095,-40.310,69.794,278555035
-142.945,-39.979,69.748,278576041
-142.776,-39.582,69.724,278597035
-142.551,-39.476,69.719,278618035
-142.419,-39.387,69.746,278639035
-142.178,-39.099,69.755,278660035
-142.422,-38.959,70.111,278681035
-142.274,-38.531,70.074,278702035
-142.441,-38.513,70.307,278723035
-142.618,-38.417,70.507,278744035
-142.341,-38.214,70.450,278765038
-141.914,-38.121,70.412,278786035
-141.814,-37.921,70.492,278807035
-141.941,-37.935,70.547,278828039
-141.732,-37.863,70.403,278849035
-141.933,-38.054,70.648,278870035
-142.136,-38.152,70.987,278891035
-141.846,-38.085,71.024,278912035
-142.030,-38.106,71.225,278933035
-141.830,-38.017,71.199,278954038
-141.497,-38.048,71.096,278975040
-141.268,-38.176,71.022,278996035
-140.919,-37.978,70.914,279017042
-140.636,-37.687,70.849,279038035
-140.730,-37.769,70.967,279059035
-140.828,-37.902,71.221,279080039
-140.760,-37.652,71.250,279101039
-140.890,-37.852,71.397,279122035
-141.032,-37.697,71.539,279143040
-140.853,-37.680,71.404,279164039
-141.131,-37.718,71.611,279185035
-141.399,-37.659,71.824,279206035
-141.686,-37.848,72.015,279227040
-141.898,-38.100,72.167,279248035
-142.215,-38.245,72.340,279269039
-142.162,-38.437,72.251,279290035
-142.137,-38.662,72.171,279311035
-141.947,-38.539,72.023,279332035
-142.154,-38.589,72.138,279353040
-141.969,-38.471,71.978,279374035
-142.091,-38.382,71.964,279395035
-141.905,-38.543,71.746,279416039
-142.090,-38.802,71.692,279437039
-142.265,-38.992,71.581,279458035
-142.449,-39.183,71.455,279479039
-142.548,-39.232,71.269,279500035
-142.940,-39.446,71.389,279521035
-142.988,-39.499,71.306,279542037
-143.055,-39.479,71.173,279563035
-142.993,-39.525,70.982,279584040
-142.835,-39.569,70.692,279605035
-142.597,-39.546,70.413,279626041
-142.560,-39.815,70.370,279647039
-142.728,-39.910,70.404,279668035
-143.024,-40.079,70.526,279689040
-143.254,-40.221,70.744,279710035
-143.565,-40.358,71.028,279731035
-143.749,-40.608,71.389,279752040
-143.997,-40.717,71.834,279773039
-143.870,-40.793,72.042,279794039
-143.697,-40.782,72.330,279815039
-143.691,-40.786,72.781,279836035
-143.599,-40.704,73.256,279857035
-143.452,-40.750,73.773,279878037
-143.391,-40.790,74.341,279899035
-143.536,-41.039,75.125,279920035
-143.495,-41.255,75.900,279941037
-143.578,-41.512,76.866,279962039
-143.228,-41.464,77.640,279983039
-142.796,-41.635,78.504,280004035
-142.218,-41.771,79.430,280025035
-141.448,-42.087,80.426,280046035
-140.543,-42.436,81.506,280067035
-139.795,-43.066,82.892,280088035
-138.910,-43.693,84.401,280109035
-137.738,-44.425,85.900,280130035
-136.163,-44.788,87.303,280151035
-134.325,-45.476,88.646,280172035
-132.175,-45.858,89.847,280193039
-130.049,-46.165,91.119,280214035
-128.053,-46.240,92.528,280235035
-126.275,-46.280,94.156,280256039
-124.696,-46.226,95.985,280277037
-123.556,-46.004,98.173,280298037
-123.041,-45.744,100.835,280319035
-123.020,-45.498,103.849,280340035
-123.280,-45.184,107.058,280361035
-123.758,-44.495,110.463,280382035
-124.629,-43.653,114.201,280403035
-125.934,-43.053,118.296,280424039
-127.469,-41.839,122.607,280445035
-129.251,-40.399,127.108,280466035
-131.403,-38.812,131.842,280487037
-133.728,-37.084,136.655,280508035
-135.993,-35.143,141.424,280529035
-138.133,-33.090,146.055,280550035
-140.085,-31.007,150.498,280571035
-141.752,-28.967,154.692,280592035
-143.090,-27.146,158.572,280613041
-144.261,-25.772,162.210,280634035
-145.261,-24.717,165.654,280655035
-146.232,-23.550,168.888,280676035
-147.138,-22.766,171.953,280697039
-147.833,-22.258,174.794,280718035
-148.357,-22.111,177.478,280739035
-148.801,-22.303,179.962,280760039
-149.115,-22.760,182.319,280781039
-149.256,-23.474,184.603,280802043
-149.454,-24.803,186.875,280823039
-149.467,-24.260,188.618,280844039
-149.306,-24.062,190.305,280865038
-149.117,-24.230,192.079,280886042
-148.998,-24.773,194.033,280907040
-148.816,-24.763,196.133,280928036
-148.897,-25.147,198.574,280949039
-149.093,-25.528,201.296,280970039
-149.739,-26.458,204.411,280991039
-150.484,-27.737,207.736,281012039
-151.471,-29.230,211.317,281033040
-152.695,-30.910,215.155,281054040
-154.105,-32.681,219.165,281075042
-155.757,-34.471,223.426,281096035
-157.420,-36.278,227.748,281117041
-159.130,-38.032,232.126,281138035
-160.650,-39.702,236.375,281159035
-162.313,-41.141,240.687,281180039
-163.300,-42.399,244.506,281201035
-164.250,-43.649,248.256,281222035
-164.795,-44.725,251.707,281243038
-165.562,-45.649,255.201,281264040
-165.719,-46.487,258.175,281285039
-165.182,-46.957,260.623,281306035
-164.222,-47.299,262.741,281327039
-162.783,-47.489,264.537,281348040
-161.014,-47.499,266.121,281369040
-158.901,-47.218,267.530,281390040
-156.395,-46.863,268.708,281411038
-153.609,-46.221,269.809,281432039
-150.849,-45.378,271.032,281453038
-148.070,-44.482,272.307,281474035
-145.146,-43.509,273.497,281495042
-142.127,-42.437,274.633,281516039
-139.078,-41.417,275.719,281537038
-136.258,-40.527,276.917,281558035
-133.687,-39.641,278.204,281579035
-131.394,-38.800,279.618,281600035
-129.398,-37.927,281.165,281621039
-128.199,-37.234,283.079,281642035
-127.166,-36.457,284.961,281663038
-126.479,-35.749,286.948,281684035
-126.109,-35.100,288.963,281705035
-125.737,-34.668,290.864,281726041
-125.719,-34.268,292.973,281747035
-126.076,-33.984,295.274,281768035
-125.464,-33.931,296.986,281789035
-125.229,-34.112,299.026,281810035
-125.310,-34.094,301.372,281831035
-125.792,-34.062,304.031,281852038
-126.872,-33.594,307.159,281873037
-128.234,-32.979,310.551,281894035
-129.588,-32.242,314.134,281915040
-131.003,-31.370,317.874,281936037
-132.439,-30.270,321.773,281957040
-133.969,-29.046,325.934,281978040
-135.423,-27.757,330.166,281999037
-136.655,-26.334,334.380,282020037
-137.955,-25.064,338.660,282041040
-139.156,-23.915,342.894,282062039
-140.121,-22.892,347.001,282083039
-140.968,-22.122,351.060,282104038
-141.788,-21.771,355.038,282125037
-142.549,-21.957,358.983,282146039
-143.101,-22.531,2.805,282167035
-143.737,-23.464,6.696,282188035
-144.377,-24.766,10.623,282209035
-145.089,-26.385,14.589,282230035
-145.811,-28.203,18.600,282251035
-146.355,-30.102,22.523,282272035
-146.795,-31.814,26.367,282293035
-147.291,-33.498,30.227,282314035
-147.742,-35.210,33.987,282335035
-148.087,-36.857,37.625,282356035
-148.719,-38.390,41.348,282377035
-149.280,-39.793,44.950,282398035
-149.884,-41.259,48.474,282419036
-150.399,-42.535,51.869,282440041
-150.756,-43.455,54.981,282461038
-150.957,-44.172,57.868,282482040
-150.441,-44.900,60.202,282503036
-149.650,-45.562,62.319,282524038
-148.642,-46.135,64.225,282545040
-147.458,-46.546,66.007,282566037
-146.356,-46.941,67.926,282587041
-145.030,-47.287,69.771,282608035
-143.722,-47.558,71.750,282629035
-142.006,-47.816,73.543,282650041
-139.951,-47.850,75.219,282671035
-137.846,-47.966,76.932,282692035
-135.697,-48.060,78.750,282713038
-133.518,-48.086,80.635,282734035
-131.311,-48.106,82.524,282755035
-129.242,-48.138,84.609,282776042
-127.298,-48.092,86.820,282797035
-125.651,-47.977,89.279,282818035
-124.449,-47.775,92.091,282839038
-123.676,-47.581,95.178,282860035
-123.371,-47.382,98.539,282881035
-123.738,-47.167,102.294,282902040
-124.227,-47.072,106.080,282923035
-125.329,-46.734,110.233,282944035
-126.706,-46.586,114.515,282965039
-128.618,-45.887,119.115,282986039
-130.724,-44.964,123.806,283007038
-132.618,-43.877,128.269,283028041
-134.593,-42.655,132.681,283049041
-136.241,-41.420,136.795,283070037
-137.836,-40.138,140.790,283091035
-139.725,-38.667,144.104,283112035
-141.430,-37.302,147.223,283133040
-142.927,-36.378,150.121,283154035
-144.098,-35.145,152.745,283175035
-145.245,-34.128,155.283,283196039
-146.152,-33.145,157.606,283217035
-146.996,-32.343,159.845,283238035
-147.780,-31.758,162.025,283259039
-148.535,-31.427,164.193,283280035
-148.844,-31.507,166.078,283301035
-149.412,-31.569,168.087,283322040
-149.762,-32.172,169.969,283343035
-149.831,-32.922,171.681,283364035
-149.793,-33.832,173.340,283385042
-149.605,-34.802,174.890,283406041
-149.541,-35.591,176.523,283427035
-149.172,-36.746,177.926,283448039
-149.014,-37.662,179.442,283469038
-148.749,-38.919,180.860,283490038
-148.491,-40.052,182.297,283511039
-148.328,-41.009,183.801,283532035
-148.007,-41.936,185.232,283553038
-147.813,-42.510,186.754,283574035
-147.609,-42.998,188.246,283595035
-147.112,-43.225,189.508,283616035
-146.392,-43.596,190.598,283637035
-145.990,-43.614,191.867,283658035
-145.472,-43.435,193.044,283679038
-144.722,-43.308,194.040,283700035
-144.182,-43.158,195.164,283721035
-143.827,-42.532,196.384,283742035
-143.764,-42.011,197.787,283763035
-143.378,-41.520,199.009,283784038
-143.093,-40.975,200.274,283805035
-142.827,-40.095,201.568,283826035
-142.931,-39.140,203.097,283847039
-142.704,-38.293,204.404,283868035
-142.631,-37.247,205.809,283889040
-142.854,-36.295,207.396,283910039
-142.925,-35.294,208.892,283931041
-143.049,-34.369,210.382,283952040
-143.071,-33.420,211.787,283973039
-142.983,-32.482,213.115,283994040
-143.019,-31.797,214.468,284015039
-142.599,-31.176,215.530,284036039
-142.160,-30.722,216.535,284057039
-141.736,-30.352,217.516,284078038
-141.336,-30.107,218.484,284099038
-141.247,-30.196,219.608,284120035
-141.064,-30.364,220.687,284141035
-141.224,-30.500,221.932,284162035
-141.051,-30.757,222.992,284183035
-140.969,-31.155,224.076,284204035
-140.975,-31.634,225.155,284225035
-140.958,-31.931,226.160,284246035
-141.061,-32.171,227.211,284267035
-141.582,-32.579,228.491,284288039
-142.131,-33.084,229.784,284309039
-142.685,-33.424,231.071,284330035
-143.252,-34.054,232.353,284351035
-143.828,-34.682,233.622,284372035
-144.197,-35.328,234.720,284393035
-144.330,-35.560,235.681,284414035
-144.753,-35.883,236.795,284435039
-144.710,-36.219,237.640,284456043
-144.962,-36.481,238.637,284477039
-144.871,-37.001,239.426,284498040
-144.906,-37.208,240.299,284519039
-144.801,-37.697,241.081,284540039
-145.103,-38.093,242.101,284561035
-145.148,-38.167,242.967,284582035
-144.898,-38.356,243.659,284603041
-144.693,-38.589,244.360,284624042
-144.607,-38.848,245.123,284645039
-144.258,-38.777,245.715,284666040
-144.367,-38.833,246.597,284687035
-144.164,-38.838,247.267,284708035
-143.873,-38.400,247.909,284729039
-143.933,-38.080,248.777,284750035
-143.931,-37.689,249.605,284771035
-143.868,-37.251,250.384,284792042
-143.821,-36.846,251.166,284813035
-143.660,-36.371,251.912,284834038
-143.319,-35.825,252.571,284855039
-142.755,-35.378,253.085,284876035
-142.224,-34.898,253.644,284897035
-141.724,-34.682,254.207,284918041
-141.328,-34.551,254.823,284939040
-141.178,-34.056,256.508,284981038
-141.114,-33.789,257.411,285002039
-140.658,-33.669,258.109,285023039
-140.252,-33.579,258.820,285044040
-139.876,-33.627,259.595,285065038
-139.598,-33.828,260.462,285086039
-139.357,-34.238,261.446,285107039
-139.364,-34.709,262.631,285128039
-139.473,-35.176,263.946,285149035
-139.581,-35.762,265.406,285170038
-139.793,-36.417,267.100,285191038
-139.739,-36.930,268.887,285212035
-139.849,-37.242,270.913,285233035
-140.616,-37.618,273.580,285254035
-141.622,-38.000,276.688,285275035
-142.940,-38.111,280.321,285296035
-144.352,-37.851,284.249,285317035
-145.636,-37.575,288.329,285338041
-147.024,-37.065,292.574,285359038
-148.594,-36.762,297.052,285380042
-149.877,-36.159,301.508,285401035
-151.018,-35.339,305.913,285422039
-152.238,-34.784,310.325,285443037
-153.011,-34.031,314.465,285464039
-153.484,-33.469,318.363,285485039
-153.769,-32.951,322.005,285506040
-153.580,-32.673,325.236,285527039
-153.098,-32.646,328.186,285548039
-152.662,-32.700,331.107,285569039
-152.336,-33.254,333.934,285590040
-151.452,-33.764,336.363,285611040
-150.824,-34.522,338.924,285632039
-150.426,-35.631,341.673,285653035
-150.119,-37.290,344.581,285674039
-150.204,-38.944,347.830,285695036
-150.671,-40.808,351.508,285716035
-151.440,-42.858,355.534,285737042
-152.693,-44.814,0.005,285758035
-154.486,-46.718,5.001,285779035
-156.686,-48.477,10.334,285800037
-159.118,-50.036,15.882,285821039
-161.879,-51.307,21.686,285842039
-164.608,-52.264,27.392,285863039
-167.370,-52.898,33.022,285884041
-169.964,-53.205,38.402,285905035
-171.839,-53.085,43.023,285926038
-173.271,-52.794,47.180,285947036
-174.291,-52.358,50.928,285968035
-174.722,-51.778,54.189,285989038
-174.630,-51.166,57.103,286010037
-174.556,-50.559,60.161,286031039
-174.062,-49.887,63.002,286052038
-172.912,-48.942,65.498,286073040
-171.493,-48.015,67.961,286094039
-169.410,-47.152,70.080,286115039
-167.094,-46.398,72.120,286136039
-164.563,-45.270,69.993,286157038
-161.996,-44.056,68.549,286178035
-159.470,-42.760,67.566,286199035
-157.007,-41.443,66.980,286220035
-154.698,-40.145,66.744,286241035
-152.337,-38.898,66.670,286262035
-150.153,-37.692,66.839,286283036
-148.110,-36.945,67.148,286304035
-145.947,-36.125,67.460,286325041
-143.959,-35.461,67.879,286346039
-142.044,-34.902,68.345,286367037
-140.273,-34.535,68.859,286388039
-138.668,-34.358,69.495,286409042
-137.229,-34.337,70.213,286430037
-135.953,-34.401,71.039,286451039
-134.941,-34.646,72.027,286472035
-134.134,-34.992,73.119,286493035
-133.604,-35.402,74.350,286514035
-133.369,-36.049,75.753,286535040
-133.821,-36.802,77.558,286556037
-134.411,-37.413,79.437,286577039
-135.225,-38.176,81.481,286598048
-135.794,-38.936,83.404,286619035
-136.943,-39.511,85.707,286640035
-137.778,-40.177,87.855,286661035
-139.083,-40.593,90.301,286682035
-140.221,-41.214,92.669,286703035
-141.448,-41.718,95.035,286724035
-142.706,-42.147,97.400,286745040
-144.211,-42.264,98.209,286766035
-145.684,-42.561,98.848,286787035
-147.226,-42.459,99.581,286808039
-148.692,-42.187,100.370,286829035
-150.010,-41.796,101.135,286850041
-151.296,-41.338,101.908,286871035
-152.416,-40.820,102.644,286892039
-153.333,-40.274,103.264,286913038
-153.989,-39.740,103.788,286934040
-154.750,-39.602,104.420,286955038
-155.249,-39.501,104.952,286976039
-155.509,-39.449,105.397,286997035
-155.649,-39.478,105.789,287018035
-155.471,-39.449,106.045,287039035
-155.188,-39.467,106.282,287060040
-154.984,-39.152,106.654,287081040
-154.466,-38.809,106.868,287102039
-154.153,-38.401,106.903,287123035
-153.590,-38.371,106.829,287144039
-153.244,-38.189,106.936,287165037
-152.358,-37.792,106.592,287186035
-151.400,-37.439,106.211,287207035
-150.368,-37.364,105.850,287228039
-149.392,-37.018,105.479,287249036
-148.380,-36.684,104.857,287270035
-147.472,-36.376,104.312,287291041
-146.804,-36.302,103.972,287312035
-145.742,-36.129,103.430,287333035
-144.946,-36.375,103.077,287354038
-144.190,-36.611,102.789,287375038
-143.423,-36.863,102.524,287396035
-142.402,-36.944,102.177,287417049
-141.423,-37.127,101.885,287438035
-140.558,-37.312,101.709,287459035
-139.798,-37.638,101.647,287480035
-139.008,-37.774,101.625,287501035
-138.280,-37.956,101.655,287522035
-137.852,-38.469,101.906,287543035
-137.734,-38.706,102.380,287564035
-137.749,-38.953,102.944,287585035
-137.419,-39.261,103.317,287606035
-137.645,-39.550,104.079,287627035
-138.025,-39.872,104.967,287648035
-138.003,-40.129,105.668,287669039
-138.523,-40.608,106.738,287690035
-139.132,-40.725,107.879,287711039
-139.647,-40.750,108.984,287732035
-139.995,-40.813,110.041,287753035
-140.770,-40.893,111.397,287774037
-141.555,-40.924,112.807,287795035
-142.314,-41.229,114.238,287816035
-143.081,-41.503,115.693,287837039
-143.375,-41.538,116.852,287858035
-144.178,-41.728,118.361,287879035
-144.680,-41.900,119.682,287900035
-145.265,-42.055,121.064,287921035
-145.662,-42.169,122.333,287942035
-146.372,-42.062,123.870,287963035
-146.905,-41.789,125.315,287985035
-147.434,-41.473,126.787,288006035
-147.579,-41.155,128.052,288027035
-147.934,-41.177,129.486,288048035
-148.261,-40.784,130.945,288069035
-148.434,-40.753,132.287,288090038
-148.507,-40.645,133.602,288111035
-148.843,-40.257,135.095,288132035
-148.795,-39.887,136.318,288153035
-148.982,-39.535,137.712,288174035
-149.117,-39.146,139.065,288195035
-148.871,-38.830,140.136,288216049
-149.042,-38.817,141.462,288237035
-149.008,-38.435,142.681,288258035
-148.834,-38.444,143.822,288279039
-148.603,-38.522,144.944,288300035
-148.494,-37.411,145.285,288321035
-148.141,-36.585,145.523,288342041
-147.974,-35.777,145.902,288363035
-147.871,-35.141,146.382,288384035
-147.711,-34.608,146.876,288405041
-147.692,-34.317,147.473,288426035
-147.620,-34.353,148.008,288447035
-147.237,-33.863,148.214,288468035
-147.047,-33.982,148.571,288489038
-146.792,-34.248,148.952,288510035
-146.492,-34.606,149.361,288531035
-146.269,-35.055,149.867,288552035
-146.086,-35.186,150.431,288573035
-145.756,-35.401,150.913,288594039
-145.431,-35.637,151.357,288615035
-144.951,-36.249,151.640,288636035
-144.567,-36.528,151.956,288657040
-144.240,-36.787,152.275,288678035
-143.816,-37.394,152.541,288699035
-143.356,-37.909,152.835,288720035
-142.904,-38.257,153.177,288741035
-143.022,-38.541,153.841,288762035
-142.969,-38.558,154.430,288783035
-143.039,-38.576,155.142,288804038
-143.297,-38.615,156.050,288825035
-143.717,-38.714,157.072,288846035
-144.340,-39.025,158.307,288867041
-145.070,-39.422,159.703,288888035
-145.936,-39.851,161.300,288909035
-146.735,-40.362,162.959,288930039
-147.785,-40.905,164.907,288951039
-148.820,-41.517,166.951,288972035
-150.190,-42.174,169.381,288993039
-151.184,-42.559,171.706,289014035
-152.541,-42.926,174.407,289035035
-154.090,-43.355,177.381,289056039
-155.168,-43.928,180.121,289077045
-156.557,-44.652,183.169,289098035
-158.022,-45.291,186.304,289119035
-159.228,-45.828,189.283,289140039
-160.335,-46.279,192.217,289161039
-161.171,-46.605,194.990,289182035
-161.375,-46.598,197.321,289203039
-161.322,-46.651,199.447,289224035
-161.011,-46.577,201.409,289245035
-160.463,-46.290,203.175,289266039
-159.642,-46.114,204.766,289287035
-158.573,-45.768,206.164,289308035
-157.504,-45.204,207.544,289329039
-156.574,-44.802,208.993,289350035
-154.929,-44.106,209.926,289371035
-153.021,-43.457,210.704,289392038
-151.007,-42.665,211.415,289413035
-148.654,-41.958,211.932,289434035
-146.264,-41.136,212.470,289455041
-143.696,-40.296,212.942,289476039
-141.011,-39.510,213.418,289497037
-138.540,-38.518,214.119,289518036
-135.863,-37.813,214.787,289539035
-133.694,-37.040,215.847,289560035
-131.228,-36.136,216.779,289581035
-128.943,-35.307,217.926,289602038
-126.904,-34.761,219.153,289623037
-125.177,-34.205,220.585,289644035
-123.816,-33.941,222.203,289665035
-122.859,-33.553,223.972,289686039
-122.355,-33.731,226.019,289707035
-122.423,-33.794,228.362,289728035
-122.825,-33.890,230.838,289749035
-123.468,-34.318,233.419,289770035
-124.529,-34.519,236.133,289791035
-125.876,-34.704,238.926,289812038
-127.119,-34.844,241.653,289833040
-128.682,-35.338,244.526,289854035
-130.262,-35.554,247.409,289875039
-132.356,-35.636,250.568,289896035
-134.622,-35.676,253.829,289917035
-136.924,-35.588,257.061,289938051
-139.368,-35.535,260.365,289959039
-141.836,-35.430,263.663,289980035
-144.239,-35.260,266.878,290001039
-146.583,-35.219,270.016,290022039
-148.741,-35.195,273.082,290043038
-150.329,-35.144,275.784,290064035
-151.633,-34.921,278.377,290085035
-153.124,-35.000,281.102,290106035
-154.611,-35.106,283.789,290127039
-155.872,-34.997,286.384,290148035
-156.912,-34.918,288.843,290169035
-157.753,-34.910,291.235,290190035
-158.414,-34.899,293.535,290211035
-159.016,-35.131,295.843,290232035
-158.935,-35.183,297.773,290253035
-158.682,-35.447,299.793,290274035
-158.124,-35.612,301.791,290295040
-157.390,-35.776,303.917,290316035
-156.543,-36.045,306.206,290337035
-155.474,-36.234,308.679,290358035
-154.380,-36.359,311.391,290379035
-153.054,-36.630,314.156,290400035
-151.687,-36.837,317.060,290421042
-150.299,-37.228,320.158,290442035
-149.396,-36.315,322.538,290463041
-148.418,-35.990,325.157,290484040
-147.510,-35.879,327.930,290505035
-146.723,-35.840,330.850,290526038
-145.989,-36.000,333.879,290547039
-144.914,-36.251,336.736,290568035
-143.866,-36.687,339.651,290589040
-143.031,-37.250,342.676,290610035
-142.311,-37.900,345.729,290631035
-141.388,-38.712,348.593,290652039
-140.835,-39.760,351.618,290673035
-140.215,-40.673,354.541,290694035
-139.929,-41.208,357.599,290715041
-139.844,-41.698,0.741,290736036
-139.415,-42.021,3.607,290757035
-139.113,-42.484,6.484,290778051
-138.902,-42.557,9.378,290799035
-138.655,-42.710,12.168,290820035
-138.759,-42.899,15.135,290841035
-138.908,-42.987,18.092,290862039
-139.045,-42.912,20.999,290883035
-139.081,-42.749,23.843,290904038
-138.778,-42.538,26.457,290925035
-138.566,-42.214,29.155,290946035
-137.749,-41.741,31.503,290967042
-136.696,-41.192,33.781,290988040
-135.432,-40.666,36.030,291009035
-134.009,-40.255,38.297,291030039
-132.474,-40.008,40.605,291051044
-130.872,-39.916,42.934,291072035
-129.256,-39.926,45.327,291093036
-127.738,-40.076,47.827,291114035
-126.374,-40.371,50.448,291135035
-125.213,-40.540,53.187,291156035
-124.438,-40.759,56.227,291177035
-124.074,-41.058,59.556,291198035
-124.109,-41.026,63.257,291219035
-124.556,-41.053,67.252,291240039
-125.865,-40.841,71.857,291261037
-127.503,-40.365,76.717,291282035
-129.342,-39.559,81.704,291303035
-131.480,-38.607,86.854,291324035
-133.640,-37.416,91.978,291345035
-135.805,-36.055,97.006,291366035
-137.877,-34.537,101.892,291387040
-139.848,-33.020,106.592,291408040
-141.479,-31.709,110.954,291429035
-143.561,-29.999,114.304,291450038
-145.486,-28.150,117.422,291471035
-147.231,-26.578,120.342,291492038
-148.609,-25.242,122.954,291513038
-149.899,-24.238,125.460,291534035
-150.934,-23.478,127.782,291555035
-151.770,-22.992,130.066,291576035
-152.792,-22.231,132.060,291597035
-153.679,-21.684,134.113,291618035
-154.550,-21.146,135.977,291639035
-155.386,-20.815,137.734,291660035
-156.286,-20.447,139.563,291681035
-157.217,-19.946,141.453,291702041
-158.181,-19.477,143.499,291723035
-159.198,-19.052,145.695,291744035
-160.139,-18.634,147.948,291765039
-161.040,-18.338,150.302,291786035
-161.953,-18.199,152.746,291807035
-162.837,-18.604,155.334,291828035
-163.675,-19.263,158.061,291849035
-164.346,-20.196,160.947,291870035
-165.029,-21.437,163.991,291891035
-165.549,-22.867,167.085,291912035
-166.100,-24.610,170.275,291933035
-166.504,-26.445,173.437,291954040
-167.027,-28.578,176.652,291975038
-167.410,-30.801,179.767,291996035
-167.664,-33.066,182.745,292017035
-167.764,-35.380,185.627,292038035
-167.752,-37.672,188.405,292059039
-167.490,-39.897,190.998,292080037
-166.867,-41.958,193.318,292101035
-166.087,-43.933,195.479,292122039
-165.066,-45.738,197.373,292143035
-163.708,-47.270,198.945,292164035
-162.041,-48.527,200.237,292185042
-160.088,-49.570,201.237,292206035
-157.720,-50.147,201.910,292227035
-155.057,-50.327,202.393,292248035
-152.047,-50.296,202.708,292269039
-148.869,-49.762,203.002,292290035
-145.499,-49.006,203.288,292311035
-142.116,-47.916,203.680,292332042
-138.716,-46.530,204.199,292353035
-135.624,-44.934,205.115,292374035
-132.717,-43.204,206.274,292395035
-130.101,-41.407,207.682,292416035
-128.216,-39.567,209.591,292437035
-126.743,-37.808,211.738,292458035
-125.543,-36.064,213.973,292479039
-124.597,-34.377,216.263,292500039
-123.895,-32.793,218.599,292521035
-123.316,-31.526,220.936,292542035
-123.078,-30.600,223.371,292563035
-123.062,-29.758,225.800,292584035
-123.689,-29.112,228.354,292605035
-122.000,-29.180,228.644,292626035
-121.122,-29.248,229.370,292647035
-120.680,-29.311,230.383,292668035
-120.349,-29.258,231.557,292689035
-120.851,-29.295,233.188,292710035
-120.290,-29.520,234.092,292731035
-120.002,-29.947,235.136,292752035
-119.842,-30.373,236.359,292773035
-119.433,-30.831,237.586,292794035
-119.111,-31.248,238.965,292815035
-118.867,-31.565,240.619,292836039
-119.113,-31.601,242.674,292857035
-119.477,-31.433,245.068,292878041
-119.971,-31.140,247.742,292899035
-120.560,-30.524,250.691,292920035
-121.159,-29.959,253.871,292941035
-122.055,-29.203,257.436,292962039
-123.230,-28.217,261.333,292983039
-124.690,-26.925,265.465,293004038
-126.567,-25.656,269.914,293025040
-128.465,-24.247,274.423,293046039
-130.289,-22.791,278.913,293067037
-132.049,-21.445,283.338,293088040
-133.752,-20.267,287.623,293109039
-135.401,-19.346,291.835,293130039
-137.048,-18.808,295.967,293151035
-138.639,-18.654,300.000,293172038
-140.061,-18.929,303.989,293193035
-141.464,-19.546,307.913,293214035
-142.870,-20.498,311.873,293235042
-144.269,-21.639,315.891,293256035
-145.183,-23.161,319.820,293277039
-146.108,-24.953,323.862,293298039
-146.962,-27.041,327.978,293319038
-147.856,-29.169,332.121,293340035
-149.116,-31.518,336.441,293361035
-150.390,-33.799,340.708,293382035
-151.400,-35.783,344.772,293403035
-152.481,-38.008,348.793,293424035
-153.314,-39.650,352.550,293445035
-154.024,-41.084,356.127,293466035
-154.281,-42.389,359.306,293487035
-154.307,-43.534,2.194,293508039
-154.699,-44.592,5.268,293529040
-154.832,-45.598,8.145,293550039
-154.811,-46.379,10.894,293571047
-154.472,-47.043,13.430,293592039
-153.888,-47.598,15.807,293613035
-152.938,-48.082,17.990,293634035
-151.528,-48.486,19.974,293655038
-149.716,-48.807,21.774,293676035
-147.576,-49.022,23.494,293697035
-145.171,-49.200,25.126,293718037
-142.584,-49.333,26.786,293739035
-139.773,-49.475,28.361,293760035
-135.885,-49.662,28.229,293781035
-131.967,-49.788,28.033,293802035
-128.211,-49.832,27.942,293823035
-124.801,-49.756,28.131,293844035
-121.825,-49.586,28.664,293865035
-119.341,-49.381,29.504,293886035
-117.367,-49.214,30.680,293907035
-115.985,-49.001,32.268,293928043
-115.071,-48.755,34.189,293949037
-114.952,-48.408,36.666,293970042
-115.134,-47.929,39.384,293991035
-115.844,-47.338,42.476,294012035
-117.093,-46.698,45.969,294033048
-118.715,-45.947,49.726,294054039
-120.259,-45.262,53.432,294075039
-122.045,-44.578,57.271,294096039
-123.956,-43.860,61.153,294117039
-126.256,-43.252,65.241,294138039
-128.684,-42.613,69.340,294159035
-131.208,-41.872,73.401,294180035
-133.617,-40.936,77.257,294201035
-135.773,-39.886,80.840,294222044
-137.820,-38.864,84.260,294243035
-139.743,-37.875,87.516,294264035
-141.603,-36.990,90.662,294285035
-142.922,-36.127,93.428,294306035
-144.542,-35.417,96.332,294327039
-145.676,-34.975,98.943,294348035
-146.530,-34.395,101.387,294369035
-147.640,-33.924,103.966,294390035
-148.536,-33.499,106.402,294411035
-149.223,-33.252,108.736,294432039
-149.722,-33.143,110.965,294453035
-150.018,-33.134,113.038,294474035
-149.955,-33.475,114.936,294495038
-149.882,-34.030,116.813,294516041
-150.060,-34.546,118.869,294537038
-149.958,-35.219,120.770,294558040
-149.539,-35.488,122.513,294579039
-149.171,-36.168,124.305,294600037
-148.983,-36.715,126.212,294621035
-148.407,-36.931,127.876,294642035
-147.950,-37.202,129.588,294663035
-147.082,-37.609,131.026,294684041
-146.189,-37.970,132.415,294705035
-145.632,-38.210,133.971,294726039
-145.225,-38.786,135.589,294747035
-144.713,-39.378,137.119,294768035
-144.158,-39.896,138.604,294789035
-143.946,-40.217,140.288,294810035
-143.282,-40.301,141.646,294831039
-142.638,-40.403,142.966,294852040
-142.161,-40.221,144.336,294873035
-141.521,-40.028,145.584,294894035
-140.909,-39.942,146.821,294915035
-140.819,-39.718,148.326,294936040
-140.736,-39.520,149.794,294957035
-140.214,-39.188,150.978,294978035
-139.731,-38.778,152.125,294999040
-139.781,-38.323,153.611,295020035
-139.822,-37.803,155.055,295041035
-139.757,-37.648,156.390,295062035
-139.870,-37.119,157.785,295083036
-139.795,-36.539,159.016,295104035
-139.888,-36.389,160.302,295125039
-139.958,-35.810,161.560,295146039
-140.017,-35.233,162.763,295167035
-140.065,-35.023,163.941,295188035
-140.164,-34.844,165.125,295209039
-140.136,-34.395,166.200,295230047
-140.445,-33.988,167.443,295251035
-140.839,-33.907,168.701,295272035
-141.160,-33.611,169.901,295293039
-141.421,-33.281,171.055,295314035
-141.784,-33.074,172.246,295335039
-141.964,-33.198,173.331,295356035
-142.369,-33.083,174.556,295377039
-142.365,-33.145,175.532,295398041
-142.707,-33.081,176.678,295419039
-142.656,-33.196,177.644,295440035
-142.534,-33.335,178.595,295461037
-142.618,-33.327,179.657,295482039
-142.546,-33.749,180.605,295503035
-142.411,-34.169,181.503,295524036
-142.073,-34.472,182.297,295545035
-142.199,-34.713,183.335,295566036
-142.071,-34.888,184.301,295587041
-141.753,-35.481,185.249,295608036
-141.377,-36.173,186.330,295629041
-140.638,-37.014,187.437,295650039
-139.459,-37.950,188.533,295671035
-138.040,-38.957,189.672,295692035
-136.065,-40.080,190.653,295713039
-133.756,-41.199,191.585,295734035
-131.222,-42.426,192.488,295755040
-128.359,-43.535,193.211,295776035
-125.442,-44.565,193.906,295797035
-122.585,-45.557,194.650,295818035
-120.038,-46.491,195.547,295839035
-117.786,-47.338,196.624,295860040
-115.874,-48.160,197.867,295881042
-114.563,-48.692,199.610,295902035
-113.849,-49.115,201.848,295923035
-114.061,-49.546,204.773,295944035
-114.867,-49.811,208.167,295965039
-116.271,-49.794,212.017,295986035
-118.210,-49.424,216.328,296007035
-120.592,-48.495,221.064,296028035
-123.183,-46.976,226.075,296049035
-126.141,-45.159,231.426,296070035
-129.048,-42.893,236.726,296091039
-131.929,-40.532,241.940,296112042
-134.640,-38.115,246.947,296133042
-136.752,-35.247,251.430,296154037
-138.496,-32.493,255.576,296175040
-139.883,-30.093,259.346,296196044
-141.010,-27.737,262.780,296217035
-141.823,-25.720,265.853,296238037
-142.466,-24.335,268.669,296259035
-142.799,-23.091,271.149,296280035
-143.039,-22.193,273.551,296301035
-143.130,-21.757,275.884,296322035
-143.187,-21.626,278.180,296343035
-143.188,-21.870,280.484,296364037
-143.489,-22.770,282.937,296385038
-143.572,-24.040,285.318,296406039
-143.367,-25.238,287.666,296427039
-143.481,-26.607,290.298,296448035
-143.335,-28.519,293.000,296469040
-143.087,-30.629,295.818,296490035
-142.648,-32.847,298.641,296511035
-142.319,-35.168,301.626,296532035
-142.030,-37.428,304.763,296553039
-141.909,-39.682,308.072,296574039
-139.587,-42.395,309.262,296595035
-137.911,-44.819,310.898,296616040
-136.422,-47.039,312.676,296637035
-135.166,-48.962,314.596,296658035
-134.343,-50.674,316.742,296679036
-133.517,-51.875,318.789,296700040
-132.951,-52.898,320.887,296721040
-133.298,-53.814,323.650,296742039
-133.742,-54.354,326.467,296763040
-134.469,-54.129,329.516,296784037
-135.829,-53.665,333.087,296805040
-137.357,-52.840,336.748,296826035
-138.632,-51.940,340.176,296847035
-140.235,-50.813,343.803,296868045
-141.967,-48.967,345.706,296889035
-143.598,-47.015,347.590,296910039
-145.071,-44.985,349.459,296931042
-146.284,-42.913,351.236,296952042
-147.158,-40.822,352.841,296973035
-147.895,-38.726,354.397,296994039
-148.085,-36.832,355.631,297015035
-148.033,-35.083,356.779,297036035
-148.204,-33.573,358.128,297057035
-147.423,-32.549,357.082,297078035
-146.828,-31.588,355.393,297099035
-145.900,-30.952,353.690,297120035
-144.763,-30.204,352.039,297141040
-143.654,-29.447,350.506,297162039
-142.536,-28.867,349.081,297183035
-141.600,-28.302,347.858,297204038
-140.886,-27.866,346.881,297225042
-140.021,-27.552,345.895,297246035
-139.305,-27.324,345.060,297267035
-138.672,-27.226,344.305,297288035
-138.022,-27.231,343.578,297309035
-137.507,-27.378,342.950,297330035
-137.380,-27.826,342.571,297351035
