121.522,-29.256,220.280,2708733
121.621,-29.045,219.393,2708754
121.624,-28.854,218.494,2708775
121.815,-29.052,217.647,2708796
122.012,-28.945,216.715,2708817
122.252,-28.840,215.791,2708838
122.115,-28.763,214.878,2708859
122.283,-28.753,214.149,2708880
121.620,-29.008,213.250,2708901
121.004,-29.440,212.765,2708922
120.395,-29.880,212.238,2708943
119.867,-30.250,211.710,2708964
119.630,-30.657,211.134,2708985
119.429,-30.762,210.395,2709006
119.198,-30.931,209.640,2709027
118.651,-30.959,208.848,2709048
118.166,-31.016,208.214,2709069
117.860,-31.245,207.523,2709090
117.443,-31.570,206.710,2709111
117.108,-31.646,205.942,2709132
117.219,-31.787,205.145,2709153
117.126,-31.851,204.056,2709174
116.937,-31.950,203.053,2709195
116.009,-31.864,202.075,2709216
115.149,-32.287,201.639,2709237
114.372,-32.504,202.054,2709258
113.648,-32.607,202.340,2709279
112.991,-32.581,202.555,2709300
112.723,-32.593,202.672,2709321
112.230,-32.661,202.544,2709342
112.131,-32.707,202.514,2709363
112.106,-32.437,202.547,2709384
112.108,-32.233,202.479,2709405
112.170,-31.995,202.348,2709426
112.293,-31.746,202.154,2709447
112.436,-31.521,201.934,2709468
112.356,-31.262,201.675,2709489
112.729,-31.112,201.529,2709510
113.130,-31.046,201.140,2709531
113.322,-31.202,200.717,2709552
113.549,-31.382,200.387,2709573
114.143,-31.169,200.048,2709594
114.694,-31.246,199.571,2709615
115.369,-31.062,199.132,2709636
115.936,-31.016,198.574,2709657
116.328,-30.783,198.068,2709678
116.840,-30.613,197.625,2709699
117.593,-30.805,197.126,2709720
118.336,-30.911,196.501,2709741
118.801,-31.060,195.858,2709762
119.374,-31.153,195.350,2709783
120.043,-31.309,194.759,2709804
120.774,-31.020,194.163,2709825
121.496,-30.766,193.574,2709846
122.180,-30.541,192.961,2709867
122.756,-30.255,192.374,2709888
122.955,-29.877,191.802,2709909
123.215,-29.608,191.433,2709930
123.342,-29.155,191.092,2709951
123.568,-28.990,190.784,2709972
123.944,-28.942,190.445,2709993
123.970,-28.832,190.057,2710014
124.264,-28.443,189.828,2710035
124.516,-28.192,189.509,2710056
124.447,-28.002,189.178,2710077
124.266,-27.669,188.992,2710098
124.051,-27.407,188.880,2710119
124.065,-27.179,188.800,2710140
123.787,-27.306,188.598,2710161
123.690,-27.449,188.536,2710182
123.451,-27.681,188.385,2710203
123.366,-27.900,188.290,2710224
123.317,-28.159,188.113,2710245
123.259,-28.104,187.933,2710266
123.156,-28.132,187.739,2710287
122.746,-28.105,187.541,2710308
122.309,-28.074,187.481,2710329
122.033,-28.255,187.419,2710350
121.561,-28.612,187.259,2710371
121.380,-28.799,187.209,2710392
121.067,-29.185,187.008,2710413
120.868,-29.587,186.877,2710434
120.684,-29.585,186.682,2710455
120.624,-29.590,186.466,2710476
120.327,-29.677,186.151,2710497
119.926,-29.658,185.928,2710518
119.583,-29.855,185.736,2710539
119.342,-29.888,185.484,2710560
119.011,-30.281,185.180,2710581
119.086,-30.510,184.939,2710602
119.019,-30.710,184.464,2710623
118.986,-31.086,184.051,2710644
119.111,-31.006,183.600,2710665
118.925,-30.934,183.036,2710686
119.151,-31.016,182.627,2710707
119.417,-31.007,181.992,2710728
119.378,-31.153,181.310,2710749
119.410,-30.995,180.796,2710770
119.656,-31.201,180.216,2710791
119.893,-31.388,179.526,2710812
120.076,-31.555,178.829,2710833
120.389,-31.266,178.167,2710854
120.407,-31.263,177.450,2710875
120.349,-30.949,176.850,2710896
120.463,-30.669,176.293,2710917
120.485,-30.333,175.615,2710938
120.599,-30.351,174.976,2710959
120.912,-30.421,174.294,2710980
120.852,-30.354,173.485,2711001
121.034,-30.276,172.858,2711022
121.274,-30.341,172.101,2711043
121.472,-30.137,171.298,2711064
121.609,-29.885,170.523,2711085
121.675,-29.597,169.742,2711106
121.473,-29.259,168.985,2711127
121.259,-29.041,168.358,2711148
121.076,-28.819,167.728,2711169
121.276,-28.591,167.083,2711190
121.103,-28.576,166.242,2711211
121.151,-28.654,165.577,2711232
121.189,-28.894,164.825,2711253
121.319,-28.741,164.039,2711274
121.506,-28.694,163.230,2711295
121.526,-28.822,162.364,2711316
121.327,-28.750,161.561,2711337
121.296,-28.989,160.834,2711358
121.333,-29.372,159.999,2711379
121.182,-29.760,159.122,2711400
121.160,-29.657,158.365,2711421
121.300,-30.031,157.487,2711442
121.470,-30.346,156.549,2711463
121.665,-30.397,155.528,2711484
121.826,-30.568,154.521,2711505
121.634,-30.513,153.530,2711526
121.479,-30.565,152.705,2711547
121.312,-30.607,151.858,2711568
121.509,-30.777,151.010,2711589
121.542,-30.972,149.990,2711610
121.771,-30.834,148.985,2711631
121.644,-30.943,147.914,2711652
121.864,-30.762,147.030,2711673
122.033,-30.827,145.959,2711694
121.985,-30.711,144.913,2711715
121.836,-30.432,143.995,2711736
121.641,-30.159,143.110,2711757
121.822,-30.158,142.244,2711778
121.629,-30.041,141.186,2711799
121.829,-30.024,140.302,2711820
121.645,-29.896,139.232,2711841
121.662,-29.774,138.367,2711862
121.892,-29.863,137.406,2711883
121.739,-29.833,136.340,2711904
121.771,-29.720,135.459,2711925
121.641,-29.362,134.480,2711946
121.527,-29.188,133.586,2711967
121.591,-29.098,132.673,2711988
121.695,-29.211,131.694,2712009
121.995,-28.905,130.679,2712030
122.015,-28.865,129.573,2712051
122.312,-28.966,128.598,2712072
122.579,-28.858,127.513,2712093
122.841,-28.702,126.396,2712114
123.072,-28.500,125.301,2712135
123.340,-28.324,124.194,2712156
123.227,-28.239,123.078,2712177
123.099,-28.271,122.135,2712198
123.107,-28.279,121.181,2712219
123.361,-28.169,120.174,2712240
123.582,-28.419,119.065,2712261
123.524,-28.486,117.987,2712282
123.338,-28.882,117.025,2712303
123.080,-29.207,116.143,2712324
123.156,-29.187,115.310,2712345
122.792,-29.303,114.279,2712366
122.586,-29.358,113.467,2712387
122.183,-29.754,112.558,2712408
121.974,-29.825,111.762,2712429
121.596,-30.244,110.899,2712450
121.555,-30.538,110.116,2712471
121.436,-30.885,109.166,2712492
121.009,-30.868,108.260,2712513
120.616,-31.069,107.489,2712534
120.205,-31.033,106.729,2712555
119.777,-31.264,105.980,2712576
119.778,-31.280,105.226,2712597
119.406,-31.317,104.244,2712618
119.442,-31.304,103.445,2712639
119.121,-31.511,102.436,2712660
119.223,-31.579,101.611,2712681
119.345,-31.530,100.555,2712702
119.419,-31.578,99.500,2712723
120.195,-31.727,98.431,2712744
120.899,-31.874,97.022,2712765
121.627,-31.870,95.646,2712786
122.373,-31.875,94.257,2712807
122.879,-31.904,92.857,2712828
123.546,-31.687,91.562,2712849
124.240,-31.819,90.184,2712870
124.490,-31.799,88.815,2712891
124.742,-31.701,87.668,2712912
124.965,-31.482,86.535,2712933
125.519,-31.257,85.392,2712954
125.784,-31.111,84.093,2712975
125.838,-30.754,82.951,2712996
125.821,-30.591,81.880,2713017
126.157,-30.448,80.852,2713038
126.311,-30.303,79.647,2713059
126.537,-30.402,78.544,2713080
126.351,-30.316,77.415,2713101
126.146,-30.049,76.491,2713122
126.130,-30.148,75.555,2713143
126.094,-30.332,74.535,2713164
125.739,-30.145,73.541,2713185
125.485,-30.038,72.717,2713206
125.186,-29.870,71.836,2713227
124.937,-30.045,70.989,2713248
124.859,-30.310,70.122,2713269
124.772,-30.617,69.170,2713290
124.384,-30.500,68.209,2713311
124.364,-30.608,67.375,2713332
124.188,-30.595,66.351,2713353
123.901,-30.918,65.421,2713374
123.651,-30.774,64.542,2713395
123.247,-30.638,63.645,2713416
122.868,-30.636,62.815,2713437
122.881,-30.781,61.992,2713458
122.598,-30.941,60.960,2713479
122.554,-31.169,60.063,2713500
122.460,-31.042,59.051,2713521
122.537,-30.852,58.036,2713542
122.542,-30.941,56.956,2713563
122.273,-30.759,55.883,2713584
122.190,-30.712,54.979,2713605
122.012,-30.492,53.939,2713626
121.935,-30.418,52.961,2713647
122.193,-30.522,51.891,2713668
122.542,-30.677,50.643,2713689
122.633,-30.604,49.338,2713710
122.968,-30.285,48.171,2713731
123.291,-30.131,46.841,2713752
123.410,-29.926,45.538,2713773
123.758,-29.588,44.330,2713794
123.841,-29.478,42.986,2713815
123.799,-29.570,41.763,2713836
124.055,-29.492,40.604,2713857
124.329,-29.549,39.273,2713878
124.614,-29.591,37.928,2713899
124.821,-29.377,36.554,2713920
124.889,-29.088,35.213,2713941
125.104,-28.753,33.930,2713962
125.047,-28.573,32.558,2713983
124.854,-28.274,31.311,2714004
124.627,-28.251,30.121,2714025
124.413,-28.213,28.944,2714046
124.355,-28.295,27.747,2714067
124.498,-28.520,26.488,2714088
124.483,-28.655,25.093,2714109
124.548,-28.503,23.753,2714130
124.316,-28.443,22.363,2714151
124.383,-28.310,21.100,2714172
125.016,-28.330,19.700,2714193
125.375,-27.986,19.236,2714214
125.516,-27.447,18.871,2714235
126.021,-27.087,18.556,2714256
126.350,-26.776,18.024,2714277
126.782,-26.792,17.525,2714298
127.047,-26.578,16.946,2714319
127.200,-26.250,16.425,2714340
127.438,-26.388,15.924,2714361
127.278,-26.239,15.377,2714382
127.385,-26.090,14.984,2714403
127.191,-25.985,14.426,2714424
126.978,-26.228,14.014,2714445
126.881,-26.534,13.573,2714466
126.635,-26.941,13.062,2714487
126.599,-27.371,12.614,2714508
126.178,-27.563,12.045,2714529
126.101,-27.720,11.642,2714550
125.969,-27.929,11.065,2714571
125.910,-28.246,10.833,2714592
125.580,-28.208,10.537,2714613
125.240,-28.313,10.341,2714634
125.024,-28.395,10.155,2714655
124.632,-28.780,9.882,2714676
124.555,-28.990,9.668,2714697
124.281,-29.378,9.265,2714718
124.123,-29.737,8.917,2714739
123.696,-29.651,8.472,2714760
123.459,-29.644,8.163,2714781
123.445,-29.521,7.720,2714802
123.176,-29.623,7.138,2714823
122.954,-29.823,6.725,2714844
122.920,-29.650,6.291,2714865
122.657,-29.901,5.717,2714886
122.816,-30.004,5.242,2714907
122.934,-30.038,4.518,2714928
123.049,-29.942,3.804,2714949
122.867,-30.081,3.091,2714970
122.911,-30.107,2.574,2714991
122.837,-29.815,1.930,2715012
122.970,-29.912,1.308,2715033
123.131,-29.613,0.573,2715054
123.060,-29.704,359.817,2715075
123.135,-29.743,359.162,2715096
123.377,-29.831,358.424,2715117
123.622,-29.670,357.572,2715138
123.455,-29.699,356.734,2715159
123.502,-29.490,356.058,2715180
123.535,-29.230,355.267,2715201
123.405,-29.011,354.492,2715222
123.231,-28.846,353.791,2715243
123.228,-28.920,353.093,2715264
123.160,-29.204,352.310,2715285
123.358,-29.058,351.544,2715306
123.500,-29.264,350.640,2715327
123.624,-29.167,349.744,2715348
123.833,-29.078,348.850,2715369
123.702,-29.223,347.915,2715390
123.515,-29.122,347.141,2715411
123.432,-29.350,346.394,2715432
123.526,-29.230,345.577,2715453
123.404,-29.548,344.654,2715474
123.320,-29.865,343.839,2715495
123.404,-30.213,342.999,2715516
123.203,-30.537,342.081,2715537
123.256,-30.538,341.295,2715558
123.481,-30.869,340.388,2715579
123.658,-31.026,339.361,2715600
123.484,-31.041,338.379,2715621
123.333,-30.920,337.564,2715642
123.239,-30.755,336.729,2715663
123.376,-30.569,335.837,2715684
123.441,-30.678,334.871,2715705
123.284,-30.899,333.933,2715726
123.385,-31.080,333.120,2715747
123.453,-30.956,332.154,2715768
123.542,-30.793,331.186,2715789
123.272,-30.715,330.212,2715810
123.040,-30.696,329.429,2715831
122.829,-30.416,328.638,2715852
122.746,-30.122,327.850,2715873
122.505,-29.839,326.989,2715894
122.265,-29.795,326.215,2715915
122.335,-29.653,325.443,2715936
122.461,-29.839,324.493,2715957
122.325,-29.992,323.559,2715978
122.091,-29.793,322.744,2715999
122.272,-29.736,321.980,2716020
122.365,-29.867,320.980,2716041
122.176,-29.699,320.033,2716062
122.222,-29.568,319.254,2716083
122.427,-29.780,318.343,2716104
122.421,-29.930,317.341,2716125
122.653,-30.149,316.477,2716146
122.901,-30.344,315.485,2716167
123.147,-30.310,314.516,2716188
123.077,-30.270,313.505,2716209
123.004,-30.187,312.696,2716230
123.009,-30.114,311.876,2716251
123.147,-29.971,311.029,2716272
123.418,-29.848,310.102,2716293
123.663,-29.892,309.123,2716314
123.793,-30.099,308.132,2716335
124.021,-30.360,307.220,2716356
124.256,-30.535,306.245,2716377
124.162,-30.633,305.259,2716398
123.999,-30.792,304.466,2716419
124.110,-30.662,303.687,2716440
123.913,-30.472,302.770,2716461
123.708,-30.308,301.986,2716482
123.524,-30.265,301.189,2716503
123.652,-30.055,300.383,2716524
123.439,-30.165,299.397,2716545
123.568,-30.234,298.571,2716566
123.718,-30.070,297.549,2716587
123.550,-29.957,296.493,2716608
123.648,-29.667,295.581,2716629
123.333,-29.696,294.522,2716650
123.036,-29.523,293.670,2716671
122.714,-29.270,292.772,2716692
122.760,-29.125,291.856,2716713
122.937,-29.049,290.752,2716734
122.794,-29.207,289.651,2716755
122.699,-29.323,288.689,2716776
122.584,-29.136,287.662,2716797
122.415,-28.961,286.652,2716818
122.548,-29.021,285.626,2716839
122.515,-28.856,284.467,2716860
122.411,-29.087,283.360,2716881
122.533,-28.978,282.261,2716902
122.758,-28.858,281.058,2716923
122.886,-28.991,279.800,2716944
123.075,-29.279,278.557,2716965
123.230,-29.375,277.291,2716986
123.344,-29.393,275.998,2717007
123.184,-29.406,274.760,2717028
122.912,-29.668,273.614,2717049
122.678,-29.722,272.548,2717070
122.800,-29.718,271.447,2717091
122.590,-29.983,270.157,2717112
122.737,-30.176,269.044,2717133
122.597,-30.256,267.776,2717154
122.729,-30.489,266.633,2717175
122.809,-30.503,265.354,2717196
122.612,-30.418,264.073,2717217
122.360,-30.243,262.934,2717238
122.391,-30.169,261.828,2717259
122.535,-30.058,260.611,2717280
122.257,-30.119,259.314,2717301
122.011,-30.157,258.248,2717322
122.168,-30.187,257.149,2717343
121.969,-30.273,255.864,2717364
122.106,-30.273,254.767,2717385
122.307,-30.066,253.501,2717406
122.518,-30.085,252.209,2717427
122.353,-29.921,250.902,2717448
122.214,-29.685,249.796,2717469
122.088,-29.607,248.671,2717490
122.011,-29.579,247.561,2717511
122.154,-29.620,246.438,2717532
122.283,-29.847,245.213,2717553
122.623,-29.625,244.003,2717574
122.909,-29.589,242.693,2717595
123.227,-29.455,241.440,2717616
123.200,-29.396,240.146,2717637
123.444,-29.242,239.030,2717658
123.757,-29.078,237.794,2717679
123.783,-29.042,236.555,2717700
123.706,-29.238,235.462,2717721
123.681,-29.277,234.404,2717742
123.830,-29.436,233.331,2717763
124.179,-29.678,232.185,2717784
124.518,-29.802,230.933,2717805
124.724,-29.912,229.701,2717826
124.955,-29.729,228.540,2717847
124.883,-29.596,227.354,2717868
124.724,-29.435,226.312,2717889
124.514,-29.356,225.339,2717910
124.279,-29.335,224.398,2717931
124.033,-29.380,223.439,2717952
123.780,-29.467,222.482,2717973
123.868,-29.524,221.535,2717994
123.947,-29.381,220.415,2718015
123.769,-29.265,219.295,2718036
123.583,-29.250,218.222,2718057
123.432,-29.205,217.165,2718078
123.211,-29.188,216.066,2718099
122.915,-29.460,214.980,2718120
122.622,-29.729,213.882,2718141
122.035,-29.719,213.757,2718162
121.432,-29.836,213.768,2718183
120.985,-29.869,213.746,2718204
120.748,-30.096,213.630,2718225
120.330,-30.009,213.361,2718246
120.046,-29.830,213.417,2718267
119.549,-29.653,213.333,2718288
119.214,-29.638,213.343,2718309
118.913,-29.932,213.215,2718330
118.891,-29.754,213.041,2718351
118.529,-29.834,212.805,2718372
118.503,-29.965,212.708,2718393
118.586,-29.858,212.418,2718414
118.705,-29.967,212.035,2718435
118.536,-29.872,211.729,2718456
118.432,-29.953,211.547,2718477
118.340,-29.787,211.321,2718498
118.616,-29.921,211.048,2718519
118.731,-30.154,210.673,2718540
118.789,-30.017,210.381,2718561
119.114,-30.244,210.086,2718582
119.470,-30.553,209.622,2718603
119.907,-30.864,209.123,2718624
120.384,-30.824,208.568,2718645
120.851,-30.793,207.994,2718666
121.151,-30.749,207.397,2718687
121.232,-30.536,206.878,2718708
121.709,-30.420,206.442,2718729
121.773,-30.521,205.804,2718750
122.009,-30.435,205.383,2718771
122.206,-30.588,204.838,2718792
122.534,-30.709,204.276,2718813
122.686,-30.515,203.638,2718834
123.007,-30.243,203.077,2718855
123.276,-30.169,202.419,2718876
123.180,-29.943,201.867,2718897
123.222,-29.749,201.601,2718918
123.169,-29.400,201.242,2718939
122.920,-29.026,200.914,2718960
122.814,-28.843,200.652,2718981
122.588,-28.943,200.288,2719002
122.476,-28.997,199.967,2719023
122.514,-28.684,199.557,2719044
122.486,-28.669,199.072,2719065
122.460,-28.497,198.600,2719086
122.408,-28.454,198.118,2719107
122.037,-28.637,197.618,2719128
121.708,-28.515,197.274,2719149
121.588,-28.748,196.890,2719170
121.210,-29.048,196.399,2719191
121.011,-29.289,196.033,2719212
120.799,-29.624,195.568,2719233
120.405,-29.490,195.104,2719254
120.412,-29.483,194.718,2719275
120.441,-29.530,194.115,2719296
120.104,-29.592,193.514,2719317
120.104,-29.758,193.087,2719338
119.897,-30.154,192.460,2719359
119.744,-30.143,191.940,2719380
119.809,-30.422,191.392,2719401
119.732,-30.778,190.725,2719422
120.005,-31.046,190.095,2719443
120.231,-31.054,189.317,2719464
120.593,-30.938,188.530,2719485
120.664,-30.934,187.658,2719506
120.794,-30.747,186.915,2719527
120.817,-30.533,186.144,2719548
121.220,-30.464,185.418,2719569
121.624,-30.365,184.469,2719590
121.920,-30.442,183.524,2719611
122.286,-30.604,182.616,2719632
122.665,-30.451,181.691,2719653
122.729,-30.505,180.740,2719674
123.053,-30.225,179.941,2719695
123.055,-30.013,179.000,2719716
123.006,-29.735,178.229,2719737
123.185,-29.699,177.480,2719758
123.459,-29.386,176.616,2719779
123.515,-29.314,175.687,2719800
123.733,-29.429,174.889,2719821
123.722,-29.466,174.014,2719842
123.876,-29.604,173.271,2719863
123.620,-29.495,172.432,2719884
123.556,-29.390,171.793,2719905
123.319,-29.147,171.079,2719926
122.985,-28.940,170.457,2719947
122.991,-28.981,169.840,2719968
123.030,-29.230,169.041,2719989
123.070,-29.398,168.252,2720010
122.766,-29.613,167.437,2720031
122.835,-29.521,166.812,2720052
122.483,-29.621,165.984,2720073
122.255,-29.811,165.355,2720094
121.864,-29.751,164.677,2720115
121.834,-29.887,164.063,2720136
121.441,-29.957,163.278,2720157
121.121,-30.108,162.678,2720178
120.729,-30.466,162.030,2720199
120.574,-30.654,161.396,2720220
120.409,-31.044,160.646,2720241
120.485,-31.393,159.908,2720262
120.536,-31.517,159.040,2720283
120.279,-31.717,158.181,2720304
120.354,-31.898,157.482,2720325
120.142,-31.805,156.633,2720346
120.151,-31.669,155.926,2720367
120.010,-31.489,155.097,2720388
119.937,-31.248,154.365,2720409
119.795,-31.421,153.592,2720430
120.001,-31.499,152.835,2720452
120.223,-31.532,151.894,2720473
120.464,-31.465,150.947,2720494
120.363,-31.385,149.957,2720515
120.298,-31.171,149.185,2720536
120.465,-30.889,148.394,2720558
120.612,-31.036,147.485,2720579
120.873,-30.755,146.604,2720600
120.950,-30.590,145.656,2720621
121.228,-30.284,144.818,2720642
121.109,-30.219,143.893,2720663
121.270,-30.103,143.136,2720684
121.181,-29.813,142.245,2720705
121.449,-29.607,141.485,2720726
121.501,-29.677,140.531,2720747
121.422,-29.800,139.683,2720768
121.527,-29.620,138.888,2720789
121.706,-29.348,138.024,2720810
121.905,-29.529,137.110,2720831
121.963,-29.667,136.200,2720852
122.063,-29.818,135.386,2720873
122.309,-29.585,134.531,2720894
122.181,-29.708,133.609,2720915
122.294,-29.542,132.869,2720936
122.158,-29.354,131.981,2720957
122.204,-29.437,131.222,2720978
122.033,-29.652,130.382,2720999
122.130,-29.676,129.635,2721020
122.319,-29.471,128.765,2721041
122.451,-29.429,127.891,2721062
122.481,-29.308,127.040,2721083
122.598,-29.560,126.214,2721104
122.460,-29.484,125.376,2721125
122.458,-29.343,124.671,2721146
122.229,-29.242,123.871,2721167
122.360,-29.442,123.188,2721188
122.342,-29.638,122.321,2721209
122.457,-29.937,121.532,2721230
122.485,-29.970,120.668,2721251
122.356,-30.265,119.869,2721272
122.076,-30.067,119.182,2721293
121.922,-30.088,118.559,2721314
121.648,-29.849,117.857,2721335
121.466,-29.815,117.225,2721356
121.336,-29.600,116.533,2721377
121.437,-29.725,115.813,2721398
121.605,-29.889,114.986,2721419
121.745,-29.809,114.129,2721440
121.914,-29.963,113.276,2721461
121.811,-29.837,112.423,2721482
121.924,-29.946,111.684,2721503
121.845,-29.694,110.834,2721524
121.697,-29.431,110.070,2721545
121.947,-29.256,109.355,2721566
121.798,-29.293,108.447,2721587
121.707,-29.280,107.738,2721608
121.969,-29.085,106.974,2721629
122.252,-29.220,106.061,2721650
122.193,-29.388,105.135,2721671
122.449,-29.416,104.363,2721692
122.641,-29.297,103.436,2721713
122.629,-29.128,102.528,2721734
122.606,-29.018,101.715,2721755
122.542,-28.950,100.889,2721776
122.615,-28.992,100.078,2721797
122.863,-29.279,99.189,2721818
123.203,-29.503,98.241,2721839
123.496,-29.611,97.263,2721860
123.513,-29.671,96.258,2721881
123.758,-29.943,95.406,2721902
123.678,-30.043,94.437,2721923
123.420,-29.884,93.595,2721944
123.163,-29.869,92.844,2721965
122.937,-29.890,92.052,2721986
123.042,-29.746,91.249,2722007
123.161,-29.937,90.302,2722028
122.895,-30.037,89.340,2722049
122.640,-30.198,88.546,2722070
122.700,-30.069,87.740,2722091
122.760,-29.985,86.788,2722112
122.726,-29.921,85.824,2722133
122.678,-30.135,84.908,2722154
122.377,-29.950,83.959,2722175
122.105,-29.913,83.161,2722196
122.201,-29.941,82.325,2722217
122.217,-29.837,81.311,2722238
122.171,-30.033,80.300,2722259
122.194,-29.789,79.331,2722280
122.338,-29.574,78.344,2722301
122.548,-29.645,77.270,2722322
122.404,-29.665,76.169,2722343
122.412,-29.787,75.210,2722364
122.258,-29.601,74.156,2722385
122.147,-29.597,73.183,2722406
122.418,-29.635,72.187,2722427
122.740,-29.806,70.979,2722448
123.096,-29.908,69.726,2722469
123.237,-30.047,68.443,2722490
123.396,-29.863,67.257,2722511
123.643,-30.166,66.039,2722532
123.647,-30.060,64.759,2722553
123.699,-30.078,63.597,2722574
123.945,-30.024,62.400,2722595
124.007,-29.937,61.096,2722616
124.344,-30.199,59.883,2722637
124.729,-30.448,58.508,2722658
125.068,-30.617,57.096,2722679
124.985,-30.614,55.710,2722700
125.296,-30.605,54.528,2722721
125.401,-30.550,53.129,2722742
125.231,-30.278,51.819,2722763
125.298,-30.240,50.622,2722784
125.097,-29.982,49.307,2722805
125.265,-29.826,48.129,2722826
125.260,-29.751,46.768,2722847
125.180,-29.955,45.492,2722868
125.239,-29.709,44.229,2722889
125.249,-29.667,42.906,2722910
125.023,-29.806,41.612,2722931
124.637,-29.577,40.420,2722952
124.270,-29.525,39.325,2722973
124.258,-29.529,38.144,2722994
123.847,-29.444,36.818,2723015
123.466,-29.433,35.691,2723036
123.471,-29.347,34.558,2723057
123.356,-29.562,33.229,2723078
123.434,-29.821,31.968,2723099
123.526,-29.831,30.581,2723120
123.615,-29.826,29.207,2723141
123.537,-29.824,27.826,2723162
123.341,-29.709,26.525,2723183
123.332,-29.622,25.281,2723204
123.564,-29.971,23.953,2723225
123.428,-30.209,22.486,2723246
123.685,-30.203,21.201,2723267
123.893,-30.387,19.725,2723288
123.849,-30.630,18.269,2723309
123.908,-30.944,16.934,2723330
124.066,-30.856,15.497,2723351
123.879,-30.826,14.039,2723372
123.807,-30.775,12.740,2723393
123.654,-31.008,11.366,2723414
123.717,-30.939,10.037,2723435
123.753,-30.755,8.582,2723456
123.929,-30.542,7.117,2723477
124.139,-30.724,5.587,2723498
124.321,-30.675,4.021,2723519
124.267,-30.769,2.480,2723540
124.258,-30.934,1.009,2723561
124.074,-31.113,359.556,2723582
123.988,-30.874,358.180,2723603
123.789,-30.600,356.743,2723624
123.798,-30.646,355.390,2723645
123.624,-30.800,353.928,2723666
123.685,-30.537,352.547,2723687
123.819,-30.750,351.024,2723708
123.937,-30.585,349.455,2723729
123.840,-30.476,347.883,2723750
123.793,-30.270,346.415,2723771
123.625,-30.093,344.891,2723792
123.498,-30.034,343.433,2723813
123.716,-29.940,341.960,2723834
123.542,-30.129,340.305,2723855
123.720,-30.263,338.845,2723876
123.977,-30.578,337.194,2723897
124.463,-30.864,335.467,2723918
125.222,-31.619,335.752,2723939
126.022,-32.344,335.803,2723960
126.324,-33.091,335.703,2723981
126.639,-33.790,335.818,2724002
127.217,-34.118,335.884,2724023
127.412,-34.620,335.761,2724044
127.789,-35.123,335.800,2724065
127.887,-35.477,335.670,2724086
128.072,-35.807,335.638,2724107
128.126,-35.901,335.532,2724128
127.805,-35.982,335.467,2724149
127.476,-35.834,335.567,2724170
127.216,-35.642,335.630,2724191
126.792,-35.107,335.642,2724212
126.520,-34.654,335.722,2724233
126.069,-34.000,335.708,2724254
125.974,-33.611,335.754,2724275
125.871,-33.249,335.616,2724296
125.734,-32.750,335.445,2724317
125.499,-32.198,335.295,2724338
125.046,-31.582,335.165,2724359
124.800,-30.851,335.134,2724380
124.352,-30.238,334.993,2724401
124.134,-29.557,334.933,2724422
123.654,-29.003,334.734,2724443
123.136,-28.398,334.680,2724464
122.849,-27.964,334.635,2724485
122.791,-27.712,334.904,2724506
122.719,-27.801,335.025,2724527
122.802,-27.952,335.122,2724548
122.732,-28.120,335.143,2724569
122.648,-27.927,335.230,2724590
122.535,-27.784,335.292,2724611
122.369,-27.721,335.346,2724632
122.565,-27.903,335.419,2724653
122.769,-27.999,335.303,2724674
122.615,-28.321,335.159,2724695
122.768,-28.505,335.144,2724716
122.941,-28.862,334.981,2724737
123.174,-29.246,334.778,2724758
123.386,-29.469,334.532,2724779
123.260,-29.517,334.270,2724800
123.119,-29.538,334.156,2724821
123.195,-29.845,334.042,2724842
123.043,-29.806,333.765,2724863
123.246,-29.935,333.596,2724884
123.365,-29.998,333.260,2724905
123.356,-30.349,332.924,2724926
123.262,-30.638,332.652,2724947
123.502,-30.804,332.400,2724968
123.690,-30.907,331.971,2724989
123.820,-30.659,331.548,2725010
123.684,-30.318,331.160,2725031
123.545,-30.149,330.914,2725052
123.637,-29.840,330.630,2725073
124.071,-29.326,330.229,2725094
124.184,-29.237,330.058,2725115
124.523,-29.222,330.030,2725136
124.920,-29.192,329.847,2725157
125.228,-29.010,329.630,2725178
125.439,-28.561,329.438,2725199
125.739,-28.027,329.283,2725220
125.727,-27.590,329.074,2725241
125.737,-27.075,329.011,2725262
125.630,-26.524,328.939,2725283
125.836,-26.151,328.893,2725304
126.001,-26.047,328.707,2725325
125.911,-25.983,328.571,2725346
126.065,-25.929,328.503,2725367
126.297,-25.940,328.365,2725388
126.116,-25.892,328.202,2725409
125.936,-25.788,328.242,2725430
125.796,-25.736,328.255,2725451
125.571,-25.525,328.261,2725472
125.648,-25.457,328.327,2725493
125.664,-25.396,328.235,2725514
125.447,-25.697,328.165,2725535
125.512,-25.909,328.190,2725556
125.301,-26.218,328.075,2725577
125.398,-26.156,328.102,2725598
125.193,-26.384,327.992,2725619
125.277,-26.360,328.013,2725640
124.937,-26.540,327.896,2725661
124.868,-26.769,327.950,2725682
124.485,-27.199,327.866,2725703
124.133,-27.291,327.894,2725724
124.000,-27.555,327.890,2725745
123.960,-27.925,327.782,2725766
124.010,-28.202,327.589,2725787
124.050,-28.280,327.351,2725808
123.972,-28.301,327.114,2725829
123.718,-28.550,326.885,2725850
123.634,-28.355,326.750,2725871
123.544,-28.571,326.526,2725892
123.326,-28.337,326.279,2725913
123.299,-28.213,326.059,2725934
123.495,-27.944,325.748,2725955
123.443,-28.006,325.317,2725976
123.647,-28.175,324.990,2725997
123.855,-28.324,324.571,2726018
123.931,-28.236,324.328,2726039
123.821,-28.079,324.125,2726060
123.683,-28.185,323.993,2726081
123.590,-28.278,323.857,2726102
123.834,-28.188,323.689,2726123
123.706,-28.154,323.342,2726144
123.909,-28.248,323.148,2726165
124.088,-28.494,322.783,2726186
124.327,-28.771,322.432,2726207
124.595,-28.933,322.056,2726228
124.838,-29.061,321.651,2726249
124.843,-29.153,321.236,2726270
124.682,-29.000,320.908,2726291
124.540,-29.025,320.653,2726312
124.366,-29.151,320.389,2726333
124.264,-29.234,320.133,2726354
124.085,-29.044,319.815,2726375
124.152,-28.982,319.537,2726396
124.334,-29.146,319.097,2726417
124.474,-29.201,318.623,2726438
124.619,-29.027,318.149,2726459
124.367,-28.849,317.666,2726480
124.121,-28.660,317.373,2726501
124.011,-28.349,317.077,2726522
123.766,-27.943,316.705,2726543
123.890,-27.771,316.378,2726564
123.817,-27.638,315.897,2726585
123.588,-27.215,315.526,2726606
123.736,-27.091,315.213,2726627
123.910,-27.064,314.689,2726648
124.111,-26.974,314.170,2726669
124.281,-26.842,313.649,2726690
124.162,-26.642,313.140,2726711
124.020,-26.727,312.746,2726732
123.892,-26.741,312.363,2726753
123.747,-26.697,311.975,2726774
123.934,-26.677,311.601,2726795
123.899,-26.934,311.071,2726816
124.114,-27.251,310.650,2726837
124.275,-27.463,310.112,2726858
124.322,-27.514,309.586,2726879
124.322,-27.488,309.122,2726900
124.130,-27.466,308.681,2726921
123.913,-27.778,308.314,2726942
123.777,-28.062,307.957,2726963
123.572,-28.050,307.548,2726984
123.724,-28.381,307.179,2727005
123.844,-28.597,306.645,2727026
123.822,-28.885,306.105,2727047
123.548,-29.269,305.634,2727068
123.635,-29.266,305.276,2727089
123.596,-29.358,304.747,2727110
123.570,-29.296,304.275,2727131
123.490,-29.582,303.806,2727152
123.096,-29.483,303.354,2727173
122.754,-29.560,303.053,2727194
122.479,-29.440,302.708,2727215
122.118,-29.677,302.336,2727236
122.148,-29.761,301.988,2727257
122.174,-29.829,301.469,2727278
122.080,-29.899,300.948,2727299
121.723,-29.650,300.488,2727320
121.706,-29.410,300.150,2727341
121.748,-29.500,299.644,2727362
121.549,-29.264,299.083,2727383
121.390,-29.263,298.664,2727404
121.144,-28.867,298.238,2727425
121.326,-28.596,297.841,2727446
121.340,-28.495,297.239,2727467
121.572,-28.085,296.732,2727488
121.551,-27.891,296.122,2727509
121.456,-27.535,295.635,2727530
121.501,-27.417,295.196,2727551
121.770,-27.101,294.695,2727572
121.756,-27.213,294.098,2727593
122.026,-27.113,293.619,2727614
122.191,-27.323,293.046,2727635
122.578,-27.523,292.517,2727656
122.951,-27.507,291.868,2727677
123.293,-27.475,291.232,2727698
123.631,-27.446,290.614,2727719
123.971,-27.464,289.979,2727740
124.090,-27.573,289.371,2727761
124.414,-27.866,288.843,2727782
124.479,-28.027,288.224,2727803
124.453,-27.920,287.738,2727824
124.390,-28.229,287.305,2727845
124.565,-28.528,286.874,2727866
124.747,-28.828,286.336,2727887
124.692,-29.013,285.772,2727908
124.704,-29.284,285.327,2727929
124.424,-29.183,284.852,2727950
124.113,-29.020,284.477,2727971
123.720,-28.834,284.136,2727992
123.383,-28.743,283.853,2728013
122.991,-28.876,283.524,2728034
122.886,-28.810,283.230,2728055
122.698,-28.982,282.774,2728076
122.711,-29.168,282.355,2728097
122.735,-29.220,281.871,2728118
122.546,-29.260,281.326,2728139
122.212,-29.047,280.905,2728160
121.875,-28.910,280.544,2728181
121.580,-28.946,280.204,2728202
121.441,-28.906,279.823,2728223
121.223,-28.750,279.382,2728244
121.380,-28.651,278.974,2728265
121.448,-28.803,278.369,2728286
121.670,-29.134,277.806,2728307
121.916,-29.278,277.172,2728328
122.156,-29.321,276.521,2728349
122.036,-29.338,275.890,2728370
121.927,-29.405,275.422,2728391
122.140,-29.425,274.960,2728412
122.088,-29.692,274.328,2728433
122.087,-29.720,273.828,2728454
122.398,-29.791,273.285,2728475
122.778,-30.039,272.559,2728496
122.852,-30.055,271.844,2728517
123.105,-29.891,271.305,2728538
123.441,-29.751,270.648,2728559
123.752,-29.689,269.963,2728580
123.992,-29.886,269.274,2728601
123.924,-29.732,268.616,2728622
123.849,-29.662,268.103,2728643
123.766,-29.791,267.597,2728664
123.758,-29.925,267.116,2728685
123.608,-30.121,266.579,2728706
123.723,-30.055,266.115,2728727
123.956,-29.856,265.533,2728748
123.990,-29.839,264.894,2728769
124.136,-29.625,264.336,2728790
124.265,-29.464,263.713,2728811
124.378,-29.343,263.122,2728832
124.150,-29.267,262.521,2728853
123.875,-29.025,262.115,2728874
123.854,-29.138,261.733,2728895
123.718,-29.207,261.212,2728916
123.686,-29.307,260.777,2728937
123.274,-29.236,260.266,2728958
122.879,-28.981,259.931,2728979
122.536,-28.892,259.574,2729001
122.211,-28.848,259.184,2729022
121.958,-28.857,258.774,2729043
121.639,-28.961,258.351,2729064
121.678,-28.748,257.943,2729085
121.610,-28.779,257.366,2729106
121.668,-28.558,256.808,2729127
121.754,-28.564,256.183,2729148
121.858,-28.547,255.565,2729169
121.827,-28.458,254.903,2729190
121.822,-28.256,254.281,2729211
121.659,-28.098,253.669,2729232
121.683,-28.167,253.106,2729253
121.664,-28.487,252.446,2729274
121.769,-28.766,251.798,2729295
122.156,-29.084,251.082,2729316
122.336,-29.127,250.184,2729337
122.791,-29.019,249.362,2729358
123.256,-29.104,248.406,2729379
123.298,-29.149,247.425,2729400
123.387,-29.187,246.627,2729421
123.807,-29.330,245.804,2729442
124.109,-29.312,244.822,2729463
124.426,-29.652,243.893,2729484
124.406,-29.951,242.918,2729505
124.554,-30.045,242.092,2729526
124.852,-30.311,241.191,2729547
125.076,-30.263,240.206,2729568
125.248,-30.143,239.266,2729589
125.250,-29.919,238.331,2729610
125.132,-29.612,237.482,2729631
124.934,-29.300,236.665,2729652
124.936,-29.316,235.880,2729673
124.671,-29.417,235.001,2729694
124.640,-29.405,234.235,2729715
124.577,-29.079,233.332,2729736
124.630,-28.776,232.447,2729757
124.387,-28.683,231.515,2729778
124.249,-28.354,230.726,2729799
123.845,-28.078,229.874,2729820
123.554,-27.966,229.131,2729841
123.250,-28.132,228.325,2729862
122.908,-27.884,227.507,2729883
122.853,-27.991,226.713,2729904
122.610,-28.186,225.770,2729925
122.619,-28.408,224.924,2729946
122.648,-28.425,223.969,2729967
122.685,-28.423,222.959,2729988
122.519,-28.377,221.966,2730009
122.314,-28.211,221.066,2730030
122.291,-28.108,220.173,2730051
122.383,-28.112,219.670,2730072
122.461,-27.792,219.070,2730093
122.514,-27.922,218.476,2730114
122.798,-28.063,217.874,2730135
123.124,-28.319,217.152,2730156
123.476,-28.569,216.416,2730177
123.590,-28.549,215.651,2730198
123.686,-28.428,214.981,2730219
123.973,-28.307,214.308,2730240
123.934,-28.379,213.553,2730261
124.166,-28.308,212.945,2730282
124.027,-28.314,212.196,2730303
124.243,-28.380,211.616,2730324
124.347,-28.682,210.837,2730345
124.573,-29.083,210.103,2730366
124.771,-29.362,209.303,2730387
124.531,-29.547,208.500,2730408
124.322,-29.710,207.908,2730430
124.102,-29.672,207.281,2730451
123.951,-29.958,206.629,2730472
123.880,-29.851,205.971,2730493
123.852,-30.158,205.248,2730514
123.428,-30.407,204.522,2730535
122.967,-30.538,204.014,2730556
122.850,-30.434,203.499,2730577
122.741,-30.395,202.822,2730598
122.577,-30.372,202.105,2730619
122.031,-30.257,201.395,2730640
121.476,-30.125,200.846,2730661
120.920,-30.149,200.308,2730682
120.478,-30.075,199.777,2730703
120.208,-30.259,199.189,2730724
119.905,-30.497,198.511,2730745
119.770,-30.749,197.830,2730766
119.572,-30.865,197.052,2730787
119.327,-30.681,196.310,2730808
118.874,-30.464,195.582,2730829
118.411,-30.301,194.938,2730850
117.990,-30.266,194.305,2730871
118.006,-30.164,193.618,2730892
118.033,-30.221,192.708,2730913
118.109,-30.271,191.788,2730934
117.928,-30.360,190.859,2730955
117.767,-30.256,190.044,2730976
117.945,-30.555,189.201,2730997
117.746,-30.681,188.169,2731018
117.713,-30.741,187.299,2731039
117.942,-30.598,186.348,2731060
118.113,-30.801,185.237,2731081
118.117,-31.042,184.153,2731102
118.105,-31.231,183.158,2731123
118.481,-31.282,182.147,2731144
118.912,-31.236,180.958,2731165
119.173,-31.286,179.695,2731186
119.599,-31.076,178.539,2731207
119.860,-31.021,177.309,2731228
120.078,-31.228,176.125,2731249
120.124,-30.945,174.958,2731270
120.512,-30.806,173.841,2731291
120.621,-30.593,172.568,2731312
120.821,-30.262,171.410,2731333
120.928,-29.899,170.217,2731354
121.244,-29.914,169.064,2731375
121.567,-29.969,167.819,2731396
121.905,-29.999,166.600,2731417
122.280,-29.667,165.371,2731438
122.336,-29.416,164.122,2731459
122.260,-29.025,163.037,2731480
122.214,-28.880,162.010,2731501
122.486,-28.853,160.977,2731522
122.379,-28.839,159.785,2731543
122.666,-28.724,158.793,2731564
122.949,-28.551,157.589,2731585
123.219,-28.343,156.398,2731606
123.381,-28.176,155.211,2731627
123.290,-27.890,154.083,2731648
123.449,-27.880,153.116,2731669
123.348,-28.054,152.010,2731690
123.552,-27.889,151.038,2731711
123.715,-28.087,149.937,2731732
123.898,-28.338,148.869,2731753
123.810,-28.251,147.790,2731774
123.903,-28.131,146.844,2731795
123.750,-28.045,145.837,2731816
123.969,-28.189,144.966,2731837
124.109,-28.522,143.935,2731858
123.959,-28.887,142.950,2731879
123.757,-28.921,142.137,2731900
123.734,-29.015,141.353,2731921
123.738,-29.360,140.499,2731942
123.458,-29.274,139.643,2731963
123.232,-29.342,138.953,2731984
123.162,-29.686,138.217,2732005
123.003,-30.080,137.462,2732026
123.051,-30.034,136.764,2732047
123.098,-30.115,135.972,2732068
122.739,-30.231,135.182,2732089
122.380,-30.223,134.625,2732110
122.062,-30.351,134.058,2732131
121.754,-30.610,133.465,2732152
121.791,-30.854,132.889,2732173
121.795,-30.874,132.125,2732194
121.884,-30.827,131.383,2732215
121.766,-30.909,130.586,2732236
121.574,-30.707,129.883,2732257
121.515,-30.556,129.214,2732278
121.435,-30.390,128.463,2732299
121.694,-30.243,127.700,2732320
121.693,-30.452,126.721,2732341
121.928,-30.665,125.860,2732362
122.148,-30.937,124.858,2732383
122.393,-30.781,123.856,2732404
122.713,-31.000,122.812,2732425
122.705,-30.933,121.732,2732446
122.646,-31.038,120.828,2732467
122.618,-30.995,119.920,2732488
123.008,-30.876,119.006,2732510
123.075,-30.878,117.889,2732531
123.516,-30.981,116.924,2732552
123.841,-30.953,115.756,2732573
124.233,-30.780,114.614,2732594
124.666,-30.662,113.460,2732615
124.774,-30.684,112.266,2732636
124.906,-30.485,111.217,2732657
125.283,-30.287,110.137,2732678
125.379,-30.226,108.907,2732699
125.844,-30.443,107.777,2732720
126.007,-30.466,106.478,2732741
126.417,-30.736,105.325,2732762
126.464,-31.023,104.046,2732783
126.493,-31.029,102.954,2732804
126.833,-31.045,101.892,2732825
127.206,-31.019,100.660,2732846
127.499,-31.224,99.403,2732867
127.777,-31.218,98.152,2732888
127.655,-31.291,96.901,2732909
127.772,-31.197,95.851,2732930
127.594,-31.505,94.712,2732951
127.339,-31.763,93.692,2732972
127.432,-31.973,92.707,2732993
127.172,-32.245,91.566,2733014
127.211,-32.192,90.619,2733035
127.122,-32.173,89.526,2733056
126.751,-32.065,88.522,2733077
126.340,-32.182,87.675,2733098
126.344,-32.223,86.848,2733119
126.048,-32.324,85.823,2733140
125.971,-32.572,84.969,2733161
125.776,-32.663,84.017,2733182
125.325,-32.851,83.165,2733203
124.784,-32.631,82.460,2733224
124.654,-32.575,81.845,2733245
124.177,-32.620,81.028,2733266
123.878,-32.335,80.426,2733287
123.423,-32.052,79.739,2733308
122.998,-31.769,79.141,2733329
122.963,-31.705,78.524,2733350
122.966,-31.732,77.735,2733371
123.007,-31.746,76.903,2733392
122.394,-31.757,76.090,2733413
122.025,-31.715,75.543,2733434
121.768,-31.508,74.840,2733455
121.665,-31.322,74.127,2733476
121.359,-31.196,73.330,2733497
121.373,-31.336,72.660,2733518
121.489,-31.142,71.810,2733539
121.518,-30.956,70.887,2733560
121.360,-31.100,69.988,2733581
121.038,-31.269,69.096,2733602
120.969,-31.292,68.630,2733623
121.237,-31.142,68.338,2733644
121.553,-31.021,67.816,2733665
122.053,-30.808,67.193,2733686
122.648,-30.523,66.653,2733707
123.265,-30.404,65.974,2733728
123.630,-30.050,65.265,2733749
124.051,-29.915,64.740,2733770
124.526,-29.815,64.190,2733791
124.982,-29.754,63.606,2733812
125.415,-29.706,63.047,2733833
125.964,-29.211,62.488,2733854
126.266,-29.043,61.866,2733875
126.573,-28.652,61.349,2733896
126.547,-28.331,60.813,2733917
126.845,-28.152,60.445,2733938
126.761,-27.981,59.891,2733959
126.732,-27.972,59.505,2733980
126.944,-28.118,59.070,2734001
127.171,-28.306,58.525,2734022
127.375,-28.248,57.965,2734043
127.245,-28.223,57.398,2734064
127.003,-28.459,56.955,2734085
126.768,-28.379,56.600,2734106
126.767,-28.309,56.217,2734127
126.350,-28.367,55.733,2734148
126.003,-28.636,55.415,2734169
125.896,-29.007,55.065,2734190
125.513,-29.253,54.579,2734211
125.353,-29.629,54.227,2734232
125.023,-29.930,53.764,2734253
124.473,-29.900,53.382,2734274
123.918,-29.895,53.117,2734295
123.720,-30.093,52.869,2734316
123.579,-30.130,52.401,2734337
123.104,-30.285,51.905,2734358
122.589,-30.521,51.562,2734379
122.436,-30.592,51.231,2734400
122.285,-30.845,50.695,2734421
121.852,-31.122,50.145,2734442
121.440,-31.140,49.750,2734463
121.124,-31.082,49.320,2734484
120.979,-30.904,48.818,2734505
120.791,-30.672,48.218,2734526
120.600,-30.402,47.612,2734547
120.587,-30.572,47.010,2734568
120.681,-30.360,46.299,2734589
120.772,-30.422,45.537,2734610
120.731,-30.288,44.761,2734631
120.603,-30.472,44.027,2734652
120.819,-30.208,43.338,2734673
120.776,-30.214,42.434,2734694
120.830,-29.949,41.636,2734715
120.758,-29.649,40.776,2734736
121.046,-29.491,39.982,2734757
121.382,-29.645,39.003,2734778
121.734,-29.491,38.014,2734799
121.747,-29.655,37.005,2734820
122.046,-29.704,36.150,2734841
122.107,-29.940,35.152,2734862
122.332,-29.820,34.248,2734883
122.688,-29.616,33.276,2734904
122.674,-29.758,32.249,2734925
122.574,-29.635,31.395,2734946
122.818,-29.702,30.579,2734967
123.062,-29.663,29.577,2734988
123.274,-29.680,28.593,2735009
123.446,-29.861,27.615,2735030
123.343,-29.888,26.671,2735051
123.475,-30.196,25.844,2735072
123.493,-30.341,24.898,2735093
123.275,-30.599,24.025,2735114
122.942,-30.480,23.257,2735135
122.594,-30.545,22.545,2735156
122.610,-30.571,21.858,2735177
122.335,-30.787,20.998,2735198
122.236,-31.004,20.300,2735219
122.203,-30.878,19.499,2735240
122.040,-30.833,18.665,2735261
122.000,-31.129,17.892,2735282
121.639,-31.243,17.077,2735303
121.174,-31.040,16.417,2735324
120.787,-30.974,15.778,2735345
120.620,-30.814,15.117,2735366
120.243,-30.584,14.317,2735387
119.948,-30.520,13.632,2735408
119.674,-30.301,12.900,2735429
119.649,-30.332,12.150,2735450
119.819,-30.472,11.282,2735471
120.015,-30.520,10.306,2735492
120.161,-30.590,9.285,2735513
120.081,-30.259,8.304,2735534
120.333,-29.929,7.427,2735555
120.486,-29.665,6.406,2735576
120.430,-29.300,5.437,2735597
120.532,-29.092,4.564,2735618
120.947,-28.724,3.605,2735639
121.365,-28.659,2.465,2735660
121.806,-28.549,1.345,2735681
122.258,-28.409,0.216,2735702
122.427,-28.327,359.044,2735723
122.733,-28.007,358.008,2735744
123.110,-28.133,356.921,2735765
123.285,-28.244,355.800,2735786
123.451,-27.930,354.797,2735807
123.456,-28.062,353.806,2735828
123.444,-28.026,352.878,2735849
123.738,-27.994,351.976,2735870
124.056,-28.149,350.953,2735891
124.389,-28.080,349.917,2735912
124.514,-28.144,348.897,2735933
124.717,-27.975,347.990,2735954
124.622,-27.872,347.015,2735975
124.477,-27.893,346.192,2735996
124.665,-27.929,345.414,2736017
124.465,-28.213,344.495,2736038
124.634,-28.266,343.767,2736059
124.753,-28.312,342.849,2736080
124.855,-28.609,341.920,2736101
124.962,-28.595,341.039,2736122
124.682,-28.617,340.100,2736143
124.409,-28.611,339.360,2736164
124.158,-28.683,338.628,2736185
124.374,-28.596,337.886,2736206
124.532,-28.829,337.389,2736227
125.035,-29.172,336.894,2736248
125.495,-29.441,336.244,2736269
125.513,-29.783,335.558,2736290
125.458,-29.976,335.083,2736311
125.724,-29.961,334.625,2736332
125.909,-29.906,334.001,2736353
125.917,-29.763,333.441,2736374
125.904,-29.849,332.901,2736395
125.917,-29.878,332.383,2736416
126.200,-29.496,331.847,2736437
126.038,-29.499,331.290,2736458
126.135,-29.192,330.947,2736479
126.205,-29.183,330.472,2736500
126.216,-28.998,330.021,2736521
126.066,-28.697,329.611,2736542
125.687,-28.275,329.292,2736563
125.255,-27.872,329.075,2736584
124.793,-27.558,328.871,2736605
124.426,-27.311,328.647,2736626
123.959,-26.912,328.379,2736647
123.852,-26.745,328.146,2736668
123.367,-26.681,327.739,2736689
123.256,-26.600,327.502,2736710
122.799,-26.467,327.084,2736731
122.673,-26.158,326.786,2736752
122.538,-26.184,326.343,2736773
122.157,-25.998,325.874,2736794
121.786,-25.759,325.519,2736815
121.480,-25.894,325.139,2736836
121.213,-26.108,324.705,2736857
120.913,-26.374,324.268,2736878
120.926,-26.563,323.829,2736899
120.964,-26.998,323.265,2736920
121.126,-27.063,322.682,2736941
121.191,-27.437,322.048,2736962
121.032,-27.494,321.453,2736983
121.204,-27.604,320.936,2737004
121.063,-27.688,320.292,2737025
121.044,-27.892,319.771,2737046
121.272,-28.269,319.188,2737067
121.510,-28.534,318.472,2737088
121.729,-28.721,317.745,2737109
121.984,-29.050,317.008,2737130
122.111,-29.229,316.265,2737151
122.021,-29.183,315.568,2737172
122.343,-29.357,314.978,2737193
122.594,-29.491,314.183,2737214
122.547,-29.433,313.416,2737235
122.495,-29.451,312.798,2737256
122.437,-29.494,312.201,2737277
122.724,-29.429,311.610,2737298
122.727,-29.233,310.835,2737319
122.923,-29.261,310.197,2737340
123.207,-29.325,309.483,2737361
123.474,-29.278,308.717,2737382
123.732,-29.053,307.985,2737403
123.976,-28.983,307.247,2737424
123.838,-28.985,306.536,2737445
123.825,-28.769,306.026,2737466
123.683,-28.398,305.443,2737487
123.910,-28.336,304.923,2737508
123.985,-28.139,304.257,2737529
123.892,-27.865,303.639,2737550
124.097,-27.680,303.130,2737571
124.328,-27.541,302.484,2737592
124.296,-27.565,301.798,2737613
124.068,-27.330,301.250,2737634
124.023,-27.353,300.791,2737655
123.943,-27.174,300.224,2737676
123.761,-27.440,299.671,2737697
123.556,-27.643,299.177,2737718
123.345,-27.890,298.711,2737739
123.466,-28.121,298.259,2737760
123.637,-28.386,297.626,2737781
123.516,-28.503,297.011,2737802
123.299,-28.408,296.515,2737823
123.403,-28.436,296.087,2737844
123.550,-28.779,295.490,2737865
123.689,-28.887,294.855,2737886
123.617,-29.164,294.224,2737907
123.421,-29.487,293.702,2737929
123.536,-29.402,293.252,2737950
123.664,-29.628,292.628,2737971
123.626,-29.831,292.017,2737992
123.524,-29.653,291.492,2738013
123.273,-29.461,291.026,2738034
123.036,-29.425,290.651,2738055
122.934,-29.503,290.258,2738076
122.834,-29.755,289.774,2738097
122.919,-29.546,289.318,2738118
123.027,-29.678,288.770,2738139
122.938,-29.676,288.204,2738160
123.037,-29.951,287.738,2738181
123.130,-29.887,287.162,2738202
122.867,-29.841,286.608,2738223
122.591,-29.881,286.235,2738244
122.294,-29.926,285.876,2738265
122.032,-29.972,285.535,2738286
121.820,-30.178,285.185,2738307
121.816,-30.479,284.761,2738328
121.732,-30.382,284.264,2738349
121.579,-30.695,283.779,2738370
121.323,-30.960,283.341,2738391
121.313,-31.014,282.943,2738412
121.363,-30.887,282.429,2738433
121.446,-30.771,281.875,2738454
121.435,-30.669,281.273,2738475
121.361,-30.502,280.702,2738496
121.187,-30.757,280.152,2738517
121.009,-30.998,279.636,2738538
120.755,-31.223,279.115,2738559
120.733,-31.410,278.594,2738580
120.785,-31.280,277.938,2738601
120.710,-31.183,277.238,2738622
120.460,-30.973,276.560,2738643
120.157,-30.799,275.949,2738664
120.253,-30.774,275.310,2738685
119.934,-30.815,274.457,2738706
119.830,-30.746,273.807,2738727
119.877,-30.863,273.039,2738748
119.517,-30.760,272.174,2738769
119.555,-30.586,271.492,2738790
119.521,-30.491,270.585,2738811
119.263,-30.243,269.699,2738832
119.293,-29.935,268.907,2738853
118.524,-29.756,267.978,2738874
117.514,-30.036,267.257,2738895
116.603,-30.520,266.669,2738916
115.774,-31.010,266.001,2738937
115.180,-31.479,265.292,2738958
114.104,-31.664,264.464,2738979
113.516,-32.157,265.392,2739000
112.619,-32.432,265.928,2739021
112.157,-32.727,266.550,2739042
111.464,-32.757,266.912,2739063
111.003,-32.947,267.356,2739084
110.761,-32.816,267.634,2739105
110.668,-33.082,267.763,2739126
110.640,-33.226,267.760,2739147
110.451,-33.280,267.667,2739168
110.372,-33.489,267.598,2739189
110.587,-33.668,267.428,2739210
110.511,-33.594,267.188,2739231
110.576,-33.359,267.281,2739252
110.733,-33.038,267.257,2739273
111.225,-32.693,267.100,2739294
111.722,-32.491,266.870,2739315
112.231,-32.542,266.701,2739336
112.746,-32.592,266.447,2739357
112.936,-32.293,266.180,2739378
113.444,-32.152,266.172,2739399
114.058,-31.863,265.947,2739420
114.364,-31.758,265.666,2739441
114.905,-31.813,265.530,2739462
115.409,-31.509,265.307,2739483
115.587,-31.393,265.278,2739504
116.100,-31.341,265.330,2739525
116.172,-31.473,265.172,2739546
116.217,-31.610,265.264,2739567
116.268,-31.668,265.370,2739588
116.490,-31.897,265.448,2739609
116.624,-31.852,265.435,2739630
116.780,-32.035,265.422,2739651
116.644,-32.043,265.380,2739672
116.651,-31.845,265.451,2739693
116.427,-31.718,265.421,2739714
116.128,-31.547,265.498,2739735
115.820,-31.425,265.588,2739756
115.763,-31.519,265.641,2739777
115.610,-31.718,265.546,2739798
115.400,-31.885,265.472,2739819
115.475,-31.575,265.436,2739840
115.535,-31.432,265.214,2739861
115.235,-31.436,265.019,2739882
114.981,-31.180,264.987,2739903
114.915,-30.888,265.013,2739924
115.070,-30.465,264.956,2739945
115.044,-30.458,264.751,2739966
115.280,-30.419,264.666,2739987
115.132,-30.101,264.522,2740008
115.332,-29.834,264.568,2740029
115.367,-29.907,264.473,2740050
115.374,-30.042,264.445,2740071
115.585,-29.788,264.435,2740092
115.860,-29.621,264.337,2740113
115.812,-29.518,264.187,2740134
116.121,-29.390,264.213,2740155
116.308,-29.300,264.065,2740176
116.385,-29.520,263.939,2740197
116.394,-29.664,263.851,2740218
116.699,-29.755,263.771,2740239
116.672,-29.589,263.513,2740260
116.979,-29.535,263.431,2740281
117.277,-29.652,263.147,2740302
117.563,-29.558,262.887,2740323
117.515,-29.474,262.628,2740344
117.646,-29.542,262.531,2740365
117.993,-29.788,262.328,2740386
118.318,-29.816,262.001,2740407
118.283,-30.047,261.706,2740428
118.329,-30.116,261.566,2740449
118.694,-30.345,261.363,2740470
118.951,-30.345,261.072,2740491
118.958,-30.590,260.837,2740512
119.208,-30.502,260.719,2740533
119.239,-30.270,260.461,2740554
119.622,-30.054,260.350,2740575
119.617,-30.011,260.059,2740596
119.603,-30.025,259.983,2740617
119.565,-29.983,259.895,2740638
119.880,-29.888,259.829,2740659
119.873,-29.994,259.612,2740680
120.179,-29.736,259.528,2740701
120.447,-29.573,259.256,2740722
120.599,-29.418,259.023,2740743
120.491,-29.152,258.836,2740764
120.754,-29.210,258.733,2740785
120.998,-29.196,258.423,2740806
120.845,-29.230,258.094,2740827
120.891,-29.296,257.964,2740848
120.701,-29.442,257.776,2740869
120.756,-29.444,257.686,2740890
120.864,-29.621,257.420,2740911
120.641,-29.489,257.133,2740932
120.586,-29.290,257.021,2740953
120.671,-29.052,256.817,2740974
120.414,-29.051,256.551,2740996
120.125,-29.138,256.468,2741017
120.006,-29.207,256.381,2741038
119.802,-29.442,256.224,2741059
119.837,-29.260,256.105,2741080
119.880,-29.168,255.875,2741101
119.900,-29.082,255.661,2741122
119.870,-28.996,255.435,2741143
119.534,-28.876,255.226,2741164
119.262,-28.864,255.170,2741185
119.063,-29.005,255.106,2741206
119.038,-29.203,254.961,2741227
118.778,-29.451,254.735,2741248
118.950,-29.455,254.618,2741269
119.149,-29.453,254.287,2741290
119.319,-29.450,253.956,2741311
119.209,-29.379,253.622,2741332
119.294,-29.161,253.444,2741353
119.123,-29.042,253.158,2741374
119.117,-28.983,252.976,2741395
119.023,-28.797,252.716,2741416
118.901,-29.013,252.504,2741437
119.063,-29.237,252.299,2741458
119.225,-29.439,251.897,2741479
119.229,-29.440,251.465,2741500
119.432,-29.725,251.114,2741521
119.301,-29.756,250.697,2741542
119.137,-29.632,250.439,2741563
119.005,-29.556,250.198,2741584
119.268,-29.549,249.965,2741605
119.556,-29.626,249.521,2741626
119.763,-29.587,249.071,2741647
119.713,-29.783,248.657,2741668
119.987,-29.835,248.370,2741689
120.203,-29.951,247.956,2741710
120.487,-29.766,247.554,2741731
120.696,-29.667,247.113,2741752
120.686,-29.476,246.702,2741773
120.588,-29.248,246.379,2741794
120.795,-29.072,246.097,2741815
120.694,-28.909,245.653,2741836
120.645,-28.903,245.342,2741857
120.553,-29.047,245.064,2741878
120.475,-29.161,244.790,2741899
120.745,-29.275,244.538,2741920
120.989,-29.285,244.098,2741941
121.025,-29.176,243.713,2741962
121.232,-28.978,243.390,2741983
121.085,-28.901,242.976,2742004
120.919,-29.004,242.736,2742025
121.065,-29.101,242.480,2742046
121.033,-29.339,242.058,2742067
121.154,-29.595,241.677,2742088
121.303,-29.840,241.264,2742109
121.457,-29.732,240.800,2742130
121.303,-29.581,240.392,2742151
121.100,-29.426,240.152,2742172
121.242,-29.510,239.907,2742193
121.072,-29.421,239.492,2742214
120.854,-29.225,239.245,2742235
120.702,-29.207,239.032,2742256
120.801,-29.323,238.764,2742277
120.609,-29.522,238.358,2742298
120.686,-29.612,238.114,2742319
120.815,-29.457,237.723,2742340
120.961,-29.678,237.313,2742361
121.027,-29.688,236.877,2742382
120.880,-29.608,236.492,2742403
120.994,-29.479,236.205,2742424
120.897,-29.643,235.774,2742445
120.904,-29.531,235.455,2742466
120.844,-29.844,235.073,2742487
120.687,-30.159,234.710,2742508
120.652,-29.994,234.411,2742529
120.811,-30.263,234.034,2742550
120.689,-30.303,233.580,2742571
120.786,-30.072,233.297,2742592
120.520,-30.230,232.889,2742613
120.450,-30.192,232.645,2742634
120.232,-29.954,232.317,2742655
120.410,-30.058,232.014,2742676
120.280,-30.057,231.501,2742697
120.472,-30.279,231.141,2742718
120.407,-30.385,230.617,2742739
120.223,-30.223,230.234,2742760
120.440,-30.184,229.890,2742781
120.478,-30.138,229.363,2742802
120.660,-29.905,228.898,2742823
120.611,-29.715,228.354,2742844
120.459,-29.825,227.933,2742865
120.698,-29.738,227.542,2742886
120.975,-29.855,226.947,2742907
120.884,-29.884,226.323,2742928
121.177,-29.878,225.870,2742949
121.241,-29.875,225.236,2742970
121.513,-30.028,224.697,2742991
121.369,-29.970,224.106,2743012
121.366,-29.814,223.713,2743033
121.566,-29.528,223.237,2743054
121.505,-29.380,222.686,2743075
121.693,-29.066,222.233,2743096
121.515,-29.021,221.673,2743117
121.665,-29.036,221.305,2743138
121.872,-29.140,220.762,2743159
121.665,-29.164,220.172,2743180
121.496,-29.107,219.783,2743201
121.305,-28.916,219.399,2743222
121.103,-28.895,219.046,2743243
121.294,-28.931,218.677,2743264
121.217,-29.029,218.137,2743285
121.126,-29.263,217.704,2743306
121.033,-29.109,217.291,2743327
121.214,-29.350,216.893,2743348
121.198,-29.384,216.384,2743369
121.339,-29.698,215.959,2743390
121.480,-29.957,215.418,2743411
121.571,-29.986,214.885,2743432
121.571,-29.920,214.363,2743453
121.355,-29.782,213.868,2743474
121.408,-29.676,213.497,2743495
121.110,-29.980,213.000,2743516
120.802,-30.031,212.659,2743537
120.847,-30.053,212.337,2743558
120.801,-30.324,211.826,2743579
120.887,-30.651,211.341,2743600
120.578,-30.791,210.786,2743621
120.507,-30.900,210.400,2743642
120.227,-30.732,209.897,2743663
119.982,-30.729,209.498,2743684
120.075,-30.611,209.080,2743705
119.833,-30.525,208.526,2743726
119.858,-30.464,208.118,2743747
120.022,-30.670,207.587,2743768
120.215,-30.759,206.974,2743789
120.011,-30.679,206.309,2743810
120.135,-30.705,205.867,2743831
119.983,-30.550,205.257,2743852
120.026,-30.677,204.774,2743873
119.787,-30.423,204.197,2743894
119.569,-30.356,203.771,2743915
119.759,-30.272,203.291,2743936
119.995,-30.259,202.618,2743957
120.054,-30.171,201.912,2743978
119.955,-30.344,201.297,2743999
119.833,-30.393,200.771,2744020
119.858,-30.270,200.264,2744041
119.935,-29.994,199.674,2744062
120.197,-29.719,199.062,2744083
120.202,-29.548,198.335,2744104
120.130,-29.700,197.744,2744125
120.345,-29.742,197.168,2744146
120.360,-30.000,196.454,2744167
120.672,-29.826,195.844,2744188
120.927,-29.936,195.076,2744209
121.225,-30.186,194.322,2744230
121.428,-30.142,193.568,2744251
121.483,-30.055,192.868,2744272
121.651,-30.368,192.224,2744293
121.565,-30.298,191.550,2744314
121.966,-30.215,190.992,2744335
122.370,-30.590,191.441,2744356
122.650,-31.058,191.799,2744377
122.730,-31.697,192.171,2744398
122.891,-32.345,192.599,2744419
122.737,-32.941,192.957,2744440
122.584,-33.280,193.460,2744461
122.367,-33.543,193.958,2744482
122.055,-33.747,193.748,2744503
121.960,-33.600,193.575,2744524
121.695,-33.331,193.291,2744545
121.630,-33.381,193.083,2744566
121.506,-33.415,192.765,2744587
121.332,-33.397,192.459,2744608
121.301,-32.942,192.174,2744629
121.152,-32.699,191.790,2744650
121.000,-32.208,191.464,2744671
120.700,-31.711,191.109,2744692
120.370,-31.397,191.373,2744713
120.073,-31.272,191.646,2744734
120.087,-31.160,191.863,2744755
120.213,-30.856,191.905,2744776
120.023,-30.731,191.890,2744797
120.162,-30.772,192.018,2744818
120.280,-30.685,192.000,2744839
120.335,-30.658,191.960,2744860
120.075,-30.421,191.942,2744881
120.117,-30.394,192.068,2744902
119.926,-30.144,192.043,2744923
119.756,-30.000,192.113,2744944
119.715,-29.893,192.198,2744965
119.906,-30.062,192.203,2744986
120.007,-30.256,192.103,2745007
120.168,-30.518,192.000,2745028
120.473,-30.797,191.855,2745049
120.429,-30.913,191.620,2745070
120.635,-30.790,191.579,2745091
120.583,-30.735,191.397,2745112
120.476,-30.618,191.311,2745133
120.353,-30.735,191.249,2745154
120.492,-30.793,191.189,2745175
120.430,-31.090,190.967,2745196
120.651,-31.318,190.857,2745217
120.912,-31.513,190.598,2745238
121.179,-31.495,190.277,2745259
121.038,-31.643,189.987,2745280
121.250,-31.560,189.874,2745301
121.336,-31.721,189.564,2745322
121.320,-31.527,189.300,2745343
121.134,-31.292,189.093,2745364
120.981,-31.300,188.965,2745385
120.998,-31.371,188.808,2745406
120.825,-31.115,188.558,2745427
121.001,-31.201,188.404,2745448
121.120,-31.181,188.089,2745469
121.244,-31.287,187.786,2745490
121.286,-31.192,187.828,2745511
121.149,-31.470,187.885,2745532
121.260,-31.269,188.013,2745553
120.954,-31.432,187.950,2745574
120.615,-31.491,188.102,2745595
120.353,-31.463,188.297,2745616
120.217,-31.633,188.412,2745637
120.292,-31.424,188.451,2745658
120.386,-31.515,188.376,2745679
120.402,-31.619,188.262,2745700
120.490,-31.466,188.379,2745721
120.408,-31.742,188.417,2745742
120.245,-31.616,188.488,2745763
120.175,-31.560,188.596,2745784
120.131,-31.427,188.642,2745805
120.368,-31.610,188.646,2745826
120.312,-31.824,188.473,2745847
120.563,-31.794,188.562,2745868
120.922,-32.020,188.494,2745889
120.843,-32.116,188.326,2745910
121.109,-32.165,188.397,2745931
121.414,-32.045,188.226,2745952
121.334,-31.992,188.046,2745973
121.294,-32.029,188.106,2745994
121.465,-32.173,188.161,2746015
121.751,-31.991,188.088,2746036
121.669,-32.033,187.998,2746057
121.899,-32.176,188.074,2746078
122.102,-32.288,188.017,2746099
122.308,-32.395,187.938,2746120
122.155,-32.335,187.918,2746141
122.288,-32.148,188.120,2746162
122.091,-31.963,188.159,2746183
121.892,-31.803,188.424,2746204
121.667,-31.748,188.707,2746225
121.848,-31.756,189.000,2746246
121.864,-31.646,189.087,2746267
121.646,-31.803,189.282,2746288
121.771,-31.608,189.592,2746309
121.555,-31.734,189.701,2746330
121.529,-31.663,189.984,2746351
121.560,-31.369,190.152,2746372
121.371,-31.095,190.282,2746393
121.547,-30.865,190.541,2746414
121.344,-30.931,190.576,2746435
121.209,-30.757,190.769,2746456
121.300,-30.917,190.994,2746477
121.331,-31.088,191.102,2746498
121.466,-31.335,191.228,2746519
121.580,-31.365,191.287,2746540
121.406,-31.554,191.354,2746561
121.164,-31.404,191.539,2746582
121.085,-31.462,191.806,2746603
120.941,-31.724,191.968,2746624
120.775,-31.596,192.193,2746645
120.980,-31.758,192.404,2746666
120.853,-32.034,192.400,2746687
120.758,-32.206,192.565,2746708
120.957,-32.085,192.697,2746729
121.186,-32.323,192.695,2746750
121.361,-32.431,192.662,2746771
121.367,-32.424,192.687,2746792
121.120,-32.254,192.784,2746813
121.271,-32.205,193.032,2746834
121.002,-32.285,193.058,2746855
120.847,-32.301,193.352,2746876
120.948,-32.482,193.576,2746897
120.804,-32.451,193.660,2746918
120.917,-32.240,193.856,2746939
121.019,-32.298,193.909,2746960
120.739,-32.464,193.964,2746981
120.855,-32.269,194.202,2747002
120.769,-32.216,194.219,2747023
120.493,-31.931,194.353,2747044
120.231,-31.864,194.574,2747065
120.215,-31.793,194.758,2747086
120.162,-31.934,194.803,2747107
120.282,-31.643,194.851,2747128
120.473,-31.721,194.816,2747149
120.718,-31.785,194.744,2747170
120.783,-31.672,194.680,2747191
120.716,-31.810,194.678,2747212
120.766,-31.500,194.720,2747233
121.011,-31.184,194.715,2747254
120.867,-31.093,194.618,2747275
120.740,-30.881,194.733,2747296
120.956,-30.830,194.852,2747317
121.196,-30.606,194.771,2747338
121.454,-30.388,194.695,2747359
121.592,-30.278,194.585,2747380
121.795,-30.379,194.561,2747401
121.708,-30.100,194.483,2747422
121.949,-29.854,194.546,2747443
121.845,-29.616,194.435,2747464
121.855,-29.578,194.485,2747485
121.882,-29.744,194.471,2747506
121.850,-29.978,194.454,2747527
121.745,-30.195,194.444,2747548
122.021,-30.230,194.479,2747569
122.286,-30.390,194.315,2747590
122.459,-30.471,194.176,2747611
122.242,-30.477,194.071,2747632
122.011,-30.658,194.169,2747653
122.085,-30.749,194.291,2747674
121.767,-30.816,194.267,2747695
121.490,-30.999,194.433,2747716
121.125,-31.312,194.596,2747737
120.940,-31.469,194.784,2747758
120.905,-31.812,194.861,2747779
120.929,-31.772,194.846,2747800
120.683,-31.857,194.805,2747821
120.665,-32.120,194.914,2747842
120.514,-32.178,194.864,2747863
120.071,-32.059,194.906,2747884
119.601,-32.003,195.067,2747905
119.420,-32.035,195.239,2747926
119.344,-31.861,195.252,2747947
119.088,-31.779,195.206,2747968
118.931,-31.959,195.235,2747989
118.915,-32.122,195.200,2748010
118.889,-32.105,195.077,2748031
118.600,-32.167,194.973,2748052
118.385,-31.875,194.984,2748073
118.491,-31.474,194.966,2748094
118.249,-31.287,194.737,2748115
118.415,-31.017,194.681,2748136
118.544,-30.721,194.396,2748157
118.536,-30.815,194.500,2748178
118.877,-30.531,194.668,2748199
119.236,-30.431,194.639,2748220
119.366,-30.457,194.622,2748241
119.531,-30.579,194.712,2748262
119.741,-30.291,194.771,2748283
119.840,-30.022,194.803,2748304
119.975,-29.992,194.879,2748325
120.122,-29.987,194.944,2748346
120.289,-30.008,194.968,2748367
120.500,-29.923,194.971,2748388
121.080,-29.874,194.951,2748409
121.621,-30.007,194.729,2748430
122.171,-30.122,194.530,2748451
122.674,-30.162,194.298,2748472
123.121,-30.173,194.106,2748493
123.267,-30.133,193.935,2748514
123.641,-29.947,193.909,2748535
123.585,-30.112,193.761,2748556
123.865,-30.011,193.813,2748577
123.732,-30.192,193.687,2748598
123.928,-30.206,193.751,2748619
124.071,-30.320,193.646,2748640
123.837,-30.237,193.554,2748661
123.883,-30.293,193.627,2748682
123.563,-30.184,193.587,2748703
123.171,-29.936,193.680,2748724
122.781,-29.861,193.805,2748745
122.730,-29.859,193.927,2748766
122.644,-29.965,193.862,2748787
122.215,-30.104,193.810,2748808
122.098,-30.210,193.915,2748829
121.993,-30.397,193.891,2748850
121.523,-30.470,193.826,2748871
121.027,-30.592,193.922,2748892
120.666,-30.482,194.022,2748913
120.323,-30.310,194.059,2748934
119.872,-30.109,194.088,2748955
119.474,-30.111,194.159,2748976
119.469,-30.306,194.197,2748997
119.147,-30.447,194.022,2749018
119.192,-30.679,194.020,2749039
119.291,-30.702,193.821,2749060
119.118,-30.836,193.591,2749081
119.092,-30.790,193.606,2749102
119.064,-31.146,193.527,2749123
118.921,-31.025,193.439,2749144
119.191,-31.241,193.409,2749165
119.350,-31.376,193.168,2749186
119.470,-31.722,192.969,2749207
119.485,-31.604,192.797,2749228
119.801,-31.506,192.689,2749249
120.129,-31.659,192.425,2749270
120.290,-31.759,192.122,2749291
120.326,-31.993,191.909,2749312
120.309,-31.755,191.744,2749333
120.469,-31.860,191.601,2749354
120.450,-31.558,191.355,2749375
120.421,-31.287,191.200,2749396
120.725,-31.299,191.075,2749417
121.015,-31.298,190.749,2749438
121.314,-31.291,190.423,2749459
121.579,-31.122,190.071,2749480
121.485,-31.105,189.727,2749501
121.761,-31.054,189.701,2749522
121.819,-30.967,189.445,2749543
121.671,-30.624,189.297,2749564
121.528,-30.456,189.245,2749585
121.728,-30.305,189.210,2749606
121.611,-30.151,189.014,2749627
121.569,-29.880,188.965,2749648
121.770,-30.008,188.886,2749669
121.684,-30.004,188.696,2749690
121.707,-30.106,188.636,2749711
121.805,-30.255,188.514,2749732
121.591,-29.991,188.366,2749753
121.630,-29.874,188.380,2749774
121.432,-29.651,188.276,2749795
121.261,-29.562,188.281,2749816
121.237,-29.746,188.282,2749837
121.348,-30.039,188.216,2749858
121.428,-30.086,188.081,2749879
121.495,-30.171,187.955,2749900
121.294,-30.360,187.847,2749921
121.213,-30.671,187.864,2749942
120.920,-30.571,187.803,2749963
120.675,-30.541,187.832,2749984
120.411,-30.465,187.821,2750005
120.397,-30.584,187.825,2750026
120.389,-30.446,187.710,2750047
120.152,-30.734,187.580,2750068
120.295,-30.802,187.558,2750089
120.353,-30.911,187.333,2750110
120.168,-31.107,187.129,2750131
120.273,-30.927,187.024,2750152
120.408,-30.736,186.760,2750173
120.590,-30.903,186.490,2750194
120.415,-30.999,186.174,2750215
120.196,-30.980,186.032,2750236
120.403,-30.815,185.896,2750257
120.438,-30.637,185.539,2750278
120.548,-30.760,185.259,2750299
120.786,-30.453,184.911,2750320
120.647,-30.293,184.498,2750341
120.781,-30.123,184.245,2750362
120.755,-29.892,183.858,2750383
120.738,-30.010,183.533,2750404
120.747,-29.712,183.175,2750425
120.567,-29.888,182.802,2750446
120.789,-29.818,182.534,2750467
120.801,-29.724,182.038,2750488
121.032,-29.940,181.636,2750509
121.274,-29.973,181.137,2750530
121.507,-30.007,180.600,2750551
121.533,-29.972,180.055,2750572
121.383,-29.758,179.622,2750593
121.616,-29.708,179.265,2750614
121.442,-29.672,178.717,2750635
121.274,-29.706,178.367,2750656
121.088,-29.854,178.006,2750677
121.132,-29.796,177.656,2750698
121.285,-30.085,177.152,2750719
121.403,-30.288,176.595,2750740
121.424,-30.467,176.082,2750761
121.197,-30.747,175.582,2750782
121.253,-30.768,175.226,2750803
121.057,-30.632,174.727,2750824
121.250,-30.712,174.354,2750845
121.102,-30.691,173.773,2750866
120.921,-30.553,173.373,2750887
121.121,-30.646,172.987,2750908
120.986,-30.675,172.396,2750929
121.140,-30.501,171.955,2750950
121.327,-30.347,171.391,2750971
121.503,-30.393,170.786,2750992
121.726,-30.295,170.204,2751013
121.892,-30.392,169.557,2751034
121.696,-30.275,168.948,2751055
121.843,-30.234,168.555,2751076
121.661,-30.389,167.989,2751097
121.698,-30.218,167.590,2751118
121.839,-29.983,167.052,2751139
121.929,-30.189,166.465,2751160
121.826,-30.387,165.907,2751181
121.675,-30.459,165.444,2751202
121.543,-30.400,165.015,2751223
121.563,-30.287,164.570,2751244
121.464,-30.085,164.051,2751265
121.693,-30.258,163.582,2751286
121.731,-30.446,162.975,2751307
121.802,-30.343,162.448,2751328
121.965,-30.224,161.904,2751349
122.149,-30.245,161.331,2751370
121.919,-30.313,160.771,2751391
122.096,-30.339,160.404,2751412
121.898,-30.564,159.833,2751433
121.766,-30.862,159.462,2751454
121.696,-30.829,159.070,2751475
121.403,-31.207,158.648,2751496
121.277,-31.388,158.332,2751517
121.238,-31.743,157.948,2751538
121.209,-31.667,157.497,2751559
121.266,-31.580,157.070,2751580
121.347,-31.672,156.599,2751601
121.037,-31.773,156.106,2751622
120.893,-31.823,155.828,2751643
120.659,-31.530,155.464,2751664
120.584,-31.584,155.111,2751685
120.441,-31.256,154.683,2751706
120.187,-31.319,154.246,2751727
119.945,-31.255,153.860,2751748
120.066,-30.931,153.484,2751769
120.212,-30.822,152.924,2751790
120.360,-30.643,152.340,2751811
120.172,-30.468,151.739,2751832
120.309,-30.172,151.313,2751853
120.169,-30.211,150.753,2751874
120.339,-30.174,150.299,2751895
120.259,-29.910,149.683,2751916
120.553,-29.930,149.209,2751937
120.890,-29.800,148.540,2751958
121.046,-29.715,147.835,2751979
121.382,-29.522,147.213,2752000
121.724,-29.694,146.501,2752021
121.645,-29.769,145.743,2752042
121.951,-29.799,145.229,2752063
121.984,-29.773,144.505,2752084
122.109,-29.994,143.938,2752105
122.347,-30.284,143.314,2752126
122.576,-30.528,142.603,2752147
122.553,-30.402,141.888,2752168
122.512,-30.243,141.292,2752189
122.752,-30.460,140.687,2752210
122.981,-30.377,139.956,2752231
122.867,-30.293,139.232,2752252
122.719,-30.420,138.657,2752273
122.827,-30.479,138.078,2752294
122.664,-30.337,137.370,2752315
122.883,-30.454,136.787,2752336
123.000,-30.550,136.029,2752357
122.921,-30.415,135.281,2752378
122.841,-30.629,134.665,2752399
123.014,-30.397,134.054,2752420
123.223,-30.349,133.283,2752441
123.261,-30.338,132.501,2752462
123.124,-30.083,131.817,2752483
122.996,-30.202,131.184,2752504
122.804,-30.322,130.555,2752525
122.908,-30.348,129.969,2752546
122.710,-30.573,129.222,2752567
122.867,-30.625,128.616,2752588
123.046,-30.534,127.837,2752609
123.045,-30.569,127.040,2752630
123.206,-30.347,126.347,2752651
123.281,-30.383,125.574,2752672
123.002,-30.524,124.829,2752693
123.133,-30.531,124.268,2752714
123.004,-30.539,123.492,2752735
122.788,-30.278,122.832,2752756
122.792,-30.400,122.227,2752777
122.482,-30.161,121.511,2752798
122.181,-30.112,120.930,2752819
122.239,-29.989,120.381,2752840
122.122,-29.836,119.627,2752861
121.979,-29.598,118.948,2752882
121.697,-29.378,118.283,2752903
121.454,-29.339,117.688,2752924
121.431,-29.488,117.050,2752945
121.426,-29.785,116.328,2752966
121.629,-30.123,115.580,2752987
121.894,-30.122,114.749,2753008
122.220,-30.413,113.918,2753029
122.354,-30.491,113.074,2753050
122.340,-30.377,112.348,2753071
122.394,-30.415,111.720,2753092
122.688,-30.669,111.075,2753113
122.690,-30.989,110.362,2753134
123.038,-31.142,109.771,2753155
123.404,-31.431,109.027,2753176
123.740,-31.641,108.272,2753197
124.114,-31.630,107.566,2753218
124.441,-31.746,106.828,2753239
124.694,-31.623,106.112,2753260
124.874,-31.453,105.437,2753281
124.772,-31.624,104.802,2753302
124.627,-31.379,104.331,2753323
124.852,-31.235,103.827,2753344
124.668,-31.091,103.146,2753365
124.825,-31.049,102.675,2753386
124.611,-31.032,102.077,2753407
124.416,-30.763,101.654,2753428
124.493,-30.862,101.218,2753449
124.313,-30.701,100.620,2753470
123.945,-30.423,100.169,2753491
123.762,-30.298,99.813,2753512
123.806,-30.430,99.369,2753533
123.815,-30.305,98.798,2753554
123.845,-30.100,98.242,2753575
123.927,-30.186,97.648,2753596
123.622,-30.174,97.026,2753617
123.297,-30.179,96.599,2753638
123.263,-30.108,96.200,2753659
123.282,-29.884,95.631,2753680
122.964,-29.703,95.059,2753701
123.028,-29.506,94.645,2753722
122.784,-29.425,94.010,2753743
122.542,-29.526,93.539,2753764
122.526,-29.577,93.043,2753785
122.706,-29.777,92.434,2753806
122.803,-29.806,91.697,2753827
122.599,-29.631,90.968,2753848
122.810,-29.627,90.392,2753869
123.455,-29.516,89.569,2753890
124.083,-28.967,89.730,2753911
123.908,-28.387,89.836,2753932
124.099,-28.614,89.880,2753953
124.337,-28.711,89.703,2753974
124.585,-28.748,89.451,2753995
124.950,-28.695,89.153,2754016
125.091,-28.900,88.770,2754037
125.231,-29.101,88.457,2754058
125.642,-29.172,88.500,2754079
125.616,-29.016,88.361,2754100
125.565,-28.866,88.419,2754121
125.459,-28.747,88.456,2754142
125.326,-28.819,88.495,2754163
125.301,-28.844,88.558,2754184
125.359,-29.084,88.583,2754205
125.207,-29.374,88.592,2754226
125.388,-29.317,88.662,2754247
125.196,-29.423,88.595,2754268
125.386,-29.428,88.687,2754289
125.538,-29.554,88.569,2754310
125.533,-29.631,88.455,2754331
125.341,-29.554,88.424,2754352
125.189,-29.756,88.487,2754373
125.298,-30.061,88.499,2754394
125.175,-30.327,88.369,2754415
125.092,-30.644,88.340,2754436
124.762,-30.953,88.310,2754457
124.546,-31.072,88.380,2754478
124.268,-30.904,88.389,2754499
124.273,-30.738,88.408,2754520
124.206,-30.663,88.257,2754541
124.203,-30.532,88.157,2754562
123.934,-30.689,88.003,2754583
123.750,-30.426,87.976,2754604
123.466,-30.606,87.903,2754625
123.457,-30.744,87.874,2754646
123.204,-30.737,87.693,2754667
122.988,-30.825,87.646,2754688
122.831,-30.946,87.538,2754709
122.730,-30.599,87.401,2754730
122.445,-30.293,87.236,2754751
122.555,-30.020,87.143,2754772
122.380,-29.852,86.860,2754793
122.244,-29.903,86.716,2754814
122.375,-29.979,86.583,2754835
122.287,-29.773,86.286,2754856
122.483,-29.885,86.100,2754877
122.494,-30.062,85.777,2754898
122.619,-29.883,85.535,2754919
122.647,-29.745,85.234,2754940
123.009,-29.610,84.961,2754961
123.336,-29.795,84.560,2754982
123.476,-30.033,84.155,2755003
123.760,-30.302,83.840,2755024
123.759,-30.208,83.430,2755045
124.097,-30.358,83.158,2755066
124.320,-30.330,82.750,2755087
124.666,-30.045,82.561,2755108
124.621,-29.900,82.276,2755129
124.783,-29.944,82.186,2755150
124.789,-29.644,81.989,2755171
124.764,-29.273,81.850,2755192
124.579,-29.365,81.721,2755213
124.539,-29.267,81.627,2755234
124.408,-29.416,81.463,2755255
124.518,-29.535,81.327,2755276
124.369,-29.484,81.035,2755297
124.482,-29.193,80.989,2755318
124.180,-29.093,80.815,2755339
124.118,-29.044,80.846,2755360
124.141,-28.780,80.729,2755381
123.823,-28.663,80.535,2755402
123.787,-28.622,80.583,2755423
123.640,-28.807,80.471,2755444
123.734,-29.032,80.383,2755465
123.831,-29.140,80.204,2755486
123.530,-29.126,79.989,2755507
123.276,-29.234,79.968,2755528
123.075,-29.147,79.893,2755549
122.906,-29.353,79.825,2755570
123.015,-29.232,79.740,2755591
123.133,-29.251,79.482,2755612
122.941,-29.310,79.221,2755633
122.736,-29.270,79.167,2755654
122.864,-29.357,79.112,2755675
122.759,-29.681,78.880,2755696
122.871,-29.933,78.746,2755717
122.820,-30.266,78.566,2755738
122.755,-30.207,78.412,2755759
122.953,-30.368,78.294,2755780
123.222,-30.275,78.038,2755801
123.238,-30.445,77.739,2755822
123.112,-30.288,77.554,2755843
123.212,-30.364,77.395,2755864
123.478,-30.614,77.127,2755885
123.765,-30.697,76.772,2755906
124.001,-30.783,76.411,2755927
123.908,-30.695,76.047,2755948
124.101,-30.521,75.858,2755969
124.137,-30.377,75.501,2755990
124.383,-30.148,75.201,2756011
124.296,-30.188,74.799,2756032
124.471,-29.950,74.570,2756053
124.277,-29.816,74.190,2756074
124.093,-29.895,73.982,2756095
124.069,-30.011,73.752,2756116
124.151,-30.205,73.434,2756137
123.871,-30.365,73.035,2756158
123.608,-30.267,72.793,2756179
123.559,-30.101,72.550,2756200
123.256,-29.877,72.156,2756221
123.314,-29.859,71.867,2756242
122.996,-29.800,71.421,2756263
122.702,-29.714,71.111,2756284
122.703,-29.826,70.784,2756305
122.795,-30.047,70.309,2756326
122.837,-30.138,69.781,2756347
122.496,-30.170,69.287,2756368
122.112,-30.271,68.976,2756389
122.058,-30.340,68.696,2756410
121.783,-30.188,68.218,2756431
121.840,-30.022,67.872,2756452
121.783,-30.115,67.355,2756473
121.824,-30.379,66.860,2756494
121.494,-30.394,66.338,2756515
121.598,-30.329,65.990,2756536
121.390,-30.406,65.415,2756557
121.113,-30.253,64.978,2756578
121.124,-30.234,64.570,2756599
121.108,-30.517,64.014,2756620
121.111,-30.331,63.458,2756641
121.218,-30.151,62.904,2756662
121.042,-30.429,62.298,2756683
120.856,-30.555,61.824,2756704
121.066,-30.529,61.350,2756725
121.310,-30.730,60.651,2756746
121.536,-30.855,59.924,2756767
121.401,-30.810,59.231,2756788
121.279,-30.896,58.675,2756809
121.186,-30.946,58.158,2756830
121.215,-30.828,57.590,2756851
121.548,-30.668,56.972,2756872
121.665,-30.752,56.176,2756893
122.018,-30.993,55.481,2756914
122.379,-31.045,54.669,2756935
122.647,-31.052,53.841,2756957
122.573,-30.843,53.068,2756978
122.748,-30.768,52.457,2756999
122.662,-30.463,51.708,2757020
122.619,-30.365,51.099,2757041
122.879,-30.103,50.442,2757062
123.108,-30.145,49.643,2757083
123.247,-30.135,48.847,2757104
123.025,-30.294,48.092,2757125
122.959,-30.360,47.530,2757146
122.969,-30.108,46.869,2757167
122.625,-29.973,46.170,2757188
122.268,-29.936,45.650,2757209
122.203,-29.812,45.122,2757230
121.823,-29.655,44.443,2757251
121.441,-29.594,43.917,2757272
121.404,-29.636,43.380,2757293
121.444,-29.888,42.663,2757314
121.304,-30.068,41.904,2757335
121.383,-30.390,41.234,2757356
121.094,-30.471,40.453,2757377
120.821,-30.519,39.849,2757398
120.856,-30.534,39.241,2757419
120.835,-30.499,38.503,2757440
120.837,-30.457,37.776,2757461
120.652,-30.817,37.019,2757482
120.504,-30.733,36.381,2757503
120.450,-30.635,35.666,2757524
120.658,-30.906,34.939,2757545
120.904,-31.127,34.060,2757566
121.147,-31.226,33.147,2757587
121.427,-31.221,32.248,2757608
121.305,-31.229,31.318,2757629
121.322,-31.148,30.584,2757650
121.556,-30.886,29.761,2757671
121.455,-30.701,28.844,2757692
121.733,-30.571,28.092,2757713
122.017,-30.632,27.138,2757734
122.296,-30.713,26.170,2757755
122.578,-30.800,25.202,2757776
122.588,-30.543,24.239,2757797
122.913,-30.252,23.415,2757818
123.231,-30.036,22.431,2757839
123.116,-29.826,21.473,2757860
123.205,-29.614,20.710,2757881
123.223,-29.222,19.850,2757902
123.279,-29.283,19.064,2757923
123.373,-28.915,18.240,2757944
123.515,-28.996,17.432,2757965
123.736,-29.062,16.624,2757986
123.558,-28.972,15.767,2758007
123.806,-28.877,15.117,2758028
123.639,-28.896,14.285,2758049
123.489,-28.848,13.662,2758070
123.325,-28.835,13.045,2758091
123.228,-28.689,12.461,2758112
123.380,-28.493,11.828,2758133
123.379,-28.706,11.076,2758154
123.445,-28.945,10.408,2758175
123.586,-28.801,9.705,2758196
123.394,-28.798,8.977,2758217
123.523,-28.652,8.401,2758238
123.272,-28.697,7.679,2758259
122.992,-28.868,7.150,2758280
122.731,-28.949,6.609,2758301
122.803,-28.871,6.077,2758322
122.860,-29.166,5.374,2758343
122.985,-29.479,4.682,2758364
123.089,-29.751,3.951,2758385
123.215,-29.733,3.211,2758406
123.029,-29.727,2.488,2758427
122.913,-29.854,1.921,2758448
122.957,-30.059,1.292,2758469
122.911,-29.969,0.603,2758490
122.811,-29.888,359.962,2758511
122.669,-30.059,359.348,2758532
122.759,-30.130,358.757,2758553
122.989,-30.382,358.057,2758574
123.130,-30.488,357.314,2758595
123.322,-30.657,356.630,2758616
123.501,-30.547,355.903,2758637
123.461,-30.381,355.168,2758658
123.605,-30.075,354.576,2758679
123.445,-29.796,353.876,2758700
123.403,-29.555,353.362,2758721
123.609,-29.618,352.789,2758742
123.671,-29.684,352.055,2758763
123.844,-29.760,351.444,2758784
123.921,-29.518,350.774,2758805
123.725,-29.178,350.178,2758826
123.521,-28.877,349.704,2758847
123.403,-28.550,349.248,2758868
123.138,-28.200,348.741,2758889
122.891,-28.195,348.305,2758910
122.944,-28.223,347.873,2758931
122.681,-28.250,347.280,2758952
122.622,-28.031,346.819,2758973
122.419,-28.178,346.288,2758994
122.554,-27.950,345.803,2759015
122.383,-27.855,345.164,2759036
122.410,-27.655,344.643,2759057
122.543,-27.899,344.038,2759078
122.634,-28.001,343.389,2759099
122.539,-28.135,342.735,2759120
122.303,-28.507,342.158,2759141
122.081,-28.485,341.661,2759162
121.958,-28.818,341.140,2759183
121.706,-29.252,340.557,2759204
121.853,-29.486,340.039,2759225
121.859,-29.807,339.346,2759246
121.759,-29.819,338.708,2759267
121.730,-30.231,338.120,2759288
121.913,-30.226,337.470,2759309
121.760,-30.395,336.721,2759330
121.567,-30.719,336.123,2759351
121.759,-30.914,335.545,2759372
121.606,-31.024,334.773,2759393
121.561,-31.261,334.156,2759414
121.756,-31.133,333.496,2759435
121.905,-31.139,332.707,2759456
121.753,-31.041,331.934,2759477
121.633,-31.170,331.297,2759498
121.824,-30.941,330.635,2759519
121.614,-30.868,329.800,2759540
121.422,-30.789,329.157,2759561
121.647,-30.648,328.526,2759582
121.874,-30.659,327.681,2759603
122.092,-30.556,326.843,2759624
122.290,-30.366,326.023,2759645
122.360,-30.138,325.202,2759666
122.248,-29.809,324.451,2759687
122.191,-29.511,323.764,2759708
122.361,-29.552,323.060,2759729
122.273,-29.323,322.237,2759750
122.118,-29.401,321.548,2759771
122.009,-29.335,320.885,2759792
122.250,-29.381,320.209,2759813
122.508,-29.451,319.374,2759834
122.468,-29.354,318.554,2759855
122.335,-29.124,317.884,2759876
122.194,-29.033,317.241,2759897
121.246,-28.994,316.598,2759918
120.742,-29.066,316.679,2759939
120.024,-29.200,316.561,2759960
119.309,-29.530,316.543,2759981
118.601,-29.861,316.512,2760002
118.326,-29.906,316.479,2760023
118.087,-30.117,316.234,2760044
117.926,-30.275,315.949,2760065
117.828,-30.495,315.643,2760086
117.567,-30.672,315.276,2760107
117.430,-30.619,314.998,2760128
117.380,-31.016,314.679,2760149
117.188,-31.350,314.336,2760170
117.122,-31.310,314.038,2760191
116.691,-31.546,313.688,2760212
116.432,-31.706,313.606,2760233
116.166,-31.975,313.408,2760254
116.184,-31.934,313.197,2760275
116.191,-32.015,312.871,2760296
115.806,-31.928,312.531,2760317
115.837,-31.948,312.433,2760338
115.872,-31.953,312.114,2760359
115.521,-31.927,311.789,2760380
115.305,-32.014,311.661,2760401
115.356,-32.226,311.476,2760422
115.289,-32.152,311.154,2760443
115.353,-31.926,310.893,2760464
115.132,-31.817,310.559,2760485
115.146,-31.587,310.381,2760506
114.869,-31.758,310.077,2760527
114.969,-31.642,309.912,2760548
115.063,-31.550,309.574,2760569
115.040,-31.490,309.228,2760590
114.731,-31.247,308.934,2760611
114.575,-31.286,308.765,2760632
114.629,-31.446,308.516,2760653
113.916,-31.508,308.150,2760674
113.723,-31.050,297.146,2761199
113.608,-31.127,296.546,2761220
113.555,-31.291,295.911,2761241
113.454,-31.523,295.184,2761262
113.657,-31.616,294.462,2761283
113.337,-31.914,293.546,2761304
113.188,-32.255,292.936,2761325
113.240,-32.432,292.538,2761346
112.990,-32.585,292.405,2761367
112.842,-32.543,292.460,2761388
113.170,-32.551,292.408,2761409
113.543,-32.534,292.061,2761430
113.601,-32.535,291.692,2761451
114.075,-32.501,291.649,2761472
114.563,-32.348,291.341,2761493
115.124,-32.150,290.967,2761514
115.737,-31.968,290.538,2761535
116.168,-31.766,290.045,2761556
116.500,-31.389,289.607,2761577
117.143,-31.054,289.243,2761598
117.758,-30.922,288.816,2761619
118.094,-30.705,288.403,2761640
118.466,-30.796,288.132,2761661
118.695,-30.924,287.822,2761682
118.916,-30.624,287.599,2761703
119.359,-30.723,287.360,2761724
119.750,-30.708,286.990,2761745
120.120,-30.525,286.636,2761766
120.336,-30.377,286.271,2761787
120.670,-30.082,285.999,2761808
120.754,-29.875,285.631,2761829
120.786,-29.935,285.380,2761850
120.766,-29.927,285.106,2761871
120.985,-29.836,284.866,2761892
121.363,-29.935,284.499,2761913
121.758,-29.720,284.047,2761934
122.119,-29.530,283.596,2761955
122.340,-29.458,283.137,2761976
122.330,-29.093,282.730,2761997
122.240,-28.743,282.431,2762018
122.127,-28.535,282.164,2762039
122.030,-28.363,281.870,2762060
122.271,-28.343,281.549,2762081
122.339,-28.257,281.102,2762102
122.275,-27.850,280.941,2762123
122.479,-27.826,280.821,2762144
122.636,-27.648,280.575,2762165
122.451,-27.468,280.333,2762186
122.526,-27.216,280.242,2762207
122.654,-27.034,280.023,2762228
122.544,-27.030,279.776,2762249
122.268,-27.308,279.599,2762270
122.029,-27.418,279.483,2762291
121.743,-27.613,279.336,2762312
121.869,-27.718,279.216,2762333
121.971,-27.832,278.891,2762354
121.738,-27.909,278.578,2762375
121.441,-28.216,278.399,2762396
121.548,-28.310,278.233,2762417
121.263,-28.609,277.869,2762438
121.047,-28.840,277.692,2762459
120.894,-29.017,277.654,2762480
121.088,-29.309,277.562,2762501
121.244,-29.553,277.302,2762522
121.053,-29.867,277.053,2762543
121.238,-30.079,276.964,2762564
121.380,-30.425,276.672,2762585
121.393,-30.450,276.377,2762606
121.496,-30.403,276.136,2762627
121.365,-30.381,275.846,2762648
121.554,-30.624,275.666,2762669
121.520,-30.854,275.318,2762690
121.757,-31.112,275.066,2762711
121.630,-31.214,274.680,2762732
121.776,-31.323,274.458,2762753
121.771,-31.439,274.083,2762774
121.738,-31.155,273.786,2762795
121.705,-30.836,273.472,2762816
121.478,-30.537,273.123,2762837
121.211,-30.291,272.865,2762858
121.826,-30.189,272.604,2762879
121.646,-28.512,263.262,2763341
121.712,-28.695,262.891,2763362
121.504,-29.071,262.379,2763383
121.341,-29.258,262.004,2763404
121.475,-29.243,261.588,2763425
121.252,-29.335,261.051,2763446
121.326,-29.409,260.663,2763467
121.111,-29.789,260.104,2763488
121.253,-29.775,259.686,2763509
121.077,-29.913,259.157,2763530
121.044,-30.203,258.750,2763551
120.990,-30.555,258.255,2763572
121.081,-30.455,257.745,2763593
120.829,-30.634,257.157,2763614
120.769,-30.506,256.744,2763635
120.427,-30.372,256.194,2763656
120.104,-30.435,255.771,2763677
119.912,-30.373,255.357,2763698
119.603,-30.613,254.861,2763719
119.714,-30.709,254.404,2763740
119.829,-30.725,253.737,2763761
119.963,-30.715,253.091,2763782
119.714,-30.728,252.434,2763803
119.832,-30.580,251.973,2763824
119.818,-30.474,251.309,2763845
119.593,-30.215,250.710,2763866
119.745,-30.192,250.219,2763887
119.864,-30.009,249.519,2763908
119.700,-30.177,248.870,2763929
119.910,-30.143,248.331,2763950
119.945,-29.968,247.621,2763971
119.890,-30.127,246.999,2763992
120.199,-30.216,246.397,2764013
120.420,-30.175,245.586,2764034
120.763,-29.996,244.819,2764055
120.816,-29.985,243.990,2764076
120.772,-29.696,243.317,2764097
120.921,-29.488,242.680,2764118
120.826,-29.640,241.954,2764139
121.108,-29.462,241.342,2764160
121.363,-29.419,240.528,2764181
121.597,-29.467,239.733,2764202
121.803,-29.546,238.958,2764223
121.677,-29.475,238.206,2764244
121.743,-29.320,237.623,2764265
121.579,-29.187,236.985,2764286
121.367,-29.083,236.447,2764307
121.300,-29.245,235.956,2764328
121.047,-29.573,235.401,2764349
120.902,-29.658,234.933,2764370
121.058,-29.958,234.397,2764391
120.835,-30.173,233.717,2764412
121.014,-30.198,233.246,2764433
121.117,-30.349,232.576,2764454
121.236,-30.309,231.945,2764475
121.295,-30.531,231.288,2764496
121.065,-30.423,230.662,2764517
120.849,-30.518,230.166,2764538
121.026,-30.513,229.651,2764559
121.230,-30.691,228.981,2764580
121.376,-30.826,228.278,2764601
121.292,-31.058,227.589,2764622
121.220,-30.858,227.032,2764643
121.409,-31.059,226.477,2764664
121.209,-31.153,225.788,2764685
121.121,-31.094,225.287,2764706
120.974,-30.824,224.723,2764727
121.153,-30.903,224.197,2764748
121.378,-30.733,223.488,2764769
121.589,-30.712,222.761,2764790
121.833,-30.577,222.054,2764811
121.795,-30.517,221.361,2764832
121.677,-30.200,220.780,2764853
121.525,-30.128,220.275,2764874
121.394,-29.986,219.776,2764895
121.547,-29.706,219.257,2764916
121.761,-29.432,218.590,2764937
121.601,-29.437,217.905,2764958
121.537,-29.396,217.386,2764979
121.366,-29.500,216.827,2765000
121.605,-29.391,216.348,2765021
121.864,-29.366,215.686,2765042
121.822,-29.371,214.995,2765063
122.098,-29.165,214.481,2765084
122.006,-29.164,213.814,2765105
122.140,-29.298,213.341,2765126
122.406,-29.128,212.771,2765147
122.390,-29.214,212.126,2765168
122.636,-29.464,211.623,2765189
122.503,-29.533,210.978,2765210
122.567,-29.721,210.527,2765231
122.789,-29.612,209.994,2765252
122.600,-29.750,209.401,2765273
122.696,-29.822,208.991,2765294
122.498,-29.739,208.450,2765315
122.632,-29.851,208.063,2765336
122.439,-30.184,207.538,2765357
122.420,-30.357,207.162,2765378
122.588,-30.711,206.724,2765399
122.703,-30.766,206.192,2765420
122.622,-30.710,205.688,2765441
122.725,-30.970,205.251,2765462
122.406,-31.117,204.728,2765483
122.330,-31.062,204.435,2765504
122.383,-30.811,204.031,2765525
122.075,-30.610,203.541,2765546
121.750,-30.422,203.275,2765567
121.449,-30.331,202.993,2765588
121.541,-30.297,202.730,2765609
121.227,-30.292,202.239,2765630
120.983,-30.226,201.935,2765651
121.083,-30.255,201.599,2765672
121.208,-30.247,201.077,2765693
120.941,-30.228,200.544,2765714
121.094,-30.011,200.223,2765735
121.177,-29.838,199.695,2765756
120.998,-29.545,199.197,2765777
120.822,-29.513,198.836,2765798
121.055,-29.332,198.430,2765819
121.297,-29.311,197.850,2765840
121.531,-29.178,197.284,2765861
121.819,-29.039,196.709,2765882
122.121,-28.962,196.114,2765903
122.283,-28.985,195.516,2765924
122.372,-28.811,194.998,2765945
122.242,-29.067,194.521,2765966
122.442,-29.079,194.126,2765987
122.353,-29.332,193.561,2766008
122.222,-29.488,193.155,2766029
122.082,-29.584,192.777,2766050
122.144,-29.626,192.405,2766071
122.372,-29.923,191.918,2766092
122.218,-30.027,191.380,2766113
122.303,-29.979,191.040,2766134
122.108,-29.866,190.584,2766155
122.177,-29.853,190.243,2766176
122.007,-29.774,189.764,2766197
121.847,-30.027,189.409,2766218
121.967,-30.285,189.039,2766239
121.768,-30.350,188.516,2766260
121.857,-30.598,188.183,2766281
122.440,-30.706,187.717,2766302
122.946,-30.938,187.113,2766323
123.214,-31.198,186.514,2766344
123.538,-31.178,186.067,2766365
123.477,-31.222,185.579,2766386
123.414,-31.283,185.282,2766407
123.655,-31.453,184.998,2766428
123.561,-31.708,184.537,2766449
123.499,-31.604,184.269,2766470
123.706,-31.410,183.954,2766491
123.658,-31.426,183.532,2766512
123.896,-31.333,183.254,2766533
123.759,-31.188,182.780,2766554
123.760,-31.208,182.485,2766575
123.844,-30.878,182.126,2766596
123.626,-30.622,181.743,2766617
123.483,-30.550,181.517,2766638
123.267,-30.544,181.249,2766659
122.974,-30.496,180.995,2766680
123.139,-30.164,180.784,2766701
123.114,-30.094,180.343,2766722
122.895,-29.699,179.977,2766743
122.752,-29.417,179.688,2766764
122.669,-29.407,179.383,2766785
122.451,-29.055,179.012,2766806
122.449,-28.941,178.711,2766827
122.586,-28.658,178.331,2766848
122.630,-28.747,177.832,2766869
122.659,-28.965,177.385,2766890
122.700,-28.787,176.933,2766911
122.853,-28.675,176.508,2766932
123.013,-28.860,176.010,2766953
122.782,-29.098,175.498,2766974
122.582,-29.267,175.175,2766995
122.387,-29.342,174.821,2767016
122.213,-29.480,174.475,2767037
122.403,-29.651,174.100,2767058
122.257,-30.011,173.522,2767079
122.419,-30.314,173.111,2767100
122.639,-30.402,172.530,2767121
122.885,-30.591,171.905,2767142
122.977,-30.916,171.244,2767163
122.803,-30.987,170.644,2767184
122.624,-31.215,170.181,2767205
122.536,-31.511,169.700,2767226
122.581,-31.878,169.139,2767247
122.833,-32.327,168.526,2767268
123.065,-32.433,167.785,2767289
123.371,-32.450,167.021,2767310
123.358,-32.684,166.206,2767331
123.674,-32.638,165.566,2767352
124.008,-32.667,164.734,2767373
124.359,-32.922,163.883,2767394
124.311,-32.957,162.987,2767415
124.433,-33.045,162.322,2767436
124.558,-32.877,161.574,2767457
124.425,-33.083,160.800,2767478
124.647,-33.016,160.177,2767499
124.881,-33.154,159.344,2767520
125.126,-32.937,158.528,2767541
125.277,-32.850,157.711,2767562
125.048,-32.551,156.948,2767583
124.780,-32.292,156.372,2767604
124.489,-32.085,155.825,2767625
124.558,-31.751,155.279,2767646
124.303,-31.382,154.517,2767667
123.989,-31.265,153.950,2767688
124.080,-31.010,153.423,2767709
124.149,-30.893,152.688,2767730
124.191,-30.662,151.951,2767751
124.237,-30.354,151.234,2767772
124.330,-30.080,150.501,2767793
124.085,-29.907,149.758,2767814
123.775,-29.606,149.189,2767835
123.507,-29.529,148.626,2767856
123.260,-29.493,148.052,2767877
123.283,-29.399,147.461,2767898
123.433,-29.672,146.746,2767919
123.539,-29.869,145.959,2767940
123.397,-29.888,145.185,2767961
123.272,-29.808,144.537,2767982
123.404,-30.158,143.874,2768003
123.286,-30.451,143.062,2768024
123.176,-30.790,142.412,2768045
122.991,-30.759,141.734,2768066
122.773,-31.046,141.098,2768087
122.870,-31.217,140.492,2768108
123.072,-31.585,139.723,2768129
122.862,-31.576,138.926,2768150
122.632,-31.727,138.341,2768171
122.692,-31.727,137.740,2768192
122.840,-31.608,137.018,2768213
122.824,-31.603,136.207,2768234
122.561,-31.410,135.488,2768255
122.697,-31.416,134.869,2768276
122.757,-31.297,134.053,2768297
122.928,-31.050,133.300,2768318
123.039,-31.148,132.486,2768339
123.274,-31.239,131.702,2768360
123.469,-31.156,130.841,2768381
123.352,-30.936,130.010,2768402
123.190,-30.982,129.317,2768423
123.295,-30.732,128.623,2768444
123.107,-30.454,127.816,2768465
122.941,-30.283,127.125,2768486
122.963,-30.240,126.443,2768507
123.154,-30.399,125.678,2768528
123.340,-30.468,124.854,2768549
123.450,-30.350,124.013,2768570
123.670,-30.138,123.230,2768591
123.698,-30.171,122.359,2768612
123.957,-29.934,121.619,2768633
123.826,-29.903,120.757,2768654
123.691,-29.855,120.095,2768675
123.958,-29.754,119.446,2768696
123.984,-29.823,118.603,2768717
124.017,-30.037,117.867,2768738
124.173,-30.247,117.139,2768759
124.127,-30.124,116.340,2768780
124.027,-29.968,115.624,2768801
124.077,-30.155,114.974,2768822
124.124,-29.975,114.220,2768843
124.319,-29.798,113.468,2768864
124.101,-29.803,112.620,2768885
123.949,-29.718,111.986,2768906
124.112,-29.883,111.310,2768927
124.322,-30.022,110.479,2768948
124.871,-30.111,109.598,2768969
125.329,-29.827,109.487,2768990
125.743,-29.457,109.406,2769011
125.928,-29.368,109.318,2769032
125.972,-28.898,109.317,2769053
126.023,-28.685,109.341,2769074
126.350,-28.379,109.341,2769095
126.470,-27.992,109.188,2769116
126.826,-27.989,109.140,2769137
126.895,-28.017,108.971,2769158
127.045,-28.070,108.952,2769179
126.959,-28.200,108.880,2769200
126.976,-27.974,108.907,2769221
126.979,-27.742,108.897,2769242
126.810,-27.585,108.903,2769263
126.705,-27.837,108.976,2769284
126.701,-27.739,109.006,2769305
126.393,-27.801,108.949,2769326
126.168,-28.145,109.009,2769347
125.965,-28.547,109.041,2769368
125.970,-28.822,109.301,2769389
125.891,-29.033,109.462,2769410
125.836,-29.020,109.667,2769431
125.382,-28.993,109.843,2769452
125.014,-29.151,110.201,2769473
124.843,-29.078,110.495,2769494
124.375,-29.349,110.668,2769515
123.934,-29.379,111.076,2769536
123.498,-29.417,111.471,2769557
123.210,-29.417,111.839,2769578
123.194,-29.636,112.122,2769599
123.068,-29.550,112.275,2769620
123.118,-29.391,112.501,2769641
122.968,-29.397,112.645,2769662
122.674,-29.259,112.887,2769683
122.708,-29.407,113.175,2769704
122.471,-29.364,113.284,2769725
122.329,-29.517,113.512,2769746
122.250,-29.735,113.688,2769767
122.405,-29.935,113.824,2769788
122.651,-30.176,113.862,2769809
122.535,-30.155,113.860,2769830
122.770,-30.017,114.073,2769851
122.612,-30.172,114.089,2769872
122.832,-30.105,114.274,2769893
122.695,-30.075,114.268,2769914
122.706,-29.985,114.413,2769935
122.650,-30.133,114.475,2769956
122.577,-30.183,114.559,2769977
122.857,-30.232,114.663,2769998
123.060,-30.254,114.641,2770019
123.292,-30.222,114.624,2770040
123.507,-30.326,114.561,2770061
123.727,-30.358,114.495,2770082
123.465,-30.365,114.431,2770103
123.285,-30.337,114.577,2770124
123.076,-30.163,114.676,2770145
122.868,-30.150,114.797,2770166
123.059,-30.048,114.918,2770187
123.157,-30.110,114.842,2770208
122.970,-30.280,114.825,2770229
122.808,-30.294,114.920,2770250
122.887,-30.122,115.009,2770271
123.080,-30.313,114.942,2770292
123.255,-30.205,114.806,2770313
123.409,-29.998,114.669,2770334
123.330,-29.746,114.531,2770355
123.255,-29.581,114.514,2770376
123.283,-29.609,114.526,2770397
123.565,-29.750,114.471,2770418
123.853,-29.875,114.296,2770439
124.118,-29.847,114.124,2770460
124.112,-29.795,113.937,2770481
124.079,-29.606,113.894,2770502
124.313,-29.417,113.868,2770523
124.494,-29.539,113.701,2770544
124.425,-29.739,113.525,2770565
124.240,-29.923,113.454,2770586
124.441,-29.821,113.439,2770607
124.485,-29.848,113.220,2770628
124.652,-30.041,113.076,2770649
124.422,-30.178,112.873,2770670
124.275,-30.063,112.842,2770691
124.372,-29.840,112.751,2770712
124.226,-29.642,112.535,2770733
124.022,-29.395,112.448,2770754
123.790,-29.467,112.382,2770775
123.967,-29.402,112.326,2770796
124.073,-29.515,112.093,2770817
124.207,-29.713,111.878,2770838
124.269,-29.919,111.599,2770859
124.150,-29.720,111.365,2770880
123.943,-29.540,111.222,2770901
124.126,-29.496,111.091,2770922
123.982,-29.505,110.785,2770943
124.007,-29.343,110.592,2770964
124.047,-29.199,110.319,2770985
123.923,-29.447,110.051,2771006
123.777,-29.629,109.838,2771027
123.813,-29.799,109.659,2771048
124.079,-30.073,109.375,2771069
123.938,-29.994,109.046,2771090
124.167,-29.941,108.914,2771111
124.122,-30.043,108.592,2771132
124.036,-29.835,108.383,2771153
124.128,-29.635,108.180,2771174
124.134,-29.425,107.883,2771195
124.140,-29.666,107.626,2771216
123.904,-29.899,107.378,2771237
123.884,-29.765,107.226,2771258
123.982,-29.999,106.934,2771279
124.017,-30.011,106.553,2771300
123.738,-29.924,106.249,2771321
123.750,-30.068,106.045,2771342
123.491,-30.008,105.703,2771363
123.183,-29.876,105.502,2771384
123.216,-29.834,105.293,2771405
122.926,-29.855,104.902,2771426
122.989,-29.887,104.808,2771447
122.987,-30.015,104.522,2771468
123.059,-30.231,104.244,2771489
122.914,-30.313,103.946,2771510
122.634,-30.515,103.779,2771531
122.539,-30.422,103.694,2771552
122.359,-30.188,103.503,2771573
122.171,-30.010,103.343,2771594
122.368,-29.835,103.211,2771615
122.200,-29.813,102.896,2771636
122.367,-29.900,102.776,2771657
122.584,-30.102,102.508,2771678
122.767,-30.256,102.222,2771699
122.715,-30.159,101.987,2771720
122.791,-29.934,101.867,2771741
122.692,-30.133,101.724,2771762
122.998,-29.951,101.670,2771783
123.039,-29.902,101.415,2771804
123.208,-30.026,101.308,2771825
123.513,-30.172,101.102,2771846
123.479,-30.153,100.826,2771867
123.806,-30.221,100.704,2771888
124.057,-30.284,100.384,2771909
124.218,-30.127,100.115,2771930
124.495,-29.929,99.876,2771951
124.641,-30.075,99.571,2771972
124.755,-29.885,99.360,2771993
124.929,-29.694,99.197,2772014
124.746,-29.547,98.994,2772035
124.641,-29.471,99.002,2772056
124.839,-29.592,98.964,2772077
124.639,-29.639,98.785,2772098
124.471,-29.551,98.828,2772119
124.568,-29.558,98.877,2772140
124.368,-29.297,98.810,2772161
124.518,-29.197,98.866,2772182
124.433,-29.040,98.769,2772203
124.357,-28.784,98.771,2772224
124.133,-28.962,98.754,2772245
124.188,-28.918,98.799,2772266
124.271,-28.757,98.727,2772287
124.042,-28.963,98.649,2772308
124.094,-29.099,98.700,2772329
123.881,-29.335,98.600,2772350
123.800,-29.399,98.626,2772371
123.911,-29.658,98.588,2772392
123.884,-29.578,98.437,2772413
123.892,-29.419,98.390,2772434
123.616,-29.655,98.328,2772455
123.734,-29.514,98.398,2772476
123.740,-29.526,98.283,2772497
123.578,-29.337,98.220,2772518
123.511,-29.476,98.235,2772539
123.344,-29.681,98.205,2772560
123.476,-29.855,98.213,2772581
123.402,-29.803,98.080,2772602
123.207,-29.647,98.015,2772623
123.407,-29.554,98.005,2772644
123.584,-29.578,97.800,2772665
123.386,-29.552,97.610,2772686
123.491,-29.465,97.569,2772707
123.622,-29.730,97.359,2772728
123.373,-29.936,97.140,2772749
123.124,-30.167,97.064,2772770
123.039,-30.122,97.060,2772791
122.826,-30.412,96.984,2772812
122.965,-30.547,96.989,2772833
122.809,-30.560,96.784,2772854
122.642,-30.405,96.733,2772875
122.510,-30.277,96.705,2772896
122.600,-30.463,96.629,2772917
122.572,-30.313,96.418,2772938
122.681,-30.521,96.277,2772959
122.779,-30.646,96.040,2772980
122.820,-30.487,95.840,2773001
122.739,-30.285,95.642,2773022
122.707,-29.959,95.538,2773043
122.468,-29.691,95.388,2773064
122.521,-29.460,95.319,2773085
122.359,-29.628,95.127,2773106
122.460,-29.674,95.044,2773127
122.418,-29.795,94.810,2773148
122.546,-29.939,94.650,2773169
122.452,-29.751,94.418,2773190
122.559,-29.872,94.302,2773211
122.820,-29.641,94.049,2773232
122.753,-29.579,93.730,2773253
122.857,-29.369,93.567,2773274
122.907,-29.182,93.315,2773295
122.793,-29.425,93.067,2773316
122.685,-29.564,92.882,2773337
122.855,-29.714,92.689,2773358
123.141,-29.998,92.344,2773379
123.053,-30.144,91.930,2773400
123.113,-30.270,91.713,2773421
123.363,-30.187,91.373,2773442
123.200,-30.234,91.010,2773463
123.399,-30.235,90.822,2773484
123.186,-30.292,90.443,2773505
122.969,-30.322,90.251,2773526
122.891,-30.454,90.060,2773547
123.083,-30.692,89.757,2773568
123.013,-30.818,89.336,2773589
123.033,-31.079,89.057,2773610
123.094,-30.960,88.713,2773631
123.106,-31.259,88.353,2773652
122.881,-31.181,87.979,2773673
122.622,-31.083,87.727,2773694
122.585,-30.977,87.471,2773715
122.440,-31.248,87.084,2773736
122.276,-31.066,86.777,2773757
122.424,-31.227,86.456,2773778
122.596,-31.217,85.978,2773799
122.506,-31.291,85.464,2773820
122.279,-31.071,85.099,2773841
122.443,-30.976,84.799,2773862
122.594,-30.862,84.276,2773883
122.415,-30.723,83.774,2773904
122.560,-30.503,83.438,2773925
122.332,-30.551,82.934,2773946
122.312,-30.356,82.608,2773967
122.433,-30.549,82.161,2773988
122.578,-30.609,81.674,2774009
122.332,-30.630,81.176,2774030
122.479,-30.412,80.871,2774051
122.555,-30.439,80.360,2774072
122.372,-30.597,79.889,2774093
122.194,-30.370,79.551,2774114
122.134,-30.189,79.195,2774135
122.019,-30.389,78.791,2774156
122.134,-30.264,78.402,2774177
122.019,-30.515,77.873,2774198
122.034,-30.395,77.448,2774219
122.139,-30.671,76.970,2774240
122.310,-30.610,76.417,2774261
122.494,-30.626,75.831,2774282
122.258,-30.634,75.215,2774303
122.051,-30.740,74.822,2774324
122.120,-30.639,74.421,2774345
122.014,-30.912,73.876,2774366
122.117,-31.162,73.418,2774387
122.106,-31.045,72.880,2774408
122.115,-31.296,72.378,2774429
121.891,-31.577,71.868,2774450
121.805,-31.435,71.484,2774471
121.564,-31.215,71.011,2774492
121.372,-31.295,70.645,2774513
121.541,-31.191,70.255,2774534
121.706,-31.166,69.686,2774555
121.559,-31.100,69.108,2774576
121.751,-31.249,68.692,2774597
121.545,-31.284,68.126,2774618
121.703,-31.357,67.788,2774639
121.761,-31.389,67.242,2774660
121.503,-31.221,66.746,2774681
121.284,-31.102,66.455,2774702
121.071,-30.927,66.135,2774723
121.201,-30.760,65.789,2774744
121.040,-30.850,65.291,2774765
121.007,-30.975,64.938,2774786
121.015,-31.183,64.518,2774807
121.243,-31.406,64.076,2774828
121.471,-31.502,63.522,2774849
121.536,-31.603,62.956,2774870
121.803,-31.375,62.497,2774891
121.681,-31.481,61.912,2774912
121.530,-31.393,61.547,2774933
121.586,-31.328,61.186,2774954
121.475,-31.123,60.745,2774975
121.284,-31.265,60.342,2774996
121.108,-31.282,60.001,2775017
121.296,-31.319,59.647,2775038
121.511,-31.246,59.095,2775059
121.718,-31.350,58.507,2775080
121.730,-31.288,57.913,2775101
121.785,-31.479,57.445,2775122
121.758,-31.227,56.949,2775143
121.585,-30.949,56.487,2775164
121.519,-30.731,56.082,2775185
121.272,-30.905,55.617,2775206
121.403,-30.814,55.223,2775227
121.549,-30.937,54.638,2775248
121.614,-30.831,54.038,2775269
121.670,-30.996,53.475,2775290
121.684,-30.814,52.904,2775311
121.949,-30.588,42.535,2775668
122.203,-30.674,41.663,2775689
122.464,-30.693,40.759,2775710
122.662,-30.784,39.827,2775731
122.569,-30.609,38.935,2775752
122.660,-30.415,38.183,2775773
122.799,-30.161,37.293,2775794
122.778,-30.355,36.368,2775815
122.672,-30.106,35.505,2775836
122.687,-30.151,34.668,2775857
122.871,-30.288,33.763,2775878
123.119,-30.023,32.738,2775899
123.142,-29.881,31.662,2775920
123.019,-29.518,30.703,2775941
123.124,-29.211,29.761,2775962
123.169,-29.264,28.691,2775983
123.026,-28.877,27.641,2776004
123.288,-28.771,26.695,2776025
123.631,-28.661,25.557,2776046
124.035,-28.861,24.566,2776067
124.626,-29.235,23.743,2776088
125.051,-29.314,22.794,2776109
125.367,-29.230,21.924,2776130
125.413,-29.109,21.091,2776151
125.418,-29.015,20.359,2776172
125.627,-29.131,19.679,2776193
125.868,-28.973,18.870,2776214
125.717,-29.113,18.057,2776235
125.843,-29.265,17.438,2776256
125.858,-29.331,16.682,2776277
125.685,-29.393,15.967,2776298
125.624,-29.451,15.370,2776319
125.535,-29.130,14.674,2776340
125.221,-28.773,13.988,2776361
124.744,-28.243,13.409,2776382
124.243,-27.983,12.862,2776403
123.771,-27.490,12.332,2776424
123.504,-26.999,11.737,2776445
123.020,-26.436,11.045,2776466
122.846,-25.952,10.451,2776487
122.609,-25.525,9.702,2776508
122.171,-25.046,8.981,2776529
122.099,-24.932,8.326,2776550
121.807,-24.645,7.515,2776571
121.472,-24.670,6.774,2776592
121.199,-24.553,6.020,2776613
121.271,-24.569,5.206,2776634
121.468,-24.441,4.279,2776655
121.544,-24.643,3.288,2776676
121.585,-25.044,2.339,2776697
121.665,-25.476,1.408,2776718
122.001,-25.965,0.452,2776739
122.365,-26.195,359.399,2776760
122.727,-26.564,358.294,2776781
123.124,-26.805,357.193,2776802
123.109,-27.178,356.057,2776823
123.090,-27.598,355.121,2776844
123.171,-28.008,354.214,2776865
123.540,-28.573,353.260,2776886
123.589,-29.078,352.147,2776907
123.780,-29.144,351.183,2776928
123.952,-29.242,350.135,2776949
124.260,-29.333,349.081,2776970
124.259,-29.587,347.970,2776991
124.270,-29.975,347.002,2777012
124.161,-30.334,346.026,2777033
124.429,-30.508,345.118,2777054
124.442,-30.586,343.995,2777075
124.453,-30.861,342.992,2777096
124.578,-31.082,342.020,2777117
124.387,-30.923,340.984,2777138
124.477,-30.708,340.116,2777159
124.569,-30.525,339.138,2777180
124.297,-30.326,338.156,2777201
124.377,-30.064,337.374,2777222
124.060,-29.938,336.406,2777243
123.817,-29.884,335.624,2777264
123.771,-29.957,334.853,2777285
123.755,-29.654,333.969,2777306
123.390,-29.427,333.084,2777327
123.348,-29.169,332.382,2777348
123.175,-28.876,331.533,2777369
122.800,-28.494,330.744,2777390
122.560,-28.352,330.068,2777411
122.276,-27.995,329.336,2777432
122.027,-28.036,328.630,2777453
122.036,-28.083,327.906,2777474
122.150,-28.204,327.082,2777495
122.295,-28.141,326.215,2777516
122.421,-28.264,325.315,2777537
122.504,-28.446,324.414,2777558
122.708,-28.271,323.538,2777579
122.574,-28.251,322.610,2777600
122.787,-28.214,321.816,2777621
121.583,-28.500,320.861,2777642
121.699,-29.079,263.415,2778671
121.969,-28.996,262.112,2778692
121.852,-29.183,260.753,2778713
121.915,-29.268,259.597,2778734
122.169,-29.663,258.344,2778755
122.436,-29.730,257.012,2778776
122.633,-29.773,255.653,2778797
122.737,-29.781,254.323,2778818
122.599,-30.175,253.044,2778839
122.436,-30.233,251.888,2778860
122.636,-30.471,250.769,2778881
122.802,-30.767,249.431,2778902
122.636,-31.002,248.117,2778923
122.792,-31.325,247.008,2778944
122.858,-31.517,245.736,2778965
122.839,-31.821,244.523,2778986
122.790,-31.726,243.325,2779007
122.496,-31.564,242.175,2779028
122.146,-31.397,241.123,2779049
122.051,-31.290,240.100,2779070
121.669,-31.428,238.952,2779091
121.310,-31.325,237.932,2779112
121.277,-31.239,236.899,2779133
121.113,-30.919,235.694,2779154
121.049,-30.954,234.560,2779175
121.046,-30.580,233.355,2779196
120.772,-30.254,232.131,2779217
120.869,-29.930,231.054,2779238
120.599,-29.741,229.777,2779259
120.380,-29.618,228.682,2779280
120.515,-29.625,227.559,2779301
120.591,-29.484,226.284,2779322
120.736,-29.698,225.012,2779343
120.901,-29.581,223.704,2779364
120.856,-29.594,222.393,2779385
120.695,-29.396,221.181,2779406
120.698,-29.306,220.020,2779427
120.803,-29.172,218.783,2779448
120.711,-29.059,217.508,2779469
120.992,-29.265,216.331,2779490
121.276,-29.531,214.963,2779511
121.196,-29.667,213.605,2779532
121.442,-29.908,212.380,2779553
121.708,-30.156,210.998,2779574
121.625,-30.353,209.575,2779595
121.837,-30.611,208.328,2779616
121.789,-30.669,206.892,2779637
121.897,-30.543,205.598,2779658
121.641,-30.825,204.200,2779679
121.381,-30.837,202.967,2779700
121.102,-30.881,201.751,2779721
121.193,-30.914,200.523,2779742
121.312,-30.895,199.068,2779763
121.336,-30.972,197.562,2779784
121.049,-30.804,196.110,2779805
120.793,-30.874,194.809,2779826
120.860,-30.587,193.492,2779847
120.587,-30.637,192.003,2779868
120.304,-30.603,190.677,2779889
120.446,-30.567,189.338,2779910
120.609,-30.457,187.768,2779931
120.796,-30.286,186.201,2779952
120.781,-30.188,184.587,2779973
120.811,-29.867,183.101,2779994
120.929,-30.002,181.539,2780015
120.838,-29.691,179.957,2780036
121.132,-29.445,178.478,2780057
121.441,-29.370,176.816,2780078
121.401,-29.309,175.096,2780099
121.429,-29.349,173.561,2780120
121.841,-29.499,171.976,2780141
121.853,-29.669,170.201,2780162
122.243,-29.716,168.595,2780183
122.664,-29.827,166.823,2780204
122.717,-29.929,165.004,2780225
123.048,-30.186,163.345,2780246
123.098,-30.192,161.546,2780267
123.461,-30.430,159.857,2780288
123.903,-30.829,158.023,2780309
124.362,-31.131,156.140,2780330
124.403,-31.289,154.231,2780351
124.839,-31.402,152.564,2780372
125.067,-31.559,150.684,2780393
125.429,-31.384,148.916,2780414
125.791,-31.569,147.071,2780435
125.714,-31.550,145.228,2780456
125.644,-31.404,143.604,2780477
125.862,-31.157,141.993,2780498
125.950,-30.921,140.267,2780519
126.163,-31.005,138.618,2780540
126.279,-30.957,136.922,2780561
126.296,-30.595,135.271,2780582
126.205,-30.193,133.686,2780603
126.225,-29.736,132.174,2780624
126.755,-29.252,130.623,2780645
127.514,-28.442,130.952,2780666
128.258,-27.557,130.879,2780687
128.645,-26.916,130.737,2780708
128.573,-25.963,130.684,2780729
128.798,-25.813,130.353,2780750
128.913,-25.436,129.886,2780771
129.090,-24.976,129.409,2780792
129.243,-24.651,128.877,2780813
129.023,-24.650,128.314,2780834
128.848,-24.560,127.915,2780855
128.555,-24.656,127.443,2780876
128.232,-24.696,126.998,2780897
127.889,-24.805,126.549,2780918
127.649,-24.972,126.103,2780939
127.224,-25.445,125.585,2780960
127.337,-25.797,125.178,2780981
127.071,-25.934,124.891,2781002
127.057,-26.244,124.744,2781023
126.707,-26.387,124.469,2781044
126.744,-26.675,124.335,2781065
126.572,-27.160,124.004,2781086
126.185,-27.357,123.749,2781107
125.896,-27.863,123.552,2781128
125.891,-28.231,123.535,2781149
125.895,-28.651,123.357,2781170
125.464,-28.867,123.152,2781191
125.154,-29.068,123.149,2781212
125.029,-29.531,123.086,2781233
124.539,-29.644,122.913,2781254
124.463,-29.856,122.911,2781275
123.982,-30.054,122.676,2781296
123.567,-30.309,122.611,2781317
123.090,-30.654,122.522,2781338
122.910,-30.738,122.451,2781359
122.822,-31.110,122.230,2781380
122.753,-31.126,121.930,2781401
122.754,-31.086,121.609,2781422
122.393,-31.176,121.252,2781443
122.063,-31.143,121.114,2781464
122.135,-31.034,120.940,2781485
122.068,-30.934,120.553,2781506
122.019,-30.655,120.249,2781527
121.893,-30.807,119.941,2781548
121.969,-30.874,119.678,2781569
121.931,-30.965,119.294,2781590
122.067,-31.056,118.986,2781611
122.320,-30.765,118.590,2781632
122.177,-30.607,118.130,2781653
122.425,-30.412,117.876,2781674
122.354,-30.212,117.412,2781695
122.413,-30.137,117.102,2781716
122.343,-30.244,116.737,2781737
122.651,-30.055,116.415,2781758
122.821,-29.899,115.929,2781779
123.148,-30.077,115.509,2781800
123.537,-30.218,115.003,2781821
123.855,-30.159,114.436,2781842
123.881,-30.013,113.916,2781863
124.199,-29.862,113.527,2781884
124.148,-29.726,112.989,2781905
124.447,-29.671,112.622,2781926
124.385,-29.615,112.088,2781947
124.560,-29.468,111.726,2781968
124.817,-29.724,111.254,2781989
125.064,-29.916,110.739,2782010
125.040,-30.111,110.226,2782031
124.876,-29.971,109.863,2782052
124.888,-29.903,109.541,2782073
124.970,-30.053,109.226,2782094
124.729,-29.831,108.854,2782115
124.823,-29.620,108.615,2782136
124.528,-29.653,108.205,2782157
124.441,-29.684,107.994,2782178
124.282,-29.881,107.678,2782199
124.263,-30.117,107.380,2782220
123.940,-30.301,107.027,2782241
123.527,-30.107,106.847,2782262
123.307,-30.110,106.677,2782283
122.942,-29.933,106.406,2782304
122.516,-29.801,106.217,2782325
122.167,-29.681,106.085,2782346
121.909,-29.470,105.936,2782367
121.920,-29.749,105.710,2782388
121.745,-29.675,105.410,2782409
121.455,-29.929,105.165,2782430
121.308,-30.012,105.023,2782451
121.425,-30.203,104.833,2782472
121.335,-30.170,104.492,2782493
121.443,-29.911,104.288,2782514
121.410,-29.798,103.964,2782535
121.158,-29.558,103.742,2782556
121.237,-29.644,103.618,2782577
121.301,-29.871,103.347,2782598
121.143,-30.124,103.095,2782619
121.377,-30.326,102.962,2782640
121.569,-30.430,102.640,2782661
121.674,-30.427,102.368,2782682
121.798,-30.405,102.106,2782703
121.955,-30.765,101.860,2782724
121.937,-30.665,101.616,2782745
122.207,-30.599,101.441,2782766
122.247,-30.630,101.126,2782787
122.165,-30.779,100.911,2782808
122.494,-30.661,100.756,2782829
122.797,-30.680,100.367,2782850
122.691,-30.537,99.999,2782871
122.616,-30.430,99.848,2782892
122.668,-30.435,99.678,2782913
122.834,-30.577,99.465,2782934
122.702,-30.309,99.190,2782955
122.865,-30.092,99.058,2782976
122.728,-30.204,98.787,2782997
122.957,-30.006,98.665,2783018
122.905,-30.004,98.365,2783039
122.762,-29.379,96.300,2783228
122.657,-29.618,96.098,2783249
122.636,-29.871,95.891,2783270
122.513,-30.131,95.645,2783291
122.243,-29.936,95.456,2783312
122.011,-29.971,95.316,2783333
121.837,-30.067,95.124,2783354
121.936,-29.957,94.917,2783375
121.741,-29.840,94.566,2783396
121.914,-30.011,94.383,2783417
122.063,-30.050,93.994,2783438
122.202,-30.217,93.646,2783459
122.263,-30.376,93.285,2783480
122.319,-30.617,92.967,2783501
122.496,-30.881,92.632,2783522
122.277,-30.940,92.232,2783543
122.059,-30.837,92.026,2783564
122.072,-30.882,91.819,2783585
121.948,-30.700,91.509,2783606
121.835,-30.543,91.262,2783627
121.923,-30.687,90.994,2783648
121.903,-30.898,90.634,2783669
122.181,-30.653,90.342,2783690
122.408,-30.631,89.851,2783711
122.256,-30.487,89.396,2783732
122.515,-30.412,89.157,2783753
122.672,-30.314,88.695,2783774
122.803,-30.084,88.294,2783795
122.588,-29.844,87.913,2783816
122.492,-29.707,87.696,2783837
122.487,-29.809,87.419,2783858
122.649,-29.926,87.098,2783879
122.600,-29.988,86.673,2783900
122.780,-30.112,86.351,2783921
122.847,-29.942,85.909,2783942
122.650,-29.707,85.529,2783963
122.541,-29.592,85.247,2783984
122.338,-29.357,84.921,2784005
122.537,-29.334,84.610,2784026
122.744,-29.337,84.128,2784047
122.638,-29.420,83.603,2784068
122.713,-29.642,83.238,2784089
122.562,-29.883,82.757,2784110
122.700,-29.693,82.381,2784131
122.518,-29.617,81.838,2784152
122.322,-29.448,81.428,2784173
122.171,-29.519,81.035,2784194
121.976,-29.349,80.612,2784215
121.999,-29.450,80.176,2784236
122.222,-29.726,79.625,2784257
122.407,-29.974,78.974,2784278
122.483,-30.270,78.315,2784299
122.571,-30.159,77.729,2784320
122.771,-30.538,77.089,2784341
123.038,-30.528,76.400,2784362
123.059,-30.605,75.647,2784383
122.903,-30.470,75.032,2784404
122.742,-30.371,74.486,2784425
122.935,-30.522,73.956,2784446
122.735,-30.698,73.252,2784467
122.793,-30.634,72.724,2784488
123.005,-30.863,72.051,2784509
123.219,-30.976,71.285,2784530
123.047,-30.958,70.506,2784551
123.271,-30.871,69.916,2784572
123.126,-30.885,69.114,2784593
123.206,-30.996,68.465,2784614
123.239,-30.789,67.721,2784635
123.231,-30.552,66.976,2784656
123.015,-30.306,66.232,2784677
123.202,-30.276,65.627,2784698
123.239,-30.299,64.787,2784719
123.379,-30.410,64.027,2784740
123.530,-30.176,63.177,2784761
123.326,-30.219,62.289,2784782
123.287,-30.084,61.578,2784803
123.249,-29.999,61.308,2784824
123.449,-30.048,61.047,2784845
123.421,-29.876,60.631,2784866
123.391,-29.983,60.326,2784887
123.716,-30.034,59.997,2784908
123.987,-30.194,59.460,2784929
124.242,-30.403,58.943,2784950
124.423,-30.419,58.433,2784971
124.218,-30.253,57.957,2784992
124.332,-30.029,57.632,2785013
124.133,-30.047,57.132,2785034
124.060,-29.702,56.791,2785055
124.114,-29.369,56.385,2785076
123.873,-29.371,55.907,2785097
123.606,-29.371,55.557,2785118
123.306,-29.368,55.202,2785139
123.054,-29.305,54.882,2785160
123.126,-28.951,54.528,2785181
122.809,-28.922,54.038,2785202
122.733,-28.706,53.729,2785223
122.634,-28.837,53.290,2785244
122.327,-28.574,52.849,2785265
122.264,-28.436,52.493,2785286
121.934,-28.270,52.029,2785307
122.048,-28.369,51.659,2785328
122.149,-28.524,51.124,2785349
122.298,-28.711,50.621,2785370
122.056,-28.922,50.061,2785391
122.184,-29.068,49.714,2785412
122.040,-29.380,49.166,2785433
121.903,-29.654,48.727,2785454
122.144,-29.895,48.275,2785475
122.064,-30.013,47.636,2785496
121.978,-30.227,47.129,2785517
122.151,-30.245,46.623,2785538
122.346,-30.627,45.970,2785559
122.624,-30.934,45.305,2785580
122.902,-30.925,44.593,2785601
123.142,-30.847,43.853,2785622
123.019,-30.769,43.139,2785643
122.926,-30.686,42.582,2785664
122.782,-30.533,41.991,2785685
122.982,-30.391,41.397,2785706
123.090,-30.303,40.604,2785727
123.216,-30.401,39.839,2785748
123.276,-30.175,39.075,2785769
123.392,-29.935,38.287,2785790
121.962,-29.740,37.454,2785811
122.236,-29.500,22.352,2786168
122.554,-29.462,21.193,2786189
122.538,-29.449,19.985,2786210
122.678,-29.626,18.942,2786231
123.046,-29.482,17.833,2786252
123.303,-29.553,16.612,2786273
123.417,-29.843,15.430,2786294
123.788,-29.711,14.327,2786315
124.005,-29.963,13.084,2786336
123.996,-29.822,11.921,2786357
124.271,-29.891,10.865,2786378
124.612,-29.761,9.681,2786399
124.866,-29.772,8.459,2786420
124.792,-29.599,7.275,2786441
124.656,-29.424,6.268,2786462
124.567,-29.328,5.301,2786483
124.712,-29.111,4.288,2786504
124.512,-29.258,3.180,2786525
124.656,-29.259,2.224,2786546
124.679,-29.250,1.098,2786567
124.770,-29.354,0.039,2786588
124.663,-29.269,358.976,2786609
124.729,-28.993,358.008,2786630
124.380,-28.972,356.977,2786651
124.270,-28.843,356.161,2786672
123.918,-28.574,355.223,2786693
119.717,-28.538,354.419,2786714
119.770,-30.435,271.869,2790683
120.096,-30.715,271.450,2790704
120.388,-30.818,270.879,2790725
120.610,-31.072,270.341,2790746
120.794,-31.362,269.867,2790767
121.115,-31.253,269.417,2790788
121.008,-31.366,268.915,2790809
120.905,-31.409,268.626,2790830
120.827,-31.318,268.356,2790851
120.895,-31.171,268.060,2790872
121.086,-31.435,267.711,2790893
120.893,-31.389,267.307,2790914
121.079,-31.405,267.124,2790935
121.076,-31.460,266.751,2790956
121.213,-31.619,266.494,2790977
121.247,-31.493,266.161,2790998
121.023,-31.220,265.879,2791019
120.844,-30.922,265.692,2791040
120.936,-30.610,265.527,2791061
120.609,-30.573,265.219,2791082
120.486,-30.467,265.113,2791103
120.169,-30.619,264.892,2791124
119.964,-30.518,264.763,2791145
120.096,-30.628,264.577,2791166
120.004,-30.567,264.214,2791187
120.037,-30.716,263.947,2791208
120.145,-30.874,263.599,2791229
119.951,-30.689,263.206,2791250
119.739,-30.498,262.973,2791271
119.901,-30.382,262.742,2791292
119.787,-30.203,262.305,2791313
119.970,-30.286,262.039,2791334
119.876,-30.127,261.599,2791355
120.152,-30.239,261.278,2791376
120.423,-30.282,260.768,2791397
120.695,-30.298,260.235,2791418
120.788,-30.201,259.716,2791439
120.831,-30.023,259.293,2791460
120.724,-29.853,258.869,2791481
120.836,-29.910,258.541,2791502
121.072,-30.192,258.065,2791523
121.396,-30.432,257.542,2791544
121.325,-30.400,256.962,2791565
121.642,-30.443,256.547,2791586
121.663,-30.496,255.933,2791607
121.785,-30.688,255.460,2791628
122.055,-30.481,254.923,2791649
121.884,-30.410,254.312,2791670
121.853,-30.374,253.929,2791691
122.047,-30.154,253.445,2791712
122.117,-30.244,252.876,2791733
122.214,-30.421,252.341,2791754
122.170,-30.590,251.773,2791775
121.934,-30.333,251.289,2791796
122.004,-30.121,250.891,2791817
121.979,-29.993,250.354,2791838
121.663,-29.790,249.852,2791859
121.383,-29.846,249.491,2791880
121.054,-29.881,249.115,2791901
120.735,-29.683,248.788,2791922
120.399,-29.753,248.463,2791943
120.170,-29.708,248.146,2791964
120.303,-29.850,247.767,2791985
120.603,-29.875,247.234,2792006
120.894,-30.050,246.944,2792027
121.001,-30.155,246.660,2792048
121.285,-30.058,246.453,2792069
121.484,-30.209,246.152,2792090
121.404,-30.108,245.900,2792111
121.708,-30.221,245.786,2792132
121.687,-30.297,245.489,2792153
121.656,-30.483,245.338,2792174
121.900,-30.641,245.202,2792195
121.784,-30.620,244.935,2792216
121.885,-30.453,244.802,2792237
122.066,-30.184,244.547,2792258
122.132,-29.976,244.236,2792279
122.355,-30.163,244.118,2792300
122.590,-30.027,243.909,2792321
122.450,-30.038,243.699,2792342
122.279,-30.094,243.681,2792363
122.325,-29.863,243.665,2792384
122.226,-30.005,243.540,2792405
122.409,-29.711,243.495,2792426
122.388,-29.623,243.304,2792447
122.445,-29.780,243.240,2792468
122.664,-29.538,243.145,2792489
122.471,-29.456,242.984,2792510
122.275,-29.405,242.995,2792531
122.235,-29.329,242.995,2792552
122.117,-29.532,242.938,2792573
121.942,-29.703,242.918,2792594
122.109,-29.832,242.919,2792615
122.308,-29.766,242.805,2792636
122.484,-29.929,242.645,2792657
122.275,-29.939,242.509,2792678
122.235,-29.897,242.555,2792699
122.020,-30.186,242.522,2792720
122.090,-30.175,242.570,2792741
121.843,-30.059,242.514,2792762
121.606,-30.140,242.581,2792783
121.753,-30.187,242.650,2792804
121.864,-30.210,242.511,2792825
121.961,-30.177,242.388,2792846
122.061,-30.352,242.271,2792867
121.769,-30.477,242.138,2792888
121.854,-30.487,242.210,2792909
121.892,-30.414,242.076,2792930
121.622,-30.247,241.956,2792951
121.437,-30.248,241.982,2792972
121.386,-30.412,241.974,2792993
121.485,-30.623,241.913,2793014
121.328,-30.506,241.745,2793035
121.086,-30.296,241.690,2793056
121.222,-30.175,241.691,2793077
121.020,-30.041,241.523,2793098
120.857,-29.973,241.509,2793119
121.096,-30.056,241.471,2793140
120.930,-30.099,241.216,2793161
121.026,-29.950,241.182,2793182
121.070,-30.144,241.006,2793203
121.336,-30.309,240.850,2793224
121.586,-30.241,240.610,2793245
121.681,-30.234,240.342,2793266
121.937,-29.938,240.156,2793287
121.791,-29.898,239.868,2793308
121.725,-29.840,239.796,2793329
121.609,-29.612,239.672,2793350
121.482,-29.587,239.583,2793371
121.779,-29.538,239.485,2793392
122.050,-29.521,239.175,2793413
122.086,-29.627,238.859,2793434
122.188,-29.402,238.638,2793455
122.452,-29.150,238.383,2793476
122.574,-29.086,238.061,2793497
122.834,-29.284,237.812,2793518
122.693,-29.243,237.486,2793539
122.807,-29.240,237.361,2793560
122.670,-29.069,237.111,2793581
122.557,-28.978,236.966,2793602
122.468,-29.188,236.810,2793623
122.641,-29.447,236.628,2793644
122.812,-29.586,236.308,2793665
122.915,-29.710,235.960,2793686
122.989,-29.964,235.660,2793707
123.093,-29.929,235.360,2793728
122.787,-30.086,235.072,2793749
122.465,-30.153,234.961,2793770
122.141,-30.163,234.877,2793791
121.833,-30.127,234.772,2793812
121.552,-30.150,234.657,2793833
121.312,-30.225,234.522,2793854
121.445,-30.404,234.363,2793875
121.571,-30.447,234.026,2793896
121.708,-30.403,233.681,2793917
121.458,-30.344,233.303,2793938
121.232,-30.250,233.121,2793959
121.207,-30.310,232.918,2793980
120.994,-30.059,232.615,2794001
121.012,-30.082,232.420,2794022
121.205,-30.271,232.104,2794043
121.015,-30.173,231.708,2794064
121.136,-30.164,231.512,2794085
121.351,-30.279,231.187,2794106
121.196,-30.253,230.811,2794127
121.409,-30.146,230.608,2794148
121.348,-30.017,230.200,2794169
121.325,-29.759,229.935,2794190
121.574,-29.513,229.638,2794211
121.629,-29.614,229.202,2794232
121.861,-29.419,228.874,2794253
121.978,-29.457,228.450,2794274
121.822,-29.727,228.081,2794295
122.029,-29.709,227.861,2794316
121.920,-29.685,227.488,2794337
121.852,-29.578,227.248,2794358
121.697,-29.847,227.016,2794379
121.562,-29.997,226.808,2794400
121.786,-29.902,226.592,2794421
121.685,-30.018,226.192,2794442
121.836,-30.295,225.929,2794463
122.034,-30.550,225.543,2794484
122.193,-30.707,225.157,2794505
122.367,-30.953,224.754,2794526
122.409,-30.952,224.372,2794547
122.161,-30.798,224.062,2794568
122.099,-30.831,223.887,2794589
122.279,-30.600,223.587,2794610
122.064,-30.578,223.176,2794631
122.068,-30.627,222.936,2794652
121.821,-30.772,222.596,2794673
121.574,-30.578,222.410,2794694
121.701,-30.366,222.183,2794715
121.442,-30.408,221.774,2794736
121.560,-30.200,221.546,2794757
121.659,-29.996,221.127,2794778
121.437,-30.080,220.702,2794799
121.596,-29.845,220.418,2794820
121.485,-29.662,219.969,2794841
121.393,-29.361,219.615,2794862
121.430,-29.463,219.257,2794883
121.244,-29.625,218.858,2794904
121.505,-29.530,218.555,2794925
121.722,-29.508,218.036,2794946
121.970,-29.366,217.547,2794967
121.884,-29.389,217.046,2794988
122.141,-29.217,216.693,2795009
122.004,-29.188,216.161,2795030
121.996,-29.147,215.815,2795051
122.235,-29.351,215.396,2795072
122.128,-29.521,214.855,2795093
121.978,-29.471,214.472,2795114
122.228,-29.475,214.111,2795135
122.081,-29.455,213.565,2795156
122.344,-29.474,213.196,2795177
122.555,-29.490,212.648,2795198
122.385,-29.427,212.101,2795219
122.311,-29.371,211.734,2795240
122.132,-29.546,211.343,2795261
121.972,-29.535,210.954,2795282
122.205,-29.592,210.577,2795303
122.434,-29.589,210.002,2795324
122.342,-29.607,209.420,2795345
122.544,-29.809,208.994,2795366
122.719,-29.827,208.423,2795387
122.767,-29.829,207.840,2795408
122.812,-29.705,207.308,2795429
122.567,-29.565,206.787,2795450
122.278,-29.534,206.410,2795471
122.004,-29.460,206.055,2795492
122.126,-29.563,205.681,2795513
122.005,-29.539,205.123,2795534
121.840,-29.776,204.696,2795555
121.902,-29.979,204.293,2795576
122.061,-29.854,203.752,2795597
122.051,-29.841,203.142,2795618
122.166,-29.696,202.612,2795639
121.928,-29.916,202.001,2795660
122.080,-29.849,201.586,2795681
121.878,-29.825,200.982,2795702
121.975,-29.661,200.537,2795723
122.071,-29.841,199.957,2795744
121.961,-30.058,199.364,2795765
122.119,-30.280,198.887,2795786
122.262,-30.321,198.278,2795807
122.015,-30.431,197.690,2795828
121.812,-30.350,197.303,2795849
121.591,-30.469,196.885,2795870
121.602,-30.420,196.483,2795891
121.406,-30.177,195.978,2795912
121.471,-30.247,195.582,2795933
121.314,-30.452,195.060,2795954
121.339,-30.284,194.659,2795975
121.514,-30.088,194.149,2795996
121.635,-30.217,193.595,2796017
121.834,-30.072,193.050,2796038
121.615,-30.060,192.475,2796059
121.502,-30.054,192.100,2796080
121.638,-30.194,191.690,2796101
121.833,-30.355,191.113,2796122
121.691,-30.456,190.532,2796143
121.522,-30.298,190.132,2796164
121.766,-30.303,189.742,2796185
122.043,-30.253,189.153,2796206
122.191,-30.263,188.554,2796227
122.305,-30.093,188.028,2796248
122.418,-30.352,187.484,2796269
122.330,-30.149,186.943,2796290
122.241,-30.086,186.468,2796311
122.421,-30.212,186.004,2796332
122.688,-30.406,185.397,2796353
122.965,-30.326,184.743,2796374
122.842,-30.422,184.098,2796395
123.010,-30.334,183.664,2796416
123.285,-30.112,183.068,2796437
123.396,-29.999,182.415,2796458
123.418,-29.747,181.837,2796479
123.686,-29.482,181.324,2796500
123.618,-29.623,180.690,2796521
123.609,-29.654,180.221,2796542
123.888,-29.777,179.735,2796563
123.886,-30.007,179.138,2796584
124.276,-30.068,178.688,2796605
124.694,-30.050,178.064,2796626
124.907,-30.144,177.447,2796647
125.020,-30.028,176.920,2796668
125.245,-30.327,176.429,2796689
125.668,-30.231,175.867,2796710
125.625,-30.419,175.213,2796731
125.674,-30.457,174.796,2796752
125.733,-30.748,174.334,2796773
125.950,-31.062,173.855,2796794
125.838,-31.006,173.274,2796815
126.099,-31.140,172.841,2796836
126.283,-31.220,172.203,2796857
126.140,-31.112,171.578,2796878
126.234,-31.007,171.103,2796899
126.054,-30.855,170.493,2796920
126.223,-30.689,170.000,2796941
126.134,-30.766,169.322,2796962
126.062,-30.935,168.757,2796983
126.068,-31.079,168.182,2797004
125.887,-30.838,167.538,2797025
125.883,-30.971,166.985,2797046
125.503,-30.831,166.317,2797067
125.440,-30.576,165.869,2797088
125.016,-30.330,165.241,2797109
124.556,-30.241,164.743,2797130
124.377,-30.048,164.289,2797151
123.916,-30.168,163.665,2797172
123.852,-30.076,163.172,2797193
123.389,-29.995,162.473,2797214
123.350,-30.019,161.980,2797235
122.962,-30.056,161.249,2797256
122.926,-29.918,160.702,2797277
122.741,-29.774,159.965,2797298
122.832,-29.588,159.293,2797319
122.557,-29.706,158.459,2797340
122.474,-29.657,157.778,2797361
122.417,-29.919,157.044,2797382
122.437,-30.179,156.274,2797403
122.572,-30.450,155.485,2797424
122.401,-30.331,154.628,2797445
122.674,-30.354,153.946,2797466
122.616,-30.427,153.042,2797487
122.578,-30.301,152.318,2797508
122.908,-30.261,151.581,2797529
123.054,-30.263,150.676,2797550
123.291,-30.154,149.841,2797571
123.544,-30.436,148.921,2797592
123.930,-30.711,148.005,2797613
124.035,-30.724,147.022,2797634
124.351,-30.933,146.180,2797655
124.327,-30.782,145.191,2797676
124.532,-30.617,144.383,2797697
124.421,-30.349,143.443,2797718
124.684,-30.228,142.657,2797739
125.252,-30.269,141.691,2797760
125.562,-29.676,141.398,2797781
126.017,-28.930,141.184,2797802
126.431,-28.370,140.877,2797823
126.811,-28.113,140.554,2797844
126.805,-27.702,140.259,2797865
126.955,-27.258,140.125,2797886
126.822,-26.804,139.907,2797907
126.684,-26.583,139.803,2797928
126.544,-26.501,139.662,2797949
126.483,-26.481,139.484,2797970
126.232,-26.633,139.277,2797991
126.326,-26.636,139.104,2798012
126.341,-26.680,138.768,2798033
125.922,-26.869,138.423,2798054
125.492,-26.973,138.253,2798075
125.371,-27.302,138.060,2798096
125.134,-27.504,137.716,2798117
124.989,-27.616,137.396,2798138
124.832,-27.813,137.036,2798159
124.653,-28.037,136.656,2798180
124.655,-28.637,136.260,2798201
124.435,-28.711,135.951,2798222
124.259,-29.138,135.716,2798243
124.219,-29.564,135.435,2798264
123.822,-29.633,135.049,2798285
123.470,-29.804,134.817,2798306
123.138,-29.816,134.663,2798327
122.804,-29.710,134.463,2798348
122.606,-29.767,134.226,2798369
122.374,-30.013,133.931,2798390
122.498,-30.242,133.637,2798411
122.526,-30.351,133.126,2798432
122.624,-30.597,132.667,2798453
122.513,-30.530,132.143,2798474
122.454,-30.292,131.706,2798495
122.514,-30.068,131.209,2798516
122.790,-30.261,126.451,2798684
122.682,-30.230,125.676,2798705
122.883,-30.212,125.080,2798726
123.067,-30.002,124.309,2798747
123.022,-29.802,123.549,2798768
122.992,-29.619,122.897,2798789
122.993,-29.414,122.235,2798810
123.314,-29.603,121.574,2798831
123.546,-29.653,120.738,2798852
123.695,-29.895,119.953,2798873
123.995,-29.729,119.199,2798894
124.252,-29.747,118.398,2798915
124.152,-29.957,117.578,2798936
124.331,-29.841,116.960,2798957
124.121,-29.742,116.170,2798978
124.123,-29.727,115.580,2798999
123.892,-30.027,114.898,2799020
123.842,-30.131,114.331,2799041
123.955,-30.395,113.634,2799062
124.063,-30.526,112.862,2799083
123.779,-30.650,112.091,2799104
123.676,-30.622,111.512,2799125
123.662,-30.465,110.827,2799146
123.325,-30.320,110.108,2799167
123.081,-30.328,109.516,2799188
125.720,-30.546,108.883,2799209
125.673,-30.785,74.323,2800175
125.254,-30.497,73.796,2800196
124.788,-30.048,73.442,2800217
124.337,-29.728,73.092,2800238
123.886,-29.514,72.815,2800259
123.755,-29.254,72.530,2800280
123.423,-28.959,72.058,2800301
123.263,-29.011,71.668,2800322
123.194,-28.697,71.183,2800343
122.821,-28.695,70.635,2800364
122.473,-28.568,70.279,2800385
122.187,-28.462,69.929,2800406
121.903,-28.236,69.539,2800427
121.657,-28.282,69.147,2800448
121.849,-28.344,68.703,2800469
121.689,-28.380,68.045,2800490
121.914,-28.434,67.573,2800511
122.229,-28.638,66.918,2800532
122.546,-28.712,66.192,2800553
122.896,-28.754,65.486,2800574
123.219,-28.944,64.760,2800595
123.191,-29.237,64.018,2800616
123.140,-29.258,63.445,2800637
123.145,-29.262,62.881,2800658
123.170,-29.481,62.267,2800679
123.486,-29.289,61.644,2800700
123.772,-29.249,60.890,2800721
124.013,-29.366,60.118,2800742
124.279,-29.230,59.381,2800763
124.152,-29.185,58.623,2800784
124.240,-29.185,58.026,2800805
124.081,-28.964,57.357,2800826
123.886,-28.781,56.775,2800847
123.747,-28.809,56.192,2800868
123.930,-28.889,55.549,2800889
124.111,-28.802,54.753,2800910
124.239,-28.800,53.927,2800931
124.338,-28.839,53.116,2800952
124.115,-28.632,52.288,2800973
123.863,-28.425,51.601,2800994
123.988,-28.341,50.914,2801015
124.015,-28.177,50.028,2801036
123.689,-27.918,49.200,2801057
123.368,-27.768,48.529,2801078
123.450,-27.624,47.854,2801099
123.393,-27.595,46.979,2801120
123.392,-27.765,46.157,2801141
123.335,-27.957,45.314,2801162
123.456,-27.732,44.505,2801183
123.186,-27.743,43.620,2801204
123.140,-27.806,42.911,2801225
122.904,-27.703,42.112,2801246
122.780,-27.754,41.405,2801267
122.916,-28.121,40.661,2801288
123.150,-28.464,39.788,2801309
123.030,-28.720,38.863,2801330
122.891,-29.006,38.086,2801351
122.801,-29.197,37.327,2801372
122.919,-29.329,36.528,2801393
123.128,-29.311,35.645,2801414
123.414,-29.757,34.701,2801435
123.312,-29.905,33.724,2801456
123.570,-30.138,32.952,2801477
123.830,-30.472,31.996,2801498
123.984,-30.652,31.050,2801519
124.231,-30.629,30.138,2801540
124.445,-30.869,29.197,2801561
124.275,-30.875,28.261,2801582
124.101,-30.902,27.516,2801603
124.203,-30.873,26.764,2801624
124.156,-30.662,25.879,2801645
123.934,-30.380,25.053,2801666
123.669,-30.372,24.320,2801687
123.748,-30.296,23.642,2801708
123.860,-30.235,22.787,2801729
123.945,-30.076,21.926,2801750
123.708,-29.854,21.082,2801771
123.517,-29.767,20.398,2801792
123.503,-29.337,19.719,2801813
123.243,-28.963,18.937,2801834
123.234,-28.680,18.274,2801855
123.065,-28.278,17.519,2801876
122.841,-28.323,16.827,2801897
122.610,-28.276,16.188,2801918
122.748,-28.234,15.562,2801939
122.888,-28.250,14.768,2801960
123.033,-28.157,13.991,2801981
123.202,-28.135,13.232,2802002
123.017,-28.058,12.500,2802023
122.841,-27.912,11.901,2802044
123.074,-27.904,11.319,2802065
122.966,-28.139,10.551,2802086
122.951,-28.307,9.954,2802107
123.290,-28.632,9.317,2802128
123.242,-28.804,8.535,2802149
123.583,-29.113,7.922,2802170
123.890,-29.304,7.139,2802191
124.046,-29.454,6.373,2802212
124.298,-29.464,5.669,2802233
124.457,-29.521,4.941,2802254
124.406,-29.953,4.245,2802275
124.337,-30.281,3.648,2802296
124.299,-30.526,3.076,2802317
124.560,-30.844,2.456,2802338
124.613,-31.059,1.670,2802359
124.723,-30.899,0.998,2802380
124.862,-30.792,0.280,2802401
124.841,-30.987,359.551,2802422
124.731,-30.775,358.907,2802443
124.414,-30.522,358.313,2802464
124.279,-30.513,357.832,2802485
123.926,-30.653,357.227,2802506
123.540,-30.480,356.693,2802527
123.457,-30.331,356.197,2802548
123.362,-30.005,355.530,2802569
123.314,-29.657,354.867,2802590
123.040,-29.619,354.168,2802611
122.973,-29.232,353.557,2802632
122.594,-28.879,352.844,2802653
122.326,-28.720,352.252,2802674
122.172,-28.722,351.592,2802695
122.051,-28.372,350.876,2802716
122.058,-28.515,350.128,2802737
121.856,-28.655,349.293,2802758
122.043,-28.717,348.544,2802779
122.114,-28.736,347.567,2802800
122.214,-28.514,346.683,2802821
122.209,-28.328,345.762,2802842
122.718,-28.191,344.861,2802863
122.944,-27.874,344.644,2802885
123.209,-27.790,344.513,2802906
123.566,-27.792,344.311,2802927
124.108,-27.424,344.076,2802948
124.653,-27.481,343.710,2802969
125.157,-27.406,343.341,2802990
125.616,-27.330,342.974,2803011
125.975,-27.258,342.614,2803032
126.397,-27.170,342.310,2803053
126.513,-27.392,341.981,2803074
126.454,-27.725,341.764,2803095
126.338,-27.863,341.594,2803116
126.292,-27.991,341.427,2803137
126.426,-28.388,341.197,2803158
126.557,-28.735,340.881,2803179
126.448,-28.909,340.552,2803200
126.096,-28.901,340.349,2803221
126.086,-29.082,340.238,2803242
125.652,-29.435,339.956,2803263
125.302,-29.489,339.877,2803284
124.798,-29.791,339.716,2803305
124.423,-29.892,339.651,2803326
124.302,-30.217,339.499,2803347
124.175,-30.408,339.213,2803368
123.626,-30.474,338.907,2803389
123.426,-30.395,338.796,2803410
122.902,-30.295,338.491,2803431
122.501,-30.221,338.357,2803452
122.379,-30.337,338.177,2803473
122.257,-30.182,337.809,2803494
121.964,-30.318,337.433,2803515
121.627,-30.007,337.123,2803536
121.664,-30.043,336.856,2803557
121.432,-29.956,336.356,2803578
121.513,-30.015,336.000,2803599
121.272,-29.804,335.450,2803620
121.301,-29.716,335.038,2803641
121.569,-29.429,334.505,2803662
121.456,-29.365,333.816,2803683
121.763,-29.242,333.290,2803704
121.914,-29.171,332.619,2803725
121.880,-29.417,331.993,2803746
122.257,-29.461,331.468,2803767
122.653,-29.549,330.727,2803788
122.863,-29.597,329.943,2803809
123.257,-29.413,329.276,2803830
123.263,-29.568,328.509,2803851
123.263,-29.538,327.923,2803872
123.244,-29.575,327.344,2803893
123.285,-29.656,326.777,2803914
123.320,-29.533,326.172,2803935
123.669,-29.760,325.577,2803956
123.969,-29.877,324.832,2803977
124.260,-30.046,324.095,2803998
124.531,-30.139,323.350,2804019
124.496,-30.115,322.613,2804040
124.404,-30.333,321.996,2804061
124.165,-30.126,321.443,2804082
123.861,-29.954,320.967,2804103
123.759,-29.946,320.508,2804124
123.744,-29.689,319.949,2804145
123.758,-29.525,319.357,2804166
123.671,-29.452,318.760,2804187
123.260,-29.636,318.203,2804208
123.083,-29.669,317.793,2804229
123.041,-29.447,317.261,2804250
122.996,-29.374,316.671,2804271
122.635,-29.267,316.102,2804292
122.379,-29.090,315.662,2804313
122.254,-29.295,315.183,2804334
121.856,-29.573,314.639,2804355
121.889,-29.617,314.221,2804376
121.668,-29.784,313.604,2804397
121.764,-29.997,313.128,2804418
121.505,-30.177,312.476,2804439
121.240,-30.060,312.012,2804460
121.299,-30.096,311.553,2804481
121.107,-29.904,310.930,2804502
120.934,-29.835,310.453,2804523
120.818,-29.823,309.946,2804544
120.991,-29.905,309.412,2804565
121.310,-29.759,308.754,2804586
121.661,-29.850,308.002,2804607
122.008,-29.910,307.234,2804628
122.086,-30.007,306.472,2804649
122.094,-30.215,305.852,2804670
122.272,-30.074,305.270,2804691
122.438,-29.890,304.604,2804712
122.764,-30.125,303.950,2804733
123.057,-30.263,303.219,2804754
122.982,-30.168,302.506,2804775
123.125,-30.184,301.967,2804796
123.186,-29.962,301.312,2804817
123.243,-30.146,300.697,2804838
123.250,-30.319,300.108,2804859
123.483,-30.039,299.542,2804880
123.669,-29.942,298.840,2804901
123.462,-29.769,298.150,2804922
123.315,-29.708,297.676,2804943
123.112,-29.428,297.169,2804964
123.281,-29.370,296.728,2804985
123.437,-29.261,296.109,2805006
123.561,-29.254,295.479,2805027
123.612,-29.241,294.865,2805048
123.376,-29.418,294.287,2805069
123.078,-29.218,293.832,2805090
122.946,-29.092,293.421,2805111
122.680,-28.919,292.910,2805132
122.672,-29.101,292.491,2805153
122.361,-29.386,291.971,2805174
122.409,-29.529,291.600,2805195
122.494,-29.744,291.050,2805216
122.505,-29.863,290.480,2805237
122.237,-29.724,289.950,2805258
122.385,-29.724,289.564,2805279
122.419,-29.764,288.964,2805300
122.265,-30.066,288.395,2805321
122.372,-30.258,287.947,2805342
122.186,-30.174,287.366,2805363
122.056,-30.150,286.929,2805384
122.244,-30.305,286.471,2805405
122.096,-30.271,285.875,2805426
122.336,-30.464,285.431,2805447
122.534,-30.564,284.804,2805468
122.354,-30.766,284.193,2805489
122.394,-30.762,283.789,2805510
122.611,-30.603,283.283,2805531
122.458,-30.554,282.706,2805552
122.578,-30.632,282.338,2805573
122.776,-30.457,281.801,2805594
122.704,-30.364,281.234,2805615
122.692,-30.543,280.815,2805636
122.703,-30.726,280.368,2805657
122.533,-30.481,279.901,2805678
122.765,-30.416,279.547,2805699
122.672,-30.419,279.002,2805720
122.914,-30.169,278.618,2805741
123.130,-30.228,278.073,2805762
122.932,-30.163,277.553,2805783
122.686,-29.941,277.240,2805804
122.723,-29.808,276.942,2805825
122.680,-29.929,276.498,2805846
122.820,-29.634,276.098,2805867
122.985,-29.689,275.613,2805888
122.961,-29.598,275.121,2805909
123.084,-29.324,274.736,2805930
123.008,-29.115,274.275,2805951
122.898,-29.262,273.920,2805972
122.696,-29.388,273.600,2805993
122.468,-29.447,273.304,2806014
122.255,-29.420,273.019,2806035
122.188,-29.440,272.747,2806056
122.357,-29.624,272.366,2806077
122.528,-29.634,271.887,2806098
122.405,-29.648,271.407,2806119
122.575,-29.484,271.046,2806140
122.369,-29.661,270.565,2806161
122.572,-29.615,270.252,2806182
122.440,-29.727,269.758,2806203
122.287,-29.630,269.438,2806224
122.461,-29.782,269.120,2806245
122.562,-30.096,268.616,2806266
122.765,-30.004,268.156,2806287
122.826,-30.002,267.653,2806308
122.824,-30.346,267.229,2806329
123.024,-30.656,266.825,2806350
122.858,-30.870,266.347,2806371
122.685,-30.812,266.051,2806392
122.761,-30.969,265.771,2806413
122.708,-31.203,265.365,2806434
122.466,-30.981,265.028,2806455
122.636,-30.864,264.817,2806476
122.674,-30.943,264.401,2806497
122.790,-30.707,264.048,2806518
122.731,-30.503,263.699,2806539
122.876,-30.203,263.439,2806560
122.820,-30.017,263.085,2806581
122.572,-30.131,262.815,2806602
122.327,-30.025,262.683,2806623
122.074,-29.925,262.541,2806644
122.152,-29.663,262.410,2806665
122.004,-29.668,262.124,2806686
121.710,-29.706,261.928,2806707
121.814,-29.559,261.844,2806728
121.737,-29.448,261.561,2806749
121.860,-29.112,261.392,2806770
121.663,-28.928,261.137,2806791
121.872,-28.685,261.028,2806812
122.028,-28.661,260.707,2806833
121.956,-28.787,260.439,2806854
121.871,-28.571,260.263,2806875
122.090,-28.745,260.080,2806896
121.892,-28.776,259.733,2806917
121.703,-28.715,259.597,2806938
121.886,-28.770,259.445,2806959
122.078,-28.787,259.137,2806980
121.883,-28.924,258.819,2807001
121.669,-28.958,258.671,2807022
121.749,-29.091,258.537,2807043
121.885,-29.074,258.260,2807064
121.793,-29.403,257.967,2807085
121.599,-29.818,257.766,2807106
121.799,-30.031,257.626,2807127
121.732,-30.205,257.275,2807148
121.789,-30.592,257.050,2807169
121.601,-30.593,256.728,2807190
121.740,-30.634,256.517,2807211
121.516,-30.673,256.150,2807232
121.360,-30.878,255.953,2807253
121.118,-31.176,255.707,2807274
121.235,-31.098,255.495,2807295
121.128,-31.058,255.080,2807316
121.284,-31.293,254.771,2807337
121.013,-31.390,254.270,2807358
121.178,-31.322,254.021,2807379
121.266,-31.276,253.484,2807400
121.296,-31.083,252.985,2807421
121.668,-31.248,252.484,2807442
122.317,-31.302,251.786,2807463
122.967,-31.292,250.906,2807484
123.637,-31.541,250.011,2807505
123.919,-31.534,249.112,2807526
124.548,-31.362,248.345,2807547
125.125,-31.391,247.409,2807568
125.431,-31.336,246.507,2807589
125.660,-31.053,245.730,2807610
125.735,-30.727,244.992,2807631
125.740,-30.642,244.349,2807652
125.703,-30.449,243.719,2807673
125.768,-30.376,243.076,2807694
125.703,-30.031,242.380,2807715
125.913,-30.062,241.741,2807736
126.115,-29.926,240.931,2807757
126.198,-29.881,240.139,2807778
125.883,-29.972,239.409,2807799
125.923,-29.818,238.876,2807820
125.868,-29.914,238.174,2807841
125.435,-29.735,237.507,2807862
125.118,-29.757,237.035,2807883
124.963,-29.554,236.504,2807904
124.540,-29.778,235.886,2807925
124.025,-29.590,235.361,2807946
123.854,-29.604,234.908,2807967
123.597,-29.871,234.256,2807988
123.137,-29.714,233.668,2808009
122.692,-29.774,233.163,2808030
122.315,-29.893,232.642,2808051
122.150,-30.165,232.105,2808072
121.745,-30.556,231.450,2808093
121.776,-30.575,230.907,2808114
121.788,-30.759,230.152,2808135
121.751,-30.852,229.432,2808156
121.864,-30.849,228.739,2808177
121.653,-31.090,227.965,2808198
121.538,-31.073,227.360,2808219
121.639,-30.987,226.687,2808240
121.500,-31.314,225.922,2808261
121.777,-31.431,225.254,2808282
121.937,-31.478,224.366,2808303
122.226,-31.745,223.536,2808324
122.492,-31.648,222.627,2808345
122.783,-31.871,221.738,2808366
123.175,-31.674,220.834,2808387
123.183,-31.704,219.876,2808408
123.484,-31.544,219.130,2808429
123.862,-31.266,218.208,2808450
124.309,-31.360,217.245,2808471
124.682,-31.245,216.235,2808492
125.016,-31.333,215.253,2808513
125.248,-31.053,214.301,2808534
125.643,-30.701,213.379,2808555
125.701,-30.548,212.395,2808576
125.686,-30.581,211.548,2808597
125.969,-30.262,210.710,2808618
125.810,-30.035,209.726,2808639
125.635,-29.902,208.947,2808660
125.827,-29.756,208.165,2808681
125.716,-29.554,207.185,2808702
125.990,-29.617,206.361,2808723
126.279,-29.727,205.315,2808744
126.189,-29.785,204.266,2808765
126.192,-29.697,203.382,2808786
126.245,-29.559,202.449,2808807
126.474,-29.439,201.453,2808828
126.743,-29.708,200.370,2808849
126.608,-29.859,199.276,2808870
126.449,-30.044,198.395,2808891
126.502,-30.168,197.492,2808912
126.744,-30.561,196.508,2808933
126.613,-30.885,195.425,2808954
126.739,-30.864,194.546,2808975
126.688,-31.242,193.547,2808996
126.539,-31.148,192.648,2809017
126.632,-31.451,191.806,2809038
126.592,-31.551,190.830,2809059
126.624,-31.467,189.931,2809080
126.220,-31.615,189.008,2809101
125.796,-31.512,188.313,2809122
125.487,-31.511,187.649,2809143
125.082,-31.642,186.925,2809164
125.088,-31.642,186.296,2809185
125.079,-31.519,185.461,2809206
124.963,-31.312,184.651,2809227
124.649,-30.968,183.912,2809248
124.294,-30.937,183.262,2809269
123.947,-30.842,182.660,2809290
123.685,-30.763,182.054,2809311
123.668,-30.327,181.453,2809332
123.691,-30.293,180.733,2809353
123.423,-30.102,179.991,2809374
123.453,-29.731,179.400,2809395
123.526,-29.492,178.694,2809416
123.637,-29.361,177.975,2809437
123.591,-29.355,177.256,2809458
123.366,-29.053,176.636,2809479
123.471,-29.078,176.086,2809500
123.305,-28.940,175.419,2809521
123.505,-29.002,174.901,2809542
123.706,-28.901,174.179,2809563
123.756,-29.146,173.476,2809584
123.679,-29.426,172.866,2809605
123.985,-29.486,172.327,2809626
124.130,-29.487,171.582,2809647
124.656,-29.335,170.922,2809668
125.292,-29.055,171.254,2809689
125.902,-28.602,171.359,2809710
126.476,-28.510,171.412,2809731
126.951,-28.160,171.466,2809752
127.508,-28.154,171.521,2809773
127.684,-27.870,171.522,2809794
128.179,-27.693,171.674,2809815
128.351,-27.685,171.644,2809836
128.652,-27.753,171.755,2809857
128.591,-27.506,171.762,2809878
128.458,-27.549,171.920,2809899
128.312,-27.491,172.081,2809920
128.441,-27.614,172.215,2809941
128.532,-27.876,172.195,2809962
128.203,-28.087,172.163,2809983
128.190,-28.365,172.316,2810004
128.347,-28.557,172.290,2810025
128.130,-28.649,172.632,2810046
127.903,-28.470,173.102,2810067
127.522,-28.299,173.519,2810088
127.328,-28.213,173.967,2810109
127.125,-28.475,174.299,2810130
126.657,-28.314,174.614,2810151
126.289,-28.400,175.036,2810172
126.215,-28.426,175.610,2810193
125.952,-28.579,175.988,2810214
125.547,-28.757,176.429,2810235
125.207,-28.827,176.903,2810256
125.177,-28.579,177.300,2810277
124.810,-28.570,177.517,2810298
124.489,-28.485,177.950,2810319
124.185,-28.322,178.339,2810340
124.026,-28.369,178.717,2810361
123.955,-28.610,178.994,2810382
123.673,-28.458,179.202,2810403
123.709,-28.571,179.499,2810424
123.835,-28.920,179.607,2810445
123.988,-29.051,179.660,2810466
123.914,-29.210,179.793,2810487
124.018,-29.069,180.007,2810508
123.854,-28.982,180.101,2810529
124.102,-29.073,180.293,2810550
123.947,-29.231,180.280,2810571
124.127,-29.386,180.430,2810592
124.207,-29.624,180.381,2810613
124.093,-29.844,180.392,2810634
123.939,-29.931,180.486,2810655
123.903,-29.826,180.576,2810676
124.038,-29.579,180.568,2810697
124.316,-29.377,180.465,2810718
124.178,-29.423,180.309,2810739
124.079,-29.409,180.322,2810760
124.022,-29.349,180.315,2810781
124.347,-29.458,180.273,2810802
124.443,-29.477,180.050,2810823
124.725,-29.731,179.915,2810844
124.643,-29.721,179.690,2810865
124.875,-29.814,179.656,2810886
125.092,-29.695,179.490,2810907
125.271,-29.558,179.336,2810928
125.336,-29.400,179.198,2810949
125.312,-29.677,179.124,2810970
125.146,-29.518,179.073,2810991
125.340,-29.467,179.054,2811012
125.341,-29.656,178.853,2811033
125.495,-29.896,178.726,2811054
125.620,-29.796,178.512,2811075
125.358,-29.725,178.336,2811096
125.482,-29.618,178.350,2811117
125.608,-29.542,178.156,2811138
125.306,-29.503,177.997,2811159
125.081,-29.488,178.049,2811180
125.038,-29.235,178.040,2811201
124.777,-29.422,177.927,2811222
124.734,-29.406,177.917,2811243
124.870,-29.583,177.794,2811264
124.671,-29.553,177.582,2811285
124.717,-29.323,177.497,2811306
124.517,-29.173,177.267,2811327
124.248,-28.905,177.125,2811348
124.290,-28.708,177.008,2811369
124.090,-28.545,176.762,2811390
123.909,-28.683,176.604,2811411
123.850,-28.856,176.484,2811432
123.983,-29.074,176.285,2811453
124.132,-29.266,176.028,2811474
124.053,-29.152,175.747,2811495
123.881,-29.358,175.588,2811516
123.850,-29.388,175.463,2811537
124.050,-29.176,175.278,2811558
123.881,-29.141,174.954,2811579
123.782,-29.237,174.829,2811600
123.631,-29.457,174.640,2811621
123.855,-29.618,174.473,2811642
123.748,-29.739,174.120,2811663
123.972,-29.977,173.930,2811684
124.071,-30.090,173.534,2811705
124.079,-29.984,173.197,2811726
124.246,-29.819,172.876,2811747
124.410,-29.791,172.475,2811768
124.605,-29.766,172.085,2811789
124.493,-29.909,171.644,2811810
124.390,-30.134,171.368,2811831
124.353,-30.388,171.060,2811852
124.171,-30.646,170.681,2811873
124.208,-30.749,170.373,2811894
124.068,-30.577,169.911,2811915
123.841,-30.740,169.542,2811936
123.956,-30.606,169.177,2811957
124.060,-30.432,168.669,2811978
123.913,-30.251,168.130,2811999
124.012,-29.997,167.728,2812020
123.890,-29.872,167.162,2812041
123.971,-30.016,166.718,2812062
124.167,-30.243,166.154,2812083
124.394,-30.333,165.533,2812104
124.234,-30.280,164.872,2812125
124.103,-30.264,164.416,2812146
124.031,-30.181,163.898,2812167
123.986,-30.020,163.363,2812188
124.151,-29.851,162.792,2812209
124.042,-29.663,162.124,2812230
124.010,-29.635,161.594,2812251
124.244,-29.805,161.002,2812272
124.310,-29.741,160.265,2812293
124.509,-30.051,159.601,2812314
124.718,-30.021,158.838,2812335
124.537,-30.226,158.072,2812356
124.354,-30.194,157.498,2812377
124.204,-30.192,156.916,2812398
124.385,-30.120,156.298,2812419
124.548,-30.183,155.478,2812440
124.701,-30.194,154.649,2812461
124.830,-30.300,153.821,2812482
124.859,-30.295,153.000,2812503
124.937,-30.524,152.223,2812524
124.711,-30.724,151.406,2812545
124.587,-30.517,150.743,2812566
124.606,-30.368,150.035,2812587
124.216,-30.371,149.256,2812608
123.881,-30.404,148.662,2812629
123.519,-30.595,148.063,2812650
123.162,-30.548,147.448,2812671
123.174,-30.700,146.835,2812692
122.875,-30.697,146.015,2812713
122.488,-30.517,145.380,2812734
122.287,-30.533,144.759,2812755
122.314,-30.765,144.043,2812776
122.255,-30.931,143.197,2812797
122.215,-30.737,142.400,2812818
121.920,-30.560,141.606,2812839
121.740,-30.423,140.936,2812860
121.530,-30.635,140.210,2812881
121.562,-30.821,139.502,2812902
121.562,-30.658,138.681,2812923
121.732,-30.873,137.898,2812944
121.625,-30.987,137.014,2812965
121.767,-30.749,136.296,2812986
121.690,-30.924,135.424,2813007
121.715,-30.709,134.655,2813028
121.927,-30.901,133.842,2813049
122.199,-30.734,132.923,2813070
122.421,-30.659,131.980,2813091
122.294,-30.518,131.061,2813112
122.583,-30.445,130.340,2813133
122.706,-30.448,129.378,2813154
122.993,-30.224,128.525,2813175
123.182,-30.243,127.598,2813196
123.194,-30.428,126.717,2813217
123.387,-30.176,125.893,2813238
123.290,-30.343,125.005,2813259
123.232,-30.173,124.251,2813281
123.494,-30.301,123.468,2813302
123.761,-30.454,122.535,2813323
123.932,-30.394,121.610,2813344
123.791,-30.275,120.726,2813365
123.884,-30.103,119.994,2813386
123.700,-29.920,119.138,2813407
123.465,-29.737,118.416,2813428
123.580,-29.614,117.727,2813449
123.532,-29.534,116.844,2813470
123.581,-29.742,116.022,2813491
123.335,-29.941,115.153,2813512
123.454,-30.061,114.435,2813533
123.208,-30.216,113.525,2813554
123.100,-30.307,112.775,2813575
122.787,-30.532,111.988,2813596
122.506,-30.477,111.285,2813617
122.555,-30.502,110.532,2813638
122.406,-30.350,109.600,2813659
122.149,-30.137,108.807,2813680
122.282,-30.250,108.059,2813701
122.371,-30.328,107.095,2813722
122.479,-30.350,106.157,2813743
122.610,-30.429,105.215,2813764
122.451,-30.486,104.232,2813785
122.216,-30.300,103.379,2813806
122.412,-30.228,102.574,2813827
122.226,-30.183,101.534,2813848
122.088,-30.170,100.700,2813869
122.399,-30.178,99.807,2813890
122.697,-30.287,98.707,2813911
123.004,-30.450,97.597,2813932
122.965,-30.362,96.464,2813953
123.225,-30.425,95.497,2813974
123.144,-30.288,94.374,2813995
123.131,-30.179,93.407,2814016
123.162,-30.275,92.414,2814037
123.038,-30.019,91.382,2814058
123.273,-30.040,90.426,2814079
123.122,-29.821,89.279,2814100
123.372,-29.706,88.328,2814121
123.592,-29.727,87.151,2814142
123.859,-29.436,85.969,2814163
124.134,-29.275,84.772,2814184
124.363,-29.096,83.570,2814205
124.318,-28.828,82.386,2814226
124.124,-28.456,81.306,2814247
123.994,-28.244,80.314,2814268
123.979,-28.210,79.264,2814289
123.737,-27.829,78.177,2814310
123.854,-27.608,77.160,2814331
123.967,-27.407,75.968,2814352
124.042,-27.173,74.767,2814373
123.748,-26.883,73.587,2814394
123.487,-26.540,72.558,2814415
123.510,-26.406,71.488,2814436
123.625,-26.017,70.295,2814457
123.385,-25.765,69.085,2814478
123.531,-25.562,68.006,2814499
123.649,-25.472,66.787,2814520
123.799,-25.362,65.614,2814541
123.920,-25.164,64.421,2814562
124.037,-24.926,63.255,2814583
123.775,-24.856,62.113,2814604
123.513,-24.624,61.145,2814625
123.268,-24.497,60.202,2814646
123.282,-24.463,59.241,2814667
123.084,-24.274,58.214,2814688
123.127,-24.494,57.280,2814709
122.924,-24.838,56.283,2814730
123.109,-24.995,55.431,2814751
123.313,-25.271,54.455,2814772
123.504,-25.427,53.473,2814793
123.361,-25.623,52.500,2814814
123.228,-25.885,51.697,2814835
123.480,-26.125,50.906,2814856
123.732,-26.508,49.960,2814877
124.024,-27.046,49.008,2814898
124.330,-27.580,48.033,2814919
124.295,-28.084,47.074,2814940
124.266,-28.646,46.247,2814961
124.201,-29.179,45.420,2814982
124.290,-29.690,44.633,2815003
124.431,-29.836,43.789,2815024
124.452,-29.971,42.922,2815045
124.332,-30.428,42.087,2815066
124.140,-30.425,41.343,2815087
124.051,-30.585,40.627,2815108
124.098,-30.864,39.859,2815129
124.244,-30.726,39.048,2815150
124.329,-30.794,38.192,2815171
124.379,-30.866,37.356,2815192
124.354,-30.917,36.536,2815213
123.954,-30.761,35.741,2815234
123.450,-30.415,35.147,2815255
122.943,-30.237,34.581,2815276
122.621,-30.140,34.025,2815297
122.117,-30.199,33.342,2815318
122.019,-29.982,32.751,2815339
121.554,-29.883,31.955,2815360
121.222,-29.607,31.320,2815381
121.068,-29.688,30.592,2815402
120.612,-29.401,29.784,2815423
120.470,-29.184,29.085,2815444
120.127,-28.893,28.215,2815465
119.777,-28.639,27.408,2815486
119.806,-28.442,26.576,2815507
119.532,-28.505,25.539,2815528
119.300,-28.665,24.617,2815549
119.397,-28.814,23.664,2815570
119.170,-28.793,22.530,2815591
119.362,-28.861,21.528,2815612
119.507,-28.842,20.300,2815633
119.363,-28.688,19.085,2815654
119.417,-28.600,17.965,2815675
119.736,-28.357,16.724,2815696
119.111,-28.473,15.296,2815717
118.467,-29.205,14.743,2815738
117.892,-29.533,14.952,2815759
117.358,-29.797,15.018,2815780
116.962,-29.969,14.985,2815801
116.525,-30.219,14.805,2815822
116.464,-30.017,14.616,2815843
116.358,-29.771,14.666,2815864
116.078,-29.494,14.665,2815885
116.000,-29.166,14.705,2815906
115.999,-29.229,14.597,2815927
115.737,-29.198,14.404,2815948
115.471,-29.255,14.291,2815969
115.602,-29.264,14.121,2815990
115.820,-29.155,13.732,2816011
115.885,-28.950,13.441,2816032
116.075,-28.650,13.331,2816053
116.088,-28.395,13.064,2816074
116.138,-28.406,12.878,2816095
116.561,-28.279,12.662,2816116
116.972,-28.212,12.338,2816137
117.094,-28.461,12.066,2816158
117.443,-28.506,11.894,2816179
117.670,-28.363,11.580,2816200
118.205,-28.645,11.312,2816221
118.712,-28.810,10.875,2816242
119.248,-29.011,10.423,2816263
119.712,-29.154,9.968,2816284
119.826,-29.084,9.506,2816305
119.996,-29.090,9.241,2816326
120.513,-29.244,9.104,2816347
120.973,-29.367,8.764,2816368
121.217,-29.445,8.475,2816389
121.586,-29.681,8.374,2816410
121.555,-29.584,8.144,2816431
121.828,-29.507,8.216,2816452
121.828,-29.317,8.128,2816473
121.674,-29.070,8.163,2816494
121.565,-28.839,8.241,2816515
121.689,-28.585,8.331,2816536
121.757,-28.644,8.254,2816557
121.437,-28.701,8.211,2816578
121.149,-28.787,8.339,2816599
121.001,-28.907,8.422,2816620
120.918,-29.134,8.426,2816641
120.963,-28.970,8.388,2816662
120.616,-28.956,8.244,2816683
120.598,-28.849,8.298,2816704
120.227,-28.751,8.158,2816725
120.255,-28.740,8.190,2816746
119.972,-28.845,8.013,2816767
119.621,-29.107,7.967,2816788
119.400,-29.281,7.946,2816809
119.223,-29.565,7.843,2816830
119.220,-29.349,7.930,2816851
119.294,-29.559,7.896,2816872
119.323,-29.526,7.779,2816893
119.007,-29.398,7.677,2816914
118.736,-29.337,7.692,2816935
118.723,-29.117,7.808,2816956
118.543,-28.819,7.740,2816977
118.317,-28.845,7.749,2816998
118.225,-28.760,7.742,2817019
118.405,-28.860,7.671,2817040
118.587,-28.742,7.471,2817061
118.801,-28.579,7.244,2817082
119.003,-28.490,7.002,2817103
118.937,-28.347,6.743,2817124
118.806,-28.066,6.634,2817145
118.703,-28.017,6.516,2817166
118.876,-28.045,6.413,2817187
118.809,-28.290,6.149,2817208
118.796,-28.367,6.007,2817229
119.143,-28.541,5.848,2817250
119.480,-28.721,5.472,2817271
119.844,-28.881,5.135,2817292
119.870,-29.027,4.766,2817313
119.848,-28.914,4.570,2817334
119.834,-28.901,4.397,2817355
120.201,-28.965,4.199,2817376
120.194,-28.970,3.803,2817397
120.180,-28.859,3.571,2817418
120.548,-28.918,3.308,2817439
120.765,-28.700,3.017,2817460
121.162,-28.785,2.866,2817481
121.549,-28.571,2.588,2817502
121.778,-28.459,2.306,2817523
121.991,-28.135,2.069,2817544
122.272,-27.833,1.816,2817565
122.149,-27.784,1.520,2817586
122.129,-27.529,1.400,2817607
122.110,-27.286,1.225,2817628
122.072,-27.510,1.064,2817649
122.095,-27.755,0.858,2817670
121.991,-27.971,0.632,2817691
122.042,-27.866,0.460,2817712
121.710,-27.930,0.283,2817733
121.370,-27.923,0.328,2817754
121.020,-28.012,0.344,2817775
121.095,-28.092,0.357,2817796
120.891,-28.236,0.245,2817817
120.591,-28.505,0.250,2817838
120.363,-28.493,0.320,2817859
120.308,-28.764,0.331,2817880
120.380,-28.659,0.267,2817901
120.252,-28.692,0.169,2817922
120.267,-29.014,0.169,2817943
120.019,-28.974,0.117,2817964
119.877,-28.886,0.174,2817985
119.604,-29.215,0.196,2818006
119.717,-29.413,0.250,2818027
119.471,-29.566,0.111,2818048
119.271,-29.831,0.164,2818069
119.023,-30.092,0.150,2818090
119.122,-30.099,0.191,2818111
119.240,-30.088,0.040,2818132
119.330,-30.086,359.866,2818153
119.314,-30.057,359.686,2818174
119.419,-30.348,359.522,2818195
119.551,-30.257,359.255,2818216
119.386,-30.240,358.960,2818237
119.178,-30.385,358.804,2818258
118.993,-30.395,358.681,2818279
119.160,-30.208,358.505,2818300
119.229,-30.306,358.129,2818321
119.296,-30.427,357.804,2818342
119.496,-30.085,357.457,2818363
119.681,-29.786,357.024,2818384
119.832,-29.456,356.596,2818405
119.775,-29.549,356.171,2818426
120.000,-29.408,355.875,2818447
120.347,-29.464,355.411,2818468
120.429,-29.189,354.872,2818489
120.558,-29.215,354.448,2818510
120.946,-28.817,354.021,2818531
121.275,-28.690,353.427,2818552
121.361,-28.471,352.838,2818573
121.339,-28.179,352.369,2818594
121.373,-28.071,351.957,2818615
121.668,-28.212,351.490,2818636
121.885,-28.210,350.917,2818657
122.066,-28.114,350.369,2818678
122.260,-28.408,349.841,2818699
122.248,-28.698,349.290,2818720
122.500,-28.968,348.797,2818741
122.732,-29.059,348.186,2818762
122.553,-29.173,347.587,2818783
122.343,-29.134,347.172,2818804
122.336,-29.250,346.765,2818825
122.133,-29.119,346.263,2818846
121.862,-29.355,345.856,2818867
121.915,-29.300,345.470,2818888
121.598,-29.512,344.914,2818909
121.410,-29.771,344.519,2818930
121.415,-30.117,344.051,2818951
121.365,-30.161,343.501,2818972
121.253,-30.120,342.970,2818993
121.102,-30.002,342.462,2819014
120.741,-29.847,341.946,2819035
120.413,-29.798,341.534,2819056
120.481,-29.913,341.097,2819077
120.168,-29.900,340.474,2819098
120.089,-29.792,340.032,2819119
120.173,-30.018,339.472,2819140
120.173,-30.183,338.828,2819161
120.278,-30.378,338.231,2819182
120.089,-30.212,337.567,2819203
119.919,-30.040,337.036,2819224
119.744,-29.915,336.511,2819245
119.569,-29.823,335.983,2819266
119.765,-29.751,335.454,2819287
120.007,-29.883,334.737,2819308
120.261,-29.965,333.994,2819329
120.529,-30.076,333.238,2819350
120.477,-30.100,332.467,2819371
120.640,-29.882,331.878,2819392
120.748,-29.687,331.182,2819413
120.767,-29.468,330.534,2819434
121.213,-29.307,329.917,2819455
120.972,-30.907,318.927,2819875
120.933,-30.913,318.574,2819896
121.072,-31.145,318.120,2819917
120.848,-31.274,317.552,2819938
120.930,-31.213,317.204,2819959
121.031,-31.386,316.695,2819980
121.153,-31.177,316.186,2820001
121.121,-30.982,315.673,2820022
121.248,-30.707,315.222,2820043
121.326,-30.557,314.685,2820064
121.132,-30.326,314.202,2820085
121.069,-30.357,313.840,2820106
121.199,-30.085,313.419,2820127
121.098,-30.155,312.895,2820148
121.217,-30.336,312.460,2820169
121.310,-30.434,311.920,2820190
121.138,-30.235,311.421,2820211
121.323,-30.035,311.043,2820232
121.072,-30.046,310.478,2820253
120.893,-29.995,310.129,2820274
120.950,-29.783,309.754,2820295
120.830,-29.980,309.265,2820316
120.641,-30.166,308.864,2820337
120.422,-30.222,308.500,2820358
120.620,-30.148,308.154,2820379
120.805,-30.146,307.580,2820400
120.977,-30.270,307.025,2820421
121.166,-30.163,306.464,2820442
121.103,-29.993,305.903,2820463
121.320,-30.083,305.461,2820484
121.217,-29.948,304.852,2820505
121.258,-29.833,304.401,2820526
121.170,-29.980,303.915,2820547
121.231,-29.992,303.459,2820568
121.510,-30.193,302.922,2820589
121.917,-30.119,302.294,2820610
122.362,-30.229,302.348,2820631
122.685,-30.623,302.334,2820652
123.064,-30.718,302.379,2820673
123.087,-31.026,302.396,2820694
123.131,-31.053,302.588,2820715
123.282,-31.412,302.765,2820736
123.281,-31.804,302.871,2820757
123.091,-31.745,303.049,2820778
123.286,-31.716,303.318,2820799
123.399,-31.834,303.408,2820820
123.085,-31.981,303.536,2820841
122.999,-31.866,303.845,2820862
122.694,-31.595,304.059,2820883
122.314,-31.646,304.369,2820904
121.904,-31.609,304.715,2820925
121.484,-31.468,305.052,2820946
121.118,-31.241,305.379,2820967
120.707,-31.245,305.652,2820988
120.626,-30.901,305.924,2821009
120.568,-30.667,306.040,2821030
120.467,-30.519,306.141,2821051
120.425,-30.501,306.249,2821072
120.030,-30.272,306.301,2821093
119.814,-29.990,306.525,2821114
119.891,-29.640,306.639,2821135
119.997,-29.538,306.604,2821156
119.769,-29.424,306.521,2821177
119.635,-29.430,306.564,2821198
119.828,-29.539,306.525,2821219
120.076,-29.662,306.336,2821240
120.194,-29.759,306.108,2821261
120.164,-30.011,305.941,2821282
120.155,-29.889,305.814,2821303
120.496,-29.798,305.671,2821324
120.556,-29.799,305.333,2821345
120.594,-29.993,305.099,2821366
121.039,-30.051,304.863,2821387
121.492,-30.226,304.434,2821408
121.962,-30.297,304.194,2821429
122.277,-30.532,303.918,2821450
122.438,-30.909,303.701,2821471
122.824,-30.800,303.549,2821492
123.101,-31.077,303.269,2821513
123.073,-30.962,303.031,2821534
123.353,-30.963,302.946,2821555
123.665,-31.168,302.682,2821576
123.763,-31.332,302.390,2821597
123.716,-31.101,302.199,2821618
123.939,-31.259,302.203,2821639
123.721,-31.185,302.039,2821660
123.794,-31.097,302.101,2821681
123.517,-30.817,302.015,2821702
123.248,-30.613,302.094,2821723
123.025,-30.339,302.212,2821744
122.771,-30.017,302.293,2821765
122.772,-30.024,302.364,2821786
122.504,-29.705,302.305,2821807
122.299,-29.678,302.359,2821828
122.355,-29.712,302.356,2821849
122.236,-29.601,302.226,2821870
122.154,-29.709,302.180,2821891
122.038,-29.843,302.128,2821912
121.973,-29.557,302.081,2821933
122.004,-29.333,301.974,2821954
121.694,-29.232,301.822,2821975
121.703,-29.253,301.865,2821996
121.820,-29.518,301.744,2822017
121.655,-29.720,301.563,2822038
121.722,-29.595,301.541,2822059
121.472,-29.905,301.391,2822080
121.238,-29.906,301.392,2822101
121.072,-30.004,301.361,2822122
120.805,-29.920,301.267,2822143
120.868,-30.066,301.244,2822164
120.654,-30.066,301.029,2822185
120.641,-30.205,300.972,2822206
120.501,-30.575,300.797,2822227
120.655,-30.553,300.672,2822248
120.800,-30.819,300.413,2822269
120.994,-30.827,300.139,2822290
121.154,-31.039,299.835,2822311
121.371,-31.261,299.538,2822332
121.236,-31.335,299.203,2822353
121.038,-31.440,299.014,2822374
120.852,-31.438,298.863,2822395
121.028,-31.374,298.689,2822416
121.237,-31.452,298.366,2822437
121.062,-31.397,297.995,2822458
121.174,-31.077,297.830,2822479
121.084,-30.794,297.517,2822500
121.251,-30.826,297.301,2822521
121.178,-30.756,296.952,2822542
121.220,-30.394,296.725,2822563
121.041,-30.041,296.434,2822584
120.855,-29.995,296.246,2822605
120.692,-29.889,296.053,2822626
120.790,-29.865,295.837,2822647
120.857,-29.986,295.498,2822668
120.995,-30.101,295.177,2822689
120.985,-29.932,294.816,2822710
121.129,-29.698,294.530,2822731
121.153,-29.650,294.179,2822752
121.179,-29.432,293.857,2822773
120.975,-29.254,293.554,2822794
120.767,-29.344,293.319,2822815
120.972,-29.440,293.117,2822836
121.178,-29.601,292.696,2822857
121.409,-29.901,292.259,2822878
121.244,-29.977,291.822,2822899
121.502,-30.048,291.581,2822920
121.706,-30.175,291.106,2822941
121.607,-30.403,290.699,2822962
121.419,-30.273,290.450,2822983
121.595,-30.418,290.219,2823004
121.492,-30.500,289.805,2823025
121.251,-30.726,289.523,2823046
121.089,-30.723,289.306,2823067
121.160,-30.932,289.058,2823088
121.153,-31.194,288.684,2823109
121.221,-31.044,288.339,2823130
121.375,-30.901,287.955,2823151
121.146,-30.902,287.500,2823172
120.921,-30.927,287.230,2823193
120.710,-30.732,286.929,2823214
120.533,-30.536,286.653,2823235
120.436,-30.630,286.350,2823256
120.579,-30.739,286.028,2823277
120.715,-30.670,285.560,2823298
120.770,-30.509,285.110,2823319
120.927,-30.275,284.698,2823340
121.109,-30.127,284.210,2823361
121.187,-30.011,283.707,2823382
121.204,-29.736,283.252,2823403
121.329,-29.453,282.825,2823424
121.242,-29.642,282.320,2823445
121.256,-29.687,281.935,2823466
121.142,-29.863,281.480,2823487
121.072,-29.929,281.109,2823508
121.353,-29.763,280.687,2823529
121.598,-29.876,280.126,2823550
121.756,-29.801,279.540,2823571
122.070,-29.614,278.977,2823592
122.220,-29.688,278.336,2823613
122.135,-29.537,277.776,2823634
122.227,-29.527,277.318,2823655
122.425,-29.781,276.769,2823676
122.695,-30.045,276.189,2823697
122.591,-30.204,275.554,2823718
122.776,-30.066,275.093,2823739
122.733,-29.942,274.488,2823760
122.716,-30.167,273.987,2823781
122.600,-30.408,273.478,2823802
122.437,-30.195,273.002,2823823
122.538,-30.357,272.569,2823844
122.276,-30.275,271.997,2823865
122.091,-30.255,271.589,2823886
121.884,-30.397,271.124,2823907
121.861,-30.181,270.686,2823928
121.970,-30.341,270.146,2823949
122.088,-30.277,269.545,2823970
122.129,-30.237,268.924,2823991
121.801,-30.329,268.330,2824012
121.803,-30.310,267.928,2824033
121.680,-30.092,267.373,2824054
121.378,-29.824,266.863,2824075
121.472,-29.718,266.448,2824096
121.591,-29.624,265.826,2824117
121.433,-29.564,265.164,2824138
121.253,-29.677,264.639,2824159
121.383,-29.747,264.117,2824180
121.275,-29.593,263.463,2824201
121.101,-29.726,262.931,2824222
120.965,-29.640,262.419,2824243
120.935,-29.651,261.897,2824264
120.837,-29.459,261.311,2824285
121.031,-29.363,260.763,2824306
121.338,-29.615,260.073,2824327
121.666,-29.667,259.312,2824348
121.960,-29.683,258.543,2824369
122.239,-29.635,257.755,2824390
122.475,-29.581,256.968,2824411
122.774,-29.423,256.173,2824432
123.052,-29.463,255.349,2824453
122.949,-29.585,254.559,2824474
122.831,-29.518,253.926,2824495
122.743,-29.559,253.312,2824516
122.983,-29.713,252.641,2824537
123.228,-29.757,251.796,2824558
123.079,-29.816,250.923,2824579
122.953,-29.700,250.216,2824600
122.772,-29.548,249.499,2824621
122.889,-29.518,248.802,2824642
122.719,-29.792,247.928,2824663
122.765,-29.736,247.179,2824684
122.675,-29.650,246.328,2824705
122.628,-29.950,245.523,2824726
122.804,-30.226,244.695,2824747
122.946,-30.242,243.731,2824768
122.816,-30.290,242.803,2824789
122.832,-30.093,241.961,2824810
122.664,-29.904,241.045,2824831
122.314,-30.124,240.201,2824852
122.323,-30.062,239.442,2824873
122.201,-29.947,238.520,2824894
122.206,-30.157,237.652,2824915
121.839,-30.257,236.727,2824936
121.554,-30.287,235.981,2824957
121.239,-30.076,235.187,2824978
121.214,-29.924,234.373,2824999
121.222,-29.755,233.449,2825020
121.336,-29.639,232.487,2825041
121.086,-29.687,231.473,2825062
121.199,-29.748,230.621,2825083
121.340,-29.961,229.580,2825104
121.232,-29.971,228.505,2825125
121.166,-30.198,227.573,2825146
120.991,-30.492,226.591,2825167
120.958,-30.575,225.683,2825188
121.233,-30.821,224.688,2825209
121.370,-30.862,223.513,2825230
121.658,-30.729,222.386,2825251
121.788,-30.671,221.174,2825272
122.128,-30.922,220.029,2825293
122.358,-30.918,218.766,2825314
122.397,-30.760,217.517,2825335
122.771,-30.905,216.388,2825356
123.057,-31.111,215.064,2825377
123.161,-30.919,213.815,2825398
123.574,-30.740,212.650,2825419
123.886,-30.704,211.329,2825440
124.170,-30.545,210.049,2825461
124.483,-30.363,208.780,2825482
124.750,-30.242,207.462,2825503
124.750,-30.062,206.150,2825524
125.078,-30.187,204.970,2825545
125.296,-30.298,203.628,2825566
125.294,-30.525,202.331,2825587
125.474,-30.698,201.141,2825608
125.424,-30.922,199.859,2825629
125.569,-31.028,198.703,2825650
125.463,-30.832,197.440,2825671
125.633,-30.881,196.296,2825692
125.894,-30.678,195.036,2825713
126.052,-30.671,193.741,2825734
125.845,-30.527,192.505,2825755
125.948,-30.616,191.470,2825776
126.054,-30.822,190.287,2825797
125.763,-30.844,189.130,2825818
125.484,-30.764,188.210,2825839
125.489,-30.981,187.250,2825860
125.375,-30.976,186.162,2825881
125.064,-30.855,185.156,2825902
124.584,-31.077,184.237,2825923
124.077,-31.117,183.390,2825944
123.672,-31.079,182.563,2825965
123.543,-31.269,181.697,2825986
123.306,-31.358,180.661,2826007
122.702,-31.203,179.688,2826028
122.074,-31.078,178.886,2826049
121.831,-30.978,178.071,2826070
121.241,-30.917,177.027,2826091
120.935,-30.718,176.143,2826112
120.604,-30.895,175.121,2826133
120.327,-30.752,174.087,2826154
119.779,-30.933,173.036,2826175
119.621,-31.055,172.141,2826196
119.162,-31.195,171.056,2826217
118.822,-31.372,170.119,2826239
118.686,-31.176,169.117,2826260
118.274,-31.357,167.985,2826281
117.926,-31.232,166.984,2826302
117.668,-31.136,165.937,2826323
117.432,-31.229,164.840,2826344
117.509,-31.103,163.739,2826365
117.799,-31.329,162.445,2826386
118.104,-31.415,161.020,2826407
118.430,-31.303,159.593,2826428
124.420,-31.173,158.158,2826449
125.540,-30.023,136.998,2826722
126.641,-30.914,136.895,2826743
127.390,-31.452,136.613,2826764
128.239,-32.141,136.407,2826785
129.042,-32.439,136.090,2826806
129.394,-32.997,135.686,2826827
129.899,-33.200,135.462,2826848
130.012,-33.115,135.083,2826869
130.038,-33.112,134.878,2826890
130.357,-32.845,134.642,2826911
130.409,-32.543,134.216,2826932
130.167,-32.444,133.833,2826953
130.282,-32.059,133.579,2826974
130.333,-31.729,133.080,2826995
130.307,-31.233,132.576,2827016
130.118,-30.816,132.044,2827037
129.697,-30.158,131.573,2827058
129.322,-29.479,131.183,2827079
128.866,-28.786,130.733,2827100
128.299,-28.146,130.281,2827121
127.713,-27.817,129.832,2827142
127.171,-27.453,129.367,2827163
127.153,-27.261,128.845,2827184
127.113,-27.472,128.592,2827205
127.176,-27.717,128.286,2827226
127.048,-27.736,127.892,2827247
126.625,-27.558,127.560,2827268
126.151,-27.607,127.353,2827289
125.650,-27.648,127.134,2827310
125.127,-27.782,126.905,2827331
124.704,-27.713,126.660,2827352
124.534,-27.561,126.338,2827373
124.008,-27.778,125.906,2827394
123.853,-27.878,125.598,2827415
123.758,-28.127,125.113,2827436
123.632,-28.221,124.569,2827457
123.390,-28.283,124.009,2827478
123.362,-28.626,123.540,2827499
123.000,-29.005,123.104,2827520
122.750,-29.099,122.832,2827541
122.711,-29.078,122.483,2827562
122.531,-29.029,121.986,2827583
122.622,-29.350,121.566,2827604
122.331,-29.414,120.986,2827625
122.434,-29.357,120.580,2827646
122.564,-29.404,119.972,2827667
122.378,-29.376,119.336,2827688
122.136,-29.120,118.839,2827709
121.845,-28.896,118.350,2827730
121.707,-28.725,117.873,2827751
121.808,-28.763,117.300,2827772
121.833,-28.674,116.596,2827793
121.942,-28.671,115.916,2827814
122.096,-28.312,115.180,2827835
122.215,-28.133,114.417,2827856
122.088,-27.750,113.674,2827877
121.961,-27.349,113.024,2827898
122.131,-27.253,112.350,2827919
121.997,-26.917,111.541,2827940
122.211,-26.636,110.878,2827961
122.265,-26.410,110.042,2827982
122.111,-26.008,109.260,2828003
121.933,-25.900,108.564,2828024
122.173,-25.715,107.899,2828045
122.391,-25.591,107.045,2828066
122.480,-25.508,106.203,2828087
122.462,-25.721,105.429,2828108
122.330,-25.490,104.702,2828129
122.169,-25.635,104.043,2828150
122.139,-25.781,103.385,2828171
122.404,-26.095,102.693,2828192
122.664,-26.222,101.864,2828213
122.636,-26.326,101.049,2828234
122.919,-26.703,100.381,2828255
123.227,-26.871,99.574,2828276
123.507,-27.150,98.777,2828297
123.703,-27.381,98.003,2828318
123.582,-27.519,97.272,2828339
123.445,-27.831,96.654,2828360
123.294,-28.164,96.073,2828381
123.466,-28.410,95.507,2828402
123.589,-28.873,94.784,2828423
123.720,-28.979,94.086,2828444
123.799,-29.428,93.378,2828465
123.818,-29.431,92.703,2828486
123.711,-29.415,92.064,2828507
123.546,-29.296,91.510,2828528
123.241,-29.599,90.936,2828549
123.063,-29.554,90.465,2828570
123.027,-29.794,89.910,2828591
122.800,-30.042,89.270,2828612
122.956,-30.109,88.760,2828633
123.080,-30.152,88.046,2828654
122.870,-30.152,87.374,2828675
122.944,-29.897,86.846,2828696
122.720,-29.653,86.163,2828717
122.607,-29.360,85.635,2828738
122.515,-29.016,85.059,2828759
122.258,-28.663,84.461,2828780
122.357,-28.668,83.951,2828801
122.067,-28.654,83.280,2828822
122.178,-28.552,82.801,2828843
122.041,-28.590,82.117,2828864
122.186,-28.268,81.566,2828885
122.334,-28.294,80.882,2828906
122.165,-28.135,80.210,2828927
122.315,-27.878,79.677,2828948
122.256,-27.775,79.015,2828969
122.144,-27.477,78.435,2828990
122.117,-27.612,77.874,2829011
122.181,-27.749,77.301,2829032
122.385,-27.512,76.652,2829053
122.410,-27.687,75.943,2829074
122.702,-27.460,75.326,2829095
122.787,-27.439,74.587,2829116
122.832,-27.697,73.941,2829137
122.769,-27.590,73.325,2829158
123.105,-27.589,72.755,2829179
123.989,-27.790,71.982,2829200
123.843,-29.592,41.926,2830209
123.687,-29.668,41.314,2830230
123.474,-29.801,40.696,2830251
123.658,-29.843,40.079,2830272
123.470,-29.964,39.272,2830293
123.557,-30.147,38.629,2830314
123.518,-30.073,37.822,2830335
123.236,-29.905,37.080,2830356
122.943,-29.836,36.471,2830377
122.899,-29.911,35.846,2830398
123.005,-29.713,35.090,2830419
122.774,-29.741,34.252,2830440
122.746,-29.906,33.540,2830461
122.812,-30.073,32.733,2830482
122.831,-30.038,31.856,2830503
122.494,-29.914,30.980,2830524
122.384,-29.953,30.257,2830545
122.101,-29.672,29.381,2830566
121.753,-29.401,28.574,2830587
121.700,-29.460,27.765,2830608
121.313,-29.230,26.794,2830629
121.360,-29.106,25.942,2830650
121.018,-29.085,24.861,2830671
120.749,-29.126,23.929,2830692
120.783,-29.270,22.932,2830713
120.824,-29.165,21.763,2830734
120.536,-29.111,20.530,2830755
120.227,-28.976,19.437,2830776
119.911,-28.872,18.307,2830797
119.975,-28.905,17.161,2830818
119.715,-28.882,15.799,2830839
119.762,-28.834,14.565,2830860
120.014,-28.696,13.200,2830881
120.229,-28.488,12.098,2830902
120.520,-28.399,11.005,2830923
120.828,-28.276,9.825,2830944
121.116,-28.226,8.626,2830965
121.239,-28.108,7.401,2830986
121.151,-27.854,6.238,2831007
121.123,-27.967,5.161,2831028
121.081,-28.211,4.058,2831049
121.409,-28.188,2.938,2831070
121.743,-28.478,1.665,2831091
121.688,-28.705,0.366,2831112
121.985,-28.879,359.220,2831133
122.210,-28.951,357.906,2831154
122.509,-29.030,356.609,2831175
122.563,-29.191,355.288,2831196
122.833,-29.643,354.068,2831217
123.087,-29.827,352.767,2831238
123.128,-30.207,351.444,2831259
123.100,-30.682,350.191,2831280
123.306,-31.114,348.982,2831301
123.282,-31.455,347.642,2831322
123.295,-31.897,346.414,2831343
123.299,-31.892,345.167,2831364
122.949,-31.900,343.930,2831385
122.583,-31.939,342.840,2831406
122.191,-31.998,341.758,2831427
122.041,-31.893,340.679,2831448
122.001,-31.662,339.454,2831469
121.564,-31.673,338.170,2831490
121.353,-31.577,337.079,2831511
121.215,-31.204,335.868,2831532
120.791,-31.200,334.622,2831553
120.602,-30.789,333.492,2831574
120.153,-30.348,332.244,2831595
119.836,-30.063,331.123,2831616
119.449,-29.617,329.919,2831637
119.061,-29.509,328.754,2831658
119.046,-29.283,327.579,2831679
119.084,-29.301,326.233,2831700
119.193,-29.234,324.858,2831721
119.329,-29.180,323.449,2831742
119.393,-29.202,322.063,2831763
119.277,-28.961,320.692,2831784
119.431,-28.762,319.398,2831805
119.390,-28.970,317.970,2831826
119.679,-28.810,316.648,2831847
120.024,-28.834,315.157,2831868
120.173,-28.977,313.649,2831889
120.225,-29.267,312.229,2831910
120.658,-29.267,310.854,2831931
121.136,-29.237,309.310,2831952
121.606,-29.387,307.748,2831973
121.738,-29.416,306.191,2831994
121.832,-29.347,304.841,2832015
122.008,-29.485,303.472,2832036
122.483,-29.744,302.035,2832057
122.946,-29.907,300.464,2832078
123.060,-29.864,298.887,2832099
123.537,-29.746,297.467,2832120
123.876,-29.790,295.865,2832141
124.275,-30.016,294.338,2832162
124.372,-30.148,292.787,2832183
124.362,-29.921,291.380,2832204
124.310,-29.700,290.008,2832225
124.135,-29.814,288.642,2832246
124.317,-29.752,287.328,2832267
124.067,-29.709,285.846,2832288
124.139,-29.634,284.570,2832309
124.176,-29.445,283.116,2832330
124.145,-29.531,281.699,2832351
123.903,-29.289,280.288,2832372
123.523,-29.010,278.970,2832393
123.448,-29.068,277.716,2832414
122.999,-28.973,276.324,2832435
122.780,-28.894,275.099,2832456
122.360,-29.162,273.754,2832477
121.927,-29.116,272.494,2832498
121.912,-29.229,271.247,2832519
121.544,-29.476,269.803,2832540
121.604,-29.572,268.509,2832561
121.443,-29.842,267.001,2832582
121.161,-29.847,265.623,2832603
121.187,-30.098,264.312,2832624
121.006,-30.165,262.817,2832645
120.984,-30.443,261.430,2832666
120.966,-30.466,259.962,2832687
121.076,-30.858,258.493,2832708
121.473,-31.288,256.952,2832729
121.894,-31.587,255.246,2832750
122.359,-31.684,253.520,2832771
122.741,-31.744,251.754,2832792
122.955,-31.674,250.044,2832813
122.977,-31.484,248.421,2832834
123.025,-31.560,246.901,2832855
123.385,-31.636,245.373,2832876
123.769,-31.726,243.682,2832897
123.987,-31.624,242.025,2832918
124.179,-31.297,240.457,2832939
124.423,-30.953,238.920,2832960
124.622,-30.645,237.362,2832981
124.477,-30.310,235.823,2833002
124.306,-29.922,234.481,2833023
124.463,-29.585,233.144,2833044
124.630,-29.203,231.628,2833065
124.505,-28.879,230.097,2833086
124.271,-28.858,228.691,2833107
124.392,-28.747,227.341,2833128
124.108,-28.652,225.804,2833149
123.982,-28.364,224.476,2833170
123.754,-28.079,223.062,2833191
123.513,-27.827,221.695,2833212
123.944,-28.023,220.333,2833233
124.245,-27.599,220.227,2833254
124.635,-27.002,220.128,2833275
125.255,-26.781,219.932,2833296
125.855,-26.366,219.583,2833317
126.442,-26.116,219.209,2833338
126.857,-25.790,218.822,2833359
127.423,-25.824,218.455,2833380
127.646,-25.643,217.988,2833401
127.781,-25.427,217.653,2833422
128.236,-25.537,217.330,2833443
128.284,-25.617,216.860,2833464
128.188,-25.851,216.542,2833485
128.217,-25.961,216.264,2833506
128.348,-26.458,215.901,2833527
128.428,-26.809,215.446,2833548
128.436,-27.194,215.005,2833569
128.231,-27.659,214.593,2833590
128.145,-27.840,214.242,2833611
127.646,-28.181,213.803,2833632
127.370,-28.482,213.526,2833653
127.043,-28.448,213.536,2833674
126.674,-28.766,213.502,2833695
126.541,-29.052,213.426,2833716
126.144,-29.418,213.214,2833737
125.660,-29.371,213.098,2833758
125.258,-29.565,212.984,2833779
124.914,-29.846,212.787,2833800
124.759,-29.634,212.693,2833821
124.656,-29.463,212.439,2833842
124.169,-29.591,212.156,2833863
123.907,-29.504,211.991,2833884
123.564,-29.685,211.695,2833905
123.422,-29.432,211.403,2833926
123.254,-29.589,210.977,2833947
123.304,-29.357,210.520,2833968
123.294,-29.427,209.959,2833989
123.071,-29.272,209.400,2834010
122.818,-29.099,208.897,2834031
122.591,-29.177,208.385,2834052
122.450,-29.259,207.866,2834073
122.482,-29.295,207.404,2834094
122.431,-29.468,206.860,2834115
122.694,-29.596,206.318,2834136
123.006,-29.694,205.587,2834157
123.279,-29.674,204.799,2834178
123.533,-29.571,204.010,2834199
123.721,-29.417,203.212,2834220
123.841,-29.250,202.412,2834241
123.769,-29.084,201.659,2834262
123.812,-29.164,200.984,2834283
123.761,-29.036,200.243,2834304
124.064,-29.221,199.512,2834325
124.349,-29.296,198.601,2834346
124.554,-29.516,197.674,2834367
124.814,-29.786,196.778,2834388
124.832,-29.708,195.824,2834409
124.656,-29.513,194.968,2834430
124.482,-29.511,194.180,2834451
124.444,-29.433,193.396,2834472
124.599,-29.662,192.540,2834493
124.427,-29.798,191.549,2834514
124.354,-29.993,190.723,2834535
124.519,-30.271,189.811,2834556
124.652,-30.286,188.776,2834577
124.791,-30.246,187.735,2834598
124.580,-30.168,186.708,2834619
124.695,-30.069,185.789,2834640
124.516,-29.968,184.706,2834661
124.466,-29.790,183.755,2834682
124.276,-29.627,182.753,2834703
124.371,-29.874,181.813,2834724
124.415,-29.964,180.729,2834745
124.546,-30.247,179.622,2834766
124.641,-30.325,178.473,2834787
124.360,-30.355,177.316,2834808
124.060,-30.401,176.379,2834829
123.990,-30.410,175.399,2834850
123.875,-30.262,174.322,2834871
123.564,-30.103,173.262,2834892
123.384,-30.106,172.291,2834913
123.325,-30.366,171.229,2834934
123.394,-30.662,170.096,2834955
123.482,-30.868,168.889,2834976
123.436,-30.884,167.665,2834997
123.149,-30.728,166.505,2835018
123.237,-30.706,165.468,2835039
122.992,-30.918,164.241,2835060
122.864,-30.816,163.148,2835081
123.024,-30.631,162.003,2835102
122.877,-30.792,160.697,2835123
123.027,-30.904,159.548,2835144
123.237,-30.759,158.225,2835165
123.485,-30.923,156.867,2835186
123.815,-30.792,155.482,2835207
124.191,-31.104,155.519,2835228
124.449,-31.346,155.458,2835249
124.665,-31.609,155.388,2835270
124.866,-31.979,155.304,2835291
124.965,-32.067,155.197,2835312
125.382,-32.310,155.112,2835333
125.699,-32.399,154.816,2835354
126.012,-32.554,154.553,2835375
126.269,-32.464,154.260,2835396
126.447,-32.343,153.986,2835417
126.496,-32.049,153.709,2835438
126.599,-31.937,153.466,2835459
126.280,-31.630,153.177,2835480
126.256,-31.105,153.104,2835501
125.885,-30.547,152.836,2835522
125.533,-30.074,152.739,2835543
125.499,-29.706,152.619,2835564
125.389,-29.188,152.287,2835585
125.337,-29.001,151.991,2835606
124.941,-28.504,151.650,2835627
124.668,-27.996,151.434,2835648
124.438,-27.893,151.138,2835669
123.977,-27.363,150.819,2835690
123.507,-26.953,150.582,2835711
123.041,-26.810,150.321,2835732
122.603,-26.645,150.052,2835753
122.290,-26.462,149.761,2835774
122.252,-26.648,149.424,2835795
122.300,-26.862,148.957,2835816
122.036,-27.005,148.440,2835837
121.973,-27.322,148.070,2835858
122.103,-27.350,147.596,2835879
122.010,-27.648,147.029,2835900
122.129,-27.784,146.548,2835921
122.208,-28.309,145.965,2835942
122.278,-28.505,145.381,2835963
122.269,-29.105,144.781,2835984
122.412,-29.714,144.252,2836005
122.597,-30.279,143.648,2836026
122.755,-30.761,143.054,2836047
122.952,-30.993,142.448,2836068
123.152,-31.488,141.798,2836089
122.938,-31.933,141.170,2836110
122.723,-32.179,140.763,2836131
122.473,-32.426,140.336,2836152
122.310,-32.698,139.954,2836173
122.396,-32.633,139.494,2836194
122.493,-32.944,138.920,2836215
122.207,-32.909,138.348,2836236
122.162,-32.841,137.994,2836257
121.881,-32.553,137.507,2836278
121.664,-32.444,137.147,2836299
121.418,-32.431,136.737,2836320
121.121,-32.292,136.357,2836341
120.812,-31.974,135.990,2836362
120.936,-31.629,135.653,2836383
121.034,-31.399,135.066,2836404
120.854,-31.014,134.493,2836425
120.749,-30.548,134.077,2836446
120.906,-30.053,133.657,2836467
120.656,-29.902,133.103,2836488
120.424,-29.657,132.774,2836509
120.356,-29.443,132.432,2836530
120.418,-29.061,132.019,2836551
120.197,-29.148,131.534,2836572
120.409,-29.094,131.214,2836593
120.273,-29.034,130.675,2836614
120.480,-29.167,130.334,2836635
120.705,-29.225,129.833,2836656
120.934,-29.384,129.348,2836677
120.762,-29.421,128.890,2836698
121.023,-29.513,128.612,2836719
120.880,-29.746,128.106,2836740
120.758,-29.831,127.817,2836761
120.799,-29.985,127.511,2836782
120.747,-30.383,127.149,2836803
120.908,-30.730,126.828,2836824
120.904,-30.705,126.430,2836845
121.122,-30.696,126.107,2836866
121.424,-31.086,125.700,2836887
121.335,-31.206,125.222,2836908
121.619,-31.391,124.933,2836929
121.885,-31.552,124.445,2836950
121.762,-31.631,123.980,2836971
121.979,-31.734,123.743,2836992
122.191,-31.717,123.312,2837013
121.979,-31.731,122.890,2837034
121.876,-31.648,122.675,2837055
122.006,-31.712,122.424,2837076
122.171,-31.450,122.056,2837097
122.290,-31.262,121.680,2837118
122.058,-31.224,121.318,2837139
121.797,-30.879,121.125,2837160
121.558,-30.587,120.963,2837181
121.589,-30.396,120.804,2837202
121.748,-29.977,120.496,2837223
121.523,-29.762,120.137,2837244
121.679,-29.540,119.964,2837265
121.865,-29.280,119.630,2837286
122.034,-29.136,119.256,2837307
122.119,-28.963,118.919,2837328
122.032,-28.723,118.604,2837349
122.322,-28.602,118.362,2837370
122.421,-28.712,117.975,2837391
122.363,-28.985,117.701,2837412
122.524,-29.143,117.506,2837433
122.701,-29.058,117.171,2837454
122.970,-29.442,116.811,2837475
123.335,-29.794,116.436,2837496
123.274,-29.972,116.032,2837517
123.552,-30.053,115.820,2837538
123.886,-30.060,115.441,2837559
124.198,-30.351,115.041,2837580
124.457,-30.416,114.641,2837601
124.424,-30.792,114.260,2837622
124.330,-31.082,114.044,2837643
124.146,-31.107,113.834,2837664
124.241,-31.006,113.691,2837685
123.981,-31.243,113.384,2837706
123.670,-31.220,113.255,2837727
123.367,-31.158,113.145,2837748
123.317,-30.970,113.006,2837769
123.230,-30.650,112.770,2837790
123.210,-30.767,112.551,2837811
123.034,-30.888,112.309,2837832
122.695,-30.987,112.142,2837853
122.769,-30.797,112.058,2837874
122.701,-30.701,111.737,2837895
122.651,-30.424,111.485,2837916
122.478,-30.161,111.231,2837937
122.455,-29.889,111.050,2837958
122.540,-29.632,110.788,2837979
122.682,-29.455,110.471,2838000
122.477,-29.501,110.126,2838021
122.303,-29.546,109.957,2838042
122.490,-29.681,109.764,2838063
122.303,-29.784,109.353,2838084
122.098,-29.917,109.140,2838105
122.315,-29.883,108.924,2838126
122.427,-30.043,108.501,2838147
122.429,-29.950,108.145,2838168
122.478,-30.208,107.842,2838189
122.646,-30.448,107.509,2838210
122.832,-30.293,107.097,2838231
122.791,-30.125,106.690,2838252
123.012,-30.229,106.382,2838273
123.340,-30.029,105.935,2838294
123.410,-30.106,105.421,2838315
123.630,-30.299,105.047,2838336
123.933,-30.096,104.595,2838357
123.784,-30.002,104.133,2838378
123.621,-29.783,103.899,2838399
123.594,-29.545,103.694,2838420
123.506,-29.550,103.431,2838441
123.719,-29.129,103.175,2838462
123.789,-28.804,102.790,2838483
123.601,-28.740,102.474,2838504
123.730,-28.480,102.302,2838525
123.863,-28.101,102.009,2838546
123.976,-27.795,101.700,2838567
124.079,-27.514,101.412,2838588
124.070,-27.226,101.132,2838609
123.892,-26.841,100.922,2838630
123.734,-26.857,100.839,2838651
123.661,-26.888,100.763,2838672
123.754,-26.561,100.640,2838693
123.599,-26.657,100.483,2838714
123.776,-26.666,100.427,2838735
123.575,-26.508,100.243,2838756
123.441,-26.355,100.270,2838777
123.463,-26.410,100.266,2838798
123.577,-26.114,100.215,2838819
123.380,-25.915,100.142,2838840
123.513,-25.970,100.220,2838861
123.371,-26.108,100.172,2838882
123.436,-26.349,100.269,2838903
123.560,-26.621,100.311,2838924
123.315,-26.664,100.321,2838945
123.451,-26.866,100.526,2838966
123.315,-26.957,100.543,2838987
123.521,-26.960,100.683,2839008
123.688,-27.081,100.669,2839029
123.522,-27.409,100.698,2839050
123.368,-27.466,100.874,2839071
123.221,-27.439,101.045,2839092
123.364,-27.421,101.222,2839113
123.217,-27.728,101.284,2839134
123.435,-27.974,101.485,2839155
123.616,-28.129,101.471,2839176
123.760,-28.225,101.516,2839197
123.864,-28.312,101.531,2839218
123.968,-28.329,101.597,2839239
123.783,-28.408,101.665,2839260
123.557,-28.639,101.884,2839281
123.290,-28.836,102.091,2839302
122.986,-28.715,102.284,2839323
122.689,-28.697,102.533,2839344
122.365,-28.710,102.787,2839365
122.415,-28.738,103.046,2839386
122.456,-28.603,103.091,2839407
122.092,-28.545,103.130,2839428
121.705,-28.544,103.373,2839449
121.335,-28.386,103.594,2839470
121.082,-28.391,103.789,2839491
120.840,-28.479,103.918,2839512
120.716,-28.141,104.022,2839533
120.658,-28.255,104.060,2839554
120.591,-28.119,104.042,2839575
120.864,-27.972,104.016,2839596
121.009,-27.972,103.037,2839617
120.893,-27.767,102.144,2839638
121.181,-27.747,101.394,2839659
121.074,-27.842,100.460,2839680
121.042,-27.813,99.719,2839701
121.017,-27.964,98.951,2839722
121.264,-27.726,98.212,2839743
121.499,-27.767,97.353,2839764
121.730,-27.745,96.500,2839785
121.551,-27.745,95.685,2839806
121.751,-27.854,95.083,2839827
121.977,-27.901,94.317,2839848
121.356,-28.152,93.549,2839869
120.812,-28.385,93.453,2839890
120.297,-28.653,93.293,2839911
119.888,-28.925,93.099,2839932
119.484,-29.262,92.820,2839953
119.102,-29.520,92.533,2839974
119.066,-29.600,92.191,2839995
119.097,-29.680,91.667,2840016
118.820,-29.856,91.126,2840037
118.501,-29.834,90.719,2840058
118.604,-29.891,90.319,2840079
118.593,-30.148,89.712,2840100
118.434,-30.475,89.157,2840121
118.341,-30.694,88.653,2840142
118.533,-30.931,88.116,2840163
118.801,-31.233,87.415,2840184
118.907,-31.235,86.672,2840205
119.028,-31.180,86.063,2840226
119.026,-31.369,85.429,2840247
118.860,-31.106,84.832,2840268
118.590,-31.030,84.319,2840289
118.373,-30.822,83.884,2840310
118.146,-30.625,83.437,2840331
118.139,-30.644,83.028,2840352
118.009,-30.330,82.512,2840373
118.097,-30.008,82.046,2840394
118.106,-29.991,81.504,2840415
118.134,-30.084,81.010,2840436
117.995,-29.819,80.489,2840457
117.914,-29.469,80.053,2840478
117.839,-29.150,79.616,2840499
117.455,-29.262,79.185,2840520
117.481,-29.237,78.895,2840541
117.174,-29.230,78.405,2840562
116.861,-29.337,78.071,2840583
116.954,-29.330,77.725,2840604
117.080,-29.530,77.177,2840625
117.101,-29.632,76.597,2840646
117.209,-29.549,76.069,2840667
116.979,-29.507,75.533,2840688
116.734,-29.616,75.145,2840709
116.846,-29.677,74.773,2840730
116.589,-29.917,74.217,2840751
116.300,-30.223,73.818,2840772
116.071,-30.557,73.425,2840793
115.917,-30.884,72.963,2840814
116.018,-31.304,72.428,2840835
116.079,-31.576,71.749,2840856
115.783,-31.690,71.072,2840877
115.682,-31.788,70.566,2840898
115.750,-31.724,69.904,2840919
115.747,-31.777,69.147,2840940
115.830,-31.743,68.420,2840961
115.143,-31.791,67.596,2840982
114.470,-32.192,67.271,2841003
114.018,-32.568,67.154,2841024
113.613,-32.784,67.424,2841045
113.411,-32.788,67.595,2841066
113.384,-32.485,67.599,2841087
113.549,-32.218,67.501,2841108
113.620,-32.074,67.410,2841129
113.810,-32.194,67.462,2841150
113.782,-32.266,67.425,2841171
113.755,-32.301,67.474,2841192
114.160,-32.080,67.507,2841213
114.223,-31.921,67.285,2841234
114.741,-31.765,67.227,2841255
115.253,-31.573,66.921,2841276
115.820,-31.301,66.644,2841297
116.117,-31.061,66.329,2841318
116.142,-31.116,66.145,2841339
116.463,-31.043,66.227,2841360
116.594,-31.318,66.146,2841381
117.017,-31.516,66.145,2841402
117.176,-31.786,66.003,2841423
117.411,-31.972,65.960,2841444
117.726,-32.318,65.813,2841465
118.054,-32.346,65.628,2841486
118.173,-32.370,65.406,2841507
118.175,-32.224,65.275,2841528
118.184,-32.307,65.180,2841549
118.604,-32.220,65.076,2841570
118.551,-32.236,64.744,2841591
118.785,-32.336,64.640,2841612
118.957,-32.389,64.372,2841633
118.834,-32.056,64.151,2841654
118.965,-32.080,64.057,2841675
119.022,-31.776,63.819,2841696
119.070,-31.386,63.592,2841717
118.775,-31.047,63.394,2841738
118.764,-30.934,63.374,2841759
118.419,-30.605,63.205,2841780
118.107,-30.476,63.228,2841801
117.973,-30.466,63.214,2841822
117.615,-30.575,63.143,2841843
117.519,-30.372,63.167,2841864
117.488,-30.500,63.054,2841885
117.595,-30.205,62.957,2841906
117.547,-29.978,62.853,2841927
117.773,-29.626,62.800,2841948
117.781,-29.421,62.607,2841969
117.753,-29.479,62.484,2841990
117.732,-29.373,62.366,2842011
118.117,-29.271,62.221,2842032
118.537,-29.298,61.899,2842053
119.014,-29.298,61.518,2842074
119.473,-29.322,61.114,2842095
119.903,-29.269,60.776,2842116
119.922,-29.135,60.479,2842137
119.939,-29.135,60.403,2842158
119.911,-29.105,60.303,2842179
120.216,-29.169,60.231,2842200
120.153,-29.207,59.997,2842221
120.080,-29.411,59.934,2842242
119.961,-29.638,59.922,2842263
120.163,-29.580,59.894,2842284
120.359,-29.534,59.689,2842305
120.435,-29.517,59.512,2842326
120.233,-29.354,59.411,2842347
120.364,-29.315,59.416,2842368
120.540,-29.214,59.255,2842389
120.316,-29.337,59.126,2842410
120.147,-29.481,59.150,2842431
119.863,-29.702,59.159,2842452
119.950,-29.836,59.223,2842473
119.996,-29.879,59.114,2842494
119.961,-30.023,59.054,2842515
119.897,-30.256,59.003,2842536
119.653,-30.068,58.965,2842557
119.305,-29.878,59.022,2842578
119.012,-29.898,59.117,2842599
118.977,-29.741,59.212,2842620
118.680,-29.979,59.140,2842641
118.730,-30.087,59.212,2842662
118.411,-30.301,59.132,2842683
118.517,-30.258,59.218,2842704
118.545,-30.214,59.075,2842725
118.352,-30.080,58.975,2842746
118.482,-30.175,58.961,2842767
118.453,-30.097,58.788,2842788
118.347,-29.887,58.686,2842809
118.348,-30.067,58.592,2842830
118.534,-30.273,58.429,2842851
118.564,-30.442,58.151,2842872
118.728,-30.590,57.947,2842893
119.036,-30.310,57.660,2842914
119.327,-30.270,57.257,2842935
119.536,-30.141,56.871,2842956
119.718,-29.863,56.525,2842977
119.627,-29.567,56.181,2842998
119.939,-29.470,55.933,2843019
119.872,-29.515,55.484,2843040
119.770,-29.521,55.210,2843061
119.708,-29.469,54.954,2843082
119.710,-29.495,54.706,2843103
119.977,-29.629,54.408,2843124
120.264,-29.533,53.961,2843145
120.509,-29.472,53.485,2843166
120.624,-29.521,53.018,2843187
120.677,-29.257,52.606,2843208
120.811,-28.987,52.219,2843229
120.625,-29.143,51.742,2843250
120.423,-29.162,51.420,2843271
120.305,-29.240,51.099,2843292
120.269,-29.469,50.717,2843313
120.368,-29.276,50.289,2843334
120.563,-29.451,49.778,2843355
120.628,-29.519,49.299,2843376
120.706,-29.306,48.870,2843397
120.457,-29.161,48.414,2843418
120.174,-29.074,48.095,2843439
120.230,-29.021,47.807,2843460
119.969,-29.210,47.346,2843481
119.736,-29.096,47.043,2843502
119.869,-29.236,46.699,2843523
120.032,-29.331,46.144,2843544
120.128,-29.407,45.576,2843565
120.299,-29.324,45.030,2843586
120.286,-29.404,44.393,2843607
120.060,-29.212,43.881,2843628
119.850,-29.200,43.457,2843649
119.645,-29.109,42.988,2843670
119.474,-29.246,42.530,2843691
119.581,-29.397,42.053,2843712
119.606,-29.692,41.428,2843733
119.773,-29.610,40.830,2843754
119.546,-29.795,40.136,2843775
119.743,-29.876,39.637,2843796
119.532,-30.019,38.896,2843817
119.429,-30.127,38.372,2843838
119.609,-30.392,37.757,2843859
119.536,-30.445,37.015,2843880
119.483,-30.270,36.399,2843901
119.306,-30.516,35.770,2843922
119.513,-30.425,35.179,2843943
119.698,-30.585,34.397,2843964
119.901,-30.530,33.627,2843985
120.007,-30.525,32.834,2844006
119.820,-30.398,32.107,2844027
119.781,-30.371,31.500,2844048
119.961,-30.188,30.805,2844069
119.962,-30.323,30.014,2844090
120.130,-30.572,29.331,2844111
120.306,-30.678,28.552,2844132
120.428,-30.699,27.765,2844153
120.225,-30.847,27.003,2844174
120.025,-30.769,26.404,2844195
120.035,-30.651,25.791,2844216
119.878,-30.824,25.071,2844237
120.135,-30.635,24.444,2844258
119.996,-30.662,23.597,2844279
120.133,-30.498,22.958,2844300
119.988,-30.286,22.167,2844321
120.188,-30.381,21.522,2844342
120.012,-30.296,20.732,2844363
120.224,-30.322,20.157,2844384
120.473,-30.268,19.359,2844405
120.363,-30.209,18.545,2844426
120.479,-29.963,17.899,2844447
120.355,-29.707,17.159,2844468
120.210,-29.592,16.513,2844489
120.462,-29.600,15.911,2844510
120.351,-29.604,15.084,2844531
120.598,-29.740,14.468,2844552
120.414,-29.893,13.667,2844573
120.596,-29.909,13.071,2844594
120.547,-30.130,12.295,2844615
120.716,-29.967,11.646,2844636
120.830,-29.985,10.902,2844657
120.588,-29.966,10.199,2844678
120.680,-30.196,9.696,2844699
120.762,-30.380,9.027,2844720
120.442,-30.597,8.371,2844741
120.133,-30.697,7.901,2844762
120.123,-30.745,7.443,2844783
120.082,-31.039,6.861,2844804
120.128,-30.909,6.305,2844825
119.855,-31.146,5.676,2844846
119.591,-31.069,5.231,2844867
119.349,-30.973,4.805,2844888
119.137,-30.944,4.416,2844909
119.086,-30.938,3.996,2844930
119.270,-31.240,3.510,2844951
119.526,-31.200,2.938,2844972
119.624,-31.323,2.328,2844993
119.848,-31.549,1.785,2845014
120.008,-31.450,1.201,2845035
120.102,-31.271,0.668,2845056
120.039,-31.075,0.167,2845077
120.364,-30.926,359.748,2845098
120.343,-31.066,359.122,2845119
120.333,-31.122,358.684,2845140
120.697,-30.989,358.207,2845161
121.080,-31.069,357.557,2845182
121.250,-30.877,356.900,2845203
121.625,-30.532,356.323,2845224
121.792,-30.512,355.656,2845245
121.949,-30.166,355.111,2845266
122.126,-29.802,354.566,2845287
122.090,-29.894,353.993,2845308
122.377,-29.829,353.520,2845329
122.556,-29.808,352.902,2845350
122.838,-29.474,352.344,2845371
123.102,-29.341,351.682,2845392
123.074,-29.207,351.051,2845413
122.933,-29.362,350.550,2845434
122.796,-29.361,350.094,2845455
122.651,-29.201,349.645,2845476
122.392,-29.048,349.198,2845497
122.158,-29.097,348.789,2845518
122.260,-29.371,348.358,2845539
122.151,-30.101,348.877,2845560
122.254,-30.602,349.449,2845581
122.373,-31.316,349.862,2845602
122.460,-31.921,350.226,2845623
122.497,-32.459,350.581,2845644
122.074,-32.767,350.924,2845665
121.809,-33.102,351.504,2845686
121.301,-33.167,351.982,2845707
120.725,-33.291,352.591,2845728
120.556,-33.448,353.230,2845749
120.055,-33.697,353.628,2845770
119.432,-33.906,354.207,2845791
119.191,-33.809,354.846,2845812
118.959,-33.859,355.242,2845833
118.479,-33.648,355.655,2845854
118.148,-33.669,356.181,2845875
117.687,-33.264,356.626,2845896
117.220,-32.854,357.107,2845917
117.086,-32.545,357.553,2845938
117.043,-32.548,357.812,2845959
117.084,-32.172,358.006,2845980
116.804,-32.019,358.123,2846001
116.994,-31.741,358.388,2846022
117.220,-31.523,358.387,2846043
117.519,-31.401,358.368,2846064
117.711,-31.181,358.290,2846085
118.021,-30.800,358.236,2846106
118.110,-30.532,358.075,2846127
118.434,-30.564,358.030,2846148
118.525,-30.265,357.835,2846169
118.955,-30.193,357.728,2846190
119.459,-30.331,357.426,2846211
119.995,-30.438,357.064,2846232
120.176,-30.317,356.677,2846253
120.501,-30.289,356.446,2846274
121.020,-30.045,356.117,2846295
121.271,-30.215,355.663,2846316
121.376,-29.986,355.343,2846337
121.768,-29.895,355.056,2846358
122.243,-29.683,354.614,2846379
122.311,-29.822,354.108,2846400
122.715,-29.750,353.812,2846421
123.145,-29.904,353.349,2846442
123.425,-29.963,352.838,2846463
123.567,-30.215,352.381,2846484
123.462,-30.034,351.968,2846505
123.313,-30.010,351.663,2846526
123.247,-30.081,351.357,2846547
123.349,-30.130,351.412,2846568
123.224,-30.505,351.323,2846589
123.303,-30.425,351.327,2846610
123.348,-30.681,351.212,2846631
123.357,-30.825,351.100,2846652
123.332,-30.973,351.010,2846673
123.299,-31.151,350.923,2846694
122.841,-31.276,350.826,2846715
122.377,-31.368,350.942,2846736
121.889,-31.262,351.076,2846757
121.849,-31.209,351.210,2846778
121.465,-31.182,351.244,2846799
121.105,-31.323,351.428,2846820
120.691,-31.507,351.609,2846841
120.635,-31.555,351.802,2846862
120.624,-31.703,351.774,2846883
120.544,-31.780,351.733,2846904
120.248,-31.612,351.701,2846925
119.969,-31.351,351.773,2846946
119.722,-31.076,351.832,2846967
119.503,-30.834,351.872,2846988
119.532,-30.593,351.906,2847009
119.750,-30.706,351.798,2847030
119.723,-30.644,351.564,2847051
119.999,-30.795,351.438,2847072
120.294,-30.919,351.234,2847093
120.214,-30.866,350.982,2847114
120.450,-30.838,350.919,2847135
120.484,-30.651,350.682,2847156
120.452,-30.433,350.525,2847177
120.514,-30.299,350.395,2847198
120.702,-30.479,350.226,2847219
121.058,-30.719,349.968,2847240
121.404,-30.712,349.625,2847261
121.710,-30.648,349.337,2847282
121.647,-30.835,349.062,2847303
121.623,-30.808,348.950,2847324
121.683,-30.710,348.842,2847345
121.657,-30.481,348.690,2847366
121.877,-30.317,348.587,2847387
121.785,-30.509,348.348,2847408
121.721,-30.372,348.327,2847429
121.441,-30.352,346.169,2847723
121.153,-30.342,346.184,2847744
121.213,-30.337,346.206,2847765
120.926,-30.254,346.016,2847786
120.655,-30.226,346.028,2847807
120.455,-30.293,346.016,2847828
120.552,-30.505,345.949,2847849
120.709,-30.718,345.728,2847870
120.889,-30.674,345.471,2847891
121.127,-30.802,345.186,2847912
121.222,-30.916,344.863,2847933
121.088,-31.155,344.622,2847954
121.075,-31.100,344.495,2847975
121.236,-30.914,344.324,2847996
121.123,-30.763,344.036,2848017
121.071,-30.847,343.900,2848038
121.133,-31.012,343.709,2848059
121.405,-30.805,343.483,2848080
121.332,-30.735,343.122,2848101
121.435,-30.829,342.926,2848122
121.729,-31.058,342.610,2848143
121.962,-31.143,342.202,2848164
122.019,-30.989,341.806,2848185
121.878,-30.727,341.517,2848206
121.718,-30.683,341.335,2848227
121.639,-30.539,341.151,2848248
121.817,-30.639,340.906,2848269
122.026,-30.419,340.651,2848290
121.890,-30.553,340.367,2848311
122.117,-30.490,340.260,2848332
122.318,-30.442,339.966,2848353
122.500,-30.279,339.691,2848374
122.476,-30.133,339.448,2848395
122.603,-29.902,339.294,2848416
122.342,-30.084,339.032,2848437
122.051,-30.051,338.964,2848458
121.840,-29.979,338.913,2848479
121.949,-29.854,338.815,2848500
121.647,-29.995,338.608,2848521
121.578,-30.127,338.573,2848542
121.622,-30.420,338.429,2848563
121.401,-30.679,338.205,2848584
121.095,-30.938,338.105,2848605
121.045,-30.898,338.048,2848626
120.889,-31.193,337.831,2848647
120.749,-31.075,337.723,2848668
120.913,-31.288,337.592,2848689
121.092,-31.259,337.285,2848710
121.093,-31.256,336.956,2848731
121.232,-31.471,336.741,2848752
121.346,-31.352,336.447,2848773
121.439,-31.173,336.172,2848794
121.623,-30.917,335.881,2848815
121.520,-30.964,335.538,2848836
121.340,-30.686,335.354,2848857
121.214,-30.616,335.191,2848878
121.086,-30.647,334.980,2848899
121.234,-30.566,334.784,2848920
121.436,-30.301,334.461,2848941
121.643,-30.095,334.110,2848962
121.939,-30.234,333.761,2848983
121.810,-30.212,333.347,2849004
121.701,-30.155,333.140,2849025
121.780,-30.030,332.929,2849046
121.716,-29.796,332.628,2849067
121.570,-29.934,332.372,2849088
121.772,-29.966,332.152,2849109
121.897,-29.918,331.755,2849130
122.143,-30.126,331.419,2849151
122.027,-30.167,331.009,2849172
122.216,-30.355,330.802,2849193
122.033,-30.342,330.416,2849214
122.215,-30.387,330.209,2849235
122.086,-30.318,329.814,2849256
122.299,-30.147,329.557,2849277
122.180,-30.265,329.140,2849298
122.334,-30.448,328.851,2849319
122.152,-30.635,328.427,2849340
121.875,-30.782,328.184,2849361
121.831,-30.712,327.948,2849382
121.952,-30.501,327.607,2849403
121.674,-30.438,327.172,2849424
121.709,-30.415,326.915,2849445
121.824,-30.248,326.512,2849466
121.603,-30.192,326.071,2849487
121.518,-30.325,325.795,2849508
121.264,-30.503,325.448,2849529
121.033,-30.332,325.171,2849550
121.152,-30.355,324.899,2849571
121.355,-30.510,324.430,2849592
121.521,-30.483,323.904,2849613
121.662,-30.364,323.379,2849634
121.671,-30.210,322.874,2849655
121.602,-29.989,322.439,2849676
121.691,-29.803,322.013,2849697
121.528,-30.073,321.532,2849718
121.751,-30.072,321.152,2849739
121.654,-30.202,320.580,2849760
121.640,-30.386,320.181,2849781
121.904,-30.663,319.721,2849802
122.112,-30.688,319.117,2849823
122.164,-30.610,318.545,2849844
122.398,-30.840,318.041,2849865
122.313,-30.768,317.446,2849886
122.428,-30.883,317.023,2849907
122.418,-30.717,316.480,2849928
122.316,-30.935,316.005,2849949
122.515,-30.788,315.600,2849970
122.717,-30.744,315.006,2849991
122.907,-30.684,314.391,2850012
123.041,-30.661,313.806,2850033
123.199,-30.574,313.230,2850054
122.949,-30.562,312.669,2850075
122.698,-30.574,312.313,2850096
122.457,-30.554,311.950,2850117
122.162,-30.557,311.614,2850138
121.868,-30.449,311.281,2850159
121.813,-30.383,310.962,2850180
121.800,-30.134,310.521,2850201
121.877,-29.922,310.045,2850222
121.975,-30.007,309.520,2850243
121.948,-29.999,308.965,2850264
122.051,-29.795,308.465,2850285
122.051,-29.794,307.924,2850306
121.773,-30.039,307.410,2850327
121.491,-30.108,307.038,2850348
121.630,-30.164,306.684,2850369
121.337,-30.192,306.119,2850390
121.052,-30.198,305.766,2850411
120.801,-30.127,305.407,2850432
120.991,-30.083,305.034,2850453
121.194,-30.141,304.437,2850474
121.420,-30.217,303.833,2850495
121.451,-30.414,303.212,2850516
121.705,-30.695,302.706,2850537
121.818,-30.637,302.051,2850558
121.714,-30.921,301.463,2850579
121.640,-30.993,300.989,2850600
121.969,-30.891,300.532,2850621
122.250,-30.933,299.865,2850642
122.190,-30.823,299.205,2850663
122.428,-30.691,298.710,2850684
122.428,-30.553,298.095,2850705
122.556,-30.695,297.571,2850726
122.628,-30.879,296.992,2850747
122.616,-30.667,296.441,2850768
122.784,-30.829,295.924,2850789
123.017,-30.662,295.309,2850810
122.923,-30.571,294.661,2850831
123.136,-30.364,294.169,2850852
123.275,-30.355,293.553,2850873
123.374,-30.478,292.933,2850894
123.210,-30.292,292.362,2850915
123.383,-30.349,291.928,2850936
123.264,-30.189,291.319,2850957
123.513,-30.280,290.851,2850978
123.346,-30.348,290.225,2850999
123.560,-30.355,289.783,2851020
123.621,-30.339,289.146,2851041
123.717,-30.535,288.604,2851062
123.421,-30.459,288.033,2851083
123.121,-30.434,287.665,2851104
122.828,-30.344,287.319,2851125
122.840,-30.396,286.962,2851146
122.883,-30.276,286.458,2851167
122.611,-30.574,285.923,2851188
122.750,-30.587,285.536,2851209
122.845,-30.816,284.934,2851230
123.024,-31.109,284.344,2851251
122.950,-31.235,283.713,2851272
122.881,-31.184,283.159,2851293
123.094,-31.124,282.632,2851314
123.101,-31.203,281.925,2851335
122.972,-31.549,281.340,2851356
122.967,-31.702,280.818,2851377
122.898,-32.025,280.237,2851398
123.265,-32.094,279.681,2851419
123.554,-32.215,278.894,2851440
123.541,-32.145,278.123,2851461
123.914,-32.056,277.539,2851482
124.281,-32.128,276.715,2851503
124.439,-32.181,275.917,2851524
124.395,-31.932,275.208,2851545
124.735,-31.814,274.618,2851566
124.735,-31.898,273.839,2851587
125.375,-31.991,273.250,2851608
125.297,-30.785,269.241,2851734
125.325,-30.817,268.639,2851755
125.381,-30.448,268.000,2851776
125.194,-30.142,267.363,2851797
124.957,-30.145,266.848,2851818
125.057,-30.147,266.386,2851839
124.760,-30.152,265.764,2851860
124.867,-30.019,265.344,2851881
124.878,-29.903,264.747,2851902
124.612,-29.674,264.191,2851923
124.677,-29.674,263.810,2851944
124.871,-29.523,263.275,2851965
124.759,-29.604,262.678,2851986
124.658,-29.826,262.251,2852007
124.662,-30.041,261.837,2852028
124.920,-30.352,261.402,2852049
125.105,-30.505,260.824,2852070
125.054,-30.832,260.276,2852091
124.916,-30.802,259.878,2852112
124.746,-30.870,259.529,2852133
124.930,-31.127,259.206,2852154
125.096,-31.313,258.700,2852175
124.820,-31.484,258.220,2852196
124.923,-31.564,257.975,2852217
124.994,-31.798,257.511,2852238
124.676,-32.026,257.065,2852259
124.457,-31.993,256.837,2852280
124.331,-31.778,256.558,2852301
124.375,-31.525,256.263,2852322
124.136,-31.366,255.845,2852343
123.778,-31.096,255.544,2852364
123.823,-30.983,255.304,2852385
123.488,-30.850,254.873,2852406
123.291,-30.534,254.623,2852427
123.086,-30.594,254.293,2852448
122.875,-30.636,253.969,2852469
122.893,-30.681,253.669,2852490
122.822,-30.700,253.227,2852511
122.619,-30.359,252.818,2852532
122.584,-29.990,252.478,2852553
122.276,-29.678,252.028,2852574
122.336,-29.473,251.740,2852595
122.178,-29.535,251.236,2852616
122.254,-29.633,250.847,2852637
122.468,-29.798,250.348,2852658
122.710,-29.851,249.748,2852679
123.312,-29.920,249.115,2852700
124.162,-29.152,249.811,2852721
124.993,-28.516,250.282,2852742
124.993,-27.868,250.688,2852763
125.043,-28.065,250.721,2852784
124.844,-28.211,250.657,2852805
125.055,-28.484,250.664,2852826
124.955,-28.700,250.399,2852847
124.978,-29.080,250.233,2852868
124.881,-29.478,249.969,2852889
125.379,-29.769,249.698,2852910
125.442,-29.812,249.696,2852931
125.431,-29.769,249.897,2852952
125.466,-29.717,250.117,2852973
125.354,-29.844,250.289,2852994
125.171,-29.640,250.517,2853015
125.073,-29.608,250.748,2853036
124.947,-29.761,250.908,2853057
124.974,-29.910,251.059,2853078
124.960,-29.654,251.112,2853099
124.741,-29.401,251.171,2853120
124.832,-29.132,251.282,2853141
124.910,-28.970,251.231,2853162
124.929,-28.812,251.187,2853183
124.559,-28.618,251.139,2853204
124.284,-28.515,251.277,2853225
123.886,-28.666,251.376,2853246
123.521,-28.727,251.506,2853267
123.330,-28.884,251.616,2853288
123.295,-29.172,251.651,2853309
122.884,-29.193,251.578,2853330
122.655,-29.340,251.676,2853351
122.649,-29.206,251.649,2853372
122.404,-29.264,251.530,2853393
122.125,-29.616,251.512,2853414
122.116,-29.594,251.530,2853435
122.118,-29.994,251.387,2853456
122.223,-30.417,251.237,2853477
122.330,-30.832,251.007,2853498
122.279,-30.797,250.752,2853519
122.646,-30.807,250.963,2853540
122.891,-30.730,250.949,2853561
123.291,-30.475,250.968,2853582
123.643,-30.482,250.878,2853603
123.628,-30.299,250.825,2853625
123.632,-30.290,250.966,2853646
123.935,-30.296,251.035,2853667
124.298,-30.488,250.977,2853688
124.259,-30.402,250.888,2853709
124.232,-30.367,251.008,2853730
124.537,-30.380,251.101,2853751
124.473,-30.225,251.010,2853772
124.751,-30.157,251.092,2853793
124.920,-30.269,250.986,2853814
125.038,-30.042,250.923,2853835
124.992,-30.181,250.880,2853856
125.076,-30.329,250.930,2853877
124.825,-30.465,250.943,2853898
124.792,-30.452,251.124,2853919
124.497,-30.183,251.197,2853940
124.434,-30.187,251.380,2853961
124.130,-29.951,251.440,2853982
124.198,-29.805,251.631,2854003
123.928,-29.752,251.614,2854024
123.863,-29.555,251.758,2854045
123.681,-29.794,251.810,2854066
123.777,-30.016,251.891,2854087
123.916,-30.154,251.833,2854108
123.631,-30.253,251.741,2854129
123.369,-30.191,251.826,2854150
123.339,-30.036,251.915,2854171
123.347,-29.828,252.037,2854192
123.374,-29.614,252.129,2854213
123.167,-29.425,252.171,2854234
122.946,-29.521,252.426,2854255
122.837,-29.544,252.674,2854276
123.026,-29.698,252.839,2854297
123.199,-29.808,252.864,2854318
123.084,-30.032,252.881,2854339
123.292,-30.245,253.042,2854360
123.069,-30.376,253.027,2854381
123.162,-30.427,253.241,2854402
123.069,-30.368,253.289,2854423
122.837,-30.675,253.419,2854444
123.005,-30.713,253.584,2854465
123.054,-30.917,253.555,2854486
123.140,-30.802,253.604,2854507
123.066,-31.072,253.646,2854528
123.296,-31.310,253.758,2854549
123.308,-31.273,253.703,2854570
123.508,-31.106,253.791,2854591
123.482,-31.042,253.789,2854612
123.531,-30.821,253.897,2854633
123.252,-30.764,253.870,2854654
122.966,-30.761,254.018,2854675
122.895,-30.740,254.144,2854696
122.843,-30.935,254.166,2854717
122.823,-31.096,254.174,2854738
122.987,-31.270,254.173,2854759
123.110,-31.087,254.073,2854780
123.074,-31.216,253.988,2854801
123.303,-30.914,253.989,2854822
123.099,-30.818,253.844,2854843
122.896,-30.611,253.897,2854864
122.851,-30.399,253.943,2854885
123.037,-30.520,253.893,2854906
122.955,-30.312,253.742,2854927
122.826,-30.357,253.703,2854948
123.026,-30.384,253.682,2854969
122.878,-30.153,253.493,2854990
122.835,-29.911,253.481,2855011
123.001,-29.623,253.417,2855032
122.810,-29.439,253.221,2855053
122.793,-29.338,253.190,2855074
122.815,-29.107,253.054,2855095
122.804,-29.314,252.909,2855116
122.797,-29.527,252.783,2855137
123.066,-29.736,252.655,2855158
123.265,-29.713,252.412,2855179
123.361,-29.605,252.196,2855200
123.509,-29.876,251.997,2855221
123.752,-29.718,251.757,2855242
123.669,-29.719,251.449,2855263
123.627,-29.637,251.295,2855284
123.563,-29.872,251.101,2855305
123.749,-29.973,250.987,2855326
124.045,-30.269,250.846,2855347
124.366,-30.551,250.659,2855368
124.471,-30.568,250.413,2855389
124.550,-30.430,250.303,2855410
124.789,-30.297,250.192,2855431
125.026,-30.264,249.973,2855452
125.240,-30.329,249.765,2855473
125.029,-30.473,249.557,2855494
124.794,-30.478,249.567,2855515
124.604,-30.535,249.563,2855536
124.597,-30.705,249.517,2855557
124.384,-30.916,249.362,2855578
124.335,-30.666,249.300,2855599
124.356,-30.451,249.159,2855620
124.177,-30.507,248.997,2855641
123.810,-30.267,248.922,2855662
123.455,-30.049,249.023,2855683
123.127,-29.862,249.091,2855704
122.849,-29.949,249.134,2855725
122.513,-30.062,249.127,2855746
122.397,-29.880,249.143,2855767
122.398,-30.030,249.096,2855788
122.240,-30.061,249.020,2855809
122.201,-30.255,248.979,2855830
122.207,-30.047,248.873,2855851
122.215,-29.911,248.747,2855872
121.920,-29.745,248.630,2855893
121.651,-29.746,248.645,2855914
121.609,-29.669,248.644,2855935
121.517,-29.455,248.505,2855956
121.713,-29.673,248.379,2855977
121.945,-29.878,248.098,2855998
121.954,-29.921,247.790,2856019
121.897,-29.722,247.692,2856040
122.129,-29.818,247.597,2856061
122.158,-29.716,247.350,2856082
122.464,-29.928,247.212,2856103
122.408,-29.910,246.914,2856124
122.454,-29.990,246.791,2856145
122.816,-30.228,246.605,2856166
123.161,-30.410,246.225,2856187
123.207,-30.584,245.861,2856208
123.504,-30.420,245.639,2856229
123.493,-30.652,245.267,2856250
123.571,-30.796,245.028,2856271
123.850,-30.584,244.736,2856292
123.969,-30.713,244.340,2856313
123.841,-30.537,244.024,2856334
124.002,-30.593,243.856,2856355
124.238,-30.391,243.592,2856376
124.070,-30.441,243.289,2856397
124.074,-30.224,243.164,2856418
123.777,-30.379,242.930,2856439
123.847,-30.206,242.817,2856460
123.546,-30.156,242.516,2856481
123.421,-29.934,242.379,2856502
123.204,-29.659,242.172,2856523
123.058,-29.818,242.005,2856544
122.745,-30.011,241.800,2856565
122.855,-29.882,241.711,2856586
122.836,-29.931,241.376,2856607
122.845,-30.146,241.117,2856628
122.562,-30.026,240.811,2856649
122.368,-29.915,240.656,2856670
122.265,-30.166,240.433,2856691
121.993,-30.014,240.165,2856712
121.737,-30.003,239.980,2856733
121.908,-30.032,239.783,2856754
121.746,-30.123,239.368,2856775
121.867,-30.385,239.114,2856796
122.046,-30.630,238.708,2856817
122.183,-30.723,238.244,2856838
121.974,-30.789,237.789,2856859
122.119,-30.961,237.524,2856880
122.195,-31.166,237.067,2856901
122.074,-31.031,236.644,2856922
121.864,-30.859,236.300,2856943
121.663,-31.005,235.968,2856964
121.826,-31.153,235.621,2856985
121.782,-31.230,235.067,2857006
121.852,-30.977,234.619,2857027
121.910,-31.157,234.088,2857048
121.673,-30.936,233.547,2857069
121.490,-30.818,233.144,2857090
121.369,-30.842,232.698,2857111
121.392,-30.578,232.206,2857132
121.569,-30.759,231.612,2857153
121.577,-30.621,230.972,2857174
121.745,-30.805,230.390,2857195
121.921,-30.883,229.746,2857216
122.089,-30.970,229.076,2857237
121.893,-30.857,228.423,2857258
121.723,-30.668,227.959,2857279
121.507,-30.788,227.468,2857300
121.353,-30.645,227.031,2857321
121.221,-30.498,226.538,2857342
121.296,-30.309,226.049,2857363
121.283,-30.167,225.446,2857384
121.456,-30.430,224.901,2857405
121.709,-30.678,224.275,2857426
121.978,-30.836,223.627,2857447
122.093,-30.881,222.946,2857468
122.029,-30.753,222.358,2857489
122.166,-31.012,221.853,2857510
122.096,-30.917,221.260,2857531
122.222,-30.769,220.766,2857552
122.326,-30.698,220.179,2857573
122.348,-30.985,219.607,2857594
122.146,-31.262,219.111,2857615
122.354,-31.273,218.723,2857636
122.469,-31.414,218.123,2857657
122.325,-31.310,217.595,2857678
122.372,-31.472,217.223,2857699
122.417,-31.278,216.717,2857720
122.194,-31.527,216.213,2857741
122.354,-31.461,215.879,2857762
122.192,-31.333,215.344,2857783
122.166,-31.460,214.993,2857804
121.937,-31.668,214.584,2857825
121.969,-31.686,214.293,2857846
122.040,-31.460,213.889,2857867
122.124,-31.588,213.442,2857888
121.848,-31.452,213.031,2857909
121.957,-31.253,212.812,2857930
121.775,-31.192,212.413,2857951
121.501,-30.941,212.161,2857972
121.412,-30.840,211.953,2857993
121.219,-30.542,211.646,2858014
121.255,-30.563,211.373,2858035
121.476,-30.741,211.017,2858056
121.324,-30.823,210.536,2858077
121.287,-30.697,210.264,2858098
121.448,-30.459,209.904,2858119
121.680,-30.658,209.465,2858140
121.541,-30.599,208.998,2858161
121.409,-30.419,208.703,2858182
121.494,-30.270,208.387,2858203
121.721,-30.533,207.952,2858224
121.527,-30.524,207.416,2858245
121.735,-30.542,207.119,2858266
121.720,-30.715,206.607,2858287
121.902,-30.498,206.217,2858308
121.800,-30.410,205.686,2858329
122.036,-30.520,205.326,2858350
122.175,-30.696,204.791,2858371
122.149,-30.509,204.303,2858392
122.393,-30.299,203.914,2858413
122.395,-30.279,203.381,2858434
122.366,-30.540,202.962,2858455
122.559,-30.803,202.554,2858476
122.549,-30.754,202.028,2858497
122.522,-30.957,201.620,2858518
122.617,-30.744,201.188,2858539
122.383,-30.922,200.691,2858560
122.170,-30.778,200.353,2858581
121.925,-30.593,200.015,2858602
121.841,-30.515,199.653,2858623
121.956,-30.671,199.206,2858644
122.040,-30.760,198.683,2858665
122.171,-30.608,198.153,2858686
122.054,-30.700,197.601,2858707
122.116,-30.855,197.151,2858728
121.861,-30.647,196.623,2858749
121.658,-30.621,196.233,2858770
121.398,-30.405,195.823,2858791
121.456,-30.257,195.453,2858812
121.516,-30.068,194.890,2858833
121.304,-30.219,194.348,2858854
121.443,-30.023,193.943,2858875
121.623,-30.133,193.355,2858896
121.869,-30.282,192.705,2858917
121.788,-30.300,192.059,2858938
122.018,-30.469,191.548,2858959
121.946,-30.363,190.883,2858980
122.024,-30.464,190.387,2859001
122.209,-30.290,189.807,2859022
122.384,-30.111,189.168,2859043
122.266,-30.361,188.497,2859064
122.515,-30.402,187.995,2859085
122.703,-30.272,187.290,2859106
122.977,-30.484,186.602,2859127
123.195,-30.420,185.885,2859148
123.130,-30.602,185.197,2859169
123.000,-30.415,184.637,2859190
122.896,-30.320,184.116,2859211
122.818,-30.417,183.550,2859232
122.742,-30.559,182.981,2859253
122.940,-30.693,182.414,2859274
123.210,-30.906,181.699,2859295
123.464,-30.925,180.956,2859316
123.719,-30.824,180.220,2859337
123.881,-30.720,179.494,2859358
123.855,-30.516,178.817,2859379
123.648,-30.228,178.243,2859400
123.438,-30.069,177.740,2859421
123.258,-30.053,177.270,2859442
123.270,-30.118,176.781,2859463
123.401,-30.349,176.544,2859484
123.578,-30.203,176.238,2859505
123.676,-30.392,175.878,2859526
123.570,-30.176,175.577,2859547
123.389,-29.936,175.363,2859568
123.578,-29.772,175.161,2859589
123.392,-29.652,174.800,2859610
123.251,-29.684,174.592,2859631
123.021,-29.299,174.416,2859652
123.062,-29.291,174.257,2859673
123.129,-29.322,173.956,2859694
123.221,-29.162,173.636,2859715
123.269,-29.091,173.317,2859736
122.915,-29.055,173.002,2859757
122.945,-28.939,172.887,2859778
122.653,-28.767,172.565,2859799
122.313,-28.788,172.440,2859820
122.222,-28.720,172.325,2859841
121.960,-28.470,172.104,2859862
121.996,-28.254,171.970,2859883
121.819,-28.446,171.656,2859904
121.913,-28.252,171.487,2859925
122.025,-28.200,171.161,2859946
122.139,-28.206,170.834,2859967
122.247,-28.263,170.482,2859988
122.016,-28.269,170.170,2860009
121.806,-28.411,170.008,2860030
121.602,-28.548,169.839,2860051
121.413,-28.577,169.602,2860072
121.508,-28.597,169.357,2860093
121.670,-28.903,168.992,2860114
121.694,-29.215,168.572,2860135
121.945,-29.518,168.242,2860156
122.249,-29.484,167.789,2860177
122.220,-29.682,167.282,2860198
122.417,-29.586,166.955,2860219
122.336,-29.473,166.521,2860240
122.399,-29.450,166.182,2860261
122.636,-29.293,165.775,2860282
122.872,-29.489,165.285,2860303
122.849,-29.686,164.767,2860324
123.058,-29.931,164.355,2860345
123.096,-30.135,163.850,2860366
123.315,-30.393,163.393,2860387
123.137,-30.375,162.847,2860408
123.033,-30.317,162.524,2860429
122.845,-30.171,162.135,2860450
122.757,-30.139,161.802,2860471
122.559,-29.881,161.413,2860492
122.709,-29.912,161.077,2860513
122.709,-29.787,160.568,2860534
122.803,-29.522,160.116,2860555
122.865,-29.370,159.594,2860576
122.599,-29.162,159.095,2860597
122.700,-29.168,158.716,2860618
122.400,-29.168,158.182,2860639
122.136,-29.085,157.819,2860660
121.896,-29.059,157.420,2860681
121.610,-28.679,157.008,2860702
121.751,-28.498,156.608,2860723
121.867,-28.406,155.998,2860744
121.728,-28.383,155.392,2860765
121.747,-28.047,154.889,2860786
121.825,-27.719,154.336,2860807
121.692,-27.880,153.744,2860828
121.848,-27.629,153.236,2860849
121.696,-27.732,152.582,2860870
121.616,-27.821,152.063,2860891
121.795,-27.593,151.502,2860912
122.020,-27.736,150.807,2860933
122.239,-27.739,150.085,2860954
122.072,-27.788,149.355,2860975
122.186,-27.842,148.797,2860996
122.061,-27.653,148.098,2861017
122.308,-27.597,147.487,2861038
122.413,-27.814,146.715,2861059
122.312,-27.690,146.012,2861080
122.300,-27.816,145.400,2861101
122.376,-27.744,144.739,2861122
122.658,-28.122,144.056,2861143
122.925,-28.410,143.265,2861164
123.129,-28.557,142.447,2861185
123.380,-28.527,141.671,2861206
123.301,-28.699,140.856,2861227
123.150,-28.982,140.197,2861248
122.981,-29.011,139.550,2861269
123.060,-29.173,138.914,2861290
122.881,-29.504,138.149,2861311
122.665,-29.721,137.486,2861332
122.796,-29.773,136.859,2861353
122.953,-30.110,136.043,2861374
123.048,-30.188,135.226,2861395
123.104,-30.144,134.406,2861416
122.884,-30.067,133.613,2861437
123.034,-30.171,132.930,2861458
123.120,-30.137,132.053,2861479
122.881,-30.008,131.230,2861500
122.550,-30.121,130.535,2861521
122.592,-30.100,129.893,2861542
122.537,-30.212,129.035,2861563
122.284,-30.384,128.238,2861584
121.969,-30.130,127.525,2861605
121.930,-29.905,126.846,2861626
121.926,-29.675,126.040,2861647
121.631,-29.429,125.221,2861668
121.367,-29.418,124.535,2861689
121.148,-29.379,123.853,2861710
121.274,-29.440,123.125,2861731
121.265,-29.405,122.226,2861752
121.385,-29.137,121.393,2861773
121.516,-28.963,120.536,2861794
121.630,-28.829,119.676,2861815
121.458,-28.663,118.833,2861836
121.575,-28.515,118.115,2861857
121.822,-28.704,117.262,2861878
121.940,-28.651,116.357,2861899
121.811,-28.880,115.514,2861920
121.887,-28.963,114.801,2861941
122.032,-29.222,113.974,2861962
122.322,-29.504,113.138,2861983
122.376,-29.532,112.203,2862004
122.508,-29.365,111.388,2862025
122.419,-29.204,110.524,2862046
122.705,-29.188,109.794,2862067
122.673,-29.376,108.866,2862088
122.958,-29.249,108.094,2862109
123.222,-29.324,107.176,2862130
123.073,-29.462,106.259,2862151
123.054,-29.568,105.561,2862172
123.245,-29.796,104.768,2862193
123.460,-29.723,103.888,2862214
123.379,-29.731,102.997,2862235
123.216,-29.500,102.250,2862256
123.122,-29.418,101.559,2862277
122.945,-29.620,100.855,2862298
123.098,-29.767,100.186,2862319
122.927,-29.808,99.312,2862340
122.631,-29.946,98.597,2862361
122.716,-29.903,97.971,2862382
122.520,-29.824,97.145,2862403
122.638,-29.606,96.428,2862424
122.430,-29.611,95.549,2862445
121.923,-29.622,94.788,2862466
121.432,-29.546,94.142,2862487
121.052,-29.614,93.460,2862508
120.659,-29.809,92.728,2862529
120.399,-29.887,91.966,2862550
120.123,-30.043,91.096,2862571
120.061,-29.844,90.213,2862592
119.961,-29.773,89.149,2862613
119.497,-29.570,88.064,2862634
119.169,-29.641,87.188,2862655
118.624,-29.615,87.215,2862676
118.159,-29.745,87.265,2862697
117.775,-29.851,87.213,2862718
117.452,-30.009,87.059,2862739
117.401,-30.155,86.869,2862760
117.446,-30.341,86.520,2862781
117.481,-30.385,86.121,2862802
117.599,-30.308,85.717,2862823
117.749,-30.261,85.240,2862844
117.949,-30.254,84.727,2862865
117.871,-30.180,84.180,2862886
117.761,-30.004,83.811,2862907
117.757,-29.970,83.432,2862928
117.778,-30.119,82.985,2862949
118.220,-30.234,82.532,2862970
118.345,-30.345,81.841,2862991
118.849,-30.215,81.277,2863012
119.340,-30.320,80.531,2863033
119.826,-30.319,79.767,2863054
120.079,-30.265,78.978,2863075
120.170,-30.050,78.297,2863096
120.567,-29.957,77.664,2863117
120.758,-30.158,76.872,2863138
120.918,-30.334,76.160,2863159
120.941,-30.499,75.461,2863180
120.926,-30.591,74.809,2863201
121.255,-30.613,74.168,2863222
121.543,-30.547,73.328,2863243
121.793,-30.477,72.513,2863264
121.758,-30.249,71.789,2863285
121.806,-29.964,71.233,2863306
121.788,-29.664,70.623,2863327
121.621,-29.791,70.012,2863348
121.743,-29.489,69.491,2863369
121.512,-29.504,68.805,2863390
121.512,-29.578,68.295,2863411
121.408,-29.399,67.652,2863432
121.408,-29.145,67.041,2863453
121.247,-29.036,66.329,2863474
121.132,-28.819,65.709,2863495
120.719,-29.051,65.025,2863516
120.325,-29.108,64.472,2863537
119.982,-29.185,63.905,2863558
119.894,-29.454,63.309,2863579
119.814,-29.785,62.583,2863600
119.705,-30.121,61.849,2863621
119.536,-30.480,61.113,2863642
119.571,-30.384,60.375,2863663
119.589,-30.400,59.519,2863684
119.404,-30.400,58.655,2863705
119.293,-30.319,57.876,2863726
119.431,-30.650,57.048,2863747
119.237,-30.757,56.063,2863768
119.462,-30.953,55.252,2863789
119.308,-31.081,54.220,2863810
119.578,-31.173,53.370,2863831
119.590,-31.280,52.285,2863852
119.869,-31.112,51.316,2863873
119.883,-31.139,50.228,2863894
119.820,-30.925,49.232,2863915
119.757,-30.893,48.276,2863936
119.807,-30.775,47.320,2863957
120.102,-30.928,46.276,2863978
120.043,-30.879,45.110,2863999
120.210,-30.906,44.124,2864020
120.492,-31.059,43.012,2864041
120.764,-30.925,41.848,2864062
121.004,-30.760,40.686,2864083
121.115,-30.520,39.510,2864104
121.311,-30.170,38.420,2864125
121.168,-29.920,37.293,2864146
120.987,-29.849,36.338,2864167
121.061,-29.785,35.411,2864188
120.980,-29.975,34.365,2864209
121.092,-29.742,33.407,2864230
121.079,-29.951,32.335,2864251
121.156,-30.160,31.331,2864272
121.184,-29.962,30.269,2864293
120.979,-29.777,29.225,2864314
121.170,-29.719,28.293,2864335
120.962,-29.813,27.165,2864356
121.008,-29.840,26.245,2864377
121.160,-29.648,25.202,2864398
121.308,-29.606,24.087,2864419
121.462,-29.705,22.998,2864440
121.606,-29.819,21.879,2864461
121.607,-29.932,20.809,2864482
121.381,-29.734,19.777,2864503
121.142,-29.637,18.821,2864524
120.949,-29.667,17.878,2864545
120.893,-29.793,16.913,2864566
120.873,-29.622,15.873,2864587
120.946,-29.888,14.804,2864608
121.068,-30.151,13.710,2864629
120.859,-30.062,12.580,2864650
120.968,-30.034,11.594,2864671
120.874,-30.232,10.486,2864692
120.828,-29.992,9.445,2864713
120.714,-29.765,8.401,2864734
120.947,-29.919,7.400,2864755
121.141,-30.020,6.225,2864776
120.995,-29.955,5.058,2864797
120.881,-29.871,4.057,2864818
121.105,-30.054,3.052,2864839
120.934,-30.268,1.848,2864860
121.144,-30.280,0.868,2864881
121.345,-30.262,359.688,2864902
121.437,-30.281,358.525,2864923
121.339,-30.574,357.429,2864944
121.353,-30.443,356.440,2864965
121.203,-30.739,355.385,2864986
121.303,-30.719,354.414,2865007
121.241,-30.585,353.348,2865028
121.463,-30.435,352.340,2865049
121.694,-30.537,351.195,2865070
121.576,-30.749,350.017,2865091
121.784,-30.596,349.001,2865112
121.667,-30.577,347.828,2865133
121.783,-30.404,346.827,2865154
121.588,-30.602,345.707,2865175
121.650,-30.671,344.726,2865196
121.449,-30.891,343.614,2865217
121.409,-30.962,342.648,2865238
121.513,-30.744,341.605,2865259
121.629,-30.665,340.461,2865280
121.422,-30.632,339.298,2865301
121.258,-30.438,338.285,2865322
121.389,-30.222,337.241,2865343
121.147,-30.185,336.061,2865364
120.911,-30.226,335.021,2865385
120.665,-30.271,334.006,2865406
120.788,-30.361,332.975,2865427
120.794,-30.267,331.763,2865448
120.949,-30.508,330.628,2865469
121.098,-30.603,329.387,2865490
121.278,-30.516,328.164,2865511
121.123,-30.421,326.932,2865532
121.249,-30.322,325.849,2865553
121.106,-30.099,324.669,2865574
121.336,-30.134,323.592,2865595
121.222,-30.222,322.337,2865616
121.133,-30.328,321.253,2865637
121.404,-30.458,320.134,2865658
121.667,-30.511,318.831,2865679
121.920,-30.460,317.521,2865700
121.797,-30.445,316.218,2865721
121.800,-30.372,315.136,2865742
121.994,-30.183,313.970,2865763
121.950,-30.052,312.717,2865784
122.246,-30.228,311.601,2865805
122.193,-30.371,310.290,2865826
122.133,-30.280,309.143,2865847
122.433,-30.483,307.996,2865868
122.741,-30.516,306.667,2865889
123.092,-30.537,305.326,2865910
123.054,-30.577,303.959,2865931
123.218,-30.674,302.791,2865952
123.241,-30.545,301.510,2865973
123.462,-30.701,300.309,2865994
123.824,-30.974,298.980,2866015
123.928,-31.178,297.558,2866036
123.978,-31.416,296.263,2866057
124.282,-31.213,294.993,2866078
124.636,-31.101,293.581,2866099
124.964,-31.070,292.153,2866120
124.979,-31.029,290.729,2866141
125.151,-30.821,289.440,2866162
125.431,-30.647,288.083,2866183
125.469,-30.610,286.656,2866204
125.572,-30.798,285.364,2866225
125.421,-30.552,284.032,2866246
125.218,-30.569,282.808,2866267
125.408,-30.460,281.619,2866288
125.562,-30.418,280.208,2866309
125.323,-30.299,278.850,2866330
125.417,-30.263,277.679,2866351
125.546,-30.081,276.334,2866372
125.302,-30.115,274.979,2866393
125.260,-30.050,273.832,2866414
125.222,-30.208,272.543,2866435
124.866,-29.923,271.272,2866456
124.644,-29.789,270.153,2866477
124.611,-29.498,268.990,2866498
124.216,-29.648,267.747,2866519
123.981,-29.647,266.681,2866540
123.693,-29.433,265.537,2866561
123.688,-29.222,264.420,2866582
123.572,-29.381,263.155,2866603
123.599,-29.224,261.939,2866624
123.457,-29.387,260.683,2866645
123.967,-29.663,259.479,2866666
124.317,-29.275,259.064,2866687
124.696,-28.601,258.714,2866708
124.917,-27.971,258.318,2866729
124.980,-27.354,257.977,2866750
125.320,-26.862,257.673,2866771
125.298,-26.436,257.222,2866792
125.477,-26.241,256.927,2866813
125.770,-26.269,256.530,2866834
125.840,-26.342,256.070,2866855
125.712,-26.521,255.699,2866876
125.613,-26.490,255.418,2866897
125.815,-26.719,255.125,2866918
125.698,-27.006,254.655,2866939
125.616,-26.987,254.310,2866960
125.354,-27.025,253.947,2866981
125.219,-27.238,253.662,2867002
125.077,-27.838,253.294,2867023
125.130,-28.459,252.895,2867044
125.236,-28.978,252.417,2867065
125.226,-29.335,252.150,2867086
124.944,-29.329,251.922,2867107
124.843,-29.434,251.786,2867128
124.700,-29.398,251.552,2867149
124.315,-29.351,251.333,2867170
124.257,-29.445,251.211,2867191
123.886,-29.772,250.897,2867212
123.485,-30.053,250.724,2867233
123.450,-30.120,250.640,2867254
122.992,-30.199,250.337,2867275
122.816,-30.174,250.229,2867296
122.754,-30.443,249.980,2867317
122.570,-30.390,249.643,2867338
122.275,-30.195,249.369,2867359
122.017,-29.998,249.155,2867380
122.066,-29.793,248.891,2867401
122.107,-29.898,248.471,2867422
121.948,-30.022,248.037,2867443
122.095,-30.180,247.714,2867464
121.877,-30.097,247.220,2867485
121.796,-29.943,246.902,2867506
121.655,-30.051,246.537,2867527
121.535,-29.879,246.182,2867548
121.486,-29.711,245.843,2867569
121.744,-29.487,245.436,2867590
122.011,-29.650,244.878,2867611
121.954,-29.810,244.330,2867632
122.194,-29.913,243.909,2867653
122.502,-30.109,243.321,2867674
122.682,-30.115,242.687,2867695
122.599,-29.896,242.107,2867716
122.888,-29.820,241.658,2867737
122.867,-29.994,241.013,2867758
123.083,-30.087,240.515,2867779
123.333,-29.922,239.898,2867800
123.254,-29.790,239.269,2867821
123.475,-29.839,238.788,2867842
123.466,-30.117,238.141,2867863
123.641,-30.327,237.607,2867884
123.733,-30.554,236.961,2867905
123.876,-30.374,236.336,2867926
124.055,-30.244,235.699,2867947
123.840,-30.450,235.046,2867968
123.656,-30.338,234.573,2867989
123.351,-30.163,234.064,2868010
123.419,-30.092,233.601,2868031
123.384,-30.065,232.942,2868052
123.274,-30.228,232.337,2868073
123.212,-30.401,231.770,2868094
123.032,-30.261,231.165,2868115
122.604,-30.049,230.623,2868136
122.544,-29.882,230.188,2868157
122.114,-30.017,229.570,2868178
121.803,-30.003,229.108,2868199
121.807,-29.814,228.591,2868220
121.483,-29.886,227.889,2868241
121.455,-30.061,227.339,2868262
121.177,-29.981,226.642,2868283
120.921,-30.171,226.040,2868304
121.016,-30.397,225.421,2868325
120.769,-30.474,224.629,2868346
120.675,-30.430,223.977,2868367
120.452,-30.302,223.240,2868388
120.303,-30.297,222.566,2868409
120.504,-30.517,221.831,2868430
120.722,-30.695,220.947,2868451
120.809,-30.883,220.039,2868472
121.084,-31.149,219.192,2868493
121.277,-31.243,218.243,2868514
121.248,-31.129,217.338,2868535
121.275,-31.240,216.507,2868556
121.598,-31.414,215.669,2868577
121.810,-31.278,214.678,2868598
121.906,-31.057,213.759,2868619
122.101,-30.824,212.882,2868640
122.393,-31.037,211.945,2868661
122.682,-30.901,210.963,2868682
122.965,-31.027,209.977,2868703
123.260,-30.909,208.977,2868724
123.168,-30.994,207.952,2868745
123.218,-30.783,207.104,2868766
123.052,-30.481,206.189,2868787
122.911,-30.341,205.384,2868808
122.974,-30.161,204.552,2868829
123.014,-29.928,203.631,2868850
123.091,-29.671,202.679,2868871
123.291,-29.863,201.705,2868892
123.503,-29.990,200.628,2868913
123.660,-29.996,199.566,2868934
123.402,-29.851,198.515,2868955
123.113,-29.676,197.661,2868976
122.903,-29.654,196.827,2868997
122.840,-29.819,195.909,2869018
122.986,-29.614,194.919,2869039
122.851,-29.915,194.050,2869060
123.081,-30.153,193.473,2869081
123.184,-30.330,192.698,2869102
123.083,-30.685,191.956,2869123
123.224,-30.612,191.306,2869144
123.035,-30.628,190.514,2869165
123.135,-30.506,189.868,2869186
122.820,-30.689,189.057,2869207
122.546,-30.763,188.437,2869228
122.550,-30.575,187.802,2869249
122.587,-30.695,186.999,2869270
122.266,-30.805,186.147,2869291
122.141,-30.879,185.491,2869312
122.162,-31.054,184.711,2869333
121.859,-30.903,183.832,2869354
121.870,-30.869,183.097,2869375
121.942,-30.668,182.181,2869396
121.838,-30.732,181.251,2869417
121.507,-30.410,180.397,2869438
121.195,-30.322,179.662,2869459
121.044,-30.239,178.880,2869480
121.146,-29.928,178.010,2869501
121.249,-29.879,177.032,2869522
121.300,-29.797,176.006,2869543
121.139,-29.518,175.033,2869564
121.201,-29.222,174.112,2869585
121.012,-29.368,173.074,2869606
120.896,-29.357,172.153,2869627
120.787,-29.478,171.214,2869648
121.086,-29.554,170.262,2869669
121.408,-29.566,169.104,2869690
121.726,-29.595,167.931,2869711
121.950,-29.780,166.755,2869732
122.229,-29.651,165.609,2869753
122.177,-29.604,164.441,2869774
122.377,-29.679,163.404,2869795
122.726,-29.552,162.235,2869816
122.761,-29.764,161.008,2869837
122.875,-30.053,159.952,2869858
122.840,-29.950,158.837,2869879
122.793,-30.172,157.797,2869900
123.084,-30.279,156.746,2869921
123.406,-30.574,155.540,2869942
123.440,-30.734,154.308,2869963
123.713,-30.581,153.207,2869984
123.617,-30.619,152.001,2870005
123.705,-30.496,150.957,2870026
123.549,-30.721,149.805,2870047
123.713,-30.563,148.748,2870068
123.474,-30.708,147.552,2870089
123.596,-30.658,146.562,2870110
123.425,-30.483,145.373,2870131
123.501,-30.570,144.347,2870152
123.492,-30.404,143.185,2870173
123.244,-30.172,142.063,2870194
123.098,-29.942,141.055,2870215
123.164,-29.686,140.006,2870236
122.848,-29.804,138.848,2870257
122.601,-29.679,137.876,2870278
122.615,-29.455,136.872,2870299
122.352,-29.608,135.726,2870320
122.501,-29.418,134.731,2870341
122.622,-29.490,133.537,2870362
122.361,-29.434,132.342,2870383
122.151,-29.432,131.352,2870404
122.338,-29.388,130.340,2870425
122.482,-29.507,129.123,2870446
122.273,-29.800,127.918,2870467
122.209,-29.939,126.886,2870488
122.353,-30.268,125.814,2870509
122.561,-30.267,124.658,2870530
122.762,-30.361,123.449,2870551
122.853,-30.459,122.257,2870572
122.651,-30.398,121.114,2870593
122.858,-30.492,120.122,2870614
122.664,-30.569,118.924,2870635
122.469,-30.667,117.909,2870656
122.655,-30.760,116.907,2870677
122.552,-30.893,115.702,2870698
122.718,-31.064,114.632,2870719
122.480,-31.009,113.455,2870740
122.560,-30.933,112.442,2870761
122.476,-30.728,111.273,2870782
122.538,-30.425,110.217,2870803
122.231,-30.197,109.100,2870824
122.297,-30.018,108.155,2870845
122.056,-29.854,107.020,2870866
122.105,-29.528,106.047,2870887
122.062,-29.509,104.922,2870908
121.935,-29.616,103.831,2870930
122.042,-29.233,102.794,2870951
121.757,-29.149,101.660,2870972
121.891,-29.007,100.709,2870993
121.653,-28.928,99.566,2871014
121.803,-28.893,98.630,2871035
121.876,-28.751,97.484,2871056
121.859,-28.910,96.385,2871077
121.735,-28.680,95.316,2871098
121.989,-28.561,94.302,2871119
122.254,-28.557,93.108,2871140
122.115,-28.694,91.922,2871161
121.989,-28.693,90.896,2871182
122.220,-28.670,89.887,2871203
122.482,-28.962,88.690,2871224
122.439,-29.203,87.490,2871245
122.676,-29.111,86.425,2871266
122.830,-29.414,85.214,2871287
122.743,-29.722,84.048,2871308
123.059,-29.792,82.978,2871329
123.365,-29.849,81.700,2871350
123.576,-29.894,80.433,2871371
123.449,-29.789,79.210,2871392
123.653,-29.709,78.146,2871413
123.922,-29.672,76.915,2871434
123.852,-29.043,76.089,2871455
123.742,-28.621,75.404,2871476
123.740,-28.235,74.762,2871497
123.839,-28.069,74.047,2871518
123.973,-27.591,73.272,2871539
124.133,-27.243,72.477,2871560
124.195,-27.102,71.674,2871581
123.925,-26.888,70.928,2871602
123.765,-26.688,70.316,2871623
123.450,-26.490,69.617,2871644
123.245,-26.411,68.973,2871665
123.276,-26.765,68.298,2871686
122.915,-27.065,67.511,2871707
122.888,-27.402,66.879,2871728
122.645,-27.784,66.070,2871749
122.579,-28.325,65.369,2871770
122.184,-28.928,64.570,2871791
121.959,-29.291,63.937,2871812
121.684,-29.502,63.189,2871833
121.435,-30.119,62.470,2871854
121.162,-30.748,61.760,2871875
121.252,-31.324,61.053,2871896
121.356,-31.720,60.154,2871917
121.447,-32.209,59.254,2871938
121.121,-32.609,58.342,2871959
121.177,-32.771,57.654,2871980
120.922,-32.896,56.772,2872001
121.033,-32.855,56.055,2872022
120.711,-32.954,55.134,2872043
120.421,-33.003,54.455,2872064
120.151,-32.889,53.753,2872085
120.247,-32.739,53.051,2872106
120.341,-32.683,52.167,2872127
120.119,-32.598,51.266,2872148
120.069,-32.238,50.544,2872170
119.774,-31.886,49.738,2872191
119.436,-31.859,49.065,2872212
119.081,-31.799,48.444,2872233
118.908,-31.721,47.844,2872254
118.561,-31.329,47.180,2872275
118.549,-31.299,46.571,2872296
118.535,-31.066,45.801,2872317
118.341,-31.138,45.049,2872338
118.424,-30.806,44.346,2872359
118.216,-30.608,43.520,2872380
117.982,-30.324,42.857,2872401
117.751,-30.358,42.196,2872422
117.543,-30.288,41.537,2872443
117.732,-30.366,40.846,2872464
117.961,-30.322,39.973,2872485
118.194,-30.430,39.040,2872506
118.447,-30.472,38.133,2872527
118.636,-30.635,37.188,2872548
118.933,-30.920,36.271,2872569
119.033,-30.995,35.311,2872590
119.038,-30.871,34.463,2872611
119.012,-30.773,33.659,2872632
119.354,-31.014,32.870,2872653
119.513,-31.247,31.910,2872674
119.548,-31.097,31.016,2872695
119.726,-30.974,30.183,2872716
120.062,-31.261,29.267,2872737
120.403,-31.484,28.252,2872758
120.394,-31.371,27.197,2872779
120.783,-31.413,26.309,2872800
120.913,-31.387,25.184,2872821
120.644,-29.828,1.683,2873430
120.365,-29.840,0.977,2873451
120.236,-29.941,0.279,2873472
120.407,-30.278,359.487,2873493
120.284,-30.541,358.549,2873514
120.123,-30.855,357.781,2873535
120.356,-30.956,357.012,2873556
120.605,-31.081,356.026,2873577
120.867,-31.391,355.037,2873598
121.023,-31.481,354.062,2873619
120.954,-31.457,353.138,2873640
120.853,-31.709,352.318,2873661
120.739,-31.874,351.534,2873682
120.658,-31.925,350.750,2873703
120.687,-31.761,349.957,2873724
120.896,-31.526,349.098,2873745
121.198,-31.705,348.122,2873766
121.411,-31.576,347.119,2873787
121.629,-31.335,346.159,2873808
121.651,-31.095,345.188,2873829
121.876,-30.797,344.304,2873850
121.755,-30.604,343.336,2873871
121.943,-30.577,342.515,2873892
122.201,-30.356,341.560,2873913
122.090,-30.218,340.563,2873934
122.309,-30.189,339.745,2873955
122.552,-29.951,338.764,2873976
122.788,-29.922,337.771,2873997
122.825,-29.701,336.766,2874018
122.659,-29.404,335.843,2874039
122.520,-29.380,335.041,2874060
122.660,-29.443,334.201,2874081
122.555,-29.663,333.200,2874102
122.689,-29.833,332.331,2874123
122.831,-29.717,331.328,2874144
122.585,-29.623,330.325,2874165
122.683,-29.739,329.513,2874186
122.795,-29.624,328.525,2874207
122.925,-29.820,327.540,2874228
122.679,-29.800,326.564,2874249
122.442,-29.821,325.759,2874270
122.504,-29.799,324.956,2874291
122.644,-29.691,324.001,2874312
122.591,-29.745,322.999,2874333
122.425,-30.024,322.060,2874354
122.209,-29.924,321.158,2874375
122.373,-29.907,320.267,2874396
122.200,-30.143,319.182,2874417
122.255,-30.098,318.239,2874438
122.453,-30.078,317.160,2874460
122.685,-30.344,316.015,2874481
122.684,-30.539,314.827,2874502
122.498,-30.902,313.765,2874523
122.270,-31.021,312.766,2874544
122.095,-31.041,311.788,2874565
122.014,-30.961,310.742,2874586
122.155,-30.789,309.650,2874607
122.277,-30.902,308.433,2874628
122.090,-30.801,307.204,2874649
121.949,-30.641,306.115,2874670
122.118,-30.794,305.029,2874692
121.967,-30.860,303.753,2874713
122.013,-30.640,302.647,2874734
122.219,-30.866,301.426,2874755
122.413,-30.799,300.116,2874776
122.277,-30.697,298.815,2874797
122.548,-30.656,297.709,2874818
122.534,-30.592,296.404,2874839
122.631,-30.710,295.236,2874860
122.840,-30.383,294.009,2874881
122.972,-30.343,292.738,2874902
122.965,-30.430,291.533,2874923
123.026,-30.547,290.410,2874944
123.131,-30.266,289.257,2874965
123.161,-30.008,288.119,2874986
123.013,-29.733,286.995,2875007
123.223,-29.749,285.960,2875028
123.368,-29.580,284.784,2875049
123.274,-29.375,283.628,2875070
123.328,-29.485,282.603,2875091
123.292,-29.707,281.541,2875112
123.134,-29.894,280.543,2875133
123.360,-29.974,279.584,2875154
123.849,-29.406,279.317,2875175
124.252,-28.932,278.871,2875196
124.444,-28.457,278.492,2875217
124.818,-27.937,278.173,2875238
125.007,-27.586,277.771,2875259
125.374,-27.629,277.456,2875280
125.673,-27.415,277.044,2875301
125.807,-27.501,276.657,2875322
125.708,-27.677,276.350,2875343
125.572,-27.761,276.135,2875364
125.445,-27.786,275.936,2875385
125.452,-27.978,275.755,2875406
125.394,-27.905,275.503,2875427
125.055,-27.862,275.241,2875448
124.955,-27.935,275.153,2875469
124.933,-28.404,274.936,2875490
124.951,-28.748,274.838,2875511
124.946,-28.813,274.732,2875532
124.549,-29.102,274.616,2875553
124.540,-29.357,274.685,2875574
124.533,-29.529,274.555,2875595
124.201,-29.714,274.432,2875616
123.800,-29.697,274.450,2875637
123.402,-29.758,274.519,2875658
123.124,-29.924,274.653,2875679
122.692,-30.210,274.727,2875700
122.377,-30.131,274.869,2875721
122.198,-29.953,274.914,2875742
121.999,-30.225,274.872,2875763
121.682,-30.492,274.817,2875784
121.764,-30.362,274.896,2875805
121.509,-30.282,274.762,2875826
121.273,-30.321,274.797,2875847
121.404,-30.324,274.811,2875868
121.329,-30.161,274.630,2875889
121.580,-30.316,274.538,2875910
121.721,-30.322,274.259,2875931
121.983,-30.505,274.006,2875952
122.117,-30.477,273.678,2875973
122.327,-30.202,273.422,2875994
122.240,-30.350,273.094,2876015
122.408,-30.138,272.918,2876036
122.672,-29.902,272.594,2876057
122.893,-29.741,272.204,2876078
122.846,-29.915,271.812,2876099
123.101,-29.863,271.557,2876120
123.345,-30.014,271.145,2876141
123.627,-29.797,270.735,2876162
123.819,-29.970,270.274,2876183
124.024,-29.763,269.867,2876204
123.971,-29.566,269.418,2876225
123.830,-29.367,269.097,2876246
123.931,-29.216,268.832,2876267
123.732,-29.448,268.466,2876288
123.555,-29.407,268.236,2876309
123.524,-29.542,267.975,2876330
123.657,-29.782,267.648,2876351
123.722,-30.016,267.245,2876372
123.728,-29.756,266.960,2876393
123.532,-29.525,266.694,2876414
123.313,-29.620,266.524,2876435
123.131,-29.481,266.341,2876456
122.931,-29.663,266.133,2876477
122.919,-29.467,265.940,2876498
122.865,-29.707,265.642,2876519
122.964,-29.921,265.363,2876540
123.042,-30.058,264.996,2876561
123.123,-30.009,264.667,2876582
123.038,-29.976,264.312,2876603
123.082,-29.807,264.040,2876624
122.757,-29.836,263.714,2876645
122.543,-29.835,263.548,2876666
122.454,-29.684,263.333,2876687
122.132,-29.558,263.059,2876708
121.878,-29.496,262.860,2876729
121.759,-29.705,262.635,2876750
121.890,-29.961,262.334,2876771
121.944,-30.114,261.915,2876792
121.768,-30.343,261.508,2876813
121.912,-30.196,261.216,2876834
121.659,-30.254,260.775,2876855
121.375,-30.230,260.494,2876876
121.142,-30.177,260.213,2876897
120.897,-30.328,259.903,2876918
121.062,-30.187,259.592,2876939
121.132,-30.251,259.056,2876960
121.063,-30.483,258.566,2876981
121.225,-30.640,258.155,2877002
121.100,-30.828,257.608,2877023
121.305,-30.829,257.205,2877044
121.462,-30.652,256.626,2877065
121.523,-30.442,256.057,2877086
121.834,-30.205,255.523,2877107
121.757,-30.192,254.863,2877128
121.744,-30.231,254.380,2877149
122.011,-30.375,253.868,2877170
122.272,-30.460,253.198,2877191
122.539,-30.419,252.520,2877212
122.785,-30.414,251.819,2877233
123.018,-30.526,251.107,2877254
122.835,-30.451,250.416,2877275
122.811,-30.259,249.916,2877296
122.813,-29.975,249.342,2877317
122.666,-29.710,248.729,2877338
122.839,-29.796,248.187,2877359
123.021,-29.917,247.465,2877380
123.051,-29.942,246.719,2877401
122.799,-29.765,246.068,2877422
122.543,-29.812,245.538,2877443
122.524,-29.924,245.021,2877464
122.642,-29.757,244.340,2877485
122.401,-29.948,243.615,2877506
122.195,-30.016,243.052,2877527
122.280,-29.903,242.473,2877548
122.057,-30.130,241.760,2877569
121.760,-30.350,241.199,2877590
121.885,-30.473,240.674,2877611
121.919,-30.534,239.926,2877632
121.782,-30.834,239.207,2877653
121.807,-31.090,238.563,2877674
121.566,-30.954,237.845,2877695
121.580,-30.978,237.273,2877716
121.391,-30.840,236.563,2877737
121.510,-30.849,235.963,2877758
121.650,-31.120,235.199,2877779
121.855,-31.019,234.438,2877800
122.026,-30.975,233.609,2877821
122.021,-31.184,232.810,2877842
121.874,-31.438,232.101,2877863
121.644,-31.271,231.469,2877884
121.458,-31.236,230.858,2877905
121.638,-31.063,230.240,2877926
121.723,-30.959,229.413,2877947
121.871,-30.757,228.640,2877968
121.951,-30.593,227.856,2877989
122.127,-30.743,227.108,2878010
122.292,-30.678,226.289,2878031
122.080,-30.690,225.475,2878052
122.054,-30.469,224.842,2878073
122.025,-30.652,224.127,2878094
121.752,-30.395,223.409,2878115
121.653,-30.385,222.806,2878136
121.458,-30.132,222.111,2878157
121.659,-30.195,221.465,2878178
121.658,-30.223,220.611,2878199
121.729,-29.988,219.864,2878220
121.934,-30.213,219.093,2878241
122.189,-30.096,218.242,2878262
122.064,-30.223,217.364,2878283
122.058,-30.324,216.648,2878304
121.915,-30.539,215.855,2878325
121.823,-30.462,215.151,2878346
121.665,-30.619,214.389,2878367
121.684,-30.448,213.700,2878388
121.940,-30.662,212.911,2878409
122.195,-30.777,212.008,2878430
122.465,-30.737,211.068,2878451
122.706,-30.675,210.137,2878472
122.543,-30.562,209.228,2878493
122.424,-30.509,208.503,2878514
122.245,-30.292,207.754,2878535
122.043,-30.155,207.010,2878556
122.231,-30.051,206.287,2878577
122.324,-29.990,205.364,2878598
122.448,-29.790,204.490,2878619
122.628,-29.639,203.598,2878640
122.793,-29.595,202.645,2878661
122.609,-29.627,201.717,2878682
122.605,-29.768,200.925,2878703
122.367,-29.575,200.040,2878724
122.428,-29.489,199.256,2878745
122.201,-29.679,198.310,2878766
121.975,-29.524,197.477,2878787
122.078,-29.526,196.626,2878808
122.224,-29.678,195.624,2878829
122.338,-29.606,194.574,2878850
122.121,-29.478,193.527,2878871
122.271,-29.540,192.613,2878892
122.336,-29.441,191.516,2878913
122.156,-29.233,190.463,2878934
122.224,-29.342,189.511,2878955
122.338,-29.522,188.445,2878976
122.132,-29.641,187.346,2878997
122.338,-29.443,186.398,2879018
122.579,-29.352,185.236,2879039
122.578,-29.367,184.048,2879060
122.490,-29.040,182.974,2879081
122.348,-28.757,181.925,2879102
122.236,-28.599,180.894,2879123
122.439,-28.323,179.851,2879144
122.684,-28.183,178.631,2879165
122.597,-28.241,177.360,2879186
122.830,-28.367,176.239,2879207
122.777,-28.531,174.950,2879228
123.009,-28.350,173.789,2879249
123.188,-28.560,172.478,2879270
123.059,-28.488,171.196,2879291
123.268,-28.399,170.028,2879312
123.117,-28.385,168.690,2879333
122.991,-28.337,167.508,2879354
122.814,-28.529,166.318,2879375
122.961,-28.543,165.138,2879396
123.151,-28.847,163.803,2879417
123.391,-29.099,162.433,2879438
123.361,-29.260,161.004,2879459
123.604,-29.564,159.729,2879480
123.572,-29.755,158.310,2879501
123.528,-29.590,157.041,2879522
123.697,-29.442,155.766,2879543
123.560,-29.586,154.392,2879564
123.342,-29.795,153.151,2879585
123.201,-29.844,151.954,2879606
122.951,-29.657,150.730,2879627
123.111,-29.669,149.557,2879648
123.087,-29.685,148.177,2879669
123.009,-29.475,146.861,2879690
122.765,-29.238,145.574,2879711
122.799,-29.086,144.376,2879732
122.797,-28.922,143.071,2879753
122.743,-29.162,141.761,2879774
122.481,-29.377,140.484,2879795
122.527,-29.412,139.311,2879816
122.693,-29.259,137.992,2879837
122.750,-29.305,136.598,2879858
122.872,-29.524,135.271,2879879
122.680,-29.388,133.906,2879900
122.689,-29.367,132.677,2879921
122.624,-29.182,131.350,2879942
122.459,-29.440,130.074,2879963
122.434,-29.513,128.815,2879984
122.591,-29.386,127.489,2880005
122.846,-29.703,126.074,2880026
123.072,-29.931,124.582,2880047
122.984,-29.869,123.142,2880068
123.223,-29.777,121.828,2880089
123.092,-29.765,120.328,2880110
122.933,-29.887,118.998,2880131
123.113,-29.838,117.684,2880152
123.201,-29.979,116.198,2880173
123.027,-29.821,114.748,2880194
123.183,-29.942,113.411,2880215
123.374,-29.838,111.890,2880236
123.541,-29.898,110.346,2880257
123.416,-29.808,108.814,2880278
123.530,-29.593,107.400,2880299
123.327,-29.423,105.849,2880320
123.117,-29.212,104.434,2880341
123.322,-29.275,103.010,2880362
123.449,-28.503,102.126,2880383
123.784,-28.149,101.264,2880404
123.901,-27.777,100.269,2880425
124.103,-27.538,99.357,2880446
124.328,-27.332,98.393,2880467
124.500,-26.954,97.372,2880488
124.644,-26.620,96.381,2880509
124.566,-26.387,95.365,2880530
124.679,-26.151,94.484,2880551
124.778,-26.096,93.495,2880572
124.565,-26.062,92.503,2880593
124.294,-26.091,91.632,2880614
124.126,-26.358,90.775,2880635
124.236,-26.850,89.866,2880656
124.334,-27.339,88.824,2880677
124.329,-27.757,87.793,2880698
124.035,-28.375,86.810,2880719
123.751,-28.845,85.933,2880740
123.673,-29.335,85.061,2880761
123.502,-30.004,84.079,2880782
123.229,-30.635,83.151,2880803
123.385,-31.068,82.269,2880824
123.506,-31.509,81.144,2880845
123.552,-32.047,80.047,2880866
123.522,-32.609,78.977,2880887
123.366,-32.720,77.946,2880908
123.109,-32.753,77.001,2880929
122.885,-32.749,76.081,2880950
122.688,-32.636,75.136,2880971
122.389,-32.868,74.180,2880992
122.297,-32.635,73.258,2881013
122.320,-32.764,72.252,2881034
121.976,-32.786,71.170,2881055
121.858,-32.662,70.282,2881076
121.528,-32.193,69.280,2881097
121.221,-31.751,68.332,2881118
121.046,-31.264,67.375,2881139
120.707,-30.729,66.332,2881160
120.451,-30.439,65.361,2881181
120.487,-30.262,64.365,2881202
120.552,-30.126,63.185,2881223
120.675,-29.752,61.993,2881244
120.733,-29.552,60.768,2881265
120.734,-29.167,59.566,2881286
120.656,-28.749,58.388,2881307
120.663,-28.340,57.238,2881328
120.495,-27.979,56.065,2881349
120.629,-27.923,54.944,2881370
120.907,-27.692,53.675,2881391
121.219,-27.617,52.327,2881412
121.449,-27.722,50.966,2881433
121.747,-27.993,49.649,2881454
121.727,-28.247,48.269,2881475
122.101,-28.209,47.065,2881496
122.161,-28.354,45.665,2881517
122.479,-28.662,44.429,2881538
122.867,-28.699,43.067,2881559
122.845,-28.951,41.668,2881580
122.929,-29.210,40.434,2881601
122.903,-29.600,39.151,2881622
123.087,-29.633,37.944,2881643
123.328,-29.622,36.602,2881664
123.419,-30.001,35.224,2881685
123.275,-30.341,33.896,2881706
123.483,-30.409,32.688,2881727
123.321,-30.513,31.317,2881748
123.051,-30.774,30.150,2881769
122.729,-30.906,29.013,2881790
122.661,-31.002,27.903,2881811
122.629,-31.279,26.677,2881832
122.551,-31.180,25.426,2881853
122.383,-30.976,24.208,2881874
122.074,-30.732,22.994,2881895
121.912,-30.873,21.838,2881916
121.561,-30.616,20.627,2881937
121.123,-30.336,19.507,2881958
120.632,-30.128,18.421,2881979
120.572,-30.066,17.351,2882000
120.260,-30.077,16.088,2882021
120.219,-29.792,14.934,2882042
120.016,-29.834,13.646,2882063
119.920,-29.572,12.435,2882084
119.620,-29.322,11.160,2882105
119.340,-29.434,9.968,2882126
119.202,-29.481,8.774,2882147
119.024,-29.701,7.528,2882168
118.867,-29.739,6.299,2882189
119.167,-29.834,5.068,2882210
119.525,-29.955,3.601,2882231
119.532,-30.051,2.117,2882252
119.940,-29.989,0.792,2882273
120.274,-30.095,359.237,2882294
120.393,-29.993,357.713,2882315
120.815,-29.883,356.291,2882336
121.001,-29.949,354.726,2882357
121.410,-30.245,353.272,2882378
121.547,-30.148,351.696,2882399
122.046,-30.321,350.265,2882420
122.468,-30.413,348.624,2882441
122.779,-30.355,347.033,2882462
123.219,-30.148,345.503,2882483
123.489,-30.084,343.885,2882504
123.672,-29.886,342.350,2882525
123.657,-29.655,340.858,2882546
123.585,-29.483,339.453,2882567
123.554,-29.275,338.085,2882588
123.737,-29.461,336.679,2882609
123.955,-29.637,335.180,2882630
124.172,-29.588,333.663,2882651
123.971,-29.550,332.160,2882672
123.950,-29.525,330.841,2882693
124.042,-29.312,329.445,2882714
123.797,-29.460,328.011,2882735
123.499,-29.345,326.729,2882756
123.542,-29.280,325.460,2882777
123.622,-29.526,324.011,2882798
123.339,-29.492,322.517,2882819
123.446,-29.691,321.230,2882840
123.240,-29.872,319.706,2882861
123.248,-29.780,318.341,2882882
122.998,-29.749,316.851,2882903
123.068,-29.992,315.480,2882924
123.084,-30.029,313.950,2882945
122.786,-30.359,312.429,2882966
122.922,-30.539,311.078,2882987
122.987,-30.732,309.508,2883008
123.130,-30.709,307.951,2883029
123.159,-30.867,306.359,2883050
123.163,-30.775,304.832,2883071
123.035,-31.059,303.315,2883092
122.978,-30.889,301.825,2883113
123.087,-30.667,300.320,2883134
123.076,-30.531,298.706,2883155
122.959,-30.319,297.130,2883176
122.694,-30.481,295.596,2883197
122.855,-30.548,294.134,2883218
123.225,-30.183,293.153,2883239
123.624,-29.606,292.036,2883260
123.772,-29.146,290.883,2883281
123.918,-28.563,289.849,2883302
124.167,-27.971,288.791,2883323
124.144,-27.476,287.686,2883344
124.407,-27.005,286.712,2883365
124.240,-26.876,285.609,2883386
124.395,-26.635,284.663,2883407
124.463,-26.722,283.594,2883428
124.603,-26.905,282.539,2883449
124.334,-27.029,281.444,2883470
124.421,-27.189,280.529,2883491
124.472,-27.466,279.481,2883512
124.107,-27.696,278.395,2883533
124.019,-27.857,277.515,2883554
123.903,-28.025,276.495,2883575
123.865,-28.583,275.483,2883596
123.595,-29.017,274.389,2883617
123.312,-29.231,273.424,2883638
122.931,-29.865,272.435,2883659
122.907,-30.382,271.490,2883680
122.862,-30.772,270.352,2883701
122.499,-31.311,269.201,2883722
122.183,-31.608,268.200,2883743
121.836,-31.771,267.178,2883764
121.952,-32.005,266.142,2883785
122.057,-32.326,264.829,2883806
121.764,-32.589,263.531,2883827
121.667,-32.761,262.462,2883848
121.476,-33.119,261.251,2883869
121.340,-33.289,260.088,2883890
121.197,-33.133,258.883,2883911
121.031,-32.953,257.704,2883932
121.272,-32.764,256.524,2883953
121.472,-32.698,255.113,2883974
121.694,-32.403,253.721,2883995
121.729,-32.312,252.294,2884016
121.977,-32.245,250.933,2884037
122.075,-32.040,249.474,2884058
122.355,-31.523,248.084,2884079
122.261,-31.248,246.587,2884100
122.523,-30.842,245.255,2884121
122.696,-30.447,243.755,2884142
123.244,-30.017,242.306,2884163
123.573,-30.466,241.856,2884184
123.903,-30.611,241.691,2884205
124.332,-30.701,241.431,2884226
124.816,-30.686,241.067,2884247
125.256,-30.676,240.612,2884268
125.346,-30.610,240.154,2884289
125.496,-30.663,239.837,2884310
125.872,-30.876,239.452,2884331
125.993,-30.917,238.946,2884352
125.938,-31.108,238.526,2884373
126.075,-30.803,238.183,2884394
126.182,-30.853,237.694,2884415
126.147,-30.833,237.251,2884436
125.889,-30.898,236.844,2884457
125.878,-30.544,236.541,2884478
125.768,-30.416,236.096,2884499
125.479,-30.209,235.709,2884520
124.962,-29.857,235.395,2884541
124.456,-29.765,235.195,2884562
123.880,-29.504,234.982,2884583
123.332,-29.456,234.788,2884604
122.717,-29.516,234.593,2884625
122.181,-29.496,234.409,2884646
121.850,-29.620,234.196,2884667
121.634,-29.805,233.901,2884688
121.058,-29.863,233.526,2884709
120.565,-29.742,233.327,2884730
120.346,-29.586,233.091,2884751
119.826,-29.871,232.718,2884772
119.393,-29.936,232.474,2884793
118.980,-30.045,232.208,2884814
118.951,-30.152,231.963,2884835
118.832,-30.531,231.507,2884856
118.931,-30.462,231.057,2884877
119.124,-30.844,230.502,2884898
119.341,-31.052,229.894,2884919
119.565,-31.361,229.276,2884940
119.456,-31.473,228.627,2884961
119.364,-31.687,228.146,2884982
119.309,-31.926,227.651,2885003
119.509,-31.915,227.177,2885024
119.729,-31.804,226.542,2885045
120.077,-32.059,225.868,2885066
120.403,-32.119,225.138,2885087
120.572,-32.065,224.404,2885108
120.846,-31.729,223.747,2885129
120.816,-31.789,223.031,2885150
121.074,-31.641,222.511,2885171
121.053,-31.242,221.813,2885192
121.050,-31.055,221.266,2885213
121.284,-30.835,220.707,2885234
121.534,-30.832,220.024,2885255
121.938,-30.375,219.351,2885276
121.967,-30.093,218.578,2885297
122.384,-29.695,218.005,2885318
122.391,-29.494,217.256,2885339
122.979,-29.124,216.677,2885360
123.138,-29.817,206.838,2885717
123.332,-30.089,206.151,2885738
123.443,-30.188,205.437,2885759
123.593,-30.120,204.775,2885780
123.380,-30.096,204.099,2885801
123.195,-30.158,203.577,2885822
123.082,-30.344,203.043,2885843
123.223,-30.580,202.455,2885864
122.993,-30.761,201.735,2885885
123.177,-30.682,201.200,2885906
123.314,-30.793,200.451,2885927
123.044,-31.014,199.679,2885948
122.834,-30.967,199.143,2885969
122.523,-30.717,198.578,2885990
122.568,-30.570,198.028,2886011
122.269,-30.385,197.302,2886032
121.983,-30.363,196.747,2886053
122.049,-30.389,196.189,2886074
122.078,-30.412,195.440,2886095
122.061,-30.162,194.710,2886116
121.961,-29.897,193.995,2886137
121.811,-29.586,193.309,2886158
121.994,-29.301,192.633,2886179
121.823,-29.237,191.791,2886200
122.048,-29.097,191.129,2886221
121.968,-29.087,190.282,2886242
122.070,-29.268,189.564,2886263
122.371,-29.123,188.756,2886284
122.302,-29.337,187.854,2886305
122.600,-29.455,187.115,2886326
122.922,-29.447,186.213,2886347
123.171,-29.684,185.255,2886368
123.107,-29.585,184.344,2886389
123.349,-29.549,183.591,2886410
123.382,-29.794,182.712,2886431
123.674,-30.021,181.923,2886452
123.575,-30.183,181.007,2886473
123.489,-30.179,180.292,2886494
123.775,-30.224,179.583,2886515
123.909,-30.169,178.698,2886536
124.118,-29.930,177.882,2886557
124.271,-29.825,177.038,2886578
124.305,-29.631,176.193,2886599
124.061,-29.351,175.430,2886620
124.165,-29.186,174.807,2886641
123.920,-29.249,174.025,2886662
123.839,-29.303,173.420,2886683
123.916,-29.455,172.731,2886704
123.583,-29.419,171.993,2886725
123.245,-29.194,171.470,2886746
122.884,-29.043,170.941,2886767
122.603,-28.896,170.425,2886788
122.602,-28.681,169.885,2886809
122.354,-28.618,169.245,2886830
122.105,-28.821,168.715,2886851
121.913,-29.037,168.186,2886872
121.799,-29.286,167.638,2886893
121.763,-29.146,167.077,2886914
121.681,-29.475,166.470,2886935
121.661,-29.402,165.890,2886956
121.594,-29.405,165.291,2886977
121.338,-29.398,164.723,2886998
121.455,-29.654,164.250,2887019
121.327,-29.735,163.575,2887040
121.350,-30.073,163.015,2887061
121.566,-30.479,162.377,2887082
121.786,-30.635,161.646,2887103
121.602,-30.805,160.870,2887124
121.833,-30.869,160.316,2887145
122.073,-30.878,159.515,2887166
121.929,-31.004,158.692,2887187
121.749,-30.861,158.052,2887208
121.749,-30.747,157.401,2887229
121.923,-30.921,156.666,2887250
121.730,-30.958,155.830,2887271
121.516,-30.811,155.169,2887292
121.452,-30.688,154.464,2887313
121.542,-30.338,153.660,2887334
121.632,-30.128,152.744,2887355
121.321,-30.027,151.798,2887376
121.232,-29.949,151.047,2887397
120.948,-29.565,150.169,2887418
120.741,-29.191,149.321,2887439
120.362,-28.803,148.347,2887460
118.879,-28.612,147.426,2887481
117.849,-29.109,147.303,2887502
116.860,-29.375,147.942,2887523
115.934,-29.601,148.451,2887544
115.257,-29.788,148.859,2887565
114.795,-30.013,149.101,2887586
114.312,-29.978,149.223,2887607
113.995,-29.836,149.299,2887628
113.766,-29.660,149.515,2887649
113.215,-29.523,149.765,2887670
112.827,-29.420,150.112,2887691
112.421,-29.434,150.285,2887712
112.309,-29.272,150.399,2887733
112.397,-29.397,150.315,2887754
112.641,-29.135,150.103,2887775
112.712,-29.031,149.774,2887796
113.102,-28.812,149.499,2887817
113.246,-28.722,149.061,2887838
113.449,-28.864,148.711,2887859
113.907,-28.976,148.302,2887880
114.603,-29.289,147.745,2887901
115.270,-29.241,147.210,2887922
115.935,-29.099,146.720,2887943
116.667,-29.254,146.174,2887964
117.396,-29.188,145.491,2887985
117.979,-29.139,144.769,2888006
118.397,-28.956,144.046,2888027
119.161,-28.940,143.532,2888048
119.911,-29.068,142.831,2888069
120.637,-29.136,142.085,2888090
121.014,-29.278,141.294,2888111
121.654,-29.360,140.648,2888132
122.290,-29.465,139.840,2888153
122.847,-29.416,139.020,2888174
123.374,-29.145,138.245,2888195
123.508,-28.889,137.503,2888216
123.571,-28.588,136.988,2888237
123.604,-28.380,136.521,2888258
123.674,-28.282,136.041,2888279
123.634,-27.958,135.547,2888300
123.842,-27.903,135.078,2888321
124.133,-27.660,134.500,2888342
124.392,-27.687,133.880,2888363
124.605,-27.735,133.281,2888384
124.723,-27.743,132.683,2888405
124.602,-27.665,132.130,2888426
124.349,-27.513,131.695,2888447
124.290,-27.591,131.324,2888468
124.329,-27.899,130.850,2888489
123.987,-28.151,130.329,2888510
123.620,-28.343,129.967,2888531
123.441,-28.625,129.612,2888552
123.043,-29.041,129.147,2888573
122.757,-29.393,128.800,2888594
122.560,-29.831,128.395,2888615
122.115,-29.930,127.920,2888636
121.678,-30.000,127.560,2888657
121.174,-30.064,127.199,2888678
120.798,-30.409,126.850,2888699
120.565,-30.467,126.430,2888720
120.404,-30.922,125.940,2888741
120.305,-31.286,125.398,2888762
120.247,-31.413,124.830,2888783
119.773,-31.588,124.197,2888804
119.386,-31.655,123.765,2888825
118.917,-31.569,123.282,2888846
118.544,-31.655,122.821,2888867
118.504,-31.856,122.312,2888888
118.470,-31.879,121.637,2888909
118.157,-32.033,120.923,2888930
117.870,-31.869,120.372,2888951
117.515,-32.045,119.773,2888972
117.606,-32.034,119.212,2888993
117.718,-31.997,118.411,2889014
117.517,-31.893,117.574,2889035
117.556,-31.637,116.898,2889056
117.380,-31.771,116.093,2889077
117.563,-31.490,115.421,2889098
117.496,-31.335,114.541,2889119
117.575,-30.964,113.819,2889140
117.772,-31.009,113.033,2889161
117.650,-30.924,112.179,2889182
117.884,-30.906,111.494,2889203
117.957,-30.887,110.661,2889224
117.824,-30.571,109.912,2889245
117.859,-30.490,109.281,2889266
117.789,-30.227,108.545,2889287
117.772,-30.237,107.863,2889308
117.788,-30.132,107.150,2889329
118.205,-30.028,106.426,2889350
118.257,-30.043,105.535,2889371
118.484,-29.950,104.795,2889392
118.870,-29.786,103.997,2889413
119.314,-30.044,103.135,2889434
119.772,-30.272,102.237,2889455
120.089,-30.267,101.338,2889476
120.545,-30.131,100.522,2889497
120.960,-30.172,99.661,2889518
121.302,-30.324,98.806,2889539
121.607,-30.506,97.967,2889560
121.546,-30.693,97.167,2889581
121.827,-30.566,96.556,2889602
121.847,-30.483,95.782,2889623
121.682,-30.669,95.149,2889644
121.545,-30.739,94.621,2889665
121.339,-30.539,94.085,2889686
121.160,-30.480,93.586,2889707
120.997,-30.560,93.087,2889728
121.124,-30.706,92.556,2889749
121.216,-30.743,91.904,2889770
121.177,-30.718,91.252,2889791
121.132,-30.515,90.668,2889812
121.037,-30.328,90.089,2889833
120.626,-30.107,89.533,2889854
120.199,-30.086,89.147,2889875
119.796,-29.992,88.771,2889896
119.535,-30.004,88.379,2889917
119.172,-30.271,87.942,2889938
119.031,-30.170,87.571,2889959
119.050,-30.447,87.081,2889980
118.968,-30.627,86.507,2890001
118.841,-30.492,85.958,2890022
118.860,-30.764,85.431,2890043
118.776,-30.608,84.845,2890064
118.603,-30.408,84.325,2890085
118.710,-30.255,83.857,2890106
118.866,-30.450,83.250,2890127
118.772,-30.631,82.636,2890148
118.904,-30.496,82.139,2890169
119.234,-30.275,81.531,2890190
119.549,-30.407,80.830,2890211
119.761,-30.620,80.129,2890232
120.059,-30.870,79.481,2890253
120.058,-30.734,78.779,2890274
120.085,-30.801,78.235,2890295
120.087,-30.686,77.684,2890316
120.121,-30.647,77.149,2890337
120.506,-30.485,76.596,2890358
120.842,-30.549,75.880,2890379
120.843,-30.653,75.185,2890400
121.128,-30.474,74.656,2890421
121.298,-30.635,73.984,2890442
121.531,-30.417,73.408,2890463
121.358,-30.331,72.786,2890484
121.256,-30.303,72.355,2890505
121.426,-30.086,71.904,2890526
121.485,-30.158,71.320,2890547
121.189,-30.312,70.787,2890568
121.286,-30.291,70.472,2890589
121.354,-30.362,69.953,2890610
121.419,-30.332,69.472,2890631
121.200,-30.413,69.016,2890652
120.850,-30.630,68.716,2890673
120.487,-30.479,68.477,2890694
120.096,-30.464,68.267,2890715
119.753,-30.440,68.073,2890736
119.413,-30.433,67.844,2890757
119.385,-30.485,67.625,2890778
119.460,-30.707,67.245,2890799
119.506,-30.841,66.825,2890820
119.643,-30.679,66.439,2890841
119.775,-30.641,66.011,2890862
119.867,-30.570,65.580,2890883
119.952,-30.436,65.173,2890904
120.226,-30.499,65.316,2890925
120.413,-30.919,65.360,2890946
120.717,-30.917,65.436,2890967
120.721,-31.258,65.428,2890988
120.859,-31.221,65.565,2891009
121.101,-31.628,65.629,2891030
120.985,-31.918,65.627,2891051
120.867,-31.991,65.798,2891072
120.700,-31.889,65.950,2891093
120.567,-31.770,66.104,2891114
120.755,-31.655,66.240,2891135
120.571,-31.402,66.159,2891156
120.774,-31.219,66.281,2891177
120.780,-31.032,66.177,2891198
120.754,-30.613,66.164,2891219
120.883,-30.630,66.139,2891240
120.874,-30.532,66.041,2891261
120.876,-30.534,65.994,2891282
120.992,-30.134,65.965,2891303
120.832,-29.906,65.852,2891324
120.564,-29.496,65.852,2891345
120.499,-29.249,65.883,2891366
120.658,-29.315,65.799,2891387
120.405,-29.217,65.589,2891408
120.195,-29.032,65.540,2891429
120.382,-28.840,65.438,2891450
120.388,-28.859,65.153,2891471
120.346,-29.099,64.934,2891492
120.574,-29.026,64.923,2891513
120.806,-29.190,64.748,2891534
120.636,-29.419,64.573,2891555
120.482,-29.653,64.576,2891576
120.644,-29.767,64.558,2891597
120.794,-30.225,64.380,2891618
120.683,-30.701,64.199,2891639
120.655,-30.878,64.152,2891660
120.927,-31.253,64.036,2891681
121.141,-31.374,63.742,2891702
121.171,-31.343,63.476,2891723
121.117,-31.669,63.282,2891744
121.310,-31.562,63.096,2891765
121.141,-31.546,62.770,2891786
121.110,-31.675,62.599,2891807
121.263,-31.462,62.365,2891828
121.389,-31.642,61.998,2891849
121.543,-31.475,61.646,2891870
121.653,-31.507,61.295,2891891
121.550,-31.300,60.953,2891912
121.633,-31.133,60.909,2891933
121.729,-31.296,60.736,2891954
121.592,-30.938,60.543,2891975
121.454,-30.738,60.443,2891996
121.305,-30.480,60.329,2892017
121.514,-30.382,60.185,2892038
121.757,-30.160,59.838,2892059
121.998,-30.047,59.448,2892080
121.841,-29.949,59.045,2892101
121.832,-29.930,58.852,2892122
121.915,-29.612,58.559,2892143
121.681,-29.773,58.244,2892164
121.438,-29.781,58.069,2892185
121.546,-29.674,57.923,2892206
121.318,-29.813,57.585,2892227
121.099,-29.679,57.456,2892248
121.211,-29.889,57.300,2892269
121.325,-30.080,56.976,2892290
121.444,-30.166,56.674,2892311
121.334,-30.224,56.384,2892332
121.069,-30.129,56.169,2892353
120.814,-30.238,56.041,2892374
120.545,-30.237,55.881,2892395
120.429,-30.396,55.712,2892416
120.549,-30.695,55.433,2892437
120.287,-30.918,55.029,2892458
120.327,-31.057,54.832,2892479
120.454,-31.006,54.476,2892500
120.593,-31.073,54.071,2892521
120.392,-31.152,53.664,2892542
120.494,-31.096,53.418,2892563
120.302,-31.347,52.998,2892584
120.186,-31.250,52.734,2892605
119.958,-31.518,52.407,2892626
120.125,-31.587,52.153,2892647
120.132,-31.479,51.691,2892668
120.263,-31.624,51.321,2892689
120.465,-31.396,50.862,2892710
120.342,-31.171,50.347,2892731
120.621,-31.098,50.039,2892752
120.763,-31.000,49.512,2892773
120.680,-31.116,49.065,2892794
120.567,-30.896,48.737,2892815
120.841,-30.680,48.407,2892836
121.099,-30.660,47.895,2892857
121.279,-30.412,47.383,2892878
121.265,-30.479,46.906,2892899
121.562,-30.118,46.534,2892920
121.859,-30.077,45.980,2892941
121.840,-29.732,45.434,2892962
121.834,-29.535,45.006,2892983
121.812,-29.247,44.571,2893004
122.170,-29.062,44.141,2893025
122.156,-28.947,43.523,2893046
122.097,-28.936,43.060,2893067
122.389,-28.767,42.600,2893088
122.689,-28.702,41.968,2893109
122.958,-28.660,41.316,2893130
123.160,-28.581,40.665,2893151
123.019,-28.741,40.056,2893172
122.861,-28.852,39.578,2893193
122.663,-28.967,39.126,2893214
122.444,-28.985,38.688,2893235
122.524,-29.088,38.259,2893256
122.702,-28.997,37.660,2893277
122.481,-29.205,37.004,2893298
122.594,-29.393,36.512,2893319
122.571,-29.444,35.868,2893340
122.416,-29.399,35.242,2893361
122.505,-29.769,34.688,2893382
122.284,-29.922,34.008,2893403
121.958,-30.281,33.468,2893424
121.617,-30.403,32.994,2893445
121.669,-30.607,32.513,2893466
121.700,-30.842,31.859,2893487
121.562,-30.920,31.182,2893508
121.592,-30.821,30.616,2893529
121.282,-31.054,29.937,2893550
121.338,-30.983,29.409,2893571
120.995,-31.187,28.708,2893592
120.668,-31.156,28.218,2893613
120.410,-31.080,27.692,2893634
120.180,-31.199,27.108,2893655
120.278,-31.355,26.505,2893676
120.438,-31.207,25.746,2893697
120.407,-31.207,24.941,2893718
120.588,-30.915,24.220,2893739
120.631,-30.894,23.429,2893760
120.463,-30.616,22.697,2893781
120.316,-30.430,22.056,2893802
120.258,-30.433,21.394,2893823
120.469,-30.159,20.686,2893844
120.757,-30.264,19.819,2893865
121.043,-30.182,18.887,2893886
121.007,-30.235,17.968,2893907
121.118,-30.275,17.198,2893928
121.383,-30.424,16.333,2893949
121.419,-30.201,15.394,2893970
121.689,-29.948,14.562,2893991
122.020,-29.721,13.634,2894012
122.032,-29.593,12.650,2894033
122.301,-29.705,11.838,2894054
122.382,-29.579,10.899,2894075
122.686,-29.819,10.035,2894096
122.611,-29.881,9.035,2894117
122.885,-29.856,8.234,2894138
122.780,-29.854,7.224,2894159
123.050,-29.861,6.417,2894180
123.330,-29.889,5.398,2894201
123.190,-29.932,4.378,2894222
123.037,-30.003,3.563,2894243
123.256,-29.984,2.746,2894264
123.409,-30.097,1.755,2894285
123.551,-30.316,0.777,2894306
123.302,-30.301,359.787,2894327
123.244,-30.406,358.981,2894348
123.171,-30.256,358.075,2894369
122.880,-30.535,357.172,2894390
122.908,-30.372,356.364,2894411
122.531,-30.388,355.387,2894432
122.556,-30.482,354.562,2894453
122.265,-30.460,353.567,2894474
122.241,-30.644,352.703,2894495
121.922,-30.867,351.716,2894516
121.881,-30.707,350.869,2894537
121.748,-30.556,349.875,2894558
121.530,-30.775,348.886,2894579
121.265,-30.537,347.936,2894600
121.030,-30.332,347.018,2894621
121.155,-30.129,346.065,2894642
121.067,-30.036,344.941,2894663
121.303,-30.245,343.896,2894684
121.180,-30.334,342.694,2894705
121.124,-30.432,341.656,2894726
121.393,-30.606,340.569,2894747
121.678,-30.529,339.312,2894768
121.951,-30.476,338.043,2894789
121.966,-30.373,336.791,2894810
122.133,-30.172,335.650,2894831
122.420,-30.010,334.444,2894852
122.497,-30.055,333.170,2894873
122.736,-30.299,332.006,2894894
123.007,-30.429,330.745,2894915
122.874,-30.399,329.474,2894936
123.041,-30.332,328.374,2894957
123.205,-30.114,327.143,2894978
123.251,-29.953,325.909,2894999
123.023,-29.708,324.719,2895020
122.909,-29.663,323.676,2895041
122.694,-29.828,322.574,2895062
122.499,-29.891,321.512,2895083
122.660,-30.043,320.455,2895104
122.749,-30.136,319.235,2895125
122.749,-30.332,318.024,2895146
122.504,-30.141,316.880,2895167
122.245,-30.285,315.858,2895188
122.246,-30.165,314.847,2895209
122.267,-30.113,313.697,2895230
122.017,-30.062,312.579,2895251
121.877,-30.340,311.557,2895272
121.908,-30.236,310.483,2895293
121.600,-30.333,309.354,2895314
121.308,-30.560,308.378,2895335
121.370,-30.772,307.368,2895356
121.257,-31.066,306.203,2895377
121.067,-30.939,305.110,2895398
121.227,-30.839,304.033,2895419
121.383,-30.883,302.780,2895440
121.531,-30.880,301.529,2895461
121.598,-30.944,300.314,2895482
121.663,-31.181,299.121,2895503
121.704,-31.410,297.909,2895524
121.830,-31.254,296.706,2895545
121.686,-31.367,295.451,2895566
121.731,-31.121,294.362,2895587
121.628,-31.289,293.179,2895608
121.388,-31.019,292.047,2895629
121.268,-30.935,291.011,2895650
121.127,-30.687,289.890,2895671
120.957,-30.441,288.778,2895692
121.123,-30.513,287.648,2895713
121.045,-30.502,286.355,2895734
121.142,-30.690,285.200,2895755
120.993,-30.513,283.933,2895776
121.012,-30.338,282.785,2895797
121.219,-30.575,281.565,2895818
121.096,-30.545,280.250,2895840
120.949,-30.366,279.076,2895861
121.031,-30.463,277.930,2895882
121.290,-30.684,276.661,2895903
121.571,-30.779,275.307,2895924
121.775,-30.820,273.948,2895945
121.997,-30.669,272.627,2895966
121.812,-30.526,271.318,2895987
121.926,-30.482,270.222,2896008
121.811,-30.345,268.987,2896029
121.866,-30.182,267.893,2896050
121.828,-30.448,266.727,2896071
121.966,-30.735,265.613,2896092
121.949,-30.746,264.399,2896113
122.089,-30.573,263.265,2896134
122.166,-30.721,262.068,2896155
121.926,-30.898,260.887,2896176
121.996,-30.785,259.905,2896197
121.766,-30.534,258.750,2896218
121.561,-30.453,257.763,2896239
121.743,-30.279,256.777,2896260
121.539,-30.169,255.582,2896281
121.680,-30.039,254.576,2896302
121.883,-30.161,253.405,2896323
122.099,-29.997,252.213,2896344
122.286,-29.912,250.981,2896365
122.188,-29.995,249.760,2896386
122.396,-29.712,248.672,2896407
122.400,-29.540,247.397,2896428
123.764,-29.206,246.215,2896449
123.969,-27.407,225.237,2896764
124.024,-27.303,223.641,2896785
123.895,-27.164,222.119,2896806
124.123,-27.141,220.691,2896827
123.958,-27.325,219.081,2896848
124.139,-27.556,217.612,2896869
124.348,-27.697,216.050,2896890
124.540,-27.992,214.471,2896911
124.706,-28.234,212.916,2896932
124.478,-28.445,211.361,2896953
124.629,-28.621,210.012,2896974
124.477,-29.080,208.480,2896995
124.202,-29.155,207.110,2897016
124.046,-29.381,205.824,2897037
123.779,-29.842,204.484,2897058
123.730,-30.139,203.186,2897079
123.452,-30.567,201.805,2897100
123.451,-30.835,200.554,2897121
123.452,-31.139,199.163,2897142
122.227,-31.181,197.805,2897163
121.068,-31.286,197.410,2897184
119.955,-31.514,197.007,2897205
119.321,-31.580,196.555,2897226
118.377,-31.655,195.864,2897247
117.469,-31.796,195.354,2897268
116.761,-31.772,194.792,2897289
116.098,-31.542,194.126,2897310
115.767,-31.635,193.439,2897331
115.418,-31.456,192.595,2897352
115.324,-31.179,191.757,2897373
115.058,-31.026,190.777,2897394
114.916,-30.715,189.865,2897415
114.746,-30.826,188.878,2897436
114.646,-30.781,187.914,2897457
114.770,-30.748,186.860,2897478
114.778,-30.450,185.664,2897499
114.359,-30.349,184.504,2897520
114.384,-30.533,183.546,2897541
114.267,-30.667,182.325,2897562
114.313,-30.965,181.177,2897583
114.168,-30.892,179.928,2897604
114.417,-30.994,178.736,2897625
114.759,-31.272,177.345,2897646
114.513,-31.287,175.883,2897667
114.397,-31.667,174.821,2897688
114.024,-31.931,174.668,2897709
113.699,-32.229,174.773,2897730
113.555,-32.399,174.748,2897751
113.440,-32.243,174.550,2897772
113.527,-32.488,174.255,2897793
113.698,-32.346,173.815,2897814
114.023,-32.260,173.322,2897835
114.339,-32.218,173.053,2897856
114.699,-32.063,172.728,2897877
115.155,-32.059,172.327,2897898
115.627,-31.945,171.818,2897919
115.824,-31.726,171.258,2897940
116.385,-31.691,170.803,2897961
116.731,-31.657,170.159,2897982
117.006,-31.283,169.614,2898003
117.409,-31.047,169.088,2898024
117.977,-30.652,168.495,2898045
118.623,-30.331,167.790,2898066
119.344,-30.050,167.006,2898087
119.825,-29.880,166.265,2898108
120.186,-29.906,165.709,2898129
120.850,-29.824,165.185,2898150
121.550,-29.514,164.490,2898171
122.127,-29.381,163.776,2898192
122.643,-29.024,163.060,2898213
122.911,-28.660,162.360,2898234
123.248,-28.321,161.776,2898255
123.718,-28.385,161.153,2898276
124.020,-28.475,160.407,2898297
124.082,-28.174,159.744,2898318
124.435,-28.201,159.176,2898339
124.698,-28.225,158.474,2898360
124.892,-28.165,157.781,2898381
124.864,-28.259,157.098,2898402
124.942,-28.099,156.513,2898423
124.571,-27.988,156.055,2898444
124.537,-28.062,155.794,2898465
124.157,-28.090,155.344,2898486
123.723,-28.305,155.068,2898507
123.165,-28.576,154.787,2898528
122.593,-28.851,154.541,2898549
122.020,-28.831,154.309,2898570
121.714,-28.818,154.071,2898591
121.008,-28.981,153.786,2898612
120.427,-29.174,153.691,2898633
119.800,-29.183,153.535,2898654
119.368,-29.550,153.346,2898675
118.752,-30.037,153.072,2898696
118.441,-30.167,152.848,2898717
117.917,-30.610,152.481,2898738
117.440,-30.652,152.202,2898759
117.330,-30.903,151.900,2898780
117.059,-31.213,151.385,2898801
116.648,-31.592,150.950,2898822
116.225,-31.707,150.588,2898843
116.225,-31.843,150.196,2898864
116.129,-32.010,149.583,2898885
116.176,-31.921,148.983,2898906
116.240,-31.983,148.272,2898927
116.269,-32.236,147.513,2898948
116.454,-32.094,146.746,2898969
116.597,-32.194,145.884,2898990
116.837,-32.041,145.036,2899011
116.764,-32.078,144.127,2899032
116.635,-31.839,143.379,2899053
116.571,-31.692,142.634,2899074
116.873,-31.719,141.855,2899095
117.000,-31.536,140.884,2899116
117.153,-31.641,139.951,2899137
117.208,-31.753,139.004,2899158
117.196,-31.446,138.093,2899179
117.551,-31.187,137.215,2899200
117.795,-31.038,136.140,2899221
118.181,-30.678,135.126,2899242
118.550,-30.500,134.030,2899263
118.546,-30.561,132.941,2899284
118.908,-30.444,132.034,2899305
118.943,-30.214,130.962,2899326
119.272,-30.161,130.044,2899347
119.469,-30.301,128.988,2899368
119.627,-30.517,127.987,2899389
119.659,-30.303,127.009,2899410
119.960,-30.194,126.066,2899431
119.949,-30.076,124.993,2899452
119.927,-30.187,124.074,2899473
120.281,-30.274,123.163,2899494
120.621,-30.359,122.048,2899515
120.963,-30.544,120.917,2899536
121.299,-30.505,119.807,2899557
121.366,-30.582,118.689,2899578
121.654,-30.374,117.676,2899599
121.672,-30.331,116.551,2899620
121.674,-30.131,115.558,2899641
121.491,-30.382,114.567,2899662
121.232,-30.269,113.672,2899683
121.084,-30.348,112.817,2899704
120.899,-30.574,111.896,2899725
120.952,-30.812,110.974,2899746
121.050,-30.761,109.913,2899767
120.832,-30.906,108.846,2899788
120.895,-30.704,107.896,2899809
120.567,-30.718,106.826,2899830
120.370,-30.678,105.946,2899851
120.078,-30.490,105.019,2899872
119.755,-30.606,104.131,2899893
119.755,-30.560,103.297,2899914
119.451,-30.796,102.285,2899935
119.489,-30.667,101.436,2899956
119.109,-30.745,100.397,2899977
119.129,-30.771,99.582,2899998
119.151,-30.812,98.561,2900019
118.779,-30.755,97.584,2900040
118.587,-30.702,96.794,2900061
118.625,-30.918,95.950,2900082
118.731,-31.140,94.984,2900103
118.732,-31.285,93.971,2900124
118.576,-31.142,93.000,2900145
118.753,-30.948,92.159,2900166
118.913,-30.892,91.137,2900187
118.825,-31.100,90.120,2900208
118.882,-30.942,89.224,2900229
118.783,-30.740,88.258,2900250
119.026,-30.626,87.382,2900271
118.985,-30.842,86.347,2900292
119.321,-30.899,85.446,2900313
119.649,-30.858,84.367,2900334
120.010,-30.976,83.292,2900355
120.306,-30.951,82.208,2900376
120.597,-30.849,81.188,2900397
120.938,-30.692,80.128,2900418
120.879,-30.659,79.090,2900439
120.836,-30.414,78.263,2900460
120.793,-30.345,77.402,2900481
120.934,-30.283,76.552,2900502
121.200,-30.007,75.613,2900523
121.470,-30.104,74.615,2900544
121.343,-30.212,73.616,2900565
121.237,-30.075,72.799,2900586
121.457,-29.877,71.970,2900607
121.303,-29.887,70.978,2900628
121.469,-30.021,70.159,2900649
121.233,-29.930,69.193,2900670
121.034,-30.015,68.442,2900691
120.836,-30.203,67.680,2900712
120.886,-30.413,66.902,2900733
120.958,-30.356,66.017,2900754
121.012,-30.355,65.117,2900775
121.028,-30.356,64.220,2900796
121.121,-30.599,63.344,2900817
120.843,-30.747,62.425,2900838
120.616,-30.619,61.674,2900859
120.388,-30.477,60.902,2900880
120.133,-30.318,60.137,2900901
120.137,-30.448,59.396,2900922
119.875,-30.722,58.515,2900943
119.574,-30.605,57.777,2900964
119.510,-30.578,57.035,2900985
119.497,-30.385,56.164,2901006
119.677,-30.667,55.284,2901027
119.778,-30.706,54.326,2901048
120.031,-30.528,53.389,2901069
119.898,-30.620,52.397,2901090
119.812,-30.578,51.607,2901111
119.814,-30.637,50.783,2901132
120.129,-30.768,49.916,2901153
120.471,-30.940,48.893,2901174
120.794,-30.918,47.848,2901195
121.168,-30.752,46.843,2901216
121.376,-30.699,45.782,2901237
121.710,-30.489,44.801,2901258
121.667,-30.383,43.741,2901279
121.633,-30.291,42.884,2901300
121.946,-30.395,42.018,2901321
122.233,-30.468,40.981,2901342
122.127,-30.371,39.974,2901363
122.029,-30.328,39.167,2901384
122.300,-30.277,38.336,2901405
122.606,-30.081,37.307,2901426
122.490,-30.052,36.235,2901447
122.389,-30.001,35.358,2901468
122.656,-29.968,34.472,2901489
122.791,-29.898,33.372,2901510
122.697,-29.640,32.354,2901531
122.785,-29.728,31.430,2901552
122.966,-29.912,30.413,2901573
123.009,-29.828,29.338,2901594
123.088,-29.568,28.318,2901615
123.157,-29.366,27.273,2901636
122.928,-29.530,26.228,2901657
122.730,-29.582,25.310,2901678
122.466,-29.709,24.368,2901699
122.291,-29.631,23.487,2901720
122.420,-29.390,22.550,2901741
122.523,-29.508,21.429,2901762
122.347,-29.468,20.332,2901783
122.477,-29.329,19.337,2901804
122.218,-29.526,18.173,2901825
122.313,-29.542,17.187,2901846
122.359,-29.536,16.000,2901867
122.155,-29.856,14.825,2901888
121.948,-29.859,13.746,2901909
122.045,-29.845,12.659,2901930
121.909,-30.172,11.410,2901951
122.103,-30.423,10.282,2901972
122.377,-30.734,8.965,2901993
122.596,-30.987,7.605,2902014
122.786,-30.940,6.254,2902035
122.867,-30.865,4.898,2902056
123.205,-30.766,3.591,2902077
123.482,-30.891,2.142,2902098
123.430,-30.854,0.738,2902119
123.656,-30.769,359.466,2902140
123.573,-31.011,358.038,2902161
123.562,-31.044,356.775,2902182
123.580,-30.827,355.463,2902203
123.855,-30.989,354.124,2902224
124.084,-30.952,352.634,2902245
123.917,-30.854,351.150,2902266
123.837,-30.691,349.841,2902287
123.647,-30.394,348.482,2902308
123.353,-30.437,347.160,2902329
123.435,-30.227,345.879,2902350
123.331,-30.171,344.411,2902371
123.381,-30.267,343.031,2902392
123.229,-30.335,341.582,2902413
122.966,-30.008,340.225,2902434
122.775,-29.720,338.905,2902455
122.804,-29.434,337.548,2902476
122.805,-29.349,336.072,2902497
122.805,-29.223,334.609,2902518
122.472,-29.399,333.118,2902539
122.597,-29.459,331.786,2902560
122.953,-28.960,330.902,2902581
123.344,-28.261,329.882,2902602
123.664,-27.670,328.813,2902623
123.867,-27.117,327.769,2902644
124.112,-26.573,326.773,2902665
124.450,-26.152,325.737,2902686
124.397,-25.877,324.666,2902707
124.394,-25.752,323.755,2902728
124.679,-25.565,322.801,2902749
124.937,-25.763,321.720,2902770
125.049,-26.034,320.645,2902791
125.241,-26.455,319.623,2902812
125.280,-26.617,318.529,2902833
125.214,-26.856,317.497,2902854
125.217,-26.767,316.523,2902875
125.202,-26.755,315.519,2902896
125.062,-26.810,314.514,2902917
125.051,-27.292,313.551,2902938
124.960,-27.913,312.549,2902959
125.042,-28.558,311.591,2902980
125.110,-29.030,310.542,2903001
125.147,-29.586,309.479,2903022
125.154,-30.106,308.426,2903043
124.783,-30.685,307.379,2903064
124.372,-31.230,306.534,2903085
123.943,-31.452,305.728,2903106
123.430,-31.643,304.911,2903127
123.273,-31.958,304.149,2903148
123.102,-32.465,303.230,2903169
122.568,-32.921,302.342,2903190
122.383,-33.309,301.648,2903211
121.829,-33.711,300.761,2903232
121.470,-33.842,300.096,2903253
121.092,-33.774,299.342,2903274
120.793,-33.668,298.590,2903295
120.313,-33.522,297.797,2903316
120.083,-33.672,297.135,2903337
119.597,-33.930,296.328,2903358
119.277,-33.972,295.669,2903379
119.260,-34.170,294.911,2903400
119.047,-34.108,294.010,2903421
119.007,-33.850,293.209,2903442
118.993,-33.601,292.321,2903463
118.699,-33.713,291.426,2903484
118.582,-33.571,290.675,2903505
118.483,-33.257,289.836,2903526
118.862,-32.900,288.980,2903547
119.341,-33.311,289.157,2903568
119.525,-33.418,289.257,2903589
119.679,-33.665,289.443,2903610
120.205,-33.789,289.627,2903631
120.711,-33.793,289.568,2903652
121.112,-33.695,289.484,2903673
121.231,-33.340,289.406,2903694
121.319,-33.221,289.500,2903715
121.411,-32.943,289.573,2903736
121.784,-32.479,289.610,2903757
122.256,-32.346,289.478,2903778
122.490,-32.044,289.246,2903799
122.936,-31.937,289.140,2903820
123.380,-31.650,288.906,2903841
123.557,-31.384,288.659,2903862
123.738,-30.878,288.542,2903883
123.676,-30.369,288.422,2903904
123.875,-30.071,288.421,2903925
123.798,-29.664,288.259,2903946
123.989,-29.269,288.209,2903967
123.853,-29.066,288.025,2903988
123.605,-29.042,287.961,2904009
123.706,-28.913,287.940,2904030
123.809,-28.908,287.692,2904051
123.500,-28.814,287.444,2904072
123.290,-28.702,287.384,2904093
123.324,-28.820,287.266,2904114
123.127,-28.686,287.014,2904135
122.923,-28.537,286.870,2904156
122.669,-28.441,286.700,2904177
122.559,-28.441,286.560,2904198
122.651,-28.807,286.352,2904219
122.759,-29.204,285.991,2904240
122.825,-29.541,285.637,2904261
122.541,-29.903,285.275,2904282
122.322,-30.053,285.089,2904303
122.132,-30.133,284.852,2904324
122.018,-30.539,284.610,2904345
121.867,-30.998,284.277,2904366
121.655,-30.992,283.975,2904387
121.836,-31.314,283.674,2904408
121.775,-31.518,283.185,2904429
121.836,-31.896,282.813,2904450
122.010,-31.850,282.387,2904471
122.164,-31.917,281.877,2904492
121.907,-31.945,281.389,2904513
121.707,-31.975,281.119,2904534
121.548,-31.809,280.797,2904555
121.624,-31.592,280.484,2904576
121.419,-30.799,276.710,2904744
121.230,-30.614,276.281,2904765
121.097,-30.340,275.808,2904786
121.084,-30.337,275.313,2904807
121.308,-29.978,274.740,2904828
121.525,-29.978,274.051,2904849
121.745,-29.935,273.367,2904870
121.978,-29.807,272.638,2904891
121.807,-29.798,271.898,2904912
121.624,-29.642,271.336,2904933
121.840,-29.587,270.779,2904954
121.691,-29.458,270.028,2904975
121.896,-29.379,269.424,2904996
121.981,-29.511,268.649,2905017
122.238,-29.785,267.946,2905038
122.446,-29.909,267.144,2905059
122.339,-30.053,266.354,2905080
122.154,-29.916,265.707,2905101
122.229,-29.898,265.085,2905122
122.090,-29.817,264.311,2905143
122.289,-30.058,263.627,2905164
122.112,-30.115,262.786,2905185
122.307,-30.164,262.126,2905206
122.124,-30.457,261.255,2905227
122.324,-30.633,260.564,2905248
122.304,-30.693,259.689,2905269
122.410,-30.597,258.912,2905290
122.258,-30.518,258.064,2905311
122.029,-30.709,257.338,2905332
121.862,-30.675,256.631,2905354
121.927,-30.800,255.884,2905375
121.717,-30.996,255.015,2905396
121.690,-30.781,254.270,2905417
121.805,-30.944,253.450,2905438
121.894,-30.918,252.567,2905459
121.980,-30.829,251.677,2905480
121.788,-30.797,250.785,2905501
121.496,-30.433,250.012,2905522
121.641,-30.242,249.265,2905543
121.422,-30.100,248.288,2905564
121.240,-29.966,247.481,2905585
121.430,-29.658,246.635,2905606
121.243,-29.494,245.560,2905627
121.372,-29.328,244.682,2905648
121.505,-29.060,243.582,2905669
121.653,-28.760,242.460,2905690
121.562,-28.449,241.334,2905711
121.460,-28.421,240.320,2905732
121.710,-28.184,239.302,2905753
121.635,-28.225,238.100,2905774
121.574,-28.326,237.060,2905795
121.836,-28.117,235.993,2905816
121.775,-28.203,234.780,2905837
122.087,-28.019,233.697,2905858
122.333,-28.108,232.439,2905879
122.628,-28.023,231.227,2905900
122.578,-28.086,229.984,2905921
122.815,-28.249,228.907,2905942
123.119,-28.184,227.672,2905963
123.147,-28.267,226.429,2905984
122.993,-28.509,225.297,2906005
123.220,-28.566,224.233,2906026
123.295,-28.745,222.990,2906047
123.119,-28.615,221.828,2906068
122.886,-28.566,220.785,2906089
123.082,-28.639,219.756,2906110
122.862,-28.872,218.562,2906131
123.032,-28.946,217.553,2906152
123.056,-29.157,216.372,2906173
122.915,-29.159,215.253,2906194
122.648,-29.540,214.224,2906215
122.760,-29.757,213.234,2906236
122.531,-29.996,212.065,2906257
122.595,-30.308,211.080,2906278
122.314,-30.408,209.957,2906299
122.277,-30.679,208.995,2906320
121.974,-30.646,207.927,2906341
122.034,-30.789,207.008,2906362
121.876,-30.809,205.887,2906383
121.672,-30.643,204.893,2906404
121.567,-30.851,203.935,2906425
121.338,-31.093,202.906,2906446
121.495,-31.185,201.940,2906467
121.626,-31.165,200.787,2906488
121.466,-31.028,199.671,2906509
121.590,-30.782,198.692,2906530
121.616,-30.628,197.594,2906551
121.656,-30.346,196.521,2906572
121.752,-30.472,195.409,2906593
121.590,-30.551,194.276,2906614
121.528,-30.489,193.304,2906635
121.586,-30.165,192.274,2906656
121.801,-30.274,191.186,2906677
121.937,-29.994,190.022,2906698
121.905,-29.652,188.901,2906719
122.197,-29.367,187.865,2906740
122.128,-29.179,186.675,2906761
122.382,-28.984,185.657,2906782
122.705,-28.679,184.461,2906803
122.619,-28.610,183.231,2906824
122.608,-28.494,182.208,2906845
122.938,-28.641,181.136,2906866
123.254,-28.738,179.887,2906887
123.525,-28.715,178.670,2906908
123.667,-28.625,177.479,2906929
123.587,-28.438,176.324,2906950
123.760,-28.513,175.256,2906971
123.736,-28.381,174.053,2906992
123.651,-28.635,172.947,2907013
123.887,-28.835,171.865,2907034
123.772,-29.005,170.627,2907055
123.931,-28.911,169.559,2907076
124.071,-29.016,168.350,2907097
124.070,-29.110,167.137,2907118
124.033,-29.064,165.964,2907139
123.920,-28.898,165.546,2907160
123.884,-28.487,165.141,2907181
123.726,-28.403,164.689,2907202
123.594,-28.243,164.316,2907223
123.813,-28.186,163.902,2907244
123.973,-28.096,163.302,2907265
124.007,-28.104,162.757,2907286
123.942,-27.931,162.235,2907307
123.943,-27.763,161.750,2907328
123.710,-27.764,161.233,2907349
123.638,-27.708,160.791,2907370
123.514,-27.726,160.266,2907391
123.082,-27.756,159.758,2907412
122.728,-28.089,159.415,2907433
122.314,-28.537,158.990,2907454
121.893,-28.975,158.583,2907475
121.739,-29.397,158.202,2907496
121.628,-29.950,157.680,2907517
121.517,-30.103,157.109,2907538
121.210,-30.261,156.543,2907559
120.846,-30.741,156.034,2907580
120.491,-31.063,155.576,2907601
120.530,-31.397,155.121,2907622
120.156,-31.802,154.460,2907643
120.186,-31.969,153.991,2907664
119.969,-32.307,153.305,2907685
120.070,-32.215,152.734,2907706
120.041,-32.240,151.993,2907727
119.760,-32.070,151.330,2907748
119.874,-32.045,150.806,2907769
119.620,-31.873,150.041,2907790
119.444,-31.718,149.504,2907811
119.574,-31.737,148.910,2907832
119.715,-31.787,148.162,2907853
119.879,-31.792,147.418,2907874
120.113,-31.468,146.662,2907895
120.348,-31.232,145.833,2907916
120.602,-30.989,145.004,2907937
120.575,-30.717,144.169,2907958
120.588,-30.305,143.488,2907979
120.437,-29.923,142.781,2908000
120.530,-29.742,142.168,2908021
120.502,-29.833,141.447,2908042
120.512,-29.926,140.765,2908063
120.696,-29.620,140.074,2908084
120.955,-29.746,139.293,2908105
120.962,-29.730,138.461,2908126
121.057,-29.898,137.750,2908147
120.912,-29.664,137.022,2908168
120.738,-29.573,136.429,2908189
120.590,-29.586,135.822,2908210
120.626,-29.601,135.228,2908231
120.516,-29.915,134.533,2908252
120.537,-30.192,133.920,2908273
120.767,-30.107,133.235,2908294
120.976,-30.333,132.448,2908315
121.050,-30.573,131.675,2908336
121.010,-30.622,130.999,2908357
120.733,-30.631,130.383,2908378
120.385,-30.705,129.899,2908399
120.114,-30.867,129.443,2908420
120.068,-31.231,128.971,2908441
119.944,-31.636,128.392,2908462
119.964,-31.612,127.845,2908483
120.042,-31.944,127.253,2908504
119.972,-32.184,126.625,2908525
119.629,-32.521,126.101,2908546
119.303,-32.561,125.721,2908567
118.997,-32.529,125.322,2908588
118.934,-32.659,124.929,2908609
118.592,-32.471,124.429,2908630
118.670,-32.446,124.053,2908651
118.738,-32.440,123.488,2908672
118.810,-32.370,122.921,2908693
118.886,-32.375,122.350,2908714
118.961,-32.232,121.764,2908735
118.677,-32.028,121.211,2908756
118.473,-31.872,120.857,2908777
118.283,-31.562,120.466,2908798
118.153,-31.320,120.087,2908819
118.337,-31.252,119.697,2908840
118.407,-30.920,119.153,2908861
118.353,-30.596,118.653,2908882
118.681,-30.543,118.238,2908903
118.960,-30.440,117.628,2908924
119.306,-30.628,117.050,2908945
119.271,-30.587,116.477,2908966
119.607,-30.495,116.083,2908987
119.909,-30.663,115.509,2909008
120.004,-30.618,115.035,2909029
119.912,-30.891,114.657,2909050
120.232,-30.938,114.393,2909071
120.512,-31.102,113.892,2909092
120.758,-31.122,113.427,2909113
120.872,-31.022,112.991,2909134
120.788,-31.250,112.629,2909155
121.029,-31.319,112.367,2909176
121.042,-31.123,111.914,2909197
120.983,-30.874,111.571,2909218
120.884,-30.938,111.256,2909239
121.094,-30.934,110.956,2909260
121.293,-30.743,110.482,2909281
121.444,-30.883,109.995,2909302
121.623,-30.684,109.543,2909323
121.683,-30.745,109.076,2909344
121.768,-30.527,108.676,2909365
121.599,-30.355,108.247,2909386
121.295,-30.111,107.934,2909407
120.990,-30.078,107.676,2909428
121.087,-29.945,107.436,2909449
121.030,-30.004,106.966,2909470
120.774,-30.191,106.563,2909491
120.921,-30.145,106.266,2909512
121.088,-30.017,105.724,2909533
120.896,-29.958,105.163,2909554
120.774,-29.881,104.786,2909575
120.703,-29.987,104.368,2909596
120.979,-30.121,103.920,2909617
120.908,-30.098,103.297,2909638
120.930,-30.201,102.830,2909659
121.242,-30.407,102.342,2909680
121.505,-30.401,101.715,2909701
121.757,-30.315,101.098,2909722
121.750,-30.536,100.468,2909743
122.038,-30.316,99.979,2909764
121.923,-30.281,99.343,2909785
122.223,-30.186,98.926,2909806
122.219,-30.228,98.313,2909827
122.120,-30.012,97.869,2909848
121.998,-29.941,97.483,2909869
122.266,-29.910,97.128,2909890
122.113,-29.945,96.562,2909911
122.309,-30.055,96.219,2909932
122.093,-30.089,95.705,2909953
122.157,-30.222,95.421,2909974
122.264,-30.134,95.010,2909995
122.328,-30.296,94.571,2910016
122.003,-30.403,94.177,2910037
121.628,-30.527,93.969,2910058
121.277,-30.558,93.824,2910079
121.299,-30.706,93.704,2910100
120.947,-30.936,93.378,2910121
120.954,-30.959,93.255,2910142
120.970,-31.231,92.946,2910163
120.633,-31.420,92.632,2910184
120.332,-31.454,92.491,2910205
120.058,-31.319,92.345,2910226
120.170,-31.461,92.205,2910247
119.906,-31.535,91.850,2910268
119.907,-31.615,91.685,2910289
119.724,-31.435,91.408,2910310
119.802,-31.610,91.189,2910331
119.913,-31.514,90.841,2910352
119.987,-31.534,90.485,2910373
119.783,-31.367,90.139,2910394
119.598,-31.481,89.929,2910415
119.999,-31.245,89.721,2910436
120.690,-31.151,89.189,2910457
121.373,-31.296,88.501,2910478
122.031,-31.376,87.792,2910499
122.685,-31.544,87.074,2910520
123.263,-31.710,86.389,2910541
123.856,-31.913,85.718,2910562
124.385,-31.919,85.035,2910583
124.461,-31.903,84.370,2910604
124.535,-31.757,83.933,2910625
124.489,-31.529,83.512,2910646
124.294,-31.296,83.147,2910667
124.142,-31.152,82.827,2910688
123.838,-31.204,82.489,2910709
123.920,-30.975,82.241,2910730
123.830,-30.907,81.782,2910751
123.832,-30.562,81.420,2910772
123.727,-30.573,81.016,2910793
123.327,-30.669,80.667,2910814
123.255,-30.427,80.454,2910835
122.829,-30.196,80.085,2910856
122.379,-30.140,79.887,2910877
121.966,-29.987,79.708,2910898
121.514,-29.985,79.481,2910919
121.447,-29.932,79.291,2910940
121.024,-29.815,78.902,2910961
121.023,-29.838,78.701,2910982
121.035,-29.833,78.282,2911003
121.088,-29.891,77.843,2911024
120.859,-30.009,77.386,2911045
120.622,-29.877,77.045,2911066
120.578,-29.809,76.727,2911087
120.538,-30.102,76.275,2911108
120.586,-29.979,75.812,2911129
120.833,-30.306,75.295,2911150
120.884,-30.440,74.684,2911171
121.177,-30.341,74.181,2911192
121.491,-30.515,73.537,2911213
121.804,-30.661,72.868,2911234
121.753,-30.795,72.201,2911255
122.078,-30.753,71.693,2911276
121.994,-30.886,70.995,2911297
121.963,-30.927,70.465,2911318
121.974,-31.152,69.942,2911339
122.092,-31.374,69.377,2911360
122.031,-31.194,68.768,2911381
122.308,-31.288,68.230,2911402
122.425,-31.162,67.520,2911423
122.689,-31.341,66.869,2911444
122.566,-31.172,66.146,2911465
122.715,-31.041,65.591,2911486
122.555,-30.773,64.924,2911507
122.567,-30.651,64.390,2911528
122.532,-30.736,63.760,2911550
122.381,-30.821,63.172,2911571
122.538,-30.521,62.602,2911592
122.659,-30.428,61.854,2911613
122.450,-30.305,61.134,2911634
122.384,-29.952,60.566,2911655
122.171,-29.608,59.944,2911676
122.264,-29.663,59.397,2911697
121.948,-29.680,58.675,2911718
122.042,-29.625,58.158,2911739
122.121,-29.556,57.409,2911760
121.911,-29.420,56.657,2911781
122.041,-29.235,56.073,2911802
122.196,-29.236,55.316,2911823
122.219,-29.288,54.532,2911844
122.001,-29.204,53.797,2911865
121.797,-29.344,53.162,2911886
121.664,-29.429,52.541,2911907
121.642,-29.805,51.853,2911928
121.879,-30.247,51.104,2911949
122.056,-30.537,50.225,2911970
122.004,-30.618,49.360,2911991
122.200,-31.006,48.593,2912012
122.104,-31.089,47.692,2912033
122.414,-31.313,46.935,2912054
122.617,-31.408,45.967,2912075
122.558,-31.742,45.028,2912096
122.533,-31.880,44.221,2912117
122.904,-32.038,43.389,2912138
123.244,-32.155,42.326,2912159
123.451,-32.153,41.267,2912180
123.787,-31.939,40.257,2912201
124.094,-31.885,39.169,2912222
124.421,-31.761,38.116,2912243
124.633,-31.761,37.010,2912264
124.474,-31.536,35.947,2912285
124.304,-31.432,35.068,2912306
124.343,-31.308,34.167,2912327
124.415,-31.406,33.133,2912348
124.308,-31.507,32.086,2912369
124.162,-31.182,31.111,2912390
124.054,-30.849,30.141,2912411
123.932,-30.462,29.151,2912432
123.771,-30.115,28.157,2912453
123.748,-29.797,27.170,2912474
123.459,-29.897,26.084,2912495
123.241,-29.662,25.125,2912516
123.286,-29.762,24.120,2912537
123.363,-29.626,22.971,2912558
123.054,-29.579,21.814,2912579
123.143,-29.573,20.848,2912600
123.182,-29.618,19.705,2912621
122.949,-29.492,18.584,2912642
122.749,-29.335,17.602,2912663
122.802,-29.206,16.603,2912684
122.883,-29.465,15.469,2912705
122.955,-29.657,14.332,2912726
122.905,-29.752,13.175,2912747
122.991,-29.700,12.057,2912768
122.821,-30.020,10.869,2912789
122.950,-30.344,9.835,2912810
122.718,-30.645,8.640,2912831
122.874,-30.640,7.588,2912852
122.610,-30.737,6.353,2912873
122.344,-30.844,5.281,2912894
122.100,-30.835,4.227,2912915
122.106,-31.009,3.123,2912936
122.046,-31.296,1.892,2912957
121.893,-31.547,0.692,2912978
122.096,-31.683,359.545,2912999
122.245,-31.752,358.209,2913020
122.319,-31.641,356.910,2913041
122.329,-31.437,355.633,2913062
122.113,-31.222,354.397,2913083
121.818,-30.997,353.243,2913104
121.990,-30.927,352.135,2913125
122.051,-30.891,350.777,2913146
121.878,-30.621,349.446,2913167
122.013,-30.695,348.241,2913188
121.935,-30.796,346.905,2913209
122.121,-30.528,345.658,2913230
121.959,-30.598,344.263,2913251
122.017,-30.390,343.036,2913272
121.774,-30.220,341.693,2913293
121.657,-30.117,340.504,2913314
121.629,-29.940,339.250,2913335
121.756,-30.200,337.946,2913356
121.858,-30.365,336.566,2913377
121.990,-30.614,335.179,2913398
121.766,-30.772,333.775,2913419
121.931,-30.895,332.548,2913440
121.708,-30.907,331.131,2913461
121.593,-30.776,329.922,2913482
121.744,-30.595,328.651,2913503
121.600,-30.648,327.245,2913524
121.384,-30.859,325.961,2913545
121.511,-31.031,324.726,2913566
121.443,-31.300,323.324,2913587
121.426,-31.596,321.997,2913608
121.506,-31.478,320.649,2913629
121.302,-31.401,319.234,2913650
121.189,-31.566,318.006,2913671
120.956,-31.425,316.728,2913692
120.970,-31.417,315.519,2913713
121.120,-31.273,314.130,2913734
120.986,-31.322,312.727,2913755
121.163,-31.520,311.470,2913776
121.110,-31.627,310.029,2913797
120.971,-31.420,308.735,2913818
121.190,-31.566,307.500,2913839
121.409,-31.651,306.092,2913860
121.255,-31.660,304.690,2913881
121.276,-31.536,303.468,2913902
121.376,-31.360,302.195,2913923
121.532,-31.200,300.850,2913944
121.769,-31.454,299.482,2913965
121.618,-31.571,298.048,2913986
121.838,-31.607,296.821,2914007
121.755,-31.584,295.398,2914028
121.873,-31.345,294.138,2914049
121.645,-31.147,292.734,2914070
121.984,-31.055,291.525,2914091
122.264,-31.350,290.900,2914112
122.918,-31.585,290.267,2914133
123.442,-31.835,289.382,2914154
123.846,-31.928,288.523,2914175
123.927,-32.278,287.710,2914196
124.255,-32.145,287.009,2914217
124.499,-32.296,286.134,2914238
124.329,-32.435,285.290,2914259
124.503,-32.393,284.633,2914280
124.197,-32.264,283.722,2914301
123.927,-32.008,283.069,2914322
123.875,-31.881,282.326,2914343
123.833,-31.708,281.412,2914364
123.450,-31.362,280.484,2914385
123.292,-30.708,279.702,2914406
123.050,-30.227,278.781,2914427
122.686,-29.648,277.836,2914448
122.097,-28.999,276.939,2914469
121.530,-28.639,276.126,2914490
120.948,-28.353,275.268,2914511
120.367,-27.916,274.402,2914532
120.194,-27.510,273.500,2914553
119.814,-27.134,272.375,2914574
119.719,-26.674,271.312,2914595
119.631,-26.483,270.095,2914616
119.466,-26.215,268.838,2914637
119.139,-25.919,267.601,2914658
119.261,-25.968,266.429,2914679
119.098,-26.025,265.036,2914700
118.994,-25.949,263.768,2914721
119.007,-26.274,262.452,2914742
119.339,-26.685,261.094,2914763
119.433,-27.046,259.570,2914784
119.854,-27.487,258.140,2914805
120.302,-27.797,256.560,2914826
120.667,-28.100,254.973,2914847
120.750,-28.285,253.417,2914868
121.172,-28.438,251.979,2914889
121.317,-28.732,250.397,2914910
121.590,-29.228,248.953,2914931
121.934,-29.708,247.476,2914952
121.873,-29.913,245.957,2914973
122.199,-30.066,244.654,2914994
122.512,-30.398,243.161,2915015
122.838,-30.485,241.690,2915036
123.073,-30.733,240.225,2915057
122.995,-30.644,238.809,2915078
123.117,-30.706,237.533,2915099
122.975,-30.490,236.159,2915120
123.018,-30.409,234.919,2915141
122.873,-30.619,233.594,2915162
123.049,-30.695,232.374,2915183
122.916,-30.661,231.003,2915204
122.911,-30.396,229.783,2915225
122.661,-30.117,228.506,2915246
121.768,-29.860,227.354,2915267
121.062,-30.017,226.615,2915288
120.226,-29.944,225.812,2915309
119.462,-30.098,225.035,2915330
118.801,-30.215,224.216,2915351
118.516,-30.506,223.368,2915372
117.945,-30.633,222.309,2915393
117.756,-30.910,221.392,2915414
117.605,-31.019,220.292,2915435
117.539,-31.013,219.176,2915456
117.220,-31.032,218.013,2915477
117.009,-30.928,216.948,2915498
117.161,-31.214,215.835,2915519
117.093,-31.184,214.503,2915540
117.078,-31.365,213.306,2915561
117.587,-31.505,212.047,2915582
118.240,-30.982,212.208,2915603
118.989,-30.502,212.187,2915624
119.753,-30.182,212.043,2915645
119.652,-29.894,211.860,2915666
119.888,-29.905,211.904,2915687
119.841,-29.750,211.769,2915708
119.890,-29.893,211.741,2915729
119.860,-29.638,211.650,2915750
119.822,-29.827,211.593,2915771
119.938,-30.023,211.504,2915792
120.048,-30.259,211.299,2915813
120.243,-30.046,211.090,2915834
120.434,-29.952,210.765,2915855
120.335,-29.836,210.430,2915876
120.253,-29.685,210.202,2915897
120.172,-29.526,209.927,2915918
120.232,-29.729,209.632,2915939
120.270,-29.562,209.230,2915960
120.255,-29.838,208.823,2915981
120.247,-29.678,208.417,2916002
120.491,-29.928,207.991,2916023
120.744,-30.117,207.415,2916044
120.963,-30.099,206.827,2916065
121.314,-30.015,206.235,2916086
121.292,-29.878,205.960,2916107
121.318,-29.823,205.869,2916128
121.580,-29.941,205.724,2916149
121.673,-30.063,205.426,2916170
121.581,-30.236,205.188,2916191
121.448,-30.254,205.015,2916212
121.636,-30.189,204.869,2916233
121.831,-30.063,204.550,2916254
121.953,-29.999,204.184,2916275
121.742,-29.838,203.861,2916296
121.880,-29.811,203.646,2916317
121.621,-29.712,203.218,2916338
121.457,-29.642,202.970,2916359
121.173,-29.797,202.671,2916380
120.879,-29.765,202.387,2916401
121.025,-29.805,202.105,2916422
121.089,-29.645,201.796,2916443
121.193,-29.432,201.510,2916464
121.175,-29.274,201.137,2916485
120.907,-28.997,200.815,2916506
121.007,-29.010,200.588,2916527
121.118,-28.958,200.154,2916548
120.864,-28.916,199.698,2916569
120.642,-28.822,199.405,2916590
120.530,-29.055,199.083,2916611
120.549,-29.373,198.662,2916632
120.689,-29.702,198.173,2916653
120.480,-29.703,197.611,2916674
120.240,-29.631,197.213,2916695
120.405,-29.722,196.800,2916716
120.572,-29.814,196.209,2916738
120.668,-29.844,195.590,2916759
120.846,-30.115,194.999,2916780
120.881,-30.285,194.325,2916801
121.070,-30.600,193.724,2916822
121.316,-30.498,193.129,2916843
121.286,-30.424,192.508,2916864
121.276,-30.263,191.998,2916885
121.185,-30.451,191.464,2916906
121.170,-30.374,190.960,2916927
121.472,-30.210,190.398,2916948
121.385,-30.249,189.674,2916969
121.624,-30.054,189.134,2916990
121.595,-30.107,188.432,2917011
121.778,-30.299,187.854,2917032
121.952,-30.219,187.155,2917053
121.736,-30.104,186.415,2917074
121.670,-30.006,185.889,2917095
121.843,-30.206,185.259,2917116
121.690,-30.147,184.517,2917137
121.504,-30.323,183.909,2917158
121.477,-30.351,183.332,2917179
121.674,-30.139,182.673,2917200
121.721,-30.292,181.903,2917221
121.486,-30.516,181.203,2917242
121.476,-30.456,180.632,2917263
121.515,-30.227,179.957,2917284
121.549,-30.402,179.254,2917305
121.487,-30.161,178.499,2917326
121.473,-30.326,177.790,2917347
121.279,-30.127,177.044,2917368
120.939,-29.880,176.392,2917389
120.949,-29.888,175.825,2917410
121.010,-30.078,175.058,2917431
121.012,-30.085,174.261,2917452
120.696,-30.029,173.467,2917473
120.465,-30.015,172.812,2917494
120.178,-29.881,172.132,2917515
119.923,-30.072,171.454,2917536
119.957,-30.002,170.716,2917557
120.039,-30.261,169.820,2917578
120.083,-30.352,168.878,2917599
119.850,-30.371,167.958,2917620
119.792,-30.631,167.167,2917641
119.864,-30.944,166.262,2917662
119.884,-31.012,165.304,2917683
119.625,-30.913,164.351,2917704
119.404,-31.036,163.529,2917725
119.192,-31.177,162.674,2917746
119.021,-31.092,161.837,2917767
118.956,-31.180,160.949,2917788
119.148,-30.976,159.992,2917809
119.399,-31.152,158.880,2917830
119.662,-31.211,157.741,2917851
119.561,-31.300,156.568,2917872
119.620,-31.293,155.599,2917893
119.826,-31.032,154.534,2917914
120.119,-30.812,153.411,2917935
120.146,-30.765,152.257,2917956
120.178,-30.922,151.216,2917977
120.166,-30.678,150.191,2917998
120.408,-30.441,149.173,2918019
120.303,-30.332,148.036,2918040
120.199,-30.187,147.056,2918061
120.514,-30.062,146.059,2918082
120.418,-30.102,144.876,2918103
120.755,-30.009,143.905,2918124
120.760,-29.976,142.722,2918145
120.669,-30.092,141.701,2918166
120.568,-29.991,140.709,2918187
120.757,-29.984,139.707,2918208
121.029,-30.205,138.581,2918229
121.284,-30.216,137.421,2918250
121.519,-30.253,136.260,2918271
121.717,-30.382,135.109,2918292
121.939,-30.260,133.976,2918313
121.951,-30.250,132.841,2918334
121.808,-30.046,131.822,2918355
121.661,-30.162,130.876,2918376
121.444,-30.310,129.936,2918397
121.203,-30.220,129.015,2918418
121.291,-30.267,128.104,2918439
121.404,-30.171,127.034,2918460
121.512,-30.186,125.956,2918481
121.611,-30.156,124.915,2918502
121.573,-30.386,123.862,2918523
121.384,-30.261,122.895,2918544
121.134,-30.174,122.052,2918565
120.929,-30.178,121.208,2918586
120.807,-30.459,120.354,2918607
120.912,-30.775,119.451,2918628
120.946,-30.959,118.443,2918649
121.062,-30.895,117.457,2918670
121.047,-30.982,116.453,2918691
120.758,-30.836,115.527,2918712
120.504,-30.865,114.746,2918733
120.293,-30.854,113.971,2918754
120.176,-30.834,113.179,2918775
120.377,-31.068,112.348,2918796
120.483,-31.116,111.345,2918817
120.547,-31.002,110.401,2918838
120.697,-31.269,109.487,2918859
120.685,-31.245,108.546,2918880
120.821,-31.028,107.664,2918901
120.585,-30.913,106.714,2918922
120.680,-30.870,105.971,2918943
120.611,-30.625,105.075,2918964
120.528,-30.744,104.277,2918985
120.381,-30.793,103.486,2919006
120.271,-30.760,102.706,2919027
120.497,-30.681,101.908,2919048
120.755,-30.496,100.962,2919069
120.856,-30.399,99.996,2919090
120.874,-30.132,99.105,2919111
120.804,-29.864,98.246,2919132
120.949,-29.675,97.422,2919153
121.118,-29.862,96.488,2919174
121.391,-30.054,95.535,2919195
121.576,-30.064,94.530,2919216
121.428,-30.261,93.614,2919237
121.671,-30.143,92.859,2919258
121.642,-30.209,91.931,2919279
121.862,-30.001,91.130,2919300
121.854,-30.082,90.226,2919321
121.923,-29.894,89.407,2919342
121.721,-29.773,88.573,2919363
121.491,-29.820,87.862,2919384
121.671,-29.875,87.166,2919405
121.768,-30.046,86.255,2919426
121.567,-30.340,85.402,2919447
121.673,-30.488,84.680,2919468
121.440,-30.751,83.813,2919489
121.573,-30.845,83.108,2919510
121.364,-30.823,82.237,2919531
121.501,-30.753,81.529,2919552
121.557,-30.947,80.657,2919573
121.648,-30.821,79.815,2919594
121.382,-31.010,78.950,2919615
121.098,-30.953,78.301,2919636
120.842,-30.917,77.661,2919657
120.630,-30.853,76.990,2919678
120.797,-30.682,76.281,2919699
120.947,-30.692,75.391,2919720
121.114,-30.655,74.502,2919741
120.900,-30.745,73.592,2919762
120.905,-30.548,72.898,2919783
120.952,-30.289,72.085,2919804
120.961,-30.450,71.262,2919825
120.790,-30.590,70.472,2919846
120.938,-30.376,69.789,2919867
121.136,-30.475,68.937,2919888
121.331,-30.449,68.046,2919909
121.169,-30.267,67.139,2919930
120.992,-30.049,66.405,2919951
122.939,-29.835,65.667,2919972
122.822,-30.148,50.601,2920329
122.588,-30.097,49.781,2920350
122.709,-30.230,48.983,2920371
122.731,-30.466,48.023,2920392
122.464,-30.796,47.114,2920413
122.210,-30.937,46.349,2920434
122.315,-31.050,45.582,2920455
122.373,-31.061,44.617,2920476
122.158,-31.006,43.698,2920497
122.227,-31.209,42.873,2920518
122.193,-31.202,41.880,2920539
121.833,-31.022,40.921,2920560
121.604,-30.949,40.132,2920581
121.222,-31.120,39.273,2920602
121.233,-31.059,38.477,2920623
121.117,-30.936,37.521,2920644
121.110,-31.126,36.595,2920665
121.201,-30.918,35.591,2920686
121.002,-30.784,34.530,2920707
121.030,-30.472,33.589,2920728
120.786,-30.177,32.519,2920749
120.587,-30.084,31.560,2920770
120.671,-29.821,30.566,2920791
120.674,-29.960,29.423,2920812
120.528,-30.098,28.290,2920833
120.522,-29.971,27.232,2920854
120.861,-29.716,26.100,2920875
121.083,-29.786,24.741,2920896
121.142,-29.524,23.458,2920917
121.481,-29.616,22.238,2920938
121.861,-29.428,20.831,2920959
121.957,-29.289,19.407,2920980
122.403,-29.402,18.112,2921001
122.476,-29.492,16.661,2921022
122.810,-29.497,15.371,2921043
123.253,-29.352,13.962,2921064
123.673,-29.530,12.486,2921085
124.042,-29.632,10.999,2921106
124.102,-29.644,9.499,2921127
124.215,-29.495,8.163,2921148
124.478,-29.809,6.797,2921169
124.591,-29.875,5.361,2921190
124.500,-29.809,3.982,2921211
124.287,-29.704,2.697,2921232
124.068,-30.013,1.454,2921253
124.072,-30.337,0.222,2921274
123.586,-30.500,358.840,2921295
123.472,-30.554,357.676,2921316
122.922,-30.643,356.321,2921337
122.592,-30.632,355.186,2921358
122.019,-30.583,353.951,2921379
121.764,-30.857,352.824,2921400
121.134,-31.113,351.540,2921421
120.604,-31.246,350.467,2921442
120.331,-31.492,349.321,2921463
120.173,-31.796,348.054,2921484
119.748,-32.031,346.721,2921505
119.702,-32.191,345.529,2921526
119.476,-32.206,344.132,2921547
119.246,-32.002,342.838,2921568
119.212,-31.812,341.570,2921589
118.921,-31.644,340.201,2921610
118.869,-31.568,338.954,2921631
118.978,-31.806,337.593,2921652
119.174,-31.635,336.125,2921673
119.201,-31.504,334.648,2921694
119.480,-31.269,333.221,2921715
119.767,-31.158,331.687,2921736
119.771,-31.313,330.124,2921757
119.817,-31.245,328.692,2921778
120.053,-31.097,327.237,2921799
120.378,-30.789,325.679,2921820
120.640,-30.926,324.066,2921841
121.211,-31.026,322.463,2921862
121.756,-31.023,320.675,2921883
122.290,-30.904,318.898,2921904
122.673,-30.711,317.078,2921925
123.688,-30.403,315.338,2921946
124.592,-31.166,314.916,2921967
125.487,-31.411,314.426,2921988
126.098,-31.559,313.852,2922009
126.851,-31.566,313.358,2922030
127.097,-31.856,312.697,2922051
127.562,-31.874,312.268,2922072
127.915,-31.956,311.653,2922093
128.129,-31.834,311.066,2922114
128.059,-31.680,310.492,2922135
128.052,-31.531,310.042,2922156
128.363,-31.236,309.506,2922177
128.328,-31.241,309.197,2922198
128.539,-30.962,309.129,2922219
128.296,-30.676,308.877,2922240
127.959,-30.502,308.801,2922261
127.623,-30.149,308.707,2922282
127.212,-29.633,308.598,2922303
126.932,-29.114,308.486,2922324
126.430,-28.643,308.269,2922345
125.974,-28.084,308.097,2922366
125.114,-27.889,307.907,2922387
124.222,-27.580,307.875,2922408
123.309,-27.184,307.788,2922429
122.650,-26.600,307.687,2922450
121.728,-26.388,307.398,2922471
121.211,-25.989,307.195,2922492
120.716,-25.781,306.779,2922513
120.089,-25.612,306.344,2922534
119.399,-25.120,305.970,2922555
118.808,-24.882,305.600,2922576
118.501,-24.881,305.152,2922597
118.056,-24.552,304.595,2922618
117.750,-24.484,304.091,2922639
117.445,-24.292,303.475,2922660
117.558,-24.278,302.846,2922681
117.441,-24.512,302.030,2922702
117.671,-24.455,301.265,2922723
117.891,-24.685,300.330,2922744
118.005,-24.828,299.384,2922765
118.206,-25.314,298.444,2922786
118.496,-25.837,297.460,2922807
118.542,-26.107,296.444,2922828
118.895,-26.671,295.527,2922849
118.890,-27.112,294.478,2922870
119.317,-27.479,293.618,2922891
119.762,-27.874,292.533,2922912
119.920,-28.208,291.448,2922933
120.274,-28.384,290.501,2922954
120.446,-28.544,289.439,2922975
120.509,-29.036,288.445,2922996
120.891,-29.364,287.493,2923017
120.934,-29.743,286.377,2923038
121.189,-30.076,285.425,2923059
121.431,-30.427,284.387,2923080
121.386,-30.416,283.332,2923101
121.408,-30.648,282.429,2923122
121.661,-30.547,281.490,2923143
121.905,-30.695,280.448,2923164
121.835,-30.686,279.413,2923185
121.726,-30.842,278.540,2923206
121.918,-30.583,277.663,2923227
122.069,-30.554,276.653,2923248
122.067,-30.397,275.661,2923269
121.812,-30.049,274.726,2923290
121.891,-29.784,273.964,2923311
121.975,-29.419,273.053,2923332
121.664,-29.262,272.149,2923353
121.357,-28.835,271.462,2923374
121.067,-28.475,270.780,2923395
121.064,-28.017,270.100,2923416
121.136,-27.958,269.300,2923437
121.182,-27.820,268.502,2923458
120.939,-27.491,267.708,2923479
121.009,-27.412,267.050,2923500
121.225,-27.146,266.276,2923521
121.151,-27.207,265.428,2923542
121.332,-27.015,264.742,2923563
121.430,-27.262,263.928,2923584
121.338,-27.132,263.143,2923605
121.264,-27.258,262.459,2923626
121.258,-27.464,261.752,2923647
121.258,-27.757,261.033,2923668
121.262,-28.085,260.322,2923689
121.618,-28.358,259.600,2923710
121.917,-28.712,258.701,2923732
122.123,-28.756,257.834,2923753
122.112,-28.770,256.995,2923774
122.490,-28.970,256.278,2923795
122.839,-29.284,255.340,2923816
122.785,-29.612,254.416,2923837
123.080,-29.832,253.682,2923858
123.048,-30.210,252.756,2923879
123.353,-30.510,251.998,2923900
123.248,-30.634,251.096,2923921
123.397,-30.757,250.378,2923942
123.276,-30.721,249.536,2923963
123.341,-30.615,248.828,2923984
123.460,-30.900,248.019,2924005
123.565,-30.922,247.174,2924026
123.243,-31.011,246.332,2924047
122.915,-30.879,245.711,2924068
122.693,-30.780,245.092,2924089
122.681,-30.473,244.408,2924110
122.698,-30.571,243.610,2924131
122.575,-30.355,242.800,2924152
122.314,-30.029,242.083,2924173
122.174,-29.728,241.414,2924194
122.020,-29.398,240.678,2924215
121.707,-29.484,239.915,2924236
121.387,-29.455,239.228,2924257
121.052,-29.230,238.530,2924278
120.809,-29.185,237.829,2924299
120.794,-29.284,237.061,2924320
120.781,-29.102,236.176,2924341
120.648,-28.946,235.288,2924362
120.653,-28.720,234.416,2924383
120.294,-28.813,233.460,2924404
120.348,-28.801,232.653,2924425
120.145,-28.856,231.632,2924446
120.093,-29.114,230.712,2924467
120.151,-28.996,229.689,2924488
120.190,-29.027,228.609,2924509
120.113,-29.336,227.536,2924530
119.981,-29.252,226.509,2924551
119.742,-29.188,225.507,2924572
119.528,-29.264,224.539,2924593
119.742,-29.473,223.546,2924614
119.907,-29.685,222.303,2924635
120.037,-30.068,221.054,2924656
120.248,-30.045,219.765,2924677
120.109,-30.370,218.416,2924698
120.279,-30.416,217.228,2924719
120.341,-30.364,215.833,2924740
120.852,-30.226,214.473,2924761
121.020,-29.577,214.358,2924782
121.122,-29.221,214.325,2924803
121.221,-28.891,214.172,2924824
121.368,-28.585,213.977,2924845
121.292,-28.372,213.732,2924866
121.450,-28.101,213.541,2924887
121.521,-27.737,213.193,2924908
121.324,-27.318,212.878,2924929
121.354,-26.893,212.651,2924950
121.290,-26.717,212.285,2924971
121.020,-26.459,211.938,2924992
120.760,-26.193,211.638,2925013
120.837,-25.983,211.319,2925034
120.660,-25.677,211.146,2925055
120.435,-25.675,211.040,2925076
120.262,-25.644,210.946,2925097
120.360,-25.744,210.777,2925118
120.165,-25.927,210.461,2925139
120.320,-25.965,210.247,2925160
120.490,-25.947,209.854,2925181
120.675,-26.046,209.451,2925202
120.525,-26.224,209.003,2925223
120.483,-26.558,208.698,2925244
120.613,-26.658,208.347,2925265
120.580,-27.227,207.886,2925286
120.642,-27.851,207.464,2925307
120.684,-28.453,206.987,2925328
120.770,-29.070,206.460,2925349
120.474,-29.383,205.919,2925370
120.193,-29.603,205.531,2925391
120.169,-29.754,205.110,2925412
119.976,-29.738,204.673,2925433
119.730,-30.076,204.343,2925454
119.607,-30.340,204.004,2925475
119.313,-30.635,203.567,2925496
119.301,-30.827,203.168,2925517
118.944,-31.057,202.590,2925538
118.907,-31.150,202.179,2925559
118.587,-31.116,201.584,2925580
118.573,-30.957,201.120,2925601
118.237,-30.895,200.474,2925622
117.880,-30.735,199.986,2925643
117.921,-30.688,199.488,2925665
117.882,-30.667,198.756,2925686
117.555,-30.883,198.043,2925707
117.272,-30.790,197.453,2925728
117.366,-30.679,196.825,2925749
117.479,-30.550,196.002,2925770
117.274,-30.494,195.189,2925791
117.028,-30.565,194.511,2925812
117.148,-30.414,193.869,2925833
117.289,-30.292,193.055,2925854
117.338,-30.136,192.221,2925875
117.576,-30.323,191.418,2925896
117.541,-30.354,190.537,2925917
117.539,-30.520,189.796,2925938
117.827,-30.350,189.051,2925959
117.954,-30.252,188.164,2925980
117.948,-30.050,187.345,2926001
117.994,-30.007,186.594,2926022
118.336,-29.840,185.801,2926043
118.719,-29.750,184.891,2926064
119.028,-29.776,183.962,2926085
119.356,-29.969,183.057,2926106
119.516,-30.104,182.165,2926127
119.881,-30.269,181.366,2926148
120.232,-30.259,180.445,2926169
120.203,-30.124,179.515,2926190
120.229,-29.982,178.793,2926211
120.311,-30.052,178.030,2926232
120.713,-30.212,177.247,2926253
120.796,-30.296,176.311,2926274
121.208,-30.113,175.530,2926295
121.404,-30.124,174.583,2926316
121.761,-30.333,173.754,2926337
121.860,-30.265,172.831,2926358
122.052,-30.038,172.055,2926379
122.354,-29.819,171.199,2926400
122.415,-29.749,170.280,2926421
122.339,-29.509,169.507,2926442
122.575,-29.515,168.761,2926463
122.733,-29.720,167.878,2926484
122.636,-29.928,167.030,2926505
122.845,-29.773,166.301,2926526
122.958,-29.989,165.417,2926547
122.954,-29.850,164.554,2926568
122.910,-29.680,163.770,2926589
122.666,-29.954,162.987,2926610
122.447,-29.921,162.292,2926631
122.561,-29.966,161.597,2926652
122.425,-30.198,160.720,2926673
122.535,-30.449,159.980,2926694
122.356,-30.438,159.125,2926715
122.632,-30.296,158.394,2926736
122.912,-30.582,158.620,2926757
123.197,-31.145,158.786,2926778
123.150,-31.490,158.895,2926799
122.953,-32.007,159.168,2926820
122.750,-32.312,159.506,2926841
122.542,-32.606,159.846,2926862
122.678,-32.886,160.149,2926883
122.460,-33.057,160.262,2926904
122.507,-33.266,160.555,2926925
122.447,-33.383,160.682,2926946
122.103,-33.133,160.851,2926967
121.976,-33.084,161.171,2926988
121.856,-32.728,161.352,2927009
121.414,-32.352,161.541,2927030
120.998,-32.059,161.881,2927051
120.698,-31.662,162.203,2927072
120.308,-31.585,162.440,2927093
119.881,-31.156,162.685,2927114
119.913,-30.900,162.955,2927135
119.892,-30.684,162.996,2927156
119.988,-30.649,163.052,2927177
119.912,-30.378,163.050,2927198
120.037,-29.943,163.121,2927219
119.859,-29.772,163.061,2927240
119.631,-29.445,163.145,2927261
119.430,-29.255,163.266,2927282
119.657,-29.211,163.349,2927303
119.539,-29.264,163.244,2927324
119.791,-29.427,163.288,2927345
120.085,-29.664,163.329,2927366
120.401,-29.821,163.316,2927387
120.715,-29.894,163.264,2927408
120.678,-29.961,163.214,2927429
120.635,-29.979,163.339,2927450
120.728,-30.112,163.468,2927471
120.727,-30.046,163.521,2927492
120.873,-30.350,163.645,2927513
121.052,-30.742,163.674,2927534
121.368,-31.147,163.696,2927555
121.435,-31.319,163.621,2927576
121.647,-31.231,163.654,2927597
121.846,-31.561,163.613,2927618
121.976,-31.518,163.576,2927639
121.886,-31.446,163.577,2927660
121.811,-31.297,163.574,2927681
121.653,-31.496,163.546,2927702
121.735,-31.672,163.561,2927723
121.826,-31.823,163.435,2927744
121.760,-31.826,163.334,2927765
121.851,-31.972,163.297,2927786
121.559,-31.903,163.165,2927807
121.402,-31.813,163.211,2927828
121.138,-31.525,163.428,2927849
120.851,-31.264,163.714,2927870
120.971,-31.129,164.007,2927891
120.684,-31.124,164.077,2927912
120.428,-30.990,164.348,2927933
120.457,-31.000,164.604,2927954
120.522,-31.173,164.714,2927975
120.645,-31.005,164.792,2927996
120.510,-31.078,164.819,2928017
120.525,-30.827,164.987,2928038
120.382,-30.612,165.074,2928059
120.150,-30.395,165.231,2928080
119.936,-30.330,165.428,2928101
120.147,-30.400,165.635,2928122
120.343,-30.520,165.617,2928143
120.573,-30.699,165.574,2928164
120.803,-30.748,165.528,2928185
120.960,-30.832,165.496,2928206
120.951,-31.061,165.471,2928227
120.896,-30.845,165.538,2928248
120.789,-30.642,165.608,2928269
120.626,-30.473,165.693,2928290
120.607,-30.438,165.783,2928311
120.557,-30.638,165.799,2928332
120.406,-30.813,165.829,2928353
120.685,-30.741,165.879,2928374
120.675,-30.725,165.714,2928395
120.958,-30.837,165.680,2928416
121.246,-30.961,165.491,2928437
121.159,-30.830,165.276,2928458
121.383,-30.661,165.247,2928479
121.447,-30.470,165.048,2928500
121.467,-30.193,164.904,2928521
121.423,-30.331,164.786,2928542
121.573,-30.451,164.687,2928563
121.679,-30.576,164.466,2928584
121.893,-30.332,164.282,2928605
121.974,-30.312,164.051,2928626
122.015,-30.506,163.888,2928647
122.059,-30.286,163.702,2928668
121.844,-30.062,163.517,2928689
121.579,-29.868,163.467,2928710
121.346,-29.787,163.428,2928731
121.251,-29.917,163.365,2928752
121.338,-29.700,163.226,2928773
121.309,-29.921,162.994,2928794
121.459,-30.190,162.823,2928815
121.388,-30.251,162.562,2928836
121.257,-30.561,162.399,2928857
120.986,-30.433,162.257,2928878
120.991,-30.586,162.189,2928899
120.709,-30.478,161.970,2928920
120.538,-30.537,161.889,2928941
120.399,-30.400,161.740,2928962
120.353,-30.642,161.573,2928983
120.540,-30.938,161.344,2929004
120.721,-31.014,160.993,2929025
120.900,-31.178,160.633,2929046
121.053,-31.135,160.276,2929067
120.803,-31.229,159.922,2929088
120.674,-31.218,159.758,2929109
120.434,-30.975,159.522,2929130
120.452,-30.940,159.323,2929151
120.242,-31.142,159.031,2929172
120.446,-31.029,158.854,2929193
120.212,-31.001,158.447,2929214
120.391,-30.966,158.274,2929235
120.417,-30.863,157.856,2929256
120.225,-30.618,157.484,2929277
120.432,-30.549,157.256,2929298
120.628,-30.476,156.817,2929319
120.536,-30.389,156.367,2929340
120.415,-30.519,156.073,2929361
120.642,-30.607,155.791,2929382
120.691,-30.608,155.347,2929403
120.915,-30.833,154.973,2929424
121.133,-30.756,154.512,2929445
121.264,-30.824,154.049,2929466
121.114,-30.694,153.639,2929487
120.928,-30.545,153.345,2929508
120.777,-30.535,153.071,2929529
120.718,-30.677,152.763,2929550
120.559,-30.893,152.459,2929571
120.697,-30.799,152.183,2929592
120.545,-30.724,151.864,2929613
120.694,-30.854,151.681,2929634
120.873,-30.806,151.342,2929655
121.050,-31.041,150.977,2929676
120.836,-31.120,150.619,2929697
120.643,-31.112,150.476,2929718
120.610,-31.077,150.287,2929739
120.611,-30.936,150.052,2929760
120.711,-31.170,149.800,2929781
120.850,-31.373,149.495,2929802
120.736,-31.442,149.149,2929823
120.895,-31.165,148.933,2929844
121.062,-31.068,148.585,2929865
120.925,-30.989,148.248,2929886
120.873,-30.708,148.050,2929907
120.628,-30.423,147.838,2929928
120.558,-30.285,147.721,2929949
120.501,-30.424,147.514,2929970
120.313,-30.558,147.305,2929991
120.146,-30.537,147.149,2930012
120.348,-30.300,146.963,2930033
120.567,-30.208,146.617,2930054
120.661,-30.107,146.252,2930075
120.518,-29.811,145.958,2930096
120.456,-29.829,145.783,2930117
120.646,-29.533,145.593,2930138
120.709,-29.387,145.239,2930159
120.813,-29.571,144.953,2930180
120.631,-29.760,144.654,2930201
120.820,-29.733,144.468,2930222
120.980,-29.870,144.118,2930243
121.178,-29.771,143.783,2930264
121.158,-29.719,143.412,2930285
121.019,-29.979,143.144,2930306
120.873,-30.130,142.944,2930327
120.735,-30.255,142.742,2930348
120.627,-30.256,142.561,2930369
120.847,-30.456,142.337,2930390
121.038,-30.494,141.965,2930411
120.863,-30.483,141.590,2930432
121.064,-30.524,141.406,2930453
121.282,-30.655,141.019,2930474
121.360,-30.717,140.623,2930495
121.372,-30.610,140.291,2930516
121.499,-30.469,139.993,2930537
121.396,-30.774,139.623,2930558
121.211,-30.962,139.373,2930579
121.012,-31.027,139.165,2930600
121.186,-31.112,138.978,2930621
120.948,-31.193,138.581,2930642
121.058,-31.110,138.405,2930663
121.183,-31.206,138.040,2930684
121.251,-31.002,137.689,2930705
121.340,-30.729,137.357,2930726
121.096,-30.455,137.015,2930747
121.160,-30.213,136.847,2930768
120.929,-30.269,136.544,2930789
121.011,-30.192,136.354,2930810
121.159,-29.893,136.008,2930831
121.271,-29.710,135.653,2930852
121.421,-29.470,135.294,2930873
121.299,-29.224,134.919,2930894
121.164,-29.233,134.667,2930915
121.317,-28.957,134.438,2930936
121.523,-29.053,134.060,2930957
121.371,-29.146,133.628,2930978
121.291,-29.161,133.365,2930999
121.147,-29.293,133.056,2931020
121.367,-29.360,132.763,2931041
121.313,-29.598,132.270,2931062
121.548,-29.490,131.896,2931083
121.760,-29.583,131.414,2931104
121.994,-29.667,130.930,2931125
121.876,-29.842,130.423,2931146
121.900,-30.103,130.085,2931167
121.829,-30.105,129.669,2931188
121.941,-30.423,129.303,2931209
122.018,-30.869,128.837,2931230
121.927,-31.270,128.373,2931251
122.002,-31.243,127.987,2931272
122.235,-31.575,127.521,2931293
122.430,-31.576,126.954,2931314
122.221,-31.725,126.417,2931335
121.992,-31.780,126.071,2931356
122.117,-31.825,125.714,2931377
122.263,-31.753,125.163,2931398
122.085,-31.682,124.603,2931419
121.761,-31.831,124.208,2931440
121.783,-31.643,123.897,2931461
121.528,-31.725,123.392,2931482
121.493,-31.382,123.045,2931503
121.301,-31.103,122.600,2931524
121.155,-30.724,122.216,2931545
120.810,-30.329,121.815,2931566
120.690,-30.060,121.478,2931587
120.415,-29.673,121.037,2931608
120.311,-29.580,120.667,2931629
120.078,-29.654,120.197,2931650
119.983,-29.617,119.768,2931671
120.145,-29.313,119.270,2931692
120.217,-29.318,118.630,2931713
120.329,-29.510,118.032,2931734
120.545,-29.373,117.448,2931755
120.410,-29.419,116.814,2931776
120.347,-29.370,116.339,2931797
120.297,-29.577,115.843,2931818
120.484,-29.804,115.327,2931839
120.832,-29.734,114.682,2931860
121.138,-29.977,113.968,2931881
121.244,-30.305,113.253,2931902
121.598,-30.661,112.597,2931923
121.962,-30.851,111.849,2931944
121.960,-31.018,111.078,2931965
122.163,-30.965,110.501,2931986
122.058,-30.902,109.810,2932007
122.191,-31.052,109.259,2932028
122.434,-31.358,108.579,2932049
122.212,-31.442,107.863,2932070
122.006,-31.418,107.383,2932091
122.173,-31.456,106.893,2932112
122.141,-31.340,106.195,2932133
122.077,-31.074,105.607,2932154
121.861,-31.224,105.037,2932175
122.016,-30.962,104.563,2932196
121.792,-30.798,103.856,2932217
121.552,-30.663,103.322,2932238
121.692,-30.618,102.795,2932260
121.612,-30.482,102.052,2932281
121.710,-30.167,101.449,2932302
121.742,-29.998,100.735,2932323
121.808,-29.779,100.073,2932344
121.737,-29.661,99.397,2932365
121.471,-29.769,98.786,2932386
121.210,-29.463,98.269,2932407
121.007,-29.510,97.758,2932428
120.723,-29.614,97.203,2932449
120.447,-29.490,96.678,2932470
120.364,-29.306,96.151,2932491
120.452,-29.497,95.499,2932512
120.668,-29.318,94.756,2932533
120.894,-29.279,93.964,2932554
120.924,-29.191,93.161,2932575
120.820,-29.464,92.452,2932596
120.813,-29.478,91.800,2932617
121.085,-29.412,91.096,2932638
121.392,-29.710,90.254,2932659
121.703,-29.957,89.377,2932680
121.689,-30.186,88.476,2932701
121.848,-30.484,87.746,2932722
122.120,-30.374,86.890,2932743
122.299,-30.357,85.984,2932764
122.209,-30.278,85.116,2932785
122.561,-30.332,84.364,2932806
122.487,-30.486,83.378,2932827
122.816,-30.529,82.592,2932848
122.803,-30.743,81.562,2932869
123.053,-30.621,80.692,2932890
123.112,-30.771,79.699,2932911
123.325,-30.620,78.761,2932932
123.486,-30.763,77.750,2932953
123.267,-30.671,76.743,2932974
123.038,-30.673,75.951,2932995
122.910,-30.694,75.133,2933016
122.628,-30.844,74.284,2933037
122.635,-30.712,73.512,2933058
122.557,-30.800,72.588,2933079
122.588,-30.460,71.691,2933100
122.412,-30.513,70.753,2933121
122.344,-30.151,69.903,2933142
122.031,-29.852,68.995,2933163
121.775,-29.644,68.189,2933184
121.673,-29.713,67.323,2933205
121.464,-29.413,66.394,2933226
121.469,-29.518,65.496,2933247
121.627,-29.747,64.475,2933268
121.413,-29.744,63.395,2933289
121.567,-29.629,62.479,2933310
121.762,-29.832,61.365,2933331
121.959,-29.977,60.230,2933352
122.205,-30.040,59.062,2933373
122.446,-30.076,57.862,2933394
122.560,-30.146,56.651,2933415
122.669,-30.400,55.482,2933436
122.988,-30.211,54.323,2933457
122.974,-30.288,53.036,2933478
122.964,-30.465,51.923,2933499
123.022,-30.633,50.787,2933520
123.268,-30.473,49.609,2933541
123.296,-30.339,48.337,2933562
123.205,-30.152,47.183,2933583
123.113,-30.202,46.083,2933604
122.967,-30.335,44.977,2933625
122.799,-30.318,43.909,2933646
122.957,-30.373,42.840,2933667
123.165,-30.539,41.596,2933688
123.767,-30.514,40.301,2933709
124.251,-29.958,39.715,2933730
124.627,-29.236,39.171,2933751
124.979,-28.526,38.654,2933772
125.362,-27.880,38.139,2933793
125.661,-27.301,37.560,2933814
125.704,-26.786,37.014,2933835
125.713,-26.502,36.565,2933856
126.038,-26.228,36.099,2933877
126.238,-26.230,35.490,2933898
126.474,-26.346,34.901,2933919
126.297,-26.215,34.290,2933940
126.342,-26.361,33.837,2933961
126.126,-26.315,33.250,2933982
126.115,-26.258,32.751,2934003
125.686,-26.486,32.143,2934024
125.515,-26.719,31.696,2934045
125.441,-26.961,31.296,2934066
125.445,-26.909,30.833,2934087
125.200,-27.116,30.315,2934108
124.837,-27.091,29.907,2934129
124.688,-27.478,29.516,2934150
124.367,-27.936,29.009,2934171
124.017,-28.175,28.624,2934192
123.654,-28.166,28.239,2934213
123.295,-28.419,27.825,2934234
123.048,-28.629,27.420,2934255
123.108,-28.984,26.933,2934276
123.132,-29.272,26.290,2934297
123.161,-29.605,25.662,2934318
122.845,-29.874,25.007,2934339
122.878,-30.249,24.532,2934360
122.840,-30.433,23.836,2934381
122.544,-30.457,23.182,2934402
122.236,-30.461,22.635,2934423
122.347,-30.634,22.051,2934444
122.110,-30.876,21.269,2934465
122.249,-31.073,20.630,2934486
122.017,-31.294,19.792,2934507
122.063,-31.466,19.149,2934528
122.240,-31.341,18.365,2934549
122.004,-31.466,17.462,2934570
121.828,-31.517,16.776,2934591
121.709,-31.305,16.061,2934612
121.884,-31.451,15.289,2934633
122.028,-31.357,14.343,2934654
122.193,-31.167,13.412,2934675
122.225,-31.215,12.503,2934696
122.123,-30.929,11.668,2934717
122.262,-31.004,10.874,2934738
122.040,-30.882,9.957,2934759
121.811,-30.584,9.228,2934780
121.641,-30.376,8.495,2934801
121.509,-30.102,7.721,2934822
121.678,-29.835,6.925,2934843
121.573,-29.580,5.963,2934864
121.647,-29.636,5.152,2934885
121.926,-29.851,4.248,2934906
121.939,-29.888,3.249,2934927
122.172,-29.672,2.380,2934948
122.243,-29.751,1.398,2934969
122.333,-30.030,0.497,2934990
122.498,-29.920,359.584,2935011
122.329,-29.854,358.627,2935032
122.207,-29.899,357.842,2935053
122.431,-30.085,357.056,2935074
122.593,-30.262,356.087,2935095
122.646,-30.332,355.171,2935116
122.574,-30.664,354.303,2935137
122.431,-30.992,353.488,2935158
122.455,-30.873,352.700,2935179
122.173,-31.139,351.803,2935200
121.869,-31.191,351.056,2935221
121.779,-31.157,350.317,2935242
121.796,-31.006,349.471,2935263
121.712,-30.906,348.531,2935284
121.428,-31.208,347.656,2935305
121.545,-31.285,346.887,2935326
121.361,-31.363,345.896,2935347
121.084,-31.152,345.035,2935368
120.829,-31.014,344.234,2935389
120.939,-30.849,343.420,2935410
120.916,-30.840,342.388,2935431
120.742,-30.930,341.433,2935452
120.846,-30.631,340.481,2935473
120.706,-30.438,339.387,2935494
120.792,-30.071,338.380,2935515
120.941,-30.080,337.250,2935536
121.039,-29.898,336.047,2935557
120.844,-29.619,334.867,2935578
121.018,-29.439,333.787,2935599
120.854,-29.510,332.508,2935620
120.876,-29.484,331.393,2935641
120.781,-29.203,330.167,2935662
121.041,-28.995,328.974,2935683
120.923,-29.046,327.594,2935704
121.188,-28.970,326.348,2935725
121.414,-29.147,324.924,2935746
121.528,-29.022,323.490,2935767
121.816,-28.818,322.082,2935788
121.727,-28.963,320.572,2935809
121.657,-28.963,319.216,2935830
121.992,-29.075,317.827,2935851
122.083,-29.168,316.231,2935872
122.382,-29.459,314.744,2935893
122.695,-29.440,313.125,2935914
122.967,-29.677,311.493,2935935
123.229,-29.674,309.873,2935956
123.499,-29.669,308.275,2935977
123.378,-29.648,306.627,2935998
123.278,-29.811,305.137,2936019
123.104,-29.692,303.664,2936040
123.075,-29.792,302.242,2936061
122.850,-29.645,300.698,2936082
122.927,-29.707,299.256,2936103
123.057,-29.946,297.673,2936124
123.170,-30.051,296.074,2936145
123.265,-29.989,294.479,2936166
122.928,-29.956,292.896,2936187
122.593,-29.839,291.508,2936208
122.596,-29.940,290.120,2936229
122.214,-30.135,288.587,2936250
121.808,-30.171,287.268,2936271
121.820,-30.202,286.001,2936292
121.497,-30.440,284.506,2936313
121.576,-30.444,283.189,2936334
121.439,-30.400,281.679,2936355
121.586,-30.246,280.297,2936376
121.477,-30.245,278.762,2936397
121.596,-30.096,277.377,2936418
121.372,-30.354,275.908,2936439
121.226,-30.402,274.622,2936460
121.046,-30.637,273.311,2936481
121.265,-30.695,272.015,2936502
121.556,-30.620,270.544,2936523
121.862,-30.661,269.024,2936544
122.214,-30.615,267.524,2936565
122.395,-30.543,266.013,2936586
122.748,-30.271,264.587,2936607
122.594,-30.128,263.098,2936628
122.134,-30.181,261.816,2936649
121.751,-30.408,260.734,2936670
121.318,-30.655,259.598,2936691
120.966,-30.709,258.464,2936712
121.042,-30.805,257.291,2936733
121.113,-30.761,255.900,2936754
121.170,-30.680,254.517,2936775
121.140,-30.498,253.134,2936796
120.962,-30.230,251.757,2936817
121.253,-29.918,250.457,2936838
121.525,-29.618,250.601,2936859
121.810,-29.236,250.672,2936880
122.268,-28.845,250.645,2936901
122.587,-28.127,250.468,2936922
123.066,-27.877,250.327,2936943
123.342,-27.405,250.058,2936964
123.564,-27.072,249.778,2936985
123.429,-26.824,249.485,2937006
123.557,-26.499,249.315,2937027
123.250,-26.360,249.003,2937048
123.129,-26.268,248.849,2937069
122.859,-26.501,248.590,2937090
122.947,-26.596,248.351,2937111
123.024,-26.726,247.933,2937132
123.073,-26.837,247.494,2937153
122.905,-26.827,247.013,2937174
122.814,-27.207,246.615,2937195
122.511,-27.188,246.157,2937216
122.200,-27.222,245.793,2937237
121.899,-27.399,245.396,2937258
121.744,-27.734,244.987,2937279
121.541,-28.198,244.497,2937300
121.616,-28.630,244.019,2937321
121.692,-28.983,243.400,2937342
121.913,-29.112,242.838,2937363
121.804,-29.090,242.614,2937384
121.989,-29.255,242.483,2937405
121.845,-29.211,242.201,2937426
121.780,-29.336,242.042,2937447
122.005,-29.233,241.792,2937468
121.849,-29.319,241.371,2937489
121.971,-29.546,241.119,2937510
121.789,-29.813,240.712,2937531
121.908,-29.672,240.432,2937552
121.598,-29.801,239.981,2937573
121.476,-29.853,239.726,2937594
121.252,-30.089,239.345,2937615
121.215,-29.833,238.999,2937636
121.205,-29.626,238.528,2937657
121.184,-29.425,238.098,2937678
121.150,-29.131,237.852,2937699
120.810,-29.261,237.590,2937720
120.619,-29.248,237.428,2937741
120.271,-29.440,237.181,2937762
120.293,-29.488,236.977,2937783
120.313,-29.429,236.601,2937804
120.247,-29.442,236.202,2937825
119.937,-29.370,235.888,2937846
119.965,-29.400,235.628,2937867
119.919,-29.341,235.272,2937888
119.628,-29.656,234.932,2937909
119.451,-29.700,234.692,2937930
119.569,-29.946,234.357,2937951
119.733,-29.915,233.828,2937972
119.602,-29.975,233.288,2937993
119.829,-30.171,232.876,2938014
121.095,-30.317,232.255,2938035
120.980,-30.533,225.969,2938245
120.926,-30.475,225.387,2938266
121.187,-30.586,224.798,2938287
121.370,-30.612,224.033,2938308
121.446,-30.355,223.321,2938329
121.633,-30.446,222.652,2938350
121.704,-30.236,221.907,2938371
121.834,-29.922,221.227,2938392
121.637,-29.711,220.514,2938413
121.730,-29.678,219.945,2938434
121.478,-29.455,219.238,2938455
121.147,-29.503,218.666,2938476
121.146,-29.464,218.144,2938498
120.821,-29.543,217.460,2938519
120.508,-29.574,216.902,2938540
120.474,-29.340,216.322,2938561
120.211,-29.463,215.611,2938582
120.057,-29.213,214.999,2938603
119.749,-28.978,214.308,2938624
119.703,-28.783,213.680,2938645
119.375,-28.641,212.930,2938666
119.436,-28.627,212.285,2938687
119.254,-28.900,211.469,2938708
119.037,-29.190,210.759,2938729
119.219,-29.306,210.093,2938750
119.479,-29.661,209.241,2938771
119.773,-29.878,208.352,2938792
119.665,-30.152,207.437,2938813
119.805,-30.314,206.702,2938834
119.761,-30.337,205.853,2938855
119.897,-30.627,205.078,2938876
120.214,-31.031,204.244,2938897
120.453,-31.230,203.302,2938918
120.343,-31.227,202.404,2938939
120.261,-31.332,201.689,2938960
120.178,-31.445,200.937,2938981
120.475,-31.341,200.192,2939002
120.376,-31.301,199.248,2939023
120.433,-31.370,198.490,2939044
120.440,-31.100,197.651,2939065
120.511,-30.831,196.836,2939086
120.743,-30.989,195.973,2939107
120.877,-30.956,195.045,2939128
120.895,-31.082,194.166,2939149
120.702,-31.257,193.331,2939170
120.775,-31.163,192.594,2939191
120.804,-30.890,191.717,2939212
120.983,-30.612,190.872,2939233
121.164,-30.472,189.975,2939254
120.947,-30.494,189.030,2939275
120.701,-30.432,188.299,2939296
120.848,-30.269,187.574,2939317
120.975,-30.146,186.653,2939338
121.109,-29.920,185.758,2939359
120.970,-29.757,184.844,2939380
121.144,-29.827,184.057,2939401
121.261,-29.776,183.138,2939422
121.081,-29.927,182.254,2939443
120.868,-29.745,181.534,2939464
120.696,-29.722,180.818,2939485
120.560,-29.634,180.090,2939506
120.699,-29.498,179.333,2939527
120.936,-29.757,178.485,2939548
120.853,-29.757,177.556,2939569
120.939,-29.942,176.792,2939590
121.121,-30.236,175.969,2939611
121.030,-30.181,175.109,2939632
120.894,-30.105,174.372,2939653
120.702,-30.096,173.669,2939674
120.489,-30.205,173.025,2939695
120.480,-30.347,172.408,2939716
120.657,-30.689,171.684,2939737
120.796,-30.876,170.873,2939758
120.896,-31.146,170.119,2939779
121.051,-31.052,169.395,2939800
120.953,-31.027,168.656,2939821
120.748,-30.892,168.049,2939842
120.658,-30.984,167.496,2939863
120.583,-30.807,166.880,2939884
120.371,-31.057,166.268,2939905
120.514,-30.961,165.728,2939926
120.380,-31.035,165.002,2939947
121.036,-30.833,164.443,2939968
121.641,-31.298,164.066,2939989
122.122,-31.586,163.703,2940010
122.649,-31.994,163.370,2940031
122.746,-32.272,163.011,2940052
122.817,-32.307,162.846,2940073
122.898,-32.432,162.686,2940094
122.955,-32.652,162.547,2940115
123.297,-32.511,162.403,2940136
123.597,-32.536,162.102,2940157
123.808,-32.572,161.817,2940178
123.765,-32.439,161.552,2940199
123.751,-32.045,161.403,2940220
123.816,-31.621,161.238,2940241
123.652,-31.376,160.996,2940262
123.320,-30.869,160.881,2940283
122.990,-30.403,160.843,2940304
122.728,-30.246,160.803,2940325
122.687,-30.139,160.717,2940346
122.314,-29.745,160.538,2940367
122.310,-29.537,160.496,2940388
122.352,-29.403,160.274,2940409
122.058,-29.257,159.996,2940430
122.261,-28.840,159.880,2940451
122.093,-28.673,159.629,2940472
122.175,-28.524,159.577,2940493
122.005,-28.685,159.362,2940514
121.848,-28.671,159.264,2940535
122.085,-28.715,159.128,2940556
121.945,-28.744,158.825,2940577
122.102,-28.947,158.670,2940598
122.349,-29.325,158.375,2940619
122.570,-29.412,158.015,2940640
122.845,-29.483,157.672,2940661
122.762,-29.768,157.288,2940682
122.601,-29.845,157.095,2940703
122.432,-30.112,156.937,2940724
122.249,-30.382,156.802,2940745
122.416,-30.572,156.690,2940766
122.193,-31.039,156.383,2940787
122.369,-31.367,156.269,2940808
122.411,-31.638,155.935,2940829
122.525,-32.106,155.671,2940850
122.237,-32.222,155.340,2940871
121.923,-32.446,155.222,2940892
121.947,-32.543,155.097,2940913
121.674,-32.775,154.785,2940934
121.635,-32.869,154.661,2940955
121.729,-32.688,154.428,2940976
121.409,-32.770,154.095,2940997
121.585,-32.757,154.005,2941018
121.760,-32.727,153.652,2941039
121.653,-32.710,153.271,2941060
121.720,-32.840,153.048,2941081
121.521,-32.583,152.730,2941102
121.323,-32.398,152.588,2941123
121.284,-32.167,152.443,2941144
121.534,-32.222,152.218,2941165
121.801,-32.117,151.853,2941186
121.720,-31.939,151.449,2941207
121.737,-31.662,151.239,2941228
122.028,-31.314,150.949,2941249
122.250,-31.095,150.486,2941270
122.421,-30.795,150.066,2941291
122.331,-30.498,149.659,2941312
122.172,-30.507,149.382,2941333
122.012,-30.252,149.150,2941354
122.110,-30.016,148.940,2941375
122.327,-30.163,148.585,2941396
122.588,-30.241,148.160,2941417
122.868,-30.279,147.713,2941438
123.138,-30.291,147.222,2941459
123.036,-30.389,146.736,2941480
123.115,-30.345,146.404,2941501
123.194,-30.143,145.963,2941522
123.032,-29.968,145.532,2941543
123.134,-30.091,145.213,2941564
123.345,-30.392,144.735,2941585
123.375,-30.574,144.195,2941606
123.266,-30.487,143.742,2941627
123.348,-30.776,143.324,2941648
123.525,-31.155,142.799,2941669
123.711,-31.342,142.205,2941690
123.475,-31.514,141.583,2941711
123.229,-31.613,141.186,2941732
122.993,-31.850,140.744,2941753
122.744,-32.059,140.312,2941774
122.509,-32.174,139.871,2941795
122.264,-32.331,139.417,2941816
122.333,-32.364,138.924,2941837
122.485,-32.649,138.240,2941858
122.373,-32.594,137.506,2941879
122.442,-32.785,136.922,2941900
122.304,-32.576,136.221,2941921
122.150,-32.358,135.623,2941942
121.947,-32.400,135.037,2941963
122.139,-32.275,134.464,2941984
121.974,-32.214,133.668,2942005
122.124,-31.940,133.061,2942026
122.025,-31.774,132.261,2942047
122.159,-31.457,131.573,2942068
122.248,-31.227,130.783,2942089
122.343,-30.999,129.972,2942110
122.116,-30.811,129.188,2942131
122.289,-30.792,128.559,2942152
122.333,-30.760,127.705,2942173
122.133,-30.903,126.904,2942194
121.939,-30.751,126.217,2942215
122.172,-30.677,125.554,2942236
122.226,-30.635,124.670,2942257
122.409,-30.390,123.869,2942278
122.244,-30.594,122.975,2942299
122.505,-30.616,122.262,2942320
122.525,-30.624,121.302,2942341
122.417,-30.487,120.458,2942362
122.348,-30.680,119.680,2942383
122.639,-30.877,118.880,2942404
122.835,-31.121,117.905,2942425
122.863,-31.030,116.998,2942446
122.772,-31.355,116.137,2942467
123.030,-31.406,115.355,2942488
123.297,-31.382,114.367,2942509
123.369,-31.507,113.377,2942530
123.623,-31.321,112.479,2942551
123.497,-31.527,111.484,2942572
123.352,-31.479,110.662,2942593
123.579,-31.537,109.846,2942614
123.520,-31.762,108.844,2942635
123.768,-31.977,107.997,2942656
123.817,-32.020,106.966,2942677
123.912,-31.856,106.025,2942698
123.643,-31.713,105.061,2942719
123.775,-31.582,104.285,2942740
123.535,-31.622,103.302,2942761
123.253,-31.431,102.531,2942782
123.066,-31.481,101.779,2942803
123.203,-31.576,100.972,2942824
123.149,-31.411,100.006,2942845
122.924,-31.121,99.137,2942866
123.128,-31.105,98.321,2942887
122.958,-31.131,97.300,2942908
121.079,-30.925,96.470,2942929
121.070,-29.959,55.541,2945009
120.984,-30.202,55.040,2945030
121.157,-30.442,54.569,2945051
121.280,-30.566,53.963,2945072
121.486,-30.823,53.355,2945093
121.347,-30.778,52.688,2945114
121.594,-30.654,52.186,2945135
121.786,-30.771,51.507,2945156
121.752,-30.640,50.829,2945177
122.003,-30.451,50.254,2945198
121.868,-30.444,49.564,2945219
121.733,-30.389,49.031,2945240
121.602,-30.467,48.489,2945261
121.728,-30.515,47.932,2945282
121.597,-30.754,47.248,2945303
121.747,-30.831,46.697,2945324
121.962,-30.651,45.983,2945345
122.212,-30.824,45.234,2945366
122.140,-30.800,44.483,2945387
122.292,-30.614,43.891,2945408
122.079,-30.521,43.161,2945429
121.980,-30.583,42.593,2945450
121.749,-30.731,41.962,2945471
121.846,-30.751,41.377,2945492
121.977,-30.642,40.616,2945513
122.067,-30.619,39.832,2945534
121.807,-30.540,39.097,2945555
121.546,-30.355,38.539,2945576
121.244,-30.205,37.972,2945597
121.033,-30.121,37.400,2945618
121.168,-30.342,36.782,2945639
121.260,-30.409,35.983,2945660
121.340,-30.596,35.218,2945681
121.344,-30.769,34.400,2945702
121.483,-31.022,33.649,2945723
121.321,-30.965,32.858,2945744
121.147,-30.809,32.223,2945765
121.207,-30.984,31.585,2945786
121.155,-30.848,30.808,2945807
120.949,-30.657,30.096,2945828
120.916,-30.652,29.460,2945849
121.108,-30.929,28.748,2945870
121.076,-30.944,27.920,2945891
120.924,-31.221,27.184,2945912
121.174,-31.203,26.525,2945933
121.412,-31.278,25.669,2945954
121.362,-31.380,24.828,2945975
121.229,-31.199,24.137,2945996
121.319,-31.289,23.496,2946017
121.529,-31.106,22.737,2946038
121.384,-31.251,21.896,2946059
121.619,-31.231,21.241,2946080
121.471,-31.270,20.387,2946101
121.548,-31.243,19.727,2946122
121.577,-30.991,18.967,2946143
121.769,-31.165,18.237,2946164
121.992,-31.014,17.432,2946185
122.221,-30.901,16.610,2946206
122.061,-30.874,15.804,2946227
122.039,-30.756,15.179,2946248
122.148,-30.953,14.477,2946269
122.021,-30.756,13.718,2946290
122.229,-30.878,13.092,2946311
122.427,-30.871,12.279,2946332
122.616,-30.915,11.497,2946353
122.390,-30.949,10.712,2946374
122.184,-30.776,10.141,2946395
121.951,-30.832,9.574,2946416
122.007,-30.687,9.029,2946437
122.152,-30.939,8.339,2946458
122.141,-31.095,7.596,2946479
121.910,-30.890,6.940,2946500
122.070,-30.757,6.415,2946521
122.014,-30.790,5.695,2946542
122.148,-30.560,5.079,2946563
121.998,-30.728,4.391,2946584
121.769,-30.880,3.836,2946605
121.548,-30.900,3.358,2946626
121.418,-30.888,2.867,2946647
121.398,-31.066,2.347,2946668
121.265,-30.895,1.770,2946689
121.505,-31.016,1.223,2946710
121.754,-31.019,0.483,2946731
122.011,-31.012,359.756,2946752
122.141,-30.970,359.008,2946773
122.243,-30.735,358.316,2946794
122.262,-30.457,357.637,2946815
122.342,-30.121,356.961,2946836
122.164,-30.238,356.255,2946857
122.361,-30.061,355.685,2946878
122.323,-30.094,354.921,2946899
122.284,-30.122,354.261,2946920
122.493,-30.171,353.607,2946941
122.395,-29.915,352.827,2946962
122.401,-29.646,352.213,2946983
122.644,-29.769,351.534,2947004
122.469,-29.664,350.727,2947025
122.594,-29.590,350.153,2947046
122.770,-29.364,349.431,2947067
122.798,-29.274,348.699,2947088
122.969,-29.028,348.021,2947109
122.739,-29.126,347.261,2947130
122.652,-29.021,346.700,2947151
122.796,-28.834,346.050,2947172
122.967,-29.019,345.309,2947193
122.854,-29.119,344.525,2947214
122.632,-29.403,343.868,2947235
122.514,-29.464,343.256,2947256
122.354,-29.745,342.578,2947277
122.298,-29.941,341.951,2947298
122.275,-30.276,341.261,2947319
122.295,-30.172,340.544,2947340
122.452,-30.467,339.821,2947361
122.280,-30.432,339.027,2947382
122.154,-30.587,338.386,2947403
122.327,-30.423,337.722,2947424
122.405,-30.554,336.881,2947445
122.198,-30.400,336.107,2947466
121.960,-30.477,335.444,2947487
122.124,-30.427,334.789,2947508
121.998,-30.400,333.958,2947529
122.132,-30.268,333.282,2947550
122.291,-30.435,332.490,2947571
122.354,-30.369,331.701,2947592
122.496,-30.207,330.961,2947613
122.264,-30.097,330.179,2947634
122.037,-30.048,329.574,2947655
122.167,-30.057,328.966,2947676
121.944,-30.182,328.177,2947697
121.961,-30.136,327.561,2947718
121.776,-29.856,326.825,2947739
121.984,-29.784,326.170,2947760
122.178,-29.826,325.339,2947781
122.104,-29.761,324.512,2947802
122.143,-29.530,323.843,2947823
122.010,-29.317,323.108,2947844
122.243,-29.436,322.448,2947865
122.313,-29.509,321.633,2947886
122.137,-29.775,320.899,2947907
122.264,-29.794,320.274,2947928
122.234,-30.056,319.489,2947949
122.449,-29.899,318.761,2947970
122.683,-29.923,317.908,2947991
122.823,-29.920,317.027,2948012
122.634,-29.789,316.198,2948033
122.839,-29.881,315.553,2948054
122.649,-30.049,314.691,2948075
122.736,-30.139,314.024,2948096
122.928,-29.976,313.217,2948117
122.763,-30.206,312.333,2948138
122.987,-30.117,311.640,2948159
122.848,-30.269,310.732,2948180
122.770,-30.223,310.031,2948201
122.954,-30.065,309.295,2948222
122.841,-30.313,308.431,2948243
122.820,-30.180,307.718,2948264
122.623,-29.944,306.942,2948285
122.437,-30.003,306.233,2948306
122.211,-30.115,305.496,2948327
122.409,-30.066,304.784,2948348
122.610,-30.111,303.867,2948369
122.795,-30.173,302.949,2948390
122.836,-30.174,302.060,2948411
123.036,-29.986,301.236,2948432
122.811,-29.976,300.333,2948453
122.944,-29.949,299.624,2948474
122.676,-29.906,298.752,2948495
122.518,-29.959,298.055,2948516
122.541,-29.765,297.289,2948537
122.521,-29.976,296.466,2948558
122.345,-30.151,295.645,2948579
122.270,-30.307,294.916,2948600
122.370,-30.072,294.159,2948621
122.135,-29.971,293.296,2948642
122.264,-29.792,292.641,2948663
122.103,-29.570,291.814,2948684
122.350,-29.577,291.123,2948705
122.597,-29.510,290.229,2948726
122.425,-29.474,289.339,2948747
122.669,-29.303,288.629,2948768
122.564,-29.224,287.744,2948789
122.656,-29.308,287.009,2948810
122.664,-29.065,286.169,2948831
122.471,-28.844,285.376,2948852
122.172,-28.606,284.672,2948873
122.113,-28.613,283.995,2948894
121.967,-28.530,283.187,2948915
121.787,-28.889,282.394,2948936
121.896,-29.250,281.623,2948957
121.972,-29.529,280.689,2948978
121.827,-29.630,279.774,2948999
121.714,-30.032,278.958,2949020
121.886,-30.466,278.124,2949041
121.652,-30.788,277.149,2949062
121.637,-30.977,276.377,2949083
121.388,-31.035,275.437,2949104
121.106,-31.366,274.585,2949125
121.059,-31.592,273.730,2949146
121.145,-32.091,272.707,2949167
120.865,-32.443,271.591,2949188
120.947,-32.774,270.650,2949209
120.984,-32.961,269.470,2949230
120.621,-33.001,268.288,2949251
120.293,-33.036,267.275,2949272
119.865,-32.938,266.246,2949293
119.470,-32.962,265.276,2949314
119.392,-33.124,264.261,2949335
119.208,-33.282,263.055,2949356
119.101,-33.101,261.860,2949377
118.699,-33.051,260.590,2949398
118.552,-32.750,259.460,2949419
118.040,-32.600,258.140,2949440
117.532,-32.380,256.974,2949461
117.138,-32.211,255.782,2949482
116.815,-31.883,254.535,2949503
116.306,-31.581,253.228,2949524
116.193,-31.492,252.027,2949545
115.700,-31.585,250.604,2949566
115.511,-31.679,249.376,2949587
115.074,-31.546,247.997,2949608
114.935,-31.720,246.721,2949629
114.598,-32.014,245.293,2949650
114.282,-31.865,243.957,2949671
113.966,-31.683,242.618,2949692
113.668,-31.535,241.269,2949713
113.755,-31.710,239.888,2949734
113.922,-31.811,238.325,2949755
114.050,-31.965,236.724,2949776
114.220,-32.217,235.162,2949797
114.238,-32.125,233.615,2949818
114.564,-32.355,232.174,2949839
114.916,-32.302,230.554,2949860
114.971,-32.251,228.951,2949881
115.061,-32.224,227.498,2949902
115.448,-32.173,226.037,2949923
115.987,-32.059,224.424,2949944
116.529,-32.150,222.750,2949965
117.119,-32.258,221.056,2949986
117.741,-32.264,219.370,2950007
118.152,-32.281,217.671,2950028
118.730,-32.471,216.093,2950049
119.061,-32.304,214.478,2950070
119.554,-32.110,212.994,2950091
120.087,-31.837,211.450,2950112
120.645,-31.515,209.894,2950133
121.327,-31.615,208.336,2950154
122.011,-31.414,206.689,2950176
122.785,-31.315,205.052,2950197
123.663,-31.704,205.645,2950218
124.523,-32.527,206.280,2950239
124.875,-33.214,206.783,2950260
125.258,-33.186,206.326,2950281
125.599,-33.545,205.799,2950302
125.676,-33.822,205.285,2950323
125.853,-34.221,204.860,2950344
126.006,-34.295,204.419,2950365
125.754,-34.494,203.974,2950386
125.415,-34.443,203.745,2950407
125.330,-34.517,203.562,2950428
125.058,-34.381,203.239,2950449
124.539,-34.092,202.980,2950470
123.979,-33.971,202.868,2950491
123.331,-33.689,202.777,2950512
122.822,-33.428,202.724,2950533
122.467,-33.281,203.080,2950554
121.989,-33.432,203.311,2950575
121.433,-33.490,203.628,2950596
121.198,-33.506,203.934,2950617
120.554,-33.287,204.035,2950638
119.921,-33.094,204.355,2950659
119.301,-32.977,204.620,2950680
118.692,-32.782,204.881,2950701
118.535,-32.582,205.085,2950722
118.407,-32.454,205.038,2950743
118.305,-32.281,204.951,2950764
118.124,-32.076,204.852,2950785
117.910,-32.084,204.755,2950806
117.678,-31.668,204.640,2950827
117.581,-31.264,204.515,2950848
117.583,-31.421,204.527,2950869
117.671,-31.132,204.458,2950890
117.572,-31.262,204.321,2950911
117.440,-30.971,204.243,2950932
117.430,-30.964,204.151,2950953
117.373,-31.080,203.950,2950974
117.752,-30.966,203.721,2950995
118.138,-30.992,203.250,2951016
118.465,-31.143,202.735,2951037
118.777,-30.967,202.209,2951058
118.982,-30.786,201.682,2951079
119.216,-30.626,201.181,2951100
119.399,-30.443,200.628,2951121
119.824,-30.621,200.053,2951142
120.282,-30.790,199.352,2951163
120.405,-30.879,198.625,2951184
120.804,-30.953,198.041,2951205
121.261,-30.801,197.308,2951226
121.669,-30.784,196.523,2951247
122.015,-30.874,195.765,2951268
122.351,-30.716,195.033,2951289
122.379,-30.516,194.312,2951310
122.540,-30.581,193.721,2951331
122.554,-30.334,193.028,2951352
122.906,-30.427,192.386,2951373
123.090,-30.572,191.566,2951394
123.431,-30.369,190.831,2951415
123.734,-30.461,190.004,2951436
123.668,-30.596,189.178,2951457
123.582,-30.436,188.516,2951478
123.685,-30.332,187.882,2951499
123.559,-30.093,187.124,2951520
122.169,-30.187,186.521,2951541
121.720,-29.806,178.635,2951793
121.271,-29.837,178.027,2951814
121.192,-29.862,177.374,2951835
121.192,-30.117,176.534,2951856
120.950,-30.205,175.622,2951877
121.019,-30.448,174.811,2951898
120.719,-30.489,173.829,2951919
120.517,-30.568,173.001,2951940
120.510,-30.726,172.121,2951961
120.541,-31.148,171.149,2951982
120.862,-31.158,170.151,2952003
120.815,-31.432,168.999,2952024
121.159,-31.687,168.044,2952045
121.541,-31.854,166.865,2952066
121.815,-32.184,165.672,2952087
121.837,-32.222,164.518,2952108
121.835,-32.213,163.503,2952129
122.224,-32.410,162.490,2952150
122.204,-32.458,161.276,2952171
122.571,-32.535,160.263,2952192
122.960,-32.468,159.043,2952213
123.297,-32.468,157.795,2952234
123.636,-32.326,156.589,2952255
123.936,-32.251,155.354,2952276
123.932,-32.059,154.139,2952297
124.239,-31.732,153.085,2952318
124.119,-31.616,151.843,2952339
123.989,-31.539,150.817,2952360
123.794,-31.484,149.780,2952381
123.987,-31.374,148.760,2952402
123.749,-31.261,147.552,2952423
123.696,-31.036,146.535,2952444
123.811,-30.690,145.387,2952465
123.633,-30.691,144.151,2952486
123.630,-30.814,143.039,2952507
123.346,-30.598,141.839,2952528
123.033,-30.368,140.761,2952549
123.029,-30.202,139.682,2952570
123.035,-30.140,138.432,2952591
123.113,-30.349,137.159,2952612
123.025,-30.491,135.871,2952633
123.070,-30.345,134.657,2952654
123.085,-30.285,133.360,2952675
123.254,-30.143,132.085,2952696
123.158,-30.273,130.696,2952717
122.982,-30.515,129.449,2952738
122.920,-30.373,128.200,2952759
122.710,-30.648,126.862,2952780
122.622,-30.808,125.568,2952801
122.387,-31.096,124.201,2952822
122.557,-31.224,122.901,2952843
122.385,-31.241,121.399,2952864
122.424,-31.455,120.056,2952885
122.687,-31.374,118.593,2952906
122.717,-31.410,117.013,2952927
122.667,-31.278,115.548,2952948
123.003,-31.346,114.126,2952969
123.424,-31.284,112.493,2952990
123.804,-31.384,110.799,2953011
124.228,-31.553,109.141,2953032
124.606,-31.575,107.432,2953053
124.935,-31.589,105.749,2953074
125.199,-31.414,104.105,2953095
125.085,-31.119,102.499,2953116
124.952,-30.926,101.088,2953137
124.808,-30.690,99.720,2953158
124.778,-30.468,98.357,2953179
124.878,-30.604,96.951,2953200
125.039,-30.370,95.485,2953221
124.988,-30.352,94.011,2953242
125.067,-30.509,92.627,2953263
124.885,-30.328,91.170,2953284
124.594,-30.064,89.829,2953305
124.621,-29.826,88.556,2953326
124.485,-29.672,87.157,2953347
124.124,-29.850,85.843,2953368
124.111,-29.966,84.652,2953389
124.063,-30.034,83.328,2953410
123.867,-30.075,82.019,2953431
123.743,-30.320,80.804,2953452
123.282,-30.219,79.567,2953473
123.304,-30.305,78.499,2953494
123.343,-29.902,77.791,2953515
123.182,-29.246,77.045,2953536
123.122,-28.847,76.374,2953557
122.971,-28.353,75.712,2953578
123.021,-27.974,75.049,2953599
122.995,-28.056,74.321,2953620
123.218,-28.173,73.601,2953641
123.410,-28.089,72.792,2953662
123.244,-28.039,71.987,2953683
123.404,-28.214,71.369,2953704
123.198,-28.500,70.598,2953725
123.298,-28.493,69.981,2953746
123.088,-28.640,69.246,2953767
122.783,-29.076,68.643,2953788
122.694,-29.403,68.077,2953809
122.515,-29.508,67.435,2953830
122.573,-29.991,66.808,2953851
122.501,-30.538,66.053,2953872
122.459,-30.662,65.395,2953893
122.438,-30.770,64.686,2953914
122.204,-31.323,64.002,2953935
121.932,-31.455,63.406,2953956
121.607,-31.798,62.794,2953977
121.496,-31.878,62.198,2953998
121.207,-32.253,61.494,2954019
121.220,-32.533,60.890,2954040
121.313,-32.792,60.101,2954061
121.181,-32.935,59.268,2954082
121.165,-32.707,58.563,2954103
120.866,-32.867,57.809,2954124
120.807,-32.835,57.207,2954145
120.623,-32.519,56.470,2954166
120.337,-32.150,55.781,2954187
120.074,-31.838,55.160,2954208
120.185,-31.739,54.539,2954229
120.084,-31.593,53.709,2954250
120.239,-31.632,52.986,2954271
120.185,-31.578,52.125,2954292
120.335,-31.128,51.382,2954313
120.228,-30.848,50.526,2954334
120.077,-30.498,49.761,2954355
119.954,-30.185,49.038,2954376
120.170,-29.938,48.275,2954397
120.132,-29.713,47.338,2954418
120.336,-29.764,46.530,2954439
120.658,-29.906,45.604,2954460
120.996,-29.868,44.609,2954481
121.189,-29.875,43.565,2954502
121.181,-29.679,42.613,2954523
121.576,-29.618,41.738,2954544
121.765,-29.672,40.641,2954565
121.752,-29.556,39.641,2954586
122.141,-29.660,38.715,2954607
122.352,-29.877,37.607,2954628
122.654,-30.193,36.547,2954649
122.947,-30.483,35.444,2954670
123.230,-30.448,34.333,2954691
123.147,-30.503,33.247,2954712
123.149,-30.477,32.333,2954733
123.194,-30.758,31.366,2954754
123.036,-30.651,30.386,2954775
122.872,-30.686,29.494,2954796
122.973,-30.745,28.601,2954817
122.782,-30.637,27.560,2954838
122.956,-30.774,26.664,2954859
123.112,-30.780,25.590,2954880
123.188,-30.875,24.521,2954901
123.262,-31.076,23.471,2954922
123.100,-30.932,22.443,2954943
123.133,-31.089,21.520,2954964
123.041,-30.905,20.503,2954985
122.956,-30.608,19.547,2955006
122.619,-30.324,18.567,2955027
122.600,-30.274,17.703,2955048
122.524,-30.335,16.718,2955069
122.533,-30.029,15.737,2955090
122.625,-30.082,14.676,2955111
122.352,-29.955,13.583,2955132
122.484,-29.762,12.660,2955153
122.252,-29.718,11.501,2955174
122.017,-29.485,10.498,2955195
121.769,-29.379,9.465,2955216
121.881,-29.214,8.388,2955237
121.702,-28.980,7.122,2955258
121.891,-28.901,5.965,2955279
122.092,-28.765,4.602,2955300
122.270,-28.630,3.218,2955321
122.483,-28.422,1.821,2955342
122.361,-28.271,0.388,2955363
122.619,-28.317,359.078,2955384
122.507,-28.442,357.588,2955405
122.572,-28.361,356.254,2955426
122.470,-28.168,354.841,2955447
122.738,-28.343,353.473,2955468
122.602,-28.488,351.939,2955489
122.837,-28.549,350.612,2955510
122.999,-28.689,349.119,2955531
122.840,-28.626,347.668,2955552
122.720,-28.793,346.376,2955573
122.793,-29.008,345.048,2955594
122.623,-29.315,343.659,2955615
122.581,-29.500,342.387,2955636
122.745,-29.391,341.049,2955657
122.612,-29.530,339.620,2955678
122.722,-29.828,338.342,2955699
122.739,-29.901,336.973,2955720
122.709,-29.861,335.669,2955741
122.492,-29.800,334.410,2955762
122.493,-29.695,333.218,2955783
122.147,-29.683,331.962,2955804
121.828,-29.835,330.870,2955825
121.484,-30.021,329.773,2955846
121.540,-30.194,328.708,2955867
121.539,-30.295,327.462,2955888
120.427,-30.366,326.273,2955909
119.382,-30.576,325.982,2955930
118.650,-30.748,325.642,2955951
117.861,-30.652,325.162,2955972
117.052,-30.940,324.704,2955993
116.676,-31.086,324.267,2956014
115.972,-31.298,323.592,2956035
115.718,-31.412,323.094,2956056
115.165,-31.643,322.362,2956077
114.957,-31.755,321.789,2956098
114.561,-32.048,321.025,2956119
114.536,-32.053,320.368,2956140
114.327,-31.942,319.525,2956161
113.823,-32.004,318.780,2956182
113.772,-32.106,318.268,2956203
113.467,-32.143,317.507,2956224
113.280,-32.190,316.869,2956245
113.119,-32.365,316.135,2956266
113.257,-32.224,315.438,2956287
113.517,-32.437,314.562,2956308
113.790,-32.559,313.634,2956329
114.078,-32.703,312.723,2956350
114.390,-32.668,311.816,2956371
114.700,-32.580,310.895,2956392
115.028,-32.484,309.970,2956413
115.118,-32.367,309.013,2956434
115.499,-32.546,308.191,2956455
115.533,-32.732,307.190,2956476
115.563,-32.672,306.326,2956497
115.987,-32.608,305.475,2956518
116.352,-32.485,304.395,2956539
116.744,-32.250,303.322,2956560
116.851,-32.164,302.192,2956581
116.942,-31.817,301.190,2956602
116.919,-31.870,300.165,2956623
116.556,-31.828,299.305,2956644
116.297,-31.962,298.820,2956665
116.092,-31.958,298.695,2956686
115.936,-31.866,298.499,2956707
116.170,-31.684,298.239,2956728
116.433,-31.441,297.716,2956749
116.802,-31.142,297.180,2956770
116.866,-30.927,296.569,2956791
117.064,-30.533,296.080,2956812
117.346,-30.567,295.511,2956833
117.484,-30.172,294.865,2956854
117.873,-30.126,294.276,2956875
118.114,-30.140,293.536,2956896
118.686,-30.128,292.834,2956917
119.279,-30.007,291.967,2956938
119.796,-29.852,291.072,2956959
120.078,-29.556,290.193,2956980
120.540,-29.183,289.430,2957001
120.728,-28.858,288.576,2957022
121.276,-28.780,287.853,2957043
121.826,-28.704,286.964,2957064
121.998,-28.658,286.046,2957085
122.425,-28.786,285.292,2957106
122.903,-28.668,284.401,2957127
122.949,-28.834,283.490,2957148
123.078,-28.820,282.782,2957169
123.267,-28.714,282.024,2957190
123.239,-28.607,281.239,2957211
123.454,-28.597,280.553,2957232
123.721,-28.966,279.744,2957253
123.740,-29.106,278.911,2957274
123.871,-29.465,278.175,2957295
123.643,-29.788,277.354,2957316
123.723,-30.038,276.736,2957337
123.494,-30.320,275.955,2957358
123.202,-30.231,275.347,2957379
122.807,-30.131,274.741,2957400
122.774,-30.089,274.192,2957421
122.545,-30.297,273.449,2957442
122.080,-30.602,272.800,2957463
121.995,-30.519,272.271,2957484
121.657,-30.614,271.560,2957505
121.432,-30.872,270.958,2957526
121.110,-30.730,270.289,2957547
120.684,-30.517,269.671,2957568
120.522,-30.270,269.092,2957589
119.995,-30.257,268.373,2957610
119.530,-30.173,267.802,2957631
119.058,-30.211,267.209,2957652
119.026,-30.164,266.613,2957673
118.785,-30.285,265.771,2957694
118.631,-30.454,265.062,2957715
118.764,-30.206,264.273,2957736
118.522,-30.226,263.360,2957757
118.670,-30.182,262.645,2957778
118.542,-30.138,261.697,2957799
118.455,-29.949,260.881,2957820
118.744,-29.753,260.034,2957841
119.015,-29.843,259.016,2957862
119.131,-29.998,257.984,2957883
119.501,-30.232,257.031,2957904
119.895,-30.239,255.964,2957925
120.038,-30.314,254.880,2957946
120.286,-30.554,253.898,2957967
120.609,-30.342,252.866,2957988
121.018,-30.562,251.794,2958009
121.111,-30.516,250.666,2958030
121.233,-30.302,249.702,2958051
121.373,-30.101,248.714,2958072
121.619,-30.274,247.709,2958093
122.007,-30.033,246.654,2958114
122.371,-30.102,245.540,2958135
122.299,-30.169,244.407,2958156
122.342,-30.096,243.505,2958177
122.445,-29.865,242.531,2958198
122.289,-29.643,241.530,2958219
122.365,-29.645,240.660,2958240
122.149,-29.859,239.661,2958261
121.954,-29.882,238.807,2958282
122.086,-29.728,237.942,2958303
122.072,-29.825,236.900,2958324
122.109,-29.654,235.939,2958345
122.060,-29.765,234.952,2958366
121.869,-29.663,234.011,2958387
121.858,-29.898,233.122,2958408
121.441,-29.967,232.152,2958429
121.038,-30.031,231.359,2958450
120.663,-30.158,230.572,2958471
120.447,-30.324,229.761,2958492
120.145,-30.126,228.880,2958513
119.767,-30.312,228.020,2958534
119.768,-30.306,227.213,2958555
119.739,-30.522,226.195,2958576
119.804,-30.386,225.190,2958597
119.632,-30.521,224.156,2958618
119.354,-30.372,223.232,2958639
119.148,-30.312,222.373,2958660
118.946,-30.497,221.468,2958681
118.931,-30.663,220.571,2958702
118.903,-30.517,219.581,2958723
119.141,-30.429,218.600,2958744
119.390,-30.592,217.501,2958765
119.628,-30.697,216.405,2958786
119.892,-30.712,215.312,2958807
120.063,-30.934,214.224,2958828
119.945,-30.857,213.200,2958849
119.846,-30.962,212.333,2958870
120.140,-31.141,211.456,2958891
120.141,-31.161,210.412,2958912
120.055,-31.429,209.533,2958933
120.343,-31.492,208.714,2958954
120.649,-31.516,207.700,2958975
120.658,-31.584,206.674,2958996
120.871,-31.755,205.818,2959017
120.789,-31.554,204.877,2959038
120.661,-31.315,204.091,2959059
120.751,-31.115,203.336,2959080
120.669,-31.239,202.467,2959101
120.660,-30.973,201.699,2959122
120.516,-30.666,200.914,2959143
120.480,-30.739,200.177,2959164
120.573,-30.430,199.379,2959185
120.575,-30.483,198.511,2959206
120.621,-30.591,197.712,2959227
120.761,-30.286,196.925,2959248
120.569,-30.110,196.084,2959269
120.409,-29.918,195.443,2959290
120.186,-30.015,194.788,2959311
120.358,-29.970,194.148,2959332
120.517,-29.944,193.316,2959353
120.579,-29.864,192.461,2959374
120.790,-29.676,191.644,2959395
120.702,-29.718,190.756,2959416
120.933,-29.550,190.028,2959437
120.829,-29.461,189.136,2959458
120.720,-29.624,188.400,2959479
120.713,-29.603,187.664,2959500
120.992,-29.864,186.849,2959521
120.895,-30.124,185.875,2959542
120.960,-30.207,185.076,2959563
120.892,-30.493,184.193,2959584
121.200,-30.450,183.376,2959605
121.534,-30.477,182.349,2959626
121.762,-30.573,181.314,2959647
122.005,-30.840,180.332,2959668
122.297,-30.689,179.314,2959689
122.280,-30.593,178.272,2959710
122.561,-30.733,177.396,2959731
122.446,-30.634,176.355,2959752
122.337,-30.603,175.493,2959773
122.549,-30.417,174.618,2959794
122.739,-30.281,173.569,2959815
122.752,-30.228,172.524,2959836
122.619,-30.013,171.559,2959857
122.502,-30.133,170.637,2959878
122.473,-30.281,169.725,2959899
122.469,-30.466,168.764,2959920
122.574,-30.213,167.778,2959941
122.281,-30.113,166.728,2959962
122.316,-30.027,165.881,2959983
122.319,-29.888,164.863,2960004
121.970,-30.073,163.855,2960025
121.704,-29.949,163.021,2960046
121.345,-29.734,162.164,2960067
121.402,-29.800,161.354,2960088
121.047,-29.801,160.343,2960109
120.810,-29.915,159.541,2960130
120.735,-30.194,158.695,2960151
120.764,-30.094,157.745,2960172
120.708,-30.310,156.728,2960193
120.820,-30.222,155.744,2960215
120.909,-30.404,154.677,2960236
120.681,-30.455,153.619,2960257
120.514,-30.451,152.713,2960278
120.585,-30.723,151.774,2960299
120.495,-31.122,150.710,2960320
120.823,-31.320,149.707,2960341
121.107,-31.545,148.482,2960362
121.208,-31.957,147.261,2960383
121.554,-31.914,146.127,2960404
122.013,-31.914,144.840,2960425
122.461,-32.120,143.506,2960446
122.545,-32.178,142.146,2960467
122.893,-32.180,140.984,2960488
122.984,-32.451,139.692,2960509
123.419,-32.370,138.522,2960530
123.841,-32.484,137.149,2960551
124.251,-32.334,135.785,2960572
124.560,-32.379,134.406,2960593
124.660,-32.090,133.093,2960614
124.613,-31.702,131.876,2960635
124.729,-31.360,130.720,2960656
124.688,-30.973,129.447,2960677
124.528,-30.592,128.249,2960698
124.642,-30.431,127.087,2960719
124.550,-30.048,125.768,2960740
124.301,-30.065,124.557,2960761
124.301,-29.891,123.431,2960782
124.158,-29.950,122.170,2960803
124.078,-29.585,120.980,2960824
124.138,-29.252,119.765,2960845
124.204,-29.150,118.527,2960866
124.166,-29.197,117.256,2960887
123.858,-29.395,116.043,2960908
123.949,-29.302,114.951,2960929
124.023,-29.280,113.684,2960950
124.128,-29.427,112.410,2960971
123.918,-29.460,111.099,2960992
123.592,-29.289,109.944,2961013
123.362,-29.277,108.878,2961034
122.248,-29.176,107.786,2961055
121.917,-31.128,94.410,2961286
121.724,-31.327,93.250,2961307
121.696,-31.676,92.002,2961328
121.668,-31.183,90.835,2961349
121.854,-30.740,89.644,2961370
121.785,-30.570,88.337,2961391
121.723,-30.153,87.153,2961412
121.751,-29.780,85.968,2961433
121.537,-29.445,84.724,2961454
121.345,-29.320,83.593,2961475
121.381,-29.239,82.442,2961496
121.544,-29.435,81.204,2961517
121.688,-29.561,79.882,2961538
121.875,-29.721,78.568,2961559
122.052,-29.790,77.205,2961580
121.866,-29.930,75.878,2961601
121.637,-29.833,74.688,2961622
121.767,-29.941,73.536,2961643
121.554,-29.917,72.202,2961664
121.347,-29.968,71.051,2961685
121.569,-30.116,69.881,2961706
121.581,-30.313,68.526,2961727
121.823,-30.717,67.223,2961748
122.095,-30.985,65.808,2961769
122.331,-31.205,64.349,2961790
122.193,-31.395,62.909,2961811
121.976,-31.309,61.656,2961832
121.832,-31.329,60.425,2961853
121.747,-31.588,59.170,2961874
121.606,-31.410,57.861,2961895
121.353,-31.642,56.576,2961916
121.520,-31.648,55.346,2961937
121.668,-31.688,53.897,2961958
121.457,-31.805,52.469,2961979
121.607,-31.640,51.213,2962000
121.365,-31.518,49.781,2962021
121.524,-31.462,48.541,2962042
121.561,-31.433,47.079,2962063
121.259,-31.187,45.703,2962084
120.959,-31.046,44.460,2962105
121.063,-30.883,43.206,2962126
121.118,-30.835,41.772,2962147
121.027,-30.734,40.364,2962168
120.943,-30.892,39.030,2962189
121.065,-30.606,37.691,2962210
120.936,-30.491,36.241,2962231
120.664,-30.195,34.892,2962252
120.450,-30.134,33.624,2962273
120.388,-30.210,32.322,2962294
120.571,-29.975,30.950,2962315
120.574,-30.030,29.460,2962336
120.402,-30.265,28.051,2962357
120.637,-30.241,26.724,2962378
120.609,-30.258,25.244,2962399
120.806,-30.130,23.854,2962420
120.672,-30.082,22.338,2962441
120.853,-30.100,21.000,2962462
121.128,-30.402,19.511,2962483
121.016,-30.495,17.982,2962504
121.284,-30.472,16.627,2962525
121.185,-30.555,15.073,2962546
121.341,-30.716,13.728,2962567
121.374,-30.600,12.236,2962588
121.582,-30.851,10.803,2962609
121.751,-30.795,9.263,2962630
121.752,-30.661,7.772,2962651
121.961,-30.423,6.344,2962672
121.863,-30.588,4.801,2962693
121.699,-30.698,3.437,2962714
121.913,-30.787,2.111,2962735
122.002,-30.742,0.598,2962756
121.957,-30.549,359.150,2962777
122.009,-30.739,357.786,2962798
122.008,-30.535,356.390,2962819
121.826,-30.292,355.015,2962840
121.755,-30.397,353.723,2962861
121.581,-30.113,352.385,2962882
121.525,-29.850,351.110,2962903
121.288,-30.005,349.810,2962924
121.420,-29.859,348.606,2962945
121.485,-29.926,347.211,2962966
121.320,-29.714,345.873,2962987
121.419,-29.773,344.655,2963008
121.636,-29.586,343.306,2963029
121.900,-29.529,341.937,2963050
121.778,-29.583,340.527,2963071
121.737,-29.654,339.332,2963092
121.586,-29.829,338.082,2963113
121.869,-29.818,336.871,2963134
121.924,-29.905,335.463,2963155
122.153,-30.153,334.172,2963176
122.459,-30.041,332.800,2963197
122.646,-30.100,331.383,2963218
122.827,-29.928,330.015,2963239
122.707,-29.773,328.641,2963260
122.809,-29.736,327.416,2963281
123.059,-29.578,326.098,2963302
122.974,-29.574,324.673,2963323
122.875,-29.769,323.437,2963344
123.104,-29.959,322.193,2963365
122.953,-29.934,320.772,2963386
123.244,-29.956,319.562,2963407
123.205,-29.982,318.101,2963428
123.413,-30.161,316.772,2963449
123.303,-30.012,315.331,2963470
123.395,-30.061,314.041,2963491
123.243,-30.223,312.624,2963512
123.057,-29.969,311.335,2963533
122.843,-29.914,310.026,2963554
122.602,-29.728,308.713,2963575
123.235,-29.508,307.404,2963596
123.818,-28.980,307.388,2963617
124.155,-28.262,307.262,2963638
124.572,-27.376,307.183,2963659
124.948,-26.644,306.992,2963680
125.302,-26.294,306.784,2963701
125.551,-25.816,306.542,2963722
125.727,-25.369,306.350,2963743
125.814,-25.115,306.138,2963764
125.821,-25.026,305.950,2963785
125.823,-24.745,305.763,2963806
125.672,-24.582,305.558,2963827
125.458,-24.366,305.367,2963848
125.053,-24.181,305.179,2963869
124.636,-24.235,305.046,2963890
124.235,-24.368,304.851,2963911
123.829,-24.642,304.636,2963932
123.544,-24.908,304.416,2963953
123.246,-25.393,304.157,2963974
123.075,-25.879,303.877,2963995
123.071,-26.454,303.505,2964016
122.844,-26.838,303.066,2964037
122.779,-26.985,302.712,2964058
122.413,-27.235,302.274,2964079
122.355,-27.722,301.959,2964100
122.252,-28.321,301.490,2964121
122.222,-28.332,301.422,2964142
122.110,-28.808,301.292,2964163
121.959,-29.241,301.183,2964184
122.104,-29.634,301.093,2964205
122.177,-29.963,300.823,2964226
122.269,-30.027,300.584,2964247
122.061,-30.064,300.351,2964268
122.040,-30.110,300.236,2964289
121.885,-29.997,300.016,2964310
121.684,-30.229,299.871,2964331
121.728,-30.424,299.715,2964352
121.499,-30.306,299.420,2964373
121.506,-30.442,299.251,2964394
121.384,-30.640,298.908,2964415
121.399,-30.817,298.629,2964436
121.467,-30.597,298.275,2964457
121.530,-30.438,297.880,2964478
121.505,-30.494,297.475,2964499
121.223,-30.178,297.133,2964520
120.983,-29.989,296.920,2964541
120.752,-29.751,296.640,2964562
120.729,-29.624,296.352,2964583
120.693,-29.678,295.953,2964604
120.707,-29.776,295.517,2964625
120.819,-29.433,295.050,2964646
120.678,-29.167,294.517,2964667
120.704,-28.886,294.111,2964688
120.603,-28.589,293.644,2964709
120.756,-28.360,293.199,2964730
120.706,-28.564,292.617,2964751
120.787,-28.336,292.152,2964772
121.084,-28.548,291.601,2964793
121.388,-28.602,290.924,2964814
121.655,-28.654,290.248,2964835
121.965,-28.612,289.581,2964856
122.255,-28.682,288.895,2964877
122.427,-28.708,288.204,2964898
122.360,-29.049,287.585,2964919
122.620,-29.174,287.047,2964940
122.655,-29.515,286.365,2964961
122.643,-29.467,285.788,2964982
122.915,-29.448,285.226,2965003
123.123,-29.718,284.516,2965024
123.420,-30.026,283.841,2965045
123.413,-30.135,283.101,2965066
123.655,-30.007,282.533,2965087
123.493,-30.137,281.856,2965108
123.320,-30.265,281.378,2965129
123.131,-30.138,280.897,2965150
123.127,-30.248,280.414,2965171
122.904,-30.023,279.836,2965192
122.980,-30.045,279.366,2965213
123.068,-30.221,278.741,2965234
122.866,-30.127,278.125,2965255
122.854,-29.920,277.644,2965276
122.680,-29.759,277.074,2965297
122.397,-29.541,276.552,2965318
122.065,-29.352,276.088,2965339
121.821,-29.406,275.623,2965360
121.474,-29.582,275.103,2965381
121.334,-29.622,274.639,2965402
121.378,-29.830,274.059,2965423
121.068,-29.933,273.399,2965444
121.140,-30.010,272.907,2965465
121.194,-30.021,272.214,2965486
121.134,-30.081,271.525,2965507
121.189,-29.910,270.896,2965528
120.907,-29.946,270.201,2965549
120.975,-29.765,269.670,2965570
120.749,-29.883,268.953,2965591
120.538,-30.064,268.373,2965612
120.724,-29.919,267.774,2965633
120.882,-29.994,266.979,2965654
120.698,-30.238,266.200,2965675
120.541,-30.340,265.596,2965696
120.786,-30.261,264.950,2965717
120.652,-30.349,264.100,2965738
120.926,-30.289,263.445,2965759
120.866,-30.310,262.568,2965780
120.790,-30.198,261.834,2965801
121.107,-30.335,261.116,2965822
121.399,-30.385,260.208,2965843
121.698,-30.547,259.331,2965864
121.787,-30.650,258.450,2965885
121.884,-30.465,257.686,2965906
122.132,-30.283,256.899,2965927
121.999,-30.275,256.043,2965948
121.859,-30.375,255.403,2965969
121.948,-30.481,254.748,2965990
122.009,-30.657,253.955,2966011
121.783,-30.398,253.197,2966032
121.932,-30.421,252.592,2966053
121.825,-30.458,251.794,2966074
121.937,-30.577,251.157,2966095
121.804,-30.432,250.404,2966116
121.519,-30.142,249.799,2966137
121.264,-29.892,249.253,2966158
121.050,-29.928,248.710,2966179
121.100,-29.651,248.124,2966200
120.969,-29.757,247.412,2966221
120.860,-29.505,246.808,2966242
120.942,-29.738,246.178,2966263
121.023,-29.775,245.483,2966284
120.707,-29.770,244.803,2966305
120.649,-29.721,244.305,2966326
120.367,-29.591,243.664,2966347
120.293,-29.714,243.157,2966368
120.057,-29.601,242.560,2966389
120.262,-29.700,242.069,2966410
120.366,-29.912,241.351,2966431
120.577,-30.311,240.671,2966452
120.437,-30.584,239.952,2966473
120.344,-30.609,239.419,2966494
120.429,-30.883,238.866,2966515
120.664,-31.228,238.237,2966536
120.507,-31.517,237.531,2966557
120.667,-31.478,237.059,2966578
120.666,-31.401,236.440,2966599
120.732,-31.692,235.907,2966620
121.609,-31.528,235.297,2966641
121.459,-31.304,230.422,2966809
121.668,-31.229,229.965,2966830
121.792,-31.176,229.336,2966851
121.910,-31.028,228.735,2966872
121.931,-31.044,228.148,2966893
121.651,-30.765,227.640,2966914
121.451,-30.521,227.288,2966935
121.149,-30.216,226.886,2966956
120.910,-30.199,226.570,2966977
120.709,-30.268,226.196,2966998
120.576,-30.023,225.827,2967019
120.655,-30.180,225.427,2967040
120.733,-30.144,224.899,2967061
120.787,-30.128,224.372,2967082
120.830,-30.006,223.838,2967103
120.531,-30.114,223.336,2967124
120.573,-30.165,223.008,2967145
120.294,-29.991,222.541,2967166
119.997,-30.020,222.208,2967187
119.763,-29.939,221.868,2967208
119.910,-29.994,221.486,2967229
120.077,-30.031,220.910,2967250
119.912,-30.131,220.305,2967271
119.775,-30.140,219.897,2967292
119.674,-30.057,219.446,2967313
119.608,-29.987,218.996,2967334
119.907,-29.900,218.503,2967355
119.871,-29.954,217.828,2967376
119.982,-29.773,217.315,2967397
120.268,-30.028,216.717,2967418
120.405,-30.080,216.010,2967440
120.609,-29.906,215.386,2967461
120.869,-29.848,214.732,2967482
121.090,-29.887,214.040,2967503
121.330,-30.029,213.340,2967524
121.544,-30.074,212.654,2967545
121.324,-30.157,211.967,2967566
121.481,-30.120,211.499,2967587
121.315,-30.007,210.835,2967608
121.167,-30.088,210.318,2967629
120.995,-30.194,209.786,2967650
121.188,-30.282,209.238,2967671
121.311,-30.217,208.526,2967692
121.145,-30.043,207.827,2967713
121.005,-30.057,207.258,2967734
120.843,-30.139,206.652,2967755
120.902,-30.065,206.039,2967776
120.842,-29.821,205.331,2967797
121.011,-29.984,204.663,2967818
121.265,-30.167,203.899,2967839
121.487,-30.133,203.054,2967860
121.341,-30.053,202.210,2967881
121.577,-30.034,201.542,2967902
121.812,-30.142,200.684,2967923
121.733,-30.184,199.790,2967944
121.774,-29.965,199.036,2967965
121.984,-30.203,198.196,2967986
121.804,-30.155,197.314,2968007
121.658,-30.029,196.621,2968028
121.475,-30.154,195.866,2968049
121.599,-30.057,195.138,2968070
121.593,-30.295,194.236,2968091
121.776,-30.109,193.382,2968112
121.552,-30.139,192.421,2968133
121.526,-30.138,191.667,2968154
121.694,-30.024,190.765,2968175
121.590,-30.203,189.782,2968196
121.358,-30.067,188.903,2968217
121.270,-30.198,188.076,2968238
121.277,-30.474,187.190,2968259
121.293,-30.328,186.245,2968280
121.281,-30.599,185.309,2968301
121.505,-30.451,184.350,2968322
121.524,-30.588,183.223,2968343
121.746,-30.428,182.207,2968364
121.965,-30.632,181.079,2968385
122.197,-30.606,179.927,2968406
122.102,-30.666,178.751,2968427
122.014,-30.878,177.739,2968448
122.151,-31.022,176.707,2968469
122.444,-30.915,175.516,2968490
122.369,-31.075,174.225,2968511
122.253,-30.985,173.127,2968532
122.372,-31.029,172.009,2968553
122.585,-31.334,170.775,2968574
122.481,-31.588,169.465,2968595
122.435,-31.543,168.312,2968616
122.765,-31.708,167.129,2968637
122.993,-31.796,165.734,2968658
123.293,-31.964,164.368,2968679
123.328,-31.933,162.960,2968700
123.353,-31.701,161.641,2968721
123.516,-31.385,160.356,2968742
123.736,-31.175,158.988,2968763
123.665,-31.007,157.601,2968784
123.489,-30.777,156.357,2968805
123.315,-30.701,155.154,2968826
123.422,-30.725,153.960,2968847
123.279,-30.942,152.629,2968868
123.380,-30.798,151.409,2968889
123.544,-30.555,150.066,2968910
123.728,-30.686,148.661,2968931
123.832,-30.492,147.242,2968952
124.024,-30.241,145.845,2968973
124.175,-30.177,144.420,2968994
120.295,-30.220,143.022,2969015
120.472,-30.536,72.634,2971136
120.767,-30.749,71.186,2971157
120.776,-30.666,69.684,2971178
120.979,-30.489,68.295,2971199
121.166,-30.312,66.807,2971220
121.090,-30.518,65.344,2971241
121.036,-30.462,63.974,2971262
121.297,-30.417,62.598,2971283
121.629,-30.631,61.036,2971304
121.892,-30.683,59.435,2971325
121.931,-30.517,57.878,2971346
122.278,-30.706,56.431,2971367
122.538,-30.693,54.836,2971388
122.785,-30.513,53.296,2971409
122.670,-30.356,51.769,2971430
122.565,-30.381,50.417,2971451
122.774,-30.451,49.064,2971472
122.674,-30.343,47.549,2971493
122.827,-30.108,46.202,2971514
122.806,-29.972,44.747,2971535
122.911,-29.706,43.361,2971556
123.090,-29.873,41.933,2971577
123.037,-29.947,40.484,2971598
123.020,-29.719,39.140,2971619
123.186,-29.986,37.771,2971640
123.013,-29.976,36.315,2971661
122.812,-30.115,35.029,2971682
122.592,-30.187,33.775,2971703
122.766,-30.290,32.555,2971724
122.759,-30.305,31.117,2971745
122.705,-30.615,29.787,2971766
122.784,-30.472,28.483,2971787
122.525,-30.395,27.133,2971808
122.514,-30.511,25.932,2971829
122.275,-30.396,24.593,2971850
122.088,-30.602,23.388,2971871
121.914,-30.855,22.174,2971892
121.868,-31.138,20.942,2971913
122.050,-31.461,19.665,2971934
122.142,-31.591,18.269,2971955
122.022,-31.488,16.926,2971976
122.063,-31.283,15.670,2971997
122.143,-31.078,14.320,2972018
121.961,-31.243,12.953,2972039
121.998,-31.355,11.735,2972060
121.743,-31.129,10.382,2972081
121.499,-31.001,9.190,2972102
121.276,-30.936,7.998,2972123
121.423,-30.783,6.794,2972144
121.637,-30.617,5.401,2972165
121.828,-30.626,3.978,2972186
121.980,-30.519,2.570,2972207
121.807,-30.362,1.189,2972228
122.010,-30.443,359.938,2972249
121.863,-30.415,358.509,2972270
121.752,-30.490,357.240,2972291
121.948,-30.271,355.965,2972312
121.823,-30.151,354.545,2972333
122.108,-30.141,353.287,2972354
122.370,-30.174,351.835,2972375
122.554,-30.152,350.390,2972396
122.766,-30.410,348.992,2972417
122.652,-30.332,347.565,2972438
122.499,-30.278,346.289,2972459
122.609,-30.232,345.047,2972480
122.446,-30.464,343.645,2972501
122.642,-30.583,342.405,2972522
122.417,-30.621,340.987,2972543
122.600,-30.645,339.753,2972564
122.435,-30.702,338.334,2972585
122.199,-30.498,337.098,2972606
122.321,-30.446,335.879,2972627
122.243,-30.599,334.460,2972648
122.420,-30.321,333.145,2972669
122.244,-30.288,331.695,2972690
122.132,-30.041,330.399,2972711
122.054,-30.191,329.073,2972732
122.188,-30.387,327.731,2972753
122.338,-30.264,326.278,2972774
122.475,-30.151,324.799,2972795
122.374,-30.003,323.301,2972816
122.244,-29.766,321.901,2972837
122.093,-29.570,320.519,2972858
122.327,-29.397,319.085,2972879
122.890,-29.310,317.443,2972900
123.231,-28.481,317.131,2972921
123.865,-27.994,316.834,2972942
124.419,-27.627,316.340,2972963
125.020,-27.393,315.842,2972984
125.543,-26.981,315.307,2973005
125.853,-26.816,314.780,2973026
126.086,-26.438,314.333,2973047
126.409,-26.161,313.911,2973068
126.652,-26.202,313.439,2973089
126.836,-26.254,312.975,2973110
126.912,-26.340,312.492,2973131
126.633,-26.767,312.064,2973152
126.467,-27.069,311.737,2973173
126.351,-27.137,311.370,2973194
126.255,-27.235,310.951,2973215
125.876,-27.787,310.490,2973236
125.453,-28.155,310.139,2973257
125.034,-28.430,309.788,2973278
124.873,-28.877,309.418,2973299
124.799,-29.388,308.922,2973320
124.443,-29.746,308.395,2973341
124.235,-30.260,308.024,2973362
123.918,-30.376,307.587,2973383
123.449,-30.728,307.357,2973404
123.300,-30.686,307.187,2973425
122.838,-30.719,306.854,2973446
122.312,-30.649,306.665,2973467
121.753,-30.633,306.480,2973488
121.212,-30.616,306.324,2973509
120.759,-30.629,306.131,2973530
120.462,-30.842,305.882,2973551
120.382,-31.091,305.543,2973572
120.233,-31.129,305.103,2973593
120.167,-30.914,304.687,2973614
119.794,-30.971,304.219,2973635
119.850,-30.697,303.894,2973656
119.543,-30.685,303.342,2973677
119.303,-30.549,302.967,2973698
119.307,-30.293,302.532,2973719
119.507,-30.001,301.966,2973740
119.460,-30.015,301.318,2973761
119.571,-30.158,300.765,2973782
119.841,-29.943,300.142,2973803
120.013,-29.880,299.432,2973824
120.335,-29.672,298.756,2973845
120.424,-29.818,297.996,2973866
120.395,-29.615,297.315,2973887
120.346,-29.616,296.710,2973908
120.722,-29.621,296.108,2973929
120.961,-29.697,295.266,2973950
121.205,-29.974,294.499,2973971
121.266,-30.249,293.731,2973992
121.381,-30.521,293.051,2974013
121.341,-30.395,292.328,2974034
121.645,-30.618,291.683,2974055
121.602,-30.648,290.855,2974076
121.494,-30.830,290.217,2974097
121.665,-30.976,289.603,2974118
121.775,-30.885,288.843,2974139
121.731,-30.766,288.075,2974160
121.473,-31.027,287.406,2974181
121.554,-31.146,286.855,2974202
121.532,-31.263,286.126,2974223
121.546,-31.172,285.452,2974244
121.191,-31.219,284.756,2974265
120.780,-31.408,284.257,2974286
120.380,-31.461,283.775,2974307
120.317,-31.435,283.278,2974328
120.260,-31.478,282.639,2974349
120.028,-31.660,281.976,2974370
119.554,-31.939,281.404,2974391
119.439,-32.021,280.977,2974412
119.209,-31.927,280.356,2974433
118.812,-31.684,279.799,2974454
118.701,-31.500,279.291,2974475
118.427,-31.283,278.681,2974496
118.184,-31.443,278.170,2974517
118.105,-31.596,277.618,2974538
118.143,-31.354,276.973,2974559
117.850,-31.470,276.281,2974580
117.994,-31.469,275.778,2974601
117.771,-31.446,275.061,2974622
117.882,-31.272,274.530,2974643
117.677,-31.113,273.802,2974664
117.515,-31.098,273.216,2974685
117.450,-30.997,272.600,2974706
117.693,-30.728,271.936,2974727
117.981,-30.585,271.109,2974748
118.264,-30.601,270.270,2974769
118.548,-30.512,269.421,2974790
118.860,-30.690,268.555,2974811
118.869,-30.584,267.664,2974832
118.832,-30.705,266.933,2974853
119.195,-30.721,266.214,2974874
119.172,-30.651,265.286,2974895
119.149,-30.557,264.524,2974916
119.561,-30.493,263.778,2974937
119.874,-30.536,262.812,2974958
120.247,-30.666,261.873,2974979
120.556,-30.644,260.910,2975000
120.900,-30.364,259.956,2975021
121.154,-30.292,258.959,2975042
121.318,-30.386,258.027,2975063
121.628,-30.078,257.130,2975084
121.522,-30.008,256.137,2975105
121.429,-29.947,255.353,2975126
121.635,-29.712,254.558,2975147
121.598,-29.598,253.604,2975168
121.410,-29.785,252.757,2975189
121.548,-29.874,251.956,2975210
121.633,-29.763,250.995,2975231
121.368,-29.612,250.047,2975252
121.077,-29.458,249.264,2975273
120.966,-29.387,248.485,2975294
120.642,-29.149,247.626,2975315
120.453,-29.079,246.888,2975336
120.357,-29.321,246.073,2975357
120.056,-29.590,245.229,2975378
120.131,-29.549,244.481,2975399
120.230,-29.755,243.542,2975420
120.306,-29.880,242.596,2975441
120.062,-30.089,241.649,2975462
119.830,-30.295,240.872,2975483
119.921,-30.193,240.079,2975504
119.791,-30.458,239.142,2975525
119.565,-30.324,238.314,2975546
119.351,-30.303,237.552,2975567
119.325,-30.372,236.767,2975588
119.459,-30.637,235.896,2975609
119.686,-30.494,234.947,2975630
119.928,-30.499,233.966,2975651
120.137,-30.445,232.960,2975672
120.062,-30.286,231.984,2975693
120.392,-30.315,231.162,2975714
120.331,-30.338,230.102,2975735
120.292,-30.336,229.242,2975756
120.526,-30.387,228.382,2975777
120.550,-30.541,227.381,2975798
120.811,-30.336,226.477,2975819
120.895,-30.195,225.457,2975840
121.036,-29.946,224.529,2975861
121.383,-29.705,223.521,2975882
121.798,-29.532,222.335,2975903
121.994,-29.520,221.110,2975924
121.982,-29.742,219.998,2975945
121.959,-29.802,218.985,2975966
122.122,-29.910,217.964,2975987
122.385,-30.172,216.858,2976008
122.459,-30.082,215.726,2976029
122.725,-30.355,214.679,2976050
122.587,-30.422,213.503,2976071
122.362,-30.329,212.523,2976092
122.515,-30.340,211.563,2976113
122.312,-30.463,210.420,2976134
122.040,-30.374,209.460,2976155
121.753,-30.590,208.544,2976176
121.749,-30.826,207.605,2976197
121.817,-30.813,206.531,2976218
121.591,-30.899,205.444,2976239
121.573,-31.213,204.481,2976260
121.292,-31.171,203.377,2976281
121.329,-31.105,202.397,2976302
121.015,-31.101,201.261,2976323
120.974,-31.181,200.323,2976344
121.007,-31.524,199.244,2976365
120.929,-31.460,198.097,2976386
121.027,-31.769,197.004,2976407
121.184,-31.742,195.837,2976428
120.985,-31.935,194.611,2976449
121.155,-31.851,193.606,2976470
121.264,-31.797,192.385,2976491
121.120,-31.658,191.195,2976512
121.014,-31.684,190.139,2976533
121.059,-31.783,189.075,2976554
121.215,-31.981,187.935,2976575
121.276,-32.203,186.744,2976596
121.476,-32.364,185.598,2976617
121.451,-32.083,184.386,2976638
121.758,-32.050,183.273,2976659
122.054,-31.891,182.011,2976680
122.372,-31.669,180.748,2976701
122.584,-31.457,179.459,2976722
122.573,-31.125,178.248,2976743
122.837,-30.763,177.136,2976764
123.130,-30.494,175.910,2976785
123.333,-30.298,174.657,2976806
123.609,-30.346,173.437,2976827
123.534,-30.254,172.185,2976848
123.486,-29.904,171.095,2976869
123.385,-29.565,169.969,2976890
123.208,-29.283,168.828,2976911
123.408,-29.220,167.727,2976932
123.421,-29.052,166.433,2976953
123.297,-29.213,165.217,2976974
123.428,-29.321,164.062,2976995
123.635,-29.536,162.765,2977016
123.627,-29.528,161.419,2977037
123.693,-29.364,160.149,2977058
123.756,-29.244,158.855,2977079
123.899,-29.137,157.522,2977100
123.851,-29.136,156.139,2977121
123.637,-29.052,154.814,2977142
123.625,-29.254,153.564,2977163
123.764,-29.630,152.177,2977184
123.784,-29.944,150.705,2977205
123.766,-30.329,149.275,2977226
123.606,-30.741,147.826,2977247
123.428,-30.753,146.424,2977268
123.374,-31.043,145.040,2977289
123.414,-31.417,143.574,2977310
123.294,-31.358,142.033,2977331
123.435,-31.277,140.553,2977352
123.712,-31.118,139.419,2977373
123.955,-30.724,138.169,2977394
124.227,-30.349,136.940,2977415
124.296,-30.110,135.699,2977436
124.443,-29.698,134.527,2977457
124.307,-29.329,133.318,2977478
124.250,-29.188,132.236,2977499
124.421,-28.801,131.104,2977520
124.255,-28.562,129.841,2977541
124.226,-28.590,128.765,2977562
124.285,-28.765,127.580,2977583
123.949,-28.899,126.363,2977604
123.914,-28.868,125.336,2977625
123.919,-28.815,124.144,2977646
123.539,-28.990,122.938,2977667
123.122,-29.006,121.876,2977688
122.743,-29.106,120.858,2977709
122.435,-29.447,119.829,2977730
122.421,-29.481,118.746,2977751
122.149,-29.910,117.529,2977772
122.018,-29.965,116.424,2977793
122.042,-30.471,115.236,2977814
121.960,-30.842,113.987,2977835
121.862,-31.328,112.775,2977856
121.798,-31.364,111.570,2977877
121.915,-31.385,110.349,2977898
121.863,-31.724,109.041,2977919
121.656,-31.742,107.793,2977940
121.601,-31.713,106.620,2977961
121.481,-32.063,105.373,2977982
121.380,-32.357,104.121,2978003
121.528,-32.584,102.867,2978024
121.739,-32.446,101.444,2978045
121.919,-32.565,100.001,2978066
121.991,-32.340,98.586,2978087
122.170,-32.056,97.213,2978108
122.008,-32.096,95.783,2978129
121.869,-31.821,94.525,2978150
121.732,-31.476,93.230,2978171
121.697,-31.107,91.939,2978192
121.737,-30.686,90.605,2978213
121.855,-30.685,89.232,2978234
122.101,-30.667,87.824,2978255
122.249,-30.414,86.360,2978276
122.140,-30.069,84.949,2978297
122.031,-29.968,83.657,2978318
122.212,-29.824,82.357,2978339
122.186,-29.525,80.891,2978360
122.084,-29.240,79.524,2978381
122.348,-29.205,78.222,2978402
122.227,-29.122,76.747,2978423
122.471,-28.976,75.453,2978444
122.691,-29.045,73.960,2978465
122.879,-29.078,72.481,2978486
122.981,-29.090,71.008,2978507
123.064,-29.056,69.576,2978528
123.142,-29.322,68.411,2978549
123.305,-29.553,67.243,2978570
123.653,-29.659,65.987,2978591
123.725,-30.109,64.614,2978612
123.910,-30.580,63.349,2978633
124.118,-30.633,62.017,2978654
123.845,-30.841,60.610,2978675
123.857,-30.874,59.432,2978696
123.628,-30.722,58.057,2978717
123.618,-30.449,56.775,2978738
123.237,-30.438,55.346,2978759
122.742,-30.382,54.057,2978780
122.653,-30.136,52.802,2978801
122.424,-30.013,51.319,2978822
122.292,-29.980,49.912,2978843
122.001,-29.716,48.463,2978864
121.523,-29.273,47.068,2978885
121.007,-28.861,45.762,2978906
120.907,-28.563,44.485,2978927
120.492,-28.316,42.989,2978948
120.068,-27.975,41.663,2978969
119.881,-27.884,40.323,2978990
119.678,-27.961,38.906,2979011
119.667,-28.110,37.502,2979033
119.719,-27.894,36.033,2979054
119.655,-27.732,34.541,2979075
119.461,-27.462,33.121,2979096
119.679,-27.505,31.768,2979117
119.862,-27.503,30.233,2979138
119.844,-27.473,28.731,2979159
120.200,-27.707,27.344,2979180
120.231,-28.071,25.796,2979201
120.687,-28.381,24.430,2979222
121.133,-28.572,22.862,2979243
121.620,-28.996,21.334,2979264
122.048,-29.190,19.809,2979285
122.511,-29.283,18.344,2979306
122.631,-29.445,16.861,2979327
122.752,-29.637,15.561,2979348
122.358,-29.990,14.272,2979369
121.576,-30.525,13.460,2979390
120.802,-31.023,12.813,2979411
120.075,-31.445,12.189,2979432
119.662,-31.865,11.547,2979453
119.238,-31.965,10.704,2979474
118.593,-31.984,9.892,2979495
118.088,-32.176,9.180,2979516
117.874,-32.135,8.372,2979537
117.591,-32.329,7.404,2979558
117.103,-32.595,6.428,2979579
116.687,-32.667,5.571,2979600
116.251,-32.762,4.652,2979621
116.246,-32.649,3.686,2979642
115.905,-32.574,2.486,2979663
115.993,-32.253,1.410,2979684
116.046,-31.875,0.043,2979705
115.166,-31.284,358.642,2979726
114.352,-31.269,358.663,2979747
113.778,-31.111,358.513,2979768
113.280,-30.951,358.621,2979789
112.834,-30.622,358.590,2979810
112.712,-30.249,358.450,2979831
112.813,-29.656,358.343,2979852
112.981,-29.237,358.050,2979873
113.147,-28.884,357.664,2979894
113.442,-28.383,357.311,2979915
113.575,-28.116,356.880,2979936
125.073,-27.610,356.457,2979957
125.474,-27.956,345.050,2980335
125.940,-28.322,344.459,2980356
126.221,-28.472,343.836,2980377
126.148,-28.816,343.296,2980398
126.034,-28.993,342.936,2980419
125.814,-29.218,342.576,2980440
125.761,-29.356,342.279,2980461
125.407,-29.260,341.907,2980482
125.261,-29.182,341.682,2980503
124.909,-29.092,341.385,2980524
124.341,-28.968,341.202,2980545
123.769,-29.070,341.130,2980566
123.518,-29.234,341.080,2980587
123.031,-29.207,340.864,2980608
122.677,-29.452,340.756,2980629
122.117,-29.721,340.574,2980650
121.836,-29.992,340.475,2980671
121.459,-29.960,340.242,2980692
121.033,-29.852,340.039,2980713
120.409,-29.731,339.854,2980734
119.791,-29.800,339.745,2980755
119.554,-29.888,339.625,2980776
119.152,-30.158,339.294,2980797
118.643,-30.458,339.049,2980818
118.557,-30.591,338.858,2980839
118.282,-30.686,338.433,2980860
118.008,-30.971,338.102,2980881
118.005,-30.819,337.755,2980902
117.673,-30.806,337.260,2980923
117.443,-30.746,336.906,2980944
117.261,-30.619,336.492,2980965
117.366,-30.809,336.049,2980986
117.584,-30.650,335.440,2981007
117.851,-30.686,334.746,2981028
117.971,-30.835,334.034,2981049
118.261,-31.010,333.385,2981070
118.480,-30.813,332.628,2981091
118.893,-30.975,331.931,2981112
119.051,-30.779,331.111,2981133
119.155,-30.480,330.404,2981154
119.262,-30.293,329.725,2981175
119.795,-30.124,329.012,2981196
120.095,-30.089,328.101,2981217
120.562,-29.807,327.298,2981238
121.152,-29.958,326.409,2981259
121.736,-29.891,325.441,2981280
122.299,-29.792,324.470,2981301
122.881,-29.664,323.532,2981322
123.075,-29.578,322.565,2981343
123.214,-29.617,321.794,2981364
123.512,-29.519,321.056,2981385
123.681,-29.255,320.214,2981406
123.902,-29.380,319.436,2981427
124.240,-29.142,318.629,2981448
124.560,-29.274,317.776,2981469
124.792,-29.280,316.918,2981490
124.851,-29.367,316.078,2981511
124.736,-29.549,315.324,2981532
124.477,-29.301,314.667,2981553
124.304,-29.426,314.053,2981574
123.917,-29.188,313.376,2981595
123.704,-29.001,312.802,2981616
123.448,-29.221,312.144,2981637
123.315,-29.453,311.521,2981658
122.990,-29.682,310.809,2981679
122.884,-29.486,310.191,2981700
122.366,-29.632,309.448,2981721
121.843,-29.602,308.900,2981742
121.345,-29.729,308.369,2981763
120.803,-29.948,307.816,2981784
120.339,-30.011,307.266,2981805
119.995,-30.315,306.683,2981826
119.496,-30.658,306.058,2981847
119.326,-30.814,305.485,2981868
119.302,-31.146,304.749,2981889
119.269,-31.227,303.934,2981910
119.259,-31.247,303.130,2981931
119.078,-31.509,302.305,2981952
118.817,-31.339,301.565,2981973
118.546,-31.435,300.882,2981994
118.362,-31.426,300.197,2982015
118.198,-31.280,299.483,2982036
118.398,-31.455,298.754,2982057
118.621,-31.414,297.839,2982078
118.745,-31.365,296.928,2982099
118.903,-31.184,296.067,2982120
119.190,-31.010,295.163,2982141
119.122,-31.057,294.204,2982162
119.193,-31.124,293.431,2982183
119.524,-30.942,292.596,2982204
119.461,-31.042,291.643,2982225
119.747,-31.144,290.877,2982246
119.623,-31.264,289.944,2982267
119.711,-31.212,289.252,2982288
119.951,-31.024,288.449,2982309
120.118,-31.022,287.574,2982330
120.089,-31.278,286.770,2982351
