-122.589,47.392,13.244,1095119
-122.442,47.210,12.638,1095140
-122.560,46.807,11.863,1095161
-122.398,46.435,11.305,1095182
-122.144,46.288,10.854,1095203
-121.801,46.062,10.496,1095224
-121.682,45.647,10.012,1095245
-121.835,45.559,9.367,1095266
-121.667,45.587,8.988,1095287
-121.787,45.612,8.456,1095308
-121.713,45.758,8.076,1095329
-121.877,45.656,7.572,1095351
-122.110,45.771,7.020,1095372
-122.151,45.644,6.633,1095393
-121.950,45.834,6.451,1095414
-121.851,45.793,6.232,1095435
-121.655,46.031,6.081,1095456
-121.893,46.213,5.629,1095477
-121.620,46.418,5.549,1095498
-121.727,46.816,5.190,1095519
-121.925,46.900,4.734,1095540
-121.893,47.313,4.436,1095561
-122.192,47.602,3.872,1095582
-122.541,47.900,3.250,1095603
-122.496,48.036,2.912,1095624
-122.487,48.272,2.531,1095645
-122.788,48.465,1.913,1095666
-123.062,48.673,1.285,1095687
-123.499,49.298,0.516,1095708
-123.534,49.633,0.022,1095729
-123.893,50.188,359.254,1095750
-124.443,50.333,358.332,1095771
-124.929,50.680,357.439,1095792
-125.476,50.656,356.441,1095813
-125.987,50.503,355.463,1095834
-125.972,50.158,354.872,1095855
-126.218,50.120,354.051,1095876
-126.758,50.042,352.967,1095897
-127.112,49.900,351.956,1095918
-127.398,49.732,350.975,1095939
-128.044,49.377,349.688,1095960
-128.683,49.028,348.365,1095981
-129.196,48.423,347.139,1096002
-129.649,47.787,345.937,1096023
-129.865,47.050,344.950,1096044
-129.943,46.338,344.031,1096065
-129.879,45.651,343.203,1096086
-129.980,45.309,342.251,1096107
-130.209,45.049,341.191,1096128
-130.216,44.654,340.296,1096149
-130.157,44.193,339.399,1096170
-130.254,43.999,338.362,1096191
-130.380,43.479,337.289,1096212
-130.539,43.087,336.162,1096233
-130.721,42.880,334.981,1096254
-130.446,42.898,334.082,1096275
-130.541,42.945,332.925,1096296
-130.607,43.009,331.751,1096317
-131.098,42.077,331.704,1096338
-131.260,41.315,331.754,1096359
-131.372,40.739,331.796,1096380
-131.919,40.339,331.500,1096401
-132.315,40.003,331.276,1096422
-132.220,39.967,331.359,1096443
-132.010,39.870,331.482,1096464
-131.826,40.102,331.580,1096485
-131.588,40.398,331.693,1096506
-131.310,40.740,331.812,1096527
-130.995,41.138,331.915,1096548
-130.599,41.577,332.012,1096569
-130.238,42.208,332.060,1096590
-129.861,42.581,332.058,1096611
-129.576,43.483,331.959,1096632
-129.396,44.213,331.731,1096653
-128.669,45.068,331.856,1096674
-128.001,46.003,331.899,1096695
-127.154,46.815,332.027,1096716
-126.791,47.511,331.764,1096737
-126.183,48.412,331.603,1096758
-125.420,49.205,331.529,1096779
-124.709,50.024,331.331,1096800
-125.563,50.915,329.624,1096821
-126.422,51.673,327.843,1096842
-127.336,52.423,325.924,1096863
-127.817,52.814,324.301,1096884
-128.063,53.280,322.827,1096905
-128.497,53.917,321.132,1096926
-128.874,54.434,319.415,1096947
-129.157,54.855,317.732,1096968
-129.508,54.846,315.948,1096989
-129.696,54.799,314.261,1097010
-129.481,54.976,312.845,1097031
-127.825,55.005,313.493,1097052
-125.731,54.752,314.456,1097073
-123.693,54.389,315.344,1097094
-121.868,53.895,316.031,1097115
-119.997,53.399,316.747,1097136
-118.346,52.732,317.273,1097157
-117.461,52.165,317.159,1097178
-116.572,51.725,317.046,1097199
-115.596,50.934,316.967,1097220
-115.278,50.153,316.381,1097241
-114.882,49.199,315.829,1097262
-114.843,48.421,315.014,1097283
-114.483,47.525,314.431,1097304
-114.187,46.766,313.774,1097325
-114.241,45.862,312.870,1097346
-114.452,45.413,311.859,1097367
-114.433,44.805,310.996,1097388
-115.014,44.314,309.708,1097409
-115.670,43.827,308.365,1097430
-116.302,43.557,307.005,1097451
-117.101,43.045,305.534,1097472
-118.028,42.676,303.982,1097493
-118.749,42.201,302.582,1097514
-119.645,42.264,301.047,1097535
-120.558,41.977,299.515,1097556
-121.704,41.800,297.834,1097577
-123.027,41.940,296.048,1097598
-124.216,42.293,294.385,1097619
-125.171,42.554,292.871,1097640
-126.263,42.589,291.292,1097661
-127.569,43.067,289.547,1097682
-128.879,43.318,287.835,1097703
-129.877,43.897,286.357,1097724
-130.929,44.499,284.884,1097745
-132.000,45.139,283.437,1097766
-133.042,45.804,282.039,1097787
-133.840,46.206,280.805,1097808
-135.098,46.851,279.286,1097829
-136.305,47.253,277.819,1097850
-137.451,47.770,276.379,1097871
-138.037,48.034,275.351,1097892
-138.734,48.290,274.249,1097913
-139.081,48.529,273.418,1097934
-139.259,48.927,272.702,1097955
-139.660,49.486,271.831,1097976
-139.829,49.995,271.128,1097997
-140.040,50.516,270.383,1098018
-140.492,50.792,269.464,1098039
-140.514,51.207,268.891,1098060
-140.523,51.223,268.345,1098081
-140.549,51.275,267.776,1098102
-140.339,51.306,267.407,1098123
-140.029,51.702,267.094,1098144
-139.310,51.923,267.089,1098165
-138.606,52.097,267.073,1098186
-137.742,51.883,267.173,1098207
-137.514,51.731,266.769,1098228
-137.069,51.304,266.527,1098249
-136.234,50.886,266.606,1098270
-135.368,50.556,266.685,1098291
-134.534,50.150,266.743,1098312
-134.108,49.762,266.509,1098333
-133.250,49.347,266.601,1098354
-132.990,49.206,266.253,1098375
-132.191,48.947,266.301,1098396
-131.903,48.559,265.978,1098417
-131.704,48.268,265.610,1098438
-131.492,47.961,265.274,1098459
-131.314,47.777,264.929,1098480
-130.617,47.503,264.969,1098501
-129.961,47.041,264.982,1098522
-129.782,46.701,264.634,1098543
-129.304,46.564,264.498,1098564
-128.757,46.427,264.448,1098585
-128.091,46.067,264.489,1098606
-127.972,45.831,264.102,1098627
-127.498,45.767,263.976,1098648
-127.038,45.658,263.832,1098669
-126.903,45.331,263.476,1098690
-126.936,45.183,263.021,1098711
-126.928,44.970,262.579,1098732
-126.621,44.808,262.342,1098753
-126.375,45.059,262.068,1098774
-126.175,45.411,261.766,1098795
-125.994,45.755,261.475,1098816
-125.667,46.002,261.298,1098837
-125.798,46.372,260.773,1098858
-125.771,46.357,260.388,1098879
-125.627,46.317,260.040,1098900
-125.298,46.338,259.815,1098921
-125.074,46.290,259.499,1098942
-125.121,46.321,258.980,1098963
-125.247,46.624,258.371,1098984
-125.051,46.937,258.006,1099005
-125.308,47.065,257.293,1099026
-125.582,47.233,256.556,1099047
-125.545,47.481,256.016,1099068
-125.477,47.631,255.491,1099089
-125.751,47.891,254.700,1099110
-125.722,47.725,254.133,1099131
-125.620,47.770,253.597,1099152
-125.588,47.874,253.013,1099173
-125.612,47.641,252.409,1099194
-126.059,47.498,251.511,1099215
-126.520,47.523,250.593,1099236
-126.937,47.391,249.733,1099257
-126.823,47.272,249.232,1099278
-127.108,47.043,248.412,1099299
-127.463,47.082,247.535,1099320
-127.325,46.965,246.979,1099341
-127.186,46.693,246.440,1099362
-127.185,46.359,245.766,1099383
-127.190,46.424,245.104,1099404
-127.362,46.163,244.316,1099425
-127.295,46.265,243.682,1099446
-127.508,46.194,242.848,1099467
-127.267,46.282,242.318,1099488
-127.000,46.333,241.802,1099509
-126.918,46.122,241.144,1099530
-126.605,45.971,240.665,1099551
-126.819,46.142,239.802,1099572
-126.822,46.416,239.076,1099593
-126.870,46.313,238.295,1099614
-126.532,46.354,237.742,1099635
-126.761,46.330,236.799,1099656
-126.954,46.318,235.869,1099677
-127.109,46.461,234.990,1099698
-127.154,46.233,234.182,1099719
-127.387,46.120,233.223,1099740
-127.117,46.049,232.667,1099761
-126.900,45.907,232.054,1099782
-126.994,46.119,231.202,1099803
-126.814,45.948,230.536,1099824
-126.808,46.162,229.737,1099845
-126.922,46.041,228.834,1099866
-126.855,45.852,228.054,1099887
-127.142,45.876,227.027,1099908
-127.449,45.845,225.982,1099929
-127.248,45.710,225.305,1099950
-127.058,45.659,224.607,1099971
-126.856,45.494,223.875,1099992
-126.711,45.388,223.106,1100013
-126.990,45.333,222.006,1100034
-126.999,44.894,221.114,1100055
-127.175,44.487,220.100,1100076
-127.507,44.253,218.990,1100097
-127.767,44.205,217.928,1100118
-128.026,44.182,216.882,1100139
-128.126,43.817,215.939,1100160
-127.913,43.757,215.215,1100181
-127.777,43.440,214.434,1100202
-127.451,43.298,213.773,1100224
-127.521,43.416,212.836,1100245
-127.186,43.404,212.172,1100266
-127.167,43.201,211.294,1100287
-127.062,42.983,210.497,1100308
-127.006,43.200,209.678,1100329
-126.871,43.022,208.925,1100350
-126.582,43.171,208.278,1100371
-126.521,43.511,207.456,1100392
-126.430,43.460,206.653,1100413
-126.156,43.702,205.958,1100434
-125.931,43.630,205.227,1100455
-125.997,43.689,204.283,1100476
-126.025,43.716,203.369,1100497
-126.099,43.676,202.425,1100518
-126.213,43.661,201.440,1100539
-126.329,43.582,200.471,1100560
-126.053,43.650,199.752,1100581
-125.888,43.844,198.963,1100602
-125.977,44.078,197.962,1100623
-125.832,44.228,197.119,1100644
-125.959,44.458,196.066,1100665
-126.265,44.509,194.885,1100686
-126.612,44.614,193.635,1100707
-126.473,44.661,192.736,1100728
-126.829,44.716,191.465,1100749
-127.102,44.582,190.234,1100770
-127.032,44.442,189.229,1100791
-126.970,44.403,188.204,1100812
-126.928,44.436,187.158,1100833
-127.157,44.666,185.920,1100854
-127.476,44.479,184.583,1100875
-127.428,44.369,183.487,1100896
-127.817,44.185,182.081,1100917
-127.981,43.865,180.833,1100938
-128.331,43.541,179.430,1100959
-128.722,43.218,178.024,1100980
-128.622,42.940,176.951,1101001
-128.556,42.740,175.856,1101022
-128.806,42.574,174.548,1101043
-128.866,42.430,173.348,1101064
-128.915,42.323,172.170,1101085
-128.983,41.898,170.991,1101106
-128.843,41.415,169.978,1101127
-128.781,40.996,168.919,1101148
-128.531,40.534,168.003,1101169
-128.264,40.134,167.081,1101190
-127.722,39.818,166.330,1101211
-127.153,39.838,165.581,1101232
-126.606,40.017,164.769,1101253
-127.428,40.618,162.753,1101274
-127.865,41.231,160.988,1101295
-128.212,41.643,159.263,1101316
-128.963,41.373,158.041,1101337
-129.847,41.306,156.708,1101358
-130.269,41.049,155.628,1101379
-130.541,40.866,154.610,1101400
-130.646,41.134,153.668,1101421
-130.738,41.537,152.702,1101442
-130.737,42.033,151.792,1101463
-130.908,42.606,150.782,1101484
-130.998,43.346,149.769,1101505
-131.044,43.917,148.800,1101526
-130.954,44.450,147.922,1101547
-130.774,44.982,147.097,1101568
-130.198,45.717,146.523,1101589
-129.471,46.381,146.090,1101610
-128.801,46.756,145.609,1101631
-128.009,47.357,145.210,1101652
-127.180,47.960,144.811,1101673
-126.329,48.497,144.416,1101694
-125.866,48.785,143.748,1101715
-125.412,49.193,143.085,1101736
-124.970,49.600,142.418,1101757
-124.557,49.583,141.766,1101778
-123.966,49.487,141.261,1101799
-123.929,49.486,140.328,1101820
-123.481,49.597,139.717,1101841
-123.128,49.674,139.042,1101862
-122.801,49.628,138.362,1101883
-123.043,49.464,137.269,1101904
-123.204,49.317,136.319,1101925
-123.395,49.186,135.355,1101946
-123.091,48.822,134.782,1101967
-123.357,48.621,133.785,1101988
-123.630,48.412,132.805,1102009
-123.488,48.063,132.122,1102030
-123.403,47.715,131.409,1102051
-123.791,47.263,130.318,1102072
-123.727,46.796,129.539,1102093
-123.908,46.625,128.599,1102114
-124.333,46.129,127.480,1102135
-124.870,45.741,126.279,1102156
-125.411,45.390,125.081,1102177
-126.051,45.166,123.830,1102198
-126.546,44.779,122.685,1102219
-126.757,44.545,121.738,1102240
-127.073,44.517,120.720,1102261
-127.423,44.493,119.683,1102282
-127.910,44.618,118.538,1102303
-128.457,44.815,117.339,1102324
-129.180,44.799,116.016,1102345
-129.361,44.748,115.067,1102366
-129.532,44.776,114.112,1102387
-130.184,44.910,112.801,1102408
-130.328,45.137,111.822,1102429
-130.426,45.365,110.818,1102450
-130.463,45.518,109.857,1102471
-130.575,45.872,108.857,1102492
-130.981,46.257,107.632,1102513
-131.086,46.673,106.577,1102534
-131.172,46.727,105.566,1102555
-131.427,46.930,104.381,1102576
-131.661,47.272,103.223,1102597
-131.399,47.324,102.433,1102618
-130.909,47.527,101.794,1102639
-130.373,47.630,101.175,1102660
-129.998,47.956,100.397,1102681
-129.820,47.914,99.464,1102702
-129.315,48.065,98.744,1102723
-129.086,48.333,97.828,1102744
-128.959,48.276,96.807,1102765
-128.803,48.194,95.795,1102786
-128.165,48.195,95.130,1102807
-127.930,48.038,94.141,1102828
-127.502,47.809,93.288,1102849
-126.968,47.753,92.467,1102870
-126.548,47.863,91.565,1102891
-126.500,47.676,90.369,1102912
-126.442,47.496,89.152,1102933
-126.427,47.419,87.878,1102954
-125.873,47.314,86.968,1102975
-125.539,46.945,85.839,1102996
-125.178,46.548,84.746,1103017
-124.653,46.289,83.773,1103038
-124.254,46.294,82.717,1103059
-123.919,46.339,81.585,1103080
-123.679,46.444,80.355,1103101
-123.804,46.415,78.853,1103122
-123.915,46.388,77.316,1103143
-123.855,46.210,75.907,1103164
-123.509,46.061,74.672,1103185
-123.622,46.117,73.098,1103206
-123.221,46.083,71.900,1103227
-123.194,46.035,70.385,1103248
-122.758,46.015,69.146,1103269
-122.395,46.269,67.846,1103290
-122.008,46.517,66.551,1103311
-122.043,46.698,64.955,1103332
-122.107,46.911,63.317,1103353
-122.098,47.249,61.713,1103374
-122.161,47.402,60.044,1103395
-122.224,47.501,58.341,1103416
-122.108,47.472,56.749,1103437
-121.743,47.517,55.345,1103458
-121.482,47.482,53.857,1103479
-121.525,47.820,52.130,1103500
-121.291,47.957,50.596,1103521
-121.372,47.826,48.851,1103542
-121.509,48.095,47.042,1103563
-121.507,48.238,45.325,1103584
-121.698,48.021,43.465,1103605
-122.069,47.818,41.473,1103626
-122.180,47.565,39.692,1103647
-122.671,47.357,37.615,1103668
-122.889,47.389,35.783,1103689
-123.492,47.384,33.646,1103710
-123.624,47.280,31.917,1103731
-124.260,47.099,29.844,1103752
-124.815,46.791,27.856,1103773
-125.269,46.413,25.956,1103794
-125.380,45.985,24.302,1103815
-125.714,45.978,22.526,1103836
-126.029,45.570,20.760,1103857
-126.495,45.379,18.943,1103878
-126.617,45.389,17.367,1103899
-126.675,45.373,15.850,1103920
-127.106,45.361,14.126,1103941
-127.328,45.506,12.546,1103962
-127.163,45.399,11.265,1103983
-126.953,45.260,10.043,1104004
-126.799,45.063,8.817,1104025
-126.768,44.894,7.500,1104046
-126.542,45.136,6.337,1104067
-126.398,45.017,5.133,1104088
-126.174,45.364,4.018,1104109
-126.106,45.731,2.779,1104130
-125.687,45.934,1.792,1104151
-125.753,46.163,0.456,1104172
-125.655,46.206,359.234,1104193
-125.250,46.527,358.235,1104214
-124.792,46.524,357.299,1104235
-124.817,46.902,356.034,1104256
-125.302,47.349,354.405,1104277
-125.756,47.730,352.801,1104298
-125.984,48.206,351.347,1104319
-126.094,48.650,349.940,1104340
-126.425,48.907,348.337,1104361
-126.387,48.866,346.987,1104382
-126.278,49.177,345.662,1104403
-126.104,49.135,344.405,1104424
-125.783,49.026,343.270,1104445
-125.817,48.942,341.832,1104466
-125.496,49.101,340.667,1104487
-125.065,49.204,339.555,1104508
-124.569,49.039,338.460,1104529
-124.209,49.200,337.202,1104550
-123.582,49.184,336.121,1104571
-122.935,48.979,335.012,1104592
-122.370,48.718,333.838,1104613
-121.683,48.537,332.756,1104634
-121.091,48.348,331.582,1104655
-120.898,48.280,330.154,1104676
-120.219,48.177,329.070,1104697
-119.155,48.173,328.657,1104718
-118.124,48.198,328.230,1104739
-117.160,48.302,327.740,1104760
-116.168,48.121,327.270,1104781
-115.470,48.022,326.595,1104802
-114.922,47.903,325.826,1104823
-114.088,47.869,325.277,1104844
-113.498,47.966,324.546,1104865
-113.362,48.167,323.513,1104886
-113.129,48.334,322.554,1104907
-112.842,48.340,321.658,1104928
-112.732,48.372,320.593,1104949
-112.852,48.525,319.368,1104970
-113.440,48.432,317.787,1104991
-114.144,48.330,316.124,1105012
-114.769,48.058,314.523,1105033
-115.724,48.078,312.696,1105054
-115.889,48.102,311.471,1105075
-116.705,48.083,309.796,1105096
-117.583,47.973,308.079,1105117
-118.058,47.881,306.695,1105138
-119.148,47.924,304.855,1105159
-120.288,47.725,303.003,1105180
-120.872,47.451,301.546,1105201
-121.582,47.118,299.959,1105222
-122.221,46.786,298.426,1105243
-123.233,46.785,296.605,1105264
-124.026,46.599,294.920,1105285
-125.304,46.363,292.885,1105306
-126.583,46.176,290.876,1105327
-127.523,46.145,289.139,1105348
-128.644,45.890,287.300,1105369
-129.695,45.671,285.519,1105390
-130.662,45.471,283.788,1105411
-131.425,45.189,282.227,1105432
-131.723,44.916,281.026,1105453
-132.078,45.009,279.758,1105474
-132.445,45.156,278.496,1105495
-132.617,45.192,277.371,1105516
-133.124,45.362,276.000,1105537
-133.374,45.591,274.800,1105558
-133.799,45.543,273.489,1105579
-134.137,45.512,272.237,1105600
-134.029,45.781,271.298,1105621
-134.044,45.767,270.293,1105642
-133.766,45.841,269.512,1105663
-133.521,46.208,268.712,1105684
-133.244,46.607,267.897,1105705
-133.443,46.407,267.541,1105726
-133.610,46.620,267.172,1105747
-133.519,46.497,266.971,1105768
-133.547,46.536,266.661,1105789
-133.086,46.761,266.682,1105810
-132.704,46.699,266.608,1105831
-132.342,46.689,266.505,1105852
-131.708,46.811,266.590,1105873
-131.240,47.190,266.528,1105894
-130.645,47.365,266.532,1105915
-130.496,47.799,266.177,1105936
-129.978,48.160,266.057,1105957
-129.549,48.357,266.270,1105978
-129.373,48.636,266.253,1105999
-129.030,48.485,266.346,1106020
-128.508,48.670,266.544,1106041
-128.350,48.556,266.437,1106062
-128.097,48.355,266.375,1106083
-127.695,48.441,266.387,1106104
-127.648,48.579,266.086,1106125
-127.227,48.593,266.036,1106146
-127.232,48.584,265.633,1106167
-127.235,48.535,265.173,1106188
-127.088,48.168,264.786,1106209
-126.923,47.829,264.381,1106230
-126.444,47.682,264.183,1106251
-125.946,47.446,263.989,1106272
-125.539,47.398,263.702,1106293
-125.131,47.173,263.411,1106314
-124.811,46.891,263.035,1106335
-124.866,46.626,262.352,1106356
-124.539,46.563,261.949,1106377
-124.435,46.646,261.363,1106398
-124.556,46.451,260.589,1106419
-124.546,46.165,259.914,1106440
-124.226,45.911,259.405,1106461
-124.398,45.845,258.541,1106482
-124.501,45.691,257.756,1106503
-124.493,45.818,257.026,1106524
-124.567,45.971,256.223,1106545
-124.695,46.121,255.368,1106566
-124.962,46.036,254.398,1106587
-124.909,46.137,253.640,1106608
-124.960,45.860,252.800,1106629
-125.229,45.678,251.825,1106650
-125.304,45.488,250.986,1106671
-125.674,45.706,249.944,1106692
-125.864,45.642,249.023,1106713
-125.971,45.978,248.150,1106734
-126.097,46.352,247.232,1106755
-126.126,46.438,246.381,1106776
-126.655,46.775,245.160,1106797
-126.743,46.802,244.277,1106818
-126.829,47.117,243.405,1106839
-127.237,47.184,242.306,1106860
-127.260,47.467,241.486,1106881
-127.198,47.508,240.709,1106902
-127.161,47.750,239.888,1106923
-127.515,48.133,238.762,1106944
-127.513,48.389,237.882,1106965
-127.980,48.461,236.653,1106986
-128.380,48.701,235.474,1107007
-128.902,48.750,234.196,1107028
-128.842,48.684,233.355,1107049
-129.284,48.605,232.125,1107070
-129.517,48.333,231.036,1107091
-129.521,48.404,230.071,1107112
-129.293,48.255,229.290,1107133
-129.051,48.162,228.524,1107154
-129.108,47.814,227.523,1107175
-129.193,47.506,226.487,1107196
-129.037,47.526,225.619,1107217
-128.755,47.472,224.810,1107238
-128.714,47.124,223.820,1107259
-128.799,47.104,222.750,1107280
-128.370,47.035,222.026,1107301
-127.882,46.890,221.334,1107322
-127.741,46.627,220.402,1107344
-127.679,46.437,219.416,1107365
-127.130,46.166,218.772,1107386
-127.097,46.126,217.752,1107407
-126.607,45.862,217.039,1107428
-126.495,45.629,216.066,1107449
-126.069,45.629,215.264,1107470
-125.639,45.624,214.451,1107491
-125.278,45.482,213.579,1107512
-124.938,45.630,212.647,1107533
-124.718,45.885,211.627,1107554
-124.795,45.930,210.356,1107575
-124.921,46.031,209.055,1107596
-125.113,46.116,207.671,1107617
-125.192,46.406,206.362,1107638
-125.081,46.283,205.168,1107659
-124.784,46.302,204.046,1107680
-124.511,46.423,202.880,1107701
-124.259,46.535,201.656,1107722
-124.071,46.303,200.338,1107743
-124.228,46.139,198.749,1107764
-124.501,46.106,197.067,1107785
-124.581,45.838,195.509,1107806
-124.477,45.606,194.056,1107827
-124.370,45.580,192.628,1107848
-124.834,45.566,190.735,1107869
-124.824,45.456,189.166,1107890
-124.882,45.315,187.526,1107911
-125.164,45.595,185.730,1107932
-125.663,45.738,183.771,1107953
-125.978,45.587,181.903,1107974
-126.419,45.618,179.979,1107995
-126.722,45.437,178.135,1108016
-126.611,45.327,176.585,1108037
-127.024,45.271,174.624,1108058
-126.956,45.172,172.989,1108079
-126.947,45.019,171.321,1108100
-127.309,45.262,169.379,1108121
-127.531,45.473,167.537,1108142
-128.000,45.569,165.535,1108163
-128.537,45.623,163.512,1108184
-128.617,45.366,161.832,1108205
-128.839,45.090,160.040,1108227
-128.980,44.818,158.322,1108248
-129.347,44.929,156.451,1108269
-129.250,44.897,154.928,1108290
-129.110,44.867,153.456,1108311
-129.167,44.657,151.865,1108332
-129.122,44.705,150.332,1108353
-129.553,44.873,148.507,1108374
-129.818,44.744,146.834,1108395
-129.757,44.847,145.428,1108416
-130.138,45.031,143.755,1108437
-130.381,45.031,142.201,1108458
-130.621,45.092,140.699,1108479
-130.786,45.136,139.273,1108500
-130.554,45.454,138.151,1108521
-130.304,45.825,137.042,1108542
-130.274,46.291,135.757,1108563
-130.262,46.416,134.481,1108584
-130.284,46.566,133.176,1108605
-129.885,46.689,132.127,1108626
-129.482,46.738,131.076,1108647
-129.257,46.797,129.897,1108668
-128.676,47.086,128.980,1108689
-128.071,47.367,128.077,1108710
-127.872,47.634,126.891,1108731
-127.182,47.930,126.077,1108752
-126.161,48.264,125.351,1108773
-124.906,48.885,124.814,1108794
-123.498,49.224,124.363,1108815
-122.655,49.378,123.478,1108836
-121.455,49.591,122.852,1108857
-120.393,49.721,122.096,1108878
-119.409,49.718,121.235,1108899
-119.103,49.690,119.807,1108920
-118.519,49.855,118.553,1108941
-118.745,49.265,119.468,1108962
-118.574,48.819,120.462,1108983
-118.634,48.458,121.128,1109004
-118.339,48.241,121.561,1109025
-117.579,47.975,122.256,1109046
-117.191,47.497,122.582,1109067
-116.892,47.051,122.774,1109088
-116.178,46.789,123.167,1109109
-115.540,46.502,123.409,1109130
-114.979,46.371,123.537,1109151
-114.811,46.299,123.302,1109172
-114.287,45.948,123.272,1109193
-114.278,45.841,122.798,1109214
-114.036,45.463,122.506,1109235
-114.094,45.280,121.935,1109256
-114.143,45.085,121.330,1109277
-113.979,44.776,120.844,1109298
-114.343,44.440,120.704,1109319
-114.567,44.465,120.577,1109340
-114.868,44.491,120.291,1109361
-115.102,44.456,119.985,1109382
-115.363,44.511,119.627,1109403
-115.974,44.367,118.989,1109424
-116.600,44.305,118.291,1109445
-116.782,44.342,117.877,1109466
-117.373,44.402,117.160,1109487
-118.031,44.287,116.821,1109508
-118.855,44.440,116.304,1109529
-119.227,44.572,116.021,1109550
-120.058,44.753,115.372,1109571
-120.935,44.956,114.634,1109592
-121.656,45.236,113.936,1109613
-122.129,45.476,113.370,1109634
-122.975,45.487,112.461,1109655
-123.757,45.436,111.590,1109676
-124.113,45.548,111.003,1109697
-124.437,45.671,110.416,1109718
-124.734,45.836,109.817,1109739
-125.195,46.161,109.060,1109760
-125.406,46.406,108.453,1109781
-125.433,46.585,107.966,1109802
-125.404,46.647,107.468,1109823
-125.797,46.687,106.669,1109844
-126.196,46.671,106.087,1109865
-126.643,46.696,105.462,1109886
-126.913,46.558,104.932,1109907
-127.288,46.527,104.296,1109928
-127.187,46.350,103.980,1109949
-127.037,46.486,103.687,1109970
-127.032,46.697,103.274,1109991
-127.121,46.841,102.776,1110012
-127.191,46.823,102.277,1110033
-126.726,46.774,102.124,1110054
-126.325,46.521,101.944,1110075
-126.308,46.493,101.476,1110096
-125.936,46.284,101.249,1110117
-125.437,46.142,101.090,1110138
-125.318,46.037,100.650,1110159
-125.335,46.076,100.115,1110180
-125.358,46.255,99.554,1110201
-125.389,46.426,98.999,1110222
-125.418,46.597,98.446,1110243
-125.435,46.369,97.856,1110264
-125.108,46.227,97.518,1110285
-124.823,46.204,97.162,1110306
-125.035,46.102,96.431,1110327
-124.907,46.154,95.950,1110348
-124.971,45.861,95.354,1110369
-124.883,45.905,94.848,1110390
-125.128,46.054,94.104,1110411
-125.506,46.059,93.245,1110432
-125.728,46.243,92.488,1110453
-125.869,46.016,91.786,1110474
-126.238,46.001,90.904,1110495
-126.320,45.820,90.222,1110516
-126.371,45.628,89.552,1110537
-126.293,45.831,88.956,1110558
-126.243,46.051,88.325,1110579
-126.138,46.237,87.722,1110600
-126.200,46.466,86.973,1110621
-126.397,46.653,86.110,1110642
-126.153,46.505,85.548,1110663
-126.304,46.409,84.687,1110684
-126.012,46.421,84.154,1110705
-125.815,46.620,83.536,1110726
-126.042,46.734,82.558,1110747
-125.853,46.640,81.899,1110768
-125.654,46.869,81.246,1110789
-125.317,46.944,80.691,1110810
-125.454,46.980,79.781,1110831
-125.374,47.323,79.028,1110852
-125.443,47.330,78.188,1110873
-125.099,47.464,77.647,1110894
-125.235,47.531,76.772,1110915
-124.908,47.714,76.228,1110936
-124.910,47.599,75.414,1110957
-124.577,47.642,74.867,1110978
-124.231,47.684,74.329,1110999
-124.152,47.870,73.594,1111020
-124.309,47.762,72.693,1111041
-124.127,47.869,72.073,1111062
-123.801,47.712,71.542,1111083
-123.981,47.662,70.644,1111104
-123.774,47.359,70.064,1111125
-123.404,47.277,69.574,1111146
-123.442,47.399,68.801,1111167
-123.479,47.520,68.039,1111188
-123.093,47.316,67.581,1111209
-123.197,47.388,66.739,1111230
-123.226,47.149,65.991,1111251
-123.187,46.888,65.312,1111272
-122.802,46.885,64.896,1111293
-122.737,46.631,64.251,1111314
-122.330,46.655,63.890,1111335
-121.882,46.638,63.577,1111356
-121.485,46.640,63.222,1111377
-121.157,46.869,62.865,1111398
-121.336,47.037,62.116,1111419
-121.482,47.318,61.433,1111440
-121.682,47.458,60.715,1111461
-121.887,47.578,59.999,1111482
-122.184,47.834,59.190,1111503
-122.226,47.811,58.592,1111524
-122.092,48.032,58.148,1111545
-122.012,48.033,57.705,1111566
-122.050,48.019,57.222,1111587
-121.945,48.108,56.857,1111608
-122.025,48.500,56.373,1111629
-122.114,48.885,55.879,1111650
-122.188,48.868,55.402,1111671
-122.456,48.977,54.755,1111692
-122.626,49.008,54.174,1111713
-122.659,48.977,53.741,1111734
-122.699,48.920,53.307,1111755
-123.013,49.241,52.665,1111776
-123.006,49.568,52.276,1111797
-122.975,49.832,51.923,1111818
-122.889,50.046,51.668,1111839
-123.203,50.011,51.121,1111860
-123.425,50.287,50.654,1111881
-123.378,50.466,50.393,1111902
-123.662,50.348,49.878,1111923
-123.990,50.259,49.316,1111944
-123.886,50.310,49.064,1111965
-123.669,50.284,48.898,1111986
-123.416,50.119,48.775,1112007
-123.663,50.034,48.258,1112028
-123.926,49.883,47.712,1112049
-124.182,49.785,47.179,1112070
-124.223,49.362,46.819,1112091
-124.382,49.064,46.372,1112112
-124.127,48.647,46.229,1112133
-123.999,48.224,45.994,1112154
-123.648,47.910,45.899,1112175
-123.381,47.519,45.757,1112196
-123.028,47.244,45.682,1112217
-122.971,47.241,45.366,1112238
-122.819,47.235,45.100,1112259
-122.912,47.016,44.633,1112280
-122.884,46.949,44.237,1112301
-122.859,46.843,43.806,1112322
-122.359,46.494,43.699,1112343
-121.966,46.095,43.510,1112364
-121.474,45.882,43.409,1112385
-121.152,45.579,43.178,1112406
-121.155,45.317,42.728,1112427
-121.038,45.468,42.354,1112448
-121.308,45.567,41.681,1112469
-121.320,45.780,41.166,1112490
-121.634,45.716,40.422,1112511
-121.956,45.699,39.667,1112532
-121.874,45.707,39.167,1112553
-122.125,46.002,38.460,1112574
-122.420,46.342,37.728,1112595
-122.592,46.253,37.085,1112616
-123.048,46.255,36.226,1112637
-123.253,46.544,35.528,1112658
-123.712,46.852,34.641,1112679
-124.275,47.105,33.662,1112700
-124.673,46.980,32.824,1112721
-124.871,47.216,32.118,1112742
-125.008,47.102,31.445,1112763
-125.068,47.028,30.856,1112784
-125.180,46.855,30.211,1112805
-125.701,46.865,29.251,1112826
-125.821,47.053,28.548,1112847
-126.035,46.889,27.758,1112868
-126.387,47.095,26.856,1112889
-126.306,47.294,26.254,1112910
-126.474,47.246,25.468,1112931
-126.611,47.257,24.700,1112952
-126.519,47.492,24.066,1112973
-126.077,47.628,23.696,1112994
-125.605,47.419,23.318,1113015
-125.045,47.504,22.975,1113036
-124.458,47.526,22.626,1113057
-124.356,47.552,21.909,1113078
-123.725,47.500,21.559,1113099
-123.634,47.388,20.774,1113120
-123.526,47.293,19.981,1113141
-123.364,47.164,19.230,1113162
-123.487,47.334,18.436,1113183
-124.036,47.695,17.341,1113204
-124.500,47.768,16.293,1113225
-124.542,48.034,15.549,1113246
-124.388,48.083,14.934,1113267
-124.263,48.185,14.274,1113288
-124.621,48.408,13.250,1113309
-124.883,48.673,12.258,1113330
-125.125,48.484,11.290,1113351
-125.508,48.358,10.166,1113372
-125.760,48.128,9.142,1113393
-125.845,48.274,8.237,1113414
-125.804,47.974,7.391,1113435
-125.598,47.716,6.669,1113456
-125.907,47.767,5.536,1113477
-125.939,47.839,4.632,1113498
-125.847,47.501,3.793,1113519
-125.968,47.231,2.792,1113540
-125.883,47.342,1.958,1113561
-125.684,47.432,1.183,1113582
-125.261,47.265,0.525,1113603
-124.950,47.020,359.765,1113624
-124.484,46.914,359.129,1113645
-124.008,46.960,358.509,1113666
-123.499,46.970,357.875,1113687
-123.134,47.222,357.131,1113708
-123.062,47.495,356.169,1113729
-123.061,47.600,355.106,1113750
-123.066,47.723,354.001,1113771
-123.026,47.796,352.879,1113792
-122.672,48.133,351.975,1113813
-122.448,48.160,350.960,1113834
-122.202,48.169,349.960,1113855
-121.920,48.534,348.964,1113876
-121.796,48.939,347.821,1113897
-122.036,49.185,346.404,1113918
-122.355,49.328,344.887,1113939
-122.645,49.337,343.355,1113960
-123.060,49.391,341.684,1113981
-123.016,49.381,340.333,1114002
-122.970,49.420,338.981,1114023
-123.316,49.305,337.318,1114044
-123.287,49.413,335.952,1114065
-123.594,49.659,334.294,1114086
-123.999,49.871,332.556,1114107
-124.339,50.017,330.841,1114128
-123.928,50.048,329.810,1114149
-123.863,49.824,328.481,1114170
-123.803,49.580,327.154,1114191
-123.693,49.275,325.857,1114212
-123.659,48.999,324.484,1114233
-123.375,48.741,323.327,1114254
-123.234,48.375,322.052,1114275
-123.351,48.393,320.589,1114296
-123.591,47.991,319.021,1114317
-123.984,47.721,317.356,1114338
-124.043,47.171,315.948,1114359
-123.971,46.608,314.611,1114380
-124.240,46.118,313.051,1114401
-124.447,45.590,311.510,1114422
-124.497,45.423,310.101,1114443
-124.486,45.257,308.720,1114464
-124.559,45.181,307.310,1114485
-124.647,45.158,305.895,1114506
-125.019,45.036,304.270,1114527
-124.954,44.985,302.953,1114548
-125.168,44.694,301.431,1114569
-125.186,44.459,300.072,1114590
-125.391,44.220,298.596,1114611
-125.356,44.308,297.252,1114632
-125.330,44.420,295.880,1114653
-125.719,44.537,294.203,1114674
-126.079,44.898,292.555,1114695
-126.218,45.363,291.058,1114716
-126.554,45.514,289.431,1114737
-126.977,45.832,287.762,1114758
-127.164,45.948,286.238,1114779
-127.001,46.180,284.971,1114800
-127.360,46.516,283.277,1114821
-127.294,46.608,281.858,1114842
-127.825,46.213,281.022,1114863
-128.165,46.200,280.238,1114884
-128.652,45.847,279.321,1114905
-128.739,45.707,278.667,1114926
-129.305,45.723,277.644,1114947
-129.607,45.803,276.788,1114968
-129.941,45.588,275.883,1114989
-130.101,45.768,275.054,1115010
-130.132,45.578,274.296,1115031
-130.028,45.803,273.627,1115052
-130.211,46.118,272.705,1115073
-130.227,46.424,271.883,1115094
-130.407,46.455,270.924,1115115
-130.122,46.500,270.267,1115136
-129.886,46.774,269.548,1115157
-129.993,46.844,268.562,1115178
-129.717,46.835,267.808,1115199
-129.332,46.876,267.158,1115220
-128.957,46.916,266.463,1115241
-129.008,47.101,265.477,1115262
-128.707,47.444,264.703,1115283
-128.429,47.733,263.893,1115304
-128.560,47.948,262.750,1115325
-128.634,47.949,261.620,1115346
-128.425,48.225,260.681,1115367
-128.186,48.062,259.744,1115388
-127.858,48.246,258.849,1115409
-127.895,48.205,257.691,1115430
-127.503,48.081,256.813,1115451
-127.190,48.237,255.860,1115472
-126.777,48.218,254.980,1115493
-126.839,48.017,253.746,1115514
-126.918,47.778,252.485,1115535
-126.791,47.436,251.351,1115556
-127.059,47.291,249.893,1115577
-127.341,47.003,248.421,1115598
-127.606,46.603,246.964,1115619
-127.479,46.371,245.780,1115640
-127.832,46.081,244.279,1115661
-127.712,45.885,243.101,1115682
-127.808,45.844,241.764,1115703
-127.816,45.818,240.454,1115724
-128.051,45.882,238.981,1115745
-128.105,45.542,237.624,1115766
-128.483,45.346,236.039,1115787
-128.888,45.232,234.446,1115808
-129.074,45.352,232.976,1115829
-128.854,45.341,231.793,1115850
-128.600,45.300,230.648,1115871
-128.506,45.483,229.349,1115892
-128.619,45.359,227.906,1115913
-128.501,45.610,226.618,1115934
-128.251,45.670,225.429,1115955
-127.978,45.714,224.272,1115976
-128.042,45.681,222.839,1115997
-127.822,45.695,221.609,1116018
-127.586,45.842,220.382,1116039
-127.317,45.954,219.173,1116060
-127.087,45.980,217.930,1116081
-127.302,46.179,216.356,1116102
-127.524,46.365,214.807,1116123
-127.737,46.615,213.248,1116144
-127.946,46.609,211.678,1116165
-128.242,46.749,210.004,1116186
-128.539,46.788,208.320,1116207
-128.751,46.740,206.710,1116228
-128.631,46.586,205.344,1116249
-128.541,46.853,203.965,1116270
-128.319,47.049,202.692,1116291
-128.085,47.229,201.423,1116312
-128.304,47.265,199.826,1116333
-128.230,47.114,198.438,1116354
-127.877,47.024,197.276,1116375
-127.577,47.163,196.034,1116396
-127.499,46.926,194.620,1116417
-127.161,46.676,193.367,1116438
-126.820,46.533,192.094,1116459
-126.788,46.602,190.563,1116480
-126.468,46.421,189.243,1116501
-126.698,46.353,187.509,1116522
-126.900,46.317,185.814,1116543
-127.055,46.314,184.108,1116564
-126.802,45.981,182.716,1116585
-126.797,45.710,181.147,1116606
-126.574,45.447,179.741,1116627
-126.154,45.332,178.466,1116648
-126.164,45.209,176.882,1116669
-125.776,45.088,175.594,1116690
-125.857,45.278,173.960,1116711
-125.930,45.341,172.361,1116732
-125.805,45.199,170.916,1116753
-125.626,45.045,169.514,1116774
-125.471,44.882,168.123,1116795
-125.107,44.740,166.871,1116816
-124.774,44.570,165.620,1116837
-124.498,44.778,164.350,1116858
-124.408,45.071,162.972,1116879
-124.352,45.344,161.585,1116900
-123.804,45.492,160.843,1116921
-122.266,45.833,160.952,1116942
-121.305,46.060,160.663,1116963
-119.979,46.333,160.623,1116984
-118.794,46.559,160.453,1117005
-118.149,46.924,159.874,1117026
-117.183,47.108,159.500,1117047
-116.401,47.358,158.978,1117068
-115.673,47.431,158.392,1117089
-115.499,47.597,157.386,1117110
-115.473,47.720,156.253,1117131
-115.449,47.641,155.111,1117152
-115.562,47.585,153.858,1117173
-115.824,47.705,152.464,1117194
-116.150,47.656,150.975,1117215
-116.192,47.470,149.620,1117236
-116.420,47.237,148.110,1117257
-116.574,47.212,146.605,1117278
-116.898,47.292,144.937,1117299
-117.294,47.301,143.192,1117320
-118.053,46.987,141.135,1117342
-118.993,46.781,138.893,1117363
-119.450,46.503,136.929,1117384
-120.400,46.427,134.583,1117405
-121.198,46.001,132.320,1117426
-122.094,45.621,129.949,1117447
-122.537,45.337,127.828,1117468
-123.022,45.121,125.619,1117489
-123.909,44.708,123.109,1117510
-124.657,44.136,120.637,1117531
-125.923,43.199,119.347,1117552
-126.919,42.605,118.109,1117573
-127.977,42.098,116.787,1117594
-129.065,41.399,115.353,1117615
-130.077,40.911,113.929,1117636
-130.487,40.530,112.830,1117657
-131.270,40.216,111.426,1117678
-131.957,40.198,110.046,1117699
-132.615,40.318,108.561,1117720
-132.935,40.197,107.286,1117741
-133.262,40.231,105.908,1117762
-133.563,40.464,104.479,1117783
-133.358,40.740,103.314,1117804
-133.075,41.375,102.172,1117825
-132.701,42.034,101.013,1117846
-132.312,42.804,99.834,1117867
-131.806,43.574,98.687,1117888
-131.312,44.455,97.499,1117909
-131.218,45.328,96.008,1117930
-130.755,46.288,94.767,1117951
-130.328,46.876,93.496,1117972
-129.660,47.751,92.386,1117993
-129.147,48.327,91.147,1118014
-128.896,48.969,89.694,1118035
-128.166,49.625,88.619,1118056
-127.527,50.068,87.463,1118077
-127.400,50.770,85.926,1118098
-127.092,51.450,84.518,1118119
-127.081,51.969,82.864,1118140
-126.758,52.421,81.465,1118161
-126.508,52.362,80.009,1118182
-126.373,52.192,78.469,1118203
-126.002,51.941,77.117,1118224
-125.722,51.561,75.697,1118245
-125.667,51.537,74.087,1118266
-125.889,51.152,72.291,1118287
-126.180,50.807,70.441,1118308
-126.507,50.475,68.586,1118329
-126.594,49.833,66.920,1118350
-126.358,49.292,65.527,1118371
-126.294,48.595,64.022,1118392
-126.030,48.111,62.701,1118413
-126.274,47.505,61.022,1118434
-126.217,46.789,59.616,1118455
-125.879,46.215,58.422,1118476
-125.769,45.948,57.057,1118497
-125.837,45.680,55.526,1118518
-125.591,45.402,54.227,1118539
-125.731,44.941,52.645,1118560
-125.404,44.409,51.381,1118581
-125.343,43.874,49.987,1118602
-125.054,43.522,48.762,1118623
-124.876,43.426,47.509,1118644
-125.012,43.458,46.043,1118665
-125.197,43.191,44.577,1118686
-125.136,42.901,43.274,1118707
-125.314,43.083,41.785,1118728
-125.114,43.063,40.575,1118749
-125.333,42.964,39.098,1118770
-125.382,43.268,37.782,1118791
-125.167,43.420,36.622,1118812
-124.981,43.662,35.452,1118833
-124.752,43.657,34.313,1118854
-124.603,44.020,33.105,1118875
-124.299,44.251,32.020,1118896
-124.041,44.374,30.890,1118917
-124.215,44.607,29.480,1118938
-124.354,44.802,28.072,1118959
-124.478,44.975,26.655,1118980
-124.317,45.110,25.432,1119001
-124.490,45.390,23.939,1119022
-124.632,45.644,22.419,1119043
-124.853,46.057,20.795,1119064
-124.878,46.705,19.288,1119085
-125.149,47.281,17.515,1119106
-125.044,47.880,15.980,1119127
-125.277,48.581,14.139,1119148
-125.113,48.994,12.537,1119169
-125.538,49.653,10.416,1119190
-125.489,50.045,8.615,1119211
-125.976,50.496,6.333,1119232
-125.991,51.066,4.349,1119253
-126.059,51.648,2.228,1119274
-126.217,52.292,0.014,1119295
-126.634,53.032,357.524,1119316
-127.179,53.761,354.873,1119337
-127.410,54.126,352.448,1119358
-128.208,54.509,349.567,1119379
-129.086,54.894,346.581,1119400
-129.628,55.037,343.859,1119421
-130.414,55.181,340.981,1119442
-131.290,55.254,338.068,1119463
-131.756,55.392,335.518,1119484
-132.764,55.589,332.494,1119505
-133.334,55.562,329.854,1119526
-134.489,55.466,326.739,1119547
-135.519,55.415,323.721,1119568
-136.138,54.908,321.049,1119589
-136.510,54.384,318.585,1119610
-136.845,53.803,316.151,1119631
-136.963,53.343,313.914,1119652
-137.026,52.904,311.751,1119673
-136.980,52.221,309.704,1119694
-137.254,51.498,307.418,1119715
-137.437,51.090,305.195,1119736
-137.357,50.259,303.169,1119757
-136.956,49.431,301.377,1119778
-136.489,48.607,299.661,1119799
-136.211,47.846,297.776,1119820
-136.261,46.656,297.373,1119841
-135.987,45.530,297.151,1119862
-136.020,44.553,296.668,1119883
-135.977,43.681,296.208,1119904
-135.838,42.837,295.790,1119925
-135.724,42.332,295.338,1119946
-135.343,41.620,295.044,1119967
-134.928,41.053,294.755,1119988
-134.094,40.849,294.722,1120009
-133.187,40.789,294.714,1120030
-132.431,40.546,294.601,1120051
-131.453,40.842,294.614,1120072
-130.423,41.242,294.652,1120093
-129.285,41.545,294.726,1120114
-128.550,41.936,294.572,1120135
-127.879,42.406,294.336,1120156
-126.750,42.964,294.404,1120177
-125.676,43.562,294.397,1120198
-125.185,43.372,294.499,1120219
-124.735,43.259,294.517,1120240
-124.089,43.530,294.631,1120261
-123.553,43.894,294.635,1120282
-123.326,43.979,294.402,1120303
-123.314,44.284,294.002,1120324
-122.931,44.699,293.858,1120345
-122.439,44.911,293.755,1120366
-122.188,45.353,293.472,1120387
-121.824,45.692,293.242,1120408
-121.507,45.704,292.961,1120429
-121.062,45.806,292.764,1120450
-121.083,46.255,292.230,1120471
-120.731,46.536,291.964,1120492
-120.612,46.992,291.527,1120513
-120.827,47.123,290.800,1120534
-121.113,47.352,289.984,1120555
-121.492,47.561,289.105,1120576
-121.886,47.672,288.206,1120597
-122.301,47.788,287.271,1120618
-122.360,47.619,286.599,1120639
-122.662,47.492,285.750,1120660
-122.688,47.667,285.106,1120681
-122.633,47.764,284.519,1120702
-122.582,47.776,283.928,1120723
-122.524,47.544,283.317,1120744
-122.598,47.588,282.603,1120765
-122.975,47.317,281.678,1120786
-123.105,46.902,280.906,1120807
-123.026,46.750,280.294,1120828
-122.975,46.495,279.607,1120849
-122.933,46.193,278.929,1120870
-123.425,46.032,277.869,1120891
-123.886,45.937,276.830,1120912
-123.919,45.796,276.083,1120933
-124.307,45.780,275.063,1120954
-124.750,45.497,273.991,1120975
-125.026,45.103,273.031,1120996
-125.034,44.707,272.256,1121017
-124.963,44.444,271.534,1121038
-124.875,44.143,270.818,1121059
-124.879,44.125,270.025,1121080
-124.866,44.174,269.245,1121101
-124.969,44.310,268.384,1121122
-125.226,44.221,267.391,1121143
-125.361,43.987,266.466,1121164
-125.508,43.833,265.521,1121185
-125.640,43.639,264.539,1121206
-125.812,43.488,263.518,1121227
-125.532,43.507,262.801,1121248
-125.203,43.343,262.111,1121269
-124.830,43.251,261.441,1121290
-124.735,43.431,260.552,1121311
-124.848,43.543,259.512,1121332
-124.982,43.427,258.482,1121353
-124.796,43.578,257.644,1121374
-124.824,43.370,256.684,1121395
-125.045,43.359,255.589,1121416
-124.828,43.374,254.766,1121437
-124.627,43.343,253.894,1121458
-124.576,43.181,252.873,1121479
-124.705,42.969,251.722,1121500
-124.711,43.129,250.641,1121521
-125.149,43.328,249.195,1121542
-125.607,43.269,247.750,1121563
-125.953,43.490,246.347,1121584
-126.337,43.287,244.893,1121605
-126.615,43.010,243.470,1121626
-126.662,43.008,242.217,1121647
-127.118,43.082,240.651,1121668
-127.040,43.048,239.434,1121689
-126.951,42.974,238.182,1121710
-127.209,42.853,236.644,1121731
-127.532,43.018,235.033,1121752
-127.369,43.071,233.717,1121773
-127.546,42.944,232.147,1121794
-127.737,42.842,230.519,1121815
-127.978,42.774,228.837,1121836
-127.864,42.552,227.368,1121857
-127.746,42.624,225.880,1121878
-127.611,42.443,224.379,1121899
-127.835,42.630,222.597,1121920
-128.105,42.819,220.786,1121941
-128.460,42.737,218.934,1121962
-128.566,42.500,217.242,1121983
-128.794,42.369,215.475,1122004
-128.682,42.125,213.961,1122025
-129.731,42.414,211.614,1122046
-130.225,42.687,209.629,1122067
-130.627,42.857,207.732,1122088
-130.912,43.081,205.901,1122109
-131.231,43.402,204.083,1122130
-131.620,43.395,202.212,1122151
-131.957,43.434,200.370,1122172
-132.251,43.567,198.562,1122193
-132.443,43.834,196.821,1122214
-132.656,44.018,195.066,1122235
-132.269,44.085,193.679,1122256
-131.928,44.456,192.266,1122277
-131.401,44.735,190.984,1122298
-130.761,44.957,189.780,1122319
-130.536,45.131,188.306,1122340
-129.798,45.439,187.186,1122361
-128.559,45.597,187.239,1122382
-126.832,45.718,187.600,1122403
-125.175,45.744,187.916,1122424
-123.594,45.898,188.154,1122445
-122.034,45.871,188.343,1122466
-120.559,45.960,188.448,1122487
-119.131,45.978,188.486,1122508
-118.250,46.077,188.134,1122529
-117.540,46.090,187.675,1122550
-116.766,45.789,187.269,1122571
-116.342,45.725,186.622,1122592
-115.996,45.511,185.952,1122613
-115.915,45.594,185.061,1122634
-115.483,45.512,184.419,1122655
-115.221,45.399,183.606,1122676
-115.114,45.534,182.683,1122697
-115.044,45.640,181.724,1122718
-115.083,45.732,180.692,1122739
-115.330,45.488,179.499,1122760
-116.004,45.522,178.001,1122781
-116.775,45.619,176.437,1122802
-117.410,45.426,174.951,1122823
-118.293,45.531,173.347,1122844
-119.236,45.536,171.682,1122865
-119.944,45.354,170.181,1122886
-120.690,45.574,168.640,1122907
-121.695,45.783,166.904,1122928
-122.896,45.844,165.010,1122949
-124.137,45.862,163.100,1122970
-125.063,45.923,161.409,1122991
-125.872,45.751,159.777,1123012
-126.826,45.408,158.027,1123033
-127.646,45.093,156.384,1123054
-128.307,44.955,154.826,1123075
-128.904,44.783,153.288,1123096
-129.952,44.751,151.378,1123117
-130.820,44.528,149.586,1123138
-131.537,44.649,147.866,1123159
-132.275,44.460,146.095,1123180
-132.966,44.346,144.338,1123201
-133.076,44.239,142.921,1123222
-133.128,44.147,141.485,1123243
-133.323,43.831,139.887,1123264
-133.491,43.521,138.286,1123285
-133.342,43.483,136.841,1123306
-133.246,43.617,135.308,1123327
-133.182,43.816,133.714,1123348
-133.090,44.050,132.111,1123369
-133.025,43.933,130.465,1123390
-132.527,43.925,129.079,1123411
-132.145,43.795,127.577,1123432
-131.898,43.738,125.972,1123453
-131.475,43.707,124.464,1123474
-131.640,43.156,123.931,1123495
-131.383,42.876,123.594,1123516
-131.274,42.404,123.071,1123537
-130.997,42.405,122.637,1123558
-130.666,42.470,122.202,1123579
-130.537,42.645,121.593,1123600
-130.469,42.595,120.932,1123621
-130.231,42.933,120.356,1123642
-129.734,42.955,119.972,1123663
-129.405,43.028,119.437,1123684
-129.095,43.176,118.895,1123705
-128.619,43.762,118.452,1123726
-127.977,44.169,118.134,1123747
-127.549,44.858,117.624,1123768
-127.326,45.588,116.974,1123789
-127.043,45.880,116.339,1123810
-126.851,46.161,115.642,1123831
-126.462,46.495,115.078,1123852
-126.398,46.819,114.304,1123873
-126.534,47.342,113.367,1123894
-126.197,47.781,112.763,1123915
-125.931,48.304,112.116,1123936
-126.154,48.772,111.096,1123957
-126.369,49.202,110.106,1123978
-126.666,49.462,109.031,1123999
-126.436,49.502,108.344,1124020
-126.767,49.682,107.240,1124041
-127.114,49.650,106.118,1124062
-127.056,49.444,105.308,1124083
-127.014,49.466,104.476,1124104
-127.175,49.540,103.510,1124125
-127.260,49.581,102.620,1124146
-127.145,49.330,101.857,1124167
-127.009,49.014,101.103,1124188
-127.398,48.649,99.948,1124209
-127.781,48.261,98.798,1124230
-127.696,47.725,97.993,1124251
-128.143,47.321,96.813,1124272
-128.278,46.687,95.837,1124293
-128.744,46.390,94.651,1124314
-128.792,46.078,93.776,1124335
-128.949,45.499,92.827,1124356
-129.410,45.187,91.618,1124377
-129.338,44.862,90.803,1124398
-129.461,44.832,89.852,1124419
-129.646,44.433,88.860,1124440
-129.844,44.343,87.892,1124461
-129.789,44.350,87.122,1124482
-129.587,44.371,86.435,1124503
-129.669,44.346,85.593,1124524
-129.279,44.093,85.104,1124545
-129.227,44.118,84.378,1124566
-129.064,44.429,83.752,1124587
-128.569,44.410,83.370,1124608
-128.027,44.644,83.036,1124629
-127.816,44.671,82.440,1124650
-127.248,44.912,82.104,1124671
-126.691,45.187,81.796,1124692
-126.097,45.616,81.535,1124713
-125.460,46.185,81.337,1124734
-124.894,46.905,81.138,1124755
-124.628,47.650,80.718,1124776
-124.305,48.057,80.316,1124797
-124.120,48.581,79.805,1124818
-123.667,49.331,79.513,1124839
-123.179,49.667,79.256,1124860
-123.012,50.377,78.760,1124881
-123.025,50.800,78.143,1124902
-122.558,51.197,77.923,1124923
-122.131,51.359,77.672,1124944
-122.239,51.405,76.970,1124965
-122.464,51.555,76.162,1124986
-122.647,51.716,75.355,1125007
-122.942,51.548,74.434,1125028
-123.206,51.246,73.548,1125049
-123.073,51.089,72.931,1125070
-123.255,50.556,72.061,1125091
-123.229,49.969,71.371,1125112
-123.111,49.569,70.765,1125133
-123.481,48.981,69.767,1125154
-123.438,48.263,69.061,1125175
-123.639,47.487,68.170,1125196
-124.045,46.810,67.086,1125217
-124.544,46.236,65.970,1125238
-124.973,45.837,64.902,1125259
-124.979,45.385,64.151,1125280
-124.990,44.918,63.342,1125301
-125.262,44.669,62.344,1125322
-125.413,44.052,61.447,1125343
-125.694,43.889,60.437,1125364
-125.923,43.646,59.459,1125385
-126.503,43.276,58.225,1125406
-126.655,43.084,57.284,1125427
-126.954,42.573,56.259,1125448
-127.382,42.488,55.158,1125469
-127.524,42.125,54.232,1125490
-127.707,42.249,53.266,1125511
-128.074,42.295,52.197,1125532
-128.303,42.513,51.229,1125553
-128.175,42.617,50.505,1125574
-128.231,42.581,49.669,1125595
-128.212,42.948,48.855,1125616
-128.127,43.312,48.089,1125637
-128.270,43.455,47.147,1125658
-128.214,43.957,46.326,1125679
-128.377,44.222,45.363,1125700
-128.622,44.604,44.340,1125721
-128.881,45.287,43.307,1125742
-128.693,45.973,42.568,1125763
-128.678,46.783,41.722,1125784
-128.850,47.561,40.735,1125805
-128.860,48.345,39.820,1125826
-128.724,49.059,39.022,1125847
-128.550,49.360,38.241,1125868
-128.578,49.612,37.262,1125889
-128.525,49.843,36.306,1125910
-128.395,50.213,35.352,1125931
-128.841,50.542,33.915,1125952
-129.289,50.811,32.472,1125973
-129.762,51.068,30.998,1125994
-130.231,51.295,29.511,1126015
-130.191,51.338,28.385,1126036
-130.518,51.386,26.954,1126057
-131.005,51.474,25.364,1126078
-131.051,51.386,24.053,1126099
-131.009,51.332,22.773,1126120
-131.026,51.406,21.354,1126141
-131.048,50.727,20.523,1126162
-131.080,49.874,19.584,1126183
-131.459,49.373,18.320,1126204
-131.590,48.592,17.215,1126225
-131.765,47.925,16.084,1126246
-131.521,47.523,15.243,1126267
-131.726,47.163,14.089,1126288
-131.579,46.849,13.191,1126309
-131.417,46.563,12.301,1126330
-131.625,46.365,11.122,1126351
-131.802,46.224,9.948,1126372
-131.471,46.007,9.111,1126393
-131.401,46.063,8.087,1126414
-131.229,46.159,7.111,1126435
-131.224,46.340,6.024,1126456
-130.963,46.220,5.118,1126477
-131.012,46.138,4.005,1126498
-130.813,46.109,3.050,1126519
-130.887,46.102,1.909,1126540
-131.122,46.232,0.646,1126561
-131.170,46.268,359.502,1126582
-131.091,46.707,358.446,1126603
-131.107,46.779,357.341,1126624
-131.400,47.013,356.034,1126645
-131.370,47.437,354.963,1126666
-131.286,47.579,353.932,1126687
-131.351,48.017,352.832,1126708
-131.296,48.252,351.806,1126729
-131.549,48.697,350.565,1126750
-131.965,49.097,349.211,1126771
-132.149,49.400,348.045,1126792
-132.742,49.461,346.587,1126813
-133.180,49.346,345.255,1126834
-133.302,49.226,344.149,1126855
-133.907,49.381,342.688,1126876
-133.907,49.301,341.686,1126897
-134.307,49.109,340.378,1126918
-134.637,48.877,339.111,1126939
-134.708,48.609,338.058,1126960
-135.146,48.448,336.766,1126981
-134.994,48.306,335.935,1127002
-135.033,48.375,334.960,1127023
-134.859,48.147,334.149,1127044
-134.951,47.934,333.167,1127065
-135.114,47.797,332.096,1127086
-134.934,47.902,331.283,1127107
-134.746,48.017,330.473,1127128
-134.436,47.725,329.736,1127149
-134.247,47.832,328.918,1127170
-134.032,47.561,328.118,1127191
-133.665,47.719,327.428,1127212
-133.202,47.869,326.807,1127233
-132.801,47.701,326.141,1127254
-132.308,47.511,325.550,1127275
-131.384,47.431,325.254,1127296
-130.378,47.312,325.013,1127317
-129.565,47.010,324.624,1127338
-128.612,46.901,324.314,1127359
-127.736,46.896,323.962,1127380
-127.350,46.720,323.265,1127401
-126.573,46.644,322.859,1127422
-126.430,46.679,322.020,1127443
-126.174,46.942,321.266,1127464
-125.721,46.796,320.662,1127485
-125.701,46.766,319.757,1127506
-125.780,46.802,318.758,1127527
-125.401,46.796,318.081,1127548
-125.279,47.060,317.219,1127569
-125.179,47.313,316.345,1127590
-124.984,47.149,315.511,1127611
-125.203,47.310,314.383,1127632
-125.386,47.182,313.294,1127653
-125.660,47.103,312.119,1127674
-125.495,46.952,311.292,1127695
-125.811,46.861,310.124,1127716
-125.713,46.836,309.241,1127737
-125.870,46.595,308.199,1127758
-126.324,46.669,306.938,1127779
-126.451,46.873,305.906,1127800
-126.505,46.719,304.912,1127821
-126.997,46.774,303.631,1127842
-127.403,47.063,302.383,1127863
-127.914,47.137,301.104,1127884
-127.865,47.083,300.215,1127905
-127.772,47.172,299.368,1127926
-127.969,47.520,298.344,1127947
-127.931,47.437,297.452,1127968
-128.192,47.718,296.350,1127989
-128.537,47.908,295.187,1128010
-128.379,48.079,294.373,1128031
-128.507,47.983,293.373,1128052
-128.680,47.913,292.311,1128073
-128.983,47.990,291.139,1128094
-129.307,48.197,289.950,1128115
-129.150,48.155,289.139,1128136
-129.104,47.950,288.252,1128157
-129.487,47.991,287.072,1128178
-129.379,48.025,286.284,1128199
-129.441,48.121,285.364,1128220
-129.627,48.212,284.349,1128241
-129.915,48.049,283.274,1128262
-129.742,48.031,282.528,1128283
-129.508,47.953,281.808,1128304
-129.320,47.979,281.050,1128325
-129.405,47.720,280.088,1128346
-129.170,47.444,279.381,1128367
-129.356,47.289,278.370,1128388
-129.534,47.125,277.361,1128409
-129.631,46.904,276.404,1128430
-129.748,46.708,275.420,1128451
-129.423,46.485,274.760,1128472
-129.554,46.377,273.772,1128493
-129.231,46.202,273.096,1128514
-128.951,46.296,272.374,1128535
-128.681,46.118,271.632,1128556
-128.487,46.292,270.835,1128577
-128.250,46.425,270.052,1128598
-128.128,46.649,269.148,1128619
-128.082,46.846,268.177,1128640
-128.169,46.650,267.119,1128661
-128.465,46.626,265.862,1128682
-128.722,46.731,264.612,1128703
-128.610,46.662,263.600,1128724
-128.906,46.378,262.242,1128745
-129.244,46.075,260.822,1128766
-129.224,45.703,259.621,1128787
-129.268,45.297,258.362,1128808
-129.672,45.061,256.818,1128829
-129.999,44.713,255.313,1128850
-130.395,44.498,253.736,1128871
-131.549,45.380,252.890,1128892
-132.892,46.098,251.867,1128913
-134.080,46.348,250.855,1128934
-135.068,46.476,249.946,1128955
-135.694,46.764,249.246,1128976
-136.199,46.943,248.600,1128997
-136.624,47.057,247.973,1129018
-137.020,47.142,247.332,1129039
-137.655,47.040,246.458,1129060
-138.098,46.770,245.716,1129081
-138.411,46.589,245.047,1129102
-138.542,46.115,244.486,1129123
-138.645,45.847,243.939,1129144
-138.691,45.448,243.470,1129165
-138.516,44.994,243.179,1129186
-138.229,45.019,243.207,1129207
-138.153,45.230,243.091,1129228
-137.675,45.357,243.242,1129249
-137.100,45.519,243.477,1129270
-136.803,45.585,243.549,1129291
-135.988,45.765,243.968,1129312
-135.014,45.677,244.493,1129333
-133.961,45.546,245.077,1129354
-132.837,45.601,245.694,1129375
-131.709,45.710,246.272,1129396
-130.589,45.912,246.833,1129417
-129.370,45.991,247.441,1129438
-128.241,46.198,247.966,1129459
-127.066,46.362,248.477,1129480
-126.383,46.354,248.617,1129501
-125.532,46.166,248.856,1129522
-124.991,46.288,248.852,1129543
-124.009,46.288,249.141,1129564
-123.069,46.164,249.375,1129585
-122.609,46.337,249.244,1129606
-121.840,46.397,249.318,1129627
-121.386,46.170,249.142,1129648
-121.062,46.414,248.864,1129669
-120.878,46.373,248.474,1129690
-120.561,46.230,248.142,1129711
-120.435,46.202,247.652,1129732
-120.241,46.084,247.229,1129753
-119.788,45.875,246.983,1129774
-119.348,45.927,246.719,1129795
-119.024,45.970,246.359,1129816
-118.754,45.947,245.930,1129837
-118.690,46.096,245.343,1129858
-118.504,46.058,244.833,1129879
-118.423,46.162,244.288,1129900
-118.292,46.037,243.748,1129921
-118.701,45.966,242.839,1129942
-119.170,45.899,241.913,1129963
-119.611,46.158,241.002,1129984
-119.906,45.953,240.177,1130005
-120.471,46.161,239.180,1130026
-120.650,46.178,238.424,1130047
-120.914,46.004,237.590,1130068
-121.554,45.880,236.465,1130089
-122.286,45.982,235.262,1130110
-122.933,45.815,234.107,1130131
-123.172,45.630,233.216,1130152
-123.731,45.430,232.095,1130173
-124.194,45.162,231.038,1130194
-124.391,44.809,230.156,1130215
-124.412,44.676,229.390,1130236
-124.500,44.674,228.567,1130257
-124.918,44.464,227.489,1130278
-125.315,44.486,226.394,1130299
-125.600,44.175,225.368,1130320
-125.932,43.924,224.303,1130341
-126.235,43.650,223.226,1130362
-126.643,43.659,222.072,1130383
-127.005,43.438,220.956,1130404
-126.975,43.445,220.063,1130425
-127.054,43.610,219.077,1130446
-127.091,43.774,218.076,1130467
-127.394,44.098,216.879,1130488
-127.786,44.410,215.618,1130509
-128.193,44.546,214.352,1130530
-128.543,44.649,213.108,1130551
-128.548,45.063,212.086,1130572
-128.856,45.323,210.841,1130593
-129.141,45.673,209.605,1130614
-128.880,45.985,208.741,1130635
-128.613,46.336,207.908,1130656
-128.298,46.608,207.091,1130677
-128.251,47.070,206.103,1130698
-128.466,47.381,204.915,1130719
-128.212,47.370,204.097,1130740
-128.288,47.393,203.012,1130761
-128.344,47.375,201.925,1130782
-128.205,47.297,200.992,1130803
-127.936,47.242,200.123,1130824
-127.705,47.404,199.231,1130845
-127.471,47.514,198.358,1130866
-127.703,47.782,197.097,1130887
-127.489,47.850,196.202,1130908
-127.276,47.737,195.291,1130929
-127.427,47.651,194.091,1130950
-127.604,47.576,192.852,1130971
-127.562,47.354,191.766,1130992
-127.366,47.092,190.781,1131013
-127.300,47.246,189.709,1131034
-126.910,47.271,188.886,1131055
-126.715,47.362,187.912,1131076
-126.900,47.197,186.671,1131097
-127.127,47.009,185.384,1131118
-126.376,46.978,185.040,1131139
-125.275,47.061,184.949,1131160
-124.240,47.014,184.778,1131181
-123.277,46.987,184.541,1131202
-122.568,47.139,184.112,1131223
-121.798,46.940,183.699,1131244
-121.003,47.064,183.255,1131265
-120.428,47.317,182.619,1131286
-119.868,47.555,181.963,1131307
-119.549,47.841,181.121,1131328
-119.160,47.724,180.309,1131349
-119.128,47.621,179.211,1131370
-119.359,47.664,177.883,1131391
-119.544,47.543,176.587,1131412
-119.881,47.453,175.135,1131433
-120.356,47.446,173.526,1131454
-120.694,47.641,171.961,1131475
-120.875,47.724,170.480,1131496
-121.124,47.779,168.904,1131517
-121.299,47.680,167.359,1131538
-121.915,47.402,165.462,1131559
-122.393,47.089,163.621,1131580
-122.669,46.921,161.873,1131601
-123.394,46.704,159.754,1131622
-123.761,46.702,157.782,1131643
-124.109,46.370,155.782,1131664
-124.397,46.262,153.763,1131685
-125.280,45.827,153.160,1131706
-126.342,45.164,152.312,1131727
-126.940,44.804,151.677,1131748
-127.343,44.483,151.054,1131769
-127.494,44.123,150.539,1131790
-127.991,43.852,149.692,1131811
-128.265,43.567,148.911,1131832
-128.202,43.283,148.301,1131853
-128.325,43.332,147.486,1131874
-128.072,43.658,146.843,1131895
-127.946,43.889,146.072,1131916
-127.964,43.728,145.898,1131937
-127.470,43.800,145.988,1131958
-127.228,43.730,145.805,1131979
-126.453,43.743,145.923,1132000
-125.591,43.818,146.016,1132021
-125.118,44.260,145.783,1132042
-124.080,44.492,145.902,1132063
-123.011,44.995,145.998,1132084
-121.845,45.428,146.132,1132105
-120.996,45.950,146.434,1132126
-120.178,46.529,146.657,1132147
-119.228,46.700,146.918,1132168
-118.602,47.049,146.943,1132189
-117.565,47.276,147.220,1132210
-116.940,47.830,147.164,1132231
-116.083,48.065,147.228,1132252
-115.089,48.627,147.358,1132273
-114.520,49.117,147.135,1132294
-113.740,49.726,147.020,1132315
-113.285,50.182,146.661,1132336
-112.343,50.444,146.664,1132357
-111.539,50.720,146.560,1132378
-111.307,50.914,145.997,1132399
-111.160,51.089,145.338,1132420
-110.884,51.067,144.741,1132441
-110.573,50.982,144.138,1132462
-110.318,51.249,143.458,1132483
-110.536,51.448,142.365,1132504
-110.398,51.584,141.522,1132525
-110.547,51.361,140.412,1132546
-111.094,51.308,138.960,1132567
-111.714,51.094,137.452,1132588
-112.325,50.745,135.931,1132609
-113.222,50.472,134.159,1132630
-114.215,50.163,132.309,1132651
-115.250,49.771,130.411,1132672
-116.379,49.356,128.418,1132693
-117.301,49.086,126.606,1132714
-118.412,48.757,124.629,1132735
-119.593,48.305,122.606,1132756
-120.732,47.740,120.647,1132777
-121.345,47.090,119.078,1132798
-122.144,46.390,117.386,1132819
-122.684,45.989,115.887,1132840
-123.361,45.341,114.300,1132861
-123.794,44.871,112.896,1132882
-124.659,44.606,111.170,1132904
-125.325,44.495,109.583,1132925
-125.867,44.414,108.057,1132946
-126.555,44.186,106.417,1132967
-126.719,43.832,105.124,1132988
-127.021,43.480,103.737,1133009
-127.336,43.243,102.360,1133030
-127.448,43.450,101.102,1133051
-127.310,43.519,99.996,1133072
-127.200,43.793,98.923,1133093
-127.365,43.901,97.650,1133114
-127.418,44.387,96.483,1133135
-127.326,44.516,95.417,1133156
-127.251,44.705,94.317,1133177
-126.826,45.162,93.459,1133198
-126.304,45.559,92.675,1133219
-126.062,46.119,91.665,1133240
-125.676,46.595,90.764,1133261
-125.298,46.681,89.870,1133282
-124.961,47.126,88.980,1133303
-124.499,47.246,88.179,1133324
-124.569,47.404,86.972,1133345
-124.651,47.473,85.728,1133366
-124.730,47.438,84.473,1133387
-124.452,47.635,83.452,1133408
-124.206,47.482,82.429,1133429
-123.936,47.611,81.454,1133450
-124.155,47.533,80.129,1133471
-124.115,47.652,79.020,1133492
-123.992,47.699,77.944,1133513
-123.872,47.708,76.867,1133534
-124.199,47.588,75.438,1133555
-124.070,47.234,74.344,1133576
-124.283,46.852,73.019,1133597
-124.364,46.417,71.797,1133618
-124.601,46.011,70.470,1133639
-124.915,45.936,69.126,1133660
-124.797,45.704,68.080,1133681
-124.938,45.676,66.845,1133702
-125.106,45.275,65.604,1133723
-125.076,45.130,64.500,1133744
-125.622,45.112,63.015,1133765
-125.995,44.878,61.665,1133786
-126.062,44.840,60.563,1133807
-126.322,45.061,59.319,1133828
-126.883,45.137,57.863,1133849
-127.336,45.456,56.482,1133870
-127.641,45.418,55.238,1133891
-127.844,45.807,54.051,1133912
-127.970,46.183,52.910,1133933
-128.280,46.590,51.660,1133954
-128.219,46.716,50.679,1133975
-128.627,46.851,49.324,1133996
-128.975,46.910,48.012,1134017
-129.061,46.893,46.915,1134038
-129.060,47.085,45.879,1134059
-129.588,47.149,44.470,1134080
-129.941,47.504,43.191,1134101
-130.435,47.860,41.786,1134122
-130.644,48.045,40.569,1134143
-131.371,48.169,38.982,1134164
-131.836,48.140,37.575,1134185
-132.222,48.160,36.188,1134206
-132.780,48.489,34.642,1134227
-133.278,48.863,33.092,1134248
-133.649,48.960,31.608,1134269
-133.709,49.378,30.324,1134290
-133.783,49.776,28.981,1134311
-134.086,50.219,27.448,1134332
-134.227,50.594,26.008,1134353
-134.589,50.627,24.407,1134374
-134.808,50.989,22.874,1134395
-135.521,51.154,20.969,1134416
-135.748,51.409,19.416,1134437
-135.945,51.532,17.891,1134458
-136.565,51.900,16.019,1134479
-137.460,52.130,13.916,1134500
-138.377,52.223,11.786,1134521
-138.726,52.354,10.107,1134542
-139.315,52.189,8.221,1134563
-139.717,52.300,6.491,1134584
-140.161,52.064,4.736,1134605
-140.309,51.794,3.211,1134626
-140.316,51.532,1.792,1134647
-140.318,51.531,0.371,1134668
-140.080,51.378,359.177,1134689
-140.164,51.446,357.748,1134710
-140.394,51.301,356.216,1134731
-140.505,51.120,354.786,1134752
-140.436,51.152,353.485,1134773
-139.761,50.921,352.634,1134794
-139.429,50.602,351.543,1134815
-138.818,50.225,350.669,1134836
-138.069,50.087,349.923,1134857
-137.236,49.824,349.267,1134878
-136.408,49.613,348.654,1134899
-136.034,49.312,347.709,1134920
-135.442,48.955,346.940,1134941
-134.608,48.927,346.353,1134962
-133.882,48.610,345.686,1134983
-132.839,48.407,345.265,1135004
-131.841,48.146,344.842,1135025
-130.953,47.867,344.358,1135046
-130.466,47.776,343.609,1135067
-129.636,47.849,343.103,1135088
-129.097,47.955,342.381,1135109
-128.334,48.009,341.785,1135130
-128.158,47.646,342.253,1135151
-128.405,47.327,342.332,1135172
-128.585,46.902,342.400,1135193
-128.655,46.340,342.452,1135214
-128.931,45.875,342.259,1135235
-129.207,45.412,342.015,1135256
-129.297,45.261,341.865,1135277
-129.393,45.107,341.638,1135298
-129.705,44.678,341.261,1135319
-129.730,44.614,341.047,1135340
-129.619,44.570,340.860,1135361
-129.800,44.343,340.439,1135382
-129.633,44.165,340.213,1135403
-129.702,44.022,339.802,1135424
-129.588,43.933,339.497,1135445
-129.362,44.127,339.229,1135466
-129.628,44.414,338.573,1135487
-129.668,44.870,338.079,1135508
-129.980,45.148,337.348,1135529
-129.745,45.342,337.005,1135550
-130.023,45.774,336.256,1135571
-130.294,46.232,335.480,1135592
-130.590,46.631,334.672,1135613
-130.386,46.805,334.212,1135634
-130.400,46.967,333.570,1135655
-130.688,47.376,332.706,1135676
-130.638,47.891,332.037,1135697
-130.526,48.309,331.402,1135718
-130.537,48.825,330.636,1135739
-130.610,48.905,329.800,1135760
-130.527,49.285,329.035,1135781
-130.737,49.370,328.041,1135802
-130.912,49.420,327.045,1135823
-130.937,49.430,326.158,1135844
-131.193,49.498,325.075,1135865
-131.170,49.424,324.199,1135886
-131.005,49.635,323.388,1135907
-131.204,49.867,322.241,1135928
-131.027,50.003,321.356,1135949
-131.033,49.967,320.686,1135970
-131.375,49.730,319.747,1135991
-131.513,49.315,318.920,1136012
-131.739,48.920,317.986,1136033
-131.590,48.762,317.362,1136054
-131.575,48.258,316.623,1136075
-131.352,47.709,316.026,1136096
-131.066,47.450,315.459,1136117
-130.962,47.293,314.749,1136138
-130.531,46.736,314.275,1136159
-130.518,46.571,313.453,1136180
-130.500,46.442,312.649,1136201
-129.973,46.116,312.200,1136222
-129.636,45.701,311.598,1136243
-129.366,45.318,310.946,1136264
-128.918,44.989,310.403,1136285
-128.315,44.788,310.000,1136306
-127.951,44.926,309.426,1136327
-127.738,44.921,308.744,1136348
-127.207,45.106,308.263,1136369
-126.801,45.338,307.683,1136390
-126.630,45.355,306.918,1136411
-126.514,45.437,306.104,1136432
-126.356,45.375,305.304,1136453
-125.959,45.260,304.671,1136474
-125.512,45.240,304.058,1136495
-125.307,45.563,303.262,1136516
-125.346,45.904,302.295,1136537
-125.265,45.854,301.400,1136558
-124.965,46.059,300.670,1136579
-125.112,46.381,299.630,1136600
-124.876,46.510,298.833,1136621
-124.790,46.744,297.937,1136642
-125.144,46.751,296.712,1136663
-125.115,46.710,295.754,1136684
-125.158,46.838,294.723,1136705
-125.284,47.001,293.612,1136726
-125.830,46.927,292.202,1136747
-126.465,46.993,290.686,1136768
-127.095,47.017,289.176,1136789
-127.674,47.200,287.689,1136810
-128.123,47.067,286.270,1136831
-128.576,46.946,284.871,1136852
-128.642,46.931,283.718,1136873
-128.652,46.849,282.622,1136894
-129.109,46.728,281.216,1136915
-129.264,46.815,280.004,1136936
-129.770,46.819,278.518,1136957
-130.285,46.814,277.016,1136978
-130.740,46.701,275.561,1136999
-131.226,46.678,274.047,1137020
-131.505,46.830,272.677,1137041
-131.416,46.707,271.568,1137062
-131.437,46.426,270.366,1137083
-131.268,46.158,269.293,1137104
-131.109,46.190,268.197,1137125
-131.175,46.310,266.931,1137146
-131.122,46.000,265.728,1137167
-131.092,45.699,264.498,1137188
-131.163,45.555,263.193,1137209
-130.761,45.448,262.186,1137230
-130.756,45.120,260.881,1137251
-131.314,45.601,259.787,1137272
-132.089,46.057,258.513,1137293
-132.392,46.208,257.570,1137314
-132.778,46.513,256.554,1137335
-133.022,46.691,255.644,1137356
-133.658,46.751,254.421,1137377
-133.662,46.802,253.640,1137398
-134.131,46.897,252.474,1137419
-134.350,47.086,251.489,1137440
-134.530,46.845,250.501,1137461
-134.370,46.501,249.774,1137482
-133.953,46.252,249.228,1137503
-133.606,45.884,248.627,1137524
-133.314,45.913,247.997,1137545
-133.227,45.904,247.204,1137566
-133.106,45.874,246.418,1137587
-132.380,45.685,246.065,1137608
-132.113,45.594,245.393,1137629
-131.745,45.512,244.764,1137650
-131.116,45.331,244.312,1137671
-130.070,45.275,244.125,1137692
-128.977,45.339,243.944,1137713
-127.863,45.398,243.775,1137734
-126.756,45.416,243.585,1137755
-125.762,45.287,243.318,1137776
-124.959,45.583,242.857,1137797
-124.074,45.432,242.454,1137818
-123.151,45.621,242.051,1137839
-122.210,45.764,241.650,1137860
-121.718,45.739,240.923,1137881
-121.276,45.944,240.121,1137902
-120.455,46.082,239.536,1137923
-119.710,46.237,238.926,1137944
-119.186,46.047,238.101,1137965
-118.675,46.250,237.256,1137986
-118.477,46.105,236.191,1138007
-118.384,45.986,235.045,1138028
-118.428,45.900,233.817,1138049
-118.403,45.648,232.625,1138070
-118.553,45.478,231.317,1138091
-118.586,45.191,230.090,1138112
-118.461,45.187,228.957,1138133
-118.718,45.318,227.535,1138154
-118.690,45.332,226.257,1138175
-119.165,45.300,224.644,1138196
-119.644,45.188,223.028,1138217
-120.151,45.039,221.388,1138238
-120.680,44.827,219.723,1138259
-120.877,44.722,218.300,1138280
-121.448,44.889,216.620,1138301
-121.808,44.919,215.070,1138322
-122.197,44.779,213.502,1138343
-122.975,44.656,211.650,1138364
-123.422,44.821,209.999,1138385
-124.300,45.055,208.052,1138406
-124.810,44.944,206.373,1138427
-125.812,45.088,204.349,1138448
-126.777,45.285,202.352,1138469
-127.211,45.418,200.779,1138490
-127.611,45.536,199.217,1138511
-128.244,45.437,197.501,1138532
-128.509,45.534,196.046,1138553
-129.262,45.744,194.264,1138574
-129.593,45.906,192.786,1138595
-130.342,45.889,191.024,1138616
-131.104,45.844,189.254,1138637
-131.299,45.829,187.891,1138658
-131.934,45.717,186.198,1138679
-131.684,45.999,184.997,1138700
-130.995,46.461,184.099,1138721
-130.297,46.884,183.201,1138742
-129.583,47.187,182.324,1138763
-128.873,47.535,181.433,1138784
-128.662,47.884,180.156,1138805
-128.209,47.842,179.051,1138826
-127.420,47.835,178.192,1138847
-126.820,47.686,177.171,1138868
-126.256,47.499,176.113,1138889
-125.680,47.295,175.025,1138910
-125.212,47.007,173.833,1138931
-124.803,46.800,172.565,1138952
-124.461,46.630,171.213,1138973
-125.252,45.887,171.100,1138994
-125.481,45.046,171.350,1139015
-126.034,44.584,171.245,1139036
-126.598,43.903,171.053,1139057
-127.111,43.400,170.833,1139079
-127.569,42.805,170.591,1139100
-127.992,42.331,170.359,1139121
-127.829,42.220,170.290,1139142
-127.650,42.170,170.189,1139163
-127.843,42.111,169.837,1139184
-128.043,42.198,169.475,1139205
-128.272,42.297,169.074,1139226
-128.341,42.270,168.773,1139247
-128.515,42.398,168.375,1139268
-128.689,42.517,167.965,1139289
-128.587,42.571,167.691,1139310
-128.320,42.989,167.549,1139331
-128.093,43.485,167.352,1139352
-127.978,44.117,167.097,1139373
-127.779,44.732,166.877,1139394
-127.615,45.376,166.636,1139415
-127.641,45.599,166.239,1139436
-127.717,45.821,165.775,1139457
-127.545,46.283,165.486,1139478
-127.672,46.385,164.975,1139499
-127.852,46.447,164.413,1139520
-127.759,46.754,164.049,1139541
-127.672,46.869,163.648,1139562
-127.854,47.314,163.016,1139583
-127.707,47.398,162.606,1139604
-127.693,47.725,162.090,1139625
-127.851,47.624,161.436,1139646
-127.770,47.437,160.933,1139667
-127.808,47.595,160.352,1139688
-128.037,47.470,159.606,1139709
-127.980,47.080,159.074,1139730
-127.694,46.994,158.680,1139751
-127.653,46.976,158.130,1139772
-127.616,46.970,157.545,1139793
-127.694,46.933,156.871,1139814
-127.788,46.640,156.180,1139835
-127.843,46.293,155.552,1139856
-127.943,45.944,154.871,1139877
-127.914,45.484,154.276,1139898
-128.058,45.334,153.576,1139919
-128.250,45.200,152.827,1139940
-128.076,44.755,152.351,1139961
-127.693,44.519,152.009,1139982
-127.452,44.181,151.567,1140003
-127.297,44.317,151.055,1140024
-127.076,44.474,150.605,1140045
-126.686,44.276,150.258,1140066
-126.285,44.239,149.889,1140087
-126.254,44.085,149.258,1140108
-125.949,44.193,148.818,1140129
-125.659,44.272,148.383,1140150
-125.701,44.666,147.730,1140171
-125.970,44.792,146.917,1140192
-126.210,45.194,146.099,1140213
-126.238,45.613,145.452,1140234
-126.258,46.022,144.778,1140255
-126.032,46.110,144.281,1140276
-125.804,46.245,143.797,1140297
-125.918,46.638,143.021,1140318
-126.227,46.954,142.099,1140339
-126.435,46.969,141.244,1140360
-126.663,47.315,140.366,1140381
-126.749,47.268,139.570,1140402
-126.629,47.224,138.923,1140423
-126.892,47.232,137.981,1140444
-127.104,47.188,137.076,1140465
-127.156,47.068,136.266,1140486
-127.021,47.238,135.584,1140507
-126.810,47.173,134.970,1140528
-127.121,47.140,133.962,1140549
-126.959,47.220,133.298,1140570
-127.096,47.407,132.421,1140591
-127.086,47.512,131.628,1140612
-127.454,47.501,130.583,1140633
-127.734,47.620,129.609,1140654
-128.073,47.646,128.622,1140675
-127.915,47.386,127.979,1140696
-127.782,47.349,127.333,1140717
-127.599,47.166,126.689,1140738
-127.449,47.034,126.026,1140759
-127.286,46.774,125.387,1140780
-127.585,46.714,124.408,1140801
-127.400,46.755,123.813,1140822
-127.559,46.522,122.963,1140843
-127.755,46.372,122.097,1140864
-127.978,46.364,121.196,1140885
-127.742,46.109,120.629,1140906
-127.552,45.848,120.027,1140927
-127.544,46.038,119.278,1140948
-127.252,46.078,118.777,1140969
-126.909,46.099,118.278,1140990
-126.505,46.134,117.854,1141011
-126.273,46.383,117.314,1141032
-126.266,46.388,116.617,1141053
-126.267,46.530,115.901,1141074
-126.247,46.683,115.192,1141095
-125.888,46.667,114.750,1141116
-125.652,46.678,114.204,1141137
-125.187,46.679,113.845,1141158
-125.079,46.760,113.225,1141179
-124.680,47.127,112.821,1141200
-124.200,47.438,112.485,1141221
-123.697,47.655,112.178,1141242
-123.673,47.977,111.517,1141263
-123.628,48.051,110.870,1141284
-123.174,47.954,110.495,1141305
-123.026,47.867,109.867,1141326
-123.018,47.843,109.141,1141347
-122.643,47.998,108.674,1141368
-122.799,48.126,107.830,1141389
-122.575,48.297,107.257,1141410
-122.852,48.386,106.341,1141431
-123.174,48.356,105.363,1141452
-123.529,48.343,104.393,1141473
-123.471,48.329,103.733,1141494
-123.340,48.116,103.153,1141515
-123.558,47.684,102.336,1141536
-123.433,47.359,101.774,1141557
-123.314,47.074,101.208,1141578
-123.621,46.954,100.330,1141599
-123.995,46.606,99.457,1141620
-124.123,46.599,98.771,1141641
-124.540,46.582,97.912,1141662
-124.959,46.358,97.041,1141683
-125.427,46.225,96.183,1141704
-125.897,46.061,95.344,1141725
-126.243,45.866,94.583,1141746
-126.474,46.027,93.919,1141767
-126.847,45.817,93.131,1141788
-127.142,46.026,92.387,1141809
-127.223,46.128,91.775,1141830
-127.228,46.130,91.184,1141851
-127.370,46.329,90.482,1141872
-127.823,46.296,89.560,1141893
-127.783,46.258,88.958,1141914
-127.943,46.134,88.196,1141935
-128.066,46.063,87.463,1141956
-128.438,46.440,86.509,1141977
-128.540,46.591,85.702,1141998
-129.049,46.642,84.570,1142019
-129.566,47.005,83.373,1142040
-131.045,47.803,81.774,1142061
-132.641,48.386,79.985,1142082
-134.183,48.870,78.125,1142103
-135.627,49.375,76.266,1142124
-136.911,49.867,74.457,1142145
-137.821,50.192,72.873,1142166
-139.107,50.153,72.225,1142187
-140.679,49.940,71.295,1142208
-141.954,49.590,70.512,1142229
-142.865,49.462,69.930,1142250
-143.867,49.064,69.195,1142271
-145.000,48.726,68.292,1142292
-146.623,48.742,67.063,1142313
-148.098,48.749,65.882,1142334
-148.815,48.495,65.232,1142355
-149.319,48.274,64.689,1142376
-149.953,48.317,64.032,1142397
-150.837,48.344,63.161,1142418
-151.255,48.722,62.576,1142439
-151.655,49.159,62.021,1142460
-152.157,49.679,61.322,1142481
-152.614,49.867,60.658,1142502
-153.307,50.286,59.801,1142523
-153.899,50.835,58.954,1142544
-154.301,51.429,58.227,1142565
-154.652,51.615,57.719,1142586
-155.262,51.973,56.943,1142607
-155.509,52.553,56.372,1142628
-155.683,53.109,55.799,1142649
-155.917,53.678,55.130,1142670
-156.463,53.981,54.176,1142691
-157.024,54.610,53.231,1142712
-157.968,55.020,51.989,1142733
-158.193,55.434,51.292,1142754
-158.640,55.630,50.365,1142775
-159.708,55.954,48.890,1142796
-160.377,56.443,47.716,1142817
-161.386,56.586,46.252,1142838
-161.560,57.096,46.863,1142859
-161.860,57.547,47.203,1142880
-162.245,57.991,47.299,1142901
-162.949,58.146,47.012,1142922
-163.326,58.160,46.911,1142943
-163.291,58.204,47.058,1142964
-163.257,58.267,47.114,1142985
-163.148,58.306,47.171,1143006
-163.014,58.212,47.161,1143027
-163.473,58.323,46.567,1143048
-162.969,58.255,47.226,1143069
-163.133,58.282,47.244,1143090
-163.653,58.147,46.931,1143111
-163.987,57.873,46.701,1143132
-164.493,57.575,46.282,1143153
-165.113,57.318,45.705,1143174
-164.743,57.136,46.186,1143195
-164.490,56.974,46.474,1143216
-164.488,56.886,46.445,1143237
-164.304,56.809,46.687,1143258
-164.742,56.659,46.375,1143279
-164.401,56.454,46.789,1143300
-164.739,56.532,46.560,1143321
-165.138,56.361,46.345,1143342
-165.489,56.190,46.088,1143363
-165.979,56.230,45.737,1143384
-165.664,56.120,46.056,1143405
-165.398,56.202,46.356,1143426
-165.221,56.075,46.576,1143447
-165.174,55.949,46.669,1143468
-164.929,56.095,46.898,1143489
-164.808,56.322,47.042,1143510
-165.076,56.298,46.850,1143531
-165.379,56.286,46.610,1143552
-165.763,56.322,46.315,1143573
-165.549,56.582,46.512,1143594
-165.354,56.554,46.707,1143615
-165.200,56.832,46.821,1143636
-165.335,57.157,46.663,1143657
-165.024,57.497,46.861,1143678
-165.124,57.571,46.683,1143699
-164.997,57.915,46.692,1143720
-164.698,58.247,46.830,1143741
-164.472,58.221,46.912,1143762
-164.482,58.210,46.782,1143783
-164.717,58.245,46.449,1143804
-164.503,58.489,46.480,1143825
-163.951,58.609,46.779,1143846
-163.245,58.521,47.171,1143867
-162.520,58.463,47.555,1143888
-162.476,58.488,47.341,1143909
-162.198,58.542,47.355,1143930
-161.869,58.229,47.453,1143951
-161.667,57.944,47.428,1143972
-161.622,57.889,47.260,1143993
-160.762,57.752,47.809,1144014
-159.913,57.449,48.293,1144035
-159.257,57.380,48.548,1144056
-158.275,57.033,49.013,1144077
-157.340,56.821,49.381,1144098
-157.060,56.666,49.150,1144119
-156.787,56.327,48.879,1144140
-156.401,55.942,48.687,1144161
-155.828,55.513,48.636,1144182
-155.374,55.128,48.445,1144203
-155.206,54.952,48.007,1144224
-154.314,54.690,48.118,1144245
-153.435,54.486,48.190,1144266
-152.623,54.245,48.148,1144287
-152.051,53.986,48.156,1144308
-151.726,54.105,47.911,1144329
-151.455,54.019,47.646,1144350
-151.120,54.061,47.404,1144371
-150.527,53.779,47.355,1144392
-150.051,53.591,47.206,1144413
-148.875,53.410,47.590,1144434
-147.664,53.221,47.990,1144455
-146.400,52.997,48.373,1144476
-145.199,52.859,48.686,1144497
-143.868,52.610,49.081,1144518
-142.583,52.403,49.418,1144539
-141.191,52.086,49.812,1144560
-140.305,51.667,49.792,1144581
-139.416,51.366,49.778,1144602
-138.244,50.788,49.963,1144623
-136.641,50.360,50.483,1144644
-135.069,50.021,50.958,1144665
-133.463,49.532,51.456,1144686
-131.970,49.005,51.839,1144707
-130.368,48.560,52.299,1144728
-128.940,48.416,52.637,1144749
-127.575,47.887,52.877,1144770
-126.466,47.437,52.942,1144791
-125.472,47.102,52.917,1144812
-124.218,46.659,53.081,1144833
-122.914,46.519,53.286,1144854
-121.647,46.349,53.446,1144875
-120.588,46.357,53.488,1144896
-119.510,46.355,53.547,1144917
-118.914,46.186,53.222,1144938
-118.434,46.135,52.809,1144959
-117.850,46.369,52.495,1144980
-117.292,46.639,52.154,1145001
-117.046,46.639,51.598,1145022
-116.749,46.519,51.068,1145043
-116.776,46.606,50.318,1145064
-116.695,46.938,49.636,1145085
-116.540,47.156,49.009,1145106
-116.541,47.112,48.287,1145127
-117.072,47.415,47.162,1145148
-117.567,47.807,46.077,1145169
-118.305,47.891,44.764,1145190
-119.166,48.038,43.376,1145211
-119.626,48.020,42.253,1145232
-120.212,47.954,41.053,1145253
-120.783,48.001,39.847,1145274
-121.425,48.053,38.624,1145295
-122.577,47.977,36.999,1145316
-123.713,48.183,35.391,1145337
-124.487,48.194,34.014,1145358
-125.810,48.144,32.207,1145379
-127.076,48.131,30.468,1145400
-128.245,47.864,28.792,1145421
-129.154,47.526,27.309,1145442
-129.825,47.455,26.028,1145463
-130.633,47.489,24.629,1145484
-131.368,47.158,23.319,1145505
-132.166,46.820,21.979,1145526
-132.708,46.531,20.828,1145547
-133.442,46.671,19.501,1145568
-134.205,46.641,18.149,1145589
-134.500,46.409,17.117,1145610
-134.788,46.201,16.112,1145631
-134.800,46.234,15.309,1145652
-135.258,46.411,14.222,1145673
-135.546,46.649,13.230,1145694
-135.916,46.772,12.193,1145715
-136.214,46.995,11.181,1145736
-136.403,47.303,10.271,1145757
-136.276,47.718,9.566,1145778
-136.312,47.979,8.722,1145799
-135.691,48.260,8.365,1145820
-135.040,48.491,8.027,1145841
-134.303,48.740,7.779,1145862
-133.557,48.926,7.558,1145883
-132.777,49.200,7.394,1145904
-132.476,49.360,6.861,1145925
-132.213,49.510,6.318,1145946
-131.390,49.719,6.181,1145967
-130.564,49.792,6.030,1145988
-129.772,49.778,5.845,1146009
-129.202,50.059,5.504,1146030
-128.483,49.900,5.291,1146051
-128.293,49.864,4.710,1146072
-127.939,49.661,4.254,1146093
-127.793,49.810,3.629,1146114
-127.782,49.858,2.918,1146135
-127.748,49.957,2.210,1146156
-127.951,49.974,1.317,1146177
-127.829,49.986,0.670,1146198
-127.724,49.698,359.993,1146219
-127.700,49.677,359.262,1146240
-127.905,49.339,358.415,1146261
-127.969,48.968,357.694,1146282
-127.879,48.878,357.071,1146303
-128.108,48.886,356.184,1146324
-128.473,48.620,355.205,1146345
-128.720,48.603,354.256,1146366
-128.938,48.170,353.267,1146387
-129.214,48.121,352.189,1146408
-129.665,47.820,350.960,1146429
-129.636,47.462,350.055,1146450
-129.781,47.038,348.966,1146471
-129.984,46.676,347.826,1146492
-129.822,46.572,346.961,1146513
-129.716,46.610,346.049,1146534
-129.510,46.588,345.194,1146555
-129.149,46.409,344.379,1146576
-129.139,46.220,343.222,1146597
-128.672,45.915,342.325,1146618
-128.160,45.912,341.394,1146639
-127.601,45.771,340.416,1146660
-127.118,45.475,339.309,1146681
-126.614,45.210,338.142,1146702
-126.480,45.289,336.616,1146723
-125.819,45.277,335.379,1146744
-125.647,45.242,333.715,1146765
-125.265,45.074,332.112,1146786
-125.024,45.240,330.316,1146807
-124.804,45.227,328.461,1146828
-124.592,45.162,326.586,1146849
-124.312,44.993,324.737,1146870
-124.177,44.926,322.798,1146891
-123.918,45.091,320.982,1146912
-123.389,44.898,319.378,1146933
-123.128,44.566,317.576,1146954
-122.785,44.216,315.817,1146975
-122.825,44.008,313.786,1146996
-122.897,43.865,311.742,1147017
-122.954,43.781,309.702,1147038
-122.964,43.817,307.670,1147059
-122.456,43.729,306.042,1147080
-122.070,43.846,304.335,1147101
-121.588,43.677,302.675,1147122
-121.443,43.458,300.813,1147143
-121.032,43.451,299.159,1147164
-120.934,43.268,297.322,1147185
-121.100,43.264,295.308,1147206
-121.294,43.290,293.300,1147227
-120.061,43.845,292.150,1147248
-118.839,44.180,291.008,1147269
-117.589,44.846,289.901,1147290
-116.402,45.361,288.791,1147311
-115.423,45.836,287.566,1147332
-114.645,46.215,286.190,1147353
-114.136,46.582,284.596,1147374
-114.854,46.284,284.758,1147395
-115.757,46.085,284.488,1147416
-116.324,45.900,284.221,1147437
-116.931,45.642,283.730,1147458
-117.630,45.487,282.999,1147479
-118.467,45.372,282.064,1147500
-119.063,45.144,281.205,1147521
-119.655,44.950,280.307,1147542
-120.660,44.661,279.065,1147563
-121.618,44.285,277.801,1147584
-122.576,43.848,276.520,1147605
-123.568,43.329,275.266,1147626
-124.694,42.778,274.171,1147647
-125.766,42.300,273.092,1147668
-126.794,41.817,271.983,1147689
-127.532,41.668,271.045,1147710
-128.029,41.515,270.258,1147731
-128.823,41.496,269.267,1147752
-129.308,41.547,268.458,1147773
-129.793,41.734,267.671,1147794
-130.418,41.667,266.788,1147815
-130.876,41.633,266.010,1147836
-130.865,41.848,265.532,1147857
-131.223,42.073,264.806,1147878
-131.347,42.188,264.248,1147899
-131.353,42.765,263.752,1147920
-131.239,43.342,263.372,1147941
-130.881,43.726,263.157,1147962
-131.022,44.113,262.577,1147983
-132.754,45.305,260.948,1148004
-134.343,46.410,259.333,1148025
-135.796,47.388,257.773,1148046
-137.182,48.123,256.198,1148067
-138.633,48.728,254.528,1148088
-139.714,49.524,253.094,1148109
-140.588,50.181,251.761,1148130
-141.536,50.883,250.331,1148151
-142.426,51.531,248.849,1148172
-143.274,52.003,247.366,1148193
-143.989,52.318,245.930,1148214
-144.545,52.523,244.540,1148235
-144.979,52.723,243.178,1148256
-145.280,52.957,241.876,1148277
-144.886,53.102,241.081,1148298
-144.522,53.050,240.230,1148319
-143.949,53.139,239.533,1148340
-143.366,53.220,238.802,1148361
-142.845,53.392,238.002,1148382
-141.984,53.240,238.472,1148403
-140.670,53.033,239.162,1148424
-139.266,52.657,239.791,1148445
-138.022,52.348,240.149,1148466
-136.777,51.900,240.417,1148487
-135.726,51.394,240.434,1148508
-134.356,51.138,240.657,1148529
-133.102,50.926,240.759,1148550
-132.234,50.506,240.537,1148571
-131.348,50.201,240.328,1148592
-130.523,49.794,240.081,1148613
-129.804,49.376,239.750,1148634
-129.148,48.965,239.337,1148655
-128.047,48.547,239.245,1148676
-126.998,48.095,239.089,1148697
-126.145,47.522,238.758,1148718
-125.301,46.957,238.394,1148739
-124.608,46.745,237.889,1148760
-123.847,46.231,237.432,1148781
-123.223,45.667,236.850,1148802
-122.816,45.147,236.106,1148823
-122.600,44.774,235.217,1148844
-122.313,44.688,234.364,1148865
-122.192,44.292,233.413,1148886
-122.022,43.836,232.497,1148907
-121.666,43.398,231.700,1148928
-121.402,43.346,230.845,1148949
-121.337,43.400,229.826,1148970
-121.492,43.509,228.692,1148991
-121.816,43.619,227.416,1149012
-122.193,43.832,226.091,1149033
-122.308,43.742,224.921,1149054
-122.957,43.906,223.394,1149075
-123.282,44.206,222.062,1149096
-123.565,44.199,220.748,1149117
-123.890,44.551,219.407,1149138
-124.448,44.989,217.885,1149159
-124.888,45.421,216.435,1149180
-125.665,45.811,214.747,1149201
-126.169,46.280,213.265,1149222
-126.798,46.349,211.694,1149243
-127.454,46.420,210.049,1149264
-128.207,46.536,208.323,1149285
-128.873,46.571,206.610,1149306
-129.273,46.544,205.073,1149327
-129.520,46.741,203.577,1149348
-129.878,47.063,201.987,1149369
-130.193,47.357,200.395,1149390
-130.332,47.528,198.916,1149411
-130.931,47.617,197.093,1149432
-131.057,47.522,195.624,1149453
-131.082,47.664,194.220,1149474
-130.973,47.630,192.875,1149495
-130.774,47.683,191.618,1149516
-130.989,47.819,190.023,1149537
-131.176,47.900,188.414,1149558
-130.823,48.035,187.177,1149579
-130.802,47.976,185.694,1149600
-130.702,47.946,184.243,1149622
-130.158,47.671,183.088,1149643
-129.465,47.438,182.026,1149664
-128.834,47.144,180.913,1149685
-128.152,46.880,179.825,1149706
-127.324,46.739,178.827,1149727
-126.453,46.721,177.825,1149748
-125.579,46.813,176.789,1149769
-124.639,46.860,175.769,1149790
-124.201,47.047,174.330,1149811
-123.373,46.938,173.173,1149832
-122.716,46.867,171.872,1149853
-122.121,46.858,170.472,1149874
-121.783,47.061,168.823,1149895
-121.026,47.075,167.450,1149916
-120.464,47.439,165.931,1149937
-120.269,47.624,164.135,1149958
-119.622,47.808,162.659,1149979
-119.555,48.126,160.743,1150000
-119.120,48.417,159.110,1150021
-118.769,48.686,157.403,1150042
-118.866,48.659,155.356,1150063
-118.716,48.553,153.469,1150084
-119.123,48.705,151.151,1150105
-119.081,48.631,149.169,1150126
-119.191,48.426,147.094,1150147
-119.831,48.335,144.616,1150168
-120.056,48.131,142.478,1150189
-120.805,48.036,139.966,1150210
-121.393,47.757,137.584,1150231
-121.678,47.718,135.443,1150252
-122.464,47.516,132.925,1150273
-123.279,47.327,130.380,1150294
-123.862,47.347,128.029,1150315
-124.606,46.999,125.569,1150336
-125.464,46.798,123.049,1150357
-126.357,46.628,120.521,1150378
-126.685,46.381,118.417,1150399
-127.491,46.213,115.988,1150420
-128.232,45.879,113.645,1150441
-128.942,45.631,111.356,1150462
-129.105,45.179,109.453,1150483
-129.248,45.113,107.575,1150504
-129.667,45.072,105.515,1150525
-129.667,45.025,103.759,1150546
-129.555,44.885,102.078,1150567
-129.480,44.687,100.361,1150588
-129.888,44.719,98.341,1150609
-130.211,44.670,96.364,1150630
-130.114,44.871,94.708,1150651
-129.881,44.895,93.132,1150672
-129.551,45.007,91.627,1150693
-129.370,45.347,89.984,1150714
-130.532,45.839,87.464,1150735
-131.552,46.610,85.020,1150756
-132.614,47.304,82.509,1150777
-133.593,47.993,80.020,1150798
-134.373,48.749,77.644,1150819
-135.290,49.262,75.137,1150840
-135.954,49.618,72.794,1150861
-136.364,50.305,70.608,1150882
-136.763,50.652,68.385,1150903
-137.082,51.273,66.167,1150924
-137.220,51.641,64.024,1150945
-135.246,52.168,65.699,1150966
-133.153,52.731,67.248,1150987
-130.928,52.932,68.772,1151008
-128.741,53.061,70.162,1151029
-126.727,53.232,71.347,1151050
-124.906,53.337,72.324,1151071
-124.046,53.438,72.218,1151092
-122.832,53.483,72.352,1151113
-121.804,53.584,72.328,1151134
-120.984,53.589,72.063,1151155
-120.325,53.601,71.634,1151176
-119.811,53.577,71.025,1151197
-119.467,53.487,70.241,1151218
-119.403,53.672,69.215,1151239
-119.650,53.438,67.931,1151260
-120.262,53.262,66.330,1151281
-120.621,53.302,64.930,1151302
-121.079,53.286,63.405,1151323
-122.014,53.182,61.492,1151344
-122.464,52.799,59.989,1151365
-123.558,52.583,57.965,1151386
-124.441,52.460,56.106,1151407
-125.659,52.128,53.975,1151428
-126.841,51.680,51.875,1151449
-127.864,51.106,49.891,1151470
-128.904,50.560,47.900,1151491
-129.425,50.048,46.297,1151512
-129.919,49.547,44.725,1151533
-130.704,48.970,42.976,1151554
-131.209,48.452,41.480,1151575
-132.140,48.245,39.676,1151596
-133.301,47.893,37.711,1151617
-134.331,47.451,35.856,1151638
-135.207,46.962,34.084,1151659
-135.563,46.404,32.730,1151680
-135.967,45.882,31.337,1151701
-136.043,45.579,30.186,1151722
-136.095,45.480,29.077,1151743
-136.410,45.510,27.814,1151764
-136.249,45.271,26.863,1151785
-136.225,45.445,25.855,1151806
-136.396,45.471,24.695,1151827
-135.996,45.597,23.936,1151848
-135.659,45.482,23.129,1151869
-135.230,45.749,22.395,1151890
-135.142,46.082,21.408,1151911
-134.570,46.179,20.734,1151932
-134.255,46.577,19.909,1151953
-133.838,46.570,19.136,1151974
-133.609,46.831,18.233,1151995
-133.026,46.899,17.569,1152016
-132.423,46.977,16.939,1152037
-131.979,47.200,16.197,1152058
-131.413,47.322,15.540,1152079
-130.416,47.480,15.187,1152100
-129.476,47.791,14.780,1152121
-128.603,48.168,14.310,1152142
-128.124,48.593,13.527,1152163
-127.268,48.841,13.039,1152184
-126.411,48.933,12.576,1152205
-126.126,48.946,11.678,1152226
-125.835,49.196,10.773,1152247
-125.267,49.299,10.102,1152268
-124.976,49.024,9.215,1152290
-124.868,48.776,8.189,1152311
-124.393,48.643,7.416,1152332
-124.068,48.606,6.535,1152353
-124.268,48.535,5.256,1152374
-124.386,48.603,4.074,1152395
-124.209,48.414,3.095,1152416
-124.585,48.183,1.748,1152437
-124.966,47.918,0.402,1152458
-125.001,47.736,359.311,1152479
-125.364,47.439,357.981,1152500
-125.915,47.273,356.519,1152521
-126.425,47.043,355.099,1152542
-126.966,46.924,353.661,1152563
-127.385,46.959,352.319,1152584
-127.503,46.932,351.204,1152605
-127.949,46.673,349.861,1152626
-128.416,46.628,348.515,1152647
-128.316,46.485,347.552,1152668
-128.308,46.572,346.524,1152689
-128.203,46.455,345.562,1152710
-128.128,46.324,344.580,1152731
-128.196,46.475,343.505,1152752
-128.419,46.692,342.322,1152773
-128.862,46.597,340.980,1152794
-129.269,46.814,339.670,1152815
-129.461,46.652,338.526,1152836
-129.863,46.701,337.231,1152857
-129.761,46.865,336.290,1152878
-129.525,46.859,335.438,1152899
-129.241,46.971,334.625,1152920
-129.021,47.239,333.735,1152941
-129.272,47.462,332.508,1152962
-129.269,47.491,331.470,1152983
-129.461,47.858,330.280,1153004
-129.510,47.898,329.210,1153025
-129.641,48.209,328.059,1153046
-129.701,48.239,326.972,1153067
-129.366,48.164,326.179,1153088
-128.907,48.259,325.445,1153109
-128.445,48.286,324.742,1153130
-128.537,48.417,323.609,1153151
-128.386,48.628,322.665,1153172
-128.543,48.646,321.471,1153193
-128.565,48.793,320.380,1153214
-128.387,48.899,319.450,1153235
-128.281,48.634,318.478,1153256
-127.880,48.559,317.717,1153277
-127.759,48.250,316.775,1153298
-127.790,48.293,315.716,1153319
-127.446,47.941,314.981,1153340
-127.014,47.857,314.290,1153361
-127.003,47.524,313.310,1153382
-127.025,47.295,312.299,1153403
-126.570,46.939,311.637,1153424
-126.157,46.721,310.929,1153445
-126.095,46.347,309.982,1153466
-126.097,46.375,308.999,1153487
-125.863,46.222,308.174,1153508
-125.711,46.178,307.304,1153529
-125.648,46.212,306.375,1153550
-125.669,46.294,305.391,1153571
-126.099,46.440,304.064,1153592
-126.076,46.472,303.067,1153613
-126.540,46.586,301.705,1153634
-127.007,46.537,300.337,1153655
-127.497,46.486,298.920,1153676
-127.605,46.263,297.763,1153697
-127.970,46.080,296.420,1153718
-128.088,45.824,295.222,1153739
-127.966,45.739,294.194,1153760
-128.228,45.913,292.860,1153781
-128.607,45.928,291.451,1153802
-128.909,45.891,290.086,1153823
-129.200,45.850,288.721,1153844
-128.935,45.854,287.767,1153865
-128.895,45.699,286.691,1153886
-128.623,45.720,285.738,1153907
-128.393,45.872,284.772,1153928
-128.131,45.998,283.829,1153949
-127.852,46.151,282.874,1153970
-127.538,46.275,281.910,1153991
-127.664,46.532,280.632,1154012
-127.814,46.721,279.333,1154033
-127.492,46.727,278.399,1154054
-127.695,46.777,277.079,1154075
-127.478,46.620,276.085,1154096
-127.257,46.728,275.095,1154117
-127.061,46.894,274.093,1154138
-127.322,47.025,272.755,1154159
-127.359,46.954,271.598,1154180
-127.420,47.242,270.428,1154201
-127.544,47.252,269.206,1154222
-127.312,47.087,268.224,1154243
-127.367,47.264,267.061,1154264
-126.997,47.289,266.226,1154285
-126.906,47.035,265.171,1154306
-126.582,46.921,264.269,1154327
-126.242,46.720,263.387,1154348
-125.973,46.752,262.466,1154369
-125.656,46.694,261.554,1154390
-125.869,46.639,260.227,1154411
-125.993,46.399,258.963,1154432
-126.099,46.149,257.737,1154453
-126.324,45.996,256.403,1154474
-126.213,46.047,255.312,1154495
-126.480,45.897,253.976,1154516
-126.387,45.883,252.902,1154537
-126.335,46.013,251.808,1154558
-126.271,46.052,250.715,1154579
-126.325,46.159,249.529,1154600
-126.389,45.942,248.324,1154621
-126.395,45.993,247.143,1154642
-126.739,45.776,245.759,1154663
-127.160,45.735,244.302,1154684
-127.595,45.700,242.868,1154705
-127.747,45.463,241.660,1154726
-127.853,45.667,240.500,1154747
-128.211,45.678,239.142,1154768
-128.550,45.706,237.829,1154789
-128.896,45.798,236.501,1154810
-129.113,45.705,235.276,1154831
-129.389,45.762,234.043,1154852
-129.158,45.806,233.162,1154873
-129.009,45.966,232.214,1154894
-128.793,46.044,231.341,1154915
-128.569,46.043,230.474,1154936
-128.432,46.222,229.533,1154957
-128.253,46.363,228.647,1154978
-128.184,46.660,227.678,1154999
-128.260,46.596,226.621,1155020
-128.513,46.825,225.431,1155041
-128.728,47.067,224.301,1155062
-128.400,47.116,223.568,1155083
-128.478,47.115,222.551,1155104
-128.220,46.967,221.766,1155125
-127.875,46.795,221.036,1155146
-127.448,46.795,220.361,1155167
-127.545,46.735,219.310,1155188
-127.343,46.846,218.460,1155209
-127.472,46.911,217.379,1155230
-127.582,46.781,216.327,1155251
-127.601,46.528,215.330,1155272
-127.212,46.468,214.608,1155293
-126.864,46.143,213.832,1155314
-126.618,45.773,212.960,1155335
-126.267,45.744,212.179,1155356
-125.835,45.539,211.455,1155377
-125.488,45.538,210.700,1155398
-125.514,45.615,209.655,1155419
-125.509,45.757,208.662,1155440
-125.295,45.503,207.813,1155461
-124.969,45.575,207.019,1155482
-125.089,45.498,205.941,1155503
-125.026,45.298,205.005,1155524
-125.180,45.181,203.916,1155545
-124.893,45.018,203.145,1155566
-124.662,45.145,202.352,1155587
-124.663,45.411,201.392,1155608
-124.395,45.501,200.616,1155629
-124.127,45.599,199.838,1155650
-123.896,45.515,199.031,1155671
-124.086,45.448,197.953,1155692
-124.010,45.314,197.046,1155713
-124.248,45.229,195.962,1155734
-124.144,45.132,195.114,1155755
-124.500,45.170,193.954,1155776
-124.782,45.406,192.836,1155797
-124.818,45.600,191.888,1155818
-124.977,45.386,190.853,1155839
-125.398,45.504,189.620,1155860
-125.747,45.223,189.488,1155881
-126.310,44.575,189.148,1155902
-126.590,44.212,188.949,1155923
-127.205,43.866,188.503,1155944
-127.761,43.540,188.064,1155965
-127.854,43.287,187.939,1155986
-128.298,43.080,187.518,1156007
-128.434,43.097,187.299,1156028
-128.786,42.990,186.902,1156049
-128.648,43.161,186.817,1156070
-128.547,43.081,186.685,1156091
-128.527,43.082,186.452,1156112
-128.376,43.085,186.323,1156133
-128.111,43.142,186.232,1156154
-127.868,43.184,186.080,1156175
-127.440,43.310,186.047,1156196
-127.022,43.632,185.963,1156217
-126.540,43.816,185.907,1156238
-126.511,44.187,185.463,1156259
-126.185,44.608,185.234,1156280
-125.657,44.880,185.121,1156301
-125.221,44.917,184.909,1156322
-125.196,45.271,184.412,1156343
-125.179,45.444,183.852,1156364
-125.148,45.608,183.284,1156385
-124.837,45.603,182.887,1156406
-124.751,45.965,182.303,1156428
-124.785,46.197,181.626,1156449
-124.459,46.464,181.208,1156470
-124.344,46.354,180.622,1156491
-124.255,46.244,179.993,1156512
-123.690,46.094,179.712,1156533
-123.597,46.087,179.098,1156554
-123.032,45.800,178.766,1156575
-122.485,45.586,178.423,1156596
-122.170,45.564,177.859,1156617
-122.182,45.500,177.088,1156638
-121.741,45.298,176.605,1156659
-121.892,45.184,175.664,1156680
-122.028,44.943,174.753,1156701
-121.771,44.838,174.114,1156722
-121.836,44.619,173.262,1156743
-121.687,44.536,172.548,1156764
-121.870,44.426,171.606,1156785
-121.749,44.446,170.873,1156806
-121.926,44.806,169.925,1156827
-122.123,45.181,168.954,1156848
-122.419,45.539,167.903,1156869
-122.625,45.938,166.906,1156890
-122.438,46.064,166.217,1156911
-122.546,46.510,165.307,1156932
-122.385,46.737,164.580,1156953
-122.289,47.080,163.802,1156974
-122.414,47.067,162.800,1156995
-122.779,47.381,161.598,1157016
-122.649,47.422,160.763,1157037
-122.698,47.742,159.774,1157058
-123.136,47.954,158.495,1157079
-123.580,48.079,157.246,1157100
-123.741,48.010,156.226,1157121
-124.043,47.977,155.091,1157142
-124.060,47.903,154.149,1157163
-124.402,47.929,152.962,1157184
-124.549,47.812,151.918,1157205
-124.344,47.948,151.085,1157226
-124.401,48.203,150.062,1157247
-124.494,48.468,149.000,1157268
-124.639,48.705,147.897,1157289
-124.413,48.848,147.080,1157310
-124.306,48.625,146.190,1157331
-124.075,48.465,145.393,1157352
-123.780,48.445,144.630,1157373
-123.829,48.209,143.605,1157394
-124.113,48.114,142.382,1157415
-124.426,47.979,141.162,1157436
-124.495,48.058,140.114,1157457
-124.510,48.086,139.123,1157478
-124.658,47.724,138.032,1157499
-125.025,47.620,136.820,1157520
-124.821,47.407,136.051,1157541
-124.627,47.064,135.280,1157562
-124.455,46.681,134.517,1157583
-124.685,46.504,133.489,1157604
-124.430,46.415,132.839,1157625
-124.192,46.298,132.167,1157646
-124.355,46.022,131.219,1157667
-124.325,46.107,130.432,1157688
-124.579,45.963,129.457,1157709
-124.458,45.715,128.780,1157730
-124.254,45.504,128.191,1157751
-124.141,45.239,127.521,1157772
-124.866,45.682,126.759,1157793
-125.324,46.221,126.163,1157814
-125.831,46.751,125.504,1157835
-126.415,47.109,124.749,1157856
-126.942,47.492,124.028,1157877
-127.146,48.081,123.508,1157898
-127.527,48.367,122.875,1157919
-127.917,48.686,122.224,1157940
-128.032,48.795,121.744,1157961
-127.986,49.203,121.339,1157982
-128.366,49.321,120.580,1158003
-128.599,49.729,119.855,1158024
-128.641,49.728,119.241,1158045
-129.213,50.057,118.157,1158066
-129.379,50.239,117.332,1158087
-130.075,50.428,116.043,1158108
-130.379,50.275,115.012,1158129
-130.395,50.247,114.171,1158150
-130.521,50.049,113.211,1158171
-130.553,49.858,112.294,1158192
-130.610,49.991,111.336,1158213
-130.619,50.083,110.395,1158234
-130.935,49.876,109.178,1158255
-131.345,49.937,107.887,1158276
-131.369,50.010,106.836,1158297
-131.748,49.898,105.472,1158318
-132.062,49.755,104.098,1158339
-132.312,49.546,102.753,1158360
-131.965,49.254,101.832,1158381
-132.144,49.066,100.491,1158402
-132.159,48.773,99.235,1158423
-132.287,48.714,97.880,1158444
-131.889,48.640,96.870,1158465
-132.236,47.938,96.471,1158486
-132.291,47.264,96.173,1158507
-132.748,47.020,95.502,1158528
-132.988,46.602,94.931,1158549
-133.107,46.249,94.371,1158570
-133.053,46.233,93.890,1158591
-133.078,46.383,93.281,1158612
-133.287,46.664,92.494,1158633
-133.390,46.967,91.776,1158654
-133.349,47.214,91.127,1158675
-133.521,47.622,90.290,1158696
-133.802,48.095,89.340,1158717
-133.864,48.566,88.507,1158738
-133.800,48.957,87.736,1158759
-133.973,49.122,86.763,1158780
-134.209,49.716,85.670,1158801
-134.345,50.315,84.616,1158822
-134.552,50.563,83.485,1158843
-134.903,50.930,82.181,1158864
-135.276,51.321,80.824,1158885
-135.325,51.903,79.701,1158906
-135.630,52.128,78.380,1158927
-135.673,52.280,77.194,1158948
-135.893,52.408,75.860,1158969
-135.758,52.750,74.772,1158990
-135.493,52.836,73.727,1159011
-135.467,52.768,72.460,1159032
-135.568,53.075,71.051,1159053
-135.416,53.328,69.824,1159074
-135.404,53.578,68.452,1159095
-133.388,53.928,69.342,1159116
-131.863,54.252,69.788,1159137
-130.155,54.645,70.347,1159158
-128.578,54.588,70.781,1159179
-127.200,54.460,71.034,1159200
-125.733,54.246,71.327,1159221
-124.344,54.103,71.537,1159242
-123.305,54.157,71.462,1159263
-122.819,53.873,70.884,1159284
-122.051,53.799,70.515,1159305
-121.615,53.804,69.879,1159326
-121.702,53.597,68.829,1159347
-121.750,53.233,67.833,1159368
-122.066,52.981,66.648,1159389
-122.446,52.673,65.456,1159410
-122.536,52.331,64.570,1159431
-122.782,52.303,63.574,1159452
-123.062,51.887,62.591,1159473
-123.932,51.721,61.167,1159494
-124.344,51.539,60.135,1159515
-125.263,51.216,58.741,1159536
-126.161,50.961,57.383,1159557
-127.027,50.566,56.067,1159578
-127.400,50.111,55.114,1159599
-128.133,49.626,53.878,1159620
-127.893,49.344,53.336,1159641
-127.825,49.374,52.679,1159662
-127.832,49.401,51.971,1159683
-128.145,49.462,51.037,1159704
-128.594,49.299,50.014,1159725
-128.774,49.413,49.187,1159746
-128.797,49.073,48.471,1159767
-128.810,48.745,47.809,1159788
-128.865,48.355,47.106,1159809
-128.718,48.075,46.574,1159830
-128.614,47.814,46.040,1159851
-128.667,47.846,45.401,1159872
-129.072,47.798,44.516,1159893
-129.500,47.805,43.575,1159914
-129.903,47.754,42.663,1159935
-130.247,47.608,41.791,1159956
-130.551,47.762,40.942,1159977
-130.375,47.598,40.473,1159998
-130.239,47.440,39.962,1160019
-130.275,47.535,39.350,1160040
-130.178,47.542,38.819,1160061
-130.615,47.471,37.917,1160082
-131.023,47.492,37.017,1160103
-130.863,47.434,36.520,1160124
-131.127,47.322,35.716,1160145
-131.176,47.537,35.065,1160166
-131.473,47.554,34.246,1160187
-131.227,47.544,33.856,1160208
-131.253,47.342,33.235,1160229
-131.161,47.166,32.683,1160250
-131.241,47.418,32.016,1160271
-131.117,47.625,31.486,1160292
-131.365,47.746,30.670,1160313
-131.084,47.908,30.249,1160334
-131.099,48.197,29.590,1160355
-131.011,48.033,29.000,1160376
-130.936,47.879,28.376,1160397
-130.556,47.771,27.949,1160418
-130.428,47.598,27.323,1160439
-129.954,47.736,26.929,1160460
-129.823,47.935,26.243,1160481
-129.628,47.751,25.587,1160502
-129.239,47.892,25.040,1160523
-128.798,47.958,24.523,1160544
-128.317,47.977,24.034,1160565
-127.850,47.957,23.539,1160586
-127.655,47.660,22.802,1160607
-127.286,47.344,22.208,1160628
-127.054,47.038,21.484,1160649
-126.916,46.775,20.683,1160670
-126.761,46.880,19.895,1160691
-126.729,46.764,18.971,1160712
-126.246,46.531,18.380,1160733
-125.807,46.595,17.716,1160754
-125.620,46.731,16.882,1160775
-125.790,46.832,15.819,1160796
-125.593,46.631,15.017,1160817
-125.488,46.816,14.162,1160838
-125.282,46.702,13.379,1160859
-125.253,46.553,12.471,1160880
-125.143,46.762,11.605,1160901
-125.275,46.647,10.556,1160922
-125.419,46.928,9.481,1160943
-125.507,47.182,8.440,1160964
-125.956,47.281,7.174,1160985
-126.465,47.420,5.856,1161006
-126.810,47.268,4.632,1161027
-127.166,47.137,3.431,1161048
-127.197,47.240,2.450,1161069
-127.345,47.061,1.363,1161090
-127.434,47.254,0.324,1161111
-127.522,47.435,359.296,1161132
-128.014,47.468,357.968,1161153
-128.319,47.271,356.754,1161174
-128.488,47.422,355.677,1161195
-128.993,47.342,354.354,1161216
-129.231,47.106,353.212,1161237
-129.427,47.279,352.109,1161258
-129.317,47.227,351.221,1161279
-129.165,47.041,350.358,1161300
-129.170,46.755,349.377,1161321
-129.524,46.868,348.084,1161342
-129.392,46.816,347.152,1161363
-129.306,46.553,346.207,1161384
-129.646,46.674,344.929,1161405
-129.832,46.432,343.774,1161426
-129.889,46.159,342.738,1161447
-129.680,46.188,341.886,1161468
-129.363,46.180,341.115,1161489
-129.422,46.336,340.093,1161510
-129.103,46.452,339.332,1161531
-129.075,46.654,338.411,1161552
-128.954,46.481,337.554,1161573
-128.945,46.419,336.589,1161594
-128.814,46.672,335.706,1161615
-128.595,46.501,334.859,1161636
-128.263,46.337,334.086,1161657
-128.009,46.162,333.240,1161678
-127.621,46.167,332.499,1161699
-127.435,46.378,331.638,1161720
-127.363,46.579,330.706,1161741
-127.338,46.475,329.728,1161762
-127.188,46.693,328.842,1161783
-127.016,46.523,327.955,1161804
-126.550,46.477,327.271,1161825
-126.402,46.340,326.384,1161846
-125.996,46.383,325.656,1161867
-126.098,46.590,324.557,1161888
-125.930,46.399,323.653,1161909
-125.918,46.604,322.642,1161930
-125.638,46.438,321.819,1161951
-125.864,46.417,320.614,1161972
-126.122,46.406,319.392,1161993
-126.355,46.363,318.161,1162014
-126.636,46.348,316.885,1162035
-126.797,46.535,315.707,1162056
-126.685,46.291,314.691,1162077
-126.528,46.231,313.724,1162098
-126.438,46.226,312.699,1162119
-126.380,46.097,311.629,1162140
-126.742,46.281,310.251,1162161
-127.261,46.279,308.740,1162182
-127.758,46.222,307.233,1162203
-127.995,46.409,305.896,1162224
-128.120,46.181,304.659,1162245
-128.327,45.959,303.371,1162266
-128.146,45.843,302.351,1162287
-128.077,45.878,301.271,1162308
-127.966,45.891,300.219,1162329
-128.029,46.087,299.034,1162350
-128.425,46.091,297.587,1162371
-128.646,46.416,296.241,1162392
-128.908,46.377,294.867,1162413
-129.165,46.339,293.483,1162434
-129.058,46.523,292.352,1162455
-129.287,46.508,290.982,1162476
-129.305,46.408,289.726,1162497
-129.452,46.739,288.371,1162518
-129.292,46.897,287.217,1162539
-129.112,47.019,286.077,1162560
-129.477,47.176,284.537,1162581
-129.631,47.127,283.137,1162602
-129.638,47.004,281.801,1162623
-129.814,46.968,280.324,1162644
-129.579,46.743,279.121,1162665
-129.324,46.514,277.908,1162686
-129.048,46.574,276.716,1162707
-128.881,46.667,275.464,1162728
-128.748,46.756,274.155,1162749
-128.419,46.547,272.999,1162770
-128.577,46.382,271.491,1162791
-128.780,46.363,269.956,1162812
-128.912,46.120,268.456,1162833
-128.892,45.790,267.025,1162854
-128.916,45.521,265.588,1162875
-128.921,45.210,264.158,1162896
-128.644,45.244,262.935,1162917
-128.199,45.040,261.832,1162938
-128.119,44.752,260.475,1162959
-127.806,44.782,259.261,1162980
-127.598,44.468,257.956,1163001
-127.597,44.431,256.541,1163022
-127.392,44.209,255.260,1163043
-127.271,44.096,253.932,1163064
-127.188,44.070,252.563,1163085
-127.142,44.146,251.146,1163106
-126.645,44.352,250.055,1163127
-126.336,44.691,248.846,1163148
-125.870,44.959,247.753,1163169
-125.434,45.280,246.633,1163190
-125.388,45.644,245.234,1163211
-125.065,46.089,243.986,1163232
-124.642,46.205,242.773,1163253
-124.185,46.397,241.575,1163274
-123.807,46.759,240.282,1163295
-123.640,46.840,238.848,1163316
-123.318,47.093,237.481,1163337
-123.238,47.598,235.912,1163358
-123.453,47.750,234.117,1163379
-123.763,48.099,232.213,1163400
-123.817,48.093,230.485,1163421
-124.083,48.133,228.547,1163442
-124.420,48.248,226.524,1163463
-124.573,48.172,224.582,1163484
-124.448,48.194,222.807,1163505
-124.375,48.397,220.963,1163526
-124.386,48.591,218.990,1163547
-124.393,48.776,216.968,1163568
-124.326,48.816,214.960,1163589
-124.338,48.908,212.834,1163610
-125.083,48.303,212.197,1163631
-125.709,47.692,211.495,1163652
-125.788,47.278,211.028,1163673
-125.713,46.767,210.522,1163694
-125.573,46.452,209.944,1163715
-125.265,45.962,209.379,1163736
-124.945,45.502,208.747,1163757
-124.789,45.221,207.890,1163778
-124.580,45.166,206.993,1163799
-124.393,44.654,206.681,1163820
-124.028,44.203,206.387,1163841
-123.748,44.015,205.914,1163862
-123.029,44.025,205.651,1163883
-122.388,43.722,205.214,1163904
-121.585,43.752,204.836,1163925
-120.773,43.793,204.371,1163946
-120.472,43.891,203.503,1163967
-120.224,44.171,202.556,1163988
-119.702,44.573,201.767,1164009
-119.145,44.844,200.981,1164030
-119.125,45.174,199.775,1164051
-119.110,45.516,198.534,1164072
-119.087,45.839,197.288,1164093
-119.234,46.309,195.884,1164114
-119.288,47.138,194.534,1164135
-119.148,47.733,193.287,1164156
-119.204,48.494,191.875,1164177
-119.455,49.244,190.272,1164198
-119.974,49.896,188.435,1164219
-120.627,50.315,186.488,1164240
-120.853,50.529,184.850,1164261
-121.221,50.976,183.101,1164282
-121.935,51.116,181.115,1164303
-122.564,51.108,179.183,1164324
-122.897,51.199,177.468,1164345
-123.237,51.251,175.757,1164366
-124.169,51.345,173.566,1164387
-125.111,51.345,171.395,1164408
-125.992,51.144,169.245,1164429
-126.677,50.777,167.265,1164450
-127.389,50.426,165.290,1164471
-128.024,50.004,163.361,1164492
-128.802,49.774,161.331,1164513
-128.981,49.380,159.781,1164534
-129.263,49.193,158.166,1164555
-129.444,48.926,156.648,1164576
-129.540,48.331,155.194,1164597
-129.903,48.140,153.588,1164618
-130.216,47.686,152.035,1164639
-130.512,47.429,150.514,1164660
-130.503,46.878,149.239,1164681
-130.603,46.479,147.882,1164702
-130.212,46.105,146.887,1164723
-129.824,45.887,145.849,1164744
-129.389,45.649,144.904,1164765
-129.086,45.607,143.869,1164786
-128.933,45.658,142.736,1164807
-128.983,45.612,141.485,1164828
-128.904,45.722,140.336,1164849
-128.299,45.610,139.585,1164870
-127.718,45.442,138.817,1164891
-127.138,45.300,138.040,1164912
-126.530,45.540,137.273,1164933
-125.881,45.559,136.551,1164954
-125.746,45.961,135.491,1164975
-125.204,46.299,134.727,1164996
-125.217,46.671,133.574,1165017
-125.080,46.770,132.503,1165038
-125.239,47.123,131.239,1165059
-125.234,47.635,130.090,1165080
-124.961,48.008,129.103,1165101
-124.632,48.235,128.153,1165122
-125.344,48.860,126.583,1165143
-126.674,49.480,124.542,1165164
-127.897,50.225,122.537,1165185
-129.081,50.928,120.510,1165206
-130.513,51.366,118.257,1165227
-131.954,51.719,115.937,1165248
-133.435,52.046,113.530,1165269
-134.504,52.191,111.378,1165290
-135.641,52.338,109.114,1165311
-137.058,52.538,106.540,1165332
-138.217,52.624,104.107,1165353
-139.198,53.008,101.728,1165374
-140.044,53.289,99.391,1165395
-141.237,53.627,96.647,1165416
-142.115,53.872,94.090,1165437
-142.591,53.856,91.792,1165458
-140.606,54.110,93.438,1165479
-138.910,54.108,94.660,1165500
-137.557,54.418,95.480,1165521
-136.198,54.724,96.166,1165542
-134.860,54.609,96.710,1165563
-133.394,54.739,97.278,1165584
-132.356,54.922,97.424,1165605
-131.065,54.764,97.693,1165626
-130.013,54.551,97.689,1165647
-129.123,54.339,97.485,1165668
-128.438,54.131,97.064,1165689
-127.572,53.965,96.737,1165710
-126.771,53.840,96.343,1165731
-126.089,53.642,95.777,1165752
-125.530,53.625,95.096,1165773
-125.656,53.517,93.825,1165794
-125.371,53.429,92.854,1165815
-125.555,53.429,91.504,1165836
-126.018,53.213,89.919,1165857
-126.463,52.797,88.332,1165878
-126.780,52.280,86.826,1165899
-127.236,51.763,85.171,1165920
-127.326,51.375,83.778,1165941
-127.498,50.996,82.315,1165962
-127.810,50.426,80.747,1165983
-128.195,49.815,79.107,1166004
-128.888,49.495,77.212,1166025
-129.532,49.008,75.389,1166047
-130.008,48.373,73.675,1166068
-130.496,47.737,71.940,1166089
-130.999,47.110,70.177,1166110
-131.282,46.841,68.553,1166131
-131.638,46.189,66.855,1166152
-132.171,45.801,65.027,1166173
-132.703,45.489,63.211,1166194
-132.871,45.345,61.662,1166215
-132.801,45.055,60.287,1166236
-132.814,44.975,58.838,1166257
-132.696,44.881,57.490,1166278
-132.478,44.765,56.206,1166299
-132.405,44.991,54.776,1166320
-132.413,44.911,53.332,1166341
-132.458,45.009,51.849,1166362
-131.978,45.290,50.739,1166383
-131.654,45.344,49.526,1166404
-131.290,45.825,48.369,1166425
-131.339,46.281,46.861,1166446
-131.048,46.480,45.630,1166467
-130.670,46.778,44.448,1166488
-130.638,47.043,42.998,1166509
-130.636,47.329,41.527,1166530
-130.282,47.705,40.307,1166551
-130.043,48.303,39.000,1166572
-130.151,48.619,37.432,1166593
-129.784,49.082,36.187,1166614
-129.949,49.547,34.526,1166635
-130.109,49.941,32.852,1166656
-129.896,50.006,31.465,1166677
-129.939,50.400,29.890,1166698
-129.541,50.396,28.670,1166719
-129.088,50.607,27.495,1166740
-128.997,50.924,26.058,1166761
-128.967,50.859,24.569,1166782
-129.039,50.895,23.013,1166803
-129.053,50.782,21.504,1166824
-128.897,50.450,20.122,1166845
-128.562,50.039,18.868,1166866
-128.091,49.736,17.704,1166887
-127.664,49.472,16.505,1166908
-127.496,48.930,15.072,1166929
-127.533,48.769,13.519,1166950
-127.509,48.646,12.004,1166971
-127.050,48.161,10.850,1166992
-126.836,47.718,9.521,1167013
-126.666,47.639,8.175,1167034
-126.088,47.373,7.152,1167055
-125.637,47.181,6.048,1167076
-125.262,46.641,4.931,1167097
-125.009,46.088,3.724,1167118
-125.004,45.660,2.325,1167139
-125.067,45.499,0.856,1167160
-124.954,45.519,359.510,1167181
-124.619,45.234,358.299,1167202
-124.720,45.104,356.807,1167223
-124.617,45.312,355.464,1167244
-124.881,45.265,353.858,1167265
-124.954,45.111,352.401,1167286
-124.830,45.107,351.094,1167307
-124.763,45.073,349.722,1167328
-125.080,45.042,348.084,1167349
-125.475,45.232,346.367,1167370
-125.640,45.567,344.794,1167391
-126.054,45.812,343.071,1167412
-126.423,46.143,341.339,1167433
-126.664,46.128,339.711,1167454
-127.082,46.403,337.964,1167475
-127.464,46.430,336.215,1167496
-127.595,46.360,334.668,1167517
-127.449,46.427,333.324,1167538
-127.312,46.615,331.950,1167559
-127.172,46.694,330.588,1167580
-127.266,46.973,329.052,1167601
-127.269,46.790,327.577,1167622
-127.419,47.025,326.001,1167643
-127.268,46.926,324.656,1167664
-127.445,47.106,323.072,1167685
-127.855,46.989,321.316,1167706
-127.833,46.781,319.866,1167727
-127.899,46.873,318.345,1167748
-127.837,46.653,316.931,1167769
-128.246,46.690,315.184,1167790
-128.586,46.662,313.487,1167811
-128.869,46.444,311.826,1167832
-129.063,46.189,310.224,1167853
-129.118,45.867,308.725,1167874
-128.821,45.640,307.492,1167895
-128.544,45.564,306.215,1167916
-128.592,45.318,304.717,1167937
-128.266,45.355,303.450,1167958
-128.194,45.539,302.046,1167979
-127.832,45.608,300.860,1168000
-127.871,45.524,299.374,1168021
-127.966,45.521,297.835,1168042
-127.861,45.729,296.460,1168063
-127.516,45.846,295.254,1168084
-127.190,45.644,294.034,1168105
-127.316,45.695,292.484,1168126
-126.894,45.785,291.343,1168147
-126.533,45.920,290.143,1168168
-126.173,46.021,288.946,1168189
-125.765,45.966,287.780,1168210
-125.795,45.924,286.315,1168231
-125.838,45.888,284.842,1168252
-125.766,45.783,283.454,1168273
-125.842,45.768,281.952,1168294
-125.851,45.754,280.502,1168315
-125.810,45.709,279.086,1168336
-124.237,45.859,279.537,1168357
-122.564,46.255,280.025,1168378
-120.813,46.472,280.595,1168399
-119.209,46.687,281.046,1168420
-117.782,46.834,281.362,1168441
-116.510,46.901,281.550,1168462
-115.640,47.066,281.435,1168483
-114.672,46.854,281.357,1168504
-114.050,46.564,281.028,1168525
-113.793,46.378,280.410,1168546
-113.345,46.520,279.932,1168567
-113.026,46.672,279.357,1168588
-112.964,46.916,278.643,1168609
-113.306,47.035,277.654,1168630
-113.773,47.109,276.612,1168651
-114.050,46.984,275.709,1168672
-114.244,46.940,274.868,1168693
-113.977,47.131,274.507,1168714
-113.500,47.319,274.274,1168735
-113.287,47.275,273.807,1168756
-113.224,47.243,273.244,1168777
-113.186,47.366,272.630,1168798
-113.194,47.522,272.057,1168819
-113.220,47.920,271.425,1168840
-113.221,48.296,270.813,1168861
-112.834,48.587,270.515,1168882
-113.048,48.802,269.753,1168903
-113.236,48.978,268.996,1168924
-113.428,49.126,268.210,1168945
-113.584,49.129,267.420,1168966
-113.849,49.243,266.520,1168987
-113.604,49.355,266.017,1169008
-113.419,49.438,265.471,1169029
-113.612,49.602,264.630,1169050
-113.913,49.484,263.668,1169071
-114.143,49.273,262.753,1169092
-114.017,48.998,262.078,1169113
-113.887,48.738,261.367,1169134
-114.134,48.548,260.363,1169155
-114.163,48.215,259.473,1169176
-113.912,48.071,258.783,1169197
-113.777,48.101,257.974,1169218
-113.638,48.131,257.120,1169239
-113.644,48.209,256.127,1169260
-113.818,47.922,254.954,1169281
-114.127,47.859,253.638,1169302
-114.437,47.684,252.284,1169323
-114.745,47.398,250.873,1169344
-114.569,47.424,249.777,1169365
-114.288,47.410,249.895,1169386
-113.717,47.529,249.969,1169407
-113.261,47.652,249.833,1169428
-112.842,47.739,249.581,1169449
-112.484,47.753,249.709,1169470
-112.093,47.688,249.740,1169491
-112.228,47.530,249.574,1169512
-111.883,47.365,249.653,1169533
-111.856,47.072,249.385,1169554
-111.994,47.142,249.089,1169575
-111.788,47.035,248.969,1169596
-111.654,46.897,248.869,1169617
-112.027,46.681,248.427,1169638
-112.432,46.756,247.933,1169659
-112.621,46.883,247.638,1169680
-112.967,46.644,247.242,1169701
-113.433,46.546,246.775,1169722
-113.750,46.314,246.455,1169743
-114.199,46.503,246.042,1169764
-114.573,46.309,245.700,1169785
-114.632,46.143,245.604,1169806
-115.178,46.093,245.188,1169827
-115.576,46.308,244.893,1169848
-115.902,46.493,244.656,1169869
-116.133,46.593,244.476,1169890
-116.796,46.501,243.968,1169911
-117.334,46.299,243.542,1169932
-117.799,46.114,243.118,1169953
-118.040,45.918,242.818,1169974
-118.743,46.015,242.160,1169995
-119.027,46.115,241.747,1170016
-119.309,46.202,241.314,1170037
-119.953,46.336,240.638,1170058
-120.684,46.322,239.897,1170079
-121.004,46.404,239.488,1170100
-121.499,46.172,238.982,1170121
-121.916,45.919,238.534,1170142
-122.567,45.968,237.925,1170163
-123.155,45.853,237.392,1170184
-123.248,45.705,237.215,1170205
-123.294,45.502,237.041,1170226
-123.595,45.659,236.714,1170247
-123.869,45.774,236.386,1170268
-123.687,45.864,236.370,1170289
-123.716,45.663,236.179,1170310
-123.779,45.585,235.921,1170331
-123.794,45.555,235.665,1170352
-123.349,45.461,235.719,1170373
-122.866,45.525,235.765,1170394
-122.787,45.465,235.541,1170415
-122.293,45.619,235.621,1170436
-121.701,45.706,235.803,1170457
-121.135,45.825,235.969,1170478
-120.933,45.912,235.881,1170499
-120.784,45.980,235.717,1170520
-120.374,46.239,235.747,1170541
-119.698,46.203,235.945,1170562
-119.574,46.254,235.734,1170583
-118.964,46.235,235.843,1170604
-118.378,46.182,235.942,1170625
-118.140,45.907,235.794,1170646
-117.747,46.037,235.734,1170667
-117.747,46.099,235.361,1170688
-117.291,46.003,235.283,1170709
-117.434,45.998,234.783,1170730
-117.186,46.032,234.529,1170751
-117.498,46.019,233.856,1170772
-117.427,45.931,233.436,1170793
-117.859,45.818,232.642,1170814
-118.408,45.759,231.722,1170835
-118.491,45.789,231.109,1170856
-119.059,45.791,230.128,1170877
-119.357,45.998,229.305,1170898
-119.987,46.102,228.227,1170919
-120.337,46.342,227.327,1170940
-120.903,46.336,226.300,1170961
-121.023,46.282,225.564,1170982
-121.620,46.178,224.484,1171003
-122.237,46.021,223.374,1171024
-122.430,45.980,222.559,1171045
-123.171,45.827,221.303,1171066
-123.697,45.946,220.200,1171087
-124.270,46.040,219.035,1171108
-125.007,46.075,217.801,1171129
-125.255,45.902,216.873,1171150
-125.431,45.848,216.030,1171171
-125.815,45.701,215.016,1171192
-125.942,45.758,214.160,1171213
-126.070,45.655,213.302,1171234
-126.129,45.574,212.463,1171255
-126.478,45.869,211.420,1171276
-126.734,46.173,210.411,1171297
-126.795,46.430,209.543,1171318
-127.182,46.448,208.461,1171340
-127.575,46.560,207.377,1171361
-127.811,46.511,206.382,1171382
-127.915,46.444,205.512,1171403
-128.237,46.702,204.484,1171424
-128.089,46.954,203.808,1171445
-128.362,47.126,202.814,1171466
-128.600,47.292,201.846,1171487
-128.479,47.188,201.132,1171508
-128.310,47.456,200.442,1171529
-128.018,47.631,199.867,1171550
-127.659,47.430,199.325,1171571
-127.398,47.578,198.713,1171592
-127.076,47.280,198.166,1171613
-126.569,47.193,197.752,1171634
-126.394,46.943,197.109,1171655
-126.052,46.633,196.594,1171676
-125.568,46.696,196.226,1171697
-125.415,46.480,195.602,1171718
-125.353,46.599,194.883,1171739
-125.277,46.699,194.167,1171760
-125.378,46.679,193.301,1171781
-125.319,46.368,192.543,1171802
-125.016,46.224,191.958,1171823
-124.834,45.905,191.306,1171844
-124.752,45.941,190.599,1171865
-124.655,46.039,189.942,1171886
-124.929,46.080,189.004,1171907
-125.117,46.172,188.140,1171928
-125.399,46.220,187.184,1171949
-125.186,46.053,186.585,1171970
-125.434,45.911,185.638,1171991
-125.551,45.649,184.777,1172012
-125.454,45.651,184.083,1172033
-125.439,45.729,183.339,1172054
-125.599,45.947,182.489,1172075
-126.044,45.915,181.437,1172096
-126.111,46.145,180.654,1172117
-126.419,46.073,179.701,1172138
-126.582,45.959,178.855,1172159
-126.709,45.867,178.028,1172180
-126.905,46.203,177.140,1172201
-127.095,46.556,176.256,1172222
-127.025,46.736,175.547,1172243
-126.851,46.776,174.959,1172264
-127.197,46.952,173.968,1172285
-127.263,47.307,173.191,1172306
-127.071,47.565,172.611,1172327
-127.288,47.723,171.781,1172348
-127.448,47.783,170.998,1172369
-127.682,47.933,170.148,1172390
-127.510,47.776,169.597,1172411
-127.298,47.599,169.077,1172432
-127.001,47.673,168.602,1172453
-126.663,47.612,168.182,1172474
-126.452,47.727,167.658,1172495
-126.273,47.831,167.100,1172516
-126.151,47.936,166.522,1172537
-125.718,47.840,166.172,1172558
-125.294,47.808,165.835,1172579
-125.042,47.512,165.395,1172600
-124.819,47.255,164.940,1172621
-124.480,47.042,164.584,1172642
-124.233,46.860,164.162,1172663
-124.166,46.795,163.599,1172684
-123.687,46.916,163.370,1172705
-123.182,46.910,163.183,1172726
-123.185,46.971,162.626,1172747
-123.974,47.852,162.306,1172768
-124.863,48.740,161.969,1172789
-125.714,49.532,161.606,1172810
-125.980,50.201,161.660,1172831
-126.692,50.779,161.344,1172852
-126.916,51.437,161.336,1172873
-127.289,51.717,161.212,1172894
-127.866,52.031,160.930,1172915
-127.999,52.479,160.996,1172936
-128.259,52.950,160.971,1172957
-128.855,53.071,160.682,1172978
-129.471,53.229,160.366,1172999
-129.899,53.102,160.186,1173020
-129.909,52.831,160.311,1173041
-129.858,52.819,160.438,1173062
-129.718,52.707,160.578,1173083
-130.020,52.658,160.309,1173104
-129.861,52.440,160.358,1173125
-129.664,52.072,160.392,1173146
-130.068,51.769,159.889,1173167
-130.403,51.367,159.413,1173188
-130.757,51.073,158.889,1173209
-131.122,50.731,158.311,1173230
-130.871,50.250,158.193,1173251
-130.892,49.676,157.853,1173272
-130.720,49.416,157.612,1173293
-131.550,49.436,157.000,1173314
-131.956,49.578,156.672,1173335
-132.514,49.696,156.201,1173356
-132.754,49.765,155.936,1173377
-133.046,49.858,155.598,1173398
-133.255,49.571,155.300,1173419
-133.575,49.436,154.878,1173440
-133.329,49.410,154.856,1173461
-132.920,49.315,154.968,1173482
-133.075,49.284,154.631,1173503
-132.802,49.095,154.609,1173524
-132.456,49.332,154.663,1173545
-131.891,49.501,154.856,1173566
-131.772,49.629,154.708,1173587
-131.718,50.120,154.608,1173608
-131.673,50.412,154.487,1173629
-131.004,50.658,154.823,1173650
-130.404,50.787,155.101,1173671
-129.766,50.868,155.395,1173692
-129.020,51.178,155.782,1173713
-128.201,51.221,156.237,1173734
-127.384,51.292,156.703,1173755
-127.180,51.339,156.667,1173776
-126.903,51.493,156.671,1173797
-126.253,51.477,156.920,1173818
-126.038,51.513,156.809,1173839
-125.927,51.146,156.570,1173860
-125.786,50.706,156.315,1173881
-125.292,50.235,156.275,1173902
-124.743,49.780,156.247,1173923
-124.759,49.401,155.861,1173944
-124.729,49.401,155.445,1173965
-124.458,48.965,155.176,1173986
-124.534,48.626,154.604,1174007
-124.622,48.438,153.996,1174028
-124.694,48.177,153.364,1174049
-124.677,47.746,152.735,1174070
-124.414,47.592,152.249,1174091
-123.987,47.304,151.890,1174112
-123.679,46.860,151.397,1174133
-123.579,46.432,150.704,1174154
-123.410,46.089,150.022,1174175
-123.516,46.190,149.114,1174196
-123.771,46.296,148.043,1174217
-124.120,46.340,146.849,1174238
-124.493,46.357,145.638,1174259
-124.679,46.525,144.520,1174280
-124.417,46.376,143.700,1174301
-124.119,46.354,142.905,1174322
-123.757,46.349,142.144,1174343
-123.498,46.509,141.315,1174364
-123.610,46.503,140.227,1174385
-123.836,46.821,139.038,1174406
-124.072,46.921,137.836,1174427
-124.414,47.055,136.522,1174448
-124.745,47.172,135.189,1174469
-124.780,47.597,134.012,1174490
-124.598,47.809,132.991,1174511
-124.889,47.944,131.584,1174532
-125.213,48.369,130.156,1174553
-125.142,48.716,129.011,1174574
-125.138,49.112,127.779,1174595
-125.095,49.428,126.588,1174616
-125.558,49.594,124.979,1174637
-125.552,49.871,123.709,1174658
-125.552,49.816,122.398,1174679
-125.738,49.707,120.943,1174700
-125.619,49.599,119.696,1174721
-125.497,49.798,118.437,1174742
-125.740,49.994,116.850,1174763
-125.813,49.789,115.404,1174784
-125.663,49.923,114.089,1174805
-125.460,49.615,112.786,1174826
-125.558,49.352,111.258,1174847
-125.731,49.137,109.651,1174868
-125.882,48.906,108.041,1174889
-125.492,48.689,106.840,1174910
-125.164,48.610,105.554,1174931
-124.840,48.456,104.282,1174952
-124.527,48.076,103.001,1174973
-124.314,47.985,101.624,1174994
-124.448,47.575,100.010,1175015
-124.195,47.336,98.634,1175036
-124.422,47.023,96.890,1175057
-124.583,46.599,95.181,1175078
-124.578,46.145,93.582,1175099
-124.703,45.814,91.872,1175120
-124.880,45.643,90.129,1175141
-124.962,45.627,88.473,1175162
-125.156,45.294,86.727,1175183
-125.165,45.309,85.104,1175204
-125.261,45.341,83.416,1175225
-125.277,44.999,81.797,1175246
-125.638,44.721,79.917,1175267
-125.629,44.510,78.289,1175288
-126.194,44.472,76.276,1175309
-126.273,44.270,74.580,1175330
-126.358,44.320,72.878,1175351
-126.842,44.518,70.929,1175372
-127.312,44.743,68.989,1175393
-127.755,45.012,67.082,1175414
-127.979,44.928,65.346,1175435
-128.355,44.967,63.486,1175456
-128.421,44.924,61.847,1175477
-128.316,45.087,60.324,1175498
-128.306,45.014,58.696,1175519
-128.447,44.971,56.971,1175540
-128.254,45.202,55.466,1175561
-128.537,45.333,53.643,1175582
-128.534,45.660,51.983,1175603
-129.028,45.019,51.933,1175624
-129.955,44.409,51.482,1175645
-130.730,43.820,51.079,1175666
-131.480,43.382,50.664,1175687
-131.948,42.925,50.407,1175708
-132.531,42.609,50.054,1175729
-133.120,42.639,49.664,1175750
-133.284,42.724,49.581,1175771
-133.549,42.941,49.379,1175792
-133.848,43.242,49.123,1175813
-133.881,43.579,49.019,1175834
-133.745,43.918,49.024,1175855
-133.659,44.362,48.998,1175876
-133.830,44.727,48.782,1175897
-133.697,45.244,48.755,1175918
-133.179,45.489,48.973,1175939
-132.619,45.714,49.192,1175960
-132.455,45.913,49.110,1175981
-132.363,46.313,48.966,1176002
-132.118,46.520,48.851,1176023
-131.554,46.655,48.971,1176044
-131.241,46.835,48.876,1176065
-131.178,46.718,49.226,1176086
-131.016,46.511,49.519,1176107
-130.526,46.382,50.016,1176128
-130.125,46.434,50.411,1176149
-129.727,46.392,50.773,1176170
-129.452,46.431,50.998,1176191
-129.133,46.416,51.227,1176212
-129.182,46.528,51.152,1176233
-129.003,46.648,51.196,1176254
-128.669,46.428,51.336,1176275
-128.306,46.330,51.474,1176296
-128.467,46.404,51.207,1176317
-128.690,46.328,50.873,1176338
-128.778,46.036,50.597,1176359
-128.614,45.729,50.477,1176380
-128.889,45.779,50.027,1176401
-128.867,45.889,49.754,1176422
-128.875,46.065,49.450,1176443
-129.175,46.191,48.919,1176464
-129.298,46.460,48.498,1176485
-129.310,46.762,48.129,1176506
-129.057,46.756,47.899,1176527
-129.263,46.550,47.634,1176548
-129.385,46.333,47.381,1176569
-129.362,46.102,47.187,1176590
-129.072,46.163,47.120,1176611
-128.692,46.154,47.142,1176632
-128.774,46.128,46.776,1176653
-128.889,46.296,46.374,1176674
-128.913,46.072,46.235,1176695
-128.992,45.967,46.022,1176716
-129.093,46.089,45.772,1176737
-128.983,45.827,45.804,1176758
-128.596,45.704,46.004,1176779
-128.671,45.515,45.958,1176800
-128.648,45.691,45.914,1176821
-128.532,45.810,45.953,1176842
-128.330,45.946,46.004,1176863
-128.090,46.107,46.043,1176884
-128.159,46.335,45.846,1176905
-128.043,46.559,45.739,1176926
-127.989,46.374,45.534,1176947
-127.692,46.286,45.471,1176968
-127.873,46.203,45.056,1176989
-127.867,46.016,44.779,1177010
-127.749,46.179,44.587,1177031
-127.593,46.262,44.427,1177052
-127.835,46.160,44.017,1177073
-128.099,46.359,43.582,1177094
-128.421,46.369,43.100,1177115
-128.723,46.363,42.657,1177136
-128.621,46.456,42.555,1177157
-128.790,46.594,42.277,1177178
-128.639,46.588,42.251,1177199
-128.425,46.529,42.266,1177220
-128.667,46.642,41.966,1177241
-128.766,46.421,41.769,1177262
-128.503,46.355,41.848,1177283
-128.244,46.388,41.955,1177304
-128.210,46.598,41.897,1177325
-128.320,46.805,41.753,1177346
-128.102,46.989,41.816,1177367
-127.813,47.057,41.911,1177388
-127.955,47.060,41.684,1177409
-127.658,47.021,41.745,1177430
-127.572,47.337,41.618,1177451
-127.247,47.265,41.628,1177472
-127.430,47.306,41.253,1177493
-127.522,47.204,40.958,1177514
-127.650,47.116,40.606,1177535
-127.476,47.258,40.495,1177556
-127.208,46.991,40.417,1177577
-127.201,46.750,40.126,1177598
-126.763,46.522,40.166,1177619
-126.362,46.514,40.206,1177640
-126.385,46.645,39.969,1177661
-126.389,46.449,39.742,1177682
-126.306,46.194,39.625,1177703
-125.962,46.146,39.743,1177724
-126.178,46.182,39.476,1177745
-126.309,46.294,39.273,1177766
-126.179,46.031,39.235,1177787
-126.012,45.867,39.228,1177808
-126.196,45.938,38.940,1177829
-126.456,45.750,38.586,1177850
-126.203,45.528,38.578,1177871
-126.011,45.595,38.525,1177892
-126.200,45.509,38.164,1177913
-126.051,45.209,38.049,1177934
-126.165,45.193,37.750,1177955
-125.988,45.322,37.617,1177976
-125.787,45.035,37.491,1177997
-125.835,45.179,37.203,1178018
-125.634,44.893,37.067,1178039
-125.339,44.628,37.016,1178060
-125.493,44.537,36.659,1178081
-125.603,44.360,36.316,1178102
-125.301,44.286,36.254,1178123
-125.540,44.189,35.817,1178144
-125.480,44.303,35.619,1178165
-125.552,44.469,35.328,1178186
-125.634,44.621,35.019,1178207
-125.467,44.461,34.884,1178228
-125.467,44.198,34.608,1178249
-125.704,43.985,34.163,1178270
-125.577,43.891,33.963,1178291
-125.734,44.048,33.560,1178312
-126.051,43.864,32.989,1178333
-126.256,43.585,32.472,1178354
-126.257,43.211,32.072,1178375
-126.446,43.184,31.550,1178396
-126.615,43.178,30.985,1178417
-126.822,43.040,30.397,1178438
-126.492,42.792,30.166,1178459
-126.129,42.729,29.942,1178480
-125.854,42.803,29.629,1178501
-125.701,42.986,29.229,1178522
-125.257,43.014,28.986,1178543
-125.222,42.947,28.483,1178564
-125.191,42.866,27.969,1178585
-125.152,43.068,27.483,1178606
-124.711,43.073,27.253,1178627
-124.431,43.227,26.894,1178648
-124.222,42.996,26.456,1178669
-124.016,42.743,25.985,1178690
-123.840,42.909,25.453,1178711
-123.627,42.662,24.907,1178732
-123.521,42.427,24.237,1178753
-123.591,42.495,23.424,1178774
-123.281,42.516,22.834,1178795
-123.167,42.706,22.044,1178816
-123.290,42.905,21.063,1178837
-123.585,42.803,19.884,1178858
-123.618,42.775,18.848,1178879
-123.779,42.965,17.688,1178900
-124.397,42.991,16.178,1178921
-125.217,43.145,14.469,1178942
-126.037,43.244,12.722,1178963
-126.540,43.577,11.172,1178984
-127.244,43.565,9.434,1179005
-128.007,43.624,7.627,1179026
-128.697,43.984,5.799,1179047
-129.011,44.129,4.176,1179068
-129.307,44.063,2.501,1179089
-129.791,43.871,0.668,1179110
-130.190,44.005,358.815,1179131
-130.913,44.175,356.724,1179152
-131.596,44.006,354.638,1179173
-132.247,43.800,352.535,1179194
-132.939,43.924,350.369,1179215
-133.137,43.706,348.494,1179236
-133.703,43.830,346.313,1179257
-134.205,43.769,344.152,1179278
-134.186,43.796,342.289,1179299
-135.180,44.551,340.482,1179320
-136.229,45.484,338.526,1179341
-136.982,46.164,336.713,1179362
-137.627,46.821,334.902,1179383
-138.134,47.411,333.118,1179404
-138.665,47.755,331.257,1179425
-139.322,48.085,329.246,1179446
-139.597,48.278,327.462,1179467
-139.550,48.742,325.855,1179488
-139.235,48.845,324.387,1179509
-138.878,49.178,322.922,1179530
-138.785,49.489,321.179,1179551
-138.649,49.688,319.431,1179572
-138.343,49.603,317.776,1179593
-137.547,49.382,316.470,1179614
-137.424,49.667,314.594,1179635
-137.266,49.521,312.717,1179656
-136.768,49.314,311.052,1179677
-135.993,49.158,309.580,1179698
-135.079,49.063,308.182,1179719
-134.296,48.826,306.678,1179740
-133.320,48.822,305.271,1179761
-132.854,48.810,303.477,1179782
-131.818,48.531,302.085,1179803
-129.054,48.314,303.263,1179824
-126.445,48.118,304.280,1179845
-124.073,47.559,305.094,1179866
-121.703,47.185,305.895,1179887
-119.637,46.947,306.450,1179908
-118.083,46.519,306.625,1179929
-116.505,46.230,306.828,1179950
-115.280,45.793,306.802,1179971
-114.265,45.390,306.632,1179992
-113.454,44.963,306.350,1180013
-112.915,44.652,305.902,1180034
-112.535,44.410,305.368,1180055
-112.323,44.210,304.719,1180076
-111.835,44.129,304.258,1180097
-111.476,44.053,303.701,1180118
-111.612,44.274,302.799,1180139
-111.630,44.430,301.973,1180160
-111.717,44.618,301.064,1180181
-112.276,44.864,299.775,1180202
-112.997,45.075,298.370,1180223
-113.808,45.292,296.867,1180244
-114.741,45.602,295.255,1180265
-115.741,45.733,293.535,1180286
-116.784,45.802,291.798,1180307
-117.601,46.151,290.171,1180328
-118.453,46.494,288.519,1180349
-119.517,46.898,286.702,1180370
-120.982,47.204,284.569,1180391
-122.341,47.229,282.480,1180412
-123.452,47.170,280.539,1180433
-124.485,47.402,278.636,1180454
-125.740,47.300,276.553,1180475
-126.745,47.490,274.598,1180496
-127.818,47.669,272.559,1180517
-128.509,47.534,270.764,1180538
-129.578,47.279,268.656,1180559
-130.049,47.025,266.966,1180580
-130.934,46.784,264.950,1180601
-131.730,46.491,262.984,1180622
-132.355,46.157,261.160,1180643
-132.848,45.805,259.415,1180664
-133.003,45.583,257.902,1180685
-133.152,45.539,256.361,1180706
-133.308,45.583,254.816,1180727
-133.402,45.643,253.320,1180748
-133.254,45.707,251.984,1180769
-133.233,45.904,250.529,1180790
-133.322,46.058,248.988,1180811
-133.151,45.947,247.650,1180832
-132.595,45.890,246.557,1180853
-132.353,45.855,245.254,1180874
-132.056,46.207,243.977,1180895
-131.385,46.185,242.959,1180916
-130.596,46.312,242.006,1180937
-129.942,46.247,240.983,1180958
-129.262,46.586,239.943,1180979
-128.640,46.978,238.849,1181000
-127.830,47.281,237.873,1181021
-127.151,47.274,236.820,1181042
-126.739,47.322,235.575,1181063
-126.469,47.571,234.190,1181084
-125.754,47.486,233.154,1181105
-125.002,47.628,232.137,1181126
-124.721,47.886,230.755,1181147
-124.474,47.799,229.373,1181168
-124.190,47.696,227.995,1181189
-123.564,47.799,226.846,1181210
-123.070,47.646,225.627,1181231
-122.875,47.565,224.215,1181252
-122.383,47.421,223.061,1181273
-122.051,47.606,221.762,1181294
-121.854,47.380,220.396,1181315
-121.728,47.542,218.965,1181336
-121.513,47.575,217.574,1181357
-121.338,47.600,216.164,1181378
-121.628,47.448,214.419,1181399
-121.985,47.347,212.659,1181420
-122.022,47.056,211.166,1181441
-122.483,46.983,209.373,1181462
-122.500,46.952,207.882,1181483
-123.091,46.951,205.988,1181504
-123.512,46.694,204.245,1181525
-123.751,46.801,202.636,1181546
-123.836,46.689,201.117,1181567
-124.441,46.639,199.241,1181588
-124.985,46.465,197.462,1181609
-125.412,46.249,195.762,1181630
-125.885,46.069,194.037,1181651
-125.931,45.978,192.629,1181672
-125.968,45.893,191.241,1181693
-125.957,45.849,189.876,1181714
-125.965,45.894,188.493,1181735
-125.891,45.747,187.178,1181756
-126.066,45.912,185.711,1181777
-126.274,45.704,184.206,1181799
-126.514,45.615,182.710,1181820
-126.227,45.505,181.593,1181841
-126.457,45.521,180.111,1181862
-126.629,45.694,178.675,1181883
-126.376,45.854,177.547,1181904
-126.563,45.991,176.112,1181925
-126.200,45.963,175.056,1181946
-125.928,45.850,173.921,1181967
-126.035,45.997,172.531,1181988
-126.146,46.076,171.106,1182009
-126.179,46.152,169.770,1182030
-125.873,46.517,168.662,1182051
-125.516,46.547,167.610,1182072
-125.165,46.594,166.525,1182093
-125.015,46.629,165.304,1182114
-124.723,47.018,164.164,1182135
-124.602,47.418,162.906,1182156
-124.364,47.813,161.722,1182177
-123.928,48.034,160.686,1182198
-123.779,48.018,159.433,1182219
-123.484,47.952,158.297,1182240
-123.382,47.980,157.022,1182261
-122.928,48.232,156.013,1182282
-122.969,48.425,154.650,1182303
-122.730,48.338,153.470,1182324
-122.211,48.498,152.496,1182345
-121.845,48.741,151.414,1182366
-121.517,48.952,150.276,1182387
-121.593,49.065,148.839,1182408
-121.673,49.006,147.369,1182429
-121.535,48.752,146.066,1182450
-121.728,48.782,144.522,1182471
-121.688,48.459,143.143,1182492
-121.983,48.449,141.508,1182513
-122.110,48.101,140.010,1182534
-122.147,48.109,138.565,1182555
-122.082,47.890,137.192,1182576
-122.089,47.574,135.783,1182597
-122.606,47.510,134.000,1182618
-122.753,47.411,132.461,1182639
-123.200,47.013,130.711,1182660
-123.829,46.984,128.829,1182681
-124.011,46.642,127.266,1182702
-124.270,46.274,125.675,1182723
-124.704,46.344,123.953,1182744
-125.329,46.406,122.070,1182765
-125.587,46.392,120.452,1182786
-126.228,46.201,118.573,1182807
-126.732,45.964,116.796,1182828
-127.326,45.810,114.950,1182849
-128.032,45.929,113.051,1182870
-128.387,46.216,111.398,1182891
-128.539,46.305,109.900,1182912
-128.677,46.425,108.429,1182933
-129.346,46.685,106.591,1182954
-129.583,46.977,105.071,1182975
-130.168,47.109,103.310,1182996
-130.707,47.215,101.613,1183017
-131.274,47.489,99.895,1183038
-131.360,47.765,98.535,1183059
-131.313,47.828,97.298,1183080
-131.284,48.049,96.077,1183101
-131.473,48.401,94.688,1183122
-131.807,48.770,93.214,1183143
-131.832,48.733,91.982,1183164
-131.783,48.951,90.799,1183185
-131.754,49.138,89.621,1183206
-131.855,49.055,88.336,1183227
-132.185,49.058,86.900,1183248
-132.110,48.913,85.796,1183269
-132.431,49.029,84.384,1183290
-132.522,48.867,83.127,1183311
-132.332,48.972,82.086,1183332
-132.057,48.988,81.129,1183353
-131.691,49.199,80.094,1183374
-131.535,49.042,78.901,1183395
-131.446,49.182,77.659,1183416
-131.442,49.020,77.624,1183437
-131.345,48.706,77.589,1183458
-131.311,48.348,77.487,1183479
-131.384,47.921,77.276,1183500
-131.636,47.491,76.910,1183521
-131.651,46.965,76.695,1183542
-132.194,46.482,76.055,1183563
-132.821,46.320,75.334,1183584
-133.104,45.968,74.833,1183605
-133.406,45.736,74.344,1183626
-133.807,45.656,73.767,1183647
-133.912,45.561,73.410,1183668
-133.912,45.506,73.135,1183689
-133.912,45.312,72.865,1183710
-133.703,45.396,72.774,1183731
-133.739,45.768,72.532,1183752
-133.964,46.101,72.182,1183773
-133.988,46.205,71.982,1183794
-134.175,46.682,71.669,1183815
-134.448,47.097,71.281,1183836
-134.727,47.447,70.888,1183857
-134.841,47.691,70.608,1183878
-134.990,47.974,70.292,1183899
-134.683,48.369,70.310,1183920
-134.336,48.775,70.335,1183942
-134.145,49.149,70.695,1183963
-134.057,49.591,70.968,1183984
-133.775,49.966,71.339,1184005
-133.740,50.433,71.504,1184026
-133.358,50.772,71.906,1184047
-132.871,50.796,72.347,1184068
-132.415,50.717,72.770,1184089
-132.161,50.578,73.014,1184110
-132.049,50.501,73.152,1184131
-131.590,50.666,73.566,1184152
-131.444,50.509,73.716,1184173
-131.334,50.363,73.813,1184194
-130.731,50.210,74.251,1184215
-130.515,50.246,74.380,1184236
-129.906,49.880,74.783,1184257
-129.353,49.608,75.102,1184278
-129.305,49.485,75.031,1184299
-129.216,49.024,74.955,1184320
-128.682,48.642,75.202,1184341
-128.184,48.318,75.421,1184362
-128.230,48.041,75.244,1184383
-128.128,47.576,75.176,1184404
-128.153,47.441,75.017,1184425
-128.285,47.217,74.768,1184446
-128.476,47.087,74.477,1184467
-128.727,46.795,74.148,1184488
-128.501,46.464,74.152,1184509
-128.502,46.069,73.967,1184530
-128.920,45.911,73.485,1184551
-128.894,45.815,73.297,1184572
-129.075,45.899,72.946,1184593
-129.172,45.949,72.643,1184614
-129.375,45.723,72.261,1184635
-129.347,45.856,72.033,1184656
-129.291,45.984,71.783,1184677
-129.222,46.194,71.498,1184698
-129.068,46.366,71.243,1184719
-128.945,46.447,70.961,1184740
-129.270,46.810,70.326,1184761
-129.542,46.841,69.735,1184782
-129.820,46.912,69.132,1184803
-130.140,47.213,68.459,1184824
-130.400,47.512,67.808,1184845
-130.661,47.795,67.149,1184866
-130.683,47.844,66.648,1184887
-130.394,47.946,66.368,1184908
-130.111,47.972,66.053,1184929
-130.048,47.904,65.539,1184950
-129.682,47.975,65.251,1184971
-129.396,48.182,64.835,1184992
-129.188,48.437,64.315,1185013
-129.059,48.712,63.722,1185034
-128.973,48.966,63.064,1185055
-128.871,49.194,62.429,1185076
-128.997,49.074,61.570,1185097
-129.237,49.073,60.608,1185118
-128.988,48.964,59.990,1185139
-129.089,48.747,59.090,1185160
-128.820,48.638,58.464,1185181
-128.906,48.767,57.549,1185202
-129.265,48.690,56.422,1185223
-129.254,48.350,55.558,1185244
-128.966,48.168,54.887,1185265
-128.739,47.773,54.106,1185286
-128.480,47.533,53.321,1185307
-128.500,47.133,52.318,1185328
-128.271,47.066,51.464,1185349
-127.960,46.823,50.642,1185370
-127.993,46.487,49.554,1185391
-128.078,46.557,48.392,1185412
-128.259,46.466,47.154,1185433
-128.103,46.546,46.147,1185454
-128.190,46.624,44.960,1185475
-128.333,46.466,43.721,1185496
-128.181,46.191,42.694,1185517
-127.858,46.035,41.768,1185538
-127.782,45.814,40.648,1185559
-127.603,45.621,39.570,1185580
-127.721,45.818,38.248,1185601
-127.558,46.024,37.103,1185622
-127.724,46.204,35.701,1185643
-127.874,46.424,34.287,1185664
-127.643,46.549,33.184,1185685
-127.860,46.790,31.735,1185706
-128.160,46.884,30.238,1185727
-128.317,46.747,28.853,1185748
-128.147,46.730,27.673,1185769
-128.018,46.736,26.451,1185790
-127.966,46.652,25.175,1185811
-128.075,46.891,23.748,1185832
-128.406,46.782,22.192,1185853
-128.709,46.632,20.632,1185874
-128.999,46.529,19.084,1185895
-129.380,46.569,17.471,1185916
-129.574,46.430,15.995,1185937
-129.768,46.277,14.499,1185958
-129.565,46.314,13.284,1185979
-129.421,46.416,12.020,1186000
-129.217,46.361,10.807,1186021
-129.145,46.499,9.500,1186042
-129.372,46.375,7.982,1186063
-129.736,46.398,6.346,1186084
-129.854,46.603,4.873,1186105
-129.872,46.350,3.470,1186126
-130.087,46.436,1.925,1186147
-129.924,46.137,0.630,1186168
-129.699,46.048,359.383,1186189
-129.440,45.815,358.130,1186210
-129.136,45.719,356.903,1186231
-129.023,45.799,355.521,1186252
-129.028,45.502,354.049,1186273
-129.073,45.238,352.529,1186294
-129.152,45.047,350.978,1186315
-129.051,44.738,349.597,1186336
-129.052,44.550,348.102,1186357
-128.853,44.262,346.764,1186378
-128.506,43.977,345.543,1186399
-128.064,43.972,344.346,1186420
-127.632,43.914,343.133,1186441
-127.712,43.822,341.563,1186462
-127.776,43.666,339.995,1186483
-127.588,43.740,338.601,1186504
-127.551,43.430,337.100,1186525
-127.728,43.474,335.443,1186546
-127.905,43.368,333.796,1186567
-127.972,43.160,332.220,1186588
-127.677,43.247,330.895,1186609
-127.366,43.364,329.567,1186630
-127.034,43.488,328.263,1186651
-127.099,43.781,326.723,1186672
-127.163,43.843,325.166,1186693
-127.271,44.014,323.580,1186714
-127.259,44.044,322.107,1186735
-127.393,44.197,320.518,1186756
-127.350,44.238,319.063,1186777
-127.043,44.561,317.775,1186798
-127.000,44.650,316.299,1186819
-127.006,45.166,314.766,1186840
-124.751,45.619,316.244,1186861
-122.900,45.998,317.279,1186882
-120.641,46.339,318.601,1186903
-118.526,46.620,319.781,1186924
-116.559,46.839,320.805,1186945
-114.714,46.976,321.710,1186966
-113.274,46.816,322.309,1186987
-112.205,46.719,322.585,1187008
-110.963,46.854,322.967,1187029
-110.153,46.746,323.018,1187050
-109.295,46.978,323.102,1187071
-108.948,47.314,322.829,1187092
-108.809,47.595,322.374,1187113
-108.799,47.530,321.829,1187134
-108.960,47.541,321.145,1187155
-109.295,47.701,320.326,1187176
-109.584,48.074,319.539,1187197
-110.000,48.422,318.646,1187218
-110.622,48.305,317.582,1187239
-111.217,48.202,316.535,1187260
-112.345,48.407,315.070,1187281
-113.424,48.567,313.639,1187302
-114.698,48.664,312.084,1187323
-114.733,48.713,311.636,1187344
-115.181,48.485,310.850,1187365
-115.654,48.270,310.024,1187386
-116.624,48.306,308.777,1187407
-117.516,48.476,307.570,1187428
-118.490,48.559,306.283,1187449
-119.655,48.237,304.834,1187470
-120.491,48.086,303.615,1187491
-121.717,48.075,302.085,1187512
-123.018,47.912,300.494,1187533
-124.272,47.663,298.908,1187554
-125.207,47.196,297.516,1187575
-126.124,46.761,296.138,1187596
-127.149,46.377,294.630,1187617
-127.783,46.172,293.356,1187638
-128.362,45.950,292.087,1187659
-128.851,45.482,290.842,1187680
-129.349,45.305,289.580,1187701
-130.084,44.916,288.114,1187722
-130.769,44.686,286.666,1187743
-131.203,44.620,285.372,1187764
-131.657,44.305,284.043,1187785
-132.099,44.286,282.673,1187806
-132.062,44.081,281.617,1187827
-132.268,44.125,280.393,1187848
-132.348,44.147,279.240,1187869
-132.352,44.229,278.110,1187890
-132.164,44.329,277.110,1187911
-132.082,44.626,276.010,1187932
-132.025,44.676,274.870,1187953
-131.885,44.784,273.718,1187974
-131.264,44.978,272.868,1187995
-130.589,45.182,272.027,1188016
-130.036,45.339,271.066,1188037
-129.386,45.677,270.122,1188058
-128.815,46.064,269.080,1188080
-128.182,46.264,268.064,1188101
-127.666,46.718,266.928,1188122
-127.115,46.830,265.752,1188143
-126.487,46.951,264.616,1188164
-125.756,47.223,263.518,1188185
-125.262,47.310,262.199,1188206
-124.649,47.383,260.899,1188227
-124.021,47.442,259.576,1188248
-123.902,47.740,257.844,1188269
-123.578,48.133,256.214,1188290
-123.613,48.355,254.288,1188311
-123.718,48.442,252.262,1188332
-123.798,48.357,250.195,1188353
-123.906,48.192,248.065,1188374
-123.833,47.940,246.056,1188395
-124.148,47.345,244.575,1188416
-124.186,46.973,243.141,1188437
-124.597,46.675,241.423,1188458
-124.627,46.417,239.944,1188479
-124.698,46.215,238.417,1188500
-125.025,45.954,236.676,1188521
-125.129,45.844,235.039,1188542
-124.999,45.709,233.574,1188563
-125.122,45.339,231.931,1188584
-125.410,45.084,230.163,1188605
-125.663,44.854,228.430,1188626
-125.733,44.647,226.801,1188647
-125.792,44.505,225.184,1188668
-126.143,44.476,223.340,1188689
-126.661,44.671,221.371,1188710
-126.993,44.675,219.541,1188731
-126.996,44.689,217.930,1188752
-127.391,44.776,216.064,1188773
-127.424,45.061,214.463,1188794
-127.751,45.555,212.660,1188815
-127.896,46.012,211.034,1188836
-128.148,46.513,209.308,1188857
-128.485,47.044,207.537,1188878
-128.828,47.547,205.752,1188899
-129.322,47.732,203.855,1188920
-129.801,47.906,201.993,1188941
-129.788,47.918,200.514,1188962
-129.742,48.006,199.096,1188983
-129.901,47.967,197.541,1189004
-129.870,47.925,196.156,1189025
-130.019,47.879,194.647,1189046
-130.212,48.254,193.133,1189067
-130.373,48.214,191.649,1189088
-130.402,48.555,190.298,1189109
-130.577,48.856,188.831,1189130
-130.769,48.922,187.370,1189151
-130.368,48.987,186.375,1189172
-129.946,49.008,185.418,1189193
-129.936,48.926,184.171,1189214
-129.564,49.074,183.172,1189235
-129.153,49.166,182.213,1189256
-128.826,49.303,181.179,1189277
-128.601,49.053,180.065,1189298
-128.532,49.197,178.789,1189319
-128.548,49.328,177.441,1189340
-128.803,49.287,175.905,1189361
-128.783,49.377,174.550,1189382
-128.575,49.042,173.286,1189403
-128.308,48.985,172.036,1189424
-128.384,48.748,170.497,1189445
-128.124,48.554,169.174,1189466
-128.951,48.800,166.957,1189487
-130.152,49.157,164.394,1189508
-130.771,49.485,162.188,1189529
-131.842,49.705,159.572,1189550
-132.966,49.956,156.854,1189571
-134.097,50.330,154.081,1189592
-134.864,50.432,151.568,1189613
-135.391,50.657,149.234,1189634
-136.049,51.080,146.749,1189655
-136.060,51.454,145.133,1189676
-133.711,51.946,147.222,1189698
-131.430,52.324,149.125,1189719
-129.735,52.754,150.447,1189740
-128.288,53.082,151.476,1189761
-126.508,53.059,152.689,1189782
-124.944,53.075,153.692,1189803
-124.125,53.245,153.882,1189824
-123.574,53.194,153.809,1189845
-123.548,53.187,153.299,1189866
-123.223,53.158,153.011,1189887
-123.529,53.417,152.164,1189908
-123.478,53.539,151.614,1189929
-123.798,53.297,150.714,1189950
-124.431,53.109,149.584,1189971
-124.921,53.192,148.550,1189992
-125.276,53.036,147.643,1190013
-126.046,52.628,146.431,1190034
-126.882,52.573,145.184,1190055
-127.902,52.414,143.806,1190076
-128.457,51.990,142.763,1190097
-129.549,51.771,141.306,1190118
-130.267,51.525,140.089,1190139
-131.154,50.934,138.724,1190160
-131.666,50.352,137.628,1190181
-132.092,49.815,136.594,1190202
-132.810,49.260,135.347,1190223
-133.283,49.036,134.324,1190244
-134.015,48.520,133.127,1190265
-134.850,48.159,131.886,1190286
-135.684,47.902,130.685,1190307
-136.490,47.726,129.499,1190328
-137.266,47.548,128.383,1190349
-137.518,47.255,127.741,1190370
-138.026,47.102,126.917,1190391
-138.514,47.014,126.108,1190412
-138.552,47.134,125.634,1190433
-138.539,47.295,125.227,1190454
-138.625,47.576,124.793,1190475
-138.850,47.940,124.263,1190496
-138.874,48.266,123.892,1190517
-138.729,48.479,123.681,1190538
-138.579,48.638,123.474,1190559
-138.954,49.037,122.866,1190580
-139.182,49.210,122.388,1190601
-139.319,49.697,121.953,1190622
-139.010,50.018,121.858,1190643
-139.006,50.489,121.537,1190664
-138.725,50.867,121.439,1190685
-138.526,51.300,121.275,1190706
-138.356,51.325,121.099,1190727
-137.929,51.434,121.123,1190748
-137.967,51.523,120.808,1190769
-137.533,51.575,120.834,1190790
-137.170,51.558,120.780,1190811
-136.690,51.769,120.791,1190832
-136.152,51.738,120.827,1190853
-135.573,51.694,120.854,1190874
-135.546,51.784,120.431,1190895
-135.373,51.596,120.119,1190916
-135.117,51.322,119.853,1190937
-134.548,51.271,119.782,1190958
-134.346,50.913,119.413,1190979
-133.804,50.775,119.272,1191000
-133.350,50.240,119.079,1191021
-132.664,49.692,119.032,1191042
-132.041,49.086,118.922,1191063
-131.611,48.470,118.681,1191084
-131.150,48.243,118.427,1191105
-130.728,47.618,118.122,1191126
-130.040,47.269,117.989,1191147
-129.494,47.014,117.739,1191168
-129.225,46.637,117.254,1191189
-128.562,46.048,117.073,1191210
-128.251,45.838,116.617,1191231
-127.486,45.395,116.497,1191252
-126.833,45.239,116.289,1191273
-126.416,45.240,115.919,1191294
-126.310,45.086,115.311,1191315
-126.305,45.076,114.645,1191336
-126.268,45.216,113.989,1191357
-125.989,45.394,113.505,1191378
-125.999,45.271,112.789,1191399
-125.842,45.144,112.192,1191420
-125.630,45.094,111.613,1191441
-125.412,45.153,111.037,1191462
-125.278,45.405,110.410,1191483
-125.350,45.390,109.679,1191504
-125.718,45.659,108.696,1191525
-125.803,46.102,107.935,1191546
-125.902,46.534,107.171,1191567
-126.351,46.689,106.167,1191588
-126.404,47.005,105.431,1191609
-126.934,47.247,104.329,1191630
-127.471,47.530,103.251,1191651
-127.526,47.729,102.505,1191672
-127.569,47.856,101.766,1191693
-128.082,47.939,100.683,1191714
-128.622,48.020,99.599,1191735
-128.942,47.960,98.665,1191756
-129.447,48.162,97.610,1191777
-129.748,48.417,96.734,1191798
-130.224,48.283,95.724,1191819
-130.540,48.030,94.850,1191840
-130.979,47.914,93.899,1191861
-131.020,48.015,93.195,1191882
-130.815,47.922,92.672,1191903
-130.806,48.066,92.000,1191924
-130.620,47.787,91.414,1191945
-130.666,47.582,90.661,1191966
-130.862,47.547,89.805,1191987
-130.928,47.292,89.053,1192008
-131.027,47.388,88.289,1192029
-130.723,47.262,87.777,1192050
-130.488,47.244,87.228,1192071
-130.083,46.977,86.749,1192092
-129.733,46.878,86.170,1192113
-129.287,46.732,85.600,1192134
-129.005,46.726,84.834,1192155
-128.943,46.758,83.891,1192176
-129.035,46.528,82.876,1192197
-128.640,46.346,82.210,1192218
-128.287,46.205,81.411,1192239
-127.842,46.014,80.469,1192260
-127.352,45.834,79.387,1192281
-127.083,45.607,77.991,1192302
-126.503,45.628,76.685,1192323
-125.920,45.565,75.259,1192344
-125.443,45.440,73.607,1192365
-125.291,45.473,71.637,1192386
-125.217,45.663,69.537,1192407
-125.138,45.824,67.400,1192428
-124.967,45.871,65.271,1192449
-124.773,45.922,63.094,1192470
-124.255,45.975,61.135,1192491
-123.820,46.033,59.043,1192512
-123.458,46.124,56.866,1192533
-123.410,46.401,54.427,1192554
-123.338,46.598,51.994,1192575
-123.318,46.860,49.520,1192596
-123.166,46.888,47.183,1192617
-123.085,46.866,44.833,1192638
-123.095,46.857,42.490,1192659
-122.761,46.993,40.429,1192680
-122.600,46.936,38.259,1192701
-122.530,47.006,36.030,1192722
-122.532,46.891,33.759,1192743
-123.124,46.975,31.069,1192764
-123.765,46.745,28.349,1192785
-124.372,46.376,25.673,1192806
-125.018,45.969,22.977,1192827
-125.761,45.528,20.231,1192848
-126.577,45.060,17.469,1192869
-127.447,44.814,14.702,1192890
-128.237,44.262,12.069,1192911
-128.995,43.697,9.511,1192932
-129.544,42.990,7.174,1192954
-129.938,42.278,4.930,1192975
-130.358,41.680,2.702,1192996
-130.516,40.993,0.659,1193017
-130.794,40.494,358.542,1193038
-130.673,40.336,356.619,1193059
-130.657,40.283,354.572,1193080
-130.171,40.224,352.777,1193101
-129.577,40.283,351.041,1193122
-128.925,40.441,349.271,1193143
-128.317,40.780,347.418,1193164
-128.648,39.481,346.273,1193185
-128.512,38.632,345.301,1193206
-128.641,37.909,344.071,1193227
-128.444,37.528,342.976,1193248
-128.494,37.327,341.686,1193269
-128.199,37.389,340.584,1193290
-127.863,37.673,339.451,1193311
-127.694,38.168,338.200,1193332
-127.670,38.593,336.871,1193353
-127.560,39.425,335.589,1193374
-127.371,39.987,334.357,1193395
-127.326,40.674,333.049,1193416
-127.199,41.370,331.805,1193437
-127.204,42.131,330.447,1193458
-127.464,43.138,328.913,1193479
-127.326,44.061,327.608,1193500
-127.398,45.252,326.160,1193521
-127.524,46.413,324.640,1193542
-127.688,47.539,323.073,1193563
-128.179,48.667,321.231,1193584
-128.364,49.458,319.560,1193605
-128.980,50.514,317.566,1193626
-129.370,51.103,315.732,1193647
-129.815,51.870,313.850,1193668
-130.522,52.658,311.757,1193689
-131.601,53.120,309.375,1193710
-132.251,53.617,307.338,1193731
-133.061,54.043,305.145,1193752
-134.017,54.061,302.795,1193773
-134.821,53.908,300.558,1193794
-135.396,53.606,298.473,1193815
-135.878,53.251,296.434,1193836
-136.403,52.851,294.342,1193857
-136.744,52.386,292.396,1193878
-137.058,51.900,290.490,1193899
-137.220,51.354,288.716,1193920
-136.902,50.955,287.332,1193941
-137.067,50.640,285.549,1193962
-136.610,50.144,284.261,1193983
-136.139,49.495,282.954,1194004
-135.701,49.178,281.619,1194025
-135.577,48.662,280.004,1194046
-134.824,48.046,278.875,1194067
-133.939,47.494,277.827,1194088
-133.320,47.275,276.523,1194109
-132.372,46.804,275.451,1194130
-131.523,46.705,274.284,1194151
-130.664,46.676,273.059,1194172
-129.567,46.489,271.983,1194193
-128.821,46.194,270.588,1194214
-127.772,45.892,269.409,1194235
-126.804,45.612,268.092,1194256
-126.398,44.644,268.288,1194277
-126.011,43.818,268.284,1194298
-125.990,43.064,267.925,1194319
-125.501,42.499,267.784,1194340
-125.128,42.194,267.438,1194361
-124.761,42.107,266.999,1194382
-124.179,41.822,266.655,1194403
-123.807,41.643,266.132,1194424
-123.479,41.678,265.522,1194445
-122.981,41.794,264.940,1194466
-122.603,42.091,264.225,1194487
-122.085,42.386,263.553,1194508
-121.849,42.232,263.033,1194529
-121.408,42.498,262.621,1194550
-121.133,42.890,262.042,1194571
-121.122,43.252,261.231,1194592
-121.081,43.791,260.407,1194613
-121.121,44.438,259.503,1194634
-121.059,44.727,258.627,1194655
-120.843,45.203,257.823,1194676
-120.721,45.707,256.931,1194697
-120.801,46.178,255.874,1194718
-120.938,46.926,254.768,1194739
-121.081,47.494,253.663,1194760
-121.715,48.002,252.171,1194781
-122.235,48.816,250.743,1194802
-123.042,49.293,249.063,1194823
-123.700,49.609,247.500,1194844
-123.989,50.000,246.211,1194865
-124.781,50.324,244.548,1194886
-125.048,50.565,243.275,1194907
-125.880,50.828,241.597,1194928
-126.324,51.193,240.201,1194949
-127.192,51.343,238.450,1194970
-127.695,51.672,236.979,1194991
-128.635,51.831,235.150,1195012
-129.551,52.094,233.322,1195033
-130.196,51.930,231.740,1195054
-130.765,51.750,230.232,1195075
-131.114,51.633,228.924,1195096
-131.437,51.672,227.630,1195117
-131.605,51.498,226.517,1195138
-132.267,51.410,225.018,1195159
-132.591,51.525,223.798,1195180
-132.983,51.614,222.565,1195201
-133.143,51.286,221.527,1195222
-133.036,50.954,220.696,1195243
-133.050,51.029,219.806,1195264
-132.754,50.715,219.160,1195285
-132.752,50.400,218.286,1195306
-132.803,50.157,217.374,1195327
-132.671,50.197,216.654,1195348
-132.282,49.832,216.122,1195369
-132.209,49.840,215.358,1195390
-132.247,49.630,214.526,1195411
-132.041,49.235,213.909,1195432
-131.499,49.112,213.558,1195453
-130.879,48.742,213.264,1195474
-130.171,48.433,213.056,1195495
-129.430,48.267,212.877,1195516
-129.097,47.956,212.409,1195537
-128.398,47.851,212.222,1195558
-128.134,47.926,211.731,1195579
-127.607,47.955,211.466,1195600
-127.512,47.850,210.860,1195621
-127.399,47.913,210.231,1195642
-127.364,47.846,209.550,1195663
-126.893,47.562,209.134,1195684
-126.759,47.668,208.469,1195705
-126.230,47.510,208.085,1195726
-125.901,47.283,207.551,1195747
-125.610,47.108,207.013,1195768
-125.272,47.309,206.498,1195789
-125.208,47.212,205.800,1195810
-125.110,47.490,205.119,1195831
-125.270,47.525,204.231,1195852
-125.471,47.600,203.245,1195873
-125.226,47.412,202.566,1195894
-124.922,47.330,201.912,1195915
-124.954,47.485,201.169,1195936
-125.393,47.933,200.081,1195957
-125.971,48.283,198.854,1195978
-126.515,48.611,197.586,1195999
-126.914,49.008,196.342,1196020
-127.439,49.284,194.938,1196041
-127.960,49.595,193.499,1196062
-128.374,49.681,192.101,1196083
-128.327,49.760,191.002,1196104
-128.252,49.898,189.908,1196125
-128.240,49.939,188.703,1196146
-128.543,49.809,187.194,1196167
-128.864,50.054,185.656,1196188
-128.858,50.159,184.312,1196209
-129.287,50.145,182.624,1196230
-129.179,50.135,181.305,1196251
-129.485,49.905,179.663,1196272
-129.471,49.590,178.259,1196293
-129.386,49.607,176.890,1196314
-129.262,49.323,175.516,1196335
-129.536,49.434,173.797,1196356
-129.406,49.481,172.334,1196377
-129.388,49.198,170.763,1196398
-129.581,49.137,168.999,1196419
-129.739,49.169,167.242,1196440
-129.294,49.173,165.932,1196461
-128.812,49.003,164.627,1196482
-128.643,48.769,163.115,1196503
-128.087,48.699,161.862,1196524
-127.532,48.728,160.620,1196545
-126.949,48.483,159.366,1196566
-126.746,48.683,157.809,1196587
-125.239,48.755,157.721,1196608
-123.821,48.921,157.555,1196629
-122.984,48.926,156.945,1196650
-122.327,48.975,156.188,1196671
-121.656,48.881,155.462,1196692
-121.168,48.863,154.598,1196713
-120.270,48.700,154.016,1196734
-119.535,48.510,153.289,1196755
-118.943,48.593,152.455,1196776
-118.402,48.445,151.592,1196797
-118.071,48.520,150.551,1196818
-117.804,48.358,149.461,1196839
-118.181,48.295,147.879,1196860
-118.614,48.044,146.251,1196881
-118.990,47.698,144.637,1196902
-119.452,47.381,142.953,1196923
-120.073,47.155,141.132,1196944
-120.747,46.915,139.258,1196965
-121.517,46.680,137.322,1196986
-122.288,46.354,135.361,1197007
-122.749,45.963,133.617,1197028
-123.683,45.891,131.512,1197049
-124.685,45.700,129.383,1197070
-125.642,45.382,127.274,1197091
-126.274,44.981,125.388,1197112
-126.893,44.562,123.507,1197133
-127.543,44.522,121.573,1197154
-128.197,44.512,119.657,1197175
-129.144,44.390,117.526,1197196
-129.887,44.498,115.550,1197217
-130.480,44.676,113.694,1197238
-130.922,44.898,111.934,1197259
-131.595,44.904,110.033,1197280
-131.984,44.812,108.327,1197301
-132.174,44.743,106.764,1197322
-132.351,44.693,105.224,1197343
-132.792,44.876,103.476,1197364
-133.183,45.119,101.756,1197385
-133.499,45.453,100.089,1197406
-133.558,45.895,98.621,1197427
-133.307,46.154,97.374,1197448
-133.002,46.338,96.139,1197469
-133.002,46.838,94.657,1197490
-132.752,46.940,93.353,1197511
-132.246,47.154,92.217,1197532
-132.363,47.245,91.495,1197553
-132.262,46.968,90.859,1197574
-131.905,46.961,90.389,1197595
-131.994,46.901,89.565,1197616
-131.932,46.749,88.835,1197637
-131.385,46.759,88.432,1197658
-130.786,46.713,88.054,1197679
-130.152,46.729,87.655,1197700
-129.863,46.942,86.978,1197721
-129.270,47.060,86.495,1197742
-128.765,47.271,85.915,1197763
-128.142,47.302,85.397,1197784
-127.960,47.209,84.533,1197805
-127.927,47.363,83.548,1197826
-127.475,47.597,82.870,1197847
-127.324,47.551,81.928,1197868
-127.220,47.559,80.909,1197889
-126.932,47.837,80.007,1197910
-126.424,47.681,79.254,1197931
-126.221,47.530,78.256,1197952
-126.154,47.490,77.165,1197973
-126.214,47.624,75.945,1197994
-126.192,47.459,74.785,1198015
-125.803,47.383,73.883,1198036
-125.920,47.299,72.611,1198057
-126.126,47.262,71.259,1198078
-125.882,47.262,70.213,1198099
-125.722,47.003,69.114,1198120
-125.609,47.040,67.941,1198141
-125.528,46.977,66.722,1198162
-125.447,46.852,65.527,1198184
-125.923,46.975,63.897,1198205
-126.349,46.848,62.320,1198226
-126.533,46.627,60.930,1198247
-126.892,46.780,59.375,1198268
-127.162,46.544,57.918,1198289
-127.596,46.446,56.341,1198310
-127.554,46.392,55.097,1198331
-127.480,46.340,53.827,1198352
-127.580,46.419,52.464,1198373
-127.974,46.465,50.859,1198394
-128.308,46.570,49.282,1198415
-128.574,46.677,47.774,1198436
-128.917,46.505,46.204,1198457
-128.819,46.475,44.948,1198478
-128.990,46.289,43.529,1198499
-129.016,46.100,42.206,1198520
-128.906,46.305,40.971,1198541
-128.723,46.194,39.806,1198562
-128.423,46.188,38.728,1198583
-128.121,46.253,37.629,1198604
-128.243,46.356,36.221,1198625
-127.781,46.370,35.218,1198646
-127.737,46.682,33.925,1198667
-127.390,46.556,32.833,1198688
-127.354,46.602,31.524,1198709
-126.869,46.744,30.520,1198730
-126.493,46.973,29.435,1198751
-126.133,46.929,28.342,1198772
-125.996,46.874,27.060,1198793
-126.009,47.259,25.661,1198814
-126.082,47.619,24.190,1198835
-126.297,47.697,22.626,1198856
-126.364,47.588,21.168,1198877
-126.533,47.495,19.632,1198898
-126.831,47.497,18.031,1198919
-126.777,47.245,16.682,1198940
-126.554,47.009,15.436,1198961
-126.505,47.094,14.033,1198982
-126.695,47.159,12.446,1199003
-126.796,46.826,10.939,1199024
-126.740,46.459,9.535,1199045
-127.000,46.264,7.892,1199066
-126.891,46.207,6.520,1199087
-126.837,45.769,5.125,1199108
-127.164,45.742,3.444,1199129
-127.019,45.498,2.092,1199150
-126.932,45.395,0.678,1199171
-126.816,45.171,359.266,1199192
-127.183,45.154,357.534,1199213
-127.373,44.837,355.931,1199234
-127.777,44.732,354.159,1199255
-127.693,44.598,352.745,1199276
-127.647,44.436,351.294,1199297
-127.930,44.356,349.580,1199318
-128.286,44.521,347.837,1199339
-128.429,44.885,346.255,1199360
-128.758,45.127,344.572,1199381
-128.525,45.323,343.318,1199402
-128.429,45.697,341.959,1199423
-128.292,46.075,340.641,1199444
-128.501,46.185,339.069,1199465
-128.469,46.236,337.682,1199486
-128.308,46.315,336.388,1199507
-128.140,46.540,335.109,1199528
-128.341,46.586,333.550,1199549
-128.155,46.733,332.261,1199570
-128.258,47.135,330.734,1199591
-128.120,47.390,329.374,1199612
-128.372,47.718,327.772,1199633
-128.716,47.832,326.113,1199654
-127.561,48.301,325.644,1199675
-126.655,48.602,324.953,1199696
-125.307,48.845,324.570,1199717
-124.331,49.317,323.897,1199738
-123.298,49.287,323.229,1199759
-122.167,49.276,322.616,1199780
-121.171,49.459,321.869,1199801
-120.640,49.342,320.789,1199822
-120.289,49.329,319.548,1199843
-120.008,49.185,318.272,1199864
-119.781,48.962,316.945,1199885
-119.738,48.772,315.470,1199906
-119.716,48.443,313.940,1199927
-119.451,48.073,312.580,1199948
-119.309,47.617,311.086,1199969
-119.396,47.477,309.346,1199990
-120.017,46.879,309.481,1200011
-120.560,46.310,309.543,1200032
-120.752,45.885,309.466,1200053
-120.877,45.684,309.304,1200074
-121.332,45.348,308.811,1200095
-121.734,45.174,308.298,1200116
-121.921,44.766,307.843,1200137
-122.215,44.608,307.246,1200158
-122.426,44.428,306.658,1200179
-122.405,44.622,306.209,1200200
-122.273,44.832,305.777,1200221
-122.507,45.042,305.067,1200242
-122.663,45.112,304.346,1200263
-122.451,45.132,303.852,1200284
-122.851,45.010,303.675,1200305
-123.190,44.826,303.448,1200326
-123.566,45.034,303.133,1200347
-123.521,44.972,303.062,1200368
-123.519,45.029,302.913,1200389
-123.537,44.972,302.702,1200410
-123.990,45.248,302.130,1200431
-124.026,45.557,301.838,1200452
-124.055,45.895,301.511,1200473
-124.481,46.218,300.875,1200494
-124.747,46.342,300.341,1200515
-124.968,46.842,299.804,1200536
-124.762,47.251,299.579,1200557
-124.976,47.636,299.021,1200578
-124.612,47.808,298.871,1200599
-124.173,48.227,298.744,1200620
-123.634,48.562,298.672,1200641
-123.589,48.940,298.208,1200662
-123.436,49.381,297.778,1200683
-123.036,49.423,297.522,1200704
-122.562,49.425,297.312,1200725
-122.021,49.781,297.149,1200746
-121.744,49.785,296.789,1200767
-121.029,49.765,296.768,1200788
-120.853,49.570,296.864,1200809
-120.601,49.693,297.051,1200830
-120.215,49.780,297.283,1200851
-119.620,49.735,297.631,1200872
-119.049,49.433,297.892,1200893
-118.978,49.210,297.758,1200914
-118.910,48.896,297.576,1200935
-118.579,48.420,297.547,1200956
-118.104,48.068,297.615,1200977
-118.052,47.722,297.340,1200998
-117.729,47.296,297.215,1201019
-117.309,47.192,297.109,1201040
-117.028,47.144,296.869,1201061
-116.663,47.052,296.653,1201082
-116.586,47.042,296.182,1201103
-116.636,46.718,295.593,1201124
-116.282,46.655,295.301,1201145
-115.925,46.568,294.976,1201166
-116.028,46.388,294.344,1201187
-116.184,46.402,293.665,1201208
-116.006,46.123,293.209,1201229
-116.205,45.990,292.468,1201250
-116.198,46.174,291.874,1201271
-116.046,46.081,291.389,1201292
-116.380,45.822,290.740,1201313
-116.432,45.681,290.509,1201334
-116.971,45.546,289.916,1201355
-117.367,45.282,289.445,1201376
-117.386,45.288,289.214,1201397
-117.907,45.262,288.644,1201418
-118.352,45.367,288.135,1201439
-118.374,45.576,287.911,1201460
-118.295,45.721,287.743,1201481
-118.608,46.034,287.303,1201502
-119.019,46.247,286.798,1201523
-119.025,46.210,286.587,1201544
-119.427,46.540,286.086,1201565
-119.360,46.574,285.920,1201586
-119.505,46.548,285.581,1201607
-119.504,46.888,285.358,1201628
-119.418,47.050,285.203,1201649
-119.517,47.214,285.155,1201670
-119.755,47.446,284.993,1201691
-120.255,47.694,284.606,1201712
-120.567,47.546,284.385,1201733
-120.637,47.670,284.306,1201754
-121.129,47.658,283.894,1201775
-121.563,47.606,283.496,1201796
-121.624,47.455,283.386,1201817
-122.037,47.466,282.979,1201838
-122.433,47.507,282.588,1201859
-122.818,47.556,282.219,1201880
-122.649,47.633,282.231,1201901
-122.892,47.671,281.948,1201922
-123.089,47.731,281.706,1201943
-123.209,47.743,281.532,1201964
-122.740,47.806,281.798,1201985
-122.270,47.672,282.058,1202006
-121.943,47.466,282.203,1202027
-121.473,47.247,282.429,1202048
-120.971,47.062,282.648,1202069
-120.524,47.062,282.820,1202090
-120.120,47.114,282.975,1202111
-120.093,47.204,282.859,1202132
-119.932,46.909,282.857,1202153
-119.971,46.980,282.683,1202174
-120.045,46.906,282.482,1202195
-119.978,46.620,282.362,1202216
-119.579,46.461,282.471,1202237
-119.667,46.287,282.218,1202258
-119.769,46.301,281.959,1202279
-119.678,46.329,281.822,1202300
-119.858,46.303,281.484,1202321
-119.617,46.067,281.437,1202342
-119.859,46.059,281.057,1202363
-119.728,45.709,280.938,1202384
-120.093,45.528,280.448,1202405
-120.058,45.232,280.246,1202426
-120.260,44.940,279.874,1202447
-120.321,44.711,279.597,1202468
-120.446,44.539,279.276,1202489
-120.978,44.737,278.671,1202510
-121.467,44.985,278.082,1202531
-121.958,45.279,277.504,1202552
-122.223,45.567,277.074,1202573
-122.485,45.855,276.646,1202594
-123.166,46.052,275.904,1202615
-123.797,46.326,275.152,1202636
-124.212,46.182,274.550,1202657
-124.667,46.081,273.919,1202678
-125.266,46.095,273.166,1202699
-125.547,46.384,272.655,1202720
-125.808,46.697,272.154,1202741
-126.276,46.970,271.504,1202762
-126.285,47.094,271.178,1202783
-126.642,46.988,270.584,1202804
-126.567,47.078,270.290,1202825
-126.623,46.841,269.878,1202846
-126.638,46.617,269.492,1202867
-126.402,46.513,269.302,1202888
-126.178,46.551,269.091,1202909
-125.868,46.552,268.969,1202930
-125.895,46.740,268.615,1202951
-125.914,46.512,268.255,1202972
-126.030,46.335,267.823,1202993
-126.025,46.469,267.458,1203014
-125.861,46.144,267.208,1203035
-125.996,46.045,266.751,1203056
-125.869,46.212,266.484,1203077
-125.641,46.356,266.339,1203098
-125.726,46.293,265.952,1203119
-125.280,46.140,265.977,1203140
-125.010,46.253,265.872,1203161
-125.041,46.307,265.527,1203182
-125.009,46.074,265.223,1203203
-124.694,46.101,265.121,1203224
-124.633,45.798,264.854,1203245
-124.370,45.475,264.731,1203266
-124.395,45.212,264.431,1203287
-124.211,45.274,264.267,1203308
-123.946,45.263,264.195,1203329
-123.766,45.383,264.031,1203350
-123.787,45.653,263.761,1203371
-123.975,45.587,263.356,1203392
-123.792,45.744,263.205,1203413
-123.896,46.068,262.848,1203434
-123.685,46.021,262.710,1203455
-123.654,46.337,262.452,1203476
-123.473,46.437,262.314,1203497
-123.815,46.552,261.843,1203518
-124.224,46.756,261.312,1203539
-124.223,47.069,261.115,1203560
-124.546,47.410,260.663,1203581
-124.452,47.455,260.507,1203602
-124.760,47.452,260.046,1203623
-125.096,47.457,259.570,1203644
-125.421,47.530,259.088,1203665
-125.197,47.587,259.030,1203686
-125.078,47.416,258.888,1203707
-124.955,47.599,258.728,1203728
-124.708,47.495,258.663,1203749
-124.425,47.306,258.614,1203770
-124.602,47.335,258.237,1203791
-124.735,47.390,257.896,1203812
-124.327,47.242,257.961,1203833
-123.899,47.165,258.032,1203854
-123.846,46.930,257.844,1203875
-123.907,46.760,257.560,1203896
-123.532,46.602,257.606,1203917
-123.162,46.604,257.674,1203938
-123.179,46.424,257.488,1203959
-123.069,46.621,257.391,1203980
-123.093,46.704,257.220,1204001
-122.722,46.895,257.333,1204022
-122.588,47.164,257.256,1204043
-122.543,47.191,257.122,1204064
-122.241,47.062,257.172,1204085
-122.181,47.030,257.070,1204106
-121.828,47.304,257.238,1204127
-121.498,47.267,257.389,1204148
-121.085,47.517,257.582,1204169
-120.987,47.957,257.586,1204190
-120.668,48.329,257.783,1204211
-120.589,48.816,257.819,1204232
-120.821,49.138,257.628,1204253
-121.094,49.413,257.399,1204274
-120.948,49.433,257.515,1204295
-121.021,49.431,257.501,1204316
-120.857,49.623,257.674,1204337
-121.099,49.987,257.550,1204358
-120.922,49.998,257.742,1204379
-120.752,50.066,257.934,1204400
-120.839,50.328,257.931,1204421
-121.170,50.280,257.744,1204442
-121.575,50.340,257.492,1204463
-121.818,50.542,257.367,1204484
-121.824,50.290,257.401,1204505
-121.923,50.016,257.367,1204526
-121.873,49.782,257.409,1204547
-121.897,49.845,257.426,1204568
-121.997,49.494,257.391,1204589
-122.358,49.249,257.177,1204610
-122.421,48.800,257.203,1204631
-122.553,48.768,257.152,1204652
-122.681,48.273,257.098,1204673
-122.696,48.154,257.081,1204694
-122.669,48.036,257.104,1204715
-122.900,47.600,256.937,1204736
-122.787,47.424,257.012,1204757
-122.646,47.245,257.110,1204778
-122.460,46.774,257.201,1204799
-122.617,46.728,257.031,1204820
-122.302,46.563,257.204,1204841
-122.154,46.591,257.253,1204862
-122.108,46.298,257.224,1204883
-122.226,46.153,257.121,1204904
-122.181,45.936,257.132,1204925
-121.949,46.102,257.269,1204946
-122.039,46.040,257.180,1204967
-122.107,46.007,257.099,1204988
-122.182,46.307,257.023,1205009
-121.806,46.466,257.242,1205030
-121.830,46.831,257.187,1205051
-121.964,46.931,257.076,1205072
-121.901,47.363,257.086,1205093
-121.606,47.645,257.272,1205114
-121.538,47.644,257.312,1205135
-121.690,47.798,257.191,1205156
-121.553,48.207,257.277,1205177
-121.345,48.267,257.430,1205198
-121.613,48.423,257.219,1205219
-121.535,48.774,257.278,1205240
-121.876,49.049,257.028,1205261
-121.743,48.991,257.117,1205282
-122.143,49.043,256.798,1205303
-122.413,48.873,256.589,1205324
-122.336,48.874,256.629,1205346
-122.300,48.691,256.652,1205367
-122.437,48.362,256.552,1205388
-122.490,48.351,256.539,1205409
-122.969,48.284,256.174,1205430
-123.380,48.296,255.903,1205451
-123.282,48.215,256.006,1205472
-123.614,48.243,255.789,1205493
-123.890,48.185,255.632,1205514
-123.913,47.850,255.658,1205535
-123.979,47.953,255.681,1205556
-123.669,47.836,255.997,1205577
-123.511,47.506,256.197,1205598
-123.399,47.222,256.380,1205619
-123.560,47.316,256.340,1205640
-123.337,47.062,256.590,1205661
-123.474,46.932,256.581,1205682
-123.653,46.956,256.552,1205703
-123.552,46.684,256.723,1205724
-123.435,46.855,256.876,1205745
-122.966,46.719,257.310,1205766
-122.842,46.909,257.480,1205787
-122.485,47.045,257.829,1205808
-121.990,46.922,258.262,1205829
-121.497,46.875,258.672,1205850
-121.557,47.014,258.690,1205871
-121.676,46.956,258.623,1205892
-121.595,47.138,258.693,1205913
-121.361,47.012,258.893,1205934
-121.648,46.813,258.711,1205955
-121.618,46.579,258.780,1205976
-121.635,46.597,258.818,1205997
-121.639,46.543,258.870,1206018
-122.152,46.468,258.554,1206039
-122.578,46.619,258.303,1206060
-123.038,46.759,258.021,1206081
-123.653,46.792,257.576,1206102
-124.212,46.886,257.145,1206123
-124.868,46.769,256.633,1206144
-125.236,46.892,256.318,1206165
-125.868,46.759,255.806,1206186
-126.057,46.618,255.646,1206207
-126.184,46.700,255.532,1206228
-126.229,46.707,255.464,1206249
-126.590,46.627,255.150,1206270
-126.949,46.598,254.827,1206291
-127.379,46.754,254.462,1206312
-127.752,46.792,254.115,1206333
-127.569,46.755,254.150,1206354
-127.820,46.984,253.869,1206375
-128.075,47.179,253.548,1206396
-127.827,47.293,253.593,1206417
-127.497,47.299,253.693,1206438
-127.138,47.265,253.812,1206459
-126.989,47.519,253.751,1206480
-126.531,47.603,253.916,1206501
-126.636,47.729,253.659,1206522
-126.630,47.650,253.495,1206543
-126.295,47.420,253.560,1206564
-126.288,47.314,253.402,1206585
-125.852,47.321,253.547,1206606
-125.570,46.933,253.551,1206627
-125.263,46.890,253.543,1206648
-124.870,46.726,253.594,1206669
-124.513,46.593,253.618,1206690
-124.476,46.637,253.418,1206711
-124.677,46.533,253.052,1206732
-124.409,46.479,253.026,1206753
-124.468,46.620,252.762,1206774
-124.612,46.447,252.436,1206795
-124.855,46.590,252.039,1206816
-124.894,46.444,251.772,1206837
-124.618,46.608,251.726,1206858
-124.354,46.552,251.682,1206879
-124.477,46.791,251.341,1206900
-124.521,47.164,251.060,1206921
-124.262,47.171,250.974,1206942
-124.229,47.302,250.741,1206963
-123.747,47.569,250.801,1206984
-123.604,47.645,250.606,1207005
-123.114,47.957,250.682,1207026
-122.703,48.345,250.705,1207047
-122.350,48.759,250.655,1207068
-122.346,49.000,250.315,1207089
-121.820,49.199,250.349,1207110
-121.448,49.484,250.254,1207131
-121.339,49.441,249.941,1207152
-120.961,49.643,249.808,1207173
-120.721,49.463,249.570,1207194
-120.138,49.432,249.583,1207215
-119.568,49.360,249.593,1207236
-119.148,49.043,249.468,1207257
-118.722,48.925,249.325,1207278
-118.791,48.615,248.793,1207299
-118.444,48.236,248.562,1207320
-118.665,47.828,247.883,1207341
-118.937,47.340,247.154,1207362
-119.291,47.057,246.376,1207383
-119.725,46.727,245.531,1207404
-120.202,46.278,244.664,1207425
-120.665,45.726,243.803,1207446
-121.155,45.176,242.928,1207467
-121.367,44.937,242.272,1207488
-121.729,44.828,241.533,1207509
-122.132,44.719,240.750,1207530
-122.672,44.733,239.878,1207551
-123.450,44.572,238.858,1207572
-124.156,44.726,237.929,1207593
-124.606,44.531,237.144,1207614
-124.839,44.624,236.538,1207635
-125.478,44.974,235.627,1207656
-125.661,45.129,235.038,1207677
-126.303,45.361,234.141,1207698
-126.643,45.536,233.451,1207719
-126.667,45.939,232.989,1207740
-126.790,46.621,232.468,1207761
-127.083,47.388,231.849,1207782
-127.469,47.932,231.115,1207803
-127.372,48.649,230.752,1207824
-127.181,49.278,230.421,1207845
-126.875,49.680,230.156,1207866
-127.014,50.368,229.566,1207887
-126.908,50.998,229.120,1207908
-126.587,51.332,228.826,1207929
-126.746,51.678,228.174,1207950
-126.729,51.721,227.609,1207971
-126.878,51.970,226.938,1207992
-126.461,52.124,226.716,1208013
-125.995,52.149,226.548,1208034
-125.847,51.916,226.131,1208055
-125.298,51.647,226.036,1208076
-125.151,51.287,225.618,1208097
-125.125,51.137,225.082,1208118
-124.566,50.722,224.955,1208139
-124.564,50.365,224.379,1208160
-124.521,50.194,223.824,1208181
-124.567,49.807,223.230,1208202
-124.461,49.227,222.749,1208223
-124.147,48.917,222.404,1208244
-123.795,48.439,222.100,1208265
-123.871,47.878,221.456,1208286
-123.564,47.536,221.098,1208307
-123.213,47.139,220.761,1208328
-122.925,46.799,220.356,1208349
-123.026,46.292,219.652,1208370
-124.226,46.867,218.844,1208391
-125.433,47.205,217.947,1208412
-126.317,47.802,217.211,1208433
-127.452,48.319,216.233,1208454
-128.037,48.642,215.574,1208475
-128.836,49.178,214.675,1208496
-129.408,49.615,213.881,1208517
-129.948,49.754,213.062,1208538
-130.521,50.280,212.103,1208559
-131.332,50.514,210.895,1208580
-132.180,50.913,209.559,1208601
-132.915,51.206,208.248,1208622
-133.611,51.543,206.902,1208643
-133.744,51.759,205.930,1208664
-133.839,52.250,204.923,1208685
-134.359,52.816,203.535,1208706
-134.704,53.073,202.227,1208727
-134.570,53.503,201.253,1208748
-134.391,53.897,200.287,1208769
-134.586,54.349,198.953,1208790
-134.737,54.433,197.615,1208811
-134.994,54.546,196.143,1208832
-134.663,54.517,195.095,1208853
-134.337,54.447,193.967,1208874
-134.360,54.272,192.526,1208895
-134.006,54.205,191.316,1208916
-134.719,54.393,189.178,1208937
-135.478,54.345,186.965,1208958
-136.134,54.267,184.826,1208979
-136.757,54.323,182.662,1209000
-137.319,54.168,180.523,1209021
-137.096,53.947,178.993,1209042
-136.869,53.865,177.411,1209063
-134.304,53.567,179.414,1209084
-133.321,53.453,179.768,1209105
-131.895,53.357,180.378,1209126
-130.604,53.140,180.750,1209147
-129.751,53.271,180.691,1209168
-129.005,53.432,180.491,1209189
-128.328,53.574,180.164,1209210
-127.845,53.397,179.633,1209231
-127.890,53.570,178.628,1209252
-127.438,53.516,177.988,1209273
-127.027,53.593,177.266,1209294
-126.709,53.626,176.467,1209315
-126.455,53.699,175.594,1209336
-126.700,53.584,174.286,1209357
-126.574,53.419,173.320,1209378
-127.048,53.490,171.863,1209399
-127.157,53.552,170.699,1209420
-127.128,53.262,169.668,1209441
-127.534,53.281,168.265,1209462
-127.603,52.881,167.133,1209483
-128.055,52.385,165.696,1209504
-128.618,51.909,164.152,1209525
-129.201,51.422,162.605,1209546
-129.175,50.883,161.583,1209567
-129.467,50.770,160.297,1209588
-129.616,50.691,159.107,1209609
-129.624,50.203,158.033,1209630
-129.875,49.747,156.768,1209651
-130.298,49.383,155.350,1209672
-130.457,49.319,154.158,1209693
-130.421,48.979,153.108,1209714
-130.419,48.783,152.055,1209735
-130.721,48.747,150.765,1209756
-130.688,48.293,149.748,1209777
-130.744,47.856,148.652,1209798
-131.008,47.716,147.416,1209819
-131.250,47.575,146.215,1209840
-131.531,47.492,144.964,1209861
-131.291,47.193,144.115,1209882
-131.127,46.921,143.231,1209903
-131.478,47.022,141.983,1209924
-131.591,47.191,140.911,1209945
-131.473,47.122,140.016,1209966
-131.815,47.373,138.813,1209987
-131.943,47.644,137.771,1210008
-131.820,47.673,136.930,1210029
-131.710,47.730,136.123,1210050
-131.629,47.895,135.318,1210071
-131.879,47.906,134.281,1210092
-131.736,48.038,133.542,1210113
-131.760,48.373,132.665,1210134
-131.600,48.497,131.949,1210155
-131.882,48.585,130.895,1210176
-132.144,48.740,129.859,1210197
-132.462,49.032,128.784,1210218
-132.733,49.362,127.718,1210239
-132.372,49.468,127.114,1210260
-132.302,49.880,126.294,1210281
-132.076,49.838,125.566,1210302
-131.736,49.767,124.935,1210323
-131.365,50.024,124.328,1210344
-130.921,49.895,123.750,1210365
-130.894,49.902,122.862,1210386
-130.296,49.964,122.365,1210407
-129.595,49.904,121.928,1210428
-129.377,49.820,121.094,1210449
-129.119,49.534,120.273,1210470
-128.487,49.435,119.734,1210491
-127.986,48.976,119.122,1210512
-127.630,48.547,118.414,1210533
-127.526,48.379,117.533,1210554
-127.024,47.985,116.978,1210575
-126.859,47.825,116.183,1210596
-126.215,47.608,115.716,1210617
-126.106,47.553,114.866,1210638
-125.876,47.233,114.111,1210659
-125.626,46.920,113.376,1210680
-125.395,46.610,112.639,1210701
-124.934,46.592,112.055,1210722
-124.446,46.497,111.472,1210743
-124.013,46.401,110.823,1210764
-123.657,46.298,110.118,1210785
-123.304,46.365,109.409,1210806
-123.501,46.435,108.293,1210827
-123.708,46.553,107.179,1210848
-123.896,46.727,106.092,1210869
-123.931,46.559,105.114,1210890
-123.664,46.617,104.349,1210911
-123.666,46.856,103.419,1210932
-123.775,46.745,102.401,1210953
-123.979,46.959,101.345,1210974
-123.707,46.918,100.620,1210995
-123.813,47.220,99.599,1211016
-124.086,47.190,98.460,1211037
-124.421,47.225,97.251,1211058
-124.787,47.301,96.042,1211079
-124.953,47.216,94.968,1211100
-125.339,47.345,93.746,1211121
-125.631,47.307,92.583,1211142
-125.562,47.475,91.685,1211163
-125.502,47.591,90.795,1211184
-125.472,47.735,89.892,1211205
-125.991,47.913,88.568,1211226
-126.371,47.798,87.336,1211247
-126.759,48.056,86.114,1211268
-126.791,47.985,85.179,1211289
-126.956,48.117,84.148,1211310
-127.192,48.293,83.073,1211331
-127.249,48.069,82.144,1211352
-127.278,48.144,81.267,1211373
-127.676,48.275,80.124,1211394
-128.116,48.184,78.963,1211415
-128.508,48.027,77.870,1211436
-128.941,47.911,76.729,1211457
-129.319,47.770,75.652,1211478
-129.424,47.472,74.784,1211499
-129.777,47.449,73.689,1211520
-129.791,47.542,72.876,1211541
-129.521,47.238,72.287,1211562
-129.407,47.307,71.567,1211583
-129.217,47.347,70.922,1211604
-128.968,47.070,70.292,1211625
-128.644,47.005,69.700,1211646
-128.342,47.001,69.086,1211667
-128.269,46.724,68.291,1211688
-128.341,46.525,67.378,1211709
-128.447,46.376,66.434,1211730
-127.985,46.159,65.845,1211751
-127.538,46.011,65.236,1211772
-127.262,45.507,64.462,1211793
-126.887,45.278,63.746,1211814
-126.909,45.206,62.755,1211835
-127.003,44.821,61.722,1211856
-127.224,44.552,60.564,1211877
-127.454,44.361,59.406,1211898
-127.543,44.034,58.341,1211919
-127.627,44.101,57.288,1211940
-127.288,43.921,56.512,1211961
-126.959,43.849,55.730,1211982
-126.698,43.646,54.863,1212003
-126.562,43.814,53.907,1212024
-126.695,44.042,52.748,1212045
-126.926,44.238,51.500,1212066
-127.188,44.284,50.211,1212087
-127.295,44.571,49.002,1212108
-127.527,44.543,47.695,1212129
-127.497,44.437,46.553,1212150
-127.378,44.661,45.470,1212171
-128.235,45.578,44.430,1212192
-129.064,46.231,43.351,1212213
-130.144,47.181,42.035,1212234
-131.234,47.813,40.659,1212255
-132.010,48.177,39.468,1212276
-132.723,48.475,38.285,1212297
-133.433,48.746,37.065,1212318
-134.010,49.139,35.908,1212339
-133.951,49.249,35.183,1212360
-134.338,49.351,34.085,1212381
-134.646,49.359,33.030,1212402
-134.444,49.211,32.308,1212423
-134.505,49.106,31.388,1212444
-134.471,48.938,30.513,1212465
-134.139,48.347,29.815,1212486
-133.562,47.958,29.316,1212507
-132.917,47.402,28.847,1212528
-132.249,46.870,28.398,1212549
-131.387,46.406,28.083,1212570
-130.516,46.211,27.760,1212591
-129.539,45.985,27.543,1212612
-128.533,45.773,27.320,1212633
-127.877,45.358,26.834,1212654
-127.263,45.148,26.313,1212675
-126.476,44.699,25.926,1212696
-125.528,44.582,25.629,1212717
-124.867,44.190,25.103,1212738
-124.220,44.190,24.556,1212759
-123.343,44.081,24.219,1212780
-122.550,43.784,23.799,1212801
-121.800,43.668,23.388,1212822
-121.228,43.816,22.854,1212843
-121.128,44.060,22.003,1212864
-121.061,44.203,21.131,1212885
-121.028,44.374,20.215,1212906
-120.909,44.411,19.362,1212927
-120.826,44.482,18.467,1212948
-120.499,44.611,17.738,1212970
-120.251,44.926,16.926,1212991
-120.228,45.425,15.958,1213012
-120.459,45.932,14.803,1213033
-120.844,46.046,13.528,1213054
-121.273,46.506,12.226,1213075
-121.498,46.544,11.048,1213096
-121.656,46.878,9.917,1213117
-122.002,46.885,8.630,1213138
-122.561,46.912,7.220,1213159
-122.832,47.146,5.983,1213180
-123.171,47.351,4.720,1213201
-123.922,47.282,3.171,1213222
-124.397,47.457,1.813,1213243
-125.168,47.291,0.235,1213264
-125.701,47.425,358.857,1213285
-126.490,47.331,357.275,1213306
-127.088,47.059,355.834,1213327
-127.746,46.893,354.346,1213348
-128.150,46.571,353.059,1213369
-128.322,46.257,351.980,1213390
-128.756,46.346,350.711,1213411
-128.764,46.322,349.768,1213432
-128.712,46.119,348.861,1213453
-129.146,46.109,347.642,1213474
-129.315,45.841,346.595,1213495
-129.178,45.744,345.777,1213516
-129.331,45.519,344.741,1213537
-129.600,45.515,343.626,1213558
-129.319,45.466,342.885,1213579
-129.035,45.613,342.148,1213600
-128.872,45.884,341.330,1213621
-128.580,46.136,340.602,1213642
-128.081,46.133,340.028,1213663
-128.087,46.326,339.107,1213684
-127.940,46.316,338.314,1213705
-127.781,46.295,337.520,1213726
-127.630,46.620,336.718,1213747
-126.767,46.938,336.350,1213768
-125.366,47.381,336.374,1213789
-124.058,47.841,336.343,1213810
-122.787,48.197,336.296,1213831
-121.642,48.568,336.180,1213852
-121.056,48.764,335.624,1213873
-120.281,48.746,335.226,1213894
-119.738,48.759,334.603,1213915
-119.264,48.733,333.941,1213936
-118.517,48.614,333.492,1213957
-118.327,48.572,332.628,1213978
-118.094,48.323,331.794,1213999
-117.696,48.307,331.037,1214020
-117.488,48.208,330.056,1214041
-117.030,48.231,329.213,1214062
-116.880,48.311,328.110,1214083
-115.757,48.569,327.741,1214104
-115.114,48.574,328.028,1214125
-114.177,48.589,328.442,1214147
-113.377,48.559,328.621,1214168
-112.719,48.472,328.593,1214189
-112.153,48.359,328.465,1214210
-112.289,48.185,328.109,1214231
-112.237,48.250,327.792,1214252
-112.049,48.059,327.512,1214273
-112.422,47.931,326.757,1214294
-112.863,47.596,325.894,1214315
-113.485,47.352,324.864,1214336
-114.132,46.973,323.794,1214357
-114.970,46.630,322.563,1214378
-115.888,46.257,321.270,1214399
-116.557,46.081,320.131,1214420
-117.547,45.929,318.721,1214441
-118.748,45.654,317.137,1214462
-119.902,45.294,315.592,1214483
-120.938,44.811,314.119,1214504
-121.624,44.319,312.885,1214525
-122.535,43.932,311.486,1214546
-123.335,43.547,310.146,1214567
-124.250,43.567,308.702,1214588
-124.709,43.296,307.573,1214609
-125.055,43.179,306.490,1214630
-125.747,43.351,305.153,1214651
-126.150,43.525,303.964,1214672
-126.474,43.717,302.805,1214693
-126.665,43.637,301.717,1214714
-127.121,43.535,300.454,1214735
-127.381,43.855,299.311,1214756
-127.596,44.200,298.220,1214777
-127.483,44.441,297.366,1214798
-127.269,44.587,296.563,1214819
-127.025,44.868,295.798,1214840
-127.183,45.204,294.740,1214861
-127.289,45.555,293.701,1214882
-127.298,45.715,292.724,1214903
-127.182,45.805,291.801,1214924
-127.160,46.023,290.825,1214945
-127.014,46.112,289.953,1214966
-126.922,46.179,289.022,1214987
-126.897,46.440,288.045,1215008
-126.382,46.701,287.421,1215029
-125.825,46.870,286.808,1215050
-125.263,47.089,286.189,1215071
-124.937,47.409,285.376,1215092
-124.337,47.615,284.782,1215113
-123.728,47.483,284.197,1215134
-123.415,47.371,283.386,1215155
-123.088,47.604,282.584,1215176
-122.720,47.415,281.818,1215197
-122.574,47.312,280.878,1215218
-122.490,47.258,279.909,1215239
-122.237,46.941,279.056,1215260
-122.004,46.980,278.226,1215281
-121.656,46.921,277.464,1215302
-121.657,46.582,276.431,1215323
-121.304,46.163,275.664,1215344
-120.938,45.960,274.948,1215365
-120.631,45.753,274.201,1215386
-120.578,45.727,273.314,1215407
-120.521,45.264,272.441,1215428
-120.586,45.224,271.506,1215449
-120.503,45.052,270.692,1215470
-120.958,45.055,269.530,1215491
-121.471,44.913,268.337,1215512
-122.070,44.877,267.073,1215533
-122.359,44.647,266.079,1215554
-122.537,44.682,265.169,1215575
-123.247,44.897,263.908,1215596
-123.522,45.017,262.965,1215617
-123.810,45.223,262.021,1215638
-124.119,45.464,261.065,1215659
-124.394,45.694,260.148,1215680
-125.075,45.838,258.968,1215701
-125.613,46.249,257.877,1215722
-126.170,46.295,256.774,1215743
-126.266,46.500,256.025,1215764
-126.403,46.480,255.235,1215785
-126.464,46.665,254.513,1215806
-126.514,46.751,253.769,1215827
-126.524,46.923,253.043,1215848
-126.575,47.209,252.255,1215869
-126.694,47.569,251.391,1215890
-126.949,47.560,250.468,1215911
-127.393,47.827,249.375,1215932
-127.799,47.952,248.299,1215953
-128.028,47.932,247.370,1215974
-128.129,47.813,246.538,1215995
-127.828,47.777,245.998,1216016
-127.489,47.922,245.443,1216037
-127.098,47.857,244.933,1216058
-126.775,48.084,244.392,1216079
-126.523,48.381,243.825,1216100
-126.160,48.629,243.357,1216121
-126.132,48.641,242.663,1216142
-126.110,48.663,241.968,1216163
-126.133,48.755,241.253,1216184
-125.592,48.721,241.001,1216205
-125.378,48.621,240.517,1216226
-125.378,48.681,239.858,1216247
-125.965,49.543,239.771,1216268
-126.954,50.662,239.281,1216289
-128.006,51.694,238.687,1216310
-128.963,52.714,238.093,1216331
-129.972,53.566,237.398,1216352
-130.938,54.468,236.650,1216373
-131.306,55.034,236.382,1216394
-131.590,55.547,236.130,1216415
-131.947,56.206,235.768,1216436
-132.164,56.503,235.509,1216457
-132.283,56.809,235.300,1216478
-132.585,57.276,234.903,1216499
-133.279,57.452,234.169,1216520
-133.973,57.669,233.388,1216541
-134.626,57.828,232.620,1216562
-135.075,57.711,232.014,1216583
-134.854,57.584,231.932,1216604
-135.320,57.398,231.261,1216625
-135.382,56.959,230.898,1216646
-135.496,56.864,230.406,1216667
-135.258,56.588,230.167,1216688
-135.051,56.334,229.849,1216709
-135.173,55.776,229.220,1216730
-135.360,55.340,228.532,1216751
-135.963,55.278,227.985,1216772
-136.853,55.057,227.213,1216793
-137.668,55.174,226.484,1216814
-138.632,55.063,225.592,1216835
-138.814,54.812,225.304,1216856
-138.871,54.561,225.088,1216877
-138.941,54.127,224.815,1216898
-138.854,53.762,224.669,1216919
-138.852,53.616,224.411,1216940
-139.104,53.171,223.926,1216961
-138.956,52.619,223.715,1216982
-138.938,52.175,223.359,1217003
-138.680,51.971,223.163,1217024
-138.062,51.758,223.202,1217045
-138.146,51.752,222.808,1217066
-137.985,51.439,222.584,1217087
-137.328,51.173,222.705,1217108
-136.648,51.100,222.835,1217129
-136.155,50.739,222.801,1217150
-135.558,50.357,222.823,1217171
-135.072,50.042,222.713,1217192
-134.043,49.903,222.974,1217213
-132.912,49.575,223.248,1217234
-131.985,49.106,223.289,1217255
-131.110,49.054,223.265,1217276
-130.032,48.888,223.331,1217297
-129.515,48.782,222.931,1217318
-128.453,48.414,222.882,1217339
-127.985,48.287,222.319,1217360
-127.405,48.001,221.780,1217381
-126.969,48.064,221.131,1217402
-126.546,47.991,220.423,1217423
-125.652,47.980,220.035,1217444
-125.173,47.849,219.271,1217465
-124.593,48.133,218.570,1217486
-124.237,48.067,217.682,1217507
-123.613,48.267,216.968,1217528
-123.135,48.572,216.142,1217549
-122.612,48.728,215.295,1217570
-122.634,48.909,214.039,1217591
-122.155,49.054,213.127,1217612
-121.903,49.393,211.972,1217633
-121.556,49.652,210.863,1217654
-121.303,49.949,209.638,1217675
-121.486,50.046,208.055,1217696
-121.682,50.076,206.437,1217717
-122.055,50.354,204.671,1217738
-122.475,50.527,202.813,1217759
-122.982,50.685,200.845,1217780
-123.383,50.643,198.922,1217801
-123.830,50.543,196.915,1217822
-124.158,50.792,194.986,1217843
-124.517,50.588,193.018,1217864
-124.682,50.449,191.209,1217885
-124.908,50.276,189.368,1217906
-125.320,50.322,187.382,1217927
-125.634,50.201,185.456,1217948
-126.353,50.175,183.238,1217969
-126.860,49.660,181.140,1217990
-127.280,49.127,179.089,1218011
-127.911,48.659,176.869,1218032
-128.479,48.206,174.703,1218053
-129.059,47.805,172.529,1218074
-129.267,47.585,170.654,1218095
-129.602,47.426,168.694,1218116
-130.127,46.962,166.589,1218137
-130.155,46.483,164.875,1218158
-130.226,46.297,163.105,1218179
-130.582,45.907,161.144,1218200
-130.660,45.468,159.349,1218221
-130.705,45.082,157.579,1218242
-130.792,44.795,155.781,1218263
-130.554,44.567,154.203,1218284
-130.767,44.627,152.330,1218305
-130.956,44.791,150.473,1218326
-130.718,45.074,148.932,1218347
-130.726,45.459,147.210,1218368
-130.582,45.897,145.627,1218389
-130.650,46.047,143.901,1218410
-130.245,46.263,142.546,1218431
-130.221,46.462,140.913,1218452
-129.901,46.631,139.508,1218473
-129.454,47.085,138.228,1218494
-129.215,47.682,136.798,1218515
-129.222,47.929,135.220,1218536
-129.258,48.467,133.656,1218557
-128.963,48.926,132.319,1218578
-128.992,49.412,130.740,1218599
-129.145,49.563,129.049,1218620
-129.684,48.961,128.939,1218641
-130.277,48.456,128.735,1218662
-130.810,47.960,128.563,1218683
-131.309,47.484,128.388,1218704
-131.877,47.138,128.165,1218725
-132.049,46.712,128.189,1218746
-132.141,46.566,128.239,1218767
-132.302,46.457,128.217,1218788
-132.721,46.410,127.992,1218809
-132.844,46.415,127.987,1218830
-132.671,46.289,128.179,1218851
-132.499,46.061,128.344,1218872
-132.269,46.194,128.540,1218893
-132.222,46.497,128.593,1218914
-132.077,46.828,128.663,1218935
-132.157,46.991,128.561,1218956
-132.174,47.181,128.422,1218977
-131.959,47.574,128.430,1218998
-131.794,47.693,128.337,1219019
-131.279,47.674,128.451,1219040
-130.528,47.873,128.683,1219061
-130.159,47.808,129.227,1219082
-129.491,47.699,129.942,1219103
-128.900,47.372,130.490,1219124
-128.497,47.438,130.849,1219145
-127.736,47.253,131.417,1219166
-126.944,47.040,131.987,1219187
-126.674,46.881,132.116,1219208
-126.042,46.875,132.468,1219229
-125.748,46.629,132.577,1219250
-124.993,46.467,132.981,1219271
-124.396,46.145,133.236,1219292
-124.185,45.963,133.185,1219313
-124.011,45.771,133.071,1219334
-123.657,45.876,133.038,1219355
-123.663,45.748,132.722,1219376
-123.647,45.901,132.339,1219397
-123.949,45.885,131.927,1219418
-123.945,45.855,131.707,1219439
-123.966,45.574,131.404,1219460
-124.046,45.503,131.016,1219481
-124.175,45.457,130.536,1219502
-124.273,45.426,130.041,1219523
-124.554,45.647,129.372,1219544
-124.919,45.903,128.615,1219565
-125.612,45.995,127.605,1219586
-125.950,46.243,126.850,1219607
-126.550,46.245,125.885,1219628
-127.153,46.345,124.890,1219649
-127.584,46.351,124.041,1219670
-127.769,46.354,123.314,1219691
-128.114,46.476,122.447,1219712
-128.455,46.661,121.573,1219733
-128.307,46.752,121.009,1219754
-128.190,47.131,120.401,1219775
-128.505,47.514,119.434,1219796
-128.835,47.708,118.452,1219817
-128.904,48.129,117.621,1219838
-128.936,48.102,116.794,1219859
-129.296,48.398,115.667,1219880
-129.300,48.322,114.794,1219901
-129.067,48.418,114.054,1219922
-128.826,48.475,113.281,1219943
-128.601,48.640,112.455,1219964
-128.794,48.613,111.305,1219985
-128.828,48.866,110.238,1220006
-129.060,48.935,109.036,1220027
-129.088,49.173,107.975,1220048
-128.813,49.156,107.117,1220069
-128.533,48.996,106.238,1220090
-128.329,48.805,105.287,1220111
-128.171,48.555,104.262,1220132
-128.252,48.350,103.035,1220153
-128.442,48.231,101.686,1220174
-128.585,48.380,100.356,1220195
-128.796,48.293,98.991,1220216
-128.979,48.239,97.608,1220237
-129.083,48.123,96.273,1220258
-129.212,48.224,94.888,1220279
-128.835,48.036,93.863,1220300
-128.356,48.002,92.900,1220321
-127.920,47.997,91.855,1220342
-127.562,48.080,90.730,1220363
-127.305,48.237,89.531,1220384
-127.588,48.352,87.921,1220405
-127.695,48.554,86.414,1220426
-128.045,48.685,84.728,1220447
-128.485,48.631,82.948,1220468
-128.945,48.598,81.166,1220489
-129.193,48.304,79.540,1220510
-129.227,48.296,78.065,1220531
-129.611,48.123,76.336,1220552
-129.525,47.916,74.961,1220573
-129.557,48.086,73.538,1220594
-129.914,48.093,71.884,1220615
-129.855,47.896,70.546,1220636
-129.823,47.703,69.176,1220657
-129.687,47.844,67.884,1220678
-129.565,47.603,66.616,1220699
-129.616,47.392,65.239,1220720
-129.556,47.522,63.916,1220741
-129.306,47.565,62.753,1220762
-129.053,47.612,61.588,1220783
-129.804,48.374,60.377,1220804
-130.870,48.987,58.925,1220825
-131.858,49.471,57.486,1220846
-132.543,50.111,56.279,1220867
-133.119,50.682,55.152,1220888
-133.629,50.765,54.096,1220909
-134.011,51.158,53.128,1220930
-133.906,51.266,52.546,1220951
-133.746,51.283,51.988,1220972
-133.992,51.182,51.110,1220993
-134.258,51.188,50.170,1221014
-134.388,51.242,49.304,1221035
-134.349,50.934,48.545,1221056
-134.337,50.642,47.743,1221077
-134.129,50.636,47.097,1221098
-133.435,50.347,46.858,1221119
-132.663,49.955,46.692,1221140
-132.024,49.415,46.413,1221161
-131.239,49.143,46.227,1221182
-130.375,48.842,46.101,1221203
-129.452,48.472,46.002,1221224
-128.529,47.948,45.899,1221245
-127.663,47.370,45.719,1221266
-127.134,46.860,45.270,1221287
-126.551,46.715,44.858,1221308
-126.039,46.229,44.372,1221329
-125.437,45.713,43.940,1221350
-124.627,45.480,43.644,1221371
-123.956,45.378,43.253,1221392
-123.353,44.933,42.797,1221413
-123.062,44.903,42.093,1221434
-122.811,44.893,41.389,1221455
-122.592,44.726,40.665,1221476
-122.351,44.540,39.965,1221497
-122.173,44.367,39.188,1221518
-121.750,44.500,38.603,1221539
-121.331,44.578,37.999,1221560
-120.994,44.518,37.334,1221581
-121.119,44.761,36.330,1221602
-121.012,45.040,35.486,1221623
-120.988,44.970,34.570,1221644
-121.353,45.161,33.379,1221665
-121.453,45.581,32.361,1221686
-121.804,45.696,31.142,1221707
-121.859,46.007,30.113,1221728
-122.365,46.378,28.755,1221749
-122.494,46.420,27.661,1221770
-122.809,46.762,26.436,1221791
-123.072,46.986,25.259,1221812
-123.805,46.983,23.728,1221833
-124.633,47.092,22.121,1221854
-125.443,47.080,20.493,1221875
-126.211,47.162,18.906,1221896
-126.945,47.160,17.333,1221917
-127.524,46.981,15.881,1221938
-127.619,46.824,14.786,1221959
-128.026,46.995,13.476,1221980
-128.073,46.934,12.419,1222001
-128.672,47.011,10.981,1222022
-128.680,46.777,9.960,1222043
-128.653,46.639,8.990,1222064
-129.099,46.481,7.668,1222085
-129.247,46.192,6.538,1222106
-129.617,46.013,5.250,1222127
-129.414,45.933,4.386,1222148
-129.193,45.852,3.546,1222169
-128.996,45.888,2.698,1222190
-128.900,46.081,1.759,1222211
-128.749,46.277,0.869,1222232
-128.421,46.286,0.153,1222253
-128.604,46.323,359.063,1222274
-128.349,46.348,358.397,1222295
-127.767,46.231,357.971,1222316
-127.323,46.550,357.423,1222337
-126.940,46.445,356.818,1222358
-126.698,46.637,356.121,1222379
-126.022,46.838,355.713,1222400
-125.352,46.735,355.301,1222421
-124.943,47.037,354.693,1222442
-124.237,47.103,354.264,1222463
-124.008,47.040,353.475,1222484
-123.458,46.937,352.898,1222505
-123.330,46.885,352.008,1222526
-123.256,46.835,351.078,1222547
-122.949,47.064,350.287,1222568
-122.566,46.892,349.513,1222589
-122.595,47.010,348.399,1222610
-122.229,47.120,347.539,1222631
-121.940,47.250,346.581,1222652
-121.706,47.388,345.579,1222673
-121.908,47.266,344.257,1222694
-122.085,47.035,342.941,1222715
-122.369,46.830,341.540,1222736
-122.286,46.539,340.402,1222757
-122.490,46.189,339.043,1222778
-122.752,45.836,337.631,1222799
-122.975,45.834,336.232,1222820
-123.504,45.919,334.611,1222841
-124.289,45.835,332.817,1222862
-125.075,45.747,330.991,1222883
-125.331,45.648,329.561,1222904
-126.136,45.536,327.749,1222925
-126.906,45.374,325.925,1222946
-127.694,45.183,324.061,1222967
-128.007,44.933,322.538,1222988
-128.304,44.728,320.986,1223009
-129.062,44.761,319.097,1223030
-129.508,44.944,317.396,1223051
-129.650,44.932,315.886,1223072
-129.919,45.181,314.254,1223093
-130.490,45.240,312.383,1223114
-130.925,45.280,310.621,1223135
-131.294,45.628,308.891,1223156
-131.199,45.679,307.476,1223177
-131.432,45.679,305.838,1223198
-131.365,45.841,304.631,1223219
-131.369,46.104,303.340,1223240
-131.282,46.346,302.113,1223261
-131.196,46.644,300.856,1223282
-130.884,46.857,299.737,1223303
-131.026,47.007,298.293,1223324
-130.570,47.106,297.261,1223345
-130.112,47.389,296.232,1223366
-129.866,47.431,295.035,1223387
-129.563,47.448,293.858,1223408
-129.187,47.445,292.772,1223429
-128.974,47.764,291.565,1223450
-128.686,47.762,290.404,1223471
-128.400,47.758,289.252,1223492
-128.144,47.712,288.054,1223513
-127.614,47.500,287.065,1223534
-126.913,47.327,286.196,1223555
-126.436,47.510,285.195,1223576
-125.730,47.458,284.359,1223597
-125.156,47.549,283.417,1223618
-124.447,47.377,282.593,1223639
-124.057,47.424,281.530,1223660
-123.810,47.460,280.374,1223681
-123.715,47.300,279.135,1223702
-123.406,46.924,278.048,1223723
-122.931,46.866,277.125,1223744
-122.873,46.650,275.936,1223765
-122.887,46.395,274.718,1223786
-122.543,46.055,273.764,1223807
-122.535,46.156,272.564,1223828
-122.170,46.062,271.616,1223849
-121.963,46.150,270.557,1223870
-122.149,46.170,269.215,1223891
-122.291,46.331,267.942,1223912
-122.032,46.219,266.950,1223933
-121.765,46.136,265.974,1223954
-121.594,46.240,264.915,1223975
-121.620,46.010,263.725,1223996
-121.500,46.051,262.642,1224017
-121.578,45.870,261.468,1224038
-122.072,45.914,259.988,1224059
-122.298,46.165,258.724,1224080
-122.735,46.046,257.324,1224101
-122.995,46.325,256.102,1224122
-123.519,46.612,254.707,1224143
-124.071,46.580,253.325,1224164
-124.115,46.682,252.301,1224185
-124.595,46.631,250.991,1224206
-124.668,46.807,249.987,1224227
-124.666,46.826,249.037,1224248
-125.110,46.976,247.796,1224269
-125.486,46.910,246.623,1224290
-125.857,46.932,245.477,1224311
-125.865,47.124,244.570,1224332
-125.811,46.969,243.708,1224353
-125.753,46.789,242.868,1224374
-125.687,46.628,242.040,1224395
-125.536,46.630,241.273,1224416
-125.423,46.702,240.495,1224437
-125.434,46.896,239.645,1224458
-125.578,47.107,238.696,1224479
-125.825,47.274,237.672,1224500
-125.766,47.449,236.849,1224521
-125.817,47.276,235.950,1224542
-126.170,47.612,234.863,1224563
-126.833,47.727,233.553,1224584
-127.317,48.220,232.340,1224605
-127.417,48.291,231.412,1224626
-127.985,48.546,230.142,1224647
-128.502,48.730,228.870,1224668
-128.446,48.706,228.022,1224689
-128.819,48.753,226.849,1224710
-129.161,48.759,225.695,1224731
-129.542,48.791,224.489,1224752
-129.614,48.666,223.491,1224773
-129.725,48.519,222.416,1224794
-129.847,48.385,221.324,1224815
-129.880,48.643,220.262,1224836
-129.732,48.798,219.311,1224857
-129.887,48.526,218.856,1224878
-130.759,48.357,217.691,1224899
-131.573,48.157,216.540,1224920
-131.770,47.755,215.799,1224941
-132.152,47.404,214.915,1224962
-132.461,47.110,214.043,1224983
-132.496,47.158,213.366,1225004
-132.574,47.261,212.639,1225025
-132.628,47.022,211.894,1225046
-132.614,47.231,211.158,1225067
-132.564,47.476,210.416,1225088
-132.331,47.725,209.768,1225109
-132.424,48.060,208.843,1225130
-132.211,48.048,208.110,1225151
-131.888,48.464,207.395,1225172
-130.541,48.735,208.099,1225193
-129.205,49.073,208.770,1225214
-128.403,49.489,208.984,1225235
-127.363,49.984,209.363,1225256
-126.416,50.083,209.672,1225277
-125.413,50.190,209.986,1225298
-124.703,50.708,210.076,1225319
-123.871,51.078,210.232,1225340
-123.193,51.150,210.253,1225361
-122.846,51.197,209.995,1225382
-122.328,51.237,209.776,1225403
-121.977,51.581,209.412,1225424
-121.575,51.708,209.064,1225445
-121.268,51.599,208.628,1225466
-121.009,51.534,208.142,1225487
-120.807,51.378,207.598,1225508
-121.055,51.475,206.705,1225529
-121.450,51.234,205.689,1225550
-121.865,50.912,204.641,1225571
-122.415,50.624,203.475,1225592
-122.413,50.173,202.712,1225613
-122.493,49.583,201.878,1225634
-123.050,49.083,200.647,1225655
-123.629,48.549,199.391,1225676
-124.205,47.959,198.141,1225697
-124.700,47.285,196.952,1225718
-125.063,46.938,195.860,1225739
-125.414,46.602,194.752,1225760
-125.927,45.926,193.530,1225781
-126.574,45.333,192.220,1225802
-126.830,44.848,191.176,1225823
-127.264,44.342,190.016,1225844
-127.964,44.277,188.653,1225865
-128.551,44.022,187.369,1225886
-128.796,44.169,186.330,1225907
-129.344,44.234,185.076,1225928
-129.464,44.499,184.122,1225949
-129.884,44.545,182.978,1225970
-129.842,44.688,182.168,1225991
-130.114,44.695,181.148,1226012
-130.119,44.965,180.323,1226033
-130.210,45.342,179.423,1226054
-130.639,45.519,178.285,1226075
-131.073,45.863,177.165,1226096
-131.058,46.342,176.369,1226117
-131.430,46.813,175.298,1226138
-131.768,47.281,174.267,1226159
-131.543,47.602,173.674,1226180
-131.345,48.119,173.070,1226201
-131.294,48.323,172.347,1226222
-131.034,48.856,171.795,1226243
-130.708,49.055,171.252,1226264
-130.362,49.221,170.735,1226285
-129.840,49.447,170.355,1226306
-129.378,49.787,169.919,1226327
-129.344,50.112,169.189,1226348
-129.293,50.331,168.449,1226369
-129.073,50.278,167.842,1226390
-128.911,50.272,167.165,1226411
-128.219,50.010,166.892,1226432
-127.830,50.080,166.358,1226453
-127.710,49.972,165.647,1226474
-127.579,49.628,164.965,1226495
-127.506,49.414,164.237,1226516
-127.207,48.952,163.685,1226537
-127.066,48.815,162.993,1226558
-126.500,48.262,162.593,1226579
-125.925,47.825,162.195,1226600
-125.533,47.251,161.661,1226621
-125.391,46.746,160.965,1226642
-125.006,46.196,160.468,1226663
-124.593,45.727,160.021,1226684
-124.601,45.692,159.268,1226705
-124.487,45.731,158.631,1226726
-124.400,45.792,157.974,1226747
-124.539,45.871,157.144,1226768
-124.686,46.014,156.294,1226789
-124.748,45.781,155.520,1226810
-124.551,45.651,154.930,1226831
-124.834,45.596,153.992,1226852
-125.202,45.675,152.959,1226873
-125.344,45.982,152.088,1226894
-125.622,45.981,151.125,1226915
-126.072,46.214,150.086,1226936
-126.604,46.414,149.050,1226957
-126.990,46.784,148.151,1226978
-127.357,46.712,147.309,1226999
-127.619,46.957,146.507,1227020
-127.800,47.166,145.742,1227041
-127.774,47.153,145.113,1227062
-127.710,47.210,144.488,1227083
-127.643,47.324,143.854,1227104
-127.851,47.603,143.039,1227125
-128.037,47.869,142.251,1227146
-128.557,47.945,141.221,1227167
-128.724,47.755,140.480,1227188
-128.929,47.499,139.726,1227209
-128.980,47.392,139.092,1227230
-129.169,47.053,138.367,1227251
-129.162,46.798,137.768,1227272
-129.037,46.491,137.241,1227293
-129.278,46.174,136.516,1227314
-129.437,46.205,135.835,1227335
-129.263,45.832,135.401,1227356
-129.418,45.872,134.751,1227377
-129.676,45.761,134.020,1227398
-129.482,45.534,133.622,1227419
-129.267,45.402,133.222,1227440
-129.320,45.530,132.648,1227461
-129.441,45.725,132.040,1227482
-129.263,45.573,131.655,1227503
-129.319,45.885,131.113,1227524
-129.502,46.032,130.493,1227545
-129.587,46.214,129.933,1227566
-129.480,46.227,129.527,1227587
-129.509,46.509,129.027,1227608
-129.205,46.884,128.782,1227629
-128.658,47.085,128.733,1227650
-128.064,47.132,128.718,1227671
-127.580,47.342,128.593,1227692
-127.273,47.650,128.305,1227713
-127.124,47.611,127.883,1227734
-126.559,47.781,127.738,1227755
-126.482,47.832,127.188,1227776
-126.421,47.920,126.611,1227797
-126.223,47.882,126.110,1227818
-125.682,48.005,125.821,1227839
-125.238,47.956,125.455,1227860
-124.909,47.822,125.072,1227881
-124.836,47.741,124.538,1227902
-124.454,47.887,124.291,1227923
-124.380,47.961,123.836,1227944
-124.299,47.828,123.410,1227965
-123.832,47.516,123.275,1227986
-123.674,47.310,122.894,1228007
-123.522,47.338,122.539,1228028
-122.907,47.309,122.494,1228049
-122.189,47.108,122.488,1228070
-121.622,47.066,122.358,1228091
-120.896,46.848,122.301,1228112
-120.250,46.661,122.160,1228133
-119.657,46.485,121.929,1228154
-119.456,46.466,121.448,1228175
-119.297,46.092,120.938,1228196
-119.337,45.892,120.288,1228217
-119.307,45.570,119.676,1228238
-119.118,45.197,119.202,1228259
-119.193,44.924,118.541,1228280
-118.973,44.978,118.129,1228301
-118.918,45.103,117.618,1228322
-118.923,45.271,117.073,1228343
-119.136,45.125,116.410,1228364
-119.528,45.184,115.656,1228385
-120.012,45.237,114.833,1228406
-120.484,45.384,114.051,1228427
-120.733,45.155,113.399,1228448
-120.802,45.126,112.877,1228469
-120.916,45.144,112.313,1228490
-121.201,44.919,111.600,1228511
-121.411,45.017,110.933,1228532
-121.854,45.214,110.113,1228553
-122.367,45.414,109.221,1228574
-123.027,45.462,108.233,1228595
-123.337,45.238,107.482,1228616
-123.642,45.030,106.690,1228637
-123.948,45.250,105.897,1228658
-124.393,45.179,104.970,1228679
-124.315,45.070,104.408,1228700
-124.210,45.117,103.858,1228721
-124.071,45.088,103.323,1228742
-124.350,45.215,102.441,1228763
-124.476,45.356,101.678,1228784
-124.399,45.083,101.006,1228805
-124.610,45.183,100.151,1228826
-124.742,44.956,99.321,1228847
-124.877,44.948,98.469,1228868
-124.656,44.713,97.805,1228889
-124.233,44.712,97.262,1228910
-123.947,44.531,96.567,1228931
-123.643,44.365,95.838,1228952
-123.510,44.550,94.941,1228973
-123.307,44.615,94.061,1228994
-123.265,44.787,93.027,1229015
-123.525,44.701,91.751,1229036
-123.818,44.775,90.442,1229057
-123.781,44.930,89.307,1229078
-123.856,44.744,88.103,1229099
-123.704,44.824,87.035,1229120
-123.517,44.864,86.005,1229141
-123.406,44.783,84.887,1229162
-123.698,44.941,83.479,1229183
-123.952,44.993,82.060,1229204
-123.714,44.914,80.985,1229225
-123.472,44.846,79.877,1229246
-123.732,44.888,78.411,1229267
-123.990,44.971,76.922,1229288
-124.356,45.125,75.317,1229309
-124.291,45.393,73.992,1229330
-124.208,45.600,72.621,1229351
-124.616,45.703,70.890,1229372
-124.994,45.860,69.175,1229393
-125.399,45.978,67.427,1229414
-125.471,46.169,65.887,1229435
-125.401,45.961,64.429,1229456
-125.385,45.763,62.891,1229477
-125.205,45.689,61.440,1229498
-125.059,45.837,59.932,1229519
-124.874,45.972,58.468,1229540
-124.797,46.231,56.893,1229562
-124.818,46.095,55.265,1229583
-124.953,46.011,53.523,1229604
-125.026,45.884,51.871,1229625
-125.259,45.961,50.065,1229646
-125.475,46.083,48.275,1229667
-125.355,45.867,46.711,1229688
-125.040,45.805,45.297,1229709
-124.823,45.994,43.797,1229730
-124.638,46.204,42.255,1229751
-124.394,46.356,40.783,1229772
-124.606,46.347,39.004,1229793
-124.847,46.292,37.185,1229814
-124.691,46.276,35.662,1229835
-125.003,46.201,33.802,1229856
-125.368,46.352,31.887,1229877
-124.162,46.296,32.019,1229898
-122.382,46.353,32.551,1229919
-120.750,46.466,32.956,1229940
-119.245,46.565,33.271,1229961
-117.868,46.681,33.469,1229982
-116.938,46.512,33.337,1230003
-116.159,46.650,33.091,1230024
-115.562,46.586,32.712,1230045
-115.025,46.750,32.282,1230066
-114.572,46.521,31.759,1230087
-114.299,46.354,31.114,1230108
-113.871,46.329,30.574,1230129
-113.650,46.453,29.862,1230150
-113.608,46.586,29.011,1230171
-113.671,46.619,28.091,1230192
-114.203,46.490,26.809,1230213
-114.943,46.426,25.376,1230234
-115.708,46.265,23.892,1230255
-116.519,46.073,22.374,1230276
-117.407,46.264,20.783,1230297
-117.526,46.360,19.899,1230318
-117.246,46.528,19.301,1230339
-117.157,46.726,18.537,1230360
-117.309,46.975,17.546,1230381
-117.560,47.177,16.416,1230402
-118.271,47.342,14.868,1230423
-118.252,47.509,13.842,1230444
-118.717,47.563,12.427,1230465
-119.207,47.579,10.982,1230486
-119.748,47.534,9.489,1230507
-119.877,47.484,8.293,1230528
-120.119,47.591,7.039,1230549
-120.485,47.678,5.687,1230570
-120.827,47.691,4.322,1230591
-121.170,47.503,2.931,1230612
-121.936,47.166,1.184,1230633
-122.598,46.957,359.431,1230654
-123.065,46.603,357.760,1230675
-123.627,46.249,355.982,1230696
-124.207,45.872,354.156,1230718
-124.351,45.686,352.597,1230739
-124.818,45.284,350.763,1230760
-125.370,45.144,348.816,1230781
-125.427,44.965,347.164,1230802
-125.395,44.762,345.521,1230823
-125.908,44.167,343.912,1230844
-126.644,43.441,343.137,1230865
-126.809,42.825,342.663,1230886
-126.972,42.494,342.072,1230907
-126.907,42.210,341.567,1230928
-127.005,42.159,340.879,1230949
-126.709,42.110,340.382,1230970
-126.616,42.262,339.707,1230991
-126.557,42.268,338.958,1231012
-126.405,42.254,338.222,1231033
-126.259,42.394,337.444,1231054
-126.048,42.592,336.680,1231075
-125.726,42.794,335.935,1231096
-125.487,43.049,335.121,1231117
-125.440,43.582,334.155,1231138
-125.058,44.300,333.414,1231159
-124.945,45.094,332.487,1231180
-124.965,45.873,331.473,1231201
-125.117,46.568,330.322,1231222
-125.350,47.097,329.092,1231243
-125.079,47.502,328.190,1231264
-125.325,47.832,326.894,1231285
-125.611,48.139,325.558,1231306
-125.773,48.347,324.315,1231327
-125.731,48.759,323.219,1231348
-125.912,49.278,321.977,1231369
-126.124,49.732,320.703,1231390
-126.503,50.182,319.290,1231411
-126.561,50.371,318.139,1231432
-127.170,50.537,316.524,1231453
-127.776,50.531,314.905,1231474
-127.803,50.417,313.772,1231495
-127.945,50.019,312.529,1231516
-128.474,49.936,311.022,1231537
-128.905,49.529,309.609,1231558
-129.115,49.402,308.332,1231579
-129.057,49.133,307.281,1231600
-129.413,48.722,305.916,1231621
-129.626,48.282,304.688,1231642
-129.503,47.761,303.701,1231663
-129.199,47.536,302.832,1231684
-128.890,47.087,302.016,1231705
-128.702,46.618,301.092,1231726
-128.752,46.452,300.008,1231747
-128.365,46.394,299.254,1231768
-128.307,46.361,298.275,1231789
-128.267,46.174,297.293,1231810
-127.661,45.918,296.721,1231831
-127.235,45.579,296.020,1231852
-126.758,45.257,295.360,1231873
-126.351,45.424,294.661,1231894
-125.769,45.513,294.073,1231915
-125.122,45.450,293.538,1231936
-124.766,45.256,292.816,1231957
-124.620,45.434,291.945,1231978
-124.194,45.685,291.257,1231999
-123.742,45.579,290.621,1232020
-123.583,45.874,289.778,1232041
-123.570,45.893,288.838,1232062
-123.155,46.105,288.187,1232083
-122.868,46.342,287.435,1232104
-123.044,46.542,286.351,1232125
-122.979,46.806,285.485,1232146
-123.215,46.786,284.397,1232167
-123.066,46.933,283.603,1232188
-123.111,46.779,282.687,1232209
-123.097,46.625,281.837,1232230
-123.510,46.682,280.690,1232251
-123.429,46.623,279.897,1232272
-123.676,46.453,278.876,1232293
-123.650,46.298,278.062,1232314
-123.739,46.446,277.170,1232335
-123.728,46.486,276.359,1232356
-124.171,46.638,275.212,1232377
-124.517,46.386,274.129,1232398
-124.688,46.473,273.191,1232419
-125.154,46.325,272.031,1232440
-125.552,46.122,270.905,1232461
-125.942,46.098,269.767,1232482
-125.825,46.037,269.021,1232503
-125.679,45.769,268.301,1232524
-125.941,45.504,267.290,1232545
-125.824,45.501,266.547,1232566
-125.670,45.414,265.837,1232587
-125.545,45.423,265.081,1232608
-125.822,45.219,264.053,1232629
-126.117,45.403,263.019,1232650
-126.177,45.616,262.147,1232671
-126.335,45.444,261.224,1232692
-126.326,45.299,260.418,1232713
-126.260,45.466,259.658,1232734
-126.569,45.786,258.642,1232755
-126.773,46.132,257.703,1232776
-127.105,46.269,256.707,1232797
-127.425,46.606,255.716,1232818
-127.553,46.616,254.894,1232839
-127.843,47.033,253.946,1232860
-127.910,47.047,253.168,1232881
-127.773,47.203,252.530,1232902
-127.647,47.367,251.892,1232923
-127.809,47.368,251.034,1232944
-127.742,47.688,250.350,1232965
-127.587,47.881,249.748,1232986
-127.669,48.297,248.961,1233007
-127.992,48.616,247.983,1233028
-128.273,48.690,247.056,1233049
-128.605,48.807,246.056,1233070
-128.918,49.120,245.046,1233091
-128.715,49.302,244.396,1233112
-128.499,49.367,243.742,1233133
-128.311,49.618,243.069,1233154
-128.017,49.600,242.426,1233175
-127.778,49.751,241.710,1233196
-127.519,49.903,240.977,1233217
-127.311,50.060,240.156,1233238
-127.123,50.255,239.284,1233259
-127.476,49.614,238.739,1233280
-127.757,49.018,238.209,1233301
-127.999,48.467,237.630,1233322
-127.923,47.875,237.276,1233343
-129.690,47.730,235.072,1233364
-131.374,47.557,232.945,1233385
-132.551,47.545,231.168,1233406
-133.825,47.601,229.301,1233427
-135.174,47.403,227.333,1233448
-135.864,47.151,225.830,1233469
-136.874,46.965,224.060,1233490
-137.285,46.985,222.682,1233511
-136.367,47.184,223.935,1233532
-135.358,47.561,225.212,1233553
-133.936,47.697,226.702,1233574
-132.488,48.214,228.153,1233595
-130.982,48.717,229.649,1233616
-130.177,49.120,230.262,1233637
-129.836,49.746,230.488,1233658
-129.495,49.962,230.648,1233679
-129.242,50.153,230.695,1233700
-128.642,50.277,230.966,1233721
-128.314,50.775,230.950,1233742
-128.305,50.947,230.674,1233763
-127.793,51.179,230.759,1233784
-127.782,51.643,230.405,1233805
-127.564,52.002,230.202,1233826
-127.563,52.398,229.783,1233847
-127.750,52.737,229.190,1233868
-128.127,52.691,228.425,1233889
-128.560,52.610,227.553,1233910
-128.802,52.714,226.834,1233931
-129.130,52.755,226.028,1233952
-129.152,52.339,225.464,1233973
-129.722,52.070,224.473,1233994
-130.372,51.974,223.406,1234015
-131.074,51.872,222.310,1234036
-131.342,51.420,221.525,1234057
-131.588,51.139,220.751,1234078
-131.924,50.732,219.884,1234099
-132.466,50.325,218.826,1234120
-132.918,49.921,217.835,1234141
-133.091,49.582,217.037,1234162
-133.208,49.446,216.297,1234183
-133.475,49.064,215.412,1234204
-134.051,48.915,214.328,1234225
-134.344,48.970,213.443,1234246
-134.736,49.028,212.476,1234267
-135.214,48.964,211.435,1234288
-135.595,48.755,210.512,1234309
-136.066,48.742,209.497,1234330
-136.318,48.897,208.673,1234351
-135.684,49.040,208.829,1234372
-135.039,49.209,209.000,1234393
-134.959,49.559,208.732,1234414
-134.334,49.830,208.896,1234435
-133.745,49.904,209.074,1234456
-133.659,50.134,208.852,1234477
-133.024,50.317,209.080,1234498
-132.744,50.797,209.030,1234519
-132.531,50.875,208.937,1234540
-132.260,50.910,208.935,1234561
-132.090,50.963,208.886,1234582
-131.684,51.279,209.055,1234603
-131.197,51.486,209.279,1234624
-130.726,51.577,209.517,1234645
-130.778,51.841,209.353,1234666
-130.972,52.042,209.106,1234687
-130.754,51.833,209.178,1234708
-130.782,51.616,209.121,1234729
-131.003,51.719,208.933,1234750
-131.188,51.489,208.825,1234771
-130.961,51.356,209.047,1234792
-130.788,51.191,209.215,1234813
-130.652,51.003,209.359,1234834
-130.492,50.725,209.521,1234855
-130.605,50.236,209.497,1234876
-130.935,49.895,209.323,1234897
-131.323,49.777,209.121,1234918
-131.595,49.479,209.020,1234939
-131.729,49.541,209.034,1234960
-131.807,49.632,209.130,1234981
-131.627,49.480,209.424,1235002
-131.743,49.609,209.479,1235023
-131.670,49.372,209.678,1235044
-131.472,49.454,209.976,1235065
-131.681,49.623,209.966,1235086
-131.910,49.811,209.950,1235107
-132.101,49.905,209.956,1235128
-132.276,49.990,210.008,1235149
-131.876,49.975,210.484,1235170
-131.864,50.275,210.664,1235191
-131.424,50.375,211.189,1235212
-131.012,50.350,211.650,1235233
-131.125,50.455,211.720,1235254
-130.753,50.669,212.184,1235275
-130.349,50.753,212.657,1235296
-130.503,50.829,212.743,1235317
-130.681,51.113,212.839,1235338
-130.761,51.027,213.007,1235359
-130.577,50.848,213.389,1235380
-130.353,50.910,213.813,1235401
-130.523,50.689,213.955,1235422
-130.769,50.520,214.044,1235443
-130.610,50.249,214.423,1235464
-130.427,50.210,214.830,1235485
-130.699,50.247,214.863,1235506
-130.614,50.330,215.181,1235527
-130.685,50.421,215.371,1235548
-130.868,50.515,215.503,1235569
-130.678,50.491,215.922,1235590
-130.619,50.115,216.208,1235611
-130.388,49.831,216.585,1235632
-130.605,49.521,216.567,1235653
-130.749,49.473,216.565,1235674
-130.455,49.355,216.886,1235695
-130.554,49.170,216.890,1235716
-129.997,48.777,217.377,1235737
-129.955,48.491,217.495,1235758
-129.337,48.086,218.030,1235779
-128.890,47.592,218.433,1235800
-128.281,47.393,218.931,1235821
-127.635,47.125,219.431,1235842
-127.368,46.701,219.627,1235863
-126.824,46.582,220.039,1235884
-126.250,46.326,220.438,1235905
-125.959,46.319,220.652,1235926
-125.930,46.087,220.629,1235947
-125.909,45.873,220.594,1235968
-125.908,45.679,220.540,1235989
-125.730,45.383,220.585,1236010
-125.225,45.222,220.877,1236031
-124.826,45.303,221.077,1236052
-124.855,45.202,220.956,1236073
-124.937,45.327,220.803,1236094
-124.866,45.569,220.761,1236115
-124.571,45.665,220.868,1236136
-124.783,45.895,220.591,1236157
-125.062,46.058,220.255,1236178
-125.431,46.303,219.857,1236199
-125.384,46.303,219.713,1236220
-125.347,46.321,219.570,1236241
-125.629,46.312,219.182,1236262
-125.874,46.711,218.796,1236283
-125.882,46.869,218.547,1236304
-125.933,47.124,218.287,1236325
-126.444,47.343,217.671,1236346
-126.956,47.495,217.013,1236367
-127.100,47.791,216.632,1236388
-127.504,47.746,216.046,1236409
-127.630,47.599,215.661,1236430
-128.135,47.765,214.971,1236451
-128.150,47.887,214.625,1236472
-128.250,48.035,214.200,1236493
-128.683,48.206,213.515,1236514
-128.802,48.350,213.043,1236535
-129.042,48.123,212.473,1236556
-128.923,47.945,212.151,1236577
-129.255,47.763,211.489,1236598
-129.445,47.528,210.900,1236619
-129.290,47.265,210.562,1236640
-129.041,47.214,210.284,1236661
-129.215,47.233,209.685,1236682
-128.842,47.140,209.487,1236703
-128.963,47.058,208.885,1236724
-128.752,47.094,208.522,1236745
-128.347,46.894,208.291,1236766
-128.433,46.647,207.690,1236787
-128.025,46.424,207.434,1236808
-127.692,46.022,207.106,1236829
-127.691,45.688,206.529,1236850
-127.290,45.444,206.230,1236871
-127.118,45.503,205.763,1236892
-127.145,45.269,205.143,1236913
-127.265,45.245,204.440,1236934
-127.139,45.433,203.923,1236955
-126.847,45.601,203.538,1236976
-126.906,45.583,202.881,1236997
-126.893,45.513,202.278,1237018
-126.617,45.390,201.879,1237039
-126.715,45.679,201.214,1237060
-126.406,45.634,200.835,1237081
-126.605,45.696,200.080,1237102
-126.536,46.000,199.514,1237123
-126.318,46.142,199.026,1237144
-126.245,46.426,198.443,1237165
-126.140,46.656,197.880,1237186
-126.401,46.681,197.044,1237207
-126.661,46.722,196.224,1237228
-126.570,46.737,195.641,1237249
-126.887,46.818,194.767,1237270
-126.832,47.091,194.160,1237292
-127.278,47.443,193.178,1237313
-127.405,47.786,192.431,1237334
-127.869,47.841,191.414,1237355
-128.145,48.161,190.526,1237376
-128.647,48.301,189.475,1237397
-129.162,48.284,188.413,1237418
-129.322,48.043,187.609,1237439
-129.564,47.792,186.772,1237460
-129.686,47.909,185.997,1237481
-129.666,47.588,185.320,1237502
-129.437,47.364,184.795,1237523
-129.377,47.433,184.117,1237544
-129.476,47.505,183.335,1237565
-129.661,47.219,182.514,1237586
-129.855,46.948,181.681,1237607
-129.514,46.811,181.275,1237628
-129.190,46.544,180.858,1237649
-129.266,46.391,180.112,1237670
-129.096,46.522,179.538,1237691
-128.653,46.510,179.138,1237712
-128.587,46.636,178.493,1237733
-128.565,46.426,177.794,1237754
-128.571,46.343,177.107,1237775
-128.438,46.118,176.523,1237796
-127.994,46.029,176.172,1237817
-127.576,45.873,175.819,1237838
-127.542,45.746,175.188,1237859
-127.341,45.975,174.692,1237880
-126.991,45.820,174.298,1237901
-126.793,46.091,173.784,1237922
-126.807,46.043,173.132,1237943
-126.816,46.380,172.484,1237964
-126.874,46.442,171.821,1237985
-126.894,46.834,171.179,1238006
-126.781,47.174,170.646,1238027
-126.482,47.317,170.254,1238048
-126.326,47.548,169.744,1238069
-126.675,47.640,168.859,1238090
-126.674,47.885,168.217,1238111
-126.623,48.026,167.571,1238132
-126.897,47.880,166.671,1238153
-127.282,47.762,165.669,1238174
-127.688,47.887,164.661,1238195
-128.164,47.740,163.614,1238216
-128.664,47.820,162.580,1238237
-128.791,47.562,161.842,1238258
-128.899,47.616,161.098,1238279
-128.993,47.382,160.349,1238300
-128.993,47.260,159.629,1238321
-129.094,47.008,158.840,1238342
-129.585,46.940,157.784,1238363
-129.542,46.921,157.119,1238384
-129.961,46.844,156.153,1238405
-130.066,46.634,155.437,1238426
-130.389,46.711,154.563,1238447
-130.184,46.802,154.065,1238468
-130.168,47.019,153.436,1238489
-129.837,47.120,153.047,1238510
-129.957,47.285,152.323,1238531
-129.581,47.377,151.970,1238552
-129.189,47.461,151.587,1238573
-128.777,47.337,151.230,1238594
-128.719,47.147,150.614,1238615
-128.604,47.337,150.064,1238636
-128.588,47.189,149.445,1238657
-128.598,47.062,148.792,1238678
-128.226,47.215,148.424,1238699
-127.738,47.164,148.148,1238720
-127.773,47.225,147.477,1238741
-127.478,47.059,147.043,1238762
-127.283,46.942,146.523,1238783
-127.192,46.899,145.920,1238804
-127.205,47.076,145.263,1238825
-127.220,47.282,144.607,1238846
-126.730,47.297,144.337,1238867
-126.344,47.418,143.988,1238888
-126.173,47.215,143.475,1238909
-126.113,47.019,142.871,1238930
-126.063,47.225,142.225,1238951
-125.811,47.242,141.715,1238972
-126.040,47.037,140.830,1238993
-126.355,46.868,139.872,1239014
-126.339,46.873,139.121,1239035
-126.410,46.508,138.316,1239056
-126.683,46.549,137.357,1239077
-126.949,46.599,136.400,1239098
-127.074,46.558,135.539,1239119
-127.141,46.180,134.722,1239140
-127.601,46.172,133.625,1239161
-127.599,45.874,132.865,1239182
-127.556,45.697,132.130,1239203
-127.666,45.399,131.273,1239224
-128.077,45.211,130.191,1239245
-128.366,44.974,129.176,1239266
-128.270,44.750,128.402,1239287
-128.154,44.850,127.631,1239308
-128.399,44.782,126.621,1239329
-128.571,44.691,125.678,1239350
-128.551,44.882,124.845,1239371
-128.468,45.090,124.070,1239392
-128.518,44.993,123.217,1239413
-127.771,45.046,123.256,1239434
-126.051,45.052,124.177,1239455
-124.737,45.325,124.846,1239476
-123.103,45.566,125.710,1239497
-121.507,45.657,126.543,1239518
-120.022,45.760,127.267,1239539
-118.648,45.820,127.895,1239560
-117.389,45.890,128.431,1239581
-116.754,45.966,128.500,1239602
-115.771,45.925,128.815,1239623
-115.198,46.138,128.846,1239644
-115.021,46.092,128.614,1239665
-115.006,46.108,128.262,1239686
-115.110,46.131,127.810,1239707
-114.877,46.102,127.599,1239728
-115.011,45.804,127.101,1239749
-115.028,45.701,126.663,1239770
-115.287,45.543,126.014,1239791
-115.714,45.769,125.268,1239812
-116.598,45.812,124.139,1239833
-117.481,45.678,122.975,1239854
-118.415,45.815,121.720,1239875
-119.020,45.693,120.648,1239896
-119.845,45.334,119.351,1239917
-120.596,45.216,118.083,1239938
-121.620,45.268,116.571,1239959
-122.599,45.230,115.037,1239980
-123.891,45.267,113.265,1240001
-125.218,45.021,111.430,1240022
-126.524,45.072,109.534,1240043
-127.559,45.076,107.750,1240064
-128.928,44.827,105.718,1240085
-130.289,44.551,103.632,1240106
-131.653,44.347,101.485,1240127
-133.129,44.699,100.028,1240148
-134.601,44.972,98.481,1240169
-136.203,45.301,96.775,1240190
-137.272,45.640,95.348,1240211
-138.153,46.003,94.018,1240232
-139.276,46.238,92.422,1240253
-140.344,46.493,90.841,1240274
-140.866,46.890,89.586,1240295
-141.234,46.914,88.454,1240316
-141.687,47.287,87.226,1240337
-142.177,47.518,85.959,1240358
-142.109,47.736,85.092,1240379
-141.782,47.862,84.391,1240400
-141.731,48.087,83.469,1240421
-141.513,47.957,82.638,1240442
-141.287,47.912,81.794,1240463
-140.779,47.741,81.159,1240484
-140.068,47.535,80.626,1240505
-139.961,47.645,79.809,1240526
-139.159,47.733,79.453,1240547
-138.248,47.852,79.131,1240568
-137.240,47.953,78.817,1240589
-136.060,47.857,78.598,1240610
-134.882,47.954,78.315,1240631
-133.672,47.994,78.011,1240652
-132.439,47.670,77.666,1240673
-131.120,47.620,77.356,1240694
-130.226,47.699,76.726,1240715
-129.246,47.369,76.110,1240736
-128.368,47.008,75.371,1240757
-127.196,46.859,74.798,1240778
-126.101,46.801,74.181,1240799
-125.127,46.749,73.463,1240820
-124.557,46.439,72.448,1240841
-123.944,46.048,71.444,1240862
-123.251,46.070,70.500,1240883
-122.358,45.786,69.676,1240904
-121.849,45.434,68.564,1240925
-121.412,45.136,67.385,1240946
-121.137,44.964,66.104,1240967
-120.560,45.013,65.034,1240988
-119.971,44.896,63.945,1241009
-119.978,44.724,62.464,1241030
-120.023,44.556,60.980,1241051
-120.223,44.442,59.389,1241072
-120.183,44.153,57.951,1241093
-120.128,44.223,56.554,1241114
-120.478,44.408,54.865,1241135
-120.872,44.304,53.171,1241156
-120.984,44.549,51.653,1241177
-121.234,44.856,50.050,1241198
-121.491,44.958,48.471,1241219
-122.298,45.160,46.503,1241240
-123.160,45.314,44.497,1241261
-123.708,45.345,42.754,1241282
-124.419,45.763,40.886,1241303
-124.972,45.873,39.126,1241324
-126.009,46.025,37.036,1241345
-126.792,46.028,35.105,1241366
-127.426,46.404,33.289,1241387
-128.197,46.821,31.346,1241408
-129.166,46.932,29.255,1241429
-130.172,47.147,27.171,1241450
-131.183,47.249,25.076,1241471
-131.808,47.457,23.281,1241492
-132.277,47.388,21.619,1241513
-133.117,47.254,19.699,1241534
-133.921,47.175,17.788,1241555
-134.555,47.043,16.007,1241576
-134.864,47.275,14.423,1241597
-135.274,47.530,12.755,1241618
-135.520,47.782,11.178,1241639
-135.534,47.984,9.768,1241660
-135.234,47.993,8.576,1241681
-134.826,47.957,7.434,1241702
-134.821,48.183,5.970,1241723
-134.685,48.171,4.558,1241744
-134.066,48.140,3.446,1241765
-133.567,48.103,2.194,1241786
-133.041,48.492,0.912,1241807
-132.165,48.763,359.850,1241828
-131.337,48.808,358.713,1241849
-130.357,49.021,357.630,1241870
-129.396,49.096,356.490,1241891
-128.628,49.532,355.163,1241912
-127.536,49.757,354.049,1241933
-126.445,49.847,352.890,1241954
-125.760,49.972,351.398,1241975
-124.799,49.969,350.071,1241996
-123.769,50.264,348.726,1242017
-122.800,50.545,347.294,1242038
-122.269,50.663,345.465,1242059
-121.312,50.753,343.893,1242080
-120.438,50.516,342.247,1242101
-119.927,50.314,340.303,1242122
-119.426,50.054,338.323,1242143
-119.093,49.842,336.207,1242164
-118.572,49.589,334.242,1242185
-118.168,49.345,332.214,1242206
-118.026,49.493,329.994,1242227
-118.024,49.554,327.715,1242248
-118.137,49.453,325.353,1242269
-117.946,49.075,323.254,1242290
-118.024,48.683,320.958,1242311
-117.891,48.309,318.834,1242332
-117.944,48.193,316.620,1242353
-118.009,47.794,314.413,1242374
-118.610,47.428,311.831,1242395
-118.886,47.230,309.505,1242416
-119.511,47.166,306.912,1242437
-120.253,47.049,304.277,1242458
-121.089,46.670,301.598,1242479
-121.917,46.231,298.926,1242500
-122.674,45.747,296.334,1242521
-123.048,45.233,294.054,1242542
-123.669,44.740,291.633,1242563
-124.343,44.292,289.182,1242584
-125.022,44.331,287.064,1242605
-126.645,45.191,285.142,1242626
-128.345,45.906,283.148,1242647
-129.977,46.584,281.151,1242668
-131.434,47.288,279.241,1242689
-132.965,47.854,277.212,1242710
-133.868,48.311,275.611,1242731
-135.126,48.618,273.733,1242752
-136.127,49.232,272.035,1242773
-137.244,49.465,270.229,1242794
-137.759,49.746,268.846,1242815
-138.671,49.864,267.157,1242836
-139.504,50.237,265.509,1242857
-140.212,50.441,263.952,1242878
-140.556,50.377,262.648,1242899
-140.733,50.303,261.461,1242920
-140.430,50.423,260.611,1242941
-139.990,50.553,259.810,1242962
-139.400,50.568,259.091,1242983
-138.716,50.457,258.408,1243004
-138.225,50.663,257.559,1243025
-137.538,50.804,256.846,1243046
-137.130,50.616,255.909,1243067
-136.646,50.675,254.998,1243088
-136.206,50.581,254.032,1243109
-135.101,50.352,253.507,1243130
-133.920,50.079,253.012,1243151
-132.688,49.822,252.508,1243172
-131.452,49.370,251.973,1243193
-130.286,48.895,251.345,1243214
-130.068,48.730,249.850,1243235
-129.668,48.812,248.429,1243256
-129.298,48.820,246.965,1243277
-128.627,48.503,245.685,1243298
-127.988,48.206,244.340,1243319
-127.140,47.993,243.120,1243340
-126.251,47.972,241.922,1243361
-125.360,47.878,240.711,1243382
-124.503,47.797,239.448,1243403
-123.728,47.976,238.111,1243424
-121.601,48.117,238.516,1243445
-119.683,48.337,238.711,1243466
-118.128,48.200,238.607,1243487
-116.493,48.348,238.580,1243508
-114.997,48.291,238.444,1243529
-114.215,48.275,237.780,1243550
-113.184,48.344,237.291,1243571
-112.373,48.477,236.621,1243592
-111.726,48.396,235.830,1243613
-111.759,48.483,234.489,1243634
-111.460,48.511,233.395,1243655
-111.303,48.615,232.186,1243676
-111.787,48.605,230.497,1243697
-112.206,48.435,228.849,1243718
-112.596,48.353,227.223,1243739
-113.570,48.293,225.148,1243760
-114.670,48.441,222.941,1243781
-115.990,48.464,220.559,1243802
-117.286,48.572,218.200,1243823
-118.517,48.618,215.859,1243844
-120.122,48.508,213.239,1243865
-121.789,48.247,210.580,1243886
-123.355,47.787,208.004,1243907
-124.838,47.225,205.480,1243928
-126.111,46.600,203.145,1243949
-127.519,46.016,200.684,1243970
-128.508,45.560,198.508,1243991
-129.693,44.990,196.198,1244012
-131.071,44.646,193.752,1244033
-132.003,44.104,191.655,1244054
-133.260,43.887,189.315,1244075
-134.201,43.491,187.185,1244096
-135.119,43.211,185.108,1244117
-136.108,43.289,182.969,1244138
-136.473,43.223,181.273,1244159
-137.180,43.492,179.347,1244180
-137.401,43.702,177.754,1244201
-137.881,44.088,176.003,1244222
-138.343,44.479,174.225,1244243
-138.751,44.822,172.520,1244264
-139.048,45.158,170.884,1244285
-138.929,45.419,169.553,1244306
-138.715,46.085,168.275,1244327
-138.318,46.571,167.140,1244348
-137.906,47.001,166.006,1244369
-137.446,47.751,164.910,1244390
-137.055,48.527,163.734,1244411
-136.611,49.252,162.569,1244432
-135.952,49.758,161.564,1244453
-135.671,50.464,160.249,1244474
-135.608,50.858,158.755,1244495
-135.499,51.175,157.262,1244516
-135.125,51.354,155.956,1244537
-134.463,51.729,154.870,1244558
-134.282,51.871,153.412,1244579
-133.563,52.028,152.366,1244600
-132.810,52.030,151.346,1244621
-132.327,51.842,150.115,1244642
-132.207,51.882,148.618,1244663
-131.582,51.851,147.492,1244684
-131.163,51.465,146.218,1244705
-130.850,51.039,144.840,1244726
-130.373,50.553,143.595,1244747
-129.885,50.043,142.345,1244768
-129.598,49.481,140.945,1244789
-129.600,49.277,139.323,1244810
-129.294,49.055,137.912,1244831
-129.244,48.809,136.354,1244852
-129.270,48.545,134.750,1244873
-129.309,48.280,133.163,1244894
-129.403,47.744,131.547,1244915
-129.113,47.088,130.229,1244936
-129.136,46.469,128.691,1244957
-128.860,45.887,127.377,1244978
-129.065,45.551,125.729,1244999
-129.155,45.403,124.140,1245020
-128.931,45.168,122.776,1245041
-129.068,44.780,121.192,1245062
-128.994,44.395,119.747,1245083
-129.149,44.512,118.168,1245104
-129.381,44.565,116.531,1245125
-129.404,44.337,115.057,1245146
-129.096,44.322,113.810,1245167
-128.827,44.414,112.565,1245188
-128.720,44.644,111.187,1245209
-128.552,44.816,109.881,1245230
-128.880,44.979,108.232,1245251
-128.763,45.151,106.866,1245272
-129.115,45.564,105.163,1245293
-129.504,45.888,103.442,1245314
-129.687,45.915,101.906,1245335
-129.871,45.949,100.378,1245356
-129.922,45.950,98.902,1245377
-129.818,46.298,97.571,1245398
-129.582,46.537,96.316,1245419
-129.838,46.701,94.708,1245440
-129.906,47.111,93.222,1245461
-130.106,47.435,91.627,1245482
-129.993,47.342,90.282,1245503
-129.668,47.275,89.082,1245524
-129.835,47.309,87.537,1245545
-129.401,47.218,86.439,1245566
-128.934,47.098,85.364,1245587
-128.470,47.101,84.268,1245608
-128.372,47.194,82.889,1245630
-128.276,47.069,81.528,1245651
-127.764,46.771,80.439,1245672
-127.334,46.475,79.282,1245693
-127.167,46.315,77.928,1245714
-126.603,46.114,76.866,1245735
-126.101,46.191,75.761,1245756
-125.549,46.177,74.693,1245777
-125.078,46.289,73.556,1245798
-124.663,46.456,72.374,1245819
-124.507,46.324,70.997,1245840
-124.195,46.128,69.719,1245861
-123.993,46.137,68.346,1245882
-122.034,46.136,69.007,1245903
-120.133,45.982,69.644,1245924
-118.684,45.677,69.948,1245945
-117.099,45.537,70.356,1245966
-116.078,45.267,70.368,1245987
-115.036,45.344,70.386,1246008
-113.990,45.229,70.413,1246029
-113.572,45.215,69.956,1246050
-113.320,45.167,69.354,1246071
-112.738,45.162,68.988,1246092
-112.310,45.211,68.520,1246113
-112.195,45.419,67.827,1246134
-112.022,45.448,67.152,1246155
-111.986,45.608,66.401,1246176
-112.389,45.565,65.340,1246197
-113.130,45.818,64.030,1246218
-113.973,45.874,62.633,1246239
-114.846,45.892,61.207,1246260
-115.839,45.891,59.669,1246281
-116.893,45.831,58.056,1246302
-118.127,45.893,56.290,1246323
-119.407,46.004,54.491,1246344
-120.186,46.095,53.012,1246365
-120.804,46.249,51.752,1246386
-121.114,46.597,50.699,1246407
-121.475,46.959,49.592,1246428
-121.781,47.220,48.470,1246449
-122.094,47.411,47.325,1246470
-122.921,47.463,45.805,1246491
-123.334,47.344,44.573,1246512
-123.802,47.501,43.282,1246533
-124.656,47.414,41.680,1246554
-125.512,47.294,40.030,1246575
-125.947,47.334,38.679,1246596
-126.579,47.478,37.175,1246617
-127.530,47.499,35.434,1246638
-128.446,47.323,33.707,1246659
-129.341,47.119,31.965,1246680
-129.924,46.721,30.471,1246701
-130.699,46.701,28.821,1246722
-131.387,46.286,27.228,1246743
-131.848,45.814,25.771,1246764
-132.007,45.486,24.500,1246785
-132.259,45.399,23.139,1246806
-132.316,45.130,21.894,1246827
-132.645,45.179,20.432,1246848
-133.068,45.236,18.863,1246869
-133.463,45.080,17.303,1246890
-133.799,44.962,15.775,1246911
-133.995,44.816,14.311,1246932
-133.839,44.620,13.110,1246953
-133.498,44.542,12.027,1246974
-133.110,44.556,11.004,1246995
-132.740,44.840,9.936,1247016
-132.519,45.269,8.735,1247037
-132.527,45.635,7.346,1247058
-132.211,46.096,6.161,1247079
-131.806,46.482,5.020,1247100
-131.187,46.579,4.003,1247121
-130.797,46.999,2.805,1247142
-130.348,47.010,1.614,1247163
-129.731,47.007,0.525,1247184
-129.041,47.277,359.462,1247205
-128.548,47.672,358.226,1247226
-127.955,47.988,357.018,1247247
-127.784,48.122,355.474,1247268
-127.564,48.316,353.979,1247289
-127.367,48.268,352.453,1247310
-126.934,48.051,351.102,1247331
-126.356,47.888,349.859,1247352
-125.691,47.805,348.675,1247373
-125.294,47.631,347.271,1247394
-124.933,47.452,345.830,1247415
-124.410,47.582,344.482,1247436
-124.352,47.612,342.805,1247457
-124.349,47.702,341.046,1247478
-124.381,47.636,339.285,1247499
-124.022,47.341,337.811,1247520
-123.682,47.293,336.335,1247541
-123.713,46.968,334.635,1247562
-123.832,46.679,332.875,1247583
-123.664,46.325,331.320,1247604
-123.907,46.310,329.496,1247625
-123.696,46.136,328.024,1247646
-123.914,46.132,326.257,1247667
-124.158,46.118,324.494,1247688
-124.324,46.108,322.798,1247709
-124.236,45.916,321.284,1247730
-124.527,45.565,319.513,1247751
-124.706,45.173,317.850,1247772
-124.719,44.886,316.311,1247793
-124.960,44.559,314.633,1247814
-125.106,44.297,313.069,1247835
-125.496,44.463,311.387,1247856
-125.935,44.638,309.671,1247877
-126.546,44.706,307.848,1247898
-126.976,44.905,306.125,1247919
-127.311,44.703,304.491,1247940
-127.670,44.554,302.861,1247961
-127.685,44.610,301.505,1247982
-127.947,44.529,300.000,1248003
-128.126,44.877,298.587,1248024
-128.107,45.057,297.326,1248045
-128.312,45.518,295.947,1248066
-128.811,45.921,294.348,1248087
-130.269,46.916,292.562,1248108
-131.800,47.947,290.797,1248129
-133.204,48.700,289.113,1248150
-134.652,49.730,287.352,1248171
-135.624,50.365,285.936,1248192
-136.561,51.319,284.506,1248213
-137.310,52.107,283.195,1248234
-138.244,52.996,281.718,1248255
-139.061,53.804,280.313,1248276
-140.303,54.473,278.549,1248297
-140.920,54.832,277.302,1248318
-141.954,55.169,275.699,1248339
-142.629,55.305,274.357,1248360
-143.444,55.773,272.877,1248381
-143.702,55.995,271.818,1248402
-144.405,56.029,270.355,1248423
-145.086,56.238,268.849,1248444
-145.324,56.446,267.656,1248465
-145.244,56.289,266.692,1248486
-146.913,56.377,264.331,1248507
-148.413,56.341,262.096,1248528
-149.457,56.510,260.225,1248549
-150.079,56.256,258.652,1248570
-150.470,56.020,257.222,1248591
-150.738,55.719,255.860,1248612
-149.463,55.445,257.424,1248633
-149.391,55.484,258.044,1248654
-148.935,55.573,258.861,1248675
-148.454,55.492,259.562,1248696
-148.462,55.512,259.776,1248717
-148.628,55.515,259.772,1248738
-148.763,55.410,259.765,1248759
-148.920,55.546,259.660,1248780
-148.481,55.344,260.000,1248801
-147.956,55.385,260.325,1248822
-147.266,55.344,260.688,1248843
-146.451,55.221,261.089,1248864
-145.744,55.284,261.306,1248885
-144.915,55.327,261.580,1248906
-144.573,55.154,261.430,1248927
-143.950,54.845,261.481,1248948
-143.204,54.856,261.606,1248969
-142.041,54.534,262.051,1248990
-140.817,54.119,262.515,1249011
-139.648,53.591,262.922,1249032
-138.352,53.118,263.381,1249053
-137.208,52.868,263.706,1249074
-136.339,52.656,263.766,1249095
-135.553,52.139,263.744,1249116
-134.665,51.561,263.813,1249137
-133.866,51.010,263.781,1249158
-132.809,50.346,263.925,1249179
-131.787,49.709,264.026,1249200
-130.489,49.253,264.336,1249221
-129.434,48.664,264.441,1249242
-128.218,48.298,264.657,1249263
-127.179,48.174,264.733,1249284
-126.090,47.705,264.830,1249305
-125.065,47.647,264.838,1249326
-124.383,47.374,264.581,1249347
-123.783,47.170,264.233,1249368
-123.280,47.130,263.827,1249389
-122.393,47.123,263.681,1249410
-121.612,47.171,263.444,1249431
-121.400,47.190,262.784,1249452
-121.006,47.429,262.255,1249473
-120.980,47.379,261.431,1249494
-120.695,47.268,260.790,1249515
-120.853,47.373,259.819,1249536
-120.908,47.689,258.900,1249557
-120.755,47.571,258.156,1249578
-120.571,47.578,257.417,1249599
-120.965,47.717,256.251,1249620
-121.410,47.909,255.056,1249641
-121.971,47.963,253.771,1249662
-122.557,47.915,252.423,1249683
-123.241,47.969,251.006,1249704
-123.941,48.160,249.543,1249725
-124.788,48.228,247.971,1249746
-125.462,48.092,246.548,1249767
-126.175,47.956,245.083,1249788
-127.182,48.137,243.434,1249809
-128.251,48.286,241.717,1249830
-128.792,48.353,240.406,1249851
-129.395,48.473,239.053,1249872
-129.975,48.585,237.717,1249893
-130.534,48.644,236.413,1249914
-131.098,48.684,235.117,1249935
-131.644,48.452,233.833,1249956
-132.648,48.414,232.174,1249977
-132.995,48.237,231.014,1249998
-133.831,48.135,229.468,1250019
-134.652,48.081,227.917,1250040
-135.349,47.896,226.470,1250061
-136.028,47.936,225.060,1250082
-136.680,47.805,223.646,1250103
-137.124,47.952,222.441,1250124
-137.596,48.106,221.200,1250145
-137.760,47.904,220.199,1250166
-138.063,48.043,219.129,1250187
-138.181,47.928,218.221,1250208
-138.652,47.840,217.100,1250229
-138.796,48.064,216.241,1250250
-138.813,48.222,215.464,1250271
-138.973,48.544,214.558,1250292
-138.830,48.693,213.886,1250313
-138.912,49.019,213.058,1250334
-138.718,49.202,212.478,1250355
-138.907,49.181,211.624,1250376
-139.084,49.165,210.831,1250397
-139.407,49.279,209.990,1250418
-139.163,49.200,209.602,1250439
-139.068,49.453,209.093,1250460
-138.792,49.357,208.721,1250481
-138.541,49.221,208.343,1250502
-138.554,49.453,207.752,1250523
-138.162,49.252,207.494,1250544
-138.292,49.333,206.844,1250565
-138.403,49.337,206.218,1250586
-138.477,49.307,205.629,1250607
-137.998,49.380,205.463,1250628
-137.488,49.132,205.295,1250649
-136.831,48.961,205.217,1250670
-136.128,48.974,205.153,1250691
-135.768,49.133,204.822,1250712
-135.169,48.852,204.675,1250733
-134.681,48.975,204.421,1250754
-134.321,48.950,204.085,1250775
-133.865,48.748,203.820,1250796
-132.861,48.492,203.929,1250817
-132.257,48.162,203.734,1250838
-131.431,48.152,203.690,1250859
-130.442,47.884,203.728,1250880
-129.940,47.504,203.371,1250901
-129.084,47.295,203.274,1250922
-128.197,46.879,203.176,1250943
-127.749,46.487,202.732,1250964
-126.864,46.016,202.584,1250985
-126.361,45.994,202.142,1251006
-125.570,45.549,201.897,1251027
-125.207,45.229,201.319,1251048
-124.471,45.022,201.023,1251069
-123.870,44.741,200.603,1251090
-123.720,44.879,199.871,1251111
-123.589,45.053,199.102,1251132
-123.668,45.155,198.189,1251153
-124.276,44.576,198.066,1251174
-124.900,44.097,197.880,1251195
-125.564,43.704,197.667,1251216
-126.230,43.305,197.412,1251237
-127.040,43.327,197.028,1251258
-127.470,43.114,196.870,1251279
-128.037,43.256,196.604,1251300
-128.541,43.409,196.356,1251321
-129.008,43.631,196.079,1251342
-129.514,43.929,195.742,1251363
-129.923,44.223,195.452,1251384
-130.572,44.601,194.957,1251405
-130.903,44.976,194.659,1251426
-131.106,45.088,194.436,1251447
-131.564,45.165,193.988,1251468
-131.681,45.431,193.727,1251489
-132.149,45.931,193.169,1251510
-132.500,46.442,192.648,1251531
-133.046,46.741,191.969,1251552
-133.554,46.990,191.280,1251573
-133.507,47.231,190.967,1251594
-133.442,47.620,190.628,1251615
-133.420,47.751,190.217,1251636
-133.319,47.910,189.834,1251657
-133.018,48.129,189.556,1251678
-132.642,48.397,189.294,1251699
-132.260,48.762,189.013,1251720
-132.293,49.149,188.379,1251741
-132.378,49.369,187.686,1251762
-131.843,49.355,187.432,1251783
-131.746,49.309,186.813,1251804
-131.622,49.216,186.206,1251825
-131.219,48.957,185.767,1251846
-130.855,49.074,185.290,1251867
-130.183,48.871,185.014,1251888
-129.522,48.509,184.706,1251909
-129.231,48.472,184.105,1251930
-129.047,48.144,183.395,1251951
-128.877,47.957,182.642,1251972
-128.450,47.853,182.067,1251993
-128.318,47.579,181.267,1252014
-128.198,47.267,180.466,1252035
-127.748,46.728,179.913,1252056
-127.677,46.473,179.057,1252077
-127.093,46.089,178.563,1252098
-126.541,45.755,177.996,1252119
-126.076,45.422,177.371,1252140
-126.073,45.413,176.415,1252161
-125.719,45.104,175.696,1252182
-125.460,44.798,174.919,1252203
-125.104,44.679,174.183,1252224
-125.200,44.882,173.118,1252245
-124.944,44.889,172.297,1252266
-124.961,44.731,171.284,1252287
-124.986,45.016,170.259,1252308
-125.081,44.909,169.175,1252329
-125.335,45.210,167.965,1252350
-125.665,45.480,166.695,1252371
-125.954,45.770,165.439,1252392
-126.391,45.914,164.055,1252413
-126.854,46.051,162.655,1252434
-127.193,46.304,161.360,1252455
-127.468,46.188,160.125,1252476
-127.630,46.435,158.936,1252497
-127.593,46.501,157.931,1252518
-127.768,46.434,156.752,1252539
-128.320,46.708,155.258,1252560
-128.531,47.037,154.020,1252581
-128.762,46.965,152.755,1252602
-129.001,46.876,151.474,1252623
-129.425,46.827,150.045,1252644
-129.587,46.698,148.820,1252665
-129.594,46.636,147.692,1252686
-129.522,46.781,146.609,1252707
-129.625,47.100,145.441,1252728
-129.920,47.068,144.110,1252749
-129.876,47.285,143.053,1252770
-130.002,47.486,141.854,1252791
-129.778,47.487,140.894,1252812
-129.891,47.248,139.672,1252833
-130.011,46.981,138.434,1252854
-129.918,47.042,137.342,1252875
-130.089,46.819,136.035,1252896
-129.848,46.652,134.991,1252917
-129.649,46.749,133.929,1252938
-129.436,46.837,132.860,1252959
-129.282,47.002,131.713,1252980
-129.402,46.924,130.371,1253001
-129.488,46.840,129.037,1253022
-129.350,46.588,127.853,1253043
-129.101,46.304,126.715,1253064
-128.998,46.027,125.487,1253085
-128.634,45.705,124.423,1253106
-128.226,45.418,123.351,1253127
-127.943,45.451,122.197,1253148
-127.496,45.135,121.133,1253169
-127.589,45.079,119.694,1253190
-127.193,44.952,118.547,1253211
-126.869,44.810,117.334,1253232
-127.016,44.948,115.766,1253253
-127.206,44.908,114.159,1253274
-127.383,44.766,112.546,1253295
-127.592,44.821,110.910,1253316
-127.836,44.791,109.230,1253337
-127.655,44.502,107.870,1253358
-127.443,44.526,106.548,1253379
-127.260,44.274,105.181,1253400
-127.432,44.087,103.618,1253421
-127.687,44.067,102.006,1253442
-127.651,44.212,100.625,1253463
-127.982,44.194,98.991,1253484
-127.922,43.950,97.665,1253505
-127.809,43.933,96.379,1253526
-127.944,44.130,94.944,1253547
-128.036,44.298,93.532,1253568
-128.352,44.476,91.981,1253589
-128.651,44.359,90.461,1253610
-128.918,44.263,88.987,1253631
-129.086,44.135,87.611,1253652
-129.068,43.991,86.398,1253673
-129.376,44.196,84.963,1253694
-129.248,44.214,83.866,1253715
-129.103,44.435,82.788,1253736
-128.990,44.752,81.712,1253757
-128.919,45.112,80.607,1253778
-128.721,45.379,79.584,1253799
-129.055,45.756,78.195,1253820
-129.230,45.907,76.884,1253841
-129.578,46.298,75.440,1253862
-129.923,46.674,73.982,1253883
-130.189,46.887,72.604,1253904
-130.385,47.036,71.243,1253925
-130.243,47.249,70.136,1253946
-130.654,47.587,68.606,1253967
-130.642,47.959,67.379,1253988
-130.535,48.234,66.233,1254009
-130.397,48.151,65.113,1254030
-130.736,48.209,63.624,1254051
-130.609,48.256,62.558,1254072
-129.932,48.355,61.923,1254093
-129.618,48.558,61.011,1254114
-128.969,48.351,60.326,1254135
-128.453,48.312,59.588,1254156
-128.048,48.287,58.742,1254177
-127.987,47.949,57.640,1254198
-127.747,47.887,56.652,1254219
-127.708,47.674,55.508,1254240
-127.564,47.238,54.452,1254261
-127.122,46.719,53.621,1254282
-126.952,46.214,52.573,1254303
-126.515,45.752,51.733,1254324
-126.156,45.274,50.802,1254345
-125.921,45.061,49.730,1254366
-125.850,44.933,48.499,1254387
-125.606,44.695,47.363,1254408
-125.347,44.347,46.208,1254429
-125.390,43.890,44.813,1254450
-125.671,43.674,43.221,1254471
-125.418,43.468,41.985,1254492
-125.263,43.165,40.602,1254513
-125.063,42.967,39.251,1254534
-125.330,42.795,37.546,1254555
-125.568,42.621,35.837,1254576
-125.495,42.725,34.298,1254597
-125.779,42.973,32.505,1254618
-126.181,43.027,30.599,1254639
-126.119,43.179,28.959,1254660
-126.529,43.298,26.940,1254681
-126.464,43.339,25.206,1254702
-126.872,43.474,23.089,1254723
-127.327,43.158,22.263,1254744
-127.883,43.028,21.298,1254765
-128.256,42.925,20.371,1254786
-128.856,42.662,19.230,1254807
-129.375,42.642,18.105,1254828
-129.734,42.830,17.036,1254849
-130.001,42.809,16.014,1254870
-130.231,42.895,14.986,1254891
-130.338,43.018,13.995,1254912
-130.259,43.160,13.093,1254933
-130.200,43.374,12.188,1254954
-130.131,43.648,11.208,1254975
-129.983,43.958,10.273,1254996
-129.701,44.654,9.426,1255017
-129.488,45.013,8.517,1255038
-129.473,45.771,7.395,1255059
-129.376,46.520,6.302,1255080
-129.262,47.247,5.223,1255101
-129.120,47.903,4.123,1255122
-129.326,48.323,2.764,1255143
-129.538,48.847,1.378,1255164
-129.769,49.172,359.980,1255185
-129.674,49.663,358.816,1255206
-129.523,50.053,357.672,1255227
-129.330,50.049,356.543,1255248
-129.561,50.313,355.081,1255269
-129.685,50.133,353.695,1255290
-129.577,49.884,352.463,1255311
-129.320,49.757,351.330,1255332
-129.224,49.754,350.084,1255353
-129.336,49.355,348.693,1255374
-129.314,48.896,347.387,1255395
-129.110,48.420,346.222,1255416
-128.725,48.013,345.187,1255437
-128.815,47.692,343.803,1255458
-128.800,47.586,342.492,1255479
-128.555,47.090,341.356,1255500
-128.401,47.031,340.171,1255521
-127.918,46.696,339.218,1255542
-127.877,46.307,337.959,1255563
-127.977,46.163,336.612,1255584
-127.544,45.969,335.632,1255605
-127.299,45.939,334.513,1255626
-126.950,45.806,333.468,1255647
-127.059,45.771,332.092,1255668
-127.130,45.522,330.730,1255689
-126.873,45.526,329.631,1255710
-126.924,45.275,328.306,1255731
-126.696,45.339,327.163,1255752
-126.263,45.299,326.161,1255773
-126.272,45.180,324.847,1255794
-125.822,45.174,323.876,1255815
-125.362,45.158,322.924,1255836
-125.470,45.295,321.593,1255857
-125.464,45.630,320.342,1255878
-125.510,45.613,319.064,1255899
-125.287,45.645,317.971,1255920
-125.382,45.664,316.643,1255941
-125.688,45.809,315.177,1255962
-125.891,46.266,313.793,1255983
-125.877,46.299,312.602,1256004
-125.957,46.674,311.348,1256025
-125.943,46.954,310.193,1256046
-126.264,46.994,308.800,1256067
-126.542,47.001,307.470,1256088
-126.930,47.290,306.035,1256109
-127.146,47.186,304.738,1256130
-127.055,47.303,303.665,1256151
-127.062,47.468,302.533,1256172
-127.049,47.556,301.454,1256193
-126.997,47.412,300.396,1256214
-127.499,47.390,298.925,1256235
-127.962,47.374,297.460,1256256
-128.040,47.008,296.297,1256277
-128.401,46.706,294.955,1256298
-128.801,46.468,293.585,1256319
-128.639,46.127,292.644,1256340
-128.661,46.111,291.562,1256361
-128.578,46.070,290.577,1256382
-128.364,45.933,289.667,1256403
-128.201,45.890,288.706,1256424
-128.034,45.840,287.739,1256445
-127.813,45.752,286.824,1256466
-127.873,45.937,285.692,1256487
-127.989,45.756,284.506,1256508
-128.080,45.608,283.311,1256529
-128.278,45.663,282.030,1256550
-127.926,45.797,281.146,1256571
-128.152,46.030,279.837,1256592
-128.346,46.274,278.562,1256613
-128.379,46.447,277.391,1256634
-128.628,46.859,276.043,1256655
-128.733,47.535,274.751,1256676
-128.693,48.218,273.533,1256697
-128.391,48.823,272.477,1256718
-128.101,49.413,271.402,1256739
-127.727,49.932,270.384,1256760
-127.576,50.581,269.173,1256781
-127.307,51.131,268.050,1256802
-127.106,51.374,266.870,1256823
-127.051,51.938,265.564,1256844
-127.179,52.526,264.086,1256865
-126.999,52.763,262.783,1256886
-126.727,53.132,261.543,1256907
-126.779,53.282,260.013,1256928
-126.933,53.549,258.403,1256949
-126.548,53.914,257.209,1256970
-125.305,54.423,256.817,1256991
-122.829,55.146,257.619,1257012
-120.265,55.594,258.516,1257033
-117.902,55.857,259.261,1257054
-116.306,55.896,259.396,1257075
-115.067,55.894,259.217,1257096
-113.613,55.686,259.220,1257117
-112.705,55.435,258.782,1257138
-112.094,55.184,258.105,1257159
-111.363,54.806,257.522,1257180
-110.625,54.615,256.926,1257201
-110.079,54.226,256.176,1257222
-109.696,53.882,255.289,1257243
-109.515,53.559,254.285,1257264
-109.791,53.404,252.934,1257285
-110.475,52.961,251.287,1257306
-111.142,52.328,249.686,1257327
-112.077,51.844,247.914,1257348
-113.104,51.320,246.060,1257369
-113.883,50.549,244.421,1257390
-114.385,50.138,242.839,1257411
-114.972,49.925,241.160,1257432
-115.817,49.534,239.310,1257453
-116.747,49.075,237.425,1257474
-117.732,48.471,235.501,1257495
-118.756,47.820,233.531,1257516
-119.910,47.220,231.476,1257537
-120.690,46.580,229.827,1257558
-121.239,46.287,228.581,1257579
-121.879,46.049,227.251,1257600
-122.971,45.836,225.564,1257621
-124.148,45.499,223.788,1257642
-124.784,44.973,222.382,1257663
-125.844,44.542,220.697,1257684
-126.772,44.345,219.197,1257705
-127.383,44.128,217.892,1257726
-127.926,43.648,216.645,1257747
-128.308,43.337,215.513,1257768
-129.128,43.191,214.048,1257789
-129.398,43.221,212.960,1257810
-129.649,43.391,211.843,1257831
-129.771,43.639,210.812,1257852
-130.198,43.889,209.522,1257873
-130.096,44.038,208.606,1257894
-130.398,44.289,207.396,1257915
-130.399,44.462,206.376,1257936
-130.314,44.720,205.440,1257957
-129.934,45.173,204.689,1257978
-129.515,45.670,203.969,1257999
-129.294,46.350,203.106,1258020
-129.299,47.005,202.077,1258041
-128.839,47.591,201.377,1258062
-128.763,48.057,200.389,1258083
-128.550,48.794,199.498,1258104
-127.876,49.161,198.934,1258125
-127.486,49.483,198.166,1258146
-126.823,49.774,197.577,1258167
-126.032,50.123,197.088,1258188
-125.712,50.353,196.233,1258209
-125.043,50.786,195.693,1258230
-124.244,50.962,195.207,1258251
-123.989,51.095,194.317,1258272
-123.676,51.295,193.445,1258293
-123.321,51.022,192.626,1258314
-122.807,51.071,191.929,1258335
-122.639,50.828,190.966,1258356
-122.111,50.425,190.283,1258377
-121.520,50.144,189.666,1258398
-121.117,49.653,188.908,1258419
-120.626,49.361,188.195,1258440
-120.581,48.820,187.159,1258461
-120.402,48.619,186.210,1258482
-120.149,48.304,185.340,1258503
-120.387,47.769,184.070,1258524
-120.622,47.185,182.771,1258545
-120.865,46.588,181.494,1258566
-120.726,46.004,180.501,1258587
-120.643,45.695,179.441,1258608
-120.922,45.222,178.142,1258629
-121.346,44.886,176.760,1258650
-121.615,44.431,175.467,1258671
-121.949,44.036,174.134,1258692
-122.423,43.949,172.703,1258713
-122.803,43.557,171.336,1258734
-123.052,43.557,170.059,1258755
-123.615,43.545,168.560,1258776
-123.886,43.200,167.291,1258797
-123.973,43.120,166.087,1258818
-124.492,43.223,164.575,1258839
-124.563,43.042,163.341,1258860
-125.012,43.184,161.841,1258881
-125.287,42.932,160.443,1258902
-125.717,42.824,158.911,1258923
-126.172,42.820,157.362,1258944
-126.600,42.711,155.806,1258965
-126.687,42.428,154.460,1258986
-126.714,42.409,153.098,1259007
-126.799,42.404,151.692,1259028
-126.917,42.345,150.214,1259049
-127.010,42.280,148.733,1259070
-127.235,42.351,147.148,1259091
-127.808,42.212,145.308,1259112
-128.411,42.205,143.432,1259133
-128.877,42.026,141.667,1259154
-129.339,41.948,139.876,1259175
-129.450,41.671,138.321,1259196
-129.445,41.785,136.833,1259217
-129.308,41.492,135.438,1259238
-129.122,41.584,134.065,1259259
-129.077,41.330,132.609,1259280
-129.148,41.234,131.063,1259301
-128.791,41.007,129.808,1259322
-128.677,41.258,128.378,1259343
-128.694,41.489,126.890,1259364
-128.679,41.581,125.430,1259385
-128.205,41.761,124.240,1259406
-128.159,41.946,122.788,1259427
-127.913,42.456,121.465,1259448
-127.406,42.874,120.304,1259469
-126.940,42.984,119.114,1259490
-126.774,43.147,117.705,1259511
-126.523,43.253,116.371,1259532
-126.023,43.613,115.194,1259553
-125.742,43.695,113.870,1259574
-125.448,44.188,112.546,1259595
-125.038,44.626,111.325,1259616
-124.700,45.113,110.035,1259637
-124.212,45.523,108.860,1259658
-123.976,46.044,107.486,1259679
-123.976,46.328,105.931,1259700
-123.945,46.572,104.395,1259721
-123.947,47.018,102.801,1259742
-124.041,47.219,101.146,1259763
-123.953,47.193,99.630,1259784
-122.003,47.351,100.588,1259805
-119.844,47.493,101.677,1259826
-117.797,47.456,102.713,1259847
-115.929,47.361,103.616,1259868
-114.225,47.094,104.357,1259889
-112.640,46.943,104.992,1259910
-111.669,46.665,105.180,1259931
-110.872,46.400,105.228,1259952
-110.228,46.154,105.172,1259973
-109.822,46.045,104.948,1259994
-109.544,46.150,104.637,1260015
-109.273,45.893,104.324,1260036
-109.151,46.114,103.901,1260057
-109.173,46.344,103.377,1260078
-109.237,46.469,102.793,1260099
-109.529,46.760,102.035,1260120
-110.144,47.125,101.018,1260141
-110.886,47.075,99.896,1260162
-111.855,47.196,98.565,1260183
-112.443,47.221,97.513,1260204
-113.022,47.351,96.439,1260225
-114.124,47.400,94.948,1260246
-114.856,47.595,93.745,1260267
-116.051,47.713,92.165,1260288
-117.117,47.511,90.680,1260309
-118.292,47.393,89.109,1260330
-119.561,47.260,87.473,1260351
-120.433,47.189,86.115,1260372
-121.645,46.861,84.496,1260393
-122.925,46.902,82.810,1260414
-123.946,46.902,81.271,1260435
-124.750,46.653,79.861,1260456
-125.838,46.693,78.197,1260477
-126.960,46.431,76.475,1260498
-127.971,46.161,74.811,1260519
-128.947,46.111,73.150,1260540
-129.344,45.977,71.873,1260561
-129.697,45.652,70.602,1260582
-130.304,45.334,69.153,1260603
-130.517,45.046,67.970,1260624
-130.749,44.751,66.740,1260645
-130.730,44.772,65.652,1260666
-130.611,44.846,64.588,1260687
-130.523,45.028,63.488,1260708
-130.542,44.895,62.291,1260729
-130.692,44.973,61.007,1260750
-130.807,45.052,59.698,1260771
-130.760,44.994,58.512,1260792
-130.666,44.934,57.330,1260813
-130.683,45.046,56.017,1260834
-130.217,45.225,55.060,1260855
-129.722,45.450,54.075,1260876
-129.250,45.754,53.056,1260897
-128.797,46.088,51.999,1260918
-128.349,46.448,50.922,1260939
-127.802,46.731,49.865,1260960
-127.569,46.773,48.566,1260981
-127.354,46.800,47.214,1261002
-127.324,46.987,45.711,1261023
-127.026,46.962,44.390,1261044
-126.582,47.019,43.132,1261065
-126.616,47.347,41.516,1261086
-126.575,47.693,39.933,1261107
-126.540,47.594,38.333,1261128
-126.268,47.658,36.874,1261149
-126.559,47.814,34.993,1261170
-126.745,47.637,33.147,1261191
-126.631,47.438,31.503,1261212
-126.458,47.401,29.911,1261233
-126.862,47.546,27.880,1261254
-127.159,47.412,25.934,1261275
-127.005,47.470,24.289,1261296
-127.193,47.743,22.356,1261317
-127.616,47.909,20.237,1261338
-127.759,47.655,18.309,1261359
-128.039,47.781,16.271,1261380
-128.139,47.492,14.354,1261401
-128.246,47.192,12.457,1261422
-128.327,46.892,10.600,1261443
-128.173,46.823,8.886,1261464
-128.070,46.874,7.122,1261485
-128.100,46.953,5.254,1261506
-128.241,46.869,3.285,1261527
-128.314,46.702,1.370,1261548
-128.362,46.488,359.474,1261569
-128.392,46.257,357.610,1261590
-128.376,46.028,355.778,1261611
-128.415,45.997,353.911,1261632
-127.915,45.842,352.430,1261653
-127.415,45.742,350.923,1261674
-126.869,45.632,349.468,1261695
-126.373,45.431,347.958,1261716
-125.851,45.424,346.491,1261737
-125.313,45.363,345.057,1261758
-124.991,45.086,343.477,1261779
-124.396,45.109,342.090,1261800
-124.183,44.977,340.415,1261821
-123.715,45.187,338.946,1261842
-123.609,45.368,337.230,1261863
-123.097,45.556,335.845,1261884
-122.691,45.451,334.385,1261905
-122.478,45.799,332.812,1261926
-122.509,45.966,331.087,1261947
-122.591,46.068,329.295,1261968
-122.362,46.379,327.738,1261989
-122.408,46.345,325.989,1262010
-122.208,46.301,324.413,1262031
-122.395,46.332,322.577,1262052
-122.242,46.517,320.996,1262073
-122.048,46.639,319.480,1262094
-121.955,46.876,317.905,1262115
-122.181,47.215,316.131,1262136
-122.660,47.400,314.161,1262157
-123.061,47.369,312.274,1262178
-123.528,47.338,310.334,1262199
-123.579,47.273,308.685,1262220
-123.668,47.363,307.037,1262241
-123.930,47.608,305.267,1262262
-124.084,47.695,303.580,1262283
-124.438,47.954,301.766,1262304
-124.770,48.181,299.960,1262325
-125.350,48.097,297.944,1262346
-125.759,47.883,296.076,1262367
-126.078,47.649,294.252,1262388
-126.218,47.386,292.546,1262409
-126.174,47.272,290.962,1262430
-126.572,47.449,289.059,1262451
-127.102,47.380,287.046,1262472
-127.505,47.595,285.119,1262493
-127.473,47.598,283.501,1262514
-127.778,47.820,281.643,1262535
-128.229,48.008,279.665,1262556
-128.656,48.104,277.709,1262577
-128.580,48.027,276.117,1262598
-128.840,48.023,274.268,1262619
-128.678,48.174,272.706,1262640
-127.509,48.501,272.154,1262661
-125.856,49.079,272.190,1262682
-124.283,49.523,272.157,1262703
-122.865,50.047,272.001,1262724
-122.085,50.469,271.370,1262745
-121.515,50.888,270.564,1262766
-120.827,51.017,269.826,1262787
-120.486,51.199,268.818,1262808
-120.261,51.319,267.702,1262829
-119.770,51.578,266.764,1262850
-119.421,51.767,265.695,1262871
-119.563,51.743,264.244,1262892
-119.551,51.966,262.910,1262913
-119.490,52.010,261.589,1262934
-120.075,52.016,259.764,1262955
-120.637,51.792,257.954,1262976
-121.356,51.654,256.042,1262997
-121.715,51.583,254.429,1263018
-122.418,51.124,252.543,1263039
-123.292,50.770,250.530,1263060
-124.189,50.410,248.486,1263081
-125.012,49.869,246.493,1263102
-125.788,49.275,244.535,1263123
-126.560,48.706,242.572,1263144
-126.939,48.267,240.871,1263165
-127.366,47.830,239.124,1263186
-127.863,47.356,237.313,1263207
-128.241,46.577,235.610,1263228
-128.612,45.824,233.883,1263249
-128.822,45.359,232.260,1263270
-128.935,44.864,230.703,1263291
-129.124,44.333,229.167,1263312
-129.883,43.667,228.057,1263333
-130.671,43.294,226.899,1263354
-131.246,42.816,225.883,1263375
-131.748,42.409,224.881,1263396
-132.200,42.117,223.916,1263417
-132.262,41.903,223.197,1263438
-132.226,41.927,222.514,1263459
-132.193,42.134,221.819,1263480
-132.349,42.529,220.980,1263501
-132.290,43.001,220.258,1263522
-132.200,43.584,219.557,1263543
-132.097,44.301,218.807,1263564
-131.987,45.073,218.055,1263585
-131.935,45.678,217.218,1263606
-131.316,46.271,216.776,1263627
-130.642,46.828,216.382,1263648
-130.220,47.292,215.784,1263669
-129.584,48.041,215.265,1263690
-128.984,48.801,214.730,1263711
-128.419,49.161,214.133,1263732
-127.759,49.797,213.559,1263753
-127.515,50.163,212.645,1263774
-127.278,50.650,211.659,1263795
-126.878,50.769,210.781,1263816
-126.108,50.855,210.164,1263837
-125.612,50.781,209.310,1263858
-124.987,50.887,208.538,1263879
-124.470,50.906,207.668,1263900
-124.198,50.546,206.597,1263921
-123.893,50.428,205.529,1263942
-124.050,50.024,204.121,1263963
-124.301,49.595,202.610,1263984
-124.188,49.186,201.379,1264005
-124.556,48.774,199.811,1264026
-124.876,48.231,198.287,1264047
-124.949,47.846,196.922,1264068
-125.457,47.338,195.266,1264089
-125.842,47.144,193.706,1264110
-126.329,46.974,192.098,1264131
-127.029,46.546,190.361,1264152
-127.703,46.178,188.653,1264173
-128.275,45.958,187.047,1264194
-128.325,45.478,185.837,1264215
-128.799,45.100,184.301,1264236
-128.858,44.627,183.068,1264257
-128.771,44.299,181.917,1264278
-128.631,44.093,180.838,1264299
-128.955,44.157,179.446,1264321
-128.827,43.881,178.393,1264342
-129.022,43.995,177.129,1264363
-128.946,44.196,176.034,1264384
-128.769,44.021,175.005,1264405
-128.342,43.941,174.162,1264426
-127.841,44.047,173.359,1264447
-127.435,44.300,172.509,1264468
-127.277,44.364,171.499,1264489
-127.014,44.857,170.546,1264510
-126.734,44.970,169.596,1264531
-126.822,45.391,168.382,1264552
-126.695,45.556,167.299,1264573
-126.611,45.720,166.186,1264594
-126.730,46.004,164.926,1264615
-126.520,46.444,163.857,1264636
-126.571,46.532,162.617,1264657
-126.377,46.858,161.508,1264678
-126.317,46.816,160.323,1264699
-126.222,47.063,159.138,1264720
-126.582,47.233,157.614,1264741
-126.965,47.365,156.054,1264762
-127.365,47.524,154.492,1264783
-127.311,47.379,153.274,1264804
-127.577,47.188,151.810,1264825
-127.856,46.947,150.328,1264846
-127.909,46.971,149.005,1264867
-127.910,46.840,147.715,1264888
-128.120,46.829,146.254,1264909
-128.140,46.565,144.907,1264930
-128.558,46.170,143.285,1264951
-129.019,45.757,141.630,1264972
-129.417,45.308,140.013,1264993
-129.808,44.877,138.398,1265014
-129.735,44.602,137.128,1265035
-129.991,44.157,135.612,1265056
-130.366,43.936,134.007,1265077
-130.229,43.777,132.760,1265098
-129.984,43.642,131.586,1265119
-129.878,43.687,130.312,1265140
-129.921,43.480,128.956,1265161
-129.947,43.359,127.620,1265182
-129.426,43.211,126.672,1265203
-129.341,43.205,125.407,1265224
-129.196,43.199,124.222,1265245
-128.833,43.554,123.155,1265266
-128.248,43.810,122.268,1265287
-127.609,44.072,121.414,1265308
-127.430,44.262,120.246,1265329
-127.234,44.791,119.073,1265350
-126.941,45.356,117.981,1265371
-126.512,45.901,117.007,1265392
-126.340,46.090,115.852,1265413
-126.022,46.281,114.793,1265434
-126.008,46.536,113.526,1265455
-125.874,46.727,112.350,1265476
-125.593,47.163,111.296,1265497
-125.595,47.745,110.070,1265518
-125.594,48.269,108.842,1265539
-123.738,48.626,109.820,1265560
-122.101,49.080,110.610,1265581
-120.031,49.459,111.730,1265602
-118.115,49.726,112.740,1265623
-116.318,49.796,113.614,1265644
-114.728,49.781,114.319,1265665
-113.313,49.695,114.906,1265686
-112.135,49.911,115.282,1265707
-111.139,50.118,115.533,1265728
-110.666,50.018,115.380,1265749
-110.492,50.028,115.029,1265770
-110.520,50.099,114.566,1265791
-110.204,50.122,114.381,1265812
-110.599,50.171,113.655,1265833
-111.007,50.032,112.923,1265854
-111.246,50.167,112.324,1265875
-111.591,50.161,111.633,1265896
-112.074,50.120,110.814,1265917
-112.718,50.064,109.833,1265938
-113.493,50.028,108.710,1265959
-114.490,50.066,107.405,1265980
-114.380,49.997,107.115,1266001
-114.363,49.924,106.712,1266022
-114.023,50.080,106.548,1266043
-114.059,49.930,106.084,1266064
-114.205,49.872,105.522,1266085
-114.374,49.876,104.926,1266106
-114.149,50.058,104.585,1266127
-113.870,50.266,104.232,1266148
-113.809,50.524,103.666,1266169
-113.816,50.702,102.998,1266190
-113.783,50.816,102.318,1266211
-113.425,50.596,101.869,1266232
-113.269,50.455,101.241,1266253
-113.152,50.590,100.546,1266274
-112.607,50.595,100.117,1266295
-112.052,50.640,99.671,1266316
-111.515,50.602,99.182,1266337
-111.017,50.646,98.638,1266358
-110.686,50.814,97.944,1266379
-110.327,50.917,97.228,1266400
-110.156,50.778,96.333,1266421
-110.217,50.681,95.229,1266442
-110.479,50.787,93.914,1266463
-110.674,50.650,92.633,1266484
-110.549,50.541,91.555,1266505
-110.924,50.742,90.068,1266526
-111.167,50.955,88.679,1266547
-111.597,51.158,87.124,1266568
-111.654,51.095,85.842,1266589
-112.276,50.949,84.067,1266610
-112.948,50.770,82.217,1266631
-113.442,50.423,80.438,1266652
-114.029,50.098,78.578,1266673
-114.279,49.761,76.978,1266694
-114.644,49.346,75.277,1266715
-115.121,49.160,75.036,1266736
-115.635,48.979,74.674,1266757
-116.050,48.696,74.296,1266778
-116.541,48.519,73.793,1266799
-117.362,48.166,72.999,1266820
-118.138,47.871,72.173,1266841
-118.843,47.563,71.383,1266862
-119.477,47.274,70.614,1266883
-120.041,47.026,69.869,1266904
-120.428,46.706,69.215,1266925
-120.845,46.777,68.495,1266946
-121.181,46.908,67.833,1266967
-121.175,46.684,67.357,1266988
-121.246,46.814,66.822,1267009
-121.565,46.629,66.044,1267030
-121.900,46.503,65.229,1267051
-122.154,46.346,64.430,1267072
-122.015,46.319,63.868,1267093
-122.315,46.250,62.957,1267114
-122.810,46.314,62.260,1267135
-122.859,46.391,61.825,1267156
-122.868,46.433,61.379,1267177
-123.232,46.608,60.620,1267198
-123.215,46.710,60.134,1267219
-123.466,46.553,59.420,1267240
-123.731,46.459,58.675,1267261
-123.969,46.400,57.930,1267282
-123.691,46.212,57.508,1267303
-123.829,46.367,56.756,1267324
-123.464,46.304,56.356,1267345
-123.152,46.400,55.871,1267366
-123.246,46.235,55.143,1267387
-123.021,46.306,54.794,1267408
-122.750,46.340,54.461,1267429
-122.528,46.103,54.063,1267450
-122.566,45.986,53.478,1267471
-122.605,45.825,53.013,1267492
-122.172,45.685,52.878,1267513
-121.709,45.475,52.720,1267534
-121.737,45.465,52.160,1267555
-121.419,45.549,51.813,1267576
-121.179,45.669,51.381,1267597
-121.249,45.520,50.749,1267618
-121.233,45.662,50.192,1267639
-121.188,45.842,49.653,1267660
-121.088,45.633,49.115,1267681
-121.274,45.582,48.365,1267702
-121.359,45.475,47.711,1267723
-121.082,45.403,47.272,1267744
-120.807,45.484,46.807,1267765
-120.762,45.767,46.164,1267786
-120.906,46.037,45.374,1267807
-121.098,45.857,44.619,1267828
-121.098,46.044,44.078,1267849
-121.453,46.224,43.267,1267870
-121.613,46.088,42.587,1267891
-121.730,45.941,41.994,1267912
-121.625,45.969,41.617,1267933
-121.480,45.997,41.297,1267954
-121.473,46.291,40.844,1267975
-121.392,46.254,40.454,1267996
-121.560,46.672,39.882,1268017
-121.890,46.897,39.179,1268038
-122.249,47.135,38.434,1268059
-122.415,47.139,37.831,1268080
-122.438,47.515,37.343,1268101
-122.338,47.830,36.918,1268122
-122.434,47.796,36.319,1268143
-122.107,47.949,36.049,1268164
-121.761,48.033,35.756,1268185
-121.708,48.328,35.268,1268206
-121.620,48.616,34.796,1268227
-121.634,48.488,34.262,1268248
-121.710,48.406,33.632,1268269
-121.668,48.195,33.069,1268290
-121.768,47.999,32.377,1268311
-122.053,47.974,31.539,1268332
-121.865,47.706,31.043,1268353
-121.740,47.399,30.506,1268374
-121.936,47.445,29.736,1268395
-121.829,47.397,29.197,1268416
-121.709,47.382,28.645,1268437
-121.897,47.095,27.861,1268458
-122.057,46.856,27.064,1268479
-121.789,46.810,26.573,1268500
-121.719,46.927,25.903,1268521
-121.598,46.586,25.258,1268542
-121.705,46.336,24.408,1268563
-121.547,46.351,23.734,1268584
-121.433,46.341,23.031,1268605
-121.623,46.067,22.092,1268626
-121.928,46.046,21.083,1268647
-122.211,45.846,20.080,1268668
-122.554,45.802,19.038,1268689
-122.746,45.548,18.114,1268710
-123.103,45.483,17.050,1268731
-123.308,45.276,16.094,1268752
-123.233,45.401,15.315,1268773
-123.509,45.619,14.291,1268794
-123.458,45.437,13.516,1268815
-123.550,45.683,12.632,1268836
-123.847,45.874,11.633,1268857
-124.190,45.893,10.574,1268878
-124.515,46.043,9.531,1268899
-124.318,45.977,8.877,1268920
-124.235,46.031,8.113,1268941
-124.136,45.870,7.378,1268962
-124.051,45.740,6.619,1268983
-124.383,45.644,5.560,1269004
-124.536,45.892,4.621,1269025
-124.862,45.799,3.581,1269046
-125.227,45.939,2.509,1269067
-125.597,46.070,1.439,1269088
-125.430,45.964,0.764,1269109
-125.295,46.078,0.077,1269131
-125.184,46.205,359.360,1269152
-124.978,46.279,358.722,1269173
-124.828,46.441,358.043,1269194
-125.039,46.402,357.118,1269215
-124.757,46.324,356.559,1269236
-124.752,46.554,355.792,1269257
-124.829,46.400,354.946,1269278
-125.026,46.342,354.030,1269299
-125.147,46.200,353.159,1269320
-125.437,46.242,352.176,1269341
-125.373,46.055,351.455,1269362
-125.547,46.303,350.568,1269383
-125.314,46.295,349.984,1269404
-125.189,46.481,349.304,1269425
-125.307,46.708,348.477,1269446
-125.495,46.888,347.626,1269467
-125.296,47.055,347.034,1269488
-125.336,46.890,346.261,1269509
-125.058,46.778,345.729,1269530
-124.794,46.777,345.156,1269551
-124.532,46.609,344.591,1269572
-124.739,46.496,343.693,1269593
-124.613,46.318,343.041,1269614
-124.844,46.519,342.119,1269635
-125.181,46.681,341.135,1269656
-124.955,46.555,340.563,1269677
-125.229,46.578,339.603,1269698
-125.147,46.752,338.875,1269719
-125.089,46.908,338.123,1269740
-125.264,46.901,337.175,1269761
-124.857,46.725,336.629,1269782
-124.479,46.553,336.035,1269803
-124.225,46.251,335.356,1269824
-123.904,46.365,334.730,1269845
-123.890,46.538,333.870,1269866
-123.939,46.607,332.957,1269887
-123.950,46.530,332.058,1269908
-123.885,46.385,331.220,1269929
-123.393,46.348,330.692,1269950
-122.968,46.182,330.094,1269971
-122.518,46.197,329.527,1269992
-122.092,46.285,328.952,1270013
-121.724,46.504,328.342,1270034
-121.811,46.595,327.404,1270055
-121.712,46.899,326.616,1270076
-121.775,47.152,325.699,1270097
-121.377,47.246,325.126,1270118
-121.479,47.191,324.181,1270139
-121.324,47.056,323.420,1270160
-121.204,47.313,322.589,1270181
-121.461,47.567,321.493,1270202
-121.243,47.682,320.772,1270223
-121.110,47.596,319.955,1270244
-120.961,47.544,319.156,1270265
-121.237,47.683,318.030,1270286
-121.021,47.908,317.248,1270307
-121.231,48.199,316.132,1270328
-121.386,48.312,315.037,1270349
-121.015,48.441,314.309,1270370
-120.675,48.406,313.524,1270391
-120.289,48.556,312.786,1270412
-120.253,48.894,311.796,1270433
-119.821,48.930,311.075,1270454
-119.720,48.826,310.126,1270475
-119.743,49.077,309.052,1270496
-119.753,49.313,307.975,1270517
-119.326,49.340,307.238,1270538
-118.844,49.266,306.547,1270559
-118.309,49.338,305.879,1270580
-117.666,49.338,305.298,1270601
-116.777,49.257,305.224,1270622
-115.574,49.157,305.433,1270643
-114.454,49.367,305.593,1270664
-113.374,49.221,305.760,1270685
-112.875,49.225,305.464,1270706
-112.554,49.252,305.060,1270727
-112.399,49.330,304.557,1270748
-112.364,49.406,303.968,1270769
-112.107,49.223,303.563,1270790
-111.854,49.252,303.149,1270811
-112.032,49.458,302.422,1270832
-112.058,49.562,301.830,1270853
-112.137,49.572,301.187,1270874
-112.325,49.422,300.474,1270895
-112.813,49.576,299.506,1270916
-113.638,49.460,298.331,1270937
-114.532,49.453,297.090,1270958
-115.420,49.247,295.849,1270979
-116.405,49.079,294.530,1271000
-117.475,49.069,293.169,1271021
-118.621,48.870,291.750,1271042
-119.370,48.520,290.676,1271063
-120.653,48.400,289.192,1271084
-121.767,48.373,287.868,1271105
-122.745,47.885,286.640,1271126
-123.533,47.445,285.550,1271147
-124.681,47.029,284.194,1271168
-125.836,46.658,282.850,1271189
-126.449,46.396,281.920,1271210
-127.177,46.260,280.926,1271231
-127.857,46.182,279.984,1271252
-128.803,46.088,278.842,1271273
-129.236,45.738,278.100,1271294
-129.763,45.877,277.293,1271315
-130.250,45.604,276.521,1271336
-130.786,45.531,275.759,1271357
-131.071,45.378,275.164,1271378
-131.376,45.355,274.573,1271399
-131.209,45.230,274.319,1271420
-131.439,45.246,273.796,1271441
-131.174,45.415,273.636,1271462
-130.940,45.663,273.461,1271483
-130.760,45.976,273.224,1271504
-130.519,46.314,273.039,1271525
-130.093,46.370,272.982,1271546
-129.949,46.392,272.751,1271567
-129.826,46.456,272.500,1271588
-129.516,46.868,272.385,1271609
-129.035,46.987,272.371,1271630
-128.611,47.335,272.302,1271651
-128.559,47.756,271.979,1271672
-128.579,48.029,271.606,1271693
-128.201,48.368,271.554,1271714
-128.206,48.568,271.202,1271735
-128.108,48.581,270.965,1271756
-127.586,48.732,271.058,1271777
-127.516,48.755,270.801,1271798
-127.073,48.613,270.839,1271819
-127.055,48.572,270.512,1271840
-127.128,48.688,270.116,1271861
-126.872,48.816,269.956,1271882
-126.513,48.739,269.873,1271903
-126.787,48.723,269.319,1271924
-126.740,48.778,269.002,1271945
-126.920,48.490,268.531,1271966
-126.897,48.153,268.240,1271987
-126.908,47.826,267.917,1272008
-127.341,47.681,267.308,1272029
-127.218,47.553,267.094,1272050
-127.253,47.556,266.761,1272071
-127.597,47.276,266.183,1272092
-127.980,46.994,265.611,1272113
-127.933,46.851,265.336,1272134
-128.330,46.889,264.744,1272155
-128.836,46.787,264.078,1272176
-129.001,46.875,263.658,1272197
-129.033,46.708,263.336,1272218
-129.134,46.485,262.977,1272239
-129.504,46.358,262.448,1272260
-130.003,46.505,261.840,1272281
-130.461,46.724,261.281,1272302
-130.886,46.773,260.758,1272323
-131.140,47.170,260.400,1272344
-131.563,47.572,259.951,1272365
-131.591,47.773,259.791,1272386
-131.601,47.919,259.685,1272407
-131.720,47.967,259.511,1272428
-131.751,48.214,259.408,1272449
-132.094,48.215,259.097,1272470
-132.205,48.576,258.969,1272491
-132.582,48.614,258.659,1272512
-132.979,48.708,258.321,1272533
-133.342,48.955,258.018,1272554
-133.534,49.241,257.839,1272575
-133.536,49.103,257.802,1272596
-133.209,49.003,258.001,1272617
-132.805,48.936,258.275,1272638
-132.499,48.998,258.480,1272659
-132.424,49.148,258.509,1272680
-132.219,49.220,258.630,1272701
-132.406,49.227,258.489,1272722
-132.519,49.061,258.388,1272743
-132.414,48.808,258.436,1272764
-132.279,48.926,258.488,1272785
-131.842,48.802,258.778,1272806
-131.844,48.476,258.725,1272827
-131.552,48.134,258.953,1272848
-131.668,47.802,258.881,1272869
-131.487,47.792,259.059,1272890
-131.745,47.795,258.910,1272911
-131.701,47.935,258.964,1272932
-131.601,47.699,259.041,1272953
-131.419,47.835,259.168,1272974
-131.444,47.649,259.122,1272995
-131.610,47.570,258.979,1273016
-131.304,47.427,259.177,1273037
-131.039,47.330,259.314,1273058
-130.931,47.490,259.328,1273079
-131.235,47.524,259.056,1273100
-131.092,47.690,259.084,1273121
-130.941,47.858,259.130,1273142
-130.755,47.731,259.204,1273163
-131.022,47.812,258.964,1273184
-131.285,47.998,258.714,1273205
-131.114,47.841,258.769,1273226
-131.006,47.665,258.797,1273247
-130.717,47.688,258.934,1273268
-130.867,47.633,258.745,1273289
-130.655,47.866,258.803,1273310
-130.267,47.802,258.949,1273331
-130.176,48.052,258.866,1273352
-130.318,48.104,258.602,1273373
-130.488,48.093,258.284,1273394
-130.512,48.288,258.109,1273415
-130.635,48.347,257.852,1273436
-130.735,48.262,257.581,1273457
-130.266,48.258,257.693,1273478
-129.837,48.294,257.770,1273499
-129.365,48.201,257.849,1273520
-128.991,47.914,257.852,1273541
-129.089,47.904,257.473,1273562
-128.803,47.567,257.351,1273583
-128.382,47.475,257.339,1273604
-128.311,47.571,257.022,1273625
-128.104,47.645,256.805,1273646
-127.755,47.357,256.672,1273667
-127.851,47.148,256.190,1273688
-127.853,46.901,255.765,1273709
-127.993,46.803,255.249,1273730
-127.617,46.706,255.108,1273751
-127.740,46.798,254.604,1273772
-127.662,46.577,254.228,1273793
-127.370,46.481,253.986,1273814
-127.425,46.710,253.488,1273835
-127.388,46.535,253.048,1273856
-127.421,46.789,252.527,1273877
-127.472,46.663,252.000,1273898
-127.295,46.525,251.626,1273919
-127.120,46.795,251.263,1273940
-126.957,47.069,250.917,1273961
-126.724,47.280,250.594,1273982
-126.911,47.284,249.966,1274003
-126.600,47.319,249.724,1274024
-126.873,47.417,249.043,1274045
-127.016,47.605,248.488,1274066
-126.835,47.414,248.169,1274087
-126.684,47.230,247.832,1274108
-126.965,47.385,247.194,1274129
-127.325,47.544,246.526,1274150
-127.363,47.762,246.150,1274171
-127.833,47.789,245.433,1274192
-128.361,48.004,244.708,1274213
-128.422,48.184,244.344,1274234
-128.419,48.147,244.072,1274255
-128.799,48.457,243.523,1274276
-129.085,48.754,243.056,1274297
-129.321,48.606,242.639,1274318
-129.333,48.464,242.383,1274339
-129.619,48.697,241.938,1274360
-130.045,48.828,241.368,1274381
-129.875,48.886,241.236,1274402
-129.796,48.729,241.019,1274423
-129.597,48.724,240.865,1274444
-129.988,48.788,240.261,1274465
-130.030,48.565,239.871,1274486
-130.296,48.373,239.292,1274507
-130.281,48.068,238.939,1274528
-130.566,47.901,238.326,1274549
-130.290,47.671,238.257,1274570
-130.156,47.222,238.791,1274591
-130.175,47.011,239.167,1274612
-130.262,46.516,239.435,1274633
-130.281,46.316,239.715,1274654
-130.292,46.162,239.950,1274675
-130.039,46.145,240.325,1274696
-129.534,45.801,240.824,1274717
-128.971,45.601,241.286,1274738
-128.409,45.434,241.731,1274759
-128.290,45.311,241.799,1274780
-127.757,45.335,242.145,1274801
-127.439,45.184,242.312,1274822
-127.052,45.450,242.465,1274843
-126.875,45.825,242.449,1274864
-126.578,46.223,242.457,1274885
-126.600,46.504,242.187,1274906
-126.513,46.608,241.963,1274927
-126.127,46.677,241.921,1274948
-125.740,47.079,241.830,1274969
-125.473,47.166,242.040,1274990
-125.362,47.360,242.088,1275011
-125.644,47.517,241.795,1275032
-125.922,47.726,241.451,1275053
-126.377,47.759,240.937,1275074
-126.802,47.909,240.393,1275095
-127.071,47.663,239.928,1275116
-127.680,47.664,239.167,1275137
-127.978,47.394,238.609,1275158
-128.176,47.137,238.075,1275179
-128.404,47.217,237.480,1275200
-128.789,47.345,236.761,1275221
-129.067,47.386,236.086,1275242
-129.371,47.165,235.371,1275263
-129.689,46.947,234.638,1275284
-129.789,46.989,234.021,1275305
-129.881,46.851,233.385,1275326
-129.929,46.896,232.739,1275347
-130.333,46.706,231.791,1275368
-130.501,46.835,230.990,1275389
-130.994,46.792,229.937,1275410
-131.410,46.922,228.921,1275431
-131.783,46.797,227.910,1275452
-132.061,46.679,226.926,1275473
-132.245,46.481,225.984,1275494
-132.526,46.485,224.962,1275515
-132.545,46.288,224.125,1275536
-132.292,46.145,223.479,1275557
-131.931,46.198,222.901,1275578
-131.785,46.505,222.176,1275599
-131.499,46.829,221.520,1275620
-131.112,47.102,220.938,1275641
-130.837,47.054,220.241,1275662
-130.839,47.376,219.331,1275683
-130.422,47.600,218.719,1275704
-130.461,47.663,217.725,1275725
-129.986,47.729,217.105,1275746
-129.512,47.890,216.458,1275767
-129.329,47.829,215.596,1275788
-129.364,47.896,214.562,1275809
-129.511,48.008,213.425,1275830
-129.657,48.026,212.280,1275851
-129.709,48.238,211.190,1275872
-129.801,48.085,210.051,1275893
-129.525,47.832,209.186,1275914
-129.659,47.635,207.987,1275935
-129.660,47.722,206.880,1275956
-129.679,47.419,205.740,1275977
-129.570,47.477,204.701,1275998
-129.718,47.281,203.481,1276019
-129.757,47.384,202.349,1276040
-129.503,47.435,201.448,1276061
-129.315,47.530,200.485,1276082
-129.241,47.318,199.408,1276103
-129.516,47.274,198.065,1276124
-129.499,47.073,196.956,1276145
-129.287,47.103,195.956,1276166
-129.108,47.155,194.925,1276187
-128.863,47.039,193.904,1276208
-129.129,46.975,192.506,1276229
-129.444,46.944,191.067,1276250
-129.467,47.125,189.821,1276271
-129.326,47.209,188.679,1276292
-129.336,47.036,187.413,1276313
-129.654,46.972,185.902,1276334
-130.007,46.896,184.341,1276355
-130.037,47.082,183.010,1276376
-130.338,46.912,181.454,1276397
-130.449,47.031,179.994,1276418
-130.901,46.970,178.266,1276439
-130.945,46.980,176.814,1276460
-131.333,46.725,175.100,1276481
-131.774,46.498,173.344,1276502
-133.090,47.405,172.086,1276523
-134.690,47.922,170.592,1276544
-136.043,48.275,169.242,1276565
-136.997,48.737,168.148,1276586
-137.750,49.107,167.196,1276607
-138.306,49.296,166.382,1276628
-139.154,49.651,165.338,1276649
-139.951,49.854,164.304,1276670
-140.619,49.979,163.351,1276691
-141.209,49.855,162.434,1276712
-141.720,49.808,161.535,1276733
-142.126,49.677,160.679,1276754
-142.086,49.258,160.141,1276775
-141.951,48.816,159.662,1276796
-142.061,48.674,159.021,1276817
-141.594,48.469,158.802,1276838
-141.045,48.243,158.640,1276859
-140.801,48.101,158.290,1276880
-140.230,47.577,158.215,1276901
-139.430,47.041,158.301,1276922
-139.658,46.948,157.858,1276943
-139.446,47.127,157.755,1276964
-138.995,46.893,157.824,1276985
-138.297,46.853,158.030,1277006
-137.524,46.810,158.292,1277027
-136.707,46.706,158.608,1277048
-135.809,46.502,158.976,1277069
-135.791,46.501,158.756,1277090
-135.708,46.292,158.600,1277111
-135.566,46.027,158.466,1277132
-135.034,45.613,158.631,1277153
-134.926,45.427,158.503,1277174
-134.281,45.280,158.741,1277195
-133.730,44.933,158.902,1277216
-133.102,44.966,159.101,1277237
-132.356,44.987,159.402,1277258
-131.734,45.139,159.609,1277279
-131.209,44.919,159.731,1277300
-130.713,44.743,159.847,1277321
-130.204,44.832,159.952,1277342
-129.624,44.620,160.098,1277363
-128.637,44.423,160.550,1277384
-127.848,44.102,160.815,1277405
-126.882,43.965,161.193,1277426
-126.015,43.904,161.479,1277447
-125.188,43.854,161.733,1277468
-124.671,43.865,161.732,1277489
-124.305,43.807,161.596,1277510
-123.997,43.727,161.389,1277531
-123.730,43.618,161.135,1277552
-123.076,43.319,161.137,1277573
-122.941,42.968,160.791,1277594
-122.447,42.760,160.654,1277615
-122.033,42.655,160.454,1277636
-121.673,42.532,160.191,1277657
-121.422,42.234,159.829,1277678
-121.187,41.994,159.404,1277699
-121.224,42.159,158.805,1277720
-121.410,42.152,158.095,1277741
-121.615,42.229,157.373,1277762
-121.651,42.496,156.735,1277783
-121.740,42.366,156.059,1277804
-121.753,42.289,155.401,1277825
-122.065,42.306,154.555,1277846
-122.123,42.636,153.851,1277867
-122.237,42.958,153.098,1277888
-122.324,43.104,152.349,1277909
-122.959,43.342,151.192,1277930
-123.657,43.667,149.990,1277951
-124.165,44.174,148.885,1277972
-124.587,44.246,147.843,1277993
-125.293,44.734,146.570,1278014
-125.577,45.101,145.561,1278035
-125.835,45.424,144.572,1278056
-126.250,45.970,143.419,1278077
-126.915,46.553,142.091,1278098
-127.243,46.982,140.995,1278119
-127.902,47.109,139.633,1278140
-128.507,47.192,138.302,1278161
-129.017,47.181,137.028,1278182
-129.513,47.095,135.758,1278203
-130.061,47.348,134.447,1278224
-130.199,47.187,133.410,1278245
-130.727,47.166,132.070,1278266
-130.941,47.351,130.936,1278287
-130.826,47.261,130.045,1278308
-131.183,47.253,128.792,1278329
-131.447,47.113,127.599,1278350
-131.674,47.021,126.409,1278371
-131.589,46.653,125.439,1278392
-131.422,46.265,124.510,1278413
-131.224,45.888,123.573,1278434
-130.674,45.579,122.889,1278455
-130.144,45.545,122.186,1278476
-129.532,45.495,121.531,1278497
-128.929,45.473,120.846,1278518
-128.378,45.522,120.126,1278539
-127.689,45.465,119.489,1278560
-127.478,45.499,118.517,1278581
-126.815,45.276,117.836,1278602
-126.313,45.441,117.032,1278623
-126.132,45.338,116.044,1278644
-125.730,45.165,115.197,1278665
-125.377,45.443,114.323,1278686
-124.864,45.639,113.561,1278707
-124.837,45.915,112.458,1278728
-124.385,46.014,111.659,1278749
-124.462,46.076,110.465,1278770
-124.486,46.087,109.315,1278791
-124.242,46.013,108.349,1278812
-124.320,46.003,107.133,1278833
-124.482,46.040,105.839,1278854
-124.310,46.221,104.778,1278875
-124.446,46.527,103.492,1278896
-124.375,46.726,102.362,1278917
-124.787,46.715,100.861,1278938
-125.173,46.951,99.362,1278959
-125.517,46.764,97.887,1278980
-126.006,46.612,96.317,1279001
-126.596,46.533,94.671,1279022
-126.746,46.569,93.312,1279043
-126.836,46.509,91.986,1279064
-127.002,46.491,90.593,1279085
-127.259,46.584,89.140,1279106
-127.850,46.725,87.439,1279127
-128.119,46.471,85.986,1279148
-128.330,46.485,84.542,1279169
-128.885,46.256,82.818,1279190
-129.229,45.932,81.249,1279211
-129.782,45.855,79.520,1279232
-130.200,45.917,77.874,1279253
-130.297,45.584,76.458,1279274
-130.294,45.537,75.093,1279295
-130.221,45.399,73.767,1279316
-130.266,45.125,72.355,1279337
-130.605,45.318,70.728,1279358
-130.837,45.142,69.176,1279379
-131.193,45.384,67.504,1279400
-131.224,45.258,66.056,1279421
-131.404,45.236,64.504,1279442
-131.407,45.622,63.066,1279463
-131.194,45.639,61.776,1279484
-130.994,46.052,60.481,1279505
-130.838,46.525,59.141,1279526
-130.999,46.809,57.570,1279547
-131.021,46.953,56.081,1279568
-130.701,47.005,54.826,1279589
-130.533,47.005,53.471,1279610
-130.588,46.686,52.469,1279631
-130.345,46.654,51.660,1279652
-130.108,46.669,50.865,1279673
-129.872,46.722,50.058,1279694
-129.939,46.777,48.990,1279715
-129.717,46.891,48.152,1279736
-129.725,46.675,47.168,1279757
-129.808,46.571,46.111,1279778
-129.777,46.328,45.132,1279799
-129.679,46.111,44.229,1279820
-129.484,45.918,43.389,1279841
-129.221,45.771,42.582,1279862
-129.068,45.698,41.726,1279883
-128.529,45.833,41.136,1279904
-127.996,46.055,40.528,1279925
-127.857,46.326,39.645,1279946
-127.727,46.543,38.764,1279967
-127.323,46.836,38.096,1279988
-127.037,46.723,37.326,1280009
-127.022,46.799,36.370,1280030
-126.561,46.705,35.764,1280051
-126.350,46.991,34.994,1280072
-126.022,46.814,34.339,1280093
-125.790,47.047,33.608,1280114
-125.538,47.237,32.892,1280135
-125.311,47.402,32.164,1280156
-125.509,47.406,31.142,1280177
-125.738,47.429,30.093,1280198
-125.625,47.136,29.342,1280219
-125.808,46.888,28.379,1280240
-125.596,46.842,27.733,1280261
-125.378,46.718,27.071,1280282
-125.529,46.432,26.146,1280303
-125.430,46.128,25.395,1280324
-125.740,46.159,24.313,1280345
-126.013,45.800,23.266,1280366
-126.458,45.814,22.079,1280387
-126.465,45.598,21.224,1280408
-126.767,45.321,20.172,1280429
-126.768,45.272,19.334,1280450
-126.741,45.308,18.519,1280471
-126.965,45.560,17.511,1280492
-127.165,45.813,16.547,1280513
-127.601,45.991,15.397,1280534
-128.013,46.230,14.269,1280555
-128.019,46.430,13.415,1280576
-128.428,46.428,12.311,1280597
-128.854,46.563,11.213,1280618
-128.950,46.469,10.362,1280639
-129.278,46.626,9.344,1280660
-129.048,46.758,8.709,1280681
-128.853,46.701,8.030,1280702
-128.542,46.885,7.449,1280723
-128.218,46.930,6.876,1280744
-127.981,47.283,6.248,1280765
-127.617,47.501,5.745,1280786
-127.749,47.666,4.872,1280807
-127.932,47.849,3.937,1280828
-127.913,47.796,3.149,1280849
-127.610,48.000,2.565,1280870
-127.291,48.136,1.969,1280891
-126.971,48.271,1.389,1280912
-126.770,48.065,0.720,1280933
-126.737,47.891,359.952,1280954
-126.536,48.061,359.305,1280975
-126.381,48.216,358.615,1280996
-126.347,48.068,357.840,1281017
-126.225,47.823,357.122,1281038
-125.985,47.510,356.479,1281059
-126.070,47.492,355.598,1281080
-126.128,47.555,354.700,1281101
-125.913,47.183,354.009,1281122
-125.800,47.153,353.206,1281143
-125.600,46.957,352.453,1281164
-125.918,46.773,351.321,1281185
-126.129,46.792,350.278,1281206
-126.427,46.614,349.140,1281227
-126.254,46.508,348.342,1281248
-126.150,46.179,347.473,1281269
-125.923,46.041,346.686,1281290
-125.787,46.066,345.811,1281311
-125.690,45.813,344.889,1281332
-125.512,45.856,344.011,1281353
-125.666,45.720,342.860,1281375
-125.546,45.908,341.887,1281396
-125.721,45.865,340.678,1281417
-125.904,45.774,339.402,1281438
-125.839,46.005,338.296,1281459
-126.475,45.163,337.809,1281480
-126.941,44.351,337.387,1281501
-127.390,43.621,336.909,1281522
-128.036,43.284,336.212,1281543
-128.411,43.179,335.656,1281564
-128.917,43.019,334.857,1281585
-130.021,43.146,333.606,1281606
-131.070,43.228,332.355,1281627
-132.127,43.520,331.057,1281648
-132.905,44.021,329.928,1281669
-133.474,44.180,328.899,1281690
-133.975,44.814,327.880,1281711
-134.317,45.553,326.938,1281732
-134.552,46.403,326.043,1281753
-135.053,47.338,324.896,1281774
-135.257,48.360,323.947,1281795
-135.328,49.353,323.073,1281816
-135.283,49.958,322.244,1281837
-135.268,50.517,321.380,1281858
-134.997,51.271,320.668,1281879
-134.707,51.903,319.923,1281900
-134.636,52.725,318.922,1281921
-134.188,53.073,318.404,1281942
-132.472,53.824,319.708,1281963
-130.483,54.377,321.189,1281984
-129.606,54.849,321.397,1282005
-129.211,55.131,321.176,1282026
-129.006,55.395,320.802,1282047
-128.954,55.727,320.307,1282068
-128.425,55.770,320.188,1282089
-128.049,55.797,319.924,1282110
-128.267,55.974,319.127,1282131
-128.159,55.963,318.617,1282152
-128.136,55.868,317.978,1282173
-127.290,55.746,318.423,1282194
-127.122,55.537,318.200,1282215
-127.078,55.419,317.838,1282236
-127.007,55.048,317.450,1282257
-127.143,54.729,316.920,1282278
-127.210,54.312,316.458,1282299
-127.153,53.832,316.102,1282320
-127.665,53.404,315.278,1282341
-128.008,52.839,314.604,1282362
-128.405,52.645,313.905,1282383
-128.995,52.430,313.048,1282404
-129.413,52.140,312.358,1282425
-130.059,51.459,311.471,1282446
-130.913,50.859,310.417,1282467
-131.836,50.331,309.329,1282488
-132.304,49.639,308.580,1282509
-132.772,49.160,307.809,1282530
-133.514,48.901,306.880,1282551
-134.177,48.666,306.020,1282572
-134.776,48.074,305.208,1282593
-135.459,47.639,304.367,1282614
-136.211,47.421,303.501,1282635
-136.345,47.139,303.118,1282656
-136.890,46.839,302.450,1282677
-137.274,46.564,301.910,1282698
-137.628,46.378,301.386,1282719
-137.948,46.646,300.885,1282740
-138.107,46.979,300.501,1282761
-137.973,47.288,300.331,1282782
-137.716,47.589,300.243,1282803
-137.533,47.976,300.099,1282824
-137.146,48.166,300.133,1282845
-136.967,48.225,300.005,1282866
-136.624,48.526,300.009,1282887
-136.783,48.927,299.593,1282908
-136.313,49.225,299.642,1282929
-136.302,49.651,299.323,1282950
-136.316,49.995,298.955,1282971
-135.709,50.362,299.077,1282992
-135.275,50.865,299.058,1283013
-134.813,50.967,299.064,1283034
-134.592,51.253,298.880,1283055
-133.788,51.457,299.123,1283076
-133.035,51.556,299.310,1283097
-132.448,51.559,299.352,1283118
-131.989,51.498,299.272,1283139
-131.275,51.423,299.372,1283160
-130.675,51.656,299.359,1283181
-129.883,51.609,299.459,1283202
-129.586,51.718,299.163,1283223
-129.312,51.733,298.807,1283244
-129.169,51.555,298.322,1283265
-128.748,51.104,298.054,1283286
-128.070,50.702,297.943,1283307
-127.845,50.246,297.485,1283328
-127.245,49.930,297.268,1283349
-126.769,49.678,296.938,1283370
-126.588,49.085,296.353,1283391
-126.594,48.752,295.623,1283412
-126.212,48.106,295.183,1283433
-126.279,47.653,294.396,1283454
-126.025,46.991,293.834,1283475
-126.069,46.457,293.058,1283496
-125.674,46.030,292.585,1283517
-125.350,45.669,292.038,1283538
-125.424,45.584,291.195,1283559
-125.651,45.481,290.256,1283580
-126.008,45.316,289.240,1283601
-125.908,44.976,288.565,1283622
-126.260,44.926,287.580,1283643
-126.559,45.012,286.630,1283664
-126.824,44.928,285.693,1283685
-126.690,45.081,285.022,1283706
-126.999,45.070,284.019,1283727
-127.101,44.983,283.170,1283748
-127.245,45.319,282.304,1283769
-127.570,45.683,281.342,1283790
-128.011,45.756,280.284,1283811
-128.106,46.052,279.463,1283832
-128.083,46.291,278.723,1283853
-128.047,46.342,277.971,1283874
-128.043,46.365,277.223,1283895
-128.323,46.797,276.277,1283916
-128.789,47.074,275.210,1283937
-128.858,47.378,274.404,1283958
-129.373,47.553,273.317,1283979
-129.885,47.605,272.230,1284000
-130.341,47.929,271.195,1284021
-130.856,47.928,270.153,1284042
-131.023,48.169,269.344,1284063
-131.074,48.038,268.645,1284084
-131.205,48.299,267.896,1284105
-131.453,48.180,267.069,1284126
-131.275,48.201,266.578,1284147
-131.264,48.419,265.963,1284168
-130.992,48.422,265.541,1284189
-130.763,48.263,265.084,1284210
-130.958,48.372,264.300,1284231
-130.844,48.134,263.762,1284252
-130.958,47.985,263.050,1284273
-130.682,48.059,262.662,1284294
-130.401,47.758,262.273,1284315
-130.087,47.458,261.893,1284336
-130.020,47.585,261.337,1284357
-130.097,47.698,260.673,1284378
-129.994,47.868,260.164,1284399
-130.120,48.024,259.516,1284420
-130.142,48.219,258.986,1284441
-129.971,47.997,258.587,1284462
-129.606,47.988,258.311,1284483
-129.763,47.900,257.631,1284504
-129.354,47.769,257.322,1284525
-129.101,47.565,256.836,1284546
-129.048,47.469,256.166,1284567
-128.647,47.654,255.766,1284588
-128.144,47.631,255.481,1284609
-127.668,47.586,255.143,1284630
-127.674,47.468,254.405,1284651
-127.786,47.456,253.540,1284672
-127.779,47.614,252.783,1284693
-127.890,47.465,251.900,1284714
-127.528,47.255,251.327,1284735
-127.383,47.347,250.574,1284756
-127.293,47.448,249.720,1284777
-127.179,47.126,248.847,1284798
-127.204,46.820,247.865,1284819
-127.055,46.521,246.973,1284840
-127.331,46.609,245.742,1284861
-127.718,46.616,244.432,1284882
-127.675,46.567,243.419,1284903
-127.566,46.452,242.419,1284924
-127.852,46.151,241.084,1284945
-128.126,46.163,239.738,1284966
-127.989,45.844,238.648,1284987
-127.892,45.611,237.467,1285008
-128.029,45.892,236.095,1285029
-127.939,46.101,234.896,1285050
-128.253,46.098,233.349,1285071
-128.355,45.986,231.898,1285092
-128.227,45.963,230.568,1285113
-128.373,45.883,228.957,1285134
-128.335,45.816,227.448,1285155
-128.119,45.955,226.038,1285176
-128.081,46.211,224.449,1285197
-128.239,46.300,222.693,1285218
-128.351,46.392,220.983,1285239
-128.423,46.280,219.299,1285260
-128.476,46.069,217.622,1285281
-128.495,45.836,215.947,1285302
-128.772,45.889,214.102,1285323
-128.895,46.074,212.332,1285344
-128.898,45.853,210.638,1285365
-128.779,45.906,209.033,1285386
-129.021,45.683,207.176,1285407
-129.327,45.542,205.274,1285428
-129.619,45.422,203.389,1285449
-129.873,45.254,201.573,1285470
-130.086,45.060,199.802,1285491
-129.916,45.099,198.310,1285512
-130.122,44.922,196.565,1285533
-130.032,44.766,195.010,1285554
-130.162,44.982,193.300,1285575
-130.237,45.159,191.662,1285596
-130.294,45.324,190.013,1285617
-130.596,45.586,188.202,1285638
-131.034,45.461,186.319,1285659
-131.558,45.685,184.387,1285680
-131.845,45.533,182.647,1285701
-132.357,45.553,180.748,1285722
-132.801,45.505,178.882,1285743
-132.784,45.636,177.339,1285764
-132.699,45.598,175.821,1285785
-133.491,44.979,176.237,1285806
-134.190,44.470,176.571,1285827
-135.129,43.853,176.635,1285848
-135.000,43.891,176.643,1285870
-135.042,44.111,176.469,1285891
-134.713,44.223,176.522,1285912
-134.415,44.516,176.533,1285933
-134.376,44.687,176.323,1285954
-134.149,45.074,176.189,1285975
-133.678,45.079,176.147,1285996
-132.793,45.212,176.361,1286017
-132.303,45.252,176.262,1286038
-131.887,45.356,176.079,1286059
-131.507,45.488,175.831,1286080
-131.149,45.612,175.522,1286101
-131.887,46.264,174.658,1286122
-133.853,47.184,172.993,1286143
-135.502,48.275,171.485,1286164
-136.816,49.102,170.106,1286185
-137.984,49.792,168.739,1286206
-138.917,50.267,167.480,1286227
-139.810,50.768,166.180,1286248
-140.460,51.148,164.992,1286269
-141.009,51.481,163.856,1286290
-141.735,51.461,162.493,1286311
-142.421,51.517,161.106,1286332
-142.916,51.526,159.760,1286353
-143.281,51.499,158.410,1286374
-143.482,51.529,157.106,1286395
-143.079,51.615,156.229,1286416
-142.641,51.721,155.323,1286437
-142.031,51.449,154.514,1286458
-141.561,51.150,153.572,1286479
-140.858,51.165,152.772,1286500
-139.849,50.993,152.203,1286521
-138.808,50.636,151.590,1286542
-137.812,50.241,150.902,1286563
-136.442,49.943,150.419,1286584
-135.917,49.653,149.128,1286605
-134.764,49.479,148.279,1286626
-133.111,49.222,148.398,1286647
-131.664,48.715,148.350,1286668
-129.910,48.278,148.452,1286689
-128.418,48.122,148.333,1286710
-127.142,47.601,148.012,1286731
-126.033,47.230,147.582,1286752
-125.026,46.962,147.094,1286773
-123.635,46.465,146.895,1286794
-122.808,46.343,146.304,1286815
-121.832,46.221,145.839,1286836
-120.965,46.185,145.277,1286857
-120.127,46.134,144.709,1286878
-119.582,45.835,143.940,1286899
-119.210,45.637,143.048,1286920
-118.717,45.492,142.242,1286941
-118.430,45.392,141.278,1286962
-118.245,45.329,140.235,1286983
-117.877,45.471,139.323,1287004
-117.629,45.711,138.312,1287025
-117.640,46.074,137.090,1287046
-117.867,46.444,135.695,1287067
-118.318,46.803,134.111,1287088
-118.881,46.827,132.427,1287109
-119.628,47.021,130.646,1287130
-120.278,46.932,128.947,1287151
-121.271,46.997,127.023,1287172
-122.452,47.201,124.972,1287193
-123.399,47.413,123.099,1287214
-124.818,47.560,120.889,1287235
-125.826,47.551,118.983,1287256
-126.976,47.637,116.941,1287277
-128.281,47.393,114.821,1287298
-129.514,47.166,112.731,1287319
-130.962,46.993,110.444,1287340
-132.211,46.737,108.282,1287361
-133.166,46.701,106.298,1287382
-134.038,46.461,104.341,1287403
-135.298,46.461,102.096,1287424
-136.267,46.559,100.020,1287445
-137.213,46.607,97.925,1287466
-137.682,46.704,96.122,1287487
-138.277,46.562,94.189,1287508
-138.819,46.486,92.264,1287529
-138.761,46.474,90.713,1287550
-138.718,46.381,89.138,1287571
-138.861,46.383,87.368,1287592
-139.002,46.756,85.532,1287613
-138.521,47.001,84.126,1287634
-138.189,47.504,82.528,1287655
-137.623,48.021,81.074,1287676
-136.865,48.477,79.712,1287697
-136.064,48.705,78.362,1287718
-135.152,48.920,77.041,1287739
-134.178,49.137,75.747,1287760
-133.312,49.642,74.290,1287781
-132.251,49.970,72.905,1287802
-131.162,50.160,71.448,1287823
-130.807,49.812,70.762,1287844
-130.140,49.710,70.213,1287865
-129.541,49.655,69.515,1287886
-128.658,49.595,68.959,1287907
-127.524,49.382,68.526,1287928
-126.870,49.191,67.685,1287949
-126.098,49.018,66.904,1287970
-125.141,48.881,66.262,1287991
-124.223,48.761,65.606,1288012
-123.283,48.691,64.979,1288033
-122.140,48.701,64.499,1288054
-121.358,48.726,63.749,1288075
-120.188,48.905,63.252,1288096
-119.607,48.995,62.290,1288117
-118.564,49.074,61.675,1288138
-118.001,48.974,60.687,1288159
-117.702,49.043,59.529,1288180
-117.491,49.010,58.277,1288201
-117.464,49.016,56.872,1288222
-117.090,49.115,55.731,1288243
-117.188,48.890,54.203,1288264
-117.542,48.805,52.488,1288285
-117.486,48.724,51.092,1288306
-118.072,48.641,49.227,1288327
-118.626,48.323,47.412,1288348
-118.940,47.920,45.790,1288369
-119.725,47.735,43.821,1288390
-120.446,47.682,41.924,1288411
-121.313,47.274,39.924,1288432
-122.211,46.819,37.887,1288453
-123.230,46.677,35.778,1288474
-124.361,46.306,33.614,1288495
-125.483,45.848,31.457,1288516
-126.181,45.464,29.642,1288537
-126.873,45.087,27.848,1288558
-127.550,44.563,26.081,1288579
-128.199,44.060,24.339,1288600
-128.882,43.853,22.595,1288621
-129.577,43.746,20.841,1288642
-130.143,43.657,19.185,1288663
-130.586,43.561,17.631,1288684
-131.408,43.459,15.822,1288705
-132.062,43.289,14.143,1288726
-132.653,43.211,12.505,1288747
-133.063,43.147,11.013,1288768
-133.358,43.154,9.602,1288789
-133.731,43.368,8.157,1288810
-133.959,43.563,6.807,1288831
-133.769,44.045,5.776,1288852
-133.956,44.657,4.471,1288873
-134.044,45.333,3.229,1288894
-133.650,45.770,2.305,1288915
-133.428,46.432,1.224,1288936
-133.042,46.707,0.260,1288957
-132.498,47.090,359.408,1288978
-131.915,47.415,358.611,1288999
-131.756,48.030,357.505,1289020
-131.591,48.617,356.407,1289041
-131.486,49.119,355.251,1289062
-130.958,49.558,354.407,1289083
-130.562,50.023,353.470,1289104
-130.175,50.026,352.541,1289125
-129.873,50.015,351.583,1289146
-129.223,50.088,350.848,1289167
-128.619,50.132,350.088,1289188
-128.021,50.134,349.295,1289209
-127.850,50.338,348.143,1289230
-127.637,50.100,347.024,1289251
-127.148,50.040,346.080,1289272
-127.085,49.764,344.827,1289293
-127.216,49.706,343.439,1289314
-127.262,49.379,342.101,1289335
-127.444,49.313,340.656,1289356
-127.113,48.964,339.589,1289377
-126.759,48.663,338.504,1289398
-126.857,48.642,337.036,1289419
-126.575,48.223,335.872,1289440
-126.205,47.975,334.730,1289461
-125.949,47.941,333.486,1289482
-125.927,48.019,332.090,1289503
-126.068,47.863,330.567,1289524
-125.941,47.530,329.246,1289545
-126.135,47.398,327.693,1289566
-124.522,47.418,328.074,1289587
-123.160,47.260,328.259,1289608
-121.621,47.180,328.549,1289629
-120.738,47.241,328.338,1289650
-120.003,47.292,328.040,1289671
-119.427,47.339,327.616,1289692
-119.011,47.612,327.082,1289713
-118.722,47.917,326.450,1289734
-118.234,47.903,325.988,1289755
-118.075,47.873,325.263,1289776
-117.873,48.035,324.551,1289797
-117.799,48.261,323.738,1289818
-117.906,48.593,322.810,1289839
-118.225,48.964,321.719,1289860
-118.507,49.029,320.683,1289881
-119.397,49.211,319.198,1289902
-120.104,49.529,317.857,1289923
-121.055,49.470,316.325,1289945
-122.152,49.433,314.666,1289966
-123.130,49.693,313.102,1289987
-124.345,49.673,311.369,1290008
-125.453,49.478,309.702,1290029
-126.773,49.463,307.878,1290050
-127.566,49.323,306.470,1290071
-128.617,49.434,304.833,1290092
-129.613,49.117,303.244,1290113
-130.629,48.785,301.630,1290134
-131.336,48.619,300.248,1290155
-132.410,48.659,298.579,1290176
-132.979,48.315,297.300,1290197
-133.830,48.351,295.807,1290218
-134.143,48.244,294.748,1290239
-134.416,47.961,293.704,1290260
-134.819,47.640,292.577,1290281
-135.388,47.627,291.308,1290302
-135.844,47.473,290.119,1290323
-135.977,47.182,289.192,1290344
-136.156,46.915,288.243,1290365
-136.338,47.062,287.306,1290386
-136.319,46.844,286.520,1290407
-136.410,47.046,285.642,1290428
-135.949,47.240,285.171,1290449
-135.474,47.178,284.677,1290470
-134.782,47.373,284.356,1290491
-134.564,47.568,283.704,1290512
-133.773,47.818,283.489,1290533
-132.890,48.005,283.359,1290554
-132.181,48.370,283.080,1290575
-131.415,48.709,282.881,1290596
-130.500,48.873,282.812,1290617
-130.082,49.178,282.363,1290638
-129.608,49.146,281.949,1290659
-128.883,49.353,281.720,1290680
-128.344,49.210,281.355,1290701
-127.726,49.069,281.062,1290722
-127.449,49.048,280.492,1290743
-126.889,48.873,280.169,1290764
-126.583,48.810,279.644,1290785
-125.883,48.690,279.397,1290806
-125.708,48.852,278.753,1290827
-125.081,48.940,278.437,1290848
-124.512,49.065,278.098,1290869
-123.962,48.876,277.766,1290890
-123.981,48.912,276.980,1290911
-124.045,48.971,276.163,1290932
-123.945,48.656,275.492,1290953
-123.648,48.566,274.937,1290974
-123.665,48.188,274.152,1290995
-123.964,48.136,273.140,1291016
-123.846,48.029,272.440,1291037
-124.247,47.801,271.355,1291058
-124.583,47.510,270.296,1291079
-125.031,47.222,269.142,1291100
-125.511,47.198,267.930,1291121
-126.098,47.124,266.673,1291142
-126.657,47.095,265.473,1291163
-126.925,46.990,264.478,1291184
-127.198,46.661,263.507,1291205
-127.695,46.326,262.411,1291226
-127.893,46.170,261.523,1291247
-128.572,46.218,260.259,1291268
-128.708,46.323,259.399,1291289
-128.904,46.209,258.490,1291310
-129.334,46.532,257.396,1291331
-129.930,46.863,256.165,1291352
-130.117,46.821,255.261,1291373
-130.802,46.864,253.967,1291394
-130.997,46.929,253.022,1291415
-131.235,47.069,252.022,1291436
-131.488,47.346,251.011,1291457
-132.060,47.676,249.788,1291478
-132.170,47.829,248.895,1291499
-132.437,47.761,247.890,1291520
-132.886,48.091,246.747,1291541
-133.392,48.215,245.539,1291562
-133.772,48.195,244.403,1291583
-134.223,48.238,243.186,1291604
-134.192,48.097,242.321,1291625
-134.524,48.328,241.162,1291646
-134.585,48.150,240.166,1291667
-134.635,48.386,239.150,1291688
-134.828,48.600,238.021,1291709
-134.648,48.427,237.164,1291730
-134.580,48.266,236.208,1291751
-134.655,48.201,235.121,1291772
-134.181,48.039,234.430,1291793
-133.626,47.867,233.787,1291814
-133.058,47.850,233.122,1291835
-132.409,47.717,232.501,1291856
-131.825,47.715,231.787,1291877
-131.176,47.668,231.137,1291898
-130.468,47.480,230.480,1291919
-130.033,47.118,229.635,1291940
-129.916,47.095,228.575,1291961
-129.890,46.983,227.453,1291982
-129.897,46.827,226.302,1292003
-129.927,46.713,225.131,1292024
-129.452,46.488,224.281,1292045
-129.148,46.115,223.297,1292066
-128.893,46.127,222.242,1292087
-128.917,46.183,220.967,1292108
-129.061,45.982,219.600,1292129
-129.182,45.749,218.240,1292150
-129.278,45.485,216.883,1292171
-129.570,45.345,215.371,1292192
-129.747,45.086,213.936,1292213
-129.669,44.996,212.618,1292234
-129.728,45.073,211.205,1292255
-129.766,45.091,209.788,1292276
-129.740,45.013,208.389,1292297
-130.223,44.924,206.597,1292318
-130.638,44.716,204.832,1292339
-130.967,44.703,203.086,1292360
-131.222,44.438,201.378,1292381
-131.552,44.201,199.576,1292402
-131.714,43.928,197.874,1292423
-131.639,43.971,196.274,1292444
-131.509,43.937,194.689,1292465
-133.196,44.797,192.268,1292486
-134.792,45.587,189.846,1292507
-136.349,46.333,187.384,1292528
-137.856,46.633,184.923,1292549
-139.550,46.537,183.956,1292570
-141.117,46.221,183.026,1292591
-142.115,46.093,182.395,1292612
-143.257,45.998,181.589,1292633
-143.882,45.957,181.058,1292654
-144.243,45.956,180.648,1292675
-144.346,46.008,180.327,1292696
-144.446,46.132,179.950,1292717
-145.782,46.579,178.662,1292738
-146.959,46.854,177.428,1292759
-147.956,47.165,176.300,1292780
-148.581,47.376,175.429,1292801
-149.103,47.666,174.610,1292822
-149.362,47.968,173.917,1292843
-148.989,48.304,173.974,1292864
-148.542,48.792,174.018,1292885
-147.794,49.038,174.225,1292906
-146.990,49.504,174.408,1292927
-146.068,49.898,174.588,1292948
-146.913,50.221,173.348,1292969
-147.618,50.684,172.139,1292990
-147.614,50.768,171.389,1293011
-147.304,50.952,170.797,1293032
-146.779,51.013,170.310,1293053
-146.555,51.340,169.540,1293074
-145.965,51.655,169.058,1293095
-146.309,51.867,167.748,1293116
-146.114,52.279,166.854,1293137
-145.972,52.319,165.875,1293158
-145.426,52.374,165.183,1293179
-144.846,52.390,164.480,1293200
-144.417,52.338,163.608,1293221
-142.740,52.214,164.718,1293242
-140.975,52.091,165.808,1293263
-139.858,52.066,166.186,1293284
-138.718,51.986,166.522,1293305
-137.395,51.735,166.934,1293326
-136.854,51.619,166.636,1293347
-136.150,51.582,166.430,1293368
-135.127,51.541,166.442,1293389
-134.453,51.267,166.158,1293410
-133.813,50.997,165.863,1293431
-133.055,50.624,165.673,1293452
-132.076,50.270,165.665,1293473
-131.742,50.118,165.175,1293494
-131.479,50.099,164.631,1293515
-130.718,50.032,164.465,1293536
-130.554,49.871,163.847,1293557
-130.300,49.583,163.300,1293578
-129.989,49.222,162.814,1293599
-129.371,48.930,162.569,1293620
-128.827,48.564,162.265,1293641
-128.479,48.197,161.815,1293662
-128.154,48.254,161.349,1293683
-127.666,48.251,160.970,1293704
-127.306,48.293,160.514,1293725
-127.277,48.292,159.812,1293746
-127.274,48.089,159.085,1293767
-127.298,47.898,158.324,1293788
-126.811,47.678,157.944,1293809
-126.768,47.731,157.224,1293830
-126.867,47.559,156.365,1293851
-126.534,47.519,155.832,1293872
-126.122,47.416,155.364,1293893
-125.722,47.283,154.879,1293914
-125.832,47.286,154.048,1293935
-125.679,47.381,153.396,1293956
-125.431,47.324,152.809,1293977
-125.379,47.144,152.057,1293998
-125.638,47.090,151.086,1294019
-125.457,47.096,150.415,1294040
-125.338,47.336,149.693,1294061
-125.616,47.353,148.654,1294082
-125.450,47.355,147.949,1294103
-125.516,47.692,147.047,1294124
-125.851,47.702,145.927,1294145
-126.294,47.828,144.703,1294166
-126.789,47.972,143.469,1294187
-127.275,47.894,142.239,1294208
-127.429,47.761,141.254,1294229
-127.588,47.750,140.249,1294250
-128.019,47.937,139.041,1294271
-128.580,47.719,137.745,1294292
-128.962,47.852,136.603,1294313
-129.261,47.933,135.510,1294334
-129.858,48.032,134.185,1294355
-129.907,47.986,133.263,1294376
-130.200,47.714,132.134,1294397
-130.656,47.800,130.874,1294418
-131.184,47.811,129.518,1294439
-131.668,47.727,128.189,1294460
-132.063,47.490,126.934,1294481
-132.132,47.129,125.886,1294502
-132.088,46.926,124.911,1294523
-132.139,46.930,123.842,1294544
-132.241,46.971,122.703,1294565
-132.241,47.011,121.640,1294586
-132.412,46.747,120.448,1294607
-132.386,46.475,119.388,1294628
-132.176,46.562,118.480,1294649
-131.828,46.584,117.648,1294670
-131.436,46.664,116.857,1294691
-131.540,46.873,115.677,1294712
-131.077,46.840,114.891,1294733
-130.568,46.913,114.103,1294754
-130.470,46.856,113.006,1294775
-130.318,47.172,111.927,1294796
-129.717,47.267,111.152,1294817
-129.582,47.294,110.008,1294838
-129.370,47.297,108.913,1294859
-128.909,47.222,107.961,1294880
-128.225,47.294,107.173,1294901
-127.759,47.231,106.241,1294922
-127.071,47.491,105.464,1294943
-126.567,47.828,104.553,1294964
-126.058,47.716,103.649,1294985
-125.335,47.897,102.871,1295006
-124.996,48.087,101.783,1295027
-124.267,47.933,100.964,1295048
-123.885,48.107,99.863,1295069
-123.369,47.833,98.854,1295090
-123.117,47.986,97.647,1295111
-122.916,47.706,96.351,1295132
-122.398,47.602,95.248,1295153
-121.884,47.456,94.107,1295174
-121.940,47.442,92.557,1295195
-121.723,47.103,91.184,1295216
-121.265,46.898,89.969,1295237
-120.959,46.644,88.622,1295258
-120.867,46.469,87.103,1295279
-120.422,46.436,85.835,1295300
-120.019,46.532,84.541,1295321
-119.816,46.401,83.081,1295342
-119.545,46.604,81.650,1295363
-119.720,46.887,79.912,1295384
-120.046,47.095,78.047,1295405
-120.212,47.035,76.336,1295426
-120.619,47.157,74.464,1295447
-120.940,47.136,72.663,1295468
-121.298,47.133,70.870,1295489
-121.426,47.179,69.232,1295510
-122.070,47.414,67.269,1295531
-122.444,47.712,65.507,1295552
-122.967,48.004,63.658,1295573
-123.430,48.246,61.846,1295594
-124.180,48.176,59.842,1295615
-124.865,48.072,57.892,1295636
-125.431,47.950,56.090,1295657
-125.687,47.876,54.530,1295678
-126.072,48.214,52.920,1295699
-126.534,48.202,51.334,1295720
-126.796,48.485,49.915,1295741
-127.055,48.776,48.532,1295762
-127.768,49.060,46.801,1295783
-128.481,49.218,45.104,1295804
-129.149,49.330,43.437,1295825
-130.123,50.347,42.754,1295846
-131.474,51.440,41.717,1295867
-132.853,52.376,40.607,1295888
-134.070,53.314,39.426,1295909
-134.740,53.932,38.653,1295930
-135.872,54.700,37.465,1295951
-137.063,55.126,36.183,1295972
-137.991,55.748,35.099,1295993
-138.853,55.909,34.020,1296014
-139.868,56.062,32.790,1296035
-140.713,56.093,31.697,1296056
-141.650,56.117,30.492,1296077
-141.993,56.234,29.757,1296098
-142.982,56.305,28.487,1296119
-143.729,56.150,27.370,1296140
-144.079,56.196,26.552,1296161
-144.312,56.146,25.799,1296182
-145.037,56.064,24.618,1296203
-145.716,55.878,23.451,1296224
-145.599,55.530,22.901,1296245
-145.723,55.048,22.139,1296266
-145.536,54.529,21.610,1296287
-145.512,54.000,20.944,1296308
-145.798,53.743,20.018,1296329
-145.364,53.327,19.666,1296350
-145.548,52.912,18.783,1296371
-145.670,52.699,17.956,1296392
-145.649,52.519,17.210,1296413
-145.548,52.373,16.497,1296434
-145.364,51.959,15.824,1296455
-146.389,52.116,14.475,1296476
-146.610,52.111,13.732,1296497
-146.973,52.410,12.841,1296518
-146.948,52.543,12.213,1296539
-146.878,52.740,11.633,1296560
-146.820,52.995,10.982,1296581
-146.460,53.063,10.551,1296602
-146.124,53.226,10.067,1296623
-146.337,53.272,9.111,1296644
-146.440,53.296,8.206,1296665
-146.274,53.492,7.460,1296686
-146.661,53.612,6.313,1296707
-146.517,53.509,5.555,1296728
-146.006,53.656,5.098,1296749
-145.896,53.994,4.321,1296770
-145.480,53.995,3.766,1296791
-145.679,54.100,2.711,1296812
-145.618,54.105,1.826,1296833
-145.341,54.103,1.085,1296854
-145.518,54.282,359.946,1296875
-145.336,54.247,359.061,1296896
-144.901,54.426,358.308,1296917
-144.683,54.736,357.359,1296938
-144.260,54.892,356.528,1296959
-143.917,55.111,355.568,1296980
-143.891,55.393,354.309,1297001
-143.671,55.648,353.150,1297022
-143.778,55.724,351.665,1297043
-143.715,55.659,350.274,1297064
-144.214,55.779,348.976,1297085
-144.327,55.949,348.199,1297106
-144.086,55.868,347.666,1297127
-143.374,55.894,347.477,1297148
-143.146,56.012,347.097,1297169
-142.321,56.150,347.145,1297190
-141.557,56.015,347.129,1297211
-141.249,55.948,346.831,1297232
-140.484,56.033,346.872,1297253
-139.729,55.972,346.867,1297274
-139.132,55.715,346.678,1297295
-138.478,55.601,346.525,1297316
-137.737,55.375,346.493,1297337
-137.448,55.314,346.077,1297358
-136.813,54.937,345.906,1297379
-136.172,54.524,345.730,1297400
-135.967,54.402,345.304,1297421
-135.879,54.214,344.769,1297442
-135.726,53.784,344.269,1297463
-135.558,53.307,343.779,1297484
-135.519,52.916,343.188,1297505
-135.352,52.469,342.661,1297526
-134.775,52.038,342.494,1297547
-134.131,51.800,342.326,1297568
-133.481,51.501,342.154,1297589
-132.957,51.401,341.885,1297610
-132.343,51.081,341.667,1297631
-132.216,50.745,341.093,1297652
-132.236,50.610,340.399,1297673
-132.059,50.632,339.825,1297694
-131.503,50.277,339.543,1297715
-131.199,49.914,339.050,1297736
-130.759,49.900,338.662,1297757
-130.205,49.739,338.358,1297778
-129.845,49.376,337.872,1297799
-129.639,49.399,337.277,1297820
-129.633,49.342,336.522,1297841
-129.567,49.312,335.832,1297862
-129.516,49.023,335.118,1297883
-129.454,48.765,334.425,1297904
-129.441,48.604,333.703,1297925
-128.979,48.275,333.308,1297946
-128.497,48.156,332.941,1297967
-128.075,48.133,332.511,1297988
-127.756,47.780,331.990,1298009
-127.329,47.778,331.533,1298030
-127.110,47.485,330.913,1298051
-126.815,47.187,330.332,1298072
-126.850,47.225,329.517,1298093
-126.436,47.253,329.046,1298114
-126.367,47.479,328.325,1298135
-126.141,47.305,327.730,1298156
-126.021,47.531,327.059,1298177
-125.931,47.336,326.375,1298198
-126.235,47.430,325.398,1298219
-126.123,47.556,324.695,1298240
-126.304,47.380,323.769,1298261
-126.246,47.100,322.988,1298282
-126.490,46.942,321.973,1298303
-126.617,47.077,321.035,1298324
-126.529,46.907,320.263,1298345
-126.986,46.979,319.092,1298366
-127.166,47.128,318.129,1298387
-127.336,47.244,317.175,1298408
-127.670,47.478,316.080,1298429
-128.266,47.565,314.795,1298450
-128.906,47.716,313.444,1298471
-129.564,47.842,312.076,1298492
-130.102,47.833,310.810,1298513
-130.532,47.774,309.640,1298534
-130.723,48.011,308.653,1298555
-130.889,48.103,307.685,1298576
-131.017,48.233,306.783,1298597
-131.427,48.209,305.663,1298618
-131.966,48.575,304.440,1298639
-132.224,48.528,303.400,1298660
-132.694,48.609,302.181,1298681
-133.102,48.849,300.983,1298702
-133.308,49.112,299.942,1298723
-133.150,49.098,299.177,1298744
-133.112,48.916,298.295,1298765
-132.927,48.874,297.521,1298786
-133.077,49.100,296.479,1298807
-132.830,48.991,295.713,1298828
-132.965,48.945,294.656,1298849
-132.579,49.046,293.969,1298870
-132.385,49.266,293.151,1298891
-132.315,49.138,292.244,1298912
-132.190,48.925,291.363,1298933
-131.648,48.885,290.788,1298954
-131.081,48.652,290.213,1298975
-131.091,48.631,289.174,1298996
-130.636,48.669,288.484,1299017
-130.454,48.757,287.575,1299038
-130.442,48.753,286.541,1299059
-130.232,48.829,285.638,1299080
-130.255,48.598,284.587,1299101
-130.267,48.291,283.548,1299122
-130.063,47.930,282.708,1299143
-129.968,47.603,281.806,1299164
-129.939,47.269,280.885,1299185
-129.668,47.194,280.170,1299206
-129.919,47.300,279.074,1299227
-130.080,47.432,278.065,1299248
-130.377,47.581,276.975,1299269
-130.712,47.352,275.878,1299290
-131.108,47.534,274.759,1299311
-131.102,47.451,273.916,1299332
-131.138,47.306,273.060,1299353
-131.146,47.245,272.209,1299374
-131.176,47.156,271.348,1299395
-131.432,47.381,270.299,1299416
-131.917,47.281,269.112,1299437
-132.393,47.193,267.963,1299458
-132.897,47.410,266.815,1299479
-132.965,47.648,265.971,1299500
-133.304,47.588,264.917,1299521
-133.474,47.456,263.989,1299542
-133.344,47.525,263.298,1299563
-133.209,47.472,262.612,1299584
-133.562,47.433,261.553,1299605
-133.874,47.648,260.486,1299626
-133.612,47.661,259.863,1299647
-133.677,47.578,258.999,1299668
-133.662,47.831,258.172,1299689
-133.373,48.075,257.567,1299710
-133.186,47.957,256.897,1299731
-132.567,47.781,256.527,1299752
-131.877,47.860,256.205,1299773
-131.179,47.957,255.911,1299794
-130.617,48.075,255.492,1299815
-130.399,47.996,254.818,1299836
-130.114,47.820,254.211,1299857
-129.940,47.684,253.521,1299878
-129.775,47.716,252.829,1299899
-129.462,47.783,252.260,1299920
-128.743,47.635,251.998,1299941
-128.185,47.302,251.605,1299962
-127.510,47.136,251.309,1299983
-126.878,46.958,250.979,1300004
-126.303,46.787,250.619,1300025
-125.793,46.595,250.211,1300046
-125.459,46.780,249.679,1300067
-125.142,46.931,249.117,1300088
-125.203,47.103,248.280,1300110
-125.155,46.901,247.517,1300131
-125.312,46.772,246.600,1300152
-125.056,46.574,245.979,1300173
-125.197,46.411,245.066,1300194
-125.310,46.594,244.153,1300215
-125.376,46.776,243.272,1300236
-125.736,46.745,242.178,1300257
-125.655,46.828,241.410,1300278
-126.137,46.851,240.223,1300299
-126.654,47.078,239.020,1300320
-127.055,46.974,237.905,1300341
-127.286,46.813,236.906,1300362
-127.241,46.791,236.087,1300383
-127.600,46.633,234.979,1300404
-127.598,46.757,234.103,1300425
-127.671,46.929,233.185,1300446
-128.043,47.198,232.031,1300467
-128.107,47.065,231.136,1300488
-128.595,47.168,229.916,1300509
-128.943,47.064,228.765,1300530
-128.955,46.842,227.867,1300551
-128.932,46.983,227.000,1300572
-128.693,46.898,226.294,1300593
-128.462,46.937,225.584,1300614
-128.256,46.731,224.858,1300635
-128.513,46.800,223.824,1300656
-128.711,47.000,222.790,1300677
-128.808,47.224,221.840,1300698
-128.957,47.429,220.856,1300719
-128.791,47.184,220.093,1300740
-128.875,47.014,219.119,1300761
-128.557,47.008,218.440,1300782
-128.447,46.732,217.616,1300803
-128.131,46.748,216.965,1300824
-128.113,46.533,216.086,1300845
-128.204,46.621,215.172,1300866
-128.084,46.797,214.399,1300887
-127.923,46.603,213.667,1300908
-127.896,46.438,212.820,1300929
-127.692,46.264,212.113,1300950
-127.297,46.319,211.530,1300971
-127.251,46.529,210.732,1300992
-127.062,46.307,210.026,1301013
-126.925,46.532,209.279,1301034
-126.625,46.605,208.631,1301055
-126.650,46.815,207.736,1301076
-126.296,46.708,207.086,1301097
-126.484,46.742,206.016,1301118
-126.573,46.569,204.998,1301139
-126.279,46.579,204.275,1301160
-126.226,46.367,203.377,1301181
-126.084,46.143,202.505,1301202
-125.730,46.083,201.752,1301223
-125.454,46.142,200.940,1301244
-125.586,46.028,199.818,1301265
-125.781,46.149,198.659,1301286
-125.963,46.253,197.486,1301307
-126.211,46.093,196.264,1301328
-126.554,46.031,194.975,1301349
-126.395,46.028,194.020,1301370
-126.698,45.921,192.716,1301391
-126.553,45.832,191.736,1301412
-126.951,45.894,190.343,1301433
-126.925,46.086,189.227,1301454
-126.958,46.305,188.079,1301475
-127.311,46.479,186.713,1301496
-127.426,46.285,185.496,1301517
-127.701,46.148,184.154,1301538
-127.621,45.976,183.060,1301559
-127.868,45.847,181.736,1301580
-127.876,45.668,180.573,1301601
-127.820,45.469,179.456,1301622
-127.713,45.619,178.376,1301644
-127.687,45.863,177.255,1301665
-127.931,46.104,175.928,1301686
-128.015,46.387,174.728,1301707
-127.954,46.640,173.594,1301728
-128.194,46.576,172.269,1301749
-127.110,46.863,172.527,1301770
-125.956,46.929,172.797,1301791
-124.895,46.959,173.000,1301812
-124.005,47.075,173.039,1301833
-123.125,46.983,173.054,1301854
-122.383,47.093,172.972,1301875
-121.854,47.290,172.736,1301896
-121.494,47.149,172.377,1301917
-121.283,47.150,171.897,1301938
-120.925,46.931,171.542,1301959
-120.808,46.862,171.021,1301980
-120.785,46.796,170.431,1302001
-120.392,46.898,170.121,1302022
-120.135,46.955,169.706,1302043
-119.899,46.947,169.284,1302064
-119.697,46.828,168.809,1302085
-119.905,46.574,168.045,1302106
-120.075,46.694,167.301,1302127
-120.011,46.681,166.834,1302148
-119.500,46.548,166.671,1302169
-119.191,46.365,166.352,1302190
-118.864,46.328,165.991,1302211
-118.753,46.610,165.474,1302232
-118.850,46.896,164.794,1302253
-119.103,47.102,163.981,1302274
-119.010,47.294,163.390,1302295
-118.800,47.519,162.931,1302316
-118.847,47.424,162.227,1302337
-119.096,47.533,161.387,1302358
-118.842,47.538,160.887,1302379
-119.057,47.641,160.021,1302400
-119.159,47.642,159.268,1302421
-119.346,47.740,158.445,1302442
-119.081,47.989,157.963,1302463
-118.789,48.199,157.513,1302484
-118.615,48.495,156.959,1302505
-118.840,48.585,156.080,1302526
-118.741,48.532,155.440,1302547
-118.491,48.641,154.888,1302568
-118.204,48.683,154.343,1302589
-118.370,48.951,153.422,1302610
-118.298,49.211,152.676,1302631
-118.462,49.355,151.717,1302652
-118.278,49.096,151.004,1302673
-118.126,49.222,150.245,1302694
-117.777,48.944,149.575,1302715
-117.569,48.610,148.746,1302736
-117.179,48.534,148.027,1302757
-117.265,48.331,146.918,1302778
-116.948,48.299,146.061,1302799
-116.882,47.972,145.002,1302820
-116.547,47.665,144.065,1302841
-116.310,47.698,143.023,1302862
-116.078,47.711,141.951,1302883
-115.823,47.495,140.864,1302904
-115.060,47.654,140.332,1302925
-114.123,47.834,140.741,1302946
-113.341,47.981,140.934,1302967
-112.632,47.967,140.967,1302988
-112.353,47.909,140.619,1303009
-112.014,47.709,140.751,1303030
-111.541,47.778,140.837,1303051
-111.238,47.997,140.710,1303072
-111.152,47.961,140.310,1303093
-111.095,48.070,140.066,1303114
-111.140,48.054,139.680,1303135
-111.238,47.942,139.187,1303156
-111.246,48.094,138.681,1303177
-111.501,47.929,137.922,1303198
-111.851,47.783,137.212,1303219
-111.987,47.520,136.614,1303240
-112.122,47.645,135.954,1303261
-112.446,47.853,135.108,1303282
-113.148,47.783,134.073,1303303
-113.475,47.675,133.273,1303324
-114.349,47.618,132.014,1303345
-115.257,47.537,130.666,1303366
-116.267,47.542,129.184,1303387
-117.257,47.341,127.672,1303408
-118.295,47.123,126.089,1303429
-119.507,47.056,124.323,1303450
-120.283,47.028,122.853,1303471
-121.124,47.069,121.346,1303492
-122.191,47.166,119.676,1303513
-123.428,47.241,117.829,1303534
-124.531,46.988,116.043,1303555
-125.478,46.652,114.365,1303576
-126.557,46.425,112.536,1303597
-127.308,46.046,110.913,1303618
-127.817,45.954,109.420,1303639
-128.207,45.917,107.984,1303660
-128.474,45.685,106.625,1303681
-129.149,45.711,104.963,1303702
-129.697,45.856,103.385,1303723
-130.022,46.062,101.971,1303744
-130.214,45.858,100.611,1303765
-130.561,45.787,99.144,1303786
-130.944,45.855,97.600,1303807
-130.751,45.933,96.481,1303828
-130.544,45.882,95.373,1303849
-130.452,46.212,94.172,1303870
-130.075,46.444,93.175,1303891
-129.699,46.794,92.164,1303912
-129.708,47.027,90.858,1303933
-129.128,47.374,89.998,1303954
-128.783,47.868,88.944,1303975
-128.263,47.908,88.006,1303996
-127.947,47.961,86.913,1304017
-127.653,48.012,85.813,1304038
-127.276,47.966,84.758,1304059
-126.543,48.045,83.919,1304080
-126.150,48.358,82.845,1304101
-126.075,48.467,81.490,1304122
-126.026,48.509,80.122,1304143
-125.670,48.635,78.962,1304164
-125.328,48.353,77.782,1304185
-124.859,48.268,76.755,1304206
-124.759,47.986,75.442,1304227
-124.347,47.711,74.377,1304248
-123.955,47.666,73.313,1304269
-124.114,47.605,71.814,1304290
-124.220,47.341,70.337,1304311
-124.068,47.307,69.080,1304332
-124.285,47.198,67.547,1304353
-124.005,46.942,66.413,1304374
-124.332,46.736,64.868,1304395
-124.304,46.263,63.608,1304416
-124.120,46.016,62.446,1304437
-123.996,45.789,61.225,1304458
-123.827,45.539,60.045,1304479
-124.195,45.341,58.464,1304500
-124.591,45.137,56.868,1304521
-124.935,44.881,55.318,1304542
-125.309,44.814,53.742,1304563
-125.324,44.827,52.424,1304584
-125.372,44.511,51.100,1304605
-125.293,44.268,49.871,1304626
-125.114,44.228,48.724,1304647
-124.924,44.262,47.576,1304668
-125.118,44.521,46.169,1304689
-125.325,44.832,44.750,1304710
-125.150,44.966,43.592,1304731
-125.500,45.296,42.049,1304752
-125.798,45.353,40.530,1304773
-126.196,45.618,38.961,1304794
-126.100,45.859,37.734,1304815
-125.959,45.940,36.542,1304836
-126.113,45.932,35.140,1304857
-126.058,46.283,33.921,1304878
-126.074,46.258,32.635,1304899
-126.172,46.680,31.308,1304920
-126.057,47.030,30.131,1304941
-126.373,47.247,28.643,1304962
-126.248,47.568,27.486,1304983
-126.239,47.584,26.230,1305004
-126.023,47.712,25.123,1305025
-125.794,47.787,24.034,1305046
-126.055,48.058,22.567,1305067
-126.211,48.490,21.169,1305088
-125.919,48.645,20.057,1305109
-126.165,48.929,18.522,1305130
-125.921,49.282,17.319,1305151
-125.720,49.644,16.044,1305172
-125.963,49.930,14.419,1305193
-125.815,49.927,13.046,1305214
-125.385,50.179,11.806,1305235
-125.001,50.498,10.509,1305256
-124.429,50.647,9.297,1305277
-123.826,50.889,8.113,1305298
-123.342,51.239,6.803,1305319
-123.037,51.651,5.343,1305340
-123.002,51.793,3.656,1305361
-120.502,51.851,4.700,1305382
-118.469,51.764,5.322,1305403
-116.516,51.595,5.841,1305424
-114.575,51.422,6.313,1305445
-112.792,51.273,6.652,1305466
-111.706,51.278,6.418,1305487
-110.396,51.386,6.369,1305508
-109.278,51.371,6.171,1305529
-108.408,51.329,5.777,1305550
-107.750,51.334,5.192,1305571
-107.277,51.368,4.424,1305592
-106.974,51.264,3.469,1305613
-106.873,51.040,2.344,1305634
-106.810,50.993,1.183,1305655
-106.893,50.895,359.906,1305676
-107.555,50.623,358.240,1305697
-108.260,50.283,356.557,1305718
-109.312,50.263,354.626,1305739
-110.549,50.180,352.563,1305760
-112.002,50.048,350.323,1305781
-113.535,49.732,348.034,1305802
-115.240,49.478,345.580,1305823
-117.105,49.259,342.978,1305844
-119.007,49.115,340.363,1305865
-120.631,48.626,337.985,1305886
-122.188,48.455,335.667,1305907
-123.365,48.363,333.575,1305928
-124.478,48.125,331.567,1305949
-126.026,47.918,329.247,1305970
-127.373,47.589,327.078,1305991
-128.560,47.227,325.002,1306012
-129.458,46.862,323.148,1306033
-130.792,46.607,320.973,1306054
-132.040,46.589,318.865,1306075
-133.334,46.482,316.707,1306096
-134.027,46.238,314.997,1306117
-135.057,45.950,313.041,1306138
-136.151,45.975,311.023,1306159
-137.249,45.938,309.024,1306180
-138.077,45.752,307.236,1306201
-138.745,45.551,305.557,1306222
-138.924,45.579,304.254,1306243
-139.254,45.881,302.846,1306264
-139.342,46.133,301.626,1306285
-139.413,46.515,300.395,1306306
-139.606,46.631,299.132,1306327
-139.943,46.988,297.761,1306348
-139.735,47.470,296.781,1306369
-139.952,48.021,295.524,1306390
-139.606,48.380,294.702,1306411
-139.863,48.916,293.465,1306432
-139.467,49.331,292.731,1306453
-139.008,49.737,292.026,1306474
-139.023,50.156,290.957,1306495
-138.391,50.629,290.336,1306516
-137.963,51.215,289.540,1306537
-137.424,51.707,288.794,1306558
-137.222,51.910,287.802,1306579
-136.920,52.027,286.889,1306600
-136.116,52.167,286.339,1306621
-135.300,52.285,285.791,1306642
-134.836,52.181,284.954,1306663
-134.692,52.214,283.832,1306684
-133.959,52.207,283.181,1306705
-133.586,52.256,282.258,1306726
-133.136,51.832,281.393,1306747
-132.626,51.732,280.549,1306768
-132.395,51.584,279.518,1306789
-132.101,51.068,278.544,1306810
-131.575,50.458,277.778,1306831
-131.242,49.837,276.834,1306852
-130.509,49.324,276.232,1306873
-129.802,48.740,275.596,1306894
-129.139,48.326,274.930,1306915
-128.895,47.999,273.968,1306936
-128.192,47.416,273.344,1306957
-127.519,46.921,272.689,1306978
-127.376,46.481,271.677,1306999
-127.047,45.952,270.792,1307021
-126.414,45.491,270.134,1307042
-125.761,45.087,269.499,1307063
-125.219,44.999,268.759,1307084
-124.905,45.015,267.871,1307105
-124.760,44.775,266.855,1307126
-124.452,44.480,265.968,1307147
-124.295,44.316,264.997,1307168
-123.876,44.096,264.196,1307189
-123.476,44.313,263.355,1307210
-123.324,44.619,262.362,1307231
-123.380,44.729,261.216,1307252
-123.019,44.867,260.357,1307273
-122.768,44.980,259.440,1307294
-122.968,45.414,258.213,1307315
-123.222,45.874,256.979,1307336
-123.434,46.480,255.752,1307357
-123.710,47.032,254.468,1307378
-124.061,47.321,253.140,1307399
-124.100,47.380,252.011,1307420
-124.039,47.681,250.954,1307441
-124.039,48.020,249.851,1307462
-124.002,48.158,248.766,1307483
-124.421,48.209,247.336,1307504
-124.890,48.598,245.866,1307525
-125.457,48.698,244.303,1307546
-125.676,48.988,242.996,1307567
-125.633,49.045,241.893,1307588
-126.031,49.213,240.462,1307609
-126.214,48.925,239.176,1307630
-126.682,48.784,237.649,1307651
-126.653,48.716,236.473,1307672
-126.761,48.695,235.176,1307693
-126.787,48.594,233.895,1307714
-127.067,48.625,232.380,1307735
-127.444,48.300,230.782,1307756
-127.821,47.957,229.155,1307777
-127.796,47.514,227.785,1307798
-127.854,47.001,226.335,1307819
-127.766,46.481,224.984,1307840
-127.497,46.192,223.748,1307861
-127.234,45.982,222.526,1307882
-127.044,45.533,221.209,1307903
-126.866,45.443,219.854,1307924
-126.624,45.374,218.540,1307945
-126.779,45.091,216.949,1307966
-126.460,44.872,215.682,1307987
-126.730,44.794,214.015,1308008
-126.853,44.541,212.429,1308029
-126.702,44.582,210.999,1308050
-126.519,44.571,209.588,1308071
-126.800,44.769,207.861,1308092
-127.121,44.962,206.103,1308113
-127.089,45.204,204.629,1308134
-127.400,45.219,202.900,1308155
-127.518,45.161,201.323,1308176
-127.913,45.235,199.585,1308197
-128.147,45.205,197.953,1308218
-128.153,45.244,196.489,1308239
-128.619,45.517,194.700,1308260
-128.632,45.879,193.215,1308281
-128.544,46.210,191.801,1308302
-128.497,46.598,190.380,1308323
-128.386,46.676,189.007,1308344
-128.759,47.015,187.303,1308365
-128.701,47.024,185.933,1308386
-128.775,47.017,184.441,1308407
-129.058,47.069,182.808,1308428
-129.301,47.027,181.223,1308449
-129.287,46.886,179.848,1308470
-129.170,47.095,178.537,1308491
-129.411,47.289,176.979,1308512
-129.497,47.532,175.554,1308533
-129.330,47.730,174.327,1308554
-129.085,47.872,173.190,1308575
-129.016,47.716,171.937,1308596
-128.974,47.581,170.721,1308617
-128.548,47.518,169.822,1308638
-128.096,47.499,168.943,1308659
-128.042,47.349,167.792,1308680
-127.939,47.512,166.688,1308701
-127.783,47.238,165.620,1308722
-125.817,47.668,165.821,1308743
-124.107,48.212,165.841,1308764
-122.829,48.457,165.555,1308785
-121.268,48.883,165.457,1308806
-119.765,49.155,165.306,1308827
-118.870,49.373,164.679,1308848
-117.996,49.500,164.017,1308869
-116.759,49.635,163.636,1308890
-115.729,50.060,163.075,1308911
-115.138,50.297,162.147,1308932
-114.270,50.642,161.398,1308953
-113.362,50.895,160.652,1308974
-112.647,50.839,159.722,1308995
-112.513,50.863,158.304,1309016
-112.876,50.600,158.514,1309037
-112.711,50.429,159.170,1309058
-112.640,50.136,159.577,1309079
-112.643,49.841,159.766,1309100
-112.780,49.691,159.707,1309121
-112.824,49.435,159.557,1309142
-113.119,48.925,159.145,1309163
-113.601,48.539,158.525,1309184
-114.130,48.206,157.801,1309205
-114.535,47.651,157.111,1309226
-115.089,47.139,156.258,1309247
-115.940,46.672,155.682,1309268
-116.889,46.215,154.955,1309289
-117.590,45.929,154.328,1309310
-118.096,45.402,153.748,1309331
-118.613,45.187,153.111,1309352
-119.459,44.802,152.146,1309373
-120.296,44.415,151.142,1309394
-120.977,43.908,150.186,1309415
-121.785,43.675,149.067,1309436
-122.514,43.371,147.947,1309457
-122.884,42.999,147.021,1309478
-123.067,42.896,146.169,1309499
-123.403,43.083,145.154,1309520
-123.905,43.291,143.994,1309541
-124.049,43.589,143.039,1309562
-124.169,43.741,142.397,1309583
-124.335,44.043,141.682,1309604
-124.757,44.148,140.732,1309625
-125.056,44.184,139.807,1309646
-125.077,44.608,139.027,1309667
-125.254,44.709,138.076,1309688
-125.334,44.806,137.160,1309709
-125.217,45.138,136.589,1309730
-125.184,45.578,135.931,1309751
-125.231,46.090,135.177,1309772
-125.217,46.199,134.413,1309793
-124.880,46.352,133.858,1309814
-124.433,46.639,133.348,1309835
-124.468,46.918,132.430,1309856
-124.477,47.219,131.517,1309877
-124.276,47.328,130.704,1309898
-124.213,47.525,129.790,1309919
-123.705,47.862,129.178,1309940
-123.475,48.296,128.336,1309961
-123.419,48.369,127.328,1309982
-123.019,48.618,126.566,1310003
-122.595,48.753,125.789,1310024
-122.602,48.704,124.709,1310045
-122.683,48.715,123.542,1310066
-122.259,48.762,122.719,1310087
-122.100,48.528,121.713,1310108
-121.877,48.267,120.746,1310129
-121.667,48.402,119.782,1310150
-121.324,48.335,118.943,1310171
-121.523,48.248,117.688,1310192
-121.772,48.265,116.371,1310213
-121.645,48.353,115.323,1310234
-121.765,48.075,114.096,1310255
-121.540,47.905,113.125,1310276
-121.376,47.648,112.115,1310297
-121.213,47.474,111.098,1310318
-121.036,47.321,110.091,1310339
-121.054,47.473,108.967,1310360
-120.950,47.605,107.923,1310381
-121.246,47.751,106.601,1310402
-121.498,47.953,105.320,1310423
-121.736,47.983,104.027,1310444
-121.759,47.922,102.890,1310465
-121.760,47.854,101.748,1310486
-121.691,47.773,100.638,1310507
-121.483,47.663,99.651,1310528
-121.564,47.965,98.459,1310549
-121.516,48.279,97.349,1310570
-121.449,48.549,96.238,1310591
-121.246,48.810,95.184,1310612
-121.391,48.801,93.869,1310633
-121.104,48.613,92.859,1310654
-120.772,48.545,91.889,1310675
-120.814,48.328,90.633,1310696
-120.654,48.107,89.526,1310717
-120.362,48.005,88.504,1310738
-120.639,47.926,87.073,1310759
-120.425,47.879,85.988,1310780
-120.663,47.698,84.563,1310801
-120.832,47.760,83.192,1310822
-121.099,47.687,81.741,1310843
-121.350,47.676,80.283,1310864
-121.356,47.278,79.020,1310885
-121.430,47.298,77.671,1310906
-121.323,47.050,76.452,1310927
-121.234,46.767,75.212,1310948
-121.277,46.725,73.848,1310969
-121.392,46.341,72.402,1310990
-121.634,45.972,70.880,1311011
-121.923,45.640,69.337,1311032
-122.296,45.481,67.755,1311053
-122.209,45.423,66.475,1311074
-122.353,45.557,65.049,1311095
-122.605,45.701,63.530,1311116
-122.907,45.558,61.952,1311137
-122.859,45.661,60.628,1311158
-122.819,45.820,59.308,1311179
-123.185,45.824,57.674,1311200
-123.583,45.928,55.982,1311221
-123.943,46.028,54.346,1311242
-124.193,46.336,52.767,1311263
-124.296,46.282,51.270,1311284
-124.225,46.246,49.875,1311305
-124.137,46.587,48.459,1311326
-124.125,46.979,46.970,1311347
-124.132,46.990,45.413,1311368
-124.267,47.444,43.749,1311389
-124.675,47.710,41.858,1311410
-124.569,47.987,40.352,1311431
-124.665,48.353,38.663,1311452
-124.982,48.396,36.813,1311473
-124.807,48.491,35.314,1311494
-124.625,48.424,33.809,1311515
-124.443,48.636,32.252,1311536
-124.262,48.834,30.681,1311557
-123.992,48.824,29.133,1311578
-123.962,49.159,27.388,1311599
-123.775,49.470,25.728,1311620
-123.845,49.508,23.863,1311641
-123.788,49.483,22.089,1311662
-123.380,49.385,20.582,1311683
-122.936,49.573,19.089,1311704
-122.428,49.663,17.625,1311725
-122.457,49.822,15.738,1311746
-120.438,49.752,15.995,1311767
-118.537,49.644,16.146,1311788
-117.228,49.672,15.850,1311809
-116.075,49.646,15.421,1311830
-114.907,49.485,15.025,1311851
-113.691,49.611,14.652,1311872
-112.644,49.630,14.166,1311893
-111.821,49.728,13.481,1311914
-111.164,49.822,12.637,1311935
-110.732,49.884,11.613,1311956
-110.440,49.862,10.454,1311977
-110.424,49.940,9.087,1311998
-110.814,50.116,7.452,1312019
-111.560,49.967,5.541,1312040
-112.308,49.663,3.635,1312061
-113.238,49.414,1.625,1312082
-114.258,49.092,359.541,1312103
-115.499,48.862,357.308,1312124
-116.541,48.851,355.219,1312145
-117.916,48.542,352.875,1312166
-119.342,48.157,350.495,1312187
-120.588,48.058,348.252,1312208
-122.141,47.666,345.779,1312229
-123.696,47.228,343.300,1312250
-124.797,46.928,341.162,1312271
-126.296,46.517,338.734,1312292
-127.274,46.004,336.699,1312313
-128.198,45.740,334.674,1312334
-129.405,45.534,332.483,1312355
-130.336,45.033,330.492,1312376
-131.362,44.834,328.442,1312397
-132.158,44.519,326.546,1312418
-132.928,44.341,324.664,1312439
-133.353,44.033,323.047,1312460
-133.544,43.773,321.594,1312481
-134.409,43.266,320.960,1312503
-135.102,42.723,320.391,1312524
-135.582,42.666,319.926,1312545
-135.950,42.280,319.504,1312566
-136.318,42.372,319.087,1312587
-136.581,42.567,318.722,1312608
-136.488,42.675,318.593,1312629
-136.817,42.749,318.176,1312650
-137.031,43.163,317.814,1312671
-136.876,43.640,317.713,1312692
-136.708,43.801,317.622,1312713
-136.457,44.447,317.580,1312734
-136.080,45.149,317.607,1312756
-135.770,45.925,317.586,1312777
-135.125,46.399,317.922,1312798
-134.955,46.723,318.092,1312819
-134.383,47.308,318.511,1312840
-133.877,47.494,318.844,1312861
-133.390,47.603,319.130,1312882
-132.701,47.867,319.540,1312903
-132.261,48.267,319.718,1312924
-131.925,48.565,319.950,1312945
-131.571,48.817,320.180,1312966
-131.321,49.084,320.304,1312987
-131.343,49.219,320.210,1313008
-131.035,49.043,320.340,1313029
-130.671,48.827,320.476,1313050
-130.088,48.748,320.714,1313071
-129.675,48.856,320.814,1313092
-129.480,48.975,320.721,1313113
-129.013,48.882,320.783,1313134
-129.118,48.845,320.398,1313155
-128.741,48.668,320.347,1313176
-128.511,48.657,320.173,1313197
-128.604,48.299,319.719,1313218
-128.517,47.925,319.381,1313239
-128.849,47.619,318.710,1313260
-128.738,47.313,318.352,1313281
-129.145,47.087,317.605,1313302
-129.410,47.138,316.922,1313323
-129.371,47.051,316.465,1313344
-129.748,47.108,315.665,1313365
-129.677,46.989,315.188,1313386
-130.137,46.875,314.283,1313407
-130.144,46.898,313.683,1313428
-130.614,46.973,312.738,1313449
-130.752,46.755,311.984,1313470
-130.781,46.600,311.281,1313491
-130.712,46.471,310.623,1313512
-130.970,46.455,309.738,1313533
-131.320,46.688,308.766,1313554
-131.525,46.736,307.875,1313575
-131.666,47.098,307.019,1313596
-131.620,47.428,306.285,1313617
-131.487,47.710,305.642,1313638
-131.299,47.709,304.985,1313659
-131.073,47.850,304.367,1313680
-130.836,47.859,303.726,1313701
-130.516,47.965,303.117,1313722
-130.663,47.975,302.156,1313743
-130.642,47.868,301.279,1313764
-130.367,48.059,300.585,1313785
-130.347,47.909,299.691,1313806
-130.469,48.078,298.670,1313827
-130.587,48.154,297.642,1313848
-130.402,47.934,296.825,1313869
-130.167,47.697,296.041,1313890
-129.721,47.687,295.415,1313911
-129.725,47.502,294.432,1313932
-129.415,47.545,293.659,1313953
-129.177,47.622,292.843,1313974
-129.125,47.716,291.846,1313995
-128.843,47.702,291.024,1314016
-128.529,47.402,290.238,1314037
-128.693,47.242,289.088,1314058
-128.825,47.062,287.935,1314079
-128.658,47.098,287.006,1314100
-128.312,46.784,286.230,1314121
-128.274,46.502,285.201,1314142
-128.018,46.191,284.320,1314163
-128.056,46.294,283.233,1314184
-127.954,46.465,282.247,1314205
-128.085,46.322,281.101,1314226
-128.103,46.083,280.029,1314247
-128.293,46.136,278.805,1314268
-128.242,45.846,277.738,1314289
-128.056,45.555,276.804,1314310
-127.751,45.483,275.932,1314331
-127.662,45.649,274.922,1314352
-127.659,45.848,273.840,1314373
-127.638,45.740,272.790,1314394
-127.936,45.799,271.512,1314415
-128.116,45.770,270.348,1314436
-128.387,45.879,269.109,1314457
-128.497,45.837,267.995,1314478
-128.263,46.016,267.119,1314499
-128.067,46.235,266.207,1314520
-127.925,46.503,265.250,1314541
-128.028,46.803,264.142,1314562
-128.328,47.038,262.886,1314583
-128.209,46.897,261.924,1314604
-128.283,47.157,260.826,1314625
-128.638,47.182,259.517,1314646
-128.941,47.156,258.275,1314667
-129.373,47.361,256.950,1314688
-129.422,47.257,255.883,1314709
-129.482,47.146,254.806,1314730
-129.839,47.223,253.499,1314751
-129.622,47.259,252.623,1314772
-129.558,47.396,251.624,1314793
-129.814,47.354,250.387,1314814
-129.972,47.095,249.240,1314835
-130.242,46.920,247.950,1314856
-129.994,46.872,247.042,1314877
-129.722,46.750,246.132,1314898
-129.836,46.459,244.942,1314919
-129.568,46.361,243.998,1314940
-129.418,46.335,242.957,1314961
-129.163,46.154,241.965,1314982
-129.000,46.087,240.904,1315003
-129.262,46.080,239.515,1315024
-129.402,46.126,238.220,1315045
-129.115,45.890,237.235,1315066
-129.129,45.550,236.037,1315087
-128.960,45.180,234.969,1315108
-128.565,44.941,234.039,1315129
-128.213,44.712,233.074,1315150
-128.082,44.814,231.961,1315171
-127.731,44.608,230.979,1315192
-127.702,44.798,229.751,1315213
-127.685,44.615,228.526,1315234
-127.766,44.535,227.227,1315255
-127.922,44.674,225.859,1315276
-128.025,44.642,224.529,1315297
-128.085,44.574,223.232,1315318
-128.239,44.592,221.885,1315339
-127.908,44.516,220.867,1315360
-127.709,44.737,219.759,1315381
-127.414,44.872,218.724,1315402
-127.210,45.114,217.628,1315423
-127.401,45.202,216.239,1315444
-127.178,45.089,215.148,1315465
-126.850,45.171,214.118,1315486
-126.957,45.121,212.812,1315507
-126.909,44.968,211.631,1315528
-126.666,45.092,210.565,1315549
-126.543,45.346,209.410,1315570
-126.734,45.498,208.026,1315591
-126.724,45.759,206.801,1315612
-126.898,45.795,205.414,1315633
-126.335,45.738,205.048,1315654
-124.910,45.851,205.447,1315675
-124.041,45.862,205.461,1315696
-122.814,45.895,205.705,1315717
-121.716,45.848,205.854,1315738
-120.691,45.875,205.924,1315759
-119.861,46.056,205.857,1315780
-119.112,46.154,205.717,1315801
-118.733,46.385,205.276,1315822
-118.394,46.634,204.804,1315843
-118.312,46.607,204.121,1315864
-118.029,46.433,203.597,1315885
-118.155,46.564,202.775,1315906
-118.441,46.646,201.809,1315927
-118.328,46.759,201.154,1315948
-118.408,46.922,200.344,1315969
-119.000,46.935,199.159,1315990
-119.685,47.224,197.888,1316011
-120.485,47.309,196.538,1316032
-121.298,47.210,195.177,1316053
-122.058,46.991,193.846,1316074
-122.704,47.142,192.575,1316095
-123.622,46.921,191.086,1316116
-124.114,46.726,189.910,1316137
-124.593,46.482,188.714,1316158
-125.090,46.187,187.473,1316179
-125.650,46.146,186.151,1316200
-126.207,46.120,184.836,1316221
-126.417,46.203,183.743,1316243
-126.766,46.290,182.521,1316264
-126.938,46.390,181.374,1316285
-127.212,46.146,180.148,1316306
-127.498,45.978,178.876,1316327
-127.628,45.742,177.715,1316348
-127.455,45.804,176.730,1316369
-127.220,45.788,175.777,1316390
-127.402,45.955,174.473,1316411
-127.145,45.929,173.468,1316432
-127.124,45.679,172.277,1316453
-127.365,45.724,170.835,1316474
-127.183,45.511,169.682,1316495
-127.228,45.375,168.303,1316516
-126.819,45.348,167.216,1316537
-126.400,45.338,166.123,1316558
-126.031,45.411,164.956,1316579
-125.628,45.481,163.766,1316600
-125.263,45.572,162.532,1316621
-125.276,45.697,161.001,1316642
-125.267,45.547,159.459,1316663
-125.255,45.389,157.902,1316684
-125.317,45.246,156.232,1316705
-125.005,45.216,154.782,1316726
-125.028,45.032,153.101,1316747
-125.267,44.662,152.801,1316768
-125.523,44.424,152.368,1316789
-125.632,44.236,151.947,1316810
-125.925,44.132,151.309,1316831
-125.764,43.721,150.888,1316852
-125.854,43.440,150.249,1316873
-125.923,43.319,149.559,1316894
-125.931,43.291,148.888,1316915
-125.649,43.166,148.366,1316936
-125.088,43.200,148.009,1316957
-124.452,43.329,147.677,1316978
-123.868,43.821,147.253,1316999
-123.385,43.766,147.201,1317020
-123.233,44.136,146.840,1317041
-122.858,44.555,146.593,1317062
-122.672,44.696,146.162,1317083
-122.484,44.874,145.717,1317104
-122.250,45.052,145.274,1317125
-122.154,45.500,144.685,1317146
-121.707,46.041,144.312,1317167
-121.142,46.374,144.039,1317188
-120.686,46.919,143.654,1317209
-120.301,47.509,143.204,1317230
-120.257,47.792,142.475,1317251
-120.188,47.963,141.717,1317272
-120.168,48.050,140.961,1317293
-119.781,48.007,140.442,1317314
-119.575,47.925,139.743,1317335
-119.633,48.068,138.807,1317356
-119.344,48.288,138.096,1317377
-119.064,48.422,137.337,1317398
-118.919,48.550,136.442,1317419
-118.870,48.220,135.467,1317440
-119.200,48.184,134.178,1317461
-119.589,48.114,132.827,1317482
-119.890,47.812,131.544,1317503
-120.417,47.828,130.060,1317524
-120.677,47.474,128.768,1317545
-121.178,47.225,127.292,1317566
-121.576,46.881,125.906,1317587
-122.101,46.888,124.396,1317608
-122.271,46.788,123.148,1317629
-122.416,46.579,121.887,1317650
-123.076,46.383,120.254,1317671
-123.559,46.423,118.726,1317692
-123.850,46.382,117.337,1317713
-124.401,45.999,115.754,1317734
-124.577,45.831,114.446,1317755
-124.955,45.417,112.971,1317776
-125.488,45.106,111.409,1317797
-125.652,45.033,110.097,1317818
-125.888,45.101,108.736,1317839
-126.345,45.195,107.221,1317860
-126.748,45.368,105.745,1317881
-127.196,45.428,104.229,1317902
-127.381,45.339,102.913,1317923
-127.255,45.384,101.834,1317944
-127.077,45.548,100.770,1317965
-127.049,45.533,99.607,1317986
-126.823,45.706,98.571,1318007
-126.852,45.676,97.347,1318028
-126.752,46.024,96.219,1318049
-127.002,46.241,94.852,1318070
-127.208,46.464,93.529,1318091
-127.377,46.677,92.216,1318112
-127.151,46.582,91.196,1318133
-127.093,46.894,90.069,1318154
-126.718,46.911,89.178,1318175
-126.342,46.951,88.276,1318196
-126.012,47.105,87.373,1318217
-125.813,47.301,86.376,1318238
-125.946,47.591,85.136,1318259
-126.196,47.539,83.794,1318280
-126.455,47.498,82.430,1318301
-126.733,47.589,81.064,1318322
-126.479,47.555,80.100,1318343
-126.442,47.266,78.979,1318364
-126.160,46.984,78.018,1318385
-125.946,46.661,77.033,1318406
-125.657,46.705,76.101,1318427
-125.290,46.680,75.266,1318448
-125.485,46.672,73.997,1318469
-125.590,46.494,72.797,1318490
-125.487,46.593,71.707,1318511
-125.401,46.282,70.619,1318532
-125.350,46.378,69.478,1318553
-125.647,46.192,68.105,1318574
-125.450,46.089,67.066,1318596
-125.447,45.773,65.919,1318617
-125.533,45.480,64.731,1318638
-125.640,45.264,63.522,1318659
-125.651,45.462,62.380,1318680
-125.874,45.493,61.096,1318701
-126.002,45.703,59.844,1318722
-126.556,46.098,58.280,1318743
-126.691,46.108,57.010,1318764
-126.906,46.508,55.660,1318785
-126.942,46.691,54.424,1318806
-127.068,47.113,53.121,1318827
-127.457,47.602,51.612,1318848
-127.914,47.922,50.038,1318869
-128.305,48.170,48.466,1318890
-128.544,48.598,46.968,1318911
-128.331,48.615,45.784,1318932
-128.011,48.732,44.648,1318953
-127.694,48.738,43.491,1318974
-127.243,49.028,42.433,1318995
-126.918,48.999,41.268,1319016
-126.445,49.321,40.189,1319037
-126.345,49.644,38.820,1319058
-126.215,49.966,37.450,1319079
-125.909,49.955,36.216,1319100
-125.634,49.974,34.956,1319121
-125.195,49.917,33.825,1319142
-124.501,50.048,32.848,1319163
-123.936,49.932,31.774,1319184
-123.259,49.892,30.777,1319205
-122.423,50.116,30.168,1319226
-121.225,50.327,29.825,1319247
-120.284,50.560,29.291,1319268
-119.778,50.669,28.412,1319289
-118.975,50.427,27.803,1319310
-118.548,50.156,26.897,1319331
-118.318,49.910,25.837,1319352
-117.861,49.911,24.972,1319373
-117.980,49.747,23.644,1319394
-117.723,49.460,22.616,1319415
-117.663,49.438,21.430,1319436
-117.780,49.053,20.134,1319457
-117.874,48.858,18.840,1319478
-118.598,48.684,17.053,1319499
-119.369,48.408,15.250,1319520
-120.297,48.199,13.306,1319541
-121.094,47.771,11.441,1319562
-121.813,47.740,9.633,1319583
-122.962,47.593,7.522,1319604
-124.137,47.520,5.404,1319625
-125.284,47.512,3.311,1319646
-126.551,47.232,1.141,1319667
-127.823,46.956,358.974,1319688
-129.074,46.713,356.826,1319709
-129.894,46.385,354.986,1319730
-130.639,46.236,353.177,1319751
-131.353,46.121,351.361,1319772
-132.589,46.062,349.164,1319793
-133.777,45.949,347.009,1319814
-134.615,46.112,345.078,1319835
-135.681,46.124,342.990,1319856
-136.176,46.006,341.268,1319877
-137.140,46.129,339.203,1319898
-137.697,46.062,337.425,1319919
-137.982,46.252,335.805,1319940
-138.585,46.270,333.967,1319961
-139.339,46.551,331.990,1319982
-139.930,46.135,331.710,1320003
-140.408,46.092,331.437,1320024
-141.243,45.965,330.876,1320045
-141.997,46.059,330.302,1320066
-142.635,46.089,329.782,1320087
-142.771,46.344,329.601,1320108
-143.273,46.574,329.114,1320129
-143.057,46.806,329.082,1320150
-142.745,46.942,329.051,1320171
-142.710,47.412,328.789,1320192
-142.417,47.904,328.666,1320213
-141.970,48.013,328.630,1320234
-141.768,48.246,328.380,1320255
-141.324,48.363,328.286,1320276
-140.648,48.831,328.337,1320297
-140.272,49.254,328.662,1320318
-139.667,49.174,329.198,1320339
-138.813,49.254,329.861,1320360
-138.225,49.131,330.250,1320381
-137.310,49.012,330.810,1320402
-136.506,49.119,331.247,1320423
-135.692,49.186,331.638,1320444
-135.146,49.216,332.037,1320465
-134.532,49.197,332.445,1320486
-134.140,49.244,332.662,1320507
-133.861,49.006,332.762,1320528
-133.303,48.659,333.026,1320549
-132.860,48.359,333.148,1320570
-132.113,48.085,333.465,1320591
-131.371,48.002,333.710,1320612
-130.708,48.019,333.877,1320633
-130.370,47.656,334.034,1320654
-130.198,47.552,334.026,1320675
-129.593,47.512,334.326,1320696
-129.122,47.524,334.504,1320717
-129.008,47.395,334.372,1320738
-128.393,47.145,334.598,1320759
-127.824,46.862,334.772,1320780
-127.751,46.534,334.640,1320801
-127.303,46.192,334.736,1320822
-126.928,46.182,334.734,1320843
-126.796,46.197,334.612,1320864
-126.862,46.026,334.334,1320885
-126.880,46.082,334.093,1320906
-127.095,46.085,333.669,1320927
-126.905,45.803,333.509,1320948
-127.099,45.655,333.079,1320969
-127.256,45.454,332.673,1320990
-127.187,45.245,332.401,1321011
-127.103,45.319,332.127,1321032
-127.287,45.590,331.651,1321053
-127.325,45.775,331.274,1321074
-127.308,45.940,330.932,1321095
-127.468,46.251,330.471,1321116
-127.686,46.140,329.980,1321137
-128.221,46.236,329.253,1321158
-128.556,46.541,328.672,1321179
-128.532,46.558,328.358,1321200
-129.047,46.780,327.629,1321221
-129.523,46.867,326.912,1321242
-129.935,47.107,326.285,1321263
-130.135,47.035,325.770,1321284
-130.488,47.294,325.139,1321305
-130.412,47.490,324.803,1321326
-130.607,47.793,324.232,1321347
-130.766,47.639,323.700,1321368
-130.750,47.507,323.265,1321389
-130.823,47.364,322.763,1321410
-130.788,47.298,322.311,1321431
-131.062,47.582,321.599,1321452
-131.449,47.505,320.785,1321473
-131.937,47.566,319.879,1321494
-132.010,47.823,319.265,1321515
-132.373,47.792,318.442,1321536
-132.460,48.079,317.826,1321557
-132.719,48.027,317.047,1321578
-132.658,48.074,316.528,1321599
-132.793,47.977,315.824,1321620
-133.026,47.861,315.008,1321641
-133.036,48.094,314.363,1321662
-133.241,48.334,313.572,1321683
-133.076,48.465,313.005,1321704
-132.837,48.540,312.502,1321725
-133.077,48.675,311.642,1321746
-133.297,48.757,310.777,1321767
-132.979,48.574,310.298,1321788
-132.558,48.637,309.911,1321809
-132.116,48.489,309.552,1321830
-131.766,48.635,309.090,1321851
-131.256,48.547,308.751,1321872
-131.231,48.494,308.013,1321893
-130.745,48.553,307.602,1321914
-130.720,48.504,306.845,1321935
-130.624,48.614,306.119,1321956
-130.524,48.397,305.379,1321977
-130.314,48.133,304.722,1321998
-129.721,47.904,304.330,1322019
-129.067,47.661,303.992,1322040
-128.425,47.385,303.637,1322061
-128.075,47.433,303.053,1322082
-127.738,47.498,302.473,1322103
-127.571,47.192,301.761,1322124
-127.500,46.959,300.955,1322145
-127.370,46.612,300.204,1322166
-127.480,46.426,299.292,1322187
-127.614,46.220,298.358,1322208
-127.422,45.817,297.664,1322229
-127.054,45.550,297.097,1322250
-126.976,45.596,296.321,1322271
-126.694,45.540,295.678,1322292
-126.863,45.649,294.719,1322313
-126.674,45.525,294.010,1322334
-127.046,45.637,292.903,1322355
-127.276,45.490,291.931,1322376
-127.722,45.600,290.779,1322397
-127.876,45.884,289.817,1322419
-128.011,45.770,288.896,1322440
-127.919,45.694,288.125,1322461
-128.133,45.663,287.119,1322482
-128.348,46.013,286.108,1322503
-128.604,46.355,285.057,1322524
-128.802,46.361,284.050,1322545
-128.627,46.561,283.283,1322566
-128.471,46.603,282.508,1322587
-128.823,46.724,281.337,1322608
-128.618,46.828,280.551,1322629
-128.692,47.135,279.522,1322650
-128.466,47.147,278.684,1322671
-128.544,47.430,277.606,1322692
-128.856,47.387,276.313,1322713
-129.275,47.508,274.929,1322734
-129.513,47.715,273.694,1322755
-129.925,47.667,272.308,1322776
-130.272,47.769,270.973,1322797
-130.360,47.494,269.810,1322818
-130.194,47.366,268.808,1322839
-129.985,47.349,267.818,1322860
-129.858,47.125,266.745,1322881
-129.650,47.191,265.703,1322902
-129.841,47.025,264.340,1322923
-129.510,46.881,263.349,1322944
-129.223,46.868,262.347,1322965
-129.365,46.775,261.016,1322986
-129.121,46.398,259.965,1323007
-129.048,46.489,258.797,1323028
-128.642,46.427,257.846,1323049
-128.600,46.550,256.591,1323070
-128.163,46.556,255.574,1323091
-127.650,46.518,254.605,1323112
-127.419,46.279,253.395,1323133
-127.261,46.107,252.122,1323154
-127.264,46.059,250.723,1323175
-127.136,45.921,249.398,1323196
-126.690,45.773,248.248,1323217
-126.441,45.586,246.959,1323238
-125.963,45.737,245.805,1323259
-125.398,45.768,244.664,1323280
-124.848,45.918,243.493,1323301
-124.241,45.976,242.344,1323322
-124.153,46.148,240.796,1323343
-124.044,46.216,239.226,1323364
-123.790,46.180,237.734,1323385
-123.155,46.288,236.528,1323406
-123.104,46.383,234.871,1323427
-122.635,46.271,233.517,1323448
-122.257,46.464,232.051,1323469
-122.163,46.737,230.386,1323490
-121.776,46.805,228.899,1323511
-121.676,47.027,227.194,1323532
-121.659,46.813,225.433,1323553
-121.822,46.670,223.549,1323574
-121.992,46.459,221.671,1323595
-122.160,46.230,219.813,1323616
-122.505,46.251,217.844,1323637
-122.493,45.978,216.161,1323658
-122.388,45.970,214.578,1323679
-122.469,46.124,212.875,1323700
-122.425,46.000,211.284,1323721
-122.960,46.035,209.301,1323742
-123.550,45.908,207.298,1323763
-124.078,45.707,205.379,1323784
-124.394,45.473,203.627,1323805
-125.110,45.378,201.606,1323826
-125.565,45.121,199.807,1323847
-125.856,45.189,198.107,1323868
-125.807,45.369,196.655,1323889
-125.472,45.768,195.389,1323911
-125.149,46.066,194.133,1323932
-125.007,46.402,192.742,1323953
-125.119,46.337,191.168,1323974
-125.343,46.604,189.492,1323995
-125.135,46.575,188.136,1324016
-124.965,46.516,186.706,1324037
-125.019,46.348,185.119,1324058
-125.274,46.577,183.379,1324079
-125.292,46.684,181.803,1324100
-125.385,46.390,180.136,1324121
-125.610,46.451,178.390,1324142
-126.266,46.268,176.265,1324163
-126.514,45.817,174.413,1324184
-127.814,44.814,173.589,1324205
-128.545,44.146,173.157,1324226
-129.496,43.591,172.506,1324247
-129.997,42.993,172.074,1324268
-130.422,42.595,171.647,1324289
-131.123,42.334,170.996,1324310
-131.665,41.926,170.399,1324331
-132.209,41.769,169.791,1324352
-132.559,41.522,169.289,1324373
-132.982,41.502,168.673,1324394
-133.278,41.561,168.115,1324415
-133.067,41.779,167.880,1324436
-132.823,41.937,167.640,1324457
-132.822,42.535,167.182,1324478
-132.645,43.154,166.812,1324499
-132.579,43.784,166.320,1324520
-132.094,44.381,166.105,1324541
-131.633,45.086,165.860,1324562
-131.062,45.735,165.659,1324583
-130.579,46.085,165.403,1324604
-130.098,46.403,165.143,1324625
-129.738,46.754,164.783,1324646
-129.663,47.441,164.182,1324667
-129.516,47.863,163.626,1324688
-129.342,48.587,163.074,1324709
-129.274,49.194,162.415,1324730
-129.223,49.546,161.718,1324751
-128.616,49.872,161.418,1324772
-128.061,50.193,161.080,1324793
-127.708,50.117,160.573,1324814
-127.091,50.236,160.277,1324835
-126.496,50.278,159.932,1324856
-125.880,50.195,159.567,1324877
-125.323,49.872,159.134,1324898
-124.819,49.866,158.613,1324919
-124.680,49.502,157.873,1324940
-124.688,49.116,157.122,1324961
-124.520,48.611,156.459,1324982
-124.513,48.133,155.678,1325003
-124.584,47.684,154.825,1325024
-124.281,47.410,154.231,1325045
-124.264,46.889,153.442,1325066
-124.354,46.421,152.544,1325087
-124.065,46.197,151.928,1325108
-123.923,46.088,151.211,1325129
-123.931,45.998,150.370,1325150
-123.840,45.917,149.598,1325171
-123.979,45.832,148.641,1325192
-124.120,45.556,147.689,1325213
-123.806,45.295,147.051,1325234
-123.869,45.028,146.136,1325255
-123.641,45.050,145.460,1325276
-123.449,45.196,144.734,1325297
-123.200,45.351,144.039,1325318
-122.995,45.562,143.326,1325339
-123.085,46.025,142.420,1325360
-122.832,46.259,141.761,1325381
-123.061,46.517,140.741,1325402
-123.284,46.766,139.727,1325423
-123.420,46.932,138.767,1325444
-123.188,47.236,138.050,1325465
-123.437,47.442,136.977,1325486
-123.468,47.988,136.031,1325507
-123.716,48.504,134.978,1325528
-123.620,48.763,134.173,1325549
-124.040,48.974,132.967,1325570
-124.492,49.348,131.720,1325591
-124.503,49.351,130.824,1325612
-124.530,49.614,129.939,1325633
-125.039,49.684,128.693,1325654
-125.352,49.523,127.623,1325675
-125.304,49.395,126.844,1325696
-125.272,49.383,126.053,1325717
-125.700,49.208,124.906,1325738
-126.205,49.085,123.713,1325760
-126.679,48.865,122.533,1325781
-127.182,48.697,121.363,1325802
-127.216,48.662,120.560,1325823
-127.336,48.276,119.756,1325844
-127.172,47.981,119.177,1325865
-127.083,47.997,118.585,1325886
-126.800,47.859,118.174,1325907
-126.907,47.645,117.504,1325928
-126.541,47.606,117.208,1325949
-126.390,47.715,116.780,1325970
-126.426,47.599,116.230,1325991
-126.515,47.637,115.641,1326012
-126.022,47.664,115.528,1326033
-126.068,47.847,115.067,1326054
-126.000,47.793,114.696,1326075
-125.910,48.153,114.398,1326096
-125.480,48.213,114.406,1326117
-125.071,48.356,114.412,1326138
-125.148,48.528,114.087,1326159
-125.291,48.843,113.737,1326180
-125.410,49.089,113.392,1326201
-124.979,49.240,113.469,1326222
-124.544,49.378,113.532,1326243
-124.102,49.493,113.602,1326264
-123.850,49.865,113.533,1326285
-123.411,49.856,113.616,1326306
-123.357,50.189,113.418,1326327
-123.104,50.473,113.387,1326348
-123.255,50.671,113.022,1326369
-123.490,50.705,112.619,1326390
-123.739,50.702,112.165,1326411
-124.066,50.608,111.633,1326432
-124.183,50.326,111.247,1326453
-124.166,50.027,110.960,1326474
-124.519,49.757,110.398,1326495
-124.480,49.562,110.152,1326516
-124.481,49.363,109.868,1326537
-124.735,49.319,109.409,1326558
-125.020,49.211,108.873,1326579
-125.483,49.078,108.185,1326600
-125.648,48.969,107.753,1326621
-125.684,48.470,107.414,1326642
-125.763,47.974,107.039,1326663
-125.795,47.564,106.717,1326684
-125.903,47.461,106.347,1326705
-126.423,47.207,105.629,1326726
-126.378,46.807,105.287,1326747
-126.792,46.754,104.628,1326768
-127.178,46.565,104.003,1326789
-127.367,46.595,103.540,1326810
-127.734,46.370,102.976,1326831
-127.549,46.175,102.816,1326852
-127.633,46.296,102.473,1326873
-127.430,46.135,102.310,1326894
-127.419,45.975,102.130,1326915
-127.782,46.371,101.828,1326936
-127.640,46.494,101.890,1326957
-127.932,46.877,101.646,1326978
-128.316,47.129,101.316,1326999
-128.316,47.178,101.233,1327020
-128.620,47.658,100.925,1327041
-128.568,47.680,100.850,1327062
-128.706,48.147,100.610,1327083
-128.653,48.167,100.515,1327104
-128.649,48.631,100.377,1327125
-128.421,48.668,100.375,1327146
-128.115,48.834,100.422,1327167
-128.274,49.208,100.129,1327188
-128.452,49.537,99.807,1327209
-128.567,49.553,99.513,1327230
-128.741,49.691,99.153,1327251
-128.352,49.534,99.230,1327272
-128.250,49.701,99.074,1327293
-127.959,49.401,99.018,1327314
-127.433,49.244,99.135,1327335
-126.960,49.149,99.180,1327356
-126.580,49.131,99.140,1327377
-126.453,49.236,98.938,1327398
-126.484,49.072,98.577,1327419
-126.529,48.891,98.229,1327440
-126.590,48.822,97.853,1327461
-126.252,48.458,97.754,1327482
-125.715,48.169,97.801,1327503
-125.357,47.782,97.713,1327524
-125.261,47.822,97.422,1327545
-124.761,47.535,97.375,1327566
-124.589,47.623,97.076,1327587
-124.484,47.709,96.736,1327608
-124.349,47.842,96.405,1327629
-124.405,47.684,95.937,1327650
-124.492,47.498,95.433,1327671
-124.182,47.249,95.179,1327692
-124.375,47.207,94.544,1327713
-124.172,47.002,94.189,1327734
-124.235,47.208,93.625,1327755
-124.094,47.119,93.151,1327776
-124.120,47.313,92.554,1327797
-124.011,47.412,92.014,1327818
-124.339,47.363,91.151,1327839
-124.656,47.245,90.299,1327860
-124.987,47.464,89.415,1327881
-124.901,47.605,88.817,1327902
-125.065,47.471,88.018,1327923
-125.447,47.451,87.022,1327944
-125.701,47.338,86.109,1327965
-125.655,47.438,85.399,1327986
-126.144,47.522,84.287,1328007
-126.257,47.772,83.451,1328028
-126.806,47.916,82.278,1328049
-127.004,48.173,81.328,1328070
-127.175,47.987,80.403,1328091
-127.120,47.898,79.633,1328112
-127.051,47.755,78.862,1328133
-127.433,47.869,77.753,1328154
-127.273,47.821,77.046,1328175
-127.143,47.663,76.315,1328196
-127.240,47.888,75.415,1328217
-127.417,48.085,74.454,1328238
-127.740,48.120,73.358,1328259
-128.019,48.048,72.283,1328280
-128.171,47.883,71.270,1328301
-127.784,47.733,70.653,1328322
-127.902,47.904,69.650,1328343
-127.702,47.673,68.888,1328364
-127.324,47.480,68.263,1328385
-126.900,47.473,67.656,1328406
-127.021,47.619,66.656,1328427
-126.692,47.681,65.977,1328448
-126.741,47.794,64.986,1328469
-126.682,47.563,64.099,1328490
-126.219,47.451,63.480,1328511
-126.158,47.205,62.554,1328532
-125.764,47.234,61.859,1328553
-125.342,47.258,61.184,1328574
-124.830,47.211,60.599,1328595
-124.558,47.308,59.829,1328616
-124.643,47.222,58.813,1328637
-124.760,47.117,57.754,1328658
-124.463,46.971,56.987,1328679
-124.655,46.855,55.853,1328700
-124.924,47.004,54.664,1328721
-124.774,46.858,53.772,1328742
-124.778,46.722,52.743,1328763
-124.635,46.923,51.848,1328784
-124.927,47.243,50.663,1328805
-125.328,47.540,49.393,1328826
-125.357,47.747,48.403,1328847
-125.844,47.845,47.097,1328868
-126.399,48.126,45.728,1328889
-126.699,48.155,44.523,1328910
-126.801,48.217,43.414,1328931
-127.198,48.282,42.078,1328952
-127.307,48.340,40.936,1328973
-127.325,48.485,39.857,1328994
-127.830,48.556,38.427,1329015
-128.132,48.906,37.158,1329036
-128.738,49.129,35.614,1329057
-129.263,49.390,34.097,1329078
-129.553,49.195,32.737,1329099
-129.950,49.017,31.274,1329120
-130.454,48.861,29.680,1329141
-130.561,48.963,28.369,1329162
-130.923,49.173,26.844,1329183
-131.406,49.098,25.223,1329204
-131.892,49.070,23.564,1329225
-131.853,49.068,22.326,1329246
-132.069,49.239,20.876,1329267
-132.482,49.067,19.290,1329288
-133.027,49.012,17.591,1329309
-132.994,48.819,16.307,1329330
-132.942,48.530,15.062,1329351
-133.174,48.242,13.592,1329372
-133.368,48.303,12.147,1329393
-133.672,48.323,10.641,1329414
-134.070,48.193,9.087,1329435
-134.459,48.159,7.547,1329456
-134.900,47.936,6.008,1329477
-135.329,47.693,4.512,1329498
-135.232,47.563,3.472,1329519
-135.239,47.298,2.405,1329540
-135.604,47.120,1.112,1329561
-135.623,47.212,0.107,1329582
-135.772,47.397,359.044,1329603
-135.870,47.541,358.073,1329624
-136.358,47.699,356.856,1329645
-136.462,47.917,355.940,1329666
-136.587,48.191,355.018,1329687
-136.833,48.110,354.049,1329708
-137.256,48.189,352.967,1329729
-137.709,48.352,351.895,1329750
-137.615,48.613,351.257,1329771
-137.479,48.623,350.643,1329792
-137.447,48.990,349.959,1329813
-137.161,49.038,349.473,1329834
-136.857,49.343,348.988,1329855
-137.161,48.975,349.647,1329876
-137.403,48.565,350.264,1329897
-137.573,48.173,350.858,1329918
-137.850,47.856,351.315,1329939
-137.989,47.456,351.816,1329960
-138.224,47.116,352.194,1329981
-138.020,46.996,352.840,1330002
-137.829,46.912,353.438,1330023
-137.729,46.871,353.918,1330044
-137.453,46.856,354.497,1330065
-137.131,46.856,355.055,1330086
-136.456,46.688,355.841,1330107
-135.751,46.559,356.601,1330128
-135.415,46.328,357.072,1330149
-134.641,46.236,357.848,1330170
-133.870,45.994,358.557,1330191
-133.067,45.999,359.254,1330212
-132.316,46.011,359.857,1330233
-131.957,46.127,0.146,1330254
-131.762,46.047,0.265,1330275
-131.306,46.315,0.371,1330296
-131.015,46.524,0.305,1330317
-130.384,46.662,0.732,1330338
-130.054,46.435,0.871,1330359
-129.656,46.130,0.993,1330380
-129.545,45.850,0.867,1330401
-129.293,45.800,0.955,1330422
-129.016,45.634,1.020,1330443
-128.959,45.607,0.854,1330464
-128.771,45.493,0.704,1330485
-128.558,45.339,0.644,1330506
-128.305,45.095,0.576,1330527
-128.516,45.011,0.165,1330548
-128.136,44.903,0.129,1330569
-128.231,45.044,359.747,1330590
-127.801,45.078,359.682,1330611
-127.517,44.931,359.486,1330632
-127.575,45.197,358.997,1330653
-127.187,45.281,358.800,1330674
-127.304,45.497,358.231,1330695
-127.348,45.506,357.650,1330716
-127.237,45.883,357.145,1330737
-127.386,46.012,356.443,1330758
-127.114,46.007,355.974,1330779
-127.171,45.929,355.380,1330800
-126.982,45.901,354.919,1330821
-126.887,46.129,354.366,1330842
-126.762,46.297,353.812,1330863
-127.037,46.323,352.972,1330884
-127.119,46.244,352.242,1330905
-127.064,46.583,351.574,1330926
-126.901,46.528,350.987,1330947
-127.195,46.684,350.033,1330968
-126.971,46.784,349.449,1330989
-127.306,46.864,348.468,1331010
-127.339,47.129,347.660,1331031
-127.421,47.396,346.811,1331052
-127.850,47.475,345.681,1331073
-127.909,47.310,344.809,1331094
-128.336,47.297,343.665,1331115
-128.739,47.493,342.508,1331136
-129.201,47.409,341.320,1331157
-129.387,47.153,340.326,1331178
-129.485,46.862,339.392,1331199
-129.607,46.589,338.449,1331220
-129.743,46.330,337.484,1331241
-129.648,46.412,336.695,1331262
-129.570,46.508,335.897,1331283
-129.406,46.565,335.153,1331304
-129.381,46.309,334.305,1331325
-129.252,46.390,333.538,1331346
-129.357,46.552,332.585,1331367
-129.601,46.444,331.549,1331388
-129.364,46.314,330.900,1331409
-129.414,46.542,330.034,1331430
-129.131,46.555,329.406,1331451
-128.905,46.412,328.739,1331472
-128.969,46.326,327.858,1331493
-129.189,46.438,326.876,1331514
-129.247,46.706,326.010,1331535
-129.318,46.923,325.138,1331556
-129.219,46.792,324.386,1331577
-129.257,46.766,323.561,1331598
-128.982,47.023,322.977,1331619
-128.466,47.034,322.576,1331640
-128.015,47.242,322.134,1331661
-127.887,47.519,321.428,1331682
-127.915,47.709,320.644,1331703
-127.831,47.631,319.948,1331724
-127.608,47.490,319.342,1331745
-127.534,47.407,318.637,1331766
-127.222,47.296,318.124,1331787
-126.966,47.598,317.584,1331808
-126.552,47.645,317.133,1331829
-126.499,47.559,316.441,1331850
-126.341,47.456,315.807,1331871
-126.037,47.699,315.299,1331892
-126.022,47.965,314.581,1331913
-126.183,48.085,313.725,1331934
-126.276,48.266,312.892,1331955
-126.502,48.182,311.968,1331977
-126.462,47.879,311.225,1331998
-126.380,47.948,310.506,1332019
-126.204,47.877,309.852,1332040
-126.202,47.518,309.086,1332061
-126.324,47.614,308.213,1332082
-126.311,47.623,307.431,1332103
-126.442,47.675,306.523,1332124
-126.689,47.333,305.535,1332145
-126.602,47.254,304.769,1332166
-126.784,46.889,303.768,1332187
-126.594,46.735,303.047,1332208
-126.476,46.654,302.226,1332229
-126.866,46.479,301.006,1332250
-126.799,46.101,300.087,1332271
-127.155,46.066,298.836,1332292
-127.295,45.676,297.765,1332313
-127.663,45.362,296.482,1332334
-128.105,45.382,295.109,1332355
-128.212,45.459,293.965,1332376
-128.429,45.226,292.730,1332397
-128.670,45.021,291.497,1332418
-128.559,44.982,290.499,1332439
-128.449,45.100,289.498,1332460
-128.393,45.324,288.457,1332481
-128.320,45.604,287.420,1332502
-128.429,45.970,286.267,1332523
-128.699,46.116,284.954,1332544
-128.980,46.394,283.625,1332565
-128.663,46.575,282.702,1332586
-128.873,46.933,281.379,1332607
-128.665,46.974,280.325,1332628
-128.310,47.098,279.345,1332649
-128.080,47.112,278.285,1332670
-127.682,47.344,277.327,1332691
-127.508,47.729,276.193,1332712
-127.506,47.700,274.940,1332733
-127.352,48.022,273.784,1332754
-127.314,47.954,272.498,1332775
-127.537,48.106,271.005,1332796
-127.583,48.041,269.658,1332817
-127.415,47.860,268.436,1332838
-127.001,47.806,267.369,1332859
-126.641,47.841,266.256,1332880
-126.288,47.557,265.136,1332901
-126.275,47.268,263.759,1332922
-126.410,47.147,262.219,1332943
-126.564,46.941,260.675,1332964
-126.355,46.607,259.405,1332985
-126.596,46.487,257.812,1333006
-126.861,46.351,256.178,1333027
-126.624,46.299,254.919,1333048
-126.401,46.048,253.622,1333069
-126.483,45.707,252.133,1333090
-126.368,45.720,250.753,1333111
-126.624,45.755,249.103,1333132
-126.432,45.501,247.801,1333153
-126.203,45.328,246.509,1333174
-126.491,45.399,244.884,1333195
-126.793,45.460,243.238,1333216
-126.781,45.261,241.810,1333237
-127.031,45.223,240.200,1333258
-126.841,45.358,238.881,1333279
-126.743,45.565,237.528,1333300
-126.631,45.720,236.193,1333321
-126.748,45.630,234.716,1333342
-127.168,45.840,233.018,1333363
-127.445,45.829,231.444,1333384
-125.773,46.214,232.086,1333405
-123.879,46.594,232.904,1333426
-122.483,46.799,233.345,1333447
-120.755,47.072,234.027,1333468
-119.202,47.333,234.588,1333489
-117.735,47.561,235.101,1333510
-116.793,47.926,235.209,1333531
-116.119,48.047,235.143,1333552
-115.554,48.119,235.004,1333573
-115.118,48.088,234.778,1333594
-114.923,48.168,234.371,1333615
-114.931,48.222,233.792,1333636
-115.101,48.283,233.077,1333657
-114.916,48.386,232.602,1333678
-115.073,48.577,231.819,1333699
-115.151,48.531,231.048,1333720
-115.086,48.504,230.501,1333741
-114.673,48.517,230.154,1333762
-114.903,48.430,229.299,1333783
-114.935,48.571,228.572,1333804
-114.533,48.554,228.228,1333825
-114.696,48.410,227.421,1333846
-114.982,48.180,226.514,1333867
-114.782,48.034,225.993,1333888
-114.678,48.080,225.400,1333909
-114.563,48.010,224.818,1333930
-115.086,48.023,223.739,1333951
-115.640,47.877,222.624,1333972
-115.730,47.775,221.847,1333993
-116.330,47.594,220.683,1334014
-116.932,47.381,219.502,1334035
-117.428,46.994,218.394,1334056
-118.083,46.894,217.137,1334077
-118.300,46.643,216.170,1334098
-118.627,46.561,215.097,1334119
-118.897,46.319,214.044,1334140
-119.225,46.130,212.892,1334161
-119.559,45.992,211.698,1334182
-120.300,45.624,210.182,1334203
-121.053,45.279,208.626,1334224
-121.487,44.766,207.293,1334245
-122.251,44.411,205.699,1334266
-122.794,43.909,204.259,1334287
-123.389,43.455,202.732,1334308
-123.743,43.265,201.325,1334329
-124.388,43.227,199.727,1334350
-125.156,43.139,198.015,1334371
-125.662,42.734,196.438,1334392
-125.931,42.598,194.991,1334413
-126.306,42.638,193.422,1334434
-126.947,42.434,191.627,1334455
-127.575,42.270,189.783,1334476
-127.772,42.371,188.157,1334497
-127.867,42.428,186.591,1334518
-128.195,42.691,184.807,1334539
-128.606,42.677,182.944,1334560
-129.435,42.165,182.031,1334581
-129.919,41.981,181.260,1334602
-130.512,41.532,180.349,1334623
-130.953,41.122,179.454,1334644
-130.994,41.018,178.807,1334665
-131.412,40.983,177.831,1334686
-131.685,40.952,176.958,1334707
-131.583,41.290,176.240,1334728
-131.293,41.584,175.651,1334749
-130.914,41.995,175.077,1334770
-130.900,42.571,174.259,1334791
-130.820,43.122,173.428,1334812
-130.400,43.948,172.796,1334833
-129.716,44.594,172.317,1334854
-129.414,45.098,171.535,1334875
-129.131,45.631,170.694,1334896
-128.492,46.390,170.094,1334917
-127.722,46.971,169.556,1334938
-127.005,47.381,168.959,1334959
-126.652,48.138,168.061,1334980
-126.132,48.834,167.279,1335001
-125.378,49.298,166.643,1335022
-124.923,49.485,165.752,1335043
-124.368,49.617,164.920,1335064
-123.830,49.705,164.053,1335085
-123.701,49.890,162.873,1335106
-123.518,49.909,161.713,1335127
-123.305,50.226,160.598,1335148
-122.927,50.403,159.600,1335169
-122.663,50.557,158.482,1335190
-122.688,50.340,157.126,1335211
-122.878,50.248,155.597,1335232
-122.603,49.860,154.401,1335253
-122.482,49.388,153.049,1335274
-122.675,49.027,151.500,1335295
-122.675,48.485,150.103,1335316
-122.788,48.356,148.620,1335337
-122.647,48.163,147.304,1335358
-122.376,47.896,146.114,1335379
-122.614,47.602,144.558,1335400
-122.813,47.174,143.002,1335421
-123.035,46.810,141.430,1335442
-122.929,46.305,140.092,1335463
-122.679,46.099,138.846,1335484
-122.818,46.100,137.335,1335505
-122.638,45.753,136.040,1335526
-122.434,45.679,134.740,1335547
-122.667,45.762,133.177,1335568
-122.909,45.636,131.631,1335589
-122.709,45.725,130.409,1335610
-122.881,45.671,128.944,1335631
-122.568,45.686,127.815,1335652
-122.219,45.785,126.744,1335673
-121.989,45.791,125.588,1335694
-122.115,46.130,124.188,1335715
-121.908,46.578,123.072,1335736
-121.585,46.927,122.029,1335757
-121.234,47.154,121.049,1335778
-120.979,47.537,119.999,1335799
-121.154,47.772,118.630,1335820
-121.258,47.858,117.284,1335841
-121.461,48.038,115.839,1335862
-121.556,48.006,114.496,1335883
-121.661,47.911,113.138,1335904
-121.543,48.080,111.921,1335925
-121.415,48.008,110.739,1335946
-121.336,48.069,109.530,1335967
-121.744,48.112,107.942,1335988
-121.938,48.240,106.522,1336009
-122.290,48.044,104.969,1336030
-122.495,47.680,103.557,1336051
-122.419,47.268,102.322,1336072
-122.215,46.898,101.167,1336093
-122.056,46.803,99.945,1336114
-121.902,46.685,98.731,1336135
-122.067,46.693,97.252,1336156
-122.271,46.703,95.736,1336177
-122.406,46.734,94.238,1336198
-122.659,46.375,92.679,1336219
-123.015,46.198,91.059,1336240
-122.953,46.223,89.695,1336261
-122.882,45.974,88.358,1336282
-122.754,45.789,87.047,1336303
-122.981,45.677,85.469,1336324
-122.776,45.785,84.189,1336345
-122.628,45.996,82.878,1336366
-122.868,46.088,81.280,1336387
-123.029,46.123,79.730,1336408
-123.078,46.539,78.238,1336429
-122.987,46.558,76.806,1336450
-123.155,46.801,75.178,1336471
-123.301,47.065,73.550,1336492
-123.047,47.479,72.228,1336513
-122.925,47.995,70.797,1336534
-122.811,48.153,69.342,1336555
-122.875,48.702,67.756,1336576
-122.908,49.240,66.155,1336597
-123.338,49.700,64.211,1336618
-123.675,50.259,62.336,1336639
-123.659,50.645,60.711,1336660
-123.791,50.743,58.981,1336681
-122.212,51.258,58.968,1336702
-120.911,51.495,58.807,1336723
-119.638,51.687,58.634,1336744
-118.826,51.908,58.110,1336765
-117.805,52.337,57.759,1336786
-117.368,52.421,56.945,1336807
-116.712,52.659,56.330,1336829
-116.353,52.549,55.495,1336850
-116.030,52.511,54.657,1336871
-116.217,52.742,53.429,1336892
-116.450,52.867,52.201,1336913
-117.060,52.998,50.676,1336934
-117.858,52.695,49.038,1336955
-118.441,52.672,47.576,1336976
-119.429,52.399,45.844,1336997
-120.436,52.167,44.104,1337018
-120.959,51.589,42.810,1337039
-121.485,51.206,41.465,1337060
-122.019,50.711,40.168,1337081
-122.660,50.223,38.794,1337102
-122.991,49.625,37.700,1337123
-123.946,49.262,36.146,1337144
-124.956,48.747,34.596,1337165
-125.690,48.305,33.151,1337186
-126.315,47.704,31.804,1337207
-127.273,47.395,30.200,1337229
-127.760,47.063,28.921,1337250
-128.220,46.633,27.665,1337271
-128.701,46.184,26.395,1337292
-129.230,45.932,25.067,1337313
-129.772,45.767,23.747,1337334
-130.458,45.741,22.289,1337355
-130.948,45.356,20.974,1337376
-131.745,45.163,19.460,1337397
-132.513,45.107,17.969,1337418
-133.248,45.027,16.498,1337439
-133.439,44.891,15.430,1337460
-133.602,44.793,14.357,1337481
-134.148,45.039,13.003,1337502
-134.284,45.071,11.912,1337523
-134.678,45.353,10.618,1337544
-135.174,45.433,9.198,1337565
-135.181,45.377,8.097,1337586
-135.151,45.355,6.983,1337607
-134.821,45.653,6.053,1337628
-134.619,45.710,5.021,1337649
-134.265,46.167,4.042,1337670
-133.669,46.337,3.218,1337691
-132.922,46.541,2.484,1337712
-132.519,47.085,1.467,1337733
-131.592,47.491,0.806,1337754
-130.602,47.678,0.155,1337775
-130.122,47.924,359.088,1337796
-129.235,48.282,358.300,1337817
-128.689,48.366,357.226,1337838
-127.922,48.264,356.261,1337859
-126.845,48.253,355.534,1337880
-126.027,48.085,354.602,1337901
-124.945,48.059,353.834,1337922
-123.935,48.143,353.008,1337943
-123.444,48.311,351.789,1337964
-123.038,48.363,350.469,1337985
-122.677,48.405,349.122,1338006
-122.175,48.107,347.868,1338027
-121.400,47.928,346.808,1338048
-121.030,47.647,345.487,1338069
-120.431,47.362,344.354,1338090
-119.847,47.069,343.195,1338111
-119.393,47.116,341.939,1338132
-119.379,47.084,340.401,1338153
-119.405,47.124,338.807,1338174
-119.327,47.250,337.282,1338195
-119.508,47.108,335.580,1338216
-119.796,47.047,333.806,1338237
-120.059,46.852,332.054,1338258
-120.163,47.010,330.433,1338279
-120.173,46.965,328.895,1338300
-120.457,46.699,327.136,1338321
-120.941,46.488,325.255,1338342
-121.214,46.597,323.527,1338363
-121.944,46.632,321.452,1338384
-122.671,46.542,319.376,1338405
-123.423,46.553,317.271,1338426
-123.762,46.592,315.444,1338447
-124.548,46.594,313.311,1338468
-125.127,46.311,311.331,1338489
-125.491,46.353,309.475,1338510
-125.778,46.249,307.664,1338531
-126.178,46.271,305.779,1338552
-126.510,46.048,303.938,1338573
-127.276,45.796,301.795,1338594
-127.685,45.772,299.872,1338615
-128.017,45.426,298.019,1338636
-128.468,45.025,296.084,1338657
-129.243,44.818,293.902,1338678
-129.436,44.571,292.102,1338699
-129.558,44.400,290.358,1338720
-129.883,44.019,288.466,1338741
-130.407,43.903,286.429,1338762
-130.784,44.017,284.481,1338783
-131.057,43.776,282.583,1338804
-131.274,43.567,280.734,1338825
-131.095,43.395,279.133,1338846
-131.253,43.299,277.280,1338867
-131.070,43.149,275.650,1338888
-130.742,43.018,274.106,1338909
-130.416,43.275,272.529,1338930
-130.053,43.593,270.965,1338951
-129.750,43.937,269.372,1338972
-129.452,43.888,267.774,1338993
-129.343,44.085,266.033,1339014
-128.614,44.233,264.723,1339035
-128.240,44.182,263.569,1339056
-128.070,43.921,262.310,1339077
-127.792,44.012,261.119,1339098
-127.518,43.849,259.948,1339119
-126.855,44.001,259.068,1339140
-126.455,44.326,257.983,1339161
-125.794,44.484,257.096,1339182
-125.652,44.635,255.855,1339203
-125.529,44.720,254.601,1339224
-125.481,44.813,253.287,1339245
-125.313,44.815,252.065,1339266
-125.285,44.873,250.785,1339287
-124.902,45.152,249.739,1339308
-124.783,45.645,248.509,1339329
-124.564,46.148,247.391,1339350
-124.449,46.739,246.190,1339371
-124.483,47.000,244.897,1339392
-124.666,47.513,243.488,1339413
-124.505,47.684,242.332,1339434
-124.606,47.814,240.979,1339455
-124.561,48.226,239.748,1339476
-124.658,48.249,238.462,1339497
-125.166,48.427,236.877,1339518
-125.297,48.706,235.572,1339539
-125.615,49.021,234.133,1339560
-126.137,49.102,232.548,1339581
-126.105,49.147,231.383,1339602
-126.545,49.062,229.871,1339623
-126.510,49.059,228.732,1339644
-126.672,48.776,227.470,1339665
-126.692,48.603,226.322,1339686
-127.231,48.414,224.828,1339707
-127.238,48.197,223.742,1339728
-127.376,48.137,222.555,1339749
-127.855,47.973,221.102,1339770
-128.058,47.879,219.840,1339791
-128.060,47.739,218.751,1339812
-128.355,47.412,217.409,1339833
-128.285,46.872,216.348,1339854
-128.110,46.361,215.348,1339875
-128.229,46.262,214.151,1339896
-127.866,46.001,213.310,1339917
-127.814,45.993,212.235,1339938
-127.390,45.731,211.415,1339959
-126.917,45.627,210.614,1339980
-126.518,45.739,209.756,1340001
-126.189,45.545,208.806,1340022
-126.044,45.523,207.727,1340043
-125.808,45.517,206.693,1340064
-125.124,45.508,205.954,1340085
-124.307,45.583,205.269,1340106
-123.492,45.993,204.565,1340127
-122.744,46.097,203.800,1340148
-121.929,46.411,203.034,1340169
-121.542,46.928,201.927,1340190
-121.241,47.449,200.679,1340211
-120.726,47.941,199.547,1340232
-120.440,48.386,198.226,1340253
-119.651,48.624,197.215,1340274
-119.062,48.669,196.009,1340295
-118.845,48.957,194.490,1340316
-118.186,48.964,193.237,1340337
-117.798,48.888,191.744,1340358
-117.145,48.833,190.441,1340379
-117.042,48.953,188.705,1340400
-116.892,48.880,186.964,1340421
-116.793,48.804,185.159,1340442
-116.754,48.729,183.290,1340463
-116.532,48.466,181.555,1340484
-116.436,48.194,179.740,1340505
-116.570,48.289,177.765,1340526
-116.314,48.124,176.100,1340547
-116.342,48.237,174.221,1340568
-116.370,48.271,172.357,1340589
-116.814,48.038,170.215,1340610
-117.324,47.880,168.030,1340631
-117.895,47.809,165.803,1340652
-118.139,47.728,163.828,1340673
-118.334,47.418,161.930,1340694
-119.007,47.046,159.718,1340715
-119.695,46.698,157.539,1340736
-119.967,46.437,155.671,1340757
-120.338,46.238,153.792,1340778
-120.811,46.158,151.845,1340799
-121.681,45.971,149.627,1340820
-122.490,45.898,147.475,1340841
-123.296,45.550,145.355,1340862
-123.703,45.289,143.566,1340883
-124.300,44.967,141.684,1340904
-124.737,44.735,139.922,1340925
-125.111,44.683,138.243,1340946
-125.888,44.579,136.304,1340967
-126.626,44.786,134.383,1340988
-127.377,44.987,132.464,1341009
-128.126,44.996,130.534,1341030
-128.734,44.946,128.694,1341051
-129.404,45.158,126.810,1341072
-129.584,45.110,125.279,1341093
-130.045,45.499,123.541,1341114
-130.325,45.490,121.941,1341135
-130.388,45.816,120.493,1341156
-130.812,45.957,118.760,1341177
-130.895,46.382,117.277,1341198
-130.804,46.731,115.918,1341219
-130.977,47.289,114.351,1341240
-131.252,47.529,112.728,1341261
-131.124,48.069,111.353,1341282
-131.099,48.314,109.850,1341303
-131.083,48.961,108.270,1341324
-131.135,49.630,106.602,1341345
-131.929,50.385,104.348,1341366
-133.234,51.170,101.645,1341387
-134.524,51.782,98.860,1341408
-135.454,52.494,96.305,1341429
-136.508,53.142,93.646,1341450
-137.438,53.341,91.049,1341471
-138.192,53.427,88.551,1341492
-138.669,53.740,86.259,1341513
-139.155,54.072,83.893,1341534
-136.670,54.361,86.089,1341555
-134.493,54.381,87.866,1341576
-132.660,54.502,89.264,1341597
-130.691,54.820,90.670,1341618
-129.583,54.969,91.036,1341639
-129.185,55.095,90.792,1341660
-128.732,55.009,90.555,1341681
-128.476,54.921,90.158,1341702
-127.916,54.942,89.944,1341723
-127.546,54.985,89.575,1341744
-127.296,54.966,89.027,1341765
-127.227,55.036,88.273,1341786
-127.309,55.105,87.348,1341807
-127.423,55.005,86.320,1341828
-128.083,55.148,84.801,1341849
-128.463,54.807,83.475,1341870
-129.200,54.475,81.874,1341891
-129.946,54.038,80.247,1341912
-130.525,53.478,78.778,1341933
-131.389,53.023,77.068,1341954
-131.633,52.424,75.842,1341975
-131.888,51.743,74.576,1341996
-132.110,51.401,73.366,1342017
-132.173,51.141,72.410,1342038
-131.909,50.487,71.690,1342059
-131.786,49.784,70.860,1342080
-131.768,49.082,69.925,1342101
-131.852,48.442,68.911,1342122
-131.539,48.052,68.181,1342143
-131.209,47.687,67.429,1342164
-131.306,47.258,66.350,1342185
-131.216,46.777,65.422,1342206
-130.871,46.698,64.683,1342227
-130.476,46.251,63.986,1342248
-130.181,45.883,63.220,1342269
-129.947,45.552,62.395,1342290
-129.479,45.222,61.709,1342311
-129.176,44.940,60.938,1342332
-129.051,45.115,60.033,1342353
-128.529,45.172,59.400,1342374
-128.222,45.445,58.626,1342395
-127.747,45.565,57.985,1342416
-127.577,45.957,57.134,1342437
-127.494,46.359,56.200,1342458
-127.635,46.575,55.098,1342479
-127.463,46.619,54.224,1342500
-127.555,46.764,53.160,1342521
-127.821,47.152,51.986,1342542
-127.992,47.682,50.882,1342563
-128.055,48.253,49.862,1342584
-128.271,48.814,48.723,1342605
-128.670,49.098,47.425,1342626
-128.597,49.260,46.488,1342647
-128.556,49.685,45.520,1342668
-128.910,49.832,44.263,1342689
-129.156,49.870,43.049,1342710
-129.159,49.875,42.004,1342731
-129.082,49.921,41.012,1342752
-129.308,49.820,39.742,1342773
-129.590,50.086,38.452,1342794
-129.579,50.233,37.383,1342815
-129.767,50.016,36.167,1342836
-130.226,50.155,34.730,1342857
-130.720,50.137,33.258,1342878
-130.790,50.223,32.122,1342899
-130.949,49.927,30.921,1342920
-130.877,49.605,29.867,1342941
-130.996,49.250,28.656,1342962
-131.376,49.099,27.257,1342983
-131.324,48.995,26.171,1343004
-131.306,48.874,25.099,1343025
-131.795,48.617,23.675,1343046
-132.188,48.561,22.323,1343067
-132.680,48.392,20.926,1343088
-132.810,47.997,19.783,1343109
-132.635,47.832,18.859,1343130
-132.448,47.554,17.944,1343151
-132.681,47.652,16.713,1343172
-132.931,47.524,15.473,1343193
-132.653,47.465,14.638,1343214
-132.926,47.542,13.443,1343235
-132.949,47.845,12.465,1343256
-133.282,48.027,11.276,1343277
-133.133,48.338,10.462,1343298
-132.769,48.385,9.815,1343319
-132.371,48.442,9.200,1343340
-131.940,48.579,8.616,1343361
-131.925,48.587,7.715,1343382
-131.570,48.800,7.028,1343403
-131.344,48.709,6.266,1343424
-131.294,49.029,5.360,1343445
-131.440,49.014,4.308,1343466
-131.570,49.258,3.247,1343487
-131.621,49.191,2.273,1343508
-131.365,48.988,1.481,1343529
-130.976,48.862,0.803,1343550
-130.585,48.908,0.106,1343571
-130.569,48.753,359.132,1343592
-130.259,48.607,358.382,1343613
-130.159,48.757,357.473,1343634
-130.330,48.566,356.384,1343655
-130.549,48.535,355.229,1343676
-130.623,48.564,354.178,1343697
-130.601,48.176,353.181,1343718
-130.380,47.738,352.297,1343739
-129.950,47.503,351.563,1343760
-129.508,47.341,350.831,1343781
-129.172,46.968,350.024,1343802
-128.950,47.010,349.133,1343823
-128.899,46.763,348.138,1343844
-128.917,46.691,347.101,1343865
-128.751,46.413,346.210,1343886
-128.757,46.433,345.199,1343907
-128.767,46.357,344.194,1343928
-128.381,46.466,343.494,1343949
-128.317,46.506,342.563,1343970
-127.738,46.381,342.043,1343991
-127.226,46.189,341.471,1344012
-126.739,46.028,340.909,1344033
-126.679,46.269,340.066,1344054
-126.778,46.325,339.146,1344075
-126.498,46.521,338.501,1344096
-126.590,46.721,337.640,1344117
-126.162,46.663,337.193,1344138
-125.863,46.483,336.675,1344159
-125.496,46.386,336.211,1344180
-125.147,46.335,335.740,1344201
-125.113,46.110,335.031,1344222
-125.251,45.918,334.175,1344243
-125.206,46.042,333.438,1344264
-125.486,45.965,332.485,1344285
-125.788,45.780,331.498,1344306
-126.077,45.643,330.521,1344327
-125.923,45.487,329.869,1344348
-126.117,45.073,328.978,1344369
-126.288,44.675,328.125,1344390
-126.192,44.560,327.458,1344411
-125.977,44.203,326.844,1344432
-126.232,44.113,325.908,1344453
-126.023,44.004,325.268,1344474
-126.159,43.703,324.331,1344495
-126.114,43.786,323.515,1344516
-125.907,43.461,322.781,1344537
-125.900,43.141,321.867,1344558
-125.999,42.855,320.868,1344579
-125.778,42.832,320.064,1344600
-125.703,42.839,319.129,1344621
-125.689,42.861,318.127,1344642
-125.923,42.858,316.968,1344663
-125.726,42.638,316.082,1344684
-125.997,42.656,314.873,1344705
-125.973,42.354,313.837,1344726
-126.139,42.105,312.705,1344747
-126.499,42.069,311.415,1344768
-126.721,41.930,310.234,1344789
-126.715,42.160,309.207,1344810
-126.814,42.474,308.125,1344831
-126.835,42.807,307.077,1344852
-126.725,43.083,306.108,1344873
-127.063,43.284,304.821,1344894
-127.326,43.442,303.566,1344915
-127.661,43.875,302.227,1344936
-127.592,44.384,301.176,1344957
-127.802,44.630,299.942,1344978
-127.886,44.757,298.774,1344999
-127.671,44.898,297.830,1345020
-127.392,45.234,296.914,1345041
-127.092,45.374,296.011,1345062
-127.217,45.807,294.792,1345083
-127.197,46.277,293.669,1345104
-127.311,46.658,292.381,1345125
-127.949,47.008,290.709,1345146
-128.547,47.182,289.061,1345167
-128.623,47.210,287.791,1345188
-128.713,47.149,286.501,1345209
-128.645,47.259,285.322,1345230
-128.549,47.385,284.130,1345251
-128.333,47.454,283.042,1345272
-128.470,47.545,281.685,1345293
-128.550,47.572,280.380,1345314
-128.428,47.296,279.195,1345335
-128.356,47.144,277.968,1345356
-128.200,47.139,276.785,1345377
-127.776,46.719,275.834,1345398
-127.325,46.280,274.879,1345419
-126.630,46.061,274.098,1345440
-125.962,45.840,273.278,1345461
-125.327,45.630,272.443,1345482
-125.187,45.412,271.267,1345503
-125.060,45.170,270.092,1345524
-124.471,44.935,269.234,1345545
-123.891,44.631,268.357,1345566
-123.805,44.430,267.172,1345587
-123.670,44.207,266.031,1345608
-123.180,44.023,265.153,1345629
-122.837,44.123,264.192,1345650
-122.623,44.288,263.108,1345671
-122.656,44.133,261.872,1345692
-122.746,44.402,260.607,1345713
-123.008,44.485,259.248,1345734
-122.952,44.769,258.135,1345755
-123.386,44.957,256.683,1345776
-123.803,45.327,255.236,1345797
-123.840,45.446,254.070,1345818
-123.950,45.465,252.830,1345839
-124.349,45.881,251.394,1345860
-124.770,46.278,249.932,1345881
-124.943,46.483,248.680,1345902
-125.685,46.592,247.006,1345923
-126.302,46.575,245.417,1345944
-127.031,46.546,243.771,1345965
-127.634,46.431,242.173,1345986
-128.006,46.254,240.746,1346007
-128.798,46.273,238.997,1346028
-129.049,46.358,237.642,1346049
-129.267,46.405,236.302,1346070
-129.393,46.416,235.048,1346091
-129.906,46.545,233.515,1346112
-130.107,46.291,232.213,1346133
-130.048,46.325,231.092,1346154
-130.166,46.080,229.850,1346175
-130.469,45.923,228.471,1346196
-130.376,45.655,227.366,1346217
-130.580,45.787,226.053,1346238
-130.342,45.582,225.041,1346259
-130.085,45.580,224.057,1346280
-130.267,45.557,222.733,1346301
-130.151,45.684,221.627,1346322
-130.122,45.526,220.445,1346343
-130.165,45.538,219.209,1346364
-130.178,45.552,217.982,1346385
-129.696,45.671,217.082,1346406
-129.221,45.790,216.187,1346427
-129.234,45.924,214.950,1346448
-128.718,45.964,214.077,1346469
-128.471,46.297,213.002,1346490
-128.145,46.601,211.977,1346511
-128.159,46.781,210.696,1346532
-128.168,47.006,209.425,1346553
-128.007,47.321,208.274,1346574
-127.486,47.244,207.387,1346595
-126.954,47.215,206.523,1346616
-126.830,47.108,205.371,1346637
-126.460,46.943,204.371,1346658
-126.180,47.133,203.292,1346679
-126.280,47.129,201.944,1346700
-125.923,47.058,200.935,1346721
-126.018,46.912,199.595,1346742
-125.767,46.958,198.480,1346763
-125.944,46.872,197.077,1346784
-125.857,46.598,195.844,1346805
-125.590,46.599,194.769,1346826
-125.485,46.717,193.552,1346847
-125.451,46.840,192.251,1346868
-125.693,46.699,190.761,1346889
-125.654,46.767,189.491,1346910
-125.878,46.520,188.016,1346931
-126.054,46.237,186.594,1346952
-126.074,45.884,185.274,1346973
-126.131,45.950,183.911,1346994
-126.000,45.670,182.693,1347015
-125.986,45.335,181.377,1347036
-126.270,45.321,179.850,1347057
-126.010,45.128,178.698,1347078
-126.194,45.051,177.262,1347099
-126.236,45.217,175.947,1347120
-126.397,45.264,174.520,1347141
-126.337,45.500,173.276,1347162
-126.300,45.395,172.041,1347183
-126.200,45.715,170.865,1347204
-126.029,45.643,169.731,1347225
-125.688,45.714,168.718,1347246
-125.604,46.107,167.538,1347267
-125.324,46.382,166.508,1347288
-125.011,46.412,165.543,1347309
-124.720,46.671,164.577,1347330
-124.687,46.639,163.445,1347351
-124.945,46.816,162.124,1347372
-125.194,47.037,160.829,1347393
-125.110,46.919,159.801,1347414
-125.150,47.237,158.712,1347435
-125.017,47.426,157.733,1347456
-124.895,47.361,156.752,1347477
-124.736,47.344,155.811,1347498
-124.735,47.547,154.792,1347519
-124.770,47.417,153.747,1347540
-125.157,47.642,152.461,1347561
-125.121,47.520,151.487,1347582
-125.486,47.361,150.234,1347603
-125.539,47.088,149.180,1347624
-125.547,47.159,148.160,1347645
-125.906,47.052,146.892,1347666
-126.296,46.940,145.622,1347687
-126.290,47.044,144.650,1347708
-126.681,47.105,143.389,1347729
-127.051,47.168,142.163,1347750
-126.904,47.147,141.296,1347771
-127.135,47.002,140.190,1347792
-127.466,47.117,139.012,1347813
-127.452,46.968,138.074,1347834
-127.528,46.882,137.109,1347855
-127.509,47.193,136.222,1347876
-127.437,47.472,135.372,1347897
-127.170,47.613,134.680,1347918
-126.884,47.740,133.990,1347939
-126.749,47.678,133.217,1347960
-126.986,47.876,132.158,1347981
-127.053,48.264,131.192,1348002
-127.292,48.615,130.092,1348023
-127.096,48.606,129.325,1348044
-127.713,49.101,128.013,1348065
-128.819,49.650,126.310,1348086
-129.771,50.243,124.663,1348107
-130.546,50.803,123.084,1348128
-131.642,51.172,121.219,1348149
-132.727,51.579,119.278,1348170
-133.182,51.904,117.749,1348191
-134.272,52.352,115.667,1348212
-134.747,52.453,113.980,1348233
-135.345,52.515,112.138,1348254
-135.706,52.852,110.396,1348275
-135.903,52.952,108.747,1348296
-136.048,52.945,107.054,1348317
-136.677,53.092,104.905,1348338
-136.705,53.325,103.167,1348359
-136.660,53.562,101.413,1348380
-134.534,53.567,103.047,1348401
-133.307,53.562,103.612,1348422
-131.572,53.376,104.481,1348443
-129.798,53.186,105.323,1348464
-128.506,52.891,105.725,1348485
-127.331,52.561,105.972,1348506
-126.063,52.211,106.266,1348527
-124.983,52.139,106.382,1348548
-124.565,51.935,105.915,1348569
-123.838,51.880,105.611,1348590
-123.206,51.663,105.149,1348611
-122.817,51.724,104.439,1348632
-123.032,51.761,103.207,1348653
-122.913,51.515,102.153,1348674
-122.927,51.630,100.957,1348695
-122.972,51.679,99.715,1348716
-123.236,51.519,98.287,1348737
-124.051,51.699,96.397,1348758
-124.562,51.878,94.744,1348779
-125.376,52.090,92.840,1348800
-126.312,51.923,90.853,1348821
-127.268,51.681,88.822,1348842
-128.192,51.361,86.815,1348863
-128.923,50.941,84.960,1348884
-129.693,50.463,83.066,1348905
-130.601,50.337,81.071,1348926
-131.106,49.756,79.407,1348947
-131.801,49.133,77.592,1348968
-132.388,48.469,75.846,1348989
-133.250,47.990,73.921,1349010
-134.052,47.653,72.044,1349031
-134.509,47.103,70.442,1349052
-134.677,46.571,69.030,1349073
-134.647,46.379,67.795,1349094
-134.559,46.309,66.614,1349115
-134.348,45.989,65.549,1349136
-134.528,46.010,64.197,1349157
-134.110,46.026,63.288,1349178
-133.887,46.262,62.241,1349199
-133.621,46.158,61.236,1349220
-133.342,46.112,60.253,1349241
-133.312,46.266,59.104,1349262
-133.128,46.680,58.070,1349283
-132.756,47.089,57.192,1349304
-132.539,47.188,56.227,1349325
-132.489,47.501,55.139,1349346
-132.292,48.009,54.161,1349367
-132.154,48.386,53.154,1349388
-132.047,48.744,52.126,1349409
-131.625,49.249,51.362,1349430
-131.087,49.326,50.691,1349451
-130.409,49.518,50.116,1349472
-129.769,49.531,49.479,1349493
-129.118,49.504,48.858,1349514
-128.606,49.751,48.134,1349535
-128.569,49.965,47.057,1349556
-128.002,49.933,46.395,1349577
-127.955,50.149,45.356,1349598
-127.968,50.305,44.322,1349619
-128.074,50.394,43.250,1349640
-127.791,50.078,42.508,1349661
-127.419,49.784,41.857,1349682
-127.296,49.806,40.986,1349703
-126.943,49.543,40.271,1349724
-126.603,49.285,39.511,1349745
-126.769,49.196,38.328,1349766
-126.959,48.729,37.111,1349787
-127.241,48.310,35.842,1349808
-127.372,47.793,34.660,1349829
-127.173,47.304,33.744,1349850
-127.257,46.820,32.613,1349871
-127.083,46.293,31.649,1349892
-126.524,45.831,30.949,1349913
-126.254,45.729,29.990,1349934
-126.030,45.463,28.999,1349955
-125.446,45.376,28.226,1349976
-125.072,45.346,27.303,1349997
-124.286,45.158,26.647,1350018
-123.966,45.222,25.627,1350039
-123.242,45.214,24.900,1350060
-122.606,44.990,24.095,1350081
-121.950,44.938,23.319,1350103
-121.591,44.698,22.346,1350124
-120.952,44.589,21.560,1350145
-120.633,44.813,20.532,1350166
-120.482,45.010,19.376,1350187
-120.270,44.954,18.255,1350208
-120.259,45.201,17.012,1350229
-120.318,45.587,15.712,1350250
-119.969,45.762,14.693,1350271
-119.713,46.066,13.618,1350292
-119.533,46.319,12.480,1350313
-119.471,46.658,11.269,1350334
-119.868,47.050,9.722,1350355
-119.862,47.224,8.463,1350376
-120.465,47.271,6.745,1350397
-121.138,47.390,4.984,1350418
-121.872,47.453,3.141,1350439
-122.186,47.404,1.591,1350460
-122.541,47.429,360.000,1350481
-123.013,47.351,358.295,1350502
-123.880,47.238,356.281,1350523
-124.960,47.277,354.054,1350544
-125.666,47.363,352.106,1350565
-126.546,46.993,349.980,1350586
-127.558,46.675,347.707,1350607
-128.557,46.489,345.423,1350628
-129.452,46.073,343.200,1350649
-130.288,45.653,341.019,1350670
-130.673,45.371,339.118,1350691
-130.973,44.849,337.267,1350712
-131.219,44.527,335.425,1350733
-131.492,44.322,333.544,1350754
-132.101,43.975,331.413,1350775
-132.501,43.514,329.413,1350796
-132.520,43.338,327.652,1350817
-132.469,42.927,325.927,1350838
-134.121,43.593,323.732,1350859
-135.416,43.915,321.716,1350880
-136.260,44.300,319.981,1350901
-136.995,44.784,318.280,1350922
-137.507,45.122,316.707,1350943
-137.889,45.268,315.179,1350964
-138.217,45.696,313.648,1350985
-138.479,46.081,312.109,1351006
-138.791,46.090,310.497,1351027
-139.007,46.164,308.926,1351048
-139.075,46.327,307.421,1351069
-138.710,46.050,306.217,1351090
-138.400,45.812,304.982,1351111
-138.248,45.875,303.579,1351132
-138.011,46.100,302.230,1351153
-137.758,46.428,300.907,1351174
-137.372,46.421,299.675,1351195
-136.798,46.451,298.585,1351216
-136.021,46.494,297.639,1351237
-134.987,46.813,296.848,1351258
-134.075,46.860,295.974,1351279
-133.096,46.879,295.095,1351300
-131.713,47.064,294.480,1351321
-130.266,47.255,293.904,1351342
-128.787,47.454,293.338,1351363
-127.723,47.778,292.447,1351384
-126.655,47.996,291.548,1351405
-125.543,47.967,290.663,1351426
-124.469,47.976,289.774,1351447
-122.579,47.829,289.995,1351468
-120.543,47.985,290.327,1351489
-118.519,47.980,290.671,1351510
-116.684,47.981,290.892,1351531
-115.041,48.052,290.959,1351552
-113.623,48.174,290.848,1351573
-112.421,48.300,290.579,1351594
-111.382,48.039,290.179,1351615
-110.866,47.965,289.403,1351636
-110.508,47.914,288.493,1351657
-110.285,47.881,287.528,1351678
-109.781,47.744,286.753,1351699
-109.594,47.567,285.772,1351720
-109.455,47.659,284.750,1351741
-109.480,47.785,283.600,1351762
-109.724,47.954,282.286,1351783
-110.192,48.152,280.760,1351804
-111.146,48.102,278.871,1351825
-112.223,48.108,276.866,1351846
-112.929,47.997,275.134,1351867
-114.115,47.846,273.042,1351888
-114.528,47.780,271.541,1351909
-114.415,47.800,270.434,1351930
-114.422,47.927,269.196,1351951
-114.582,48.108,267.809,1351972
-114.886,48.292,266.293,1351993
-115.349,48.492,264.643,1352014
-116.011,48.349,262.800,1352035
-116.662,48.125,260.954,1352056
-117.045,47.828,259.264,1352077
-117.745,47.663,257.294,1352098
-118.316,47.384,255.346,1352119
-118.499,47.249,253.650,1352140
-119.106,47.383,251.599,1352161
-119.823,47.375,249.404,1352182
-120.048,47.269,247.555,1352203
-120.351,46.967,245.604,1352224
-121.692,46.232,244.691,1352245
-122.939,45.681,243.978,1352266
-124.057,45.258,243.218,1352287
-124.661,44.694,242.678,1352308
-125.350,43.964,241.997,1352329
-125.719,43.615,241.434,1352350
-125.948,43.330,240.898,1352371
-126.210,43.219,240.275,1352392
-126.498,42.793,239.568,1352413
-126.783,42.777,238.811,1352434
-127.095,42.669,237.970,1352455
-127.221,42.442,237.212,1352476
-127.122,42.213,236.516,1352497
-127.400,41.809,236.244,1352518
-127.448,41.808,236.066,1352539
-127.443,41.608,235.856,1352560
-127.369,41.843,235.654,1352581
-127.267,42.231,235.449,1352602
-126.921,42.638,235.354,1352623
-126.565,43.172,235.233,1352644
-126.350,43.461,234.970,1352665
-126.260,43.585,235.154,1352686
-125.961,44.084,235.449,1352707
-125.311,44.238,235.903,1352728
-125.126,44.580,235.950,1352749
-124.555,45.151,236.234,1352770
-123.761,45.630,236.631,1352791
-123.178,46.232,236.826,1352812
-122.777,46.773,236.837,1352833
-122.209,47.246,237.242,1352854
-121.350,47.429,237.807,1352875
-120.476,47.587,238.319,1352896
-119.811,47.573,238.630,1352917
-119.451,47.633,238.700,1352938
-118.924,47.608,238.858,1352959
-118.276,47.582,239.283,1352980
-117.750,47.442,239.595,1353001
-117.583,47.668,239.591,1353022
-117.527,47.853,239.460,1353043
-117.136,47.820,239.544,1353064
-117.231,47.594,239.242,1353085
-117.448,47.362,238.963,1353106
-117.539,47.018,238.711,1353127
-117.765,46.735,238.328,1353148
-117.610,46.588,238.167,1353169
-117.951,46.379,237.613,1353190
-118.055,46.442,237.189,1353211
-118.458,46.344,236.535,1353232
-118.832,46.316,235.944,1353253
-119.278,46.249,235.279,1353274
-119.536,45.904,234.758,1353295
-119.500,45.844,234.422,1353316
-119.810,45.528,233.849,1353337
-120.145,45.202,233.288,1353358
-120.339,45.282,232.793,1353379
-120.450,45.163,232.411,1353400
-120.626,45.222,231.987,1353421
-121.258,45.121,231.251,1353442
-121.920,45.084,230.483,1353463
-122.123,45.126,230.022,1353484
-122.743,45.359,229.247,1353505
-123.340,45.255,228.500,1353526
-123.561,45.325,227.980,1353547
-124.032,45.218,227.291,1353568
-124.609,45.139,226.534,1353589
-125.311,45.400,225.670,1353610
-125.757,45.683,224.952,1353631
-126.131,45.932,224.282,1353652
-126.504,45.806,223.578,1353673
-127.217,45.903,222.598,1353694
-127.854,46.146,221.662,1353715
-128.555,46.261,220.654,1353736
-128.760,46.156,219.989,1353757
-128.895,46.096,219.371,1353778
-129.039,46.352,218.715,1353799
-128.974,46.397,218.216,1353820
-128.895,46.594,217.720,1353841
-129.236,46.634,216.889,1353862
-129.549,46.708,216.072,1353883
-129.827,46.837,215.266,1353904
-130.108,46.855,214.434,1353925
-130.302,46.695,213.646,1353946
-130.528,46.561,212.836,1353967
-130.476,46.704,212.228,1353988
-130.181,46.727,211.804,1354009
-129.803,46.794,211.447,1354030
-129.829,46.734,210.768,1354051
-129.505,46.588,210.322,1354072
-129.050,46.819,209.965,1354093
-128.684,47.065,209.494,1354114
-128.158,47.002,209.120,1354135
-128.107,46.985,208.446,1354156
-127.604,47.051,208.070,1354177
-127.163,46.911,207.646,1354198
-127.104,47.145,206.937,1354219
-126.671,47.129,206.494,1354240
-126.452,47.276,205.877,1354261
-126.505,47.350,205.035,1354282
-126.709,47.296,204.054,1354303
-126.416,47.211,203.466,1354324
-126.439,47.302,202.662,1354345
-126.300,46.996,201.983,1354366
-126.526,46.877,201.037,1354387
-126.210,46.689,200.500,1354408
-125.993,46.404,199.864,1354429
-125.946,46.554,199.125,1354450
-126.098,46.561,198.221,1354471
-125.768,46.546,197.642,1354492
-125.898,46.361,196.746,1354513
-125.569,46.219,196.194,1354535
-125.675,46.030,195.325,1354556
-125.661,46.199,194.557,1354577
-125.501,45.961,193.890,1354598
-125.360,45.720,193.187,1354619
-125.382,45.915,192.353,1354640
-125.620,46.137,191.376,1354661
-125.908,46.100,190.388,1354682
-126.218,46.206,189.392,1354703
-126.454,46.184,188.433,1354724
-126.708,46.424,187.438,1354745
-126.805,46.349,186.550,1354766
-126.544,46.481,185.927,1354787
-126.296,46.550,185.298,1354808
-126.037,46.679,184.694,1354829
-126.060,46.614,183.899,1354850
-125.978,46.901,183.177,1354871
-125.879,47.170,182.464,1354892
-126.161,47.204,181.445,1354913
-125.979,47.174,180.774,1354934
-125.817,47.251,180.086,1354955
-125.683,47.290,179.393,1354976
-126.085,47.298,178.295,1354997
-126.363,47.484,177.282,1355018
-126.753,47.355,176.170,1355039
-127.108,47.201,175.080,1355060
-127.360,47.000,174.076,1355081
-127.338,47.062,173.272,1355102
-127.571,46.875,172.301,1355123
-127.555,46.985,171.510,1355144
-127.828,46.806,170.491,1355165
-127.659,46.524,169.800,1355186
-127.388,46.383,169.184,1355207
-127.094,46.092,168.604,1355228
-126.782,45.916,168.037,1355249
-126.607,45.606,167.375,1355270
-126.780,45.557,166.469,1355291
-126.633,45.734,165.798,1355312
-126.792,45.745,164.916,1355333
-126.984,45.926,164.008,1355354
-127.148,46.107,163.115,1355375
-127.174,46.403,162.338,1355396
-126.853,46.468,161.811,1355417
-127.031,46.465,160.919,1355438
-127.094,46.745,160.108,1355459
-126.822,46.723,159.564,1355480
-126.508,46.787,159.056,1355501
-126.328,46.636,158.474,1355522
-126.245,46.496,157.832,1355543
-126.395,46.462,157.032,1355564
-126.196,46.646,156.476,1355585
-126.456,46.595,155.580,1355606
-126.600,46.879,154.741,1355627
-126.902,46.806,153.794,1355648
-126.816,46.890,153.126,1355669
-127.096,47.112,152.206,1355690
-127.490,47.248,151.209,1355711
-127.895,47.250,150.214,1355732
-127.741,47.206,149.637,1355753
-127.756,47.389,148.938,1355774
-127.887,47.193,148.135,1355795
-127.666,47.263,147.596,1355816
-127.342,47.211,147.116,1355837
-127.127,47.271,146.550,1355858
-126.781,47.189,146.086,1355879
-126.780,46.920,145.348,1355900
-126.608,47.030,144.737,1355921
-126.515,46.776,144.052,1355942
-126.696,46.674,143.180,1355963
-126.752,46.482,142.413,1355984
-126.594,46.251,141.788,1356005
-126.634,46.439,140.988,1356026
-126.380,46.475,140.402,1356047
-126.322,46.673,139.687,1356068
-126.223,46.831,139.013,1356089
-126.279,46.602,138.231,1356110
-126.562,46.569,137.263,1356131
-126.482,46.705,136.548,1356152
-126.312,46.810,135.874,1356173
-126.446,46.692,134.962,1356194
-126.391,46.541,134.171,1356215
-126.117,46.576,133.571,1356236
-125.988,46.860,132.889,1356257
-126.297,47.170,131.897,1356278
-126.412,47.185,131.047,1356299
-126.267,47.466,130.349,1356320
-126.585,47.759,129.298,1356341
-126.588,47.784,128.425,1356362
-126.815,47.904,127.345,1356383
-127.045,48.079,126.215,1356404
-127.297,48.415,125.066,1356425
-127.081,48.434,124.258,1356446
-126.949,48.746,123.377,1356467
-127.159,49.182,122.229,1356488
-127.184,49.442,121.223,1356509
-127.785,49.689,119.771,1356530
-128.059,50.045,118.535,1356551
-128.737,50.277,116.930,1356572
-128.981,50.271,115.649,1356593
-129.676,50.341,114.009,1356614
-129.976,50.555,112.631,1356635
-130.397,50.789,111.141,1356656
-130.817,50.945,109.608,1356677
-131.755,50.902,107.706,1356698
-132.669,51.148,105.789,1356719
-133.730,51.305,103.747,1356740
-134.401,51.497,102.001,1356761
-135.373,51.422,100.011,1356782
-136.232,51.329,98.115,1356803
-137.205,51.308,96.102,1356824
-137.645,51.450,94.528,1356845
-138.043,51.584,92.957,1356866
-138.558,51.483,91.296,1356887
-138.934,51.544,89.720,1356908
-138.055,51.932,89.266,1356929
-137.573,52.185,88.501,1356950
-136.720,52.471,88.020,1356971
-136.343,52.718,87.170,1356992
-135.594,53.186,86.613,1357013
-135.221,53.296,85.790,1357034
-134.417,53.353,85.306,1357055
-134.182,53.662,84.389,1357076
-133.571,53.535,83.760,1357097
-133.550,53.662,82.633,1357118
-133.054,53.644,81.858,1357139
-132.523,53.603,81.098,1357160
-132.062,53.197,80.268,1357181
-131.439,52.910,79.546,1357202
-131.341,52.482,78.462,1357223
-130.902,52.247,77.635,1357244
-130.880,51.739,76.458,1357265
-130.896,51.295,75.241,1357286
-130.934,50.958,74.007,1357307
-130.721,50.363,72.955,1357328
-130.738,50.031,71.731,1357349
-130.443,49.346,70.760,1357370
-130.332,48.698,69.611,1357391
-129.814,48.222,68.786,1357412
-129.559,47.530,67.756,1357433
-129.020,47.076,66.945,1357454
-128.826,46.496,65.866,1357475
-128.464,46.291,64.915,1357496
-127.972,45.785,64.044,1357517
-127.655,45.664,63.061,1357538
-127.635,45.473,61.864,1357559
-127.579,45.439,60.707,1357580
-127.044,45.250,59.879,1357601
-126.580,45.092,58.989,1357622
-126.318,44.949,57.964,1357643
-126.232,45.271,56.823,1357664
-125.753,45.494,55.966,1357685
-125.685,45.874,54.811,1357706
-125.737,46.206,53.558,1357727
-125.720,46.629,52.334,1357748
-125.689,46.752,51.125,1357769
-125.328,47.150,50.164,1357790
-125.475,47.536,48.827,1357811
-125.630,47.825,47.462,1357832
-125.823,47.662,46.637,1357853
-125.957,47.280,45.847,1357874
-126.113,46.943,45.036,1357895
-126.082,46.607,44.342,1357916
-125.860,46.490,43.751,1357937
-125.615,46.246,43.168,1357958
-125.817,46.188,42.228,1357979
-126.007,46.145,41.281,1358000
-125.672,46.127,40.713,1358021
-125.291,46.097,40.180,1358042
-124.925,46.116,39.612,1358063
-124.546,46.182,39.033,1358084
-124.255,46.338,38.385,1358105
-123.904,46.550,37.765,1358126
-123.587,46.823,37.098,1358147
-123.537,46.805,36.247,1358168
-123.583,46.903,35.290,1358189
-123.334,47.273,34.542,1358210
-123.183,47.235,33.705,1358231
-123.003,47.179,32.845,1358252
-122.586,47.250,32.108,1358273
-122.185,47.360,31.381,1358294
-122.332,47.571,30.234,1358315
-122.213,47.847,29.268,1358336
-121.827,47.824,28.475,1358357
-121.718,47.594,27.447,1358378
-121.971,47.579,26.124,1358399
-122.229,47.532,24.804,1358420
-122.201,47.193,23.688,1358441
-122.023,47.042,22.668,1358462
-121.902,46.782,21.584,1358483
-122.206,46.533,20.180,1358504
-122.584,46.573,18.695,1358525
-122.986,46.322,17.157,1358546
-123.489,46.310,15.533,1358567
-124.004,46.062,13.912,1358588
-124.591,45.865,12.201,1358609
-125.082,45.880,10.556,1358630
-125.622,45.586,8.843,1358651
-126.222,45.450,7.096,1358672
-126.296,45.234,5.680,1358693
-126.352,45.015,4.250,1358714
-126.369,44.819,2.819,1358735
-126.842,44.632,1.055,1358756
-126.879,44.607,359.616,1358777
-126.834,44.413,358.242,1358798
-127.144,44.104,356.577,1358819
-127.613,43.917,354.816,1358840
-127.603,43.767,353.385,1358861
-127.629,43.771,351.936,1358882
-127.639,43.755,350.491,1358903
-127.923,43.533,348.826,1358924
-128.288,43.681,347.112,1358945
-128.593,43.875,345.423,1358966
-128.891,43.805,343.755,1358987
-129.150,43.675,342.117,1359008
-129.407,43.547,340.507,1359029
-130.720,44.065,338.593,1359050
-131.866,44.399,336.769,1359071
-132.587,44.799,335.230,1359092
-133.197,45.247,333.735,1359113
-133.750,45.731,332.266,1359134
-134.100,46.113,330.931,1359155
-134.736,46.308,329.405,1359176
-135.301,46.676,327.902,1359197
-135.695,47.041,326.532,1359218
-136.040,47.235,325.185,1359239
-136.213,47.259,323.919,1359260
-135.844,47.439,323.042,1359281
-135.394,47.601,322.192,1359302
-134.822,47.693,321.391,1359323
-134.250,47.509,320.605,1359344
-133.598,47.621,319.884,1359365
-133.495,47.662,318.756,1359386
-132.732,47.628,318.097,1359407
-132.084,47.428,317.328,1359428
-131.479,47.231,316.507,1359449
-131.191,47.439,315.425,1359470
-130.822,47.295,314.397,1359491
-129.977,47.041,313.671,1359512
-129.510,46.926,312.667,1359533
-128.446,46.755,312.073,1359554
-127.393,46.663,311.459,1359575
-126.821,46.419,310.466,1359596
-126.297,46.271,309.444,1359617
-125.734,46.251,308.432,1359638
-124.938,46.274,307.586,1359659
-124.012,45.896,306.838,1359680
-123.132,45.732,306.023,1359701
-122.275,45.541,305.237,1359722
-121.548,45.397,304.330,1359743
-120.860,45.243,303.412,1359764
-120.775,45.216,302.064,1359785
-120.752,45.199,300.687,1359806
-120.565,45.019,299.435,1359827
-120.173,44.997,298.512,1359848
-119.464,44.990,297.826,1359869
-118.862,45.009,297.059,1359890
-118.400,45.098,296.203,1359911
-118.195,45.468,295.154,1359932
-118.031,45.744,294.066,1359953
-118.486,46.131,292.523,1359974
-118.580,46.429,291.226,1359995
-119.310,46.714,289.457,1360016
-120.087,46.876,287.641,1360037
-120.954,47.019,285.764,1360058
-121.537,46.946,284.091,1360079
-122.544,47.095,282.098,1360100
-123.172,47.377,280.375,1360121
-123.803,47.627,278.650,1360142
-124.570,47.863,276.813,1360163
-125.471,48.085,274.858,1360184
-126.535,48.048,272.798,1360205
-127.537,47.895,270.759,1360226
-128.348,47.604,268.857,1360247
-128.962,47.254,267.072,1360268
-129.751,46.929,265.181,1360289
-130.278,46.560,263.436,1360310
-130.634,46.341,261.800,1360331
-130.962,46.257,260.168,1360352
-131.154,46.041,258.615,1360373
-131.262,45.866,257.107,1360394
-131.801,45.901,255.311,1360415
-132.168,46.069,253.632,1360436
-132.478,45.928,251.970,1360457
-132.733,45.923,250.335,1360478
-132.400,45.781,249.098,1360499
-132.015,45.737,247.860,1360520
-131.665,45.890,246.595,1360541
-131.666,46.042,245.076,1360562
-131.400,46.330,243.765,1360583
-131.283,46.531,242.360,1360604
-130.941,46.469,241.101,1360625
-130.554,46.442,239.855,1360646
-129.828,46.491,238.841,1360667
-129.203,46.442,237.775,1360688
-128.431,46.497,236.799,1360709
-128.108,46.420,235.592,1360730
-127.828,46.590,234.671,1360751
-127.545,46.779,233.752,1360772
-127.292,46.996,232.788,1360793
-127.041,47.203,231.815,1360814
-126.508,47.145,231.062,1360835
-126.460,47.176,229.990,1360856
-126.391,47.152,228.884,1360877
-126.002,46.996,228.026,1360898
-125.766,46.867,227.061,1360919
-125.339,47.046,226.216,1360940
-124.963,47.234,225.324,1360961
-125.038,47.426,224.085,1360982
-125.022,47.361,222.917,1361003
-124.675,47.241,221.988,1361024
-124.337,47.132,221.048,1361045
-123.979,47.199,220.139,1361066
-123.843,47.053,219.055,1361087
-123.546,47.017,218.079,1361108
-123.397,47.260,217.017,1361129
-123.423,47.558,215.805,1361150
-123.677,47.789,214.439,1361171
-124.051,47.860,212.959,1361192
-124.418,47.776,211.488,1361213
-124.793,47.688,210.009,1361234
-124.889,47.452,208.756,1361255
-125.318,47.522,207.287,1361276
-125.749,47.409,205.796,1361297
-126.119,47.263,204.350,1361318
-126.101,47.011,203.188,1361339
-126.152,47.151,201.968,1361360
-126.407,47.219,200.583,1361381
-126.636,47.073,199.209,1361402
-126.814,46.918,197.872,1361423
-126.734,46.625,196.714,1361444
-126.444,46.594,195.706,1361465
-126.443,46.745,194.517,1361486
-126.632,46.620,193.235,1361507
-126.368,46.620,192.244,1361528
-126.106,46.681,191.273,1361549
-126.006,46.882,190.194,1361570
-125.682,46.875,189.242,1361591
-125.812,47.047,187.963,1361612
-125.515,46.881,186.979,1361633
-125.576,46.788,185.752,1361654
-125.611,46.682,184.565,1361675
-125.220,46.759,183.698,1361696
-124.815,46.757,182.850,1361717
-124.411,46.821,182.008,1361738
-124.015,46.896,181.140,1361759
-123.834,47.129,180.144,1361780
-123.434,47.191,179.305,1361801
-123.474,47.345,178.142,1361822
-123.540,47.234,176.992,1361843
-123.645,47.185,175.794,1361864
-123.418,46.953,174.854,1361885
-123.642,46.996,173.592,1361906
-123.906,47.154,172.300,1361927
-123.977,46.980,171.190,1361948
-124.216,46.850,169.964,1361969
-124.066,46.785,169.018,1361990
-124.154,47.049,167.945,1362011
-124.376,47.307,166.774,1362032
-124.441,47.114,165.708,1362053
-124.252,47.005,164.841,1362074
-124.391,46.809,163.715,1362095
-124.257,46.939,162.799,1362116
-124.533,47.063,161.633,1362137
-124.618,47.305,160.628,1362158
-124.422,47.266,159.843,1362179
-124.397,47.485,158.931,1362200
-124.496,47.721,157.912,1362221
-124.798,47.621,156.734,1362242
-125.161,47.593,155.516,1362263
-125.171,47.385,154.550,1362284
-125.347,47.559,153.479,1362305
-125.533,47.733,152.426,1362326
-125.326,47.646,151.677,1362347
-125.143,47.666,150.901,1362368
-124.982,47.713,150.130,1362389
-125.138,47.834,149.120,1362410
-125.423,47.803,148.017,1362431
-125.135,47.586,147.331,1362452
-125.252,47.336,146.359,1362473
-125.301,47.043,145.410,1362494
-125.202,47.134,144.600,1362515
-124.892,47.052,143.943,1362536
-124.893,46.817,143.040,1362557
-125.096,46.949,141.988,1362578
-124.756,46.918,141.320,1362599
-124.559,47.144,140.569,1362620
-124.701,47.180,139.574,1362641
-124.556,47.033,138.758,1362662
-124.103,47.073,138.167,1362683
-123.833,46.941,137.418,1362704
-123.398,47.096,136.803,1362725
-122.967,47.233,136.164,1362746
-122.502,47.310,135.559,1362767
-122.114,47.530,134.907,1362788
-121.736,47.752,134.238,1362809
-121.863,47.847,133.201,1362830
-121.976,47.941,132.189,1362851
-122.101,47.982,131.154,1362872
-122.192,48.227,130.139,1362893
-120.438,48.261,131.150,1362914
-118.827,48.360,132.060,1362935
-117.864,48.407,132.546,1362956
-116.598,48.489,133.255,1362977
-115.518,48.548,133.857,1362998
-114.623,48.438,134.348,1363019
-113.956,48.296,134.669,1363040
-113.421,48.241,134.887,1363061
-113.066,48.182,134.991,1363082
-113.329,48.061,134.639,1363103
-113.648,48.217,134.256,1363124
-113.745,48.215,134.029,1363145
-113.974,48.017,133.750,1363166
-114.749,48.137,133.081,1363187
-115.578,47.981,132.397,1363208
-116.556,48.123,131.603,1363229
-117.588,48.333,130.762,1363250
-118.650,48.189,129.889,1363271
-119.837,48.130,128.918,1363292
-121.052,47.969,127.937,1363313
-122.136,47.754,127.059,1363334
-123.064,47.529,126.285,1363355
-123.941,47.370,125.542,1363376
-125.156,47.493,124.553,1363397
-125.913,47.337,123.902,1363418
-126.525,47.141,123.372,1363439
-127.602,47.115,122.468,1363460
-128.668,47.047,121.580,1363481
-129.412,47.090,120.887,1363502
-130.125,46.730,120.225,1363523
-130.924,46.664,119.494,1363544
-131.267,46.637,119.086,1363565
-131.463,46.273,118.769,1363586
-131.966,46.114,118.223,1363607
-132.008,46.169,118.001,1363628
-131.906,45.899,117.872,1363649
-132.105,45.809,117.535,1363670
-132.199,45.970,117.273,1363691
-131.911,45.739,117.288,1363712
-131.481,45.566,117.404,1363733
-130.942,45.626,117.590,1363754
-130.395,45.752,117.803,1363775
-129.754,45.670,118.075,1363796
-129.222,45.900,118.244,1363817
-128.518,46.031,118.549,1363838
-128.271,46.309,118.525,1363859
-128.029,46.483,118.479,1363880
-127.610,46.529,118.606,1363901
-127.122,46.564,118.808,1363922
-126.858,46.705,118.848,1363943
-126.323,47.106,119.103,1363964
-125.828,47.479,119.317,1363985
-125.273,47.732,119.576,1364006
-125.125,47.758,119.519,1364027
-125.108,48.065,119.374,1364048
-124.702,48.025,119.517,1364069
-124.327,48.195,119.646,1364090
-124.494,48.397,119.389,1364111
-124.303,48.602,119.385,1364132
-124.585,48.641,119.017,1364153
-124.768,48.489,118.740,1364174
-124.591,48.394,118.711,1364195
-124.896,48.556,118.337,1364216
-125.092,48.698,118.058,1364237
-125.559,48.666,117.574,1364258
-126.076,48.614,117.046,1364279
-126.505,48.419,116.592,1364300
-126.457,48.169,116.493,1364321
-126.886,47.932,116.029,1364342
-127.289,47.671,115.619,1364363
-127.380,47.331,115.438,1364384
-127.828,47.026,115.010,1364405
-127.999,46.665,114.816,1364426
-127.981,46.471,114.750,1364447
-128.302,46.557,114.449,1364468
-128.407,46.632,114.296,1364489
-128.414,46.666,114.214,1364510
-128.308,46.599,114.218,1364531
-128.647,46.419,113.897,1364552
-128.632,46.481,113.865,1364573
-128.573,46.472,113.896,1364594
-129.007,46.632,113.559,1364615
-129.278,46.903,113.347,1364636
-129.243,47.153,113.335,1364657
-129.396,47.049,113.190,1364678
-129.263,47.225,113.219,1364699
-129.538,47.195,112.950,1364720
-129.409,47.357,112.981,1364741
-129.463,47.177,112.847,1364762
-129.597,47.075,112.656,1364783
-129.643,46.965,112.513,1364804
-129.561,47.128,112.436,1364825
-129.520,47.283,112.315,1364846
-128.964,47.259,112.541,1364867
-128.924,47.350,112.385,1364888
-128.501,47.556,112.496,1364909
-128.451,47.651,112.274,1364930
-128.011,47.884,112.325,1364951
-127.516,47.857,112.405,1364972
-127.095,47.871,112.401,1364993
-126.887,47.811,112.251,1365014
-126.561,47.948,112.162,1365035
-126.502,47.932,111.872,1365056
-126.884,48.264,111.239,1365077
-127.364,48.538,110.529,1365098
-127.859,48.794,109.822,1365119
-128.264,49.207,109.182,1365140
-128.670,49.655,108.494,1365161
-128.704,49.731,108.078,1365182
-128.761,49.863,107.657,1365203
-128.965,50.278,107.074,1365224
-129.130,50.638,106.530,1365245
-129.592,50.667,105.696,1365266
-130.380,51.049,104.595,1365287
-131.319,51.329,103.357,1365308
-132.260,51.571,102.123,1365329
-132.743,51.954,101.215,1365350
-133.144,52.139,100.324,1365371
-133.996,52.183,99.042,1365392
-134.742,52.494,97.792,1365413
-135.685,52.477,96.320,1365434
-136.027,52.414,95.285,1365455
-136.481,52.515,94.106,1365476
-137.343,52.503,92.518,1365497
-138.097,52.319,90.980,1365518
-138.755,52.365,89.498,1365539
-139.010,52.076,88.314,1365560
-139.488,52.157,86.918,1365581
-139.290,52.030,86.045,1365602
-139.006,51.846,85.195,1365623
-138.708,51.635,84.354,1365644
-138.382,51.723,83.487,1365665
-138.356,51.910,82.389,1365686
-138.249,51.706,81.363,1365707
-138.175,51.511,80.305,1365728
-138.250,51.633,79.110,1365749
-137.730,51.528,78.311,1365770
-137.161,51.342,77.470,1365791
-136.543,51.161,76.607,1365812
-135.949,50.846,75.665,1365833
-135.335,50.664,74.694,1365854
-134.749,50.543,73.662,1365875
-134.354,50.108,72.460,1365896
-133.800,50.041,71.336,1365917
-133.397,49.605,70.072,1365938
-132.621,49.474,69.067,1365959
-132.055,49.431,67.873,1365980
-131.106,49.006,66.958,1366001
-130.160,48.581,66.008,1366022
-129.116,48.310,65.142,1366043
-128.511,47.932,63.954,1366064
-127.743,47.510,62.844,1366085
-127.222,47.424,61.512,1366106
-126.399,47.037,60.356,1366127
-125.759,46.805,59.057,1366148
-125.034,46.463,57.784,1366169
-123.910,46.316,56.758,1366190
-122.835,45.966,55.662,1366211
-121.726,45.720,54.553,1366232
-120.713,45.460,53.345,1366253
-119.928,45.187,51.970,1366274
-119.149,44.949,50.602,1366295
-118.150,45.009,49.395,1366316
-117.582,44.848,47.895,1366337
-117.012,45.012,46.413,1366358
-116.606,45.033,44.814,1366379
-116.217,44.981,43.222,1366400
-115.687,45.281,41.753,1366421
-115.385,45.175,40.129,1366442
-112.745,45.325,40.902,1366463
-109.858,45.543,41.816,1366484
-107.196,45.719,42.641,1366505
-104.734,45.781,43.374,1366526
-102.635,46.085,43.888,1366547
-100.997,46.469,44.076,1366568
-99.787,46.833,43.981,1366589
-98.844,47.000,43.676,1366610
-98.170,47.247,43.172,1366631
-97.263,47.509,42.845,1366652
-96.643,47.974,42.313,1366673
-96.272,48.371,41.612,1366694
-96.493,48.997,40.486,1366715
-97.054,49.461,39.093,1366736
-97.650,49.997,37.687,1366757
-98.715,50.171,35.902,1366778
-99.986,50.354,33.955,1366799
-101.350,50.648,31.914,1366820
-102.600,50.559,29.955,1366841
-104.000,50.531,27.848,1366862
-104.281,50.554,26.415,1366883
-104.573,50.825,24.907,1366904
-104.723,51.131,24.130,1366925
-105.085,51.279,23.655,1366946
-105.242,51.491,23.253,1366967
-106.029,51.492,22.480,1366988
-106.477,51.526,21.962,1367009
-107.508,51.360,21.027,1367030
-108.623,51.187,19.955,1367051
-109.716,50.903,19.029,1367072
-110.394,50.635,18.322,1367093
-111.021,50.269,17.665,1367114
-112.142,50.115,16.640,1367135
-113.314,49.762,15.568,1367156
-114.032,49.528,14.843,1367177
-114.546,49.196,14.215,1367198
-115.498,48.716,13.192,1367219
-116.490,48.197,12.068,1367240
-117.424,47.596,10.956,1367261
-118.002,47.007,10.048,1367282
-118.756,46.572,9.162,1367303
-120.330,47.469,8.391,1367324
-121.585,48.243,7.748,1367345
-122.752,48.884,7.136,1367366
-123.896,49.416,6.492,1367387
-125.310,49.573,5.610,1367408
-126.552,49.938,4.812,1367429
-127.286,49.948,4.337,1367450
-128.432,49.892,3.528,1367471
-129.461,49.715,2.753,1367492
-130.339,49.687,2.066,1367513
-130.905,49.562,1.616,1367534
-131.681,49.364,0.977,1367555
-132.446,48.837,0.349,1367576
-132.821,48.543,359.996,1367597
-133.419,48.244,359.455,1367618
-133.950,47.664,358.922,1367639
-134.371,47.101,358.437,1367660
-134.640,46.560,358.076,1367681
-134.374,46.188,358.056,1367702
-133.967,45.678,358.156,1367723
-134.233,45.367,357.950,1367744
-134.106,45.347,358.030,1367765
-133.751,45.209,358.261,1367786
-133.701,45.220,358.214,1367807
-133.535,44.900,358.214,1367828
-133.179,44.781,358.468,1367849
-133.292,44.810,358.340,1367870
-133.283,44.734,358.299,1367891
-133.071,44.522,358.384,1367912
-132.640,44.696,358.591,1367933
-132.062,44.819,358.839,1367954
-131.417,44.765,359.123,1367975
-131.165,44.877,359.086,1367996
-130.554,45.244,359.287,1368017
-129.875,45.606,359.546,1368038
-129.439,45.661,359.620,1368059
-129.037,45.762,359.664,1368080
-128.459,45.667,359.803,1368101
-127.556,45.760,0.161,1368122
-126.629,45.680,0.508,1368143
-125.966,45.423,0.627,1368164
-125.457,45.188,0.614,1368185
-124.737,45.200,0.734,1368206
-124.475,44.977,0.583,1368227
-124.125,45.056,0.472,1368248
-123.560,45.015,0.489,1368269
-123.073,44.976,0.427,1368291
-122.603,44.883,0.299,1368312
-122.223,44.800,0.113,1368333
-122.154,44.429,359.683,1368354
-122.229,44.421,359.146,1368375
-121.962,44.249,358.814,1368396
-122.257,44.086,358.100,1368417
-122.626,43.977,357.337,1368438
-122.939,43.772,356.583,1368459
-123.255,43.576,355.823,1368480
-123.730,43.536,354.917,1368501
-123.870,43.682,354.229,1368522
-123.914,43.733,353.639,1368543
-123.989,43.683,352.993,1368564
-124.249,43.494,352.210,1368585
-124.354,43.601,351.523,1368606
-124.894,43.578,350.556,1368627
-125.403,43.514,349.597,1368648
-125.423,43.482,348.986,1368669
-125.891,43.380,348.068,1368690
-126.141,43.175,347.304,1368711
-126.313,43.362,346.574,1368732
-126.546,43.597,345.835,1368753
-126.980,43.835,344.959,1368774
-127.470,43.884,344.026,1368795
-127.783,44.099,343.240,1368816
-127.684,44.065,342.748,1368837
-128.076,44.092,341.914,1368858
-128.035,44.305,341.382,1368879
-127.923,44.195,340.906,1368900
-127.713,44.332,340.471,1368921
-127.573,44.572,339.976,1368942
-127.411,44.795,339.495,1368963
-127.250,45.018,338.988,1368984
-127.560,45.157,338.108,1369005
-127.807,45.247,337.256,1369026
-127.917,45.178,336.482,1369047
-128.019,45.484,335.715,1369068
-128.257,45.455,334.834,1369089
-128.500,45.463,333.966,1369110
-128.365,45.737,333.366,1369131
-128.170,45.919,332.804,1369152
-128.109,46.253,332.131,1369173
-128.451,46.461,331.152,1369194
-128.348,46.466,330.477,1369215
-128.618,46.647,329.538,1369236
-128.835,46.676,328.632,1369257
-129.012,46.672,327.733,1369278
-128.805,46.914,327.126,1369299
-128.541,46.894,326.539,1369320
-128.241,46.933,325.960,1369341
-127.916,47.000,325.405,1369362
-127.711,47.156,324.727,1369383
-127.486,47.247,324.071,1369404
-127.703,47.110,323.083,1369425
-128.039,47.127,322.023,1369446
-128.091,47.261,321.171,1369467
-128.342,47.322,320.186,1369488
-128.557,47.207,319.232,1369509
-128.333,46.928,318.618,1369530
-128.207,47.057,317.905,1369551
-127.941,47.105,317.316,1369572
-127.511,46.996,316.845,1369593
-127.540,47.083,316.036,1369614
-127.683,47.078,315.137,1369635
-127.524,46.726,314.437,1369656
-127.353,46.405,313.754,1369677
-127.473,46.142,312.850,1369698
-127.594,45.862,311.965,1369719
-127.404,45.572,311.293,1369740
-127.209,45.286,310.616,1369761
-127.451,45.333,309.652,1369782
-127.373,45.494,308.914,1369803
-127.204,45.675,308.242,1369824
-127.299,45.677,307.392,1369845
-126.969,45.874,306.840,1369866
-126.596,45.795,306.325,1369887
-126.187,45.831,305.854,1369908
-125.847,45.809,305.316,1369929
-126.096,46.060,304.361,1369950
-125.858,46.009,303.757,1369971
-125.817,46.314,303.026,1369992
-125.757,46.575,302.289,1370013
-126.038,46.787,301.339,1370034
-126.323,46.727,300.391,1370055
-126.180,46.714,299.745,1370076
-126.468,46.929,298.832,1370097
-126.727,46.910,297.902,1370118
-126.953,46.869,297.009,1370139
-127.169,46.833,296.130,1370160
-127.089,46.678,295.470,1370181
-127.192,46.940,294.696,1370202
-127.125,47.168,294.036,1370223
-127.002,47.316,293.425,1370244
-127.319,47.389,292.498,1370265
-127.132,47.233,291.947,1370286
-127.035,46.983,291.312,1370307
-126.818,46.947,290.765,1370328
-126.556,46.804,290.236,1370349
-126.795,46.825,289.333,1370370
-127.005,46.769,288.453,1370391
-126.705,46.796,287.951,1370412
-126.391,46.783,287.466,1370433
-126.346,46.977,286.797,1370454
-126.279,46.756,286.126,1370475
-126.414,46.941,285.308,1370496
-126.111,46.780,284.814,1370517
-126.016,46.570,284.167,1370538
-125.731,46.605,283.634,1370559
-125.380,46.546,283.113,1370580
-125.077,46.601,282.544,1370601
-125.038,46.426,281.755,1370622
-124.686,46.458,281.188,1370643
-124.511,46.642,280.448,1370664
-124.627,46.655,279.504,1370685
-124.734,46.624,278.564,1370706
-124.850,46.582,277.586,1370727
-124.811,46.333,276.732,1370748
-124.832,46.144,275.834,1370769
-124.860,45.926,274.897,1370790
-124.608,46.013,274.185,1370811
-124.306,46.082,273.498,1370832
-124.222,45.852,272.606,1370853
-123.928,45.877,271.865,1370874
-124.115,45.984,270.800,1370895
-123.881,45.819,270.008,1370916
-123.966,45.646,268.975,1370937
-123.839,45.437,268.078,1370958
-123.600,45.491,267.230,1370979
-123.443,45.327,266.287,1371000
-124.198,44.681,266.716,1371021
-125.002,44.175,266.837,1371042
-125.406,43.737,267.123,1371063
-125.691,43.339,267.422,1371084
-126.076,43.078,267.548,1371105
-126.561,42.775,267.553,1371126
-126.895,42.593,267.594,1371147
-126.714,42.225,267.928,1371168
-126.768,42.102,268.071,1371189
-126.568,42.312,268.302,1371210
-126.050,42.342,268.686,1371231
-125.575,42.575,269.022,1371252
-125.518,42.732,269.039,1371273
-125.373,43.077,269.069,1371294
-124.934,43.429,269.280,1371315
-124.798,43.495,269.246,1371336
-124.650,43.571,269.183,1371357
-124.633,43.718,268.983,1371378
-124.407,44.194,268.867,1371399
-124.541,44.291,268.623,1371420
-124.447,44.579,268.717,1371441
-124.749,44.691,268.480,1371462
-124.921,44.994,268.280,1371483
-124.898,45.296,268.175,1371504
-125.255,45.478,267.761,1371525
-125.515,45.458,267.374,1371546
-125.872,45.529,266.867,1371567
-125.783,45.658,266.647,1371588
-125.795,45.884,266.347,1371609
-125.798,45.897,266.025,1371630
-125.936,46.162,265.552,1371651
-126.432,46.138,264.785,1371672
-126.724,46.424,264.157,1371693
-127.224,46.373,263.347,1371714
-127.337,46.492,262.795,1371735
-127.538,46.326,262.160,1371756
-127.796,46.136,261.446,1371777
-128.185,46.000,260.631,1371798
-128.515,45.790,259.835,1371819
-128.478,45.770,259.255,1371840
-128.481,45.804,258.638,1371861
-128.469,45.849,258.014,1371882
-128.735,45.913,257.163,1371903
-128.800,46.037,256.448,1371924
-128.735,46.154,255.817,1371945
-128.794,45.941,255.102,1371966
-128.436,45.843,254.655,1371987
-128.457,45.734,253.946,1372008
-128.439,45.678,253.267,1372029
-128.418,45.646,252.547,1372050
-127.804,45.677,252.251,1372071
-127.604,45.895,251.672,1372092
-127.419,45.879,251.086,1372113
-127.252,46.004,250.474,1372134
-126.755,46.165,250.097,1372155
-126.091,46.064,249.863,1372176
-125.517,45.972,249.552,1372197
-125.140,45.704,249.060,1372218
-124.671,45.811,248.627,1372239
-124.145,45.680,248.236,1372260
-123.687,45.797,247.789,1372281
-123.702,45.821,246.999,1372302
-123.466,46.053,246.398,1372323
-123.483,46.142,245.615,1372344
-123.023,46.134,245.155,1372365
-122.884,45.927,244.437,1372386
-122.972,45.832,243.576,1372407
-122.840,46.045,242.891,1372428
-123.005,45.890,241.983,1372449
-123.023,45.642,241.204,1372470
-122.914,45.625,240.501,1372491
-122.905,45.467,239.709,1372512
-123.172,45.608,238.717,1372533
-123.756,45.648,237.495,1372554
-124.126,45.418,236.421,1372575
-124.545,45.633,235.310,1372596
-124.761,45.791,234.345,1372617
-125.059,45.688,233.349,1372638
-125.723,45.762,232.073,1372659
-126.394,45.967,230.779,1372680
-126.625,46.229,229.779,1372701
-126.904,46.541,228.707,1372722
-127.122,46.923,227.692,1372743
-127.543,47.018,226.521,1372764
-127.614,47.147,225.607,1372785
-127.968,47.293,224.474,1372806
-128.370,47.537,223.324,1372827
-128.281,48.033,222.523,1372848
-128.141,48.533,221.754,1372869
-127.847,48.961,221.121,1372890
-127.966,49.285,220.169,1372911
-127.595,49.826,219.598,1372932
-127.093,50.318,219.122,1372953
-127.093,50.818,218.254,1372974
-127.057,51.228,217.426,1372995
-126.608,51.348,216.922,1373016
-126.184,51.397,216.423,1373037
-125.624,51.672,216.034,1373058
-125.251,51.656,215.499,1373079
-124.742,51.904,215.082,1373100
-124.282,52.179,214.648,1373121
-124.243,52.407,213.890,1373142
-123.707,52.574,213.546,1373163
-123.613,52.663,212.828,1373184
-123.374,52.533,212.268,1373205
-122.956,52.296,211.868,1373226
-122.529,52.032,211.500,1373247
-122.288,51.841,211.010,1373268
-121.622,51.723,210.848,1373289
-121.206,51.394,210.514,1373310
-121.184,51.348,209.869,1373331
-121.117,51.372,209.242,1373352
-121.075,51.355,208.619,1373373
-120.633,51.040,208.304,1373394
-120.527,50.514,207.707,1373415
-120.169,50.012,207.269,1373436
-119.837,49.678,206.822,1373457
-119.708,49.098,206.195,1373478
-120.266,49.218,206.119,1373499
-120.811,49.626,205.878,1373520
-121.192,49.915,205.697,1373541
-122.028,50.078,205.138,1373562
-122.794,50.311,204.644,1373583
-123.620,50.472,204.091,1373604
-124.438,50.578,203.520,1373625
-124.708,50.601,203.335,1373647
-125.207,50.430,202.964,1373668
-125.470,50.389,202.781,1373689
-126.141,50.267,202.284,1373710
-126.398,50.300,202.116,1373731
-126.900,50.540,201.763,1373752
-127.475,50.417,201.385,1373773
-128.031,50.280,201.003,1373794
-128.558,50.229,200.641,1373815
-128.536,50.259,200.658,1373836
-128.653,49.965,200.560,1373857
-128.421,49.905,200.704,1373878
-128.358,49.961,200.660,1373899
-128.362,50.056,200.525,1373920
-128.535,50.132,200.214,1373941
-128.843,50.029,199.758,1373962
-128.867,49.672,199.502,1373983
-129.161,49.543,199.003,1374004
-129.418,49.385,198.524,1374025
-129.342,49.005,198.253,1374046
-129.170,48.613,197.998,1374067
-128.855,48.386,197.788,1374088
-128.578,48.299,197.505,1374109
-128.235,48.158,197.219,1374130
-128.393,48.102,196.538,1374151
-128.333,48.130,196.003,1374172
-128.319,47.806,195.398,1374193
-128.428,47.823,194.634,1374214
-128.560,47.805,193.794,1374235
-128.223,47.507,193.259,1374256
-127.964,47.511,192.603,1374277
-127.765,47.250,191.864,1374298
-127.627,47.324,191.046,1374319
-127.889,47.316,189.897,1374340
-127.803,47.045,188.982,1374361
-128.044,46.965,187.823,1374382
-128.039,47.156,186.789,1374403
-127.882,46.958,185.846,1374424
-127.960,46.849,184.707,1374445
-127.578,46.958,183.915,1374466
-127.174,46.916,183.137,1374487
-127.258,47.091,181.996,1374508
-127.278,47.139,180.887,1374529
-126.792,47.218,180.088,1374550
-126.495,47.524,179.122,1374571
-126.243,47.884,178.102,1374592
-126.141,48.278,176.952,1374613
-125.990,48.249,175.850,1374634
-125.714,48.167,174.815,1374655
-125.201,48.109,173.912,1374676
-125.054,48.405,172.699,1374697
-124.994,48.723,171.375,1374718
-124.505,48.696,170.350,1374739
-124.141,48.934,169.180,1374760
-124.269,49.194,167.627,1374781
-124.108,49.048,166.239,1374802
-123.843,49.197,164.894,1374823
-123.956,49.024,163.220,1374844
-124.152,48.954,161.424,1374865
-123.850,48.854,159.940,1374886
-123.868,48.572,158.194,1374907
-123.765,48.677,156.482,1374928
-123.512,48.484,154.855,1374949
-123.381,48.222,153.124,1374970
-123.482,48.331,151.192,1374991
-123.862,48.050,149.015,1375012
-124.377,47.901,146.745,1375033
-124.889,47.904,144.462,1375054
-125.208,47.532,142.315,1375075
-125.204,47.313,140.373,1375096
-125.523,47.011,138.201,1375117
-125.422,46.839,136.343,1375138
-125.721,46.604,134.215,1375159
-126.173,46.630,131.962,1375180
-126.637,46.560,129.729,1375201
-126.617,46.517,127.859,1375222
-126.633,46.392,126.002,1375243
-126.812,46.175,124.004,1375264
-127.270,46.151,121.833,1375285
-127.429,46.386,119.875,1375306
-127.407,46.454,118.040,1375327
-127.800,46.736,115.941,1375348
-128.318,46.949,113.730,1375369
-128.801,47.005,111.565,1375390
-128.741,47.018,109.798,1375411
-129.084,46.988,107.741,1375432
-128.881,46.949,106.106,1375453
-128.972,46.841,104.244,1375474
-128.780,46.728,102.566,1375495
-128.984,46.840,100.610,1375516
-128.658,46.731,99.048,1375537
-128.822,46.751,97.121,1375558
-128.892,47.015,95.256,1375579
-129.126,47.072,93.271,1375600
-129.253,46.936,91.355,1375621
-129.419,46.871,89.394,1375642
-129.232,46.615,87.658,1375663
-129.674,45.965,87.330,1375684
-130.363,45.198,86.803,1375705
-130.650,44.751,86.567,1375726
-130.947,44.029,86.302,1375747
-131.466,43.439,85.821,1375768
-131.928,42.914,85.334,1375789
-131.940,42.677,85.144,1375810
-132.149,42.606,84.783,1375831
-132.003,42.363,84.611,1375852
-132.292,42.182,84.133,1375873
-132.131,42.233,83.939,1375894
-131.892,42.261,83.786,1375915
-131.632,42.403,83.616,1375936
-131.840,42.686,83.129,1375957
-131.866,43.162,82.727,1375978
-131.975,43.592,82.246,1375999
-131.541,43.882,82.122,1376020
-131.527,44.181,81.677,1376041
-131.369,44.810,81.320,1376062
-130.923,45.064,81.128,1376084
-130.817,45.694,80.653,1376105
-130.779,45.655,80.627,1376126
-130.472,45.952,80.779,1376147
-130.154,46.260,80.903,1376168
-129.859,46.594,80.958,1376189
-129.505,46.859,81.019,1376210
-129.602,46.994,80.734,1376231
-129.134,47.082,80.796,1376252
-129.013,47.021,80.576,1376273
-128.516,47.103,80.609,1376294
-128.035,47.250,80.620,1376315
-127.508,47.309,80.625,1376336
-127.449,47.587,80.272,1376357
-127.306,47.912,79.985,1376378
-127.135,47.907,79.701,1376399
-126.563,47.969,79.688,1376420
-126.556,47.986,79.250,1376441
-126.620,48.185,78.719,1376462
-126.294,48.284,78.459,1376483
-126.032,48.047,78.139,1376504
-125.804,47.861,77.744,1376525
-125.773,47.902,77.169,1376546
-125.716,47.897,76.599,1376567
-125.859,47.949,75.872,1376588
-126.240,47.740,74.958,1376609
-126.632,47.560,74.062,1376630
-127.067,47.458,73.166,1376651
-127.254,47.117,72.444,1376672
-127.368,46.787,71.786,1376693
-127.737,46.546,70.939,1376714
-127.764,46.311,70.337,1376735
-127.829,46.250,69.718,1376756
-128.378,46.364,68.703,1376777
-128.726,46.478,67.827,1376798
-128.987,46.576,67.025,1376819
-129.478,46.363,66.031,1376840
-130.048,46.271,64.993,1376861
-130.579,46.253,63.969,1376882
-130.679,46.425,63.265,1376903
-130.574,46.462,62.720,1376924
-130.547,46.354,62.117,1376945
-130.552,46.286,61.481,1376966
-130.479,46.637,60.900,1376987
-130.424,46.999,60.292,1377008
-130.617,47.159,59.488,1377029
-130.767,47.226,58.679,1377050
-130.955,47.634,57.862,1377071
-131.182,47.915,56.979,1377092
-130.906,47.874,56.462,1377113
-130.524,47.866,55.988,1377134
-130.165,48.092,55.459,1377155
-129.696,48.163,55.000,1377176
-129.697,48.446,54.194,1377197
-129.640,48.374,53.404,1377218
-129.482,48.224,52.672,1377239
-129.375,48.104,51.914,1377260
-129.265,47.991,51.143,1377281
-129.139,47.863,50.368,1377302
-128.773,48.019,49.778,1377323
-128.450,48.154,49.144,1377344
-128.400,48.005,48.321,1377365
-128.326,47.964,47.494,1377386
-127.877,47.857,46.927,1377407
-127.730,47.810,46.134,1377428
-127.754,47.585,45.188,1377449
-127.316,47.282,44.560,1377470
-127.305,46.945,43.620,1377491
-127.024,46.606,42.894,1377512
-126.891,46.260,42.055,1377533
-126.688,46.281,41.234,1377554
-126.392,46.110,40.458,1377575
-126.360,46.097,39.472,1377596
-126.405,45.657,38.413,1377617
-126.235,45.142,37.493,1377638
-126.012,44.882,36.620,1377659
-126.322,44.563,35.344,1377680
-126.686,44.412,34.030,1377701
-126.571,44.126,33.021,1377722
-126.556,43.667,31.933,1377743
-126.512,43.552,30.871,1377764
-126.872,43.262,29.515,1377785
-126.822,43.166,28.432,1377806
-126.970,43.199,27.168,1377827
-127.320,42.954,25.789,1377848
-127.659,42.747,24.397,1377869
-128.051,42.625,22.963,1377890
-128.454,42.493,21.505,1377911
-128.702,42.227,20.171,1377932
-129.043,42.317,18.755,1377953
-128.889,42.145,17.663,1377974
-128.712,42.072,16.589,1377995
-128.681,42.289,15.404,1378016
-128.801,42.171,14.124,1378037
-128.987,42.407,12.778,1378058
-128.751,42.635,11.738,1378079
-128.591,42.605,10.634,1378100
-128.693,42.622,9.379,1378121
-128.476,42.854,8.319,1378142
-129.019,43.441,6.887,1378163
-129.523,44.057,5.450,1378184
-130.014,44.705,4.020,1378205
-130.920,45.339,2.295,1378226
-131.370,45.943,0.849,1378247
-132.077,46.228,359.214,1378268
-132.694,46.476,357.631,1378289
-133.142,46.639,356.127,1378310
-133.680,46.872,354.536,1378331
-133.898,47.340,353.149,1378352
-134.281,47.459,351.625,1378373
-134.649,47.599,350.110,1378394
-134.528,47.824,348.968,1378415
-134.352,47.946,347.858,1378436
-134.478,47.891,346.531,1378457
-134.533,47.777,345.256,1378478
-134.082,47.728,344.354,1378499
-133.553,47.398,343.518,1378520
-133.015,47.035,342.652,1378542
-132.384,46.943,341.853,1378563
-131.695,46.794,341.067,1378584
-130.949,46.397,340.354,1378605
-130.282,46.004,339.553,1378626
-129.969,45.698,338.507,1378647
-129.676,45.532,337.417,1378668
-128.978,45.225,336.584,1378689
-128.085,45.074,336.332,1378710
-126.593,45.082,336.562,1378731
-125.287,45.199,336.662,1378752
-124.092,45.310,336.705,1378773
-123.095,45.475,336.632,1378794
-122.155,45.621,336.512,1378815
-121.413,45.807,336.241,1378836
-121.050,46.027,335.672,1378857
-120.401,46.201,335.256,1378878
-120.239,46.271,334.490,1378899
-120.018,46.146,333.797,1378920
-119.703,45.980,333.148,1378941
-119.585,45.876,332.328,1378962
-119.464,46.198,331.523,1378983
-119.449,46.498,330.655,1379004
-119.439,46.439,329.760,1379025
-119.983,46.674,328.455,1379046
-120.564,46.990,327.094,1379067
-121.148,46.891,325.726,1379088
-121.933,46.958,324.196,1379109
-122.694,46.880,322.638,1379131
-123.310,46.678,321.178,1379152
-123.623,46.657,319.910,1379173
-124.109,46.735,318.484,1379194
-124.448,46.546,317.145,1379215
-124.906,46.574,315.705,1379236
-125.379,46.251,314.233,1379257
-126.219,46.042,312.474,1379278
-127.078,45.901,310.691,1379299
-127.351,45.607,309.315,1379320
-127.543,45.476,307.970,1379341
-128.154,45.230,306.281,1379362
-128.763,45.157,304.605,1379383
-128.952,45.182,303.164,1379404
-129.042,45.106,301.811,1379425
-129.139,45.040,300.428,1379446
-129.663,44.856,298.703,1379467
-130.190,44.785,296.956,1379488
-130.213,44.809,295.530,1379509
-130.293,44.541,294.035,1379530
-130.462,44.352,292.436,1379551
-130.633,44.211,290.820,1379572
-130.444,44.391,289.418,1379593
-130.238,44.616,287.985,1379614
-130.367,44.674,286.300,1379635
-130.517,44.790,284.549,1379656
-130.545,44.763,282.864,1379677
-130.137,44.864,281.425,1379698
-130.154,44.855,279.673,1379719
-129.734,44.888,278.179,1379740
-129.358,45.128,276.581,1379761
-128.924,45.376,274.991,1379782
-128.484,45.490,273.381,1379803
-127.987,45.790,271.806,1379824
-127.934,45.608,271.119,1379845
-127.963,45.573,270.321,1379866
-128.189,45.314,269.311,1379887
-128.309,45.026,268.332,1379908
-127.917,44.933,267.632,1379929
-127.523,44.940,266.895,1379950
-127.510,44.851,265.853,1379971
-127.481,44.882,264.806,1379992
-127.432,45.181,263.730,1380013
-127.320,45.267,262.681,1380034
-126.996,45.277,261.732,1380055
-126.705,45.781,260.728,1380076
-126.619,46.007,259.557,1380097
-126.340,46.114,258.524,1380118
-126.017,46.209,257.495,1380139
-125.570,46.619,256.548,1380160
-125.084,46.989,255.622,1380181
-124.677,47.409,254.683,1380202
-124.591,47.977,253.486,1380223
-124.574,48.150,252.236,1380244
-124.225,48.342,251.194,1380265
-124.364,48.501,249.760,1380286
-124.538,48.560,248.319,1380307
-124.715,48.577,246.859,1380328
-124.980,48.555,245.325,1380349
-124.971,48.711,244.008,1380370
-125.251,49.019,242.471,1380391
-125.700,49.268,240.826,1380412
-125.977,49.475,239.304,1380433
-126.485,49.334,237.616,1380454
-126.875,49.043,235.989,1380475
-127.418,48.989,234.187,1380496
-127.560,48.925,232.682,1380517
-127.653,48.495,231.187,1380538
-127.663,48.132,229.758,1380559
-128.038,47.675,228.069,1380580
-128.061,47.389,226.649,1380601
-128.085,46.981,225.253,1380622
-128.520,46.590,223.541,1380643
-129.010,46.423,221.785,1380664
-129.470,46.205,220.051,1380685
-129.358,45.816,218.751,1380706
-129.172,45.494,217.499,1380727
-129.239,45.519,216.052,1380748
-129.199,45.624,214.706,1380769
-129.203,45.410,213.369,1380790
-129.225,45.332,212.036,1380811
-129.073,45.254,210.860,1380832
-128.683,45.608,209.880,1380853
-128.557,45.889,208.764,1380874
-128.289,46.007,207.742,1380895
-127.669,46.069,206.994,1380916
-127.238,46.599,206.136,1380937
-126.500,46.939,205.478,1380958
-126.274,47.469,204.436,1380979
-125.661,47.891,203.685,1381000
-125.135,48.321,202.886,1381021
-125.080,48.543,201.726,1381042
-124.768,49.029,200.734,1381063
-124.446,49.443,199.748,1381084
-124.276,49.474,198.636,1381105
-124.030,49.831,197.591,1381126
-123.792,49.742,196.537,1381147
-123.457,49.849,195.512,1381168
-123.526,49.686,194.165,1381189
-123.369,49.449,192.967,1381210
-123.635,49.433,191.455,1381231
-123.853,49.184,189.993,1381252
-123.617,48.944,188.861,1381273
-123.796,48.571,187.421,1381294
-123.929,48.172,185.998,1381315
-124.296,47.903,184.410,1381336
-124.650,47.600,182.817,1381357
-124.937,47.589,181.248,1381378
-124.939,47.420,179.875,1381399
-125.261,46.978,178.266,1381420
-125.672,46.980,176.588,1381441
-126.172,46.962,174.851,1381462
-126.685,46.664,173.120,1381483
-126.734,46.508,171.692,1381504
-127.053,46.183,170.057,1381525
-127.139,46.170,168.604,1381546
-127.143,45.981,167.192,1381567
-127.384,46.115,165.580,1381588
-127.411,46.126,164.110,1381609
-127.436,45.969,162.633,1381630
-127.596,46.139,161.041,1381651
-127.729,45.984,159.457,1381672
-128.171,46.017,157.624,1381693
-128.657,46.104,155.721,1381714
-129.094,46.150,153.875,1381735
-129.629,46.378,151.918,1381756
-130.178,46.589,149.922,1381777
-130.210,46.790,148.278,1381798
-130.739,46.893,146.258,1381819
-131.161,47.249,144.255,1381840
-131.186,47.274,142.536,1381861
-131.730,47.489,140.402,1381882
-132.190,47.574,138.320,1381903
-132.103,47.716,136.647,1381924
-131.978,47.829,134.987,1381945
-132.416,48.085,132.901,1381966
-132.302,48.138,131.193,1381987
-132.256,48.375,129.410,1382008
-132.191,48.330,127.626,1382029
-132.551,48.543,125.519,1382050
-132.708,48.860,123.537,1382071
-132.471,48.822,121.835,1382092
-132.627,48.720,119.828,1382113
-132.288,48.642,118.178,1382134
-132.185,48.398,116.354,1382155
-131.923,48.418,114.642,1382176
-131.850,48.528,112.782,1382197
-131.941,48.311,110.788,1382218
-132.039,48.391,108.780,1382239
-132.057,48.254,106.840,1382260
-132.046,48.115,104.924,1382281
-131.875,47.875,103.098,1382302
-131.318,47.688,101.550,1382323
-130.987,47.399,99.857,1382344
-130.628,47.081,98.170,1382365
-130.446,46.854,96.382,1382386
-129.888,46.885,94.858,1382407
-129.762,46.861,92.992,1382428
-129.656,46.938,91.131,1382449
-129.244,47.179,89.483,1382470
-129.022,47.491,87.690,1382491
-128.810,46.668,86.556,1382512
-128.768,45.777,85.279,1382533
-128.743,45.028,83.972,1382554
-128.591,44.479,82.754,1382575
-128.507,43.984,81.477,1382596
-128.456,43.557,80.187,1382617
-128.417,43.640,78.904,1382638
-128.530,43.808,77.509,1382659
-128.258,43.878,76.382,1382680
-128.401,44.083,74.956,1382701
-128.498,44.383,73.552,1382722
-128.203,44.676,72.396,1382743
-127.771,44.900,71.346,1382764
-127.738,45.345,70.013,1382785
-127.566,45.449,68.782,1382806
-127.484,45.955,67.475,1382827
-127.045,46.121,66.406,1382848
-127.056,46.331,65.026,1382869
-127.189,46.629,63.539,1382890
-127.304,46.790,62.057,1382911
-127.120,47.137,60.765,1382932
-127.074,47.562,59.375,1382953
-127.412,47.685,57.691,1382974
-127.345,47.924,56.300,1382995
-127.730,47.944,54.538,1383016
-128.096,47.861,52.786,1383037
-128.452,47.694,51.033,1383058
-128.510,47.756,49.466,1383079
-128.422,47.663,48.033,1383100
-128.728,47.282,46.267,1383121
-128.949,46.820,44.552,1383142
-128.802,46.519,43.112,1383163
-128.652,46.181,41.641,1383184
-128.517,45.675,40.112,1383205
-128.364,45.244,38.525,1383226
-128.532,45.039,36.696,1383247
-128.600,44.784,34.900,1383268
-128.749,44.128,32.981,1383289
-128.893,43.774,31.069,1383310
-129.003,43.226,29.160,1383331
-129.508,43.354,27.445,1383352
-130.130,43.154,25.636,1383373
-130.458,42.929,24.002,1383394
-130.544,42.947,22.530,1383415
-130.457,42.933,21.169,1383436
-130.730,42.922,19.523,1383457
-130.329,42.729,18.291,1383478
-130.243,42.769,16.839,1383499
-130.072,42.818,15.415,1383520
-129.623,42.580,14.145,1383541
-129.066,42.372,12.931,1383562
-128.462,42.535,11.715,1383583
-127.865,42.769,10.471,1383604
-127.581,43.084,8.995,1383625
-126.966,43.351,7.703,1383646
-126.625,43.799,6.216,1383667
-126.368,44.021,4.642,1383688
-125.590,44.257,3.422,1383709
-124.928,44.444,2.123,1383730
-124.194,44.740,0.892,1383751
-123.517,45.093,359.634,1383772
-122.868,45.450,358.358,1383793
-122.405,45.702,356.938,1383814
-121.859,46.198,355.561,1383835
-121.429,46.760,354.096,1383856
-121.500,47.154,352.268,1383877
-121.556,47.358,350.454,1383898
-121.830,47.674,348.478,1383919
-122.122,47.818,346.498,1383940
-122.539,48.133,344.442,1383961
-122.950,48.140,342.374,1383982
-123.418,48.443,340.296,1384003
-123.619,48.564,338.431,1384024
-123.808,48.474,336.578,1384045
-124.570,48.432,334.307,1384066
-125.344,48.434,332.026,1384087
-125.654,48.109,330.109,1384108
-125.982,47.952,328.218,1384129
-126.525,47.492,326.181,1384150
-127.089,47.034,324.126,1384171
-127.357,46.663,322.294,1384192
-127.581,46.271,320.537,1384213
-127.827,45.855,318.754,1384234
-128.459,45.642,316.695,1384255
-129.010,45.322,314.713,1384276
-129.194,44.982,312.990,1384297
-129.685,44.746,311.034,1384318
-130.061,44.477,309.147,1384339
-129.968,44.348,307.559,1384360
-129.848,44.315,305.948,1384381
-130.130,44.325,304.027,1384402
-129.948,44.394,302.394,1384423
-129.880,44.545,300.637,1384444
-129.633,44.659,298.971,1384465
-129.272,44.685,297.345,1384486
-130.011,43.855,297.275,1384507
-130.280,43.359,297.438,1384528
-130.381,42.974,297.624,1384549
-130.679,42.510,297.584,1384570
-130.868,42.244,297.541,1384591
-130.926,42.114,297.522,1384612
-130.709,42.381,297.637,1384633
-130.411,42.358,297.748,1384654
-130.150,42.581,297.797,1384675
-129.771,42.816,297.856,1384696
-129.201,43.045,297.986,1384717
-128.778,43.492,297.948,1384738
-128.018,43.732,298.100,1384759
-127.023,44.266,298.354,1384780
-125.952,44.704,298.602,1384801
-124.894,45.153,298.790,1384822
-124.276,45.615,299.220,1384843
-124.013,45.930,299.316,1384864
-123.404,46.309,299.616,1384885
-123.191,46.739,299.599,1384906
-123.107,46.952,299.457,1384927
-122.674,47.072,299.535,1384948
-122.252,47.244,299.605,1384969
-122.225,47.372,299.357,1384990
-122.273,47.724,299.005,1385011
-121.833,47.805,298.975,1385032
-121.609,48.177,298.770,1385053
-121.668,48.384,298.320,1385074
-121.385,48.642,298.090,1385095
-121.217,48.434,297.772,1385116
-120.857,48.471,297.581,1385137
-121.047,48.537,296.940,1385158
-121.191,48.306,296.305,1385179
-121.513,48.288,295.486,1385200
-121.386,48.006,294.987,1385221
-121.737,48.061,294.133,1385242
-122.151,47.952,293.227,1385263
-122.513,48.043,292.351,1385284
-122.405,47.903,291.834,1385305
-122.669,47.638,291.037,1385326
-123.002,47.407,290.194,1385347
-122.940,47.151,289.637,1385368
-122.941,46.896,289.027,1385389
-123.364,46.759,288.103,1385410
-123.449,46.848,287.398,1385431
-123.431,46.800,286.736,1385452
-123.654,46.917,285.886,1385473
-124.121,46.862,284.855,1385494
-124.485,46.986,283.894,1385515
-124.924,46.875,282.901,1385536
-124.887,46.807,282.254,1385557
-125.068,46.558,281.443,1385578
-125.346,46.359,280.585,1385599
-125.217,46.344,280.003,1385620
-125.263,46.521,279.312,1385641
-125.404,46.699,278.532,1385662
-125.736,46.652,277.612,1385683
-126.019,46.780,276.749,1385704
-125.817,46.666,276.221,1385725
-126.078,46.570,275.377,1385746
-126.391,46.548,274.501,1385767
-126.216,46.532,273.977,1385788
-126.014,46.556,273.477,1385809
-126.032,46.450,272.810,1385830
-125.809,46.623,272.326,1385851
-125.623,46.843,271.804,1385872
-125.419,47.068,271.292,1385893
-125.577,47.122,270.506,1385914
-125.714,47.275,269.743,1385935
-125.759,47.258,269.054,1385956
-125.506,47.524,268.607,1385977
-125.086,47.720,268.267,1385998
-124.678,47.539,267.910,1386019
-124.500,47.367,267.417,1386040
-124.133,47.549,267.030,1386061
-123.715,47.739,266.659,1386082
-123.327,47.910,266.266,1386103
-123.268,48.028,265.613,1386124
-122.694,47.887,265.351,1386145
-122.515,47.727,264.795,1386166
-122.199,47.575,264.351,1386187
-122.012,47.456,263.829,1386208
-121.482,47.420,263.561,1386229
-121.022,47.316,263.268,1386250
-120.654,47.166,262.897,1386271
-120.538,47.430,262.378,1386292
-120.630,47.576,261.694,1386313
-120.631,47.407,261.079,1386334
-120.664,47.596,260.451,1386355
-120.406,47.689,260.036,1386376
-120.212,47.779,259.578,1386397
-119.936,47.653,259.220,1386418
-119.831,47.769,258.721,1386439
-119.931,47.500,258.097,1386460
-120.162,47.615,257.381,1386481
-120.513,47.663,256.581,1386502
-120.830,47.433,255.837,1386523
-121.255,47.313,255.045,1386544
-121.747,47.263,254.199,1386565
-121.702,47.038,253.730,1386586
-121.718,46.838,253.200,1386607
-121.793,46.841,252.623,1386628
-122.312,46.970,251.703,1386649
-122.365,46.849,251.115,1386670
-122.438,46.661,250.500,1386691
-122.626,46.821,249.799,1386712
-122.865,46.971,249.041,1386733
-123.339,46.900,248.117,1386754
-123.755,46.732,247.230,1386775
-124.201,46.706,246.301,1386796
-124.138,46.520,245.754,1386817
-124.407,46.686,244.982,1386838
-124.752,46.809,244.128,1386859
-124.644,46.642,243.610,1386880
-124.492,46.536,243.147,1386901
-124.419,46.762,242.625,1386922
-124.687,46.763,241.895,1386943
-125.005,46.857,241.172,1386964
-125.313,46.967,240.439,1386985
-125.033,46.893,240.150,1387006
-124.995,46.753,239.656,1387027
-125.144,47.023,239.013,1387048
-124.896,47.164,238.650,1387069
-124.606,47.207,238.322,1387090
-124.351,47.264,237.981,1387111
-124.306,47.527,237.485,1387132
-124.561,47.483,236.756,1387153
-124.879,47.533,235.996,1387174
-125.177,47.830,235.239,1387195
-125.060,48.021,234.771,1387216
-125.107,48.298,234.205,1387237
-124.959,48.330,233.774,1387258
-125.214,48.241,233.061,1387279
-125.069,48.197,232.670,1387300
-125.160,48.055,232.096,1387321
-125.295,48.363,231.515,1387342
-125.582,48.386,230.814,1387363
-125.529,48.627,230.349,1387384
-125.878,48.731,229.598,1387405
-125.968,48.595,229.041,1387426
-125.818,48.428,228.655,1387447
-126.086,48.605,227.922,1387468
-125.868,48.613,227.532,1387489
-126.192,48.533,226.738,1387510
-126.156,48.682,226.184,1387531
-126.206,48.807,225.553,1387552
-126.467,48.938,224.729,1387573
-126.618,48.650,223.979,1387594
-126.663,48.319,223.279,1387615
-126.870,48.065,222.441,1387636
-126.840,48.122,221.769,1387657
-126.556,47.852,221.295,1387678
-126.534,47.473,220.618,1387699
-126.301,47.450,220.093,1387720
-126.398,47.456,219.338,1387741
-126.003,47.173,218.920,1387762
-125.964,46.892,218.270,1387783
-126.036,46.742,217.524,1387804
-125.622,46.571,217.126,1387825
-125.332,46.375,216.610,1387846
-125.017,46.371,216.120,1387867
-124.947,46.623,215.429,1387889
-125.127,46.863,214.538,1387910
-125.390,47.058,213.599,1387931
-125.583,47.330,212.674,1387952
-125.936,47.371,211.628,1387973
-126.298,47.489,210.538,1387994
-126.122,47.583,209.811,1388015
-126.559,47.867,208.729,1388036
-127.053,48.260,207.566,1388057
-127.708,48.328,206.228,1388078
-128.024,48.486,205.107,1388099
-128.713,48.922,203.668,1388120
-129.033,49.296,202.485,1388141
-129.730,49.451,200.985,1388162
-130.182,49.463,199.614,1388183
-130.695,49.505,198.161,1388204
-130.944,49.928,196.855,1388225
-130.978,50.106,195.687,1388246
-130.965,50.448,194.532,1388267
-131.190,50.890,193.175,1388288
-131.025,51.043,192.061,1388309
-131.110,51.446,190.762,1388330
-131.365,51.830,189.331,1388351
-131.668,51.886,187.854,1388373
-131.890,51.880,186.461,1388394
-131.635,51.986,185.423,1388415
-131.644,51.839,184.205,1388436
-131.287,51.753,183.262,1388457
-131.438,51.665,181.917,1388478
-131.345,51.466,180.773,1388499
-131.320,51.663,179.590,1388520
-131.475,51.699,178.269,1388541
-131.652,51.751,176.952,1388562
-129.914,51.835,177.893,1388583
-128.783,51.895,178.339,1388604
-127.534,51.741,178.865,1388625
-125.995,51.650,179.605,1388646
-124.587,51.608,180.234,1388667
-123.740,51.774,180.437,1388688
-122.669,51.541,180.832,1388709
-121.783,51.236,181.046,1388730
-120.987,50.988,181.219,1388751
-120.709,51.038,180.962,1388772
-120.424,51.054,180.703,1388793
-120.039,50.756,180.527,1388814
-120.222,50.429,179.867,1388835
-120.377,50.025,179.216,1388856
-120.760,49.711,178.364,1388877
-121.262,49.688,177.410,1388898
-121.933,49.466,176.341,1388919
-122.716,49.310,175.152,1388940
-123.538,49.123,173.920,1388961
-124.034,48.768,172.917,1388982
-124.890,48.515,171.669,1389003
-125.798,48.336,170.345,1389024
-126.259,48.241,169.364,1389045
-126.709,48.118,168.377,1389066
-127.268,48.138,167.268,1389087
-127.720,47.963,166.234,1389108
-128.657,48.044,164.809,1389129
-129.296,48.150,163.581,1389150
-130.302,48.079,162.058,1389171
-131.240,47.918,160.575,1389192
-131.681,47.626,159.478,1389213
-132.264,47.728,158.254,1389234
-132.897,47.477,156.992,1389255
-133.615,47.481,155.667,1389276
-133.850,47.567,154.662,1389297
-133.915,47.518,153.768,1389318
-133.917,47.447,152.895,1389339
-133.864,47.386,152.020,1389360
-133.820,47.128,151.146,1389381
-134.148,47.086,150.013,1389402
-133.969,46.896,149.244,1389423
-133.749,46.687,148.520,1389444
-133.648,46.523,147.666,1389465
-133.213,46.508,147.051,1389486
-133.266,46.571,146.082,1389507
-133.265,46.650,145.153,1389528
-133.238,46.818,144.222,1389549
-132.768,47.070,143.615,1389570
-132.732,47.313,142.679,1389591
-132.440,47.310,141.948,1389612
-131.779,47.496,141.475,1389633
-131.089,47.561,141.015,1389654
-130.375,47.708,140.592,1389675
-129.697,47.925,140.132,1389696
-128.956,48.030,139.759,1389717
-128.301,48.272,139.313,1389738
-127.556,48.381,138.940,1389759
-127.231,48.277,138.244,1389780
-127.092,48.358,137.405,1389801
-126.463,48.148,136.931,1389822
-126.243,47.945,136.166,1389843
-126.154,47.870,135.312,1389864
-126.129,47.873,134.415,1389885
-126.069,47.617,133.562,1389906
-125.826,47.281,132.844,1389927
-125.782,47.001,131.954,1389948
-125.756,47.109,131.045,1389969
-125.681,47.182,130.192,1389990
-125.624,46.850,129.352,1390011
-125.478,46.873,128.585,1390032
-125.600,46.585,127.631,1390053
-125.434,46.600,126.863,1390074
-125.319,46.334,126.068,1390095
-125.306,46.501,125.218,1390116
-125.631,46.592,124.134,1390137
-125.979,46.609,123.023,1390158
-126.285,46.505,121.937,1390179
-126.682,46.492,120.791,1390200
-126.715,46.300,119.893,1390221
-126.671,46.377,119.073,1390242
-126.700,46.208,118.199,1390263
-126.962,46.009,117.164,1390284
-127.434,46.136,115.949,1390305
-127.829,46.324,114.803,1390326
-128.318,46.392,113.583,1390347
-128.787,46.396,112.383,1390368
-129.030,46.637,111.375,1390389
-129.378,46.845,110.308,1390410
-129.593,47.105,109.326,1390431
-129.479,47.074,108.567,1390452
-129.426,46.988,107.765,1390473
-129.283,46.985,107.020,1390494
-129.171,47.203,106.257,1390515
-129.120,47.150,105.439,1390536
-129.470,47.155,104.325,1390557
-129.593,47.059,103.397,1390578
-130.031,47.296,102.250,1390599
-130.513,47.499,101.099,1390620
-130.420,47.569,100.374,1390641
-130.838,47.650,99.257,1390662
-130.686,47.671,98.545,1390683
-130.563,47.702,97.804,1390704
-130.672,47.925,96.876,1390725
-130.716,48.115,95.992,1390746
-130.834,47.881,95.064,1390767
-131.091,47.747,94.071,1390788
-131.331,47.741,93.118,1390809
-131.381,47.448,92.325,1390830
-131.063,47.402,91.821,1390851
-130.968,47.403,91.131,1390872
-130.687,47.423,90.602,1390893
-130.085,47.238,90.284,1390914
-129.482,47.047,89.951,1390935
-129.202,46.816,89.380,1390956
-128.747,46.663,88.922,1390977
-128.696,46.593,88.195,1390998
-128.667,46.685,87.472,1391019
-128.207,46.790,87.060,1391040
-128.050,46.585,86.433,1391061
-127.664,46.323,85.964,1391082
-127.238,46.465,85.498,1391103
-126.617,46.515,85.183,1391124
-126.002,46.484,84.861,1391145
-125.578,46.700,84.405,1391166
-125.508,46.752,83.688,1391187
-125.466,46.784,82.904,1391208
-125.039,46.927,82.408,1391229
-124.619,46.909,81.927,1391250
-124.471,47.108,81.237,1391271
-124.508,46.907,80.426,1391292
-124.814,46.984,79.407,1391313
-124.979,47.153,78.520,1391334
-125.294,47.019,77.518,1391355
-125.429,46.771,76.639,1391376
-125.546,46.942,75.765,1391397
-125.836,46.742,74.733,1391418
-126.146,46.560,73.705,1391439
-126.621,46.576,72.549,1391460
-126.883,46.335,71.559,1391481
-126.945,46.406,70.674,1391502
-127.017,46.361,69.777,1391523
-127.071,46.246,68.883,1391544
-127.625,46.355,67.594,1391565
-128.158,46.396,66.276,1391586
-128.803,46.299,64.833,1391607
-129.099,45.888,63.595,1391628
-129.493,45.501,62.276,1391649
-130.112,45.360,60.739,1391670
-130.647,45.339,59.248,1391691
-131.037,44.906,57.839,1391712
-131.110,44.725,56.669,1391733
-131.222,44.565,55.438,1391754
-131.342,44.452,54.174,1391775
-131.394,44.307,52.918,1391796
-131.913,44.099,51.301,1391817
-132.315,43.849,49.720,1391838
-132.512,43.475,48.268,1391859
-132.721,43.107,46.790,1391880
-132.555,42.941,45.525,1391901
-132.349,42.608,44.267,1391922
-132.138,42.356,43.025,1391943
-132.056,42.298,41.677,1391964
-132.018,42.307,40.279,1391985
-131.935,42.292,38.902,1392006
-132.237,42.160,37.258,1392027
-132.192,42.002,35.838,1392048
-132.458,41.986,34.222,1392069
-132.786,42.109,32.580,1392090
-133.063,42.344,30.958,1392111
-133.255,42.524,29.405,1392132
-132.995,42.868,28.159,1392153
-132.747,43.327,26.918,1392174
-132.849,42.945,26.970,1392195
-133.358,42.476,26.682,1392216
-133.478,42.291,26.615,1392237
-133.914,42.043,26.274,1392258
-134.090,42.075,26.075,1392279
-134.314,41.893,25.851,1392300
-134.099,42.032,25.898,1392321
-133.843,42.272,25.936,1392342
-133.394,42.500,26.073,1392363
-133.086,42.489,26.114,1392384
-132.926,42.704,26.020,1392405
-132.716,43.014,25.945,1392426
-132.230,43.116,26.026,1392447
-131.832,43.363,26.004,1392468
-131.036,43.867,26.212,1392489
-130.490,44.096,26.231,1392510
-129.771,44.611,26.350,1392531
-129.197,44.808,26.342,1392552
-128.209,45.048,26.629,1392573
-127.393,45.410,26.725,1392594
-126.592,45.731,26.793,1392615
-125.908,46.083,26.737,1392636
-125.442,46.074,26.504,1392657
-125.664,46.455,25.439,1392678
-126.340,46.769,24.013,1392699
-126.693,46.767,22.800,1392720
-127.008,47.132,21.555,1392741
-127.095,47.317,20.467,1392762
-127.389,47.123,19.233,1392783
-127.524,47.244,18.109,1392804
-127.508,47.088,17.057,1392825
-128.009,46.990,15.615,1392846
-128.493,46.969,14.159,1392867
-128.974,46.936,12.699,1392888
-129.355,46.702,11.287,1392909
-129.720,46.431,9.878,1392930
-129.703,46.372,8.757,1392951
-130.022,46.440,7.389,1392972
-129.924,46.364,6.324,1392993
-129.862,46.402,5.226,1393014
-129.821,46.492,4.091,1393035
-130.149,46.414,2.663,1393056
-130.421,46.326,1.272,1393077
-130.238,46.401,0.206,1393098
-130.501,46.341,358.824,1393119
-130.719,46.198,357.465,1393140
-130.528,46.215,356.410,1393161
-130.449,46.339,355.249,1393182
-130.405,46.538,354.072,1393203
-130.475,46.791,352.813,1393224
-130.525,47.068,351.588,1393245
-130.754,47.084,350.196,1393266
-130.712,46.969,348.994,1393287
-130.410,47.059,347.989,1393308
-130.154,46.946,346.943,1393329
-129.891,46.927,345.898,1393350
-129.655,47.064,344.860,1393371
-129.426,47.228,343.808,1393392
-129.462,47.136,342.571,1393413
-129.327,47.427,341.429,1393434
-129.093,47.663,340.326,1393455
-129.314,47.743,338.888,1393476
-129.438,48.023,337.520,1393497
-129.269,47.872,336.388,1393518
-129.042,47.816,335.295,1393539
-128.875,47.693,334.151,1393560
-128.915,47.490,332.833,1393581
-129.256,47.637,331.290,1393602
-129.556,47.644,329.760,1393623
-129.816,47.743,328.221,1393644
-130.075,47.843,326.707,1393665
-129.833,47.578,325.551,1393686
-129.462,47.504,324.517,1393707
-129.156,47.299,323.421,1393728
-129.048,47.028,322.162,1393749
-128.672,47.077,321.095,1393770
-128.365,47.162,319.929,1393791
-128.209,46.899,318.630,1393812
-127.852,46.665,317.427,1393833
-127.962,46.718,315.842,1393854
-128.041,46.562,314.258,1393875
-127.713,46.587,312.933,1393896
-127.405,46.384,311.582,1393917
-127.103,46.160,310.189,1393938
-126.759,46.311,308.819,1393959
-126.329,46.265,307.517,1393980
-125.834,46.428,306.242,1394001
-125.720,46.794,304.679,1394022
-125.659,46.996,303.061,1394043
-125.515,47.161,301.500,1394064
-125.376,47.648,299.909,1394085
-124.915,47.725,298.557,1394106
-124.463,47.781,297.172,1394127
-124.129,47.359,296.730,1394148
-123.932,47.249,296.167,1394169
-123.713,47.198,295.560,1394190
-123.797,47.219,294.745,1394211
-123.490,47.308,294.201,1394232
-123.401,47.560,293.522,1394253
-123.403,47.603,292.753,1394274
-123.323,47.698,292.059,1394295
-123.265,47.956,291.325,1394316
-123.041,48.138,290.701,1394337
-122.723,48.326,290.125,1394358
-122.208,48.491,289.691,1394379
-121.624,48.703,289.302,1394400
-121.081,48.861,288.884,1394421
-120.671,49.379,288.380,1394442
-120.646,49.663,287.582,1394463
-120.196,49.998,287.126,1394484
-119.771,50.325,286.654,1394505
-119.856,50.449,285.778,1394526
-119.659,50.831,285.172,1394547
-119.461,50.951,284.607,1394568
-119.631,50.992,283.783,1394589
-120.043,51.080,282.828,1394610
-120.305,51.486,282.013,1394631
-120.457,51.822,281.303,1394652
-120.449,51.967,280.731,1394673
-120.974,51.978,279.720,1394694
-121.439,51.817,278.753,1394715
-121.811,51.955,277.826,1394736
-122.363,51.761,276.768,1394757
-122.973,51.552,275.661,1394778
-123.102,51.195,274.968,1394799
-123.395,50.820,274.178,1394820
-123.598,50.785,273.464,1394841
-123.710,50.674,272.841,1394862
-124.270,50.700,271.908,1394883
-124.906,50.538,270.931,1394904
-125.486,50.196,269.943,1394925
-126.082,49.864,268.945,1394946
-126.794,49.667,267.832,1394967
-127.106,49.607,267.009,1394988
-127.672,49.233,266.009,1395009
-128.487,49.033,264.801,1395030
-128.718,48.745,264.013,1395051
-129.175,48.224,263.063,1395072
-129.661,47.718,262.081,1395093
-129.726,47.280,261.407,1395114
-129.755,46.934,260.783,1395135
-129.951,46.713,260.016,1395156
-130.370,46.444,259.046,1395177
-130.703,46.221,258.145,1395198
-130.992,46.075,257.256,1395219
-130.895,45.640,256.668,1395240
-130.922,45.640,255.997,1395261
-131.269,45.489,255.102,1395282
-131.657,45.458,254.198,1395303
-131.847,45.279,253.431,1395324
-131.886,45.093,252.750,1395345
-131.884,44.911,252.119,1395366
-131.820,45.183,251.516,1395387
-131.571,45.431,251.061,1395408
-131.183,45.378,250.741,1395429
-130.652,45.473,250.530,1395450
-130.356,45.871,250.133,1395471
-129.718,46.161,249.970,1395492
-129.244,46.216,249.673,1395513
-128.570,46.335,249.523,1395534
-128.305,46.560,249.069,1395555
-127.878,47.106,248.758,1395576
-127.276,47.250,248.580,1395597
-126.634,47.635,248.456,1395618
-126.556,47.982,247.906,1395639
-126.452,48.456,247.369,1395660
-126.352,48.862,246.778,1395681
-126.043,48.816,246.296,1395702
-125.991,48.826,245.605,1395723
-125.682,49.096,245.087,1395744
-125.209,48.957,244.674,1395765
-125.285,49.057,243.797,1395786
-125.347,48.902,242.917,1395807
-125.176,48.975,242.208,1395828
-125.140,49.039,241.411,1395849
-125.084,48.615,240.625,1395870
-125.351,48.575,239.594,1395891
-125.761,48.312,238.455,1395912
-125.835,47.850,237.557,1395933
-126.328,47.711,236.331,1395954
-126.520,47.224,235.303,1395975
-126.573,46.976,234.384,1395996
-126.648,46.594,233.407,1396017
-126.694,46.357,232.458,1396038
-126.958,46.359,231.381,1396059
-127.198,46.384,230.322,1396080
-127.707,46.266,229.104,1396101
-128.109,46.089,227.978,1396122
-128.479,45.915,226.876,1396143
-128.496,45.669,226.017,1396164
-128.764,45.484,224.986,1396185
-128.644,45.461,224.233,1396206
-129.058,45.700,223.074,1396227
-128.957,45.805,222.301,1396248
-129.022,46.151,221.396,1396269
-128.994,46.495,220.529,1396290
-129.193,46.541,219.508,1396311
-129.529,46.969,218.354,1396332
-129.744,47.494,217.263,1396353
-130.171,47.785,215.977,1396374
-130.082,47.934,215.051,1396395
-130.545,48.183,213.685,1396416
-130.506,48.537,212.657,1396437
-130.627,48.962,211.494,1396458
-130.593,49.185,210.380,1396479
-130.811,49.162,209.056,1396500
-130.705,49.404,207.956,1396521
-130.682,49.337,206.763,1396542
-130.749,49.248,205.488,1396563
-130.916,49.551,204.131,1396584
-130.720,49.499,203.002,1396605
-130.924,49.744,201.546,1396626
-130.764,49.889,200.305,1396647
-130.727,50.074,198.910,1396668
-131.091,50.012,197.159,1396689
-131.406,49.929,195.376,1396710
-131.184,49.867,193.954,1396731
-131.369,49.689,192.173,1396752
-131.419,49.465,190.447,1396773
-131.108,49.241,189.008,1396794
-131.036,48.969,187.348,1396815
-130.675,48.992,185.926,1396836
-130.512,48.709,184.340,1396857
-130.548,48.776,182.626,1396878
-130.400,48.872,181.043,1396899
-130.536,48.918,179.247,1396920
-130.359,48.599,177.667,1396941
-130.260,48.302,176.038,1396962
-130.324,48.074,174.243,1396983
-130.466,47.934,172.376,1397004
-130.176,47.940,170.841,1397025
-129.926,47.901,169.263,1397046
-130.139,48.000,167.345,1397067
-129.890,47.822,165.747,1397088
-130.078,47.978,163.821,1397109
-130.357,47.879,161.842,1397130
-130.372,47.624,160.073,1397151
-130.123,47.460,158.452,1397172
-130.142,47.691,156.614,1397193
-130.091,47.539,154.867,1397214
-130.136,47.455,153.014,1397235
-130.232,47.427,151.135,1397256
-130.165,47.768,149.341,1397277
-130.065,47.721,147.579,1397298
-129.941,47.794,145.830,1397319
-130.282,47.853,143.730,1397340
-130.571,47.914,141.687,1397361
-130.774,47.890,139.707,1397382
-130.622,48.142,137.928,1397403
-130.643,48.055,135.963,1397424
-130.597,48.333,134.000,1397445
-130.558,48.606,132.007,1397466
-130.805,48.785,129.782,1397487
-130.977,48.706,127.622,1397508
-131.239,48.747,125.409,1397529
-131.339,48.553,123.299,1397550
-131.768,47.781,122.086,1397571
-131.886,46.985,121.027,1397592
-131.894,46.306,120.016,1397613
-132.343,45.729,118.640,1397634
-132.745,45.234,117.291,1397655
-133.118,45.126,115.949,1397676
-133.278,45.123,114.763,1397697
