-118.500,47.617,54.561,464034
-118.764,47.524,53.769,464055
-118.746,47.520,53.208,464076
-118.635,47.110,52.742,464097
-118.710,46.803,52.126,464118
-118.390,46.652,51.837,464139
-118.073,46.451,51.579,464160
-117.992,46.673,51.181,464181
-117.630,46.609,50.976,464202
-117.514,46.895,50.628,464223
-117.438,46.742,50.264,464244
-117.496,46.926,49.809,464265
-117.175,47.167,49.626,464286
-116.765,47.085,49.505,464307
-116.683,47.023,49.114,464328
-116.643,47.249,48.693,464349
-116.567,47.123,48.261,464370
-116.632,47.133,47.697,464391
-116.368,47.263,47.355,464412
-116.342,47.428,46.809,464433
-116.529,47.493,46.103,464454
-116.794,47.308,45.330,464475
-116.687,47.249,44.820,464496
-116.659,46.984,44.230,464517
-116.815,46.977,43.496,464538
-116.964,46.619,42.756,464559
-117.443,46.233,41.765,464580
-117.801,46.194,40.847,464601
-118.540,45.966,39.649,464622
-119.302,45.717,38.437,464643
-120.100,45.529,37.205,464664
-120.872,45.299,35.988,464685
-121.410,44.863,34.942,464706
-121.712,44.542,34.043,464727
-122.046,44.212,33.093,464748
-122.809,44.224,31.830,464769
-123.197,43.871,30.813,464790
-123.625,43.971,29.770,464811
-123.861,43.803,28.868,464832
-124.505,43.982,27.690,464853
-124.949,44.240,26.652,464874
-125.460,44.441,25.581,464895
-125.550,44.670,24.774,464916
-125.584,44.888,24.022,464937
-125.950,44.881,22.991,464958
-125.987,45.156,22.185,464979
-126.204,45.461,21.244,465000
-126.122,45.641,20.526,465021
-126.313,46.025,19.626,465042
-126.590,46.077,18.666,465063
-126.807,46.140,17.725,465084
-126.956,46.200,16.790,465105
-126.952,46.231,15.972,465126
-126.598,46.401,15.379,465147
-126.203,46.434,14.799,465168
-125.824,46.765,14.203,465189
-125.269,46.880,13.733,465210
-124.650,46.863,13.324,465231
-124.293,47.130,12.721,465252
-123.730,47.249,12.282,465273
-123.555,47.147,11.534,465294
-123.393,47.075,10.785,465315
-122.814,47.125,10.318,465336
-122.365,46.848,9.744,465357
-121.889,46.896,9.161,465378
-121.801,46.714,8.300,465399
-121.312,46.455,7.737,465420
-121.045,46.570,7.025,465441
-121.067,46.651,6.128,465462
-120.973,46.422,5.332,465483
-121.024,46.400,4.435,465504
-121.072,46.449,3.509,465525
-121.126,46.483,2.612,465546
-120.794,46.332,1.992,465567
-120.442,46.200,1.378,465588
-120.158,46.215,0.671,465609
-120.037,46.435,359.829,465630
-119.839,46.620,359.057,465651
-119.691,46.866,358.200,465672
-119.875,47.244,357.115,465693
-119.818,47.500,356.176,465714
-119.682,47.509,355.281,465735
-119.852,47.416,354.124,465756
-119.701,47.393,353.176,465777
-119.686,47.624,352.099,465798
-119.555,47.676,351.087,465819
-119.860,47.650,349.749,465840
-120.238,47.782,348.331,465861
-120.617,47.902,346.888,465882
-120.466,48.019,345.810,465903
-120.789,48.013,344.385,465924
-121.099,47.975,342.954,465945
-121.514,48.022,341.424,465966
-121.465,47.979,340.245,465987
-120.053,48.016,340.738,466008
-118.781,47.883,341.089,466029
-118.125,47.896,340.980,466050
-117.611,47.906,340.732,466071
-117.246,48.022,340.347,466092
-117.025,48.121,339.824,466113
-116.805,48.079,339.307,466134
-116.378,47.928,338.934,466155
-115.979,47.856,338.526,466176
-115.693,47.921,338.045,466197
-115.533,47.950,337.453,466218
-115.428,47.952,336.828,466239
-115.478,47.953,336.058,466260
-116.090,47.973,334.851,466281
-116.743,48.002,333.628,466302
-117.470,47.785,332.364,466323
-118.279,47.522,331.042,466344
-119.286,47.327,329.551,466365
-120.398,47.149,328.016,466386
-121.089,46.933,326.759,466407
-121.906,46.595,325.402,466428
-123.103,46.438,323.740,466449
-124.287,46.391,322.107,466470
-125.499,46.389,320.486,466491
-126.329,46.497,319.132,466512
-127.096,46.512,317.838,466533
-128.278,46.456,316.268,466554
-128.967,46.276,315.041,466575
-129.855,46.113,313.652,466596
-130.354,46.219,312.512,466617
-130.872,46.406,311.338,466638
-131.817,46.574,309.850,466659
-132.238,46.755,308.718,466680
-132.929,46.685,307.379,466701
-133.381,46.972,306.179,466722
-133.917,46.925,304.913,466743
-134.306,46.864,303.726,466764
-134.404,46.769,302.730,466785
-134.566,46.699,301.702,466806
-134.318,46.856,300.960,466827
-134.390,47.152,299.960,466848
-134.118,47.375,299.202,466869
-134.172,47.430,298.192,466890
-133.709,47.654,297.586,466911
-133.121,47.875,297.057,466932
-132.857,47.960,296.278,466953
-132.208,47.852,295.801,466974
-131.720,47.766,295.198,466995
-131.032,47.627,294.734,467016
-130.035,47.696,294.497,467037
-129.288,47.536,294.080,467058
-128.696,47.718,293.549,467079
-127.854,47.893,293.191,467100
-127.186,47.683,292.700,467121
-126.143,47.556,292.502,467142
-125.193,47.295,292.245,467163
-124.304,47.245,291.955,467184
-123.678,46.891,291.481,467205
-122.923,46.862,291.094,467226
-122.514,46.934,290.465,467247
-122.296,46.735,289.694,467268
-122.168,46.724,288.829,467289
-121.618,46.705,288.291,467310
-121.519,46.557,287.464,467331
-121.521,46.621,286.543,467352
-121.143,46.686,285.917,467373
-120.889,46.354,285.179,467394
-120.676,46.030,284.434,467415
-120.466,45.704,283.699,467436
-120.187,45.640,283.004,467457
-120.372,45.626,281.978,467478
-120.253,45.278,281.176,467499
-120.488,45.107,280.127,467520
-120.723,45.044,279.090,467541
-120.960,45.123,278.053,467562
-121.221,45.143,277.003,467583
-121.289,44.942,276.070,467604
-121.164,44.954,275.264,467625
-121.322,44.765,274.278,467646
-121.792,44.890,273.060,467667
-121.793,44.989,272.181,467688
-122.224,44.928,270.986,467709
-122.619,44.995,269.816,467730
-122.559,44.948,268.936,467751
-122.412,44.797,268.081,467772
-122.371,44.844,267.138,467793
-122.169,44.720,266.307,467814
-122.144,44.434,265.345,467835
-121.944,44.308,264.510,467856
-122.001,44.528,263.513,467877
-122.282,44.533,262.353,467898
-122.475,44.524,261.272,467919
-122.675,44.580,260.178,467940
-122.771,44.528,259.153,467961
-122.663,44.372,258.251,467982
-122.719,44.627,257.241,468003
-122.285,44.709,256.581,468024
-121.890,44.864,255.907,468045
-121.440,45.009,255.267,468066
-121.427,45.166,254.324,468087
-121.050,45.382,253.621,468108
-121.099,45.517,252.610,468129
-121.167,45.592,251.568,468150
-121.206,45.618,250.569,468171
-121.121,45.872,249.654,468192
-120.832,45.717,248.884,468213
-120.744,45.985,247.980,468234
-120.454,45.993,247.216,468255
-120.344,45.869,246.314,468276
-120.127,45.943,245.461,468297
-120.423,45.952,244.233,468318
-120.580,46.163,243.073,468339
-120.479,45.936,242.098,468360
-120.778,45.973,240.785,468381
-121.069,45.759,239.519,468402
-121.237,45.847,238.300,468423
-121.170,45.760,237.232,468444
-121.100,45.551,236.149,468465
-120.638,45.453,235.332,468486
-120.188,45.284,234.444,468507
-120.020,45.235,233.270,468528
-119.895,44.750,232.022,468549
-120.144,44.369,230.432,468570
-120.191,43.829,228.927,468591
-120.482,43.470,227.174,468612
-120.486,43.332,225.536,468633
-120.631,42.795,223.735,468654
-120.606,42.313,221.957,468675
-120.620,41.971,220.079,468696
-120.679,41.648,218.086,468717
-121.158,41.298,215.729,468738
-122.385,41.890,214.049,468759
-123.473,42.235,212.226,468780
-124.504,42.444,210.268,468801
-125.704,42.469,208.076,468822
-126.503,42.392,206.014,468843
-127.124,42.353,203.920,468864
-128.448,41.815,203.068,468885
-129.774,40.990,202.085,468906
-130.515,40.381,201.323,468927
-131.326,39.907,200.458,468948
-132.082,39.275,199.537,468969
-133.557,39.103,198.287,468990
-134.851,38.945,197.094,469011
-135.923,38.853,196.033,469032
-136.814,38.749,195.096,469053
-137.504,38.655,194.285,469074
-137.951,38.580,193.598,469095
-137.933,38.787,193.160,469116
-138.101,38.888,192.603,469137
-138.077,39.030,192.112,469158
-137.909,39.256,191.703,469179
-137.181,39.673,191.632,469200
-137.031,40.205,191.143,469221
-137.207,40.428,190.774,469242
-136.852,40.543,190.718,469263
-136.306,40.944,190.755,469284
-135.547,41.282,190.941,469305
-135.262,41.822,190.766,469326
-135.128,42.561,190.494,469347
-134.761,43.265,190.375,469368
-134.523,43.610,190.172,469389
-134.306,44.057,189.933,469410
-134.136,44.587,189.676,469431
-134.149,45.098,189.258,469452
-133.601,45.696,189.231,469473
-133.353,46.479,188.979,469494
-132.815,47.204,188.928,469515
-132.120,47.822,189.000,469536
-131.891,48.422,188.673,469557
-131.673,48.790,188.331,469578
-131.081,49.288,188.228,469599
-130.335,49.338,188.216,469620
-129.714,49.256,188.095,469641
-129.282,49.135,187.785,469662
-128.931,49.166,187.387,469683
-128.195,49.155,187.272,469704
-127.219,48.868,187.310,469725
-126.242,48.487,187.322,469746
-125.599,48.321,187.057,469767
-125.000,48.134,186.741,469788
-124.469,47.583,186.355,469809
-123.577,46.915,186.224,469830
-122.830,46.214,185.962,469851
-122.263,45.546,185.530,469872
-121.373,44.909,185.314,469893
-120.717,44.221,184.909,469914
-119.908,43.870,184.605,469935
-119.142,43.576,184.233,469956
-118.456,43.333,183.790,469977
-118.127,43.260,183.109,469998
-117.766,42.805,182.458,470019
-117.579,42.520,181.671,470040
-117.527,42.419,180.771,470061
-117.087,42.203,180.159,470082
-117.157,42.269,179.193,470103
-116.898,42.529,178.466,470124
-116.761,42.860,177.694,470145
-116.590,43.044,176.982,470166
-116.968,43.304,175.918,470187
-117.452,43.529,174.773,470208
-117.882,43.606,173.721,470229
-118.507,43.745,172.521,470250
-118.795,43.994,171.526,470271
-119.563,44.174,170.215,470292
-120.054,44.539,169.089,470313
-120.793,44.589,167.797,470334
-121.368,44.986,166.604,470355
-122.335,45.243,165.132,470376
-123.057,45.634,163.796,470397
-123.721,45.967,162.467,470418
-124.423,46.305,161.075,470439
-125.399,46.353,159.478,470460
-126.036,46.254,158.121,470481
-126.875,46.222,156.623,470502
-127.270,46.430,155.470,470523
-127.887,46.741,154.129,470544
-128.263,46.958,152.957,470565
-128.495,46.984,151.872,470586
-129.197,47.084,150.421,470607
-129.744,47.084,149.112,470628
-129.887,46.960,148.093,470649
-129.857,47.147,147.200,470670
-130.102,47.046,146.113,470691
-130.291,47.000,145.069,470712
-130.065,46.918,144.335,470733
-129.851,47.174,143.556,470754
-129.815,47.465,142.638,470775
-129.552,47.733,141.913,470796
-129.600,47.794,140.935,470817
-129.664,47.916,139.931,470838
-129.316,48.137,139.210,470859
-129.232,48.264,138.271,470880
-128.874,48.033,137.519,470901
-128.685,48.217,136.666,470922
-128.030,48.038,136.161,470943
-127.328,47.955,135.672,470964
-127.146,47.925,134.775,470985
-126.417,47.902,134.277,471006
-125.761,47.992,133.724,471027
-125.404,47.754,132.944,471048
-125.173,47.628,132.062,471069
-124.643,47.341,131.386,471090
-124.210,47.041,130.613,471111
-124.134,46.997,129.563,471132
-124.151,46.965,128.459,471153
-123.765,46.934,127.688,471174
-123.393,46.873,126.925,471195
-123.388,47.024,125.876,471216
-123.337,46.780,124.836,471237
-123.240,46.537,123.821,471258
-122.888,46.601,122.967,471279
-122.635,46.734,122.029,471300
-122.486,46.477,120.991,471321
-122.152,46.479,120.067,471342
-121.946,46.567,119.024,471363
-122.140,46.517,117.690,471384
-122.011,46.612,116.564,471405
-122.256,46.724,115.185,471426
-122.330,46.476,113.921,471447
-122.398,46.230,112.659,471468
-122.728,46.189,111.203,471489
-122.543,46.145,110.110,471510
-122.404,46.089,108.981,471531
-122.434,45.830,107.717,471552
-122.361,45.611,106.525,471573
-122.322,45.722,105.315,471594
-122.655,45.822,103.850,471615
-122.951,45.958,102.381,471636
-123.326,46.038,100.868,471657
-123.651,46.129,99.393,471678
-123.524,45.903,98.222,471699
-123.473,45.653,97.015,471720
-123.234,45.680,95.927,471741
-122.991,45.547,94.873,471762
-122.771,45.634,93.798,471783
-122.674,45.849,92.657,471804
-122.604,46.050,91.512,471825
-122.355,46.082,90.484,471846
-122.225,46.186,89.361,471867
-122.044,45.896,88.277,471888
-122.255,45.807,86.898,471909
-121.990,45.492,85.842,471930
-122.111,45.248,84.527,471951
-122.310,45.247,83.131,471972
-122.428,45.363,81.785,471993
-122.623,45.329,80.393,472014
-122.710,45.133,79.068,472035
-122.532,44.890,77.934,472056
-122.729,44.814,76.482,472077
-122.612,44.990,75.249,472098
-122.577,44.792,73.950,472119
-122.403,44.983,72.748,472140
-122.153,44.964,71.616,472161
-121.862,45.088,70.540,472182
-121.862,45.492,69.283,472203
-122.094,45.785,67.869,472224
-122.347,45.964,66.456,472245
-122.647,46.329,65.092,472266
-122.586,46.704,63.988,472287
-122.845,46.810,62.658,472308
-122.878,47.070,61.494,472329
-123.181,47.183,60.116,472350
-123.406,47.567,58.787,472371
-123.714,47.994,57.372,472392
-124.489,48.436,55.609,472413
-125.196,48.567,53.893,472434
-125.430,48.746,52.569,472455
-126.201,48.962,50.812,472476
-126.752,49.012,49.243,472497
-127.471,49.368,47.581,472518
-127.892,49.800,46.169,472539
-128.027,50.064,45.018,472560
-128.061,50.281,43.996,472581
-128.124,50.580,42.962,472602
-128.134,50.597,41.984,472623
-128.039,50.741,41.087,472644
-128.282,50.712,39.960,472665
-128.600,50.672,38.777,472686
-128.714,50.548,37.800,472707
-128.649,50.353,36.972,472728
-128.700,50.560,36.091,472749
-128.980,50.548,35.095,472770
-128.765,50.644,34.509,472791
-128.594,50.745,33.908,472812
-128.414,50.858,33.342,472833
-128.308,50.616,32.720,472854
-128.149,50.358,32.136,472875
-128.135,50.238,31.425,472896
-127.954,49.984,30.827,472917
-127.824,49.804,30.182,472938
-127.230,49.740,29.871,472959
-127.009,49.440,29.298,472980
-126.430,49.325,28.960,473001
-125.809,49.119,28.656,473022
-125.275,48.972,28.262,473043
-124.724,48.761,27.889,473064
-124.640,48.376,27.134,473085
-124.377,47.936,26.485,473106
-124.426,47.644,25.565,473127
-124.257,47.668,24.771,473148
-124.352,47.371,23.735,473169
-124.173,47.385,22.878,473190
-124.017,47.375,21.977,473211
-124.258,47.518,20.757,473232
-124.141,47.311,19.779,473253
-124.092,47.376,18.709,473274
-124.003,47.181,17.639,473295
-124.213,46.980,16.348,473316
-124.620,47.088,14.892,473337
-124.863,46.961,13.531,473358
-124.854,46.876,12.357,473380
-125.043,47.278,10.975,473401
-125.088,47.296,9.695,473422
-125.339,47.769,8.265,473443
-125.795,48.241,6.650,473464
-125.871,48.601,5.295,473485
-126.470,48.828,3.538,473506
-127.025,49.237,1.760,473527
-127.162,49.557,0.284,473548
-127.778,49.808,358.382,473569
-128.148,50.200,356.614,473590
-125.892,50.190,357.957,473611
-123.473,50.514,359.807,473632
-120.783,50.550,1.794,473653
-118.586,50.975,3.320,473674
-116.737,51.377,4.529,473695
-114.900,51.377,5.693,473716
-114.331,51.523,5.338,473737
-114.180,51.914,4.687,473758
-113.846,52.401,4.165,473779
-113.755,52.929,3.495,473800
-113.745,53.205,2.765,473821
-113.960,53.466,1.853,473842
-114.436,53.796,0.716,473863
-114.986,53.817,359.553,473884
-116.029,53.685,358.006,473905
-117.302,53.803,356.256,473926
-117.165,53.699,355.869,473947
-117.127,53.462,355.358,473968
-117.682,53.071,354.361,473989
-118.366,52.717,353.261,474010
-119.029,52.227,352.206,474031
-119.666,51.624,351.206,474052
-120.478,51.064,350.035,474073
-121.365,50.441,348.832,474094
-121.910,49.627,347.876,474115
-122.623,48.751,346.779,474136
-123.502,47.901,345.531,474157
-124.433,47.077,344.285,474178
-125.379,46.592,343.028,474199
-126.340,45.847,341.792,474220
-127.356,45.366,340.548,474241
-128.154,45.024,339.473,474262
-128.796,44.693,338.511,474283
-129.632,44.458,337.428,474304
-130.146,43.849,336.609,474325
-131.022,43.450,335.582,474346
-131.867,43.149,334.651,474367
-132.185,42.942,334.098,474388
-132.918,43.097,333.256,474409
-133.384,43.282,332.604,474430
-133.726,43.490,332.029,474451
-134.134,43.406,331.398,474472
-134.547,43.419,330.726,474493
-134.531,43.731,330.332,474514
-134.466,43.808,329.964,474535
-134.688,44.033,329.380,474556
-134.606,44.195,329.000,474577
-134.231,44.675,328.830,474598
-133.858,45.285,328.656,474619
-133.597,45.957,328.401,474640
-132.989,46.556,328.398,474661
-132.152,47.050,328.539,474682
-131.678,47.749,328.415,474703
-130.724,48.235,328.644,474724
-129.913,48.406,328.765,474745
-129.079,48.524,328.893,474766
-128.631,48.733,328.703,474787
-127.743,48.740,328.816,474808
-127.279,49.053,328.613,474829
-126.503,48.922,328.611,474850
-125.993,49.086,328.392,474871
-125.180,48.776,328.375,474892
-124.520,48.853,328.244,474913
-123.647,48.784,328.276,474934
-122.991,48.315,328.139,474955
-122.713,47.943,327.726,474976
-122.133,47.763,327.528,474997
-121.507,47.370,327.371,475018
-120.979,47.084,327.108,475039
-120.561,46.515,326.754,475060
-120.605,46.104,326.039,475081
-120.568,45.542,325.393,475102
-120.526,45.329,324.721,475123
-120.196,44.769,324.236,475144
-119.891,44.476,323.770,475165
-120.064,44.034,322.972,475186
-120.327,43.712,322.100,475207
-120.363,43.262,321.426,475228
-120.317,43.184,320.816,475249
-120.753,43.116,319.861,475270
-121.231,43.040,318.887,475291
-121.781,43.118,317.896,475312
-122.403,43.221,316.876,475333
-122.747,43.560,316.076,475354
-123.493,43.834,315.030,475375
-123.787,44.178,314.269,475396
-124.086,44.448,313.451,475417
-124.335,44.821,312.643,475438
-124.667,44.952,311.735,475459
-125.154,45.525,310.724,475480
-125.817,45.906,309.598,475501
-126.464,46.307,308.507,475522
-126.912,46.794,307.567,475543
-127.469,47.137,306.508,475564
-127.524,47.454,305.735,475585
-127.378,47.556,305.016,475606
-127.346,47.535,304.069,475627
-126.999,47.641,303.232,475648
-126.744,47.570,302.241,475669
-126.357,47.541,301.244,475690
-126.296,47.429,299.950,475711
-126.136,47.237,298.667,475732
-125.839,46.993,297.335,475753
-125.225,46.993,296.100,475774
-124.446,46.946,294.868,475795
-123.953,46.702,293.326,475816
-123.082,46.561,291.943,475837
-122.687,46.454,290.120,475858
-122.030,46.115,288.444,475879
-121.302,46.164,286.783,475900
-120.964,46.038,284.799,475921
-120.638,45.966,282.707,475942
-120.345,45.902,280.508,475963
-120.173,45.928,278.163,475984
-119.974,45.817,275.797,476005
-119.779,45.694,273.397,476026
-119.312,45.586,271.157,476047
-119.402,45.708,268.528,476068
-119.523,45.641,265.841,476089
-119.695,45.668,263.078,476110
-119.860,45.513,260.339,476131
-120.074,45.384,257.599,476152
-120.375,45.256,254.852,476173
-120.684,45.166,252.146,476194
-121.033,45.119,249.444,476215
-121.292,44.879,246.839,476236
-121.123,44.866,244.554,476257
-119.489,45.431,243.116,476278
-117.907,45.918,241.700,476299
-116.503,46.388,240.165,476320
-115.563,46.577,238.343,476341
-114.692,47.119,236.517,476362
-113.953,47.574,234.535,476383
-113.933,47.523,234.976,476404
-114.346,47.273,234.842,476425
-114.370,47.143,234.742,476446
-114.507,47.067,234.360,476467
-114.845,47.019,233.668,476488
-115.108,46.964,232.876,476509
-115.535,46.664,231.861,476530
-115.980,46.483,230.695,476551
-116.292,46.054,229.514,476572
-116.662,45.667,228.162,476593
-117.105,45.250,226.655,476614
-117.359,44.759,225.825,476635
-117.691,44.235,224.802,476656
-118.073,43.612,223.613,476677
-118.601,43.226,222.231,476698
-119.506,42.633,220.490,476719
-120.431,42.111,218.681,476740
-121.289,41.584,216.878,476761
-122.158,41.186,215.030,476782
-122.941,40.866,213.233,476803
-123.663,40.593,211.442,476824
-124.133,40.714,209.786,476845
-124.532,40.874,208.147,476866
-125.218,41.019,206.325,476887
-125.858,41.103,204.540,476908
-126.072,41.440,203.031,476929
-126.532,41.558,201.367,476950
-126.973,41.751,199.735,476971
-127.018,42.182,198.364,476992
-127.082,42.494,196.964,477013
-127.066,42.906,195.639,477034
-127.275,43.638,194.171,477055
-127.421,44.397,192.743,477076
-127.480,45.134,191.387,477097
-127.826,45.628,189.849,477118
-127.674,45.986,188.654,477139
-127.953,46.379,187.184,477160
-128.056,46.591,185.851,477181
-127.933,47.154,184.719,477202
-128.004,47.389,183.471,477223
-128.023,47.592,182.261,477244
-127.834,48.109,181.226,477265
-127.471,48.532,180.328,477286
-126.999,48.745,179.517,477307
-126.593,48.948,178.677,477328
-126.754,49.013,177.403,477349
-126.657,48.764,176.323,477370
-125.388,48.908,176.481,477391
-124.075,48.853,176.663,477412
-122.948,48.519,176.701,477433
-121.781,48.378,176.768,477454
-120.648,48.180,176.807,477475
-119.621,47.848,176.767,477496
-119.046,47.823,176.397,477517
-118.563,47.802,175.952,477538
-118.114,47.366,175.464,477559
-117.767,46.964,174.907,477581
-117.611,46.572,174.196,477602
-117.591,46.291,173.387,477623
-117.609,45.888,172.574,477644
-117.329,45.661,171.966,477665
-117.165,45.453,171.279,477686
-117.117,45.277,170.483,477707
-117.605,45.044,169.299,477728
-118.197,44.848,168.027,477749
-118.639,44.362,166.860,477770
-119.128,44.299,165.665,477791
-119.875,43.906,164.260,477812
-120.360,43.765,163.036,477833
-120.825,43.492,161.825,477854
-121.722,43.222,160.276,477875
-122.780,43.198,158.634,477896
-123.549,43.336,157.167,477917
-124.274,43.470,155.723,477938
-124.984,43.262,154.277,477959
-125.832,43.039,152.724,477980
-126.850,43.007,150.992,478001
-127.748,43.245,149.346,478022
-128.268,43.321,147.906,478043
-128.693,43.381,146.524,478064
-129.058,43.524,145.158,478085
-129.686,43.842,143.591,478106
-129.982,44.070,142.238,478127
-130.676,44.222,140.583,478148
-131.185,44.222,139.030,478169
-131.564,44.218,137.564,478190
-131.464,44.297,136.370,478211
-131.648,44.306,134.989,478232
-131.356,44.284,133.905,478253
-131.072,44.235,132.800,478274
-130.612,44.522,131.786,478295
-130.185,44.902,130.724,478316
-130.064,45.093,129.452,478337
-129.862,45.158,128.223,478358
-129.664,45.386,126.963,478379
-129.349,45.221,127.004,478400
-129.051,45.097,126.947,478421
-128.961,44.660,126.719,478442
-128.393,44.281,126.769,478463
-127.961,44.145,126.695,478484
-127.424,44.031,126.694,478505
-127.174,43.877,126.490,478526
-126.718,43.952,126.410,478547
-126.123,43.672,126.448,478568
-125.711,43.528,126.320,478589
-125.193,43.389,126.282,478610
-124.364,43.293,126.444,478631
-123.759,43.124,126.446,478652
-123.012,43.098,126.516,478674
-122.255,43.186,126.574,478695
-121.629,43.462,126.541,478716
-121.360,43.736,126.279,478737
-121.106,43.871,125.986,478758
-120.476,44.200,125.950,478779
-119.890,44.583,125.862,478800
-119.336,44.724,125.758,478821
-119.297,44.997,125.298,478842
-118.833,45.390,125.113,478863
-118.778,45.847,124.621,478884
-118.383,46.214,124.345,478905
-118.489,46.515,123.701,478926
-118.668,46.763,122.978,478947
-118.809,47.184,122.280,478968
-118.981,47.229,121.559,478989
-118.953,47.165,120.979,479010
-118.753,47.202,120.501,479031
-118.851,47.026,119.779,479052
-119.162,47.158,118.866,479073
-118.989,47.139,118.288,479094
-119.104,47.318,117.492,479115
-119.480,47.277,116.470,479136
-119.792,47.435,115.487,479157
-119.703,47.477,114.786,479178
-119.707,47.229,114.012,479199
-119.625,47.005,113.269,479220
-119.725,46.680,112.327,479241
-119.629,46.403,111.493,479262
-119.391,46.256,110.748,479283
-119.153,46.076,109.974,479304
-119.378,46.048,108.844,479325
-119.268,46.086,107.955,479346
-119.264,45.740,106.953,479367
-119.337,45.743,105.880,479388
-119.356,45.481,104.839,479409
-119.099,45.539,103.976,479430
-118.861,45.205,103.103,479451
-118.716,44.941,102.154,479472
-118.622,44.711,101.174,479493
-118.275,44.845,100.373,479514
-118.002,45.081,99.502,479535
-118.064,45.154,98.430,479556
-118.133,45.191,97.335,479577
-118.112,45.177,96.321,479598
-118.251,45.507,95.171,479619
-117.950,45.675,94.355,479640
-117.673,45.819,93.526,479661
-117.499,45.851,92.627,479682
-117.271,46.038,91.767,479703
-117.235,46.452,90.788,479724
-117.549,46.829,89.542,479745
-117.915,47.115,88.270,479766
-118.293,47.398,86.954,479787
-118.190,47.494,85.996,479808
-118.134,47.613,84.991,479829
-118.436,48.077,83.781,479850
-118.364,48.201,82.846,479871
-118.268,48.423,81.962,479892
-118.217,48.356,81.023,479913
-118.608,48.546,79.758,479934
-118.652,48.762,78.804,479955
-118.790,49.006,77.799,479976
-119.033,48.871,76.714,479997
-119.261,48.747,75.657,480018
-119.544,48.965,74.586,480039
-119.408,48.855,73.853,480060
-119.692,48.787,72.787,480081
-120.017,48.759,71.707,480102
-119.890,48.501,70.967,480123
-120.142,48.420,69.952,480144
-120.368,48.475,68.934,480165
-120.506,48.173,68.001,480186
-120.703,47.985,67.027,480207
-120.933,47.789,66.021,480228
-120.697,47.356,65.362,480249
-120.533,46.900,64.671,480270
-120.288,46.677,64.031,480291
-120.170,46.212,63.291,480312
-119.917,45.882,62.639,480333
-119.800,45.752,61.891,480354
-120.068,45.696,60.831,480375
-120.398,45.585,59.721,480396
-120.740,45.315,58.601,480417
-121.073,45.097,57.472,480438
-121.079,44.638,56.579,480459
-121.145,44.625,55.639,480480
-121.398,44.541,54.577,480501
-121.436,44.556,53.655,480522
-121.296,44.529,52.888,480543
-121.416,44.614,51.920,480564
-121.778,44.483,50.776,480585
-122.148,44.556,49.601,480606
-122.524,44.378,48.468,480627
-122.735,44.136,47.434,480648
-122.789,43.989,46.510,480669
-122.899,43.873,45.565,480690
-123.435,43.861,44.322,480711
-123.555,44.100,43.355,480732
-123.624,44.180,42.420,480753
-123.721,44.568,41.457,480774
-124.245,44.947,40.194,480795
-124.746,45.270,38.957,480816
-125.065,45.791,37.841,480837
-125.472,45.892,36.664,480858
-125.455,46.026,35.779,480879
-125.429,46.140,34.928,480900
-125.796,46.240,33.827,480921
-126.177,46.547,32.685,480942
-126.102,46.831,31.817,480963
-126.371,47.114,30.683,480984
-126.323,47.334,29.763,481005
-126.484,47.585,28.677,481026
-126.687,47.808,27.583,481047
-127.015,47.738,26.423,481068
-126.910,47.523,25.584,481089
-126.878,47.292,24.681,481110
-126.727,47.366,23.858,481131
-126.457,47.357,23.123,481152
-126.155,47.320,22.399,481173
-126.326,47.279,21.311,481194
-126.321,47.285,20.354,481215
-126.160,46.855,19.505,481236
-125.851,46.400,18.787,481257
-125.653,45.976,18.011,481278
-125.163,45.798,17.435,481299
-124.677,45.643,16.886,481320
-124.212,45.504,16.296,481341
-123.866,45.498,15.618,481362
-123.448,45.273,14.976,481383
-123.499,45.385,14.013,481404
-123.623,45.403,13.011,481425
-123.501,45.162,12.204,481446
-123.521,45.053,11.335,481467
-123.302,44.876,10.628,481488
-123.059,45.155,9.941,481509
-122.726,45.155,9.316,481530
-122.864,45.251,8.351,481551
-122.674,45.644,7.598,481572
-122.436,46.033,6.887,481593
-122.076,46.269,6.236,481614
-121.763,46.544,5.572,481635
-121.693,46.976,4.694,481656
-122.069,47.253,3.487,481677
-122.233,47.250,2.428,481698
-122.674,47.529,1.133,481719
-122.706,47.883,0.146,481740
-123.202,48.125,358.795,481761
-123.298,48.090,357.718,481782
-123.411,48.357,356.593,481803
-123.462,48.340,355.506,481824
-124.084,48.420,353.993,481845
-124.491,48.249,352.675,481866
-125.173,48.199,351.163,481887
-125.746,48.018,349.744,481908
-125.968,48.040,348.587,481929
-126.490,47.795,347.224,481950
-127.115,47.568,345.742,481971
-127.428,47.615,344.512,481992
-128.073,47.392,343.065,482013
-128.376,47.460,341.871,482034
-129.064,47.592,340.379,482055
-129.683,47.721,338.941,482076
-129.892,47.549,337.806,482097
-130.275,47.247,336.517,482118
-130.934,47.278,335.019,482139
-131.138,47.335,333.841,482160
-131.613,47.447,332.459,482181
-131.942,47.208,331.150,482202
-132.045,46.907,330.010,482223
-131.984,46.963,328.954,482244
-131.936,46.666,327.895,482265
-131.586,46.421,327.053,482286
-131.307,46.130,326.134,482307
-131.225,45.958,325.084,482328
-130.608,45.955,324.399,482349
-130.051,45.719,323.681,482370
-129.780,45.905,322.712,482391
-129.484,45.970,321.763,482412
-129.059,46.235,320.863,482433
-128.681,46.316,319.932,482454
-128.143,46.207,319.082,482475
-127.388,46.423,318.349,482496
-126.512,46.314,317.670,482517
-125.624,46.190,316.942,482538
-125.882,45.517,317.114,482559
-125.851,45.156,317.432,482580
-126.084,44.507,317.475,482601
-126.154,43.886,317.591,482622
-126.647,43.613,317.363,482643
-127.095,43.552,317.130,482664
-127.167,43.237,317.117,482685
-127.269,42.997,317.047,482706
-127.388,42.777,316.895,482727
-127.582,42.833,316.676,482748
-127.797,42.975,316.390,482769
-128.040,43.190,316.081,482790
-128.489,43.484,315.585,482811
-128.913,43.758,315.086,482832
-129.235,43.941,314.662,482853
-129.323,44.413,314.358,482874
-129.473,44.645,313.959,482895
-129.195,45.083,313.839,482916
-129.022,45.205,313.597,482937
-128.459,45.338,313.580,482958
-127.874,45.614,313.545,482979
-127.809,45.966,313.065,483000
-127.291,46.321,312.878,483021
-127.321,46.335,312.980,483042
-127.346,46.064,313.019,483063
-127.339,45.728,312.995,483084
-127.205,45.342,313.002,483105
-126.930,44.979,313.060,483126
-126.454,44.725,313.201,483147
-126.210,44.372,313.128,483168
-125.800,44.408,313.130,483189
-125.228,44.333,313.188,483210
-124.902,44.097,313.453,483231
-124.756,43.976,313.508,483252
-124.752,43.589,313.399,483273
-124.465,43.480,313.420,483294
-124.007,43.141,313.469,483315
-124.587,43.222,312.702,483336
-125.009,43.271,312.200,483357
-125.223,43.066,311.816,483378
-125.324,43.021,311.460,483399
-125.363,43.103,311.096,483420
-125.311,43.104,310.718,483441
-125.722,43.150,310.147,483462
-126.033,43.108,309.606,483483
-126.281,43.246,309.049,483504
-126.241,43.113,308.683,483525
-125.956,43.217,308.567,483546
-125.547,43.030,308.476,483567
-125.413,42.844,308.233,483588
-125.013,42.957,308.188,483609
-124.843,42.720,308.004,483630
-124.490,42.855,307.930,483651
-124.275,42.987,307.810,483672
-123.933,43.208,307.761,483693
-123.435,43.397,307.854,483714
-123.075,43.230,307.848,483735
-122.456,43.260,308.062,483756
-122.000,43.080,308.185,483777
-121.607,42.849,308.289,483798
-121.152,42.861,308.447,483819
-120.777,42.627,308.568,483840
-120.695,42.769,308.550,483861
-120.783,42.673,308.410,483882
-120.922,42.742,308.254,483903
-120.992,42.943,308.124,483924
-120.932,42.710,308.037,483945
-120.671,42.720,308.062,483966
-120.551,42.572,307.988,483987
-120.800,42.593,307.635,484008
-120.719,42.855,307.479,484029
-120.587,43.056,307.320,484050
-120.915,43.223,306.829,484071
-121.194,43.574,306.336,484092
-121.312,43.503,306.001,484113
-121.275,43.784,305.768,484134
-121.642,43.843,305.262,484155
-122.106,43.916,304.718,484176
-122.113,43.897,304.495,484197
-122.070,43.922,304.302,484218
-122.502,43.857,303.772,484239
-122.624,44.055,303.432,484260
-122.984,44.270,302.884,484281
-123.365,44.445,302.277,484302
-123.719,44.660,301.662,484323
-123.973,44.920,301.119,484344
-123.901,45.059,300.793,484365
-123.839,44.913,300.445,484386
-123.677,44.787,300.149,484407
-123.520,44.600,299.843,484428
-123.292,44.699,299.524,484449
-123.013,44.790,299.225,484470
-123.078,44.713,298.668,484491
-123.191,44.695,298.037,484512
-123.298,44.663,297.396,484533
-122.908,44.606,297.084,484554
-122.766,44.309,296.570,484575
-122.574,43.986,296.059,484596
-122.177,43.779,295.666,484617
-121.825,43.708,295.248,484638
-121.773,43.810,294.577,484659
-121.752,43.921,293.892,484680
-121.730,44.055,293.180,484701
-121.641,43.825,292.515,484722
-121.702,43.716,291.753,484743
-121.745,43.594,291.018,484764
-121.820,43.497,290.279,484785
-121.488,43.356,289.826,484806
-121.179,43.363,289.349,484827
-121.044,43.060,288.754,484848
-120.806,43.144,288.242,484869
-120.647,43.275,287.647,484890
-120.776,43.154,286.866,484911
-120.935,43.009,286.044,484932
-120.802,42.646,285.435,484953
-121.032,42.538,284.595,484974
-121.271,42.546,283.735,484995
-121.122,42.272,283.144,485016
-121.002,42.206,282.539,485037
-120.930,42.095,281.855,485058
-120.928,42.090,281.134,485079
-121.399,42.182,280.094,485100
-121.880,42.223,279.033,485121
-121.905,42.226,278.249,485142
-122.405,42.393,277.133,485163
-122.855,42.368,276.043,485184
-123.078,42.665,275.097,485205
-123.113,42.698,274.264,485226
-123.162,42.813,273.406,485247
-123.217,42.733,272.572,485268
-123.293,42.826,271.661,485289
-123.387,42.777,270.733,485310
-123.968,42.757,269.453,485331
-124.570,42.737,268.128,485352
-125.158,42.655,266.787,485373
-125.563,42.792,265.568,485394
-125.969,42.492,264.324,485415
-126.459,42.488,263.052,485436
-126.442,42.409,262.081,485457
-126.457,42.234,261.061,485478
-126.592,42.002,259.924,485499
-126.967,42.020,258.609,485520
-127.285,42.232,257.300,485541
-127.212,42.068,256.217,485562
-127.089,41.875,255.142,485583
-127.375,41.751,253.741,485604
-127.403,41.460,252.496,485625
-127.252,41.372,251.341,485646
-127.047,41.233,250.179,485667
-127.037,41.306,248.852,485688
-126.990,41.398,247.516,485709
-127.271,41.385,245.931,485730
-127.472,41.475,244.379,485751
-127.589,41.309,242.867,485772
-127.306,41.187,241.566,485793
-127.137,41.392,240.181,485814
-127.177,41.286,238.632,485835
-127.070,41.171,237.159,485856
-126.741,41.410,235.818,485877
-126.296,41.552,234.561,485898
-126.175,41.585,233.073,485919
-126.018,41.604,231.568,485940
-125.949,41.855,229.977,485961
-125.414,41.868,228.641,485982
-126.069,42.368,226.468,486003
-126.558,42.695,224.394,486024
-126.598,43.092,222.582,486045
-126.568,43.492,220.838,486066
-126.469,43.823,219.121,486087
-126.529,43.886,217.285,486108
-126.693,44.154,215.357,486129
-126.700,44.613,213.513,486150
-126.657,44.763,211.694,486171
-126.560,45.012,209.892,486192
-126.381,45.173,208.140,486213
-125.768,45.540,206.686,486234
-125.146,45.957,205.265,486255
-124.907,46.149,203.591,486276
-124.321,46.576,202.186,486297
-123.598,46.905,200.864,486318
-121.794,46.896,201.085,486339
-119.952,46.822,201.336,486360
-117.987,46.900,201.667,486381
-116.052,46.807,201.991,486402
-114.230,46.832,202.207,486423
-112.824,46.589,202.125,486444
-111.385,46.696,202.039,486465
-109.804,46.606,202.071,486486
-108.494,46.643,201.909,486507
-107.279,46.634,201.709,486528
-106.424,46.801,201.260,486549
-106.018,46.818,200.487,486570
-105.271,46.790,199.959,486591
-105.156,46.734,198.966,486612
-104.781,46.686,198.141,486633
-104.571,46.653,197.153,486654
-104.499,46.714,196.053,486675
-104.965,46.774,194.556,486696
-105.524,46.990,192.974,486717
-105.773,47.242,191.596,486738
-106.525,47.344,189.847,486759
-107.160,47.274,188.188,486780
-107.909,47.212,186.457,486801
-108.876,47.362,184.578,486822
-109.626,47.299,182.825,486843
-110.285,47.309,181.112,486864
-110.499,47.527,179.627,486885
-110.348,47.954,178.363,486906
-110.602,48.465,176.750,486927
-110.646,48.801,175.261,486948
-111.215,48.946,173.373,486969
-111.840,48.982,171.395,486990
-112.479,48.906,169.382,487011
-113.534,48.530,168.593,487032
-114.403,48.114,168.249,487053
-115.048,47.564,167.941,487074
-115.637,47.316,167.579,487095
-116.123,46.992,167.223,487116
-116.380,46.752,166.763,487137
-116.234,46.702,166.526,487158
-116.385,46.419,166.037,487179
-116.545,46.300,165.496,487200
-116.666,46.077,164.916,487221
-116.797,45.950,164.246,487242
-116.721,45.503,163.667,487263
-116.362,45.066,163.203,487284
-116.577,44.560,162.956,487305
-116.377,44.237,162.916,487326
-116.202,44.022,162.817,487347
-115.937,43.776,162.696,487368
-115.590,43.552,162.602,487389
-115.643,43.262,162.131,487410
-115.650,43.005,161.641,487431
-115.193,42.750,161.401,487452
-115.237,42.530,160.921,487473
-115.076,42.564,160.789,487494
-114.859,42.598,160.637,487515
-114.582,42.541,160.458,487536
-114.525,42.758,160.047,487557
-114.548,43.018,159.551,487578
-114.757,43.094,158.878,487599
-114.615,43.025,158.380,487620
-114.916,43.012,157.808,487641
-115.259,43.135,157.155,487662
-115.301,43.488,156.679,487683
-115.124,43.706,156.296,487704
-114.971,44.001,155.830,487725
-114.955,44.302,155.467,487746
-115.182,44.648,154.860,487767
-115.475,44.906,154.136,487788
-115.503,44.866,153.543,487809
-115.790,45.021,152.752,487830
-116.041,45.091,151.937,487851
-116.254,45.148,151.127,487872
-116.392,45.180,150.331,487893
-116.250,45.336,149.728,487914
-116.221,45.751,149.022,487935
-116.125,46.047,148.326,487956
-116.428,46.144,147.324,487977
-116.784,46.386,146.263,487998
-117.109,46.524,145.192,488019
-116.977,46.642,144.437,488040
-116.810,46.656,143.717,488061
-116.784,46.837,142.863,488082
-116.662,46.681,142.065,488103
-116.489,46.675,141.299,488124
-116.382,46.748,140.438,488145
-116.667,46.957,139.267,488166
-117.040,47.035,137.994,488187
-117.382,47.115,136.738,488208
-117.656,47.009,135.495,488229
-117.833,46.868,134.330,488250
-118.081,46.763,133.080,488271
-118.110,46.494,131.994,488292
-118.332,46.396,130.758,488313
-118.574,46.362,129.512,488334
-118.814,46.408,128.261,488355
-118.616,46.389,127.303,488376
-118.606,46.568,126.198,488397
-118.443,46.603,125.204,488418
-118.766,46.572,123.875,488439
-119.140,46.526,122.483,488460
-119.024,46.580,121.450,488481
-118.935,46.398,120.379,488502
-119.105,46.140,119.105,488523
-118.995,46.187,118.037,488544
-118.993,46.332,116.900,488565
-119.330,46.312,115.503,488586
-119.608,46.268,114.137,488607
-119.675,46.493,112.916,488628
-119.478,46.352,111.881,488649
-119.302,46.187,110.844,488670
-119.087,46.158,109.816,488691
-118.903,46.188,108.760,488712
-118.809,46.324,107.660,488733
-119.082,46.158,106.282,488754
-118.972,46.250,105.184,488775
-119.237,46.399,103.779,488796
-119.562,46.483,102.309,488817
-119.799,46.296,100.905,488838
-120.059,46.128,99.487,488859
-120.317,46.021,98.051,488880
-120.092,45.857,96.972,488901
-119.886,45.596,95.891,488922
-119.533,45.495,94.929,488943
-119.548,45.653,93.704,488964
-119.397,45.845,92.602,488985
-119.050,45.691,91.623,489006
-119.111,45.804,90.322,489027
-119.121,45.630,89.059,489048
-118.783,45.392,88.009,489069
-118.630,45.096,86.853,489090
-118.304,45.069,85.824,489111
-118.482,45.094,84.473,489132
-118.706,45.052,83.105,489153
-118.433,44.876,82.104,489174
-118.276,44.996,81.008,489195
-118.101,44.782,79.926,489216
-117.807,44.653,78.929,489237
-117.935,44.569,77.611,489258
-118.028,44.415,76.305,489279
-117.874,44.582,75.178,489300
-118.088,44.460,73.826,489321
-117.917,44.478,72.754,489342
-117.971,44.682,71.547,489363
-118.080,44.901,70.320,489384
-118.204,45.170,69.083,489405
-118.617,45.435,67.667,489426
-119.117,45.506,66.190,489447
-119.593,45.808,64.750,489468
-120.055,45.791,63.323,489489
-120.329,45.702,62.070,489510
-120.728,45.646,60.720,489531
-120.994,45.571,59.484,489552
-121.157,45.890,58.340,489573
-121.194,45.850,57.293,489594
-121.503,46.207,56.058,489615
-121.580,46.472,54.960,489636
-121.891,46.420,53.738,489657
-122.231,46.658,52.476,489678
-122.086,46.808,51.548,489699
-121.884,46.895,50.691,489720
-122.112,46.844,49.529,489741
-122.269,46.759,48.414,489762
-122.033,46.671,47.608,489783
-121.852,46.814,46.777,489804
-121.933,47.089,45.750,489825
-121.798,46.952,44.885,489846
-121.866,46.797,43.866,489867
-122.092,46.814,42.743,489888
-121.806,46.810,41.999,489909
-121.522,46.830,41.296,489930
-121.228,46.818,40.610,489951
-121.403,46.692,39.605,489972
-121.196,46.766,38.880,489993
-121.408,46.764,37.838,490014
-121.586,46.786,36.846,490035
-121.800,46.781,35.825,490056
-121.976,46.764,34.837,490077
-121.924,46.464,33.996,490098
-121.692,46.239,33.309,490119
-121.455,46.201,32.635,490140
-121.168,46.109,32.017,490161
-120.850,46.051,31.392,490182
-120.521,46.081,30.778,490203
-120.127,46.114,30.208,490224
-120.139,46.158,29.365,490245
-119.822,45.979,28.752,490266
-119.836,46.092,27.914,490287
-119.774,46.026,27.154,490308
-119.350,46.088,26.641,490329
-119.104,46.310,26.002,490350
-118.786,46.423,25.405,490371
-118.703,46.712,24.642,490392
-118.744,47.024,23.767,490413
-118.767,47.339,22.903,490434
-119.096,47.602,21.822,490455
-119.316,47.954,20.824,490476
-119.602,47.901,19.757,490497
-119.699,47.813,18.822,490518
-119.701,47.816,17.975,490539
-119.695,47.916,17.143,490560
-119.782,47.890,16.263,490581
-120.230,47.688,15.116,490602
-120.935,47.584,13.766,490623
-121.701,47.549,12.375,490644
-122.465,47.422,10.981,490665
-123.038,47.117,9.741,490686
-123.562,46.774,8.548,490707
-124.189,46.465,7.285,490728
-124.414,46.214,6.300,490749
-124.719,46.104,5.312,490770
-125.455,46.035,4.027,490791
-126.084,46.047,2.834,490812
-126.418,45.989,1.884,490833
-126.684,45.675,0.997,490854
-127.229,45.705,359.948,490875
-127.481,45.421,359.126,490896
-127.934,45.080,358.182,490917
-128.295,44.735,357.329,490938
-128.708,44.430,356.436,490959
-129.311,44.443,355.449,490980
-129.886,44.493,354.483,491001
-129.956,44.300,353.864,491022
-130.184,44.490,353.147,491043
-130.639,44.545,352.277,491064
-130.767,44.365,351.608,491085
-130.924,44.291,350.899,491106
-130.691,44.196,350.444,491127
-130.207,44.224,350.202,491148
-129.629,44.381,350.015,491169
-129.012,44.652,349.871,491190
-128.373,44.979,349.747,491211
-127.983,45.400,349.439,491232
-127.676,45.818,349.076,491253
-127.082,46.197,348.910,491274
-126.702,46.245,348.627,491295
-126.380,46.338,348.290,491316
-125.870,46.726,348.083,491337
-125.324,46.672,347.897,491358
-124.860,46.649,347.650,491379
-124.581,46.712,347.240,491400
-124.020,47.015,347.034,491421
-123.333,47.161,346.944,491442
-122.815,47.410,346.735,491463
-122.372,47.696,346.469,491484
-121.880,47.661,346.245,491505
-121.469,47.639,345.957,491526
-121.252,47.525,345.540,491547
-121.331,47.457,344.936,491568
-121.603,47.530,344.167,491589
-121.521,47.290,343.630,491610
-121.652,47.105,342.929,491631
-121.899,47.193,342.135,491652
-122.237,47.224,341.269,491673
-122.603,47.238,340.394,491694
-122.798,46.911,339.677,491715
-123.134,46.975,338.852,491736
-123.106,46.899,338.303,491757
-123.218,46.473,337.647,491778
-123.487,46.461,336.863,491799
-123.846,46.460,336.007,491820
-124.249,46.457,335.152,491841
-124.818,46.228,334.160,491862
-125.337,45.926,333.240,491883
-125.583,45.954,332.506,491904
-125.675,45.661,331.894,491925
-125.836,45.306,331.269,491946
-125.918,44.997,330.709,491967
-126.334,44.759,329.945,491988
-126.361,44.801,329.468,492009
-126.296,44.753,329.060,492030
-126.670,44.846,328.346,492051
-126.824,44.675,327.800,492072
-126.922,44.950,327.302,492093
-127.141,44.919,326.719,492114
-126.867,45.015,326.499,492135
-126.550,45.181,326.305,492156
-126.261,45.401,326.119,492177
-126.082,45.739,325.853,492198
-125.745,45.720,325.701,492219
-125.316,45.744,325.592,492240
-125.109,45.699,325.317,492261
-125.109,45.843,324.867,492282
-124.884,46.153,324.561,492303
-124.823,46.387,324.109,492324
-124.748,46.483,323.671,492345
-124.331,46.296,323.445,492366
-124.166,46.509,323.023,492387
-123.935,46.326,322.651,492409
-123.494,46.422,322.385,492430
-123.113,46.550,322.068,492451
-122.714,46.281,321.742,492472
-122.721,46.115,321.115,492493
-122.665,45.831,320.545,492514
-122.437,45.852,320.064,492535
-122.322,45.469,319.509,492556
-122.165,45.066,318.969,492577
-122.015,44.676,318.410,492598
-121.836,44.677,317.885,492619
-122.118,44.593,317.033,492640
-122.323,44.670,316.229,492661
-122.269,44.726,315.581,492682
-122.613,44.810,314.648,492703
-122.555,44.861,314.008,492724
-122.704,45.038,313.232,492745
-122.655,44.902,312.596,492766
-122.591,44.836,311.962,492787
-122.605,44.924,311.262,492808
-122.574,44.944,310.573,492829
-122.589,44.794,309.815,492850
-123.004,44.850,308.756,492871
-123.433,44.943,307.659,492892
-123.798,45.266,306.578,492913
-124.024,45.205,305.576,492934
-124.360,45.194,304.504,492955
-124.737,45.409,303.395,492976
-124.945,45.296,302.396,492997
-124.683,45.246,301.706,493018
-124.615,45.529,300.872,493039
-124.444,45.802,300.084,493060
-124.581,45.886,299.057,493081
-124.539,45.859,298.180,493102
-124.509,45.862,297.295,493123
-124.552,45.961,296.327,493144
-124.357,45.850,295.536,493165
-123.806,45.880,294.975,493186
-123.361,45.988,294.311,493207
-122.851,45.938,293.711,493228
-122.448,45.974,293.047,493249
-122.136,46.045,292.336,493270
-122.087,46.109,291.427,493291
-121.774,45.722,290.723,493312
-121.813,45.422,289.772,493333
-121.455,45.117,289.081,493354
-121.115,44.908,288.389,493375
-121.300,44.662,287.331,493396
-121.008,44.350,286.605,493417
-121.234,44.045,285.541,493438
-121.002,43.800,284.793,493459
-121.283,43.489,283.702,493480
-121.380,42.899,282.726,493501
-121.580,42.323,281.675,493522
-122.026,42.026,280.451,493543
-122.281,41.907,279.335,493564
-122.321,41.674,278.329,493585
-122.315,41.403,277.329,493606
-122.336,41.067,276.295,493627
-122.526,40.659,275.110,493648
-123.072,40.605,273.676,493669
-123.213,40.266,272.467,493690
-123.777,40.116,270.955,493711
-124.329,39.976,269.424,493732
-124.797,39.709,267.884,493753
-125.226,39.410,266.342,493774
-125.397,39.451,264.930,493795
-125.758,39.146,263.372,493816
-125.787,39.069,261.980,493837
-125.916,39.159,260.483,493858
-126.059,39.294,258.955,493879
-126.153,39.432,257.420,493900
-126.669,39.558,255.579,493921
-126.892,39.461,253.896,493942
-127.236,39.510,252.104,493963
-127.396,39.510,250.423,493984
-127.261,39.781,248.894,494005
-127.053,39.875,247.403,494026
-126.858,40.225,245.875,494047
-126.801,40.229,244.225,494068
-127.261,39.407,243.947,494089
-127.798,38.932,243.552,494110
-128.486,38.267,242.982,494131
-128.717,37.553,242.649,494152
-128.900,37.374,242.313,494173
-129.202,37.341,241.884,494194
-129.515,37.243,241.404,494215
-129.682,37.288,240.994,494236
-129.697,37.511,240.640,494257
-129.371,37.945,240.482,494278
-129.157,38.301,240.255,494299
-128.843,38.665,240.092,494320
-128.512,39.077,239.888,494341
-127.724,39.416,239.936,494362
-127.235,39.837,239.770,494383
-126.682,40.254,239.590,494404
-125.803,40.822,239.606,494425
-124.967,41.503,239.577,494446
-124.205,42.236,239.492,494467
-123.441,42.925,239.402,494488
-122.847,43.699,239.188,494509
-122.472,44.064,238.794,494530
-122.328,44.533,238.222,494551
-122.823,45.226,236.679,494572
-123.818,45.923,234.759,494593
-124.260,46.460,233.223,494614
-124.676,46.928,231.699,494635
-125.523,47.393,229.848,494656
-126.244,47.903,228.075,494677
-126.670,48.304,226.517,494698
-127.293,48.310,224.781,494719
-127.937,48.513,223.010,494740
-128.557,48.640,221.266,494761
-129.069,48.477,219.583,494782
-129.423,48.207,218.021,494803
-129.652,47.871,216.537,494824
-129.828,47.506,215.086,494845
-129.705,47.447,213.859,494866
-129.556,47.376,212.642,494887
-128.645,47.314,212.354,494908
-128.051,46.978,211.853,494929
-127.069,46.678,211.606,494950
-126.037,46.398,211.394,494971
-125.011,46.058,211.175,494992
-123.944,45.795,210.982,495013
-123.243,45.419,210.499,495034
-122.266,45.296,210.217,495055
-121.249,45.081,209.968,495076
-120.636,45.065,209.430,495097
-119.965,45.083,208.934,495118
-119.558,45.150,208.274,495139
-119.352,44.973,207.489,495160
-119.263,45.030,206.628,495181
-119.146,44.868,205.754,495202
-118.750,44.959,205.045,495223
-118.497,44.774,204.210,495244
-118.187,44.941,203.384,495265
-117.969,45.219,202.467,495286
-117.674,45.387,201.600,495307
-117.685,45.403,200.530,495328
-117.865,45.564,199.334,495349
-117.626,45.695,198.436,495370
-117.426,45.910,197.490,495391
-117.679,46.331,196.184,495412
-117.662,46.330,195.045,495433
-117.768,46.696,193.770,495454
-118.169,47.074,192.255,495475
-118.530,47.455,190.740,495496
-118.626,47.662,189.396,495517
-119.135,47.635,187.748,495538
-119.626,47.628,186.076,495559
-120.206,47.852,184.334,495580
-120.697,47.812,182.644,495601
-121.014,47.690,181.038,495622
-121.117,47.553,179.560,495643
-121.176,47.408,178.071,495664
-121.642,47.548,176.265,495685
-121.578,47.353,174.826,495706
-121.510,47.200,173.334,495727
-121.403,46.876,171.822,495748
-121.729,46.637,169.964,495769
-121.934,46.228,168.149,495790
-122.510,45.526,168.067,495811
-122.780,44.941,167.831,495832
-123.221,44.042,167.388,495853
-123.316,43.456,167.117,495874
-123.507,43.064,166.728,495895
-123.518,42.753,166.417,495916
-123.740,42.359,165.958,495937
-123.881,42.130,165.530,495958
-123.473,41.849,165.417,495979
-123.353,41.590,165.077,496000
-123.273,41.468,164.688,496021
-123.071,41.334,164.316,496042
-122.532,41.439,164.105,496063
-121.999,41.742,163.830,496084
-121.469,42.096,163.512,496105
-121.053,42.531,163.089,496126
-120.627,43.001,162.626,496147
-120.389,43.122,162.026,496168
-120.207,43.290,161.347,496189
-119.953,43.430,160.686,496210
-119.650,43.563,160.001,496231
-119.615,44.111,159.116,496252
-119.334,44.285,158.354,496273
-119.056,44.795,157.557,496294
-118.871,45.338,156.679,496315
-119.083,45.776,155.495,496336
-119.362,46.248,154.230,496357
-119.533,46.382,153.053,496378
-119.892,46.661,151.736,496399
-120.172,46.782,150.455,496420
-120.564,46.931,149.094,496441
-120.614,47.243,147.963,496462
-120.649,47.465,146.848,496483
-120.636,47.626,145.751,496504
-120.804,47.775,144.512,496525
-121.131,47.886,143.116,496546
-121.277,47.928,141.861,496567
-121.428,47.503,140.590,496588
-121.544,47.049,139.355,496609
-121.657,46.630,138.118,496630
-121.975,46.275,136.708,496651
-121.970,45.871,135.502,496672
-122.170,45.487,134.157,496693
-122.281,45.502,132.886,496714
-122.448,45.553,131.572,496735
-122.429,45.480,130.391,496756
-122.800,45.301,128.960,496777
-122.742,45.312,127.853,496798
-122.569,45.137,126.810,496819
-122.803,45.252,125.478,496840
-122.626,45.125,124.416,496861
-122.591,44.897,123.232,496882
-122.484,44.706,122.123,496903
-122.769,44.749,120.729,496924
-123.072,44.824,119.315,496945
-123.207,45.064,118.022,496966
-123.446,45.244,116.660,496987
-123.338,45.038,115.516,497008
-123.303,45.256,114.324,497029
-123.294,45.468,113.106,497050
-123.007,45.437,112.071,497071
-123.238,45.593,110.679,497092
-122.986,45.748,109.623,497113
-122.696,45.732,108.599,497134
-122.902,45.801,107.221,497155
-123.081,45.754,105.841,497176
-123.190,45.682,104.536,497197
-122.950,45.522,103.455,497218
-123.010,45.397,102.175,497239
-122.695,45.342,101.164,497260
-122.391,45.407,100.152,497281
-122.113,45.294,99.128,497302
-121.897,45.136,98.065,497323
-122.124,45.226,96.718,497345
-122.295,45.396,95.420,497366
-122.402,45.625,94.170,497387
-122.474,45.868,92.944,497408
-122.498,46.127,91.771,497429
-122.412,46.350,90.683,497450
-122.576,46.284,89.446,497471
-122.330,46.119,88.502,497492
-122.264,46.378,87.489,497513
-121.940,46.304,86.654,497534
-121.854,46.145,85.667,497555
-123.109,46.937,84.418,497576
-124.527,47.585,82.821,497597
-125.382,48.104,81.605,497618
-126.726,48.683,79.971,497639
-127.477,49.280,78.765,497660
-128.529,49.622,77.291,497681
-129.168,50.179,76.097,497702
-129.490,50.486,75.110,497723
-130.320,50.901,73.706,497744
-130.743,50.966,72.600,497765
-131.330,51.022,71.372,497786
-131.604,50.939,70.393,497807
-131.562,50.873,69.624,497828
-131.409,50.689,68.909,497849
-131.327,50.704,68.117,497870
-131.089,50.599,67.406,497891
-130.644,50.214,66.852,497912
-130.323,50.048,66.150,497933
-130.275,49.659,65.222,497954
-130.035,49.113,64.429,497975
-129.672,48.538,63.731,497996
-129.369,48.339,62.898,498017
-128.851,47.835,62.245,498038
-128.504,47.663,61.459,498059
-127.978,47.433,60.794,498080
-127.511,46.867,60.052,498101
-127.274,46.710,59.124,498122
-126.510,46.369,58.520,498143
-125.817,46.280,57.877,498164
-125.162,45.905,57.188,498185
-124.729,45.620,56.313,498206
-124.391,45.450,55.364,498227
-123.597,45.196,54.722,498248
-122.745,45.037,54.128,498269
-122.344,45.222,53.194,498290
-121.828,45.514,52.321,498311
-121.105,45.468,51.602,498332
-120.642,45.813,50.717,498353
-120.545,45.997,49.537,498374
-120.554,46.208,48.283,498395
-120.191,46.295,47.272,498416
-120.094,46.316,46.056,498437
-119.899,46.528,44.894,498458
-119.867,46.870,43.600,498479
-119.806,47.057,42.308,498500
-120.071,47.007,40.769,498521
-120.443,46.945,39.181,498542
-121.030,47.233,37.417,498563
-121.518,47.522,35.743,498584
-121.807,47.365,34.256,498605
-122.422,47.397,32.544,498626
-123.034,47.305,30.814,498647
-123.270,47.105,29.347,498668
-123.646,46.837,27.785,498689
-124.331,46.729,25.963,498710
-124.764,46.826,24.306,498731
-125.001,46.601,22.787,498752
-125.762,46.417,20.884,498773
-126.387,46.426,19.096,498794
-126.723,45.981,17.514,498815
-127.170,45.527,15.843,498836
-127.227,45.346,14.453,498857
-127.328,45.244,13.031,498878
-127.601,45.233,11.475,498899
-127.821,45.249,9.954,498920
-128.019,44.858,8.477,498941
-127.887,44.753,7.255,498962
-128.151,44.871,5.738,498983
-128.270,44.631,4.324,499004
-128.352,44.402,2.926,499025
-128.556,44.301,1.431,499046
-128.799,44.257,359.914,499067
-128.602,44.408,358.682,499088
-128.850,44.555,357.125,499109
-128.891,44.940,355.703,499130
-129.064,45.158,354.195,499151
-128.713,45.433,353.043,499172
-128.404,45.475,351.870,499193
-128.450,45.698,350.403,499214
-128.011,46.010,349.290,499235
-127.591,46.119,348.129,499256
-127.131,46.381,347.024,499277
-126.990,46.875,345.672,499298
-127.124,47.150,344.097,499319
-127.260,47.386,342.514,499340
-127.401,47.641,340.917,499361
-127.787,47.278,340.146,499382
-128.046,46.858,339.440,499403
-128.177,46.427,338.777,499424
-128.100,46.004,338.260,499445
-128.021,45.588,337.719,499466
-127.768,45.376,337.298,499487
-127.617,45.337,336.795,499508
-127.829,45.167,336.036,499529
-127.798,45.221,335.447,499550
-127.745,45.303,334.868,499571
-127.392,45.212,334.484,499592
-127.480,45.125,333.746,499613
-127.470,44.721,333.281,499634
-127.005,44.491,333.104,499655
-126.559,44.177,332.910,499676
-126.555,44.212,332.422,499697
-126.087,44.225,332.275,499718
-126.138,44.292,331.796,499739
-126.013,44.294,331.507,499760
-125.730,43.903,331.332,499781
-125.864,43.755,330.853,499802
-126.000,43.724,330.375,499823
-125.628,43.679,330.241,499844
-125.205,43.571,330.128,499865
-124.770,43.416,330.000,499886
-124.279,43.510,329.905,499907
-124.238,43.855,329.523,499928
-123.739,44.065,329.470,499949
-123.758,44.138,329.079,499970
-123.763,44.309,328.687,499991
-123.755,44.401,328.288,500012
-123.754,44.491,327.892,500033
-123.417,44.372,327.716,500054
-123.008,44.443,327.557,500075
-122.667,44.511,327.340,500096
-122.559,44.754,326.921,500117
-122.803,44.780,326.243,500138
-122.664,44.930,325.834,500159
-122.931,45.029,325.118,500180
-123.231,45.130,324.348,500201
-123.597,44.955,323.535,500222
-123.714,44.653,322.909,500243
-123.669,44.484,322.366,500264
-123.686,44.207,321.774,500285
-123.711,43.915,321.179,500306
-123.724,44.020,320.621,500327
-123.993,44.105,319.942,500348
-124.272,44.130,319.250,500369
-124.368,44.365,318.702,500390
-124.497,44.408,318.160,500411
-124.157,44.544,317.956,500432
-124.158,44.503,317.534,500453
-124.008,44.400,317.231,500474
-123.548,44.567,317.122,500495
-123.053,44.773,317.030,500516
-122.609,44.988,316.910,500537
-122.245,45.249,316.735,500558
-121.886,45.473,316.565,500579
-121.533,45.671,316.387,500600
-121.651,45.710,315.866,500621
-121.786,45.874,315.335,500642
-121.930,45.986,314.792,500663
-121.598,45.999,314.580,500684
-121.317,45.950,314.308,500705
-121.135,45.864,313.942,500726
-120.899,46.099,313.587,500747
-120.851,46.486,313.096,500768
-121.040,46.843,312.425,500789
-121.280,47.189,311.699,500810
-121.219,47.142,311.157,500831
-121.215,47.496,310.540,500852
-121.259,47.378,309.871,500873
-121.116,47.275,309.326,500894
-120.952,47.291,308.750,500915
-120.839,47.227,308.087,500936
-120.852,47.242,307.309,500957
-121.262,47.069,306.197,500978
-121.681,47.052,305.050,500999
-121.975,46.622,303.958,501020
-122.388,46.269,302.735,501041
-122.713,45.866,301.557,501062
-122.924,45.434,300.438,501083
-122.850,45.225,299.487,501104
-122.817,45.054,298.499,501125
-123.113,44.714,297.269,501146
-123.092,44.657,296.240,501167
-123.259,44.658,295.068,501188
-123.407,44.653,293.868,501209
-123.707,44.269,292.539,501230
-123.794,43.910,291.351,501251
-123.966,43.518,290.093,501272
-124.359,43.324,288.664,501293
-124.360,43.059,287.475,501314
-124.387,43.119,286.256,501335
-124.409,43.228,284.992,501356
-124.780,43.146,283.474,501377
-125.087,43.119,281.984,501398
-125.420,43.048,280.436,501419
-125.378,42.781,279.126,501440
-125.617,42.619,277.603,501461
-125.798,42.470,276.067,501482
-126.066,42.428,274.408,501503
-125.855,42.441,273.040,501524
-125.655,42.535,271.653,501545
-125.405,42.632,270.287,501566
-125.233,42.869,268.846,501587
-125.353,42.973,267.193,501608
-125.325,42.886,265.624,501629
-124.974,42.757,264.228,501650
-124.573,42.651,262.826,501671
-124.110,42.764,261.403,501692
-124.085,42.783,259.674,501713
-123.896,43.104,258.012,501734
-123.696,43.420,256.318,501755
-123.363,43.722,254.706,501776
-123.283,44.001,252.916,501797
-122.929,43.889,251.292,501818
-122.686,43.834,249.628,501839
-122.286,43.720,248.089,501860
-121.930,43.584,246.509,501881
-121.769,43.566,244.828,501902
-121.214,43.484,243.400,501923
-120.720,43.684,241.947,501944
-120.425,43.951,240.349,501965
-120.326,43.940,238.634,501986
-120.258,43.916,236.904,502007
-120.223,44.042,235.154,502028
-120.128,43.885,233.478,502049
-119.803,43.875,231.951,502070
-119.927,44.117,230.118,502091
-119.879,44.336,228.446,502112
-119.796,44.476,226.791,502133
-120.147,44.567,224.828,502154
-120.051,44.543,223.201,502175
-120.150,44.802,221.463,502196
-120.548,44.749,219.528,502217
-120.686,44.679,217.792,502238
-120.827,44.709,216.066,502259
-121.312,44.702,214.124,502280
-121.593,44.687,212.360,502301
-122.234,44.734,210.359,502322
-122.968,44.939,208.310,502343
-123.501,45.223,206.397,502364
-124.352,45.394,204.263,502385
-124.864,45.550,202.369,502406
-125.716,45.382,200.237,502427
-126.433,45.064,198.178,502448
-126.787,44.932,196.317,502469
-127.488,44.947,194.199,502490
-128.133,44.528,192.096,502511
-128.421,44.105,190.226,502532
-128.671,43.867,188.339,502553
-128.865,43.622,186.448,502574
-129.452,43.519,184.262,502595
-130.012,43.189,182.035,502616
-130.868,42.271,181.429,502637
-131.455,41.383,180.899,502658
-132.070,40.258,180.275,502679
-132.836,39.514,179.466,502700
-133.020,38.591,178.965,502721
-133.046,38.119,178.517,502742
-132.989,37.838,178.081,502763
-132.946,37.730,177.585,502784
-132.900,37.577,177.059,502805
-132.345,37.683,176.822,502826
-131.972,37.638,176.445,502847
-131.549,37.694,176.069,502868
-130.805,37.829,175.845,502889
-130.225,38.002,175.498,502910
-129.725,38.296,175.074,502931
-129.237,39.037,174.648,502952
-128.526,39.766,174.326,502973
-127.703,40.458,174.079,502994
-127.371,41.069,173.816,503015
-126.771,41.708,173.702,503036
-126.036,42.042,173.642,503057
-125.321,42.518,173.568,503078
-124.599,42.950,173.528,503099
-124.369,43.514,173.155,503120
-123.775,44.255,173.033,503141
-123.124,44.828,172.945,503162
-122.967,45.361,172.492,503183
-122.741,46.072,172.081,503204
-122.660,46.644,171.548,503225
-122.258,47.272,171.261,503246
-122.150,47.517,170.739,503267
-122.009,47.684,170.203,503288
-121.557,47.789,169.895,503309
-121.205,47.790,169.524,503330
-120.785,47.942,169.223,503351
-120.580,47.809,168.753,503372
-120.533,48.071,168.140,503393
-120.244,48.115,167.728,503414
-120.383,47.966,167.024,503435
-120.311,47.741,166.461,503456
-120.402,47.588,165.797,503477
-120.428,47.454,165.201,503498
-120.201,47.515,164.788,503519
-120.550,47.597,163.962,503540
-120.427,47.708,163.490,503561
-120.670,47.574,162.750,503582
-120.730,47.773,162.144,503603
-120.964,47.835,161.423,503624
-121.159,47.916,160.744,503645
-121.048,48.089,160.328,503666
-121.093,47.934,159.782,503687
-121.183,47.861,159.233,503708
-120.793,47.634,159.046,503729
-120.755,47.377,158.599,503750
-120.838,47.432,158.050,503771
-120.674,47.489,157.664,503792
-120.409,47.447,157.356,503813
-120.590,47.430,156.719,503834
-120.365,47.057,156.389,503855
-120.164,46.685,156.056,503876
-120.276,46.346,155.472,503897
-120.160,45.961,155.043,503918
-120.327,45.666,154.423,503939
-120.275,45.703,153.942,503960
-120.091,45.488,153.554,503981
-120.064,45.575,153.049,504002
-120.411,45.570,152.244,504023
-120.740,45.743,151.471,504044
-121.081,45.940,150.680,504065
-121.476,45.850,149.894,504086
-121.677,45.662,149.242,504107
-122.255,45.646,148.348,504128
-122.364,45.628,147.765,504150
-122.940,45.760,146.827,504171
-123.122,45.719,146.154,504192
-123.418,45.852,145.397,504213
-124.003,46.049,144.450,504234
-124.666,45.981,143.438,504255
-125.292,45.969,142.481,504276
-125.527,45.775,141.793,504297
-125.807,46.044,141.049,504318
-125.888,45.884,140.474,504339
-125.800,45.815,139.965,504360
-125.732,46.019,139.445,504381
-125.576,46.209,138.996,504402
-125.513,46.523,138.464,504423
-125.690,46.578,137.761,504444
-125.856,46.772,137.071,504465
-125.431,46.823,136.802,504486
-125.064,46.747,136.475,504507
-124.942,46.660,135.975,504528
-124.957,46.745,135.351,504549
-124.497,46.862,135.067,504570
-123.987,46.771,134.839,504591
-123.645,46.978,134.469,504612
-123.170,47.108,134.205,504633
-123.090,47.129,133.660,504654
-123.021,47.180,133.103,504675
-122.771,47.298,132.680,504696
-122.536,47.020,132.224,504717
-122.196,46.667,131.842,504738
-122.186,46.454,131.225,504759
-122.038,46.090,130.719,504780
-121.592,45.922,130.470,504801
-121.161,45.763,130.206,504822
-120.758,45.679,129.935,504843
-120.836,45.614,129.357,504864
-120.606,45.772,128.996,504885
-120.729,45.734,128.393,504906
-120.726,45.578,127.913,504927
-120.417,45.615,127.696,504948
-120.466,45.561,127.257,504969
-120.211,45.763,127.058,504990
-120.004,46.015,126.827,505011
-119.743,46.202,126.655,505032
-120.026,46.374,126.076,505053
-120.091,46.725,125.663,505074
-120.103,47.025,125.315,505095
-120.311,46.928,124.841,505116
-120.563,46.825,124.347,505137
-120.410,46.833,124.133,505158
-120.523,46.992,123.695,505179
-120.519,47.030,123.307,505200
-120.768,46.695,122.748,505221
-121.224,46.517,122.019,505242
-121.237,46.182,121.634,505263
-121.773,45.992,120.878,505284
-122.360,45.914,120.105,505305
-123.003,45.846,119.257,505326
-123.414,45.454,118.575,505347
-123.660,45.331,118.002,505368
-123.997,45.265,117.346,505389
-124.295,45.098,116.700,505410
-124.569,45.001,116.069,505431
-124.832,44.701,115.421,505452
-125.377,44.471,114.569,505473
-125.650,44.624,113.902,505494
-125.962,44.431,113.180,505515
-126.197,44.253,112.520,505536
-126.256,44.501,111.964,505557
-126.372,44.386,111.371,505578
-126.253,44.654,110.928,505599
-126.217,45.026,110.457,505620
-126.418,45.352,109.819,505641
-126.630,45.723,109.171,505662
-126.645,46.253,108.665,505683
-126.584,46.416,108.205,505704
-126.542,46.662,107.724,505725
-126.640,47.029,107.131,505746
-126.230,47.419,106.899,505767
-125.880,48.025,106.574,505788
-125.449,48.287,106.294,505809
-124.936,48.812,106.056,505830
-124.683,49.421,105.627,505851
-124.295,49.992,105.279,505872
-124.145,50.577,104.736,505893
-123.993,51.148,104.203,505914
-124.045,51.340,103.501,505935
-123.756,51.665,103.016,505956
-123.536,51.854,102.436,505977
-124.009,52.074,101.255,505998
-124.360,52.044,100.133,506019
-124.560,52.295,99.075,506040
-124.823,52.480,97.915,506061
-125.496,52.347,96.421,506082
-126.132,52.151,94.934,506103
-126.799,52.023,93.393,506124
-127.520,51.961,91.772,506145
-128.102,51.688,90.252,506166
-128.645,51.377,88.741,506187
-129.217,51.346,87.204,506208
-129.459,51.146,85.871,506229
-129.672,50.832,84.538,506250
-130.012,50.588,83.060,506271
-130.610,49.726,82.696,506292
-131.474,49.075,82.031,506313
-132.221,48.048,81.326,506334
-132.781,47.066,80.695,506355
-133.297,46.143,80.029,506376
-133.416,45.380,79.574,506397
-133.493,44.648,79.095,506418
-133.615,43.947,78.574,506439
-133.496,43.437,78.181,506460
-133.216,43.240,77.864,506481
-132.948,43.250,77.517,506502
-132.446,43.265,77.295,506523
-132.216,43.134,76.855,506544
-131.965,43.202,76.394,506565
-131.193,43.273,76.233,506586
-130.414,43.228,76.055,506607
-129.734,43.624,75.759,506628
-129.154,44.168,75.319,506649
-128.755,44.594,74.728,506670
-128.353,45.195,74.103,506692
-127.863,45.707,73.513,506713
-127.302,46.216,72.949,506734
-126.750,46.776,72.344,506755
-125.890,47.632,71.932,506776
-125.095,48.577,71.416,506797
-124.214,49.453,70.950,506818
-123.352,50.390,70.416,506839
-122.525,51.314,69.823,506860
-121.725,52.242,69.165,506881
-120.971,53.132,68.420,506902
-120.366,53.642,67.495,506923
-120.104,54.330,66.250,506944
-119.881,54.991,64.953,506965
-119.128,55.403,64.106,506986
-118.467,55.922,63.178,507007
-118.439,56.444,61.707,507028
-117.861,56.681,60.696,507049
-117.556,57.064,59.430,507070
-117.584,56.982,57.888,507091
-117.809,56.836,56.224,507112
-117.871,56.927,54.728,507133
-118.083,56.512,53.110,507154
-118.282,55.980,51.518,507175
-118.251,55.442,50.132,507196
-118.478,54.708,48.526,507217
-118.502,54.127,47.072,507238
-119.013,53.296,45.221,507259
-119.436,52.338,43.458,507280
-120.048,51.613,41.537,507301
-120.648,50.731,39.634,507322
-121.271,49.784,37.726,507343
-121.855,48.778,35.890,507364
-122.414,47.768,34.100,507385
-123.016,46.789,32.290,507406
-123.164,45.867,30.831,507427
-123.839,45.069,29.003,507448
-124.543,44.182,27.195,507469
-124.809,43.314,25.700,507490
-125.159,42.401,24.156,507511
-125.525,41.867,22.603,507532
-126.163,41.172,20.907,507553
-126.500,40.550,19.415,507574
-126.765,40.041,17.950,507595
-126.983,39.934,16.524,507616
-127.186,39.950,15.135,507637
-127.430,39.744,13.728,507658
-127.684,40.074,12.333,507679
-128.150,40.339,10.791,507700
-128.548,40.744,9.292,507721
-128.765,40.958,7.920,507742
-128.669,41.210,6.767,507763
-128.464,41.565,5.676,507784
-128.509,41.994,4.426,507805
-128.387,42.819,3.263,507826
-128.171,43.658,2.198,507847
-128.304,44.430,0.905,507868
-128.115,45.321,359.823,507889
-128.218,46.137,358.529,507910
-127.910,46.979,357.508,507931
-127.557,47.766,356.506,507952
-127.425,48.213,355.344,507973
-127.176,48.466,354.846,507994
-126.907,48.475,354.358,508015
-126.625,48.409,353.852,508036
-126.498,48.292,353.241,508057
-126.436,48.157,352.590,508078
-126.497,48.126,351.833,508099
-126.044,48.172,351.494,508120
-126.024,48.161,350.804,508141
-125.948,48.034,350.162,508162
-125.456,47.964,349.853,508183
-125.094,47.524,349.453,508204
-124.643,47.069,349.116,508225
-124.408,47.014,348.617,508246
-123.948,46.533,348.284,508267
-123.874,46.172,347.688,508288
-123.743,45.737,347.120,508309
-123.565,45.656,346.619,508330
-123.106,45.479,346.327,508351
-123.071,45.284,345.744,508372
-122.618,45.108,345.471,508393
-122.146,44.899,345.212,508414
-121.673,44.675,344.962,508435
-121.290,44.646,344.659,508456
-121.064,44.772,344.269,508477
-121.014,44.791,343.738,508498
-120.479,44.792,343.533,508519
-120.462,44.873,343.001,508540
-120.394,44.928,342.496,508561
-120.299,44.971,342.008,508582
-119.910,44.978,341.747,508603
-119.537,45.017,341.475,508624
-119.392,45.474,341.032,508645
-119.027,45.756,340.713,508666
-118.819,45.789,340.222,508687
-118.595,46.054,339.753,508708
-118.866,46.493,338.895,508729
-118.829,46.841,338.261,508750
-118.872,47.171,337.517,508771
-119.213,47.204,336.535,508792
-119.089,47.366,335.863,508813
-118.939,47.369,335.178,508834
-118.823,47.164,334.477,508855
-119.046,47.363,333.486,508876
-119.279,47.313,332.483,508897
-119.460,47.228,331.492,508918
-119.660,47.276,330.485,508939
-119.678,47.432,329.566,508960
-119.611,47.119,328.694,508981
-119.461,46.806,327.840,509002
-119.260,46.580,327.010,509023
-119.051,46.278,326.168,509044
-119.335,45.936,324.980,509065
-119.435,45.900,323.886,509086
-119.749,45.780,322.617,509107
-119.626,45.335,321.633,509128
-119.541,44.858,320.578,509149
-119.629,44.378,319.374,509170
-119.756,43.923,318.123,509191
-120.143,43.634,316.685,509212
-120.157,43.253,315.500,509233
-120.161,43.160,314.302,509254
-120.445,43.174,312.885,509275
-120.645,42.739,311.489,509296
-121.088,42.424,309.880,509317
-121.443,42.014,308.317,509338
-121.941,41.918,306.649,509359
-122.343,41.498,305.034,509380
-122.686,41.475,303.404,509401
-122.803,41.367,301.921,509422
-122.872,41.235,300.455,509443
-122.911,41.090,299.004,509464
-123.295,40.877,297.283,509485
-123.349,40.917,295.769,509506
-123.767,40.870,293.976,509527
-124.210,41.144,292.145,509548
-124.556,41.130,290.384,509569
-124.964,41.178,288.567,509590
-125.093,41.133,286.925,509611
-125.218,41.098,285.265,509632
-125.548,41.465,283.465,509653
-125.449,41.698,281.948,509674
-125.434,42.058,280.362,509695
-125.681,42.520,278.589,509716
-125.917,42.574,276.805,509737
-126.058,43.012,275.091,509758
-126.499,43.234,273.156,509779
-126.895,43.336,271.234,509800
-127.154,43.345,269.404,509821
-127.309,43.279,267.648,509842
-127.063,43.410,266.157,509863
-126.729,43.436,264.748,509884
-126.784,43.429,263.058,509905
-126.702,43.329,261.460,509926
-126.613,43.245,259.880,509947
-126.302,43.065,258.472,509968
-125.868,43.275,257.137,509989
-125.246,43.297,255.919,510010
-124.632,43.442,254.687,510031
-124.082,43.684,253.424,510052
-123.541,43.963,252.154,510073
-123.058,44.287,250.843,510094
-122.361,44.559,249.693,510115
-122.120,44.784,248.265,510136
-121.819,44.890,246.898,510157
-121.624,45.059,245.482,510178
-121.463,45.258,244.066,510199
-121.384,45.509,242.607,510220
-121.339,45.753,241.132,510241
-121.070,46.340,239.821,510262
-120.764,46.835,238.558,510283
-120.650,47.005,237.188,510304
-120.840,47.443,235.645,510325
-119.175,48.054,235.704,510346
-117.431,48.805,235.780,510367
-115.486,49.272,236.044,510388
-113.614,49.580,236.215,510409
-111.941,49.986,236.226,510430
-110.467,50.410,236.061,510451
-109.018,50.579,235.835,510472
-107.662,50.661,235.502,510493
-106.589,50.920,234.957,510514
-106.020,50.997,234.023,510535
-105.562,51.118,233.020,510556
-105.020,50.925,232.095,510577
-104.493,50.675,231.125,510598
-104.367,50.464,229.839,510619
-104.043,50.142,228.690,510640
-104.424,49.760,229.242,510661
-104.455,49.500,229.901,510682
-104.636,49.204,230.255,510703
-104.949,48.839,230.325,510724
-105.597,48.667,230.001,510745
-105.166,48.600,230.092,510766
-104.607,48.290,230.149,510787
-103.945,48.163,230.212,510808
-103.944,48.041,229.760,510829
-103.580,47.937,230.048,510850
-103.329,47.726,230.128,510871
-103.245,47.509,230.013,510892
-103.315,47.439,229.665,510913
-103.728,47.422,228.993,510934
-104.475,47.184,228.341,510955
-105.275,47.022,227.559,510976
-105.860,46.523,226.795,510997
-106.854,46.268,225.634,511018
-107.781,46.035,224.610,511039
-108.604,45.636,223.650,511060
-109.499,45.296,222.603,511081
-110.117,45.135,221.713,511102
-111.004,45.197,220.593,511123
-111.732,45.073,219.549,511144
-112.682,45.069,218.280,511165
-113.873,44.779,216.817,511186
-115.130,44.545,215.268,511207
-116.316,44.153,213.733,511228
-117.571,43.841,212.125,511249
-118.834,43.513,210.472,511270
-120.098,43.301,208.773,511291
-120.942,43.074,207.349,511312
-122.168,42.880,205.655,511333
-123.346,42.717,203.978,511354
-124.432,42.382,202.361,511375
-125.414,42.043,200.806,511396
-125.958,41.715,199.543,511417
-126.845,41.652,198.054,511438
-127.593,41.557,196.642,511459
-127.844,41.621,195.524,511480
-128.012,41.772,194.479,511501
-128.571,42.114,193.152,511522
-128.660,42.429,192.148,511543
-128.827,42.860,191.070,511564
-129.024,42.943,189.959,511585
-129.306,43.193,188.785,511606
-129.254,43.313,187.853,511627
-128.954,43.632,187.082,511648
-128.874,44.211,186.171,511669
-128.796,44.819,185.283,511690
-128.474,45.391,184.544,511711
-128.173,46.013,183.797,511732
-128.138,46.406,182.892,511753
-127.578,46.827,182.352,511774
-127.473,47.400,181.499,511795
-126.832,47.681,181.037,511816
-126.400,47.800,180.420,511837
-125.885,47.884,179.889,511858
-125.663,48.082,179.147,511879
-124.960,48.227,178.763,511900
-124.248,48.356,178.375,511921
-124.033,48.339,177.623,511942
-123.813,48.416,176.879,511963
-123.671,48.328,176.089,511984
-123.333,47.963,175.457,512005
-122.903,47.936,174.915,512026
-122.658,47.510,174.269,512047
-122.663,47.315,173.452,512068
-122.127,47.049,173.051,512089
-121.630,46.758,172.631,512110
-121.260,46.612,172.125,512131
-120.843,46.305,171.671,512152
-120.810,46.214,170.963,512173
-120.884,45.792,170.186,512194
-120.910,45.320,169.442,512215
-121.138,45.165,168.561,512236
-120.946,44.906,167.995,512257
-120.773,44.623,167.435,512278
-120.743,44.595,166.754,512299
-120.793,44.212,166.039,512320
-120.835,44.241,165.353,512341
-121.248,44.073,164.398,512362
-121.711,44.022,163.406,512383
-122.185,43.917,162.402,512404
-122.224,43.987,161.720,512425
-122.422,44.247,160.949,512446
-122.666,44.556,160.146,512467
-122.729,44.798,159.492,512488
-122.656,44.912,158.933,512509
-122.808,44.899,158.207,512530
-122.955,45.329,157.481,512551
-122.814,45.434,156.979,512572
-123.012,45.566,156.235,512593
-123.247,45.948,155.469,512614
-123.068,45.992,155.014,512635
-122.996,46.060,154.495,512656
-122.619,46.142,154.195,512677
-122.699,46.462,153.555,512698
-122.473,46.848,153.133,512719
-122.026,47.031,152.868,512740
-121.789,47.346,152.440,512761
-121.584,47.640,151.966,512782
-121.527,47.572,151.397,512803
-121.243,47.387,151.014,512824
-120.704,47.396,150.836,512845
-120.668,47.306,150.288,512866
-120.468,47.462,149.845,512887
-119.922,47.359,149.648,512908
-119.377,47.167,149.455,512929
-118.869,47.013,149.222,512950
-118.716,46.553,148.725,512971
-118.695,46.486,148.147,512992
-118.640,46.025,147.577,513013
-118.683,45.619,146.963,513034
-118.839,45.274,146.267,513055
-118.847,45.249,145.666,513076
-119.173,45.020,144.852,513097
-119.112,44.905,144.324,513118
-119.479,44.979,143.469,513139
-119.523,44.941,142.832,513160
-120.072,44.873,141.850,513181
-120.453,44.584,141.003,513202
-120.491,44.527,140.396,513223
-120.578,44.332,139.767,513244
-120.781,44.127,139.076,513265
-120.947,44.001,138.437,513286
-121.162,44.324,137.746,513307
-121.171,44.482,137.214,513328
-121.157,44.662,136.729,513349
-121.117,44.743,136.277,513370
-121.509,45.139,135.502,513391
-121.825,45.597,134.766,513412
-122.242,45.832,133.974,513433
-122.573,45.993,133.213,513454
-122.732,46.046,132.567,513475
-122.586,46.422,132.166,513496
-122.872,46.779,131.471,513517
-122.988,46.901,130.932,513538
-122.726,47.225,130.698,513559
-122.517,47.641,130.419,513580
-122.631,47.782,129.917,513601
-122.795,48.117,129.371,513622
-122.657,48.014,129.036,513643
-122.844,48.108,128.429,513664
-122.511,48.004,128.180,513685
-122.165,47.844,127.922,513706
-121.772,47.831,127.732,513727
-121.416,47.634,127.494,513748
-121.545,47.690,126.896,513769
-121.245,47.661,126.611,513790
-121.324,47.777,126.019,513811
-121.311,47.927,125.492,513832
-121.407,47.749,124.892,513853
-121.407,47.511,124.344,513874
-121.508,47.318,123.692,513895
-121.235,47.252,123.265,513916
-121.430,47.106,122.466,513937
-121.710,47.007,121.554,513958
-121.728,47.181,120.807,513979
-121.501,46.975,120.233,514000
-121.492,47.152,119.462,514021
-121.576,46.938,118.641,514042
-121.835,46.995,117.651,514063
-122.101,46.903,116.642,514084
-121.856,46.798,115.964,514105
-121.648,46.639,115.229,514126
-121.640,46.809,114.314,514147
-121.728,47.017,113.311,514168
-121.601,47.026,112.423,514189
-121.828,47.231,111.249,514210
-121.779,47.099,110.231,514231
-122.245,47.117,108.814,514252
-122.664,47.017,107.424,514273
-123.041,46.885,106.001,514294
-122.976,46.718,104.903,514315
-123.386,46.892,103.402,514336
-123.454,46.938,102.146,514357
-123.856,46.727,100.630,514378
-124.463,46.636,98.906,514399
-124.885,46.794,97.265,514420
-125.245,46.552,95.625,514441
-125.659,46.324,93.913,514462
-126.215,46.296,92.063,514483
-126.234,46.266,90.567,514504
-126.618,46.047,88.785,514525
-126.570,45.932,87.308,514546
-127.026,45.959,85.434,514567
-127.188,46.101,83.765,514588
-127.066,46.016,82.312,514609
-127.059,46.097,80.740,514630
-127.342,46.268,78.955,514651
-127.279,46.357,77.391,514672
-127.496,46.265,75.605,514693
-127.468,46.157,73.957,514714
-127.244,46.212,72.444,514735
-127.522,46.355,70.558,514756
-127.614,46.365,68.791,514777
-127.703,46.790,67.051,514798
-127.638,47.105,65.416,514819
-127.946,47.539,63.500,514840
-128.255,47.653,61.559,514861
-128.437,47.693,59.723,514882
-128.509,47.699,57.916,514903
-128.763,47.832,55.987,514924
-128.629,48.128,54.324,514945
-128.345,48.131,52.777,514966
-128.167,48.283,51.142,514987
-128.420,48.475,49.214,515008
-128.644,48.357,47.322,515029
-128.420,48.152,45.751,515050
-128.444,47.893,44.002,515071
-128.643,47.821,42.120,515092
-128.519,47.493,40.455,515113
-128.503,47.155,38.731,515134
-128.138,46.927,37.268,515155
-127.846,46.828,35.753,515176
-127.964,46.830,33.996,515197
-127.696,46.759,32.518,515218
-127.890,46.686,30.726,515239
-128.053,46.544,28.983,515260
-128.153,46.309,27.335,515281
-128.240,46.073,25.734,515302
-128.195,45.775,24.213,515323
-127.887,45.821,22.911,515344
-128.015,45.891,21.320,515365
-127.608,45.819,20.139,515386
-127.668,45.718,18.637,515407
-127.338,45.875,17.422,515428
-127.259,45.765,16.039,515449
-126.751,45.784,14.949,515470
-126.542,45.626,13.649,515491
-127.023,44.707,13.438,515512
-127.410,43.713,13.064,515533
-127.576,42.742,12.828,515554
-127.481,42.060,12.747,515575
-127.645,41.278,12.446,515596
-127.778,40.965,12.127,515617
-127.587,40.651,11.994,515638
-127.378,40.446,11.844,515659
-127.479,40.197,11.477,515680
-127.341,40.218,11.247,515701
-126.852,40.124,11.235,515722
-126.338,40.079,11.245,515743
-125.789,40.189,11.238,515764
-125.302,40.411,11.178,515785
-125.038,39.939,11.197,515806
-124.991,39.955,11.045,515827
-124.960,39.898,10.843,515848
-124.919,39.999,10.608,515869
-124.726,39.918,10.462,515890
-124.254,40.042,10.491,515911
-124.031,40.125,10.478,515932
-123.960,39.906,10.381,515953
-123.677,40.075,10.410,515974
-123.582,39.940,10.299,515995
-123.396,40.020,10.350,516016
-123.053,39.887,10.498,516037
-123.144,39.931,10.367,516058
-123.230,40.091,10.345,516079
-123.173,40.440,10.438,516100
-123.190,40.367,10.542,516121
-122.982,40.704,10.748,516142
-122.689,40.901,11.011,516163
-122.513,41.355,11.200,516184
-122.573,41.834,11.207,516205
-122.447,42.256,11.358,516226
-122.657,42.470,11.266,516247
-122.845,42.734,11.169,516268
-123.051,43.108,11.034,516289
-122.907,43.188,11.132,516310
-122.638,43.487,11.291,516331
-122.368,43.717,11.415,516352
-122.129,43.899,11.470,516373
-121.876,44.145,11.521,516394
-121.739,44.605,11.482,516415
-121.732,45.108,11.319,516436
-121.856,45.566,11.052,516457
-121.942,45.699,10.786,516478
-122.106,46.071,10.439,516499
-122.257,46.317,10.087,516520
-122.146,46.338,9.926,516541
-121.794,46.408,9.908,516562
-121.444,46.460,9.860,516583
-121.190,46.456,9.735,516604
-120.973,46.717,9.559,516625
-120.816,46.930,9.316,516646
-121.061,47.071,8.768,516667
-121.340,47.071,8.156,516688
-121.122,46.979,7.906,516709
-121.058,46.694,7.522,516730
-120.904,46.609,7.194,516751
-121.235,46.404,6.505,516772
-121.254,46.054,6.004,516793
-121.232,46.040,5.537,516814
-121.419,46.113,4.944,516835
-121.880,45.904,4.120,516856
-122.275,46.006,3.312,516877
-122.806,45.973,2.402,516898
-122.855,45.826,1.839,516919
-123.242,45.951,1.033,516940
-123.770,45.758,0.136,516961
-123.853,45.605,359.589,516982
-124.147,45.377,358.880,517003
-124.638,45.329,358.018,517024
-124.665,45.416,357.483,517045
-124.713,45.600,356.891,517066
-125.071,45.580,356.061,517087
-125.401,45.577,355.249,517108
-125.529,45.910,354.547,517129
-125.949,45.995,353.626,517150
-126.153,45.912,352.837,517171
-126.151,46.086,352.128,517192
-126.410,46.412,351.198,517213
-126.371,46.418,350.444,517234
-126.855,46.485,349.255,517255
-127.033,46.757,348.269,517276
-127.035,46.945,347.378,517297
-127.020,46.864,346.465,517318
-127.465,47.013,345.196,517339
-127.738,46.939,344.037,517360
-127.720,46.781,343.073,517381
-127.528,46.866,342.195,517402
-127.581,46.686,341.119,517423
-127.659,46.473,339.973,517444
-127.875,46.409,338.709,517465
-127.817,46.546,337.598,517486
-127.930,46.364,336.362,517507
-128.049,46.183,335.088,517528
-127.722,46.021,334.079,517549
-127.463,45.966,333.009,517570
-127.183,45.728,331.955,517591
-127.395,45.605,330.527,517612
-127.080,45.494,329.406,517633
-127.047,45.623,328.067,517654
-127.220,45.513,326.552,517675
-126.933,45.496,325.336,517696
-127.112,45.446,323.752,517717
-127.160,45.176,322.222,517738
-127.301,44.978,320.601,517759
-127.445,44.839,318.975,517780
-127.065,44.609,317.715,517801
-126.616,44.562,316.478,517822
-126.298,44.337,315.118,517843
-126.090,44.572,313.635,517864
-125.910,44.810,312.123,517885
-125.967,44.823,310.416,517906
-127.125,45.711,308.649,517927
-127.829,46.243,307.157,517948
-128.409,46.867,305.703,517969
-128.939,47.371,304.250,517990
-129.385,47.765,302.814,518011
-129.730,48.125,301.428,518032
-130.005,48.524,300.033,518053
-130.159,48.822,298.684,518074
-130.719,48.907,297.014,518095
-131.137,49.099,295.403,518116
-131.504,49.121,293.813,518137
-131.664,49.178,292.334,518158
-131.596,48.811,290.992,518179
-131.513,48.414,289.645,518200
-131.479,48.063,288.228,518221
-130.860,47.791,287.234,518242
-130.129,47.444,286.320,518263
-129.568,46.960,285.257,518284
-129.191,46.572,284.063,518305
-128.641,46.084,283.011,518326
-127.765,45.539,282.196,518347
-127.117,44.993,281.204,518369
-126.074,44.499,280.495,518390
-125.030,44.195,279.789,518411
-123.959,43.768,279.092,518432
-123.044,43.599,278.300,518453
-122.058,43.412,277.562,518474
-121.219,43.335,276.712,518495
-120.453,43.295,275.812,518516
-119.993,43.223,274.710,518537
-119.619,43.153,273.551,518558
-119.075,42.894,272.545,518579
-118.738,42.730,271.420,518600
-118.163,42.694,270.453,518621
-117.648,42.719,269.486,518642
-117.249,42.953,268.433,518663
-116.831,43.079,267.430,518684
-116.896,43.220,266.114,518705
-117.030,43.400,264.794,518726
-117.199,43.687,263.519,518747
-116.672,43.960,263.004,518768
-116.312,44.289,262.387,518789
-115.581,44.545,262.011,518811
-114.985,44.853,261.553,518832
-114.519,45.178,260.967,518853
-114.293,45.601,260.215,518874
-114.291,46.057,259.301,518895
-114.683,46.305,258.098,518916
-115.149,46.496,256.862,518937
-115.795,46.718,255.469,518958
-115.717,46.780,254.693,518980
-115.706,47.146,253.876,519001
-115.839,47.504,252.941,519022
-116.024,47.765,251.955,519043
-116.350,48.017,250.848,519064
-116.873,48.071,249.581,519085
-116.956,48.185,248.633,519106
-117.530,48.095,247.298,519127
-118.089,48.095,245.922,519148
-118.413,47.844,244.706,519169
-119.045,47.710,243.245,519190
-119.268,47.463,242.060,519211
-119.947,47.542,240.540,519232
-120.448,47.181,239.146,519253
-121.278,47.111,237.497,519274
-122.143,47.033,235.800,519295
-122.530,46.666,234.437,519316
-123.340,46.217,232.728,519337
-123.715,45.753,231.303,519358
-123.999,45.472,229.932,519379
-124.206,45.075,228.608,519400
-124.630,44.972,227.113,519421
-124.924,44.910,225.653,519442
-125.286,44.854,224.145,519463
-125.682,44.517,222.587,519484
-125.970,44.183,221.098,519505
-126.179,43.873,219.647,519526
-125.927,43.648,218.491,519547
-125.639,43.421,217.322,519568
-125.716,43.204,215.882,519589
-125.401,42.981,214.671,519610
-125.841,42.474,214.013,519631
-125.823,42.160,213.612,519652
-125.836,42.001,213.129,519673
-125.971,42.004,212.527,519694
-125.831,42.036,212.062,519715
-125.700,42.209,211.565,519736
-125.617,42.098,210.973,519757
-125.464,42.093,210.415,519778
-124.856,42.185,210.143,519799
-124.251,42.245,209.812,519820
-123.987,42.685,209.229,519841
-123.692,43.067,208.636,519862
-123.427,43.548,207.989,519883
-122.743,44.104,207.618,519904
-122.301,44.288,207.041,519925
-122.051,44.685,206.298,519946
-121.388,45.187,205.823,519967
-120.727,45.673,205.347,519988
-120.109,46.151,204.822,520010
-119.567,46.629,204.238,520031
-119.194,47.193,203.514,520052
-118.960,47.769,202.655,520073
-119.022,48.068,201.544,520094
-119.035,48.189,200.459,520115
-118.955,48.204,199.435,520136
-119.043,48.232,198.256,520157
-119.305,48.365,196.958,520178
-119.388,48.268,195.750,520199
-119.248,48.323,194.697,520220
-119.459,48.580,193.360,520241
-119.875,48.489,191.831,520262
-120.243,48.276,190.343,520283
-120.211,48.205,189.140,520304
-120.176,47.859,187.933,520325
-120.630,47.592,186.349,520346
-120.879,47.559,184.919,520367
-120.901,47.286,183.653,520388
-121.447,47.039,181.997,520409
-121.795,46.903,180.494,520430
-121.892,46.619,179.178,520451
-122.313,46.112,177.621,520472
-122.853,45.750,175.988,520493
-123.222,45.277,174.487,520514
-123.460,44.786,173.106,520535
-123.463,44.469,171.886,520556
-123.915,44.407,170.351,520577
-124.057,43.935,168.987,520598
-124.068,43.791,167.713,520619
-124.361,43.817,166.272,520640
-124.731,43.793,164.754,520661
-125.080,43.913,163.257,520682
-125.295,44.122,161.846,520703
-125.381,43.969,160.541,520724
-125.158,43.858,159.447,520745
-124.854,44.032,158.403,520766
-124.977,44.111,157.080,520787
-124.663,44.136,156.022,520808
-124.312,44.383,155.022,520829
-124.366,44.489,153.727,520850
-124.155,44.912,152.633,520871
-124.282,45.176,151.276,520892
-124.287,45.595,150.005,520913
-123.970,45.995,148.985,520934
-123.674,46.005,147.934,520955
-123.517,46.447,146.813,520976
-123.011,46.574,145.947,520997
-122.603,46.564,144.987,521018
-122.348,46.948,143.884,521039
-122.387,47.089,142.535,521060
-122.380,47.153,141.212,521081
-122.156,47.446,140.032,521102
-122.195,47.579,138.644,521123
-121.717,47.496,137.622,521144
-121.207,47.357,136.637,521165
-120.701,47.230,135.651,521186
-120.218,46.999,134.649,521207
-119.746,46.876,133.634,521228
-119.410,46.551,132.514,521249
-119.160,46.609,131.306,521270
-118.822,46.444,130.159,521291
-119.020,46.326,128.623,521312
-119.234,46.205,127.064,521333
-119.456,46.039,125.489,521354
-119.674,46.129,123.929,521375
-119.509,45.860,122.639,521396
-119.657,45.951,121.134,521417
-119.611,45.604,119.723,521438
-119.815,45.688,118.173,521459
-120.259,45.727,116.460,521480
-120.704,45.568,114.737,521501
-121.211,45.550,112.981,521522
-121.770,45.612,111.182,521543
-121.785,45.581,109.757,521564
-121.769,45.610,108.332,521585
-121.706,45.648,106.912,521606
-121.671,45.901,105.473,521627
-121.901,46.297,103.818,521648
-121.913,46.679,102.267,521669
-121.926,47.106,100.695,521690
-121.759,47.333,99.241,521711
-121.734,47.446,97.659,521732
-119.430,47.738,98.981,521753
-116.951,47.820,100.357,521774
-114.764,47.939,101.475,521795
-112.383,48.070,102.689,521816
-110.232,48.319,103.723,521837
-108.319,48.384,104.549,521858
-106.713,48.790,105.148,521879
-105.333,49.202,105.529,521900
-104.529,49.377,105.481,521921
-103.564,49.494,105.512,521942
-103.120,49.671,105.096,521963
-102.547,50.215,104.759,521984
-102.081,50.618,104.320,522005
-101.761,50.951,103.752,522026
-101.962,51.477,102.761,522047
-102.011,51.628,101.894,522068
-102.218,51.764,100.921,522089
-103.127,52.014,99.362,522110
-104.177,52.255,97.688,522131
-105.413,52.348,95.827,522152
-106.450,52.091,94.122,522173
-107.709,51.838,92.228,522194
-109.231,51.759,90.113,522215
-110.816,51.564,87.946,522236
-111.971,51.293,86.075,522257
-113.214,50.853,84.117,522278
-115.005,50.500,81.736,522299
-116.800,50.067,79.355,522320
-118.513,49.493,77.019,522341
-119.597,49.074,75.108,522362
-120.674,48.626,73.228,522383
-121.810,48.206,71.300,522404
-122.794,47.612,69.468,522425
-124.016,47.312,67.458,522446
-125.247,46.905,65.458,522467
-126.499,46.534,63.425,522488
-127.211,46.116,61.775,522509
-128.292,45.918,59.872,522530
-129.358,45.399,57.985,522551
-130.365,44.928,56.128,522572
-130.975,44.406,54.550,522593
-131.441,44.118,53.077,522614
-132.046,44.055,51.544,522635
-132.813,44.077,49.910,522656
-133.619,44.184,48.249,522677
-134.385,43.983,46.623,522698
-135.238,44.182,44.945,522719
-136.086,44.369,43.292,522740
-136.727,44.406,41.762,522761
-137.099,44.420,40.426,522782
-137.260,44.690,39.257,522803
-137.344,44.996,38.132,522824
-137.600,45.557,36.913,522845
-137.552,45.935,35.915,522866
-138.049,46.417,34.507,522887
-137.976,46.666,33.531,522908
-137.777,47.154,32.625,522929
-138.046,47.555,31.373,522950
-137.790,47.810,30.512,522971
-137.500,48.070,29.677,522992
-137.235,48.587,28.818,523013
-137.138,49.157,27.832,523034
-137.040,49.715,26.850,523055
-137.204,50.029,25.652,523076
-137.293,50.431,24.509,523097
-137.017,50.819,23.643,523118
-137.116,51.061,22.461,523139
-136.793,50.969,21.581,523160
-136.143,50.981,20.934,523181
-135.461,50.807,20.304,523202
-134.664,50.625,19.695,523223
-133.891,50.644,19.041,523244
-133.344,50.710,18.192,523265
-132.630,50.677,17.464,523286
-132.069,50.285,16.603,523307
-131.553,49.882,15.713,523328
-131.132,49.591,14.763,523349
-130.575,49.166,13.911,523370
-130.059,48.733,13.010,523391
-129.123,48.267,12.393,523412
-128.171,47.893,11.794,523433
-127.298,47.641,11.130,523454
-126.454,47.377,10.436,523475
-125.512,47.042,9.790,523496
-124.754,46.863,8.986,523517
-124.379,46.550,7.890,523538
-123.993,46.216,6.791,523559
-123.537,45.726,5.730,523580
-122.771,45.267,4.910,523601
-122.103,44.889,3.999,523622
-121.933,44.692,2.716,523643
-121.286,44.452,1.763,523664
-120.929,44.474,0.600,523685
-120.927,44.446,359.187,523706
-121.000,44.475,357.704,523727
-121.006,44.332,356.269,523748
-121.198,44.305,354.693,523769
-121.284,44.636,353.195,523790
-121.418,44.555,351.663,523811
-121.263,44.707,350.315,523832
-121.171,44.695,348.903,523853
-121.171,45.031,347.447,523874
-121.278,44.987,345.933,523895
-121.724,45.149,344.175,523916
-122.239,45.332,342.351,523937
-122.509,45.344,340.714,523958
-123.107,45.520,338.825,523979
-123.258,45.634,337.208,524000
-123.496,45.853,335.509,524021
-123.871,46.211,333.696,524042
-124.243,46.531,331.889,524063
-124.986,46.634,329.816,524085
-125.725,46.700,327.760,524106
-126.421,46.678,325.736,524127
-127.049,46.748,323.746,524148
-127.374,46.500,322.014,524169
-127.416,46.514,320.468,524190
-127.628,46.248,318.787,524211
-127.598,46.267,317.274,524232
-127.503,46.272,315.803,524253
-127.444,46.336,314.288,524274
-127.599,46.076,312.594,524295
-127.757,45.927,310.912,524316
-127.788,45.615,309.289,524337
-127.732,45.262,307.735,524358
-127.351,45.037,306.401,524379
-127.248,44.758,304.890,524400
-126.908,44.661,303.526,524421
-126.565,44.719,302.156,524442
-126.407,44.909,300.652,524463
-126.500,45.017,298.976,524484
-126.036,44.888,297.674,524505
-126.099,44.930,296.031,524526
-125.835,44.731,294.627,524547
-125.625,44.559,293.187,524568
-125.594,44.519,291.625,524589
-125.637,44.799,289.983,524610
-125.268,44.771,288.627,524631
-125.329,45.016,286.974,524652
-124.965,45.272,285.627,524673
-124.580,45.493,284.303,524694
-124.659,45.654,282.652,524715
-124.653,45.591,281.092,524736
-124.306,45.449,279.799,524757
-123.950,45.449,278.498,524778
-123.623,45.504,277.201,524799
-123.699,45.406,275.650,524820
-123.373,45.475,274.406,524841
-123.122,45.659,273.092,524862
-122.837,45.765,271.832,524883
-122.991,45.686,270.254,524904
-123.233,45.625,268.631,524925
-121.995,45.856,268.306,524946
-120.613,46.073,268.048,524967
-119.771,46.142,267.396,524988
-118.918,46.062,266.752,525009
-117.778,46.173,266.318,525030
-116.757,46.335,265.784,525051
-115.810,46.372,265.200,525072
-115.066,46.623,264.458,525093
-114.771,46.728,263.367,525114
-114.427,46.594,262.302,525135
-114.097,46.422,261.221,525156
-114.011,46.348,259.987,525177
-114.099,46.312,258.609,525198
-113.888,46.192,257.416,525219
-114.250,46.148,255.799,525240
-114.374,45.912,254.355,525261
-114.722,46.089,252.729,525282
-114.963,46.085,251.153,525303
-115.272,46.081,249.463,525324
-116.033,45.890,247.404,525345
-116.991,45.465,246.966,525366
-117.786,44.919,246.509,525387
-118.621,44.565,245.874,525408
-119.770,43.999,244.925,525429
-120.859,43.530,243.922,525450
-121.125,43.309,243.238,525471
-121.753,42.901,242.244,525492
-122.381,42.681,241.224,525513
-122.990,42.518,240.139,525534
-123.547,42.205,239.059,525555
-123.747,41.830,238.185,525576
-124.262,41.647,237.040,525597
-124.619,41.434,235.964,525618
-125.003,41.262,234.868,525639
-125.163,40.989,234.319,525660
-125.458,41.072,233.652,525681
-126.110,41.095,232.722,525702
-126.355,41.202,232.033,525723
-126.942,41.357,231.083,525744
-127.484,41.307,230.147,525765
-127.987,41.275,229.237,525786
-128.134,41.579,228.559,525807
-128.387,41.562,227.793,525828
-128.621,41.610,227.007,525849
-128.670,42.126,226.337,525870
-128.960,42.562,225.511,525891
-128.891,43.187,224.921,525912
-128.754,43.797,224.333,525933
-128.958,44.242,223.513,525954
-129.034,44.868,222.740,525975
-128.831,45.079,222.129,525996
-128.480,45.576,221.627,526017
-128.016,46.008,221.212,526038
-127.492,46.277,220.789,526059
-126.906,46.476,220.404,526080
-126.514,46.928,219.863,526101
-126.335,47.286,219.137,526122
-126.129,47.379,218.446,526143
-125.742,47.277,217.848,526164
-125.414,47.161,217.217,526185
-125.198,47.046,216.493,526206
-124.652,46.856,216.014,526227
-124.435,46.638,215.304,526248
-124.431,46.606,214.434,526269
-124.010,46.662,213.844,526290
-123.530,46.622,213.275,526311
-123.057,46.598,212.694,526332
-122.838,46.283,211.959,526353
-122.699,46.342,211.185,526374
-122.389,46.421,210.542,526395
-121.969,46.418,209.996,526416
-121.503,46.300,209.477,526437
-121.557,46.109,208.553,526458
-121.208,45.736,207.941,526479
-120.912,45.667,207.286,526500
-121.134,45.615,206.269,526521
-121.364,45.446,205.269,526542
-121.401,45.074,204.419,526563
-121.213,44.959,203.713,526584
-121.443,44.684,202.717,526605
-121.416,44.419,201.916,526626
-121.614,44.581,200.948,526647
-121.661,44.679,200.096,526668
-121.818,44.829,199.177,526689
-122.285,45.025,198.040,526710
-122.839,45.012,196.830,526731
-122.953,45.126,195.934,526752
-123.429,45.015,194.755,526773
-123.546,44.947,193.839,526794
-123.631,45.052,192.943,526815
-123.757,45.240,192.001,526836
-124.062,45.154,190.909,526857
-124.547,45.241,189.667,526878
-124.948,45.238,188.465,526899
-124.934,45.441,187.554,526920
-125.225,45.790,186.427,526941
-125.454,46.110,185.357,526962
-125.815,46.318,184.186,526983
-126.088,46.269,183.054,527004
-125.851,46.347,182.272,527025
-125.728,46.149,181.405,527046
-125.423,46.010,180.667,527067
-125.284,46.266,179.825,527088
-124.989,46.397,179.070,527109
-124.766,46.260,178.281,527130
-124.623,46.505,177.406,527151
-124.624,46.361,176.417,527172
-124.660,46.215,175.403,527193
-124.665,46.049,174.406,527214
-124.487,45.800,173.546,527235
-124.079,45.818,172.837,527256
-123.958,45.990,171.927,527277
-123.563,46.049,171.234,527298
-123.171,46.100,170.568,527319
-123.268,46.095,169.543,527340
-123.016,45.903,168.816,527361
-122.806,46.200,168.082,527382
-122.288,46.288,167.559,527403
-122.200,46.333,166.761,527424
-121.828,46.290,166.191,527445
-121.379,46.531,165.705,527466
-120.974,46.829,165.216,527487
-120.663,46.810,164.677,527508
-120.592,47.185,163.993,527529
-120.531,47.579,163.334,527550
-120.659,47.622,162.553,527571
-120.875,47.703,161.678,527592
-121.148,47.778,160.752,527613
-121.520,47.975,159.766,527634
-121.449,48.174,159.085,527655
-121.737,48.105,158.141,527676
-122.038,47.972,157.166,527697
-122.199,48.162,156.303,527718
-122.323,48.256,155.465,527739
-122.497,48.354,154.556,527760
-123.108,48.560,153.290,527781
-123.822,48.567,151.925,527802
-124.560,48.711,150.492,527823
-125.398,48.735,148.943,527844
-125.929,48.559,147.567,527865
-126.704,48.753,145.941,527886
-127.105,48.934,144.536,527907
-127.359,48.906,143.193,527928
-128.120,48.861,141.399,527949
-128.745,48.735,139.659,527970
-129.278,49.035,137.946,527991
-130.205,49.104,135.887,528012
-131.165,49.335,133.758,528033
-131.750,49.282,131.881,528054
-132.299,49.484,129.980,528075
-133.062,49.807,127.903,528096
-133.558,49.885,126.020,528117
-134.492,50.183,123.741,528138
-135.100,50.374,121.695,528159
-135.592,50.481,119.717,528180
-136.343,50.376,117.517,528201
-137.121,50.350,115.258,528222
-137.890,50.459,112.952,528243
-135.501,50.672,115.093,528264
-133.720,51.045,116.698,528285
-131.796,51.181,118.304,528306
-129.917,51.648,119.751,528327
-128.315,51.873,120.876,528348
-126.839,52.082,121.864,528369
-126.115,52.359,121.747,528390
-125.986,52.522,121.093,528411
-126.081,52.991,120.209,528432
-126.163,53.126,119.290,528453
-126.044,53.390,118.492,528474
-126.077,53.638,117.524,528495
-126.293,54.042,116.397,528516
-126.570,54.275,115.157,528537
-126.987,54.652,113.776,528558
-127.513,55.037,112.254,528579
-128.079,55.348,110.699,528600
-128.175,55.395,109.804,528621
-128.267,55.366,108.878,528642
-128.275,55.622,108.015,528663
-128.328,55.405,107.084,528684
-128.740,55.215,105.832,528705
-128.706,55.034,104.896,528726
-129.323,54.744,103.393,528747
-129.605,54.640,102.144,528768
-129.945,54.121,100.789,528789
-130.584,53.692,99.145,528810
-131.192,53.249,97.520,528831
-131.334,52.673,96.234,528852
-131.583,52.078,94.866,528873
-131.551,51.447,93.714,528894
-131.285,50.980,92.771,528915
-131.248,50.312,91.660,528936
-131.258,49.990,90.523,528957
-131.247,49.648,89.416,528978
-131.104,49.274,88.377,528999
-131.105,48.875,87.224,529020
-130.805,48.098,86.288,529041
-130.749,47.380,85.167,529062
-130.784,46.756,83.977,529083
-130.494,46.043,83.001,529104
-129.969,45.621,82.182,529125
-129.613,45.431,81.261,529146
-129.411,45.342,80.235,529167
-128.832,45.078,79.472,529188
-128.389,45.050,78.642,529209
-128.141,45.189,77.719,529230
-128.076,45.064,76.658,529251
-127.972,44.991,75.625,529272
-127.733,44.959,74.683,529293
-127.411,44.974,73.829,529314
-126.892,45.171,73.111,529335
-126.390,45.382,72.404,529356
-126.263,45.931,71.433,529377
-126.196,46.169,70.394,529398
-126.107,46.647,69.377,529419
-126.006,46.999,68.338,529440
-125.667,47.113,67.488,529461
-125.217,47.175,66.709,529482
-124.523,47.355,66.074,529503
-123.937,47.661,65.350,529524
-123.385,47.860,64.608,529545
-123.409,48.040,63.430,529566
-122.942,48.059,62.606,529587
-123.044,48.145,61.360,529608
-123.151,48.224,60.116,529629
-123.257,48.018,58.850,529650
-123.194,48.075,57.686,529671
-123.332,47.992,56.357,529692
-123.084,47.550,55.302,529713
-123.134,47.242,54.004,529734
-122.954,47.213,52.830,529755
-122.554,46.818,51.815,529776
-122.566,46.465,50.498,529797
-122.441,46.398,49.258,529818
-122.557,46.213,47.881,529839
-122.572,45.712,46.567,529860
-122.322,45.198,45.445,529881
-122.034,44.759,44.351,529902
-121.816,44.306,43.220,529923
-122.020,44.039,41.796,529944
-121.976,44.063,40.530,529965
-122.217,44.128,39.057,529986
-122.338,44.289,37.686,530007
-122.581,44.453,36.229,530028
-122.618,43.790,34.935,530049
-122.823,42.937,33.545,530070
-122.838,42.233,32.286,530091
-122.946,41.570,30.991,530112
-122.952,41.054,29.773,530133
-122.927,40.837,28.562,530154
-123.314,40.781,27.095,530175
-123.504,40.852,25.776,530196
-123.763,40.999,24.407,530217
-123.874,40.775,23.156,530238
-124.218,40.884,21.754,530259
-124.525,41.040,20.403,530280
-124.398,41.363,19.335,530301
-124.216,41.691,18.313,530322
-124.052,42.015,17.259,530343
-123.891,42.332,16.220,530364
-124.025,43.024,14.980,530385
-124.264,43.747,13.653,530406
-124.625,44.112,12.241,530427
-125.000,44.470,10.819,530448
-124.988,44.854,9.631,530469
-125.406,45.147,8.122,530490
-125.863,45.493,6.590,530511
-125.887,45.839,5.329,530532
-125.877,46.117,4.108,530553
-125.941,46.553,2.827,530574
-126.371,46.890,1.281,530595
-126.521,47.212,359.907,530616
-126.539,47.088,358.601,530637
-126.899,46.882,357.006,530658
-127.374,46.712,355.307,530679
-127.807,46.379,353.602,530700
-127.798,46.144,352.191,530721
-127.803,45.735,350.709,530742
-127.933,45.194,349.133,530763
-127.980,44.633,347.614,530784
-128.361,44.269,345.845,530805
-128.641,43.827,344.128,530826
-128.825,43.319,342.491,530847
-128.947,42.872,340.853,530868
-129.726,43.138,339.390,530889
-130.834,43.282,337.642,530910
-131.385,43.379,336.233,530931
-131.829,43.434,334.880,530952
-132.089,43.587,333.641,530973
-132.276,43.713,332.395,530994
-132.735,43.857,330.919,531015
-132.957,43.716,329.558,531036
-133.056,43.582,328.242,531057
-133.025,43.780,326.975,531078
-133.063,43.805,325.588,531099
-133.333,43.980,324.000,531120
-133.289,44.066,322.597,531141
-133.180,44.415,321.197,531162
-132.906,44.779,319.883,531183
-132.475,44.876,318.667,531204
-132.226,45.349,317.311,531225
-131.545,45.701,316.279,531246
-131.257,45.928,314.923,531267
-130.703,45.985,313.737,531288
-129.753,46.191,312.846,531309
-128.851,46.252,311.883,531330
-128.038,46.685,310.850,531351
-127.058,47.041,309.923,531372
-126.270,47.475,308.867,531393
-125.782,47.677,307.594,531414
-125.266,47.822,306.342,531435
-124.781,47.925,305.034,531456
-124.354,48.076,303.711,531477
-123.756,48.008,302.494,531498
-123.204,47.922,301.256,531519
-122.653,47.807,300.043,531540
-121.846,47.705,299.041,531561
-121.230,47.919,297.926,531582
-120.630,48.079,296.822,531603
-119.986,48.123,295.760,531624
-119.858,48.056,294.348,531645
-119.373,47.699,293.211,531666
-119.237,47.346,291.844,531687
-119.307,47.224,290.344,531708
-119.455,46.977,288.768,531729
-119.623,46.671,287.157,531750
-119.777,46.583,285.535,531771
-119.575,46.410,284.158,531792
-119.541,46.333,282.677,531813
-119.584,46.280,281.092,531834
-119.484,45.861,279.632,531855
-119.896,45.613,277.829,531876
-120.340,45.340,275.952,531897
-120.359,45.099,274.354,531918
-120.924,45.008,272.335,531939
-121.166,44.634,270.495,531960
-121.382,44.584,268.652,531981
-121.708,44.614,266.702,532002
-122.099,44.654,264.680,532023
-122.614,44.770,262.572,532044
-123.296,44.618,260.309,532066
-123.588,44.431,258.282,532087
-124.222,44.311,255.995,532108
-124.922,44.330,253.592,532129
-125.179,44.408,251.473,532150
-125.431,44.514,249.307,532171
-125.813,44.737,247.022,532192
-126.449,44.943,244.536,532213
-126.987,44.850,242.077,532234
-127.053,44.836,239.898,532255
-127.058,44.880,237.736,532276
-127.388,44.837,235.354,532297
-127.300,44.884,233.254,532318
-127.194,45.034,231.151,532339
-127.068,45.251,229.008,532360
-126.982,45.487,226.831,532381
-127.162,45.829,224.451,532402
-127.526,46.011,221.910,532423
-127.396,46.232,219.732,532444
-127.511,46.203,217.389,532465
-127.714,46.297,214.967,532486
-127.504,46.305,212.842,532507
-127.461,46.722,210.621,532528
-127.408,46.735,208.424,532549
-127.405,46.769,206.200,532570
-127.481,46.987,203.918,532591
-127.120,46.933,201.942,532612
-127.062,46.951,199.775,532633
-126.620,46.979,197.900,532654
-126.484,46.856,195.835,532675
-126.019,46.885,194.021,532696
-125.624,46.808,192.140,532717
-125.585,46.636,190.045,532738
-125.526,46.837,187.953,532759
-125.131,46.726,186.144,532780
-125.024,46.860,184.144,532801
-124.881,46.972,182.194,532822
-124.970,46.984,180.109,532843
-126.453,47.955,178.748,532864
-127.837,49.239,177.404,532885
-129.364,50.386,175.909,532906
-130.665,51.474,174.532,532927
-131.992,52.516,173.097,532948
-133.420,53.471,171.510,532969
-134.287,54.091,170.346,532990
-135.149,54.990,169.175,533011
-136.185,55.537,167.820,533032
-137.456,56.246,166.267,533053
-138.399,56.685,164.979,533074
-139.318,57.091,163.674,533095
-139.964,57.751,162.593,533116
-140.211,58.137,161.841,533137
-140.454,58.535,161.102,533158
-141.077,58.842,159.985,533179
-141.410,59.032,159.110,533200
-141.639,59.080,158.298,533221
-141.581,58.718,157.709,533242
-141.343,58.249,157.266,533263
-140.445,57.702,157.381,533284
-139.453,57.031,157.568,533305
-138.473,56.303,157.717,533326
-139.559,56.197,156.478,533347
-139.951,56.097,155.738,533368
-140.615,55.766,154.722,533389
-141.109,55.378,153.790,533410
-141.418,54.960,152.932,533431
-141.440,54.424,152.255,533452
-141.691,54.130,151.459,533473
-141.721,53.833,150.751,533494
-142.208,53.744,149.593,533515
-141.946,53.486,148.973,533536
-141.552,53.102,148.413,533557
-140.990,52.756,147.979,533578
-140.412,52.531,147.528,533599
-140.095,52.453,146.875,533620
-139.877,52.064,146.116,533641
-139.677,51.869,145.298,533662
-139.130,51.841,144.730,533683
-138.195,51.657,144.446,533704
-137.306,51.330,144.083,533725
-136.786,51.456,143.382,533746
-135.970,51.242,142.861,533767
-134.751,51.172,142.629,533788
-133.460,51.029,142.450,533809
-132.162,50.890,142.271,533830
-131.332,50.917,141.727,533851
-130.410,50.849,141.239,533872
-129.376,50.660,140.789,533893
-128.169,50.411,140.449,533914
-127.115,50.209,139.983,533935
-125.839,49.893,139.651,533956
-124.388,49.792,139.449,533977
-122.926,49.591,139.242,533998
-121.543,49.479,138.960,534019
-120.497,49.554,138.422,534040
-119.348,49.599,137.957,534061
-118.330,49.261,137.397,534082
-117.593,49.205,136.593,534103
-116.845,48.948,135.802,534124
-115.667,48.783,135.325,534145
-114.538,48.627,134.814,534166
-113.813,48.654,134.008,534187
-112.782,48.438,133.457,534208
-111.903,48.066,132.800,534229
-111.420,48.076,131.860,534250
-111.165,47.850,130.767,534271
-111.036,47.700,129.590,534292
-110.622,47.360,128.634,534313
-110.616,47.144,127.404,534334
-110.774,47.150,126.044,534355
-111.059,47.124,124.591,534376
-111.005,46.956,123.406,534397
-110.991,46.952,122.218,534418
-111.537,46.864,120.627,534439
-112.273,46.980,118.920,534460
-113.011,46.898,117.250,534481
-113.470,47.051,115.796,534502
-114.218,46.841,114.138,534523
-114.792,46.960,112.582,534544
-114.533,47.180,111.647,534565
-114.488,47.488,110.520,534586
-114.948,47.673,109.032,534607
-115.268,47.981,107.657,534628
-115.900,48.228,106.058,534649
-116.390,48.042,104.561,534670
-117.271,48.109,102.770,534691
-118.238,48.013,100.945,534712
-119.163,47.786,99.146,534733
-119.823,47.414,97.524,534754
-120.443,47.240,95.907,534775
-121.427,47.171,94.017,534796
-122.405,47.084,92.128,534817
-123.375,46.568,90.216,534838
-124.064,46.140,88.406,534859
-124.733,46.039,86.587,534880
-125.502,45.769,84.698,534901
-125.932,45.266,83.046,534922
-127.071,44.621,82.045,534943
-128.168,43.970,81.028,534964
-128.933,43.275,80.217,534985
-129.678,42.958,79.390,535006
-130.725,42.441,78.333,535027
-131.682,41.884,77.321,535048
-132.277,41.643,76.518,535069
-132.653,41.463,75.766,535090
-132.909,41.092,75.049,535111
-133.092,41.135,74.388,535132
-133.164,40.925,73.800,535153
-133.355,41.019,73.414,535174
-133.380,41.151,73.138,535195
-133.665,41.511,72.685,535216
-133.957,41.867,72.251,535237
-133.924,42.027,72.039,535258
-134.081,42.542,71.706,535279
-134.151,42.977,71.427,535300
-133.877,43.526,71.637,535321
-133.531,43.793,71.901,535342
-133.237,44.462,72.092,535363
-133.158,45.016,72.120,535384
-132.619,45.678,72.443,535405
-132.023,46.365,72.832,535426
-131.278,46.937,73.284,535447
-130.451,47.451,73.766,535468
-129.786,48.014,74.093,535489
-129.198,48.174,74.340,535510
-128.599,48.313,74.589,535531
-127.829,48.308,75.097,535552
-127.131,48.273,75.527,535573
-126.266,48.521,76.078,535595
-125.787,48.545,76.321,535616
-124.940,48.679,76.830,535637
-124.252,48.768,77.311,535658
-123.621,48.761,77.712,535679
-123.307,48.420,77.877,535700
-122.744,48.221,78.208,535721
-122.399,47.801,78.358,535742
-121.968,47.484,78.576,535763
-121.856,47.075,78.568,535784
-121.828,47.059,78.451,535805
-121.907,47.018,78.226,535826
-121.831,46.963,78.095,535847
-121.884,46.491,77.842,535868
-122.095,46.464,77.463,535889
-122.488,46.419,76.929,535910
-122.957,46.119,76.351,535931
-123.313,45.749,75.848,535952
-123.616,45.364,75.370,535973
-123.736,45.149,75.024,535994
-124.137,45.218,74.474,536015
-124.776,45.051,73.752,536036
-125.276,45.174,73.110,536057
-125.620,45.299,72.613,536078
-126.026,45.461,72.063,536099
-126.417,45.279,71.536,536120
-126.959,45.442,70.877,536141
-127.003,45.527,70.537,536162
-127.093,45.387,70.182,536184
-127.142,45.632,69.818,536205
-127.505,45.864,69.225,536226
-127.521,46.178,68.885,536247
-127.312,46.212,68.679,536268
-127.100,46.226,68.477,536289
-127.054,46.147,68.155,536310
-127.141,46.104,67.693,536331
-127.199,46.075,67.232,536352
-126.942,46.070,67.000,536373
-126.926,46.459,66.594,536394
-126.826,46.874,66.222,536415
-126.930,47.030,65.667,536436
-126.691,47.398,65.344,536457
-126.209,47.594,65.172,536478
-126.136,47.646,64.671,536499
-125.723,47.519,64.418,536520
-125.199,47.347,64.210,536541
-124.582,47.480,64.034,536562
-124.036,47.184,63.773,536583
-123.430,46.870,63.513,536604
-122.906,46.963,63.165,536625
-122.531,47.042,62.668,536646
-122.378,46.777,61.992,536667
-122.303,46.497,61.235,536688
-122.339,46.440,60.356,536709
-122.370,46.162,59.471,536730
-122.475,46.183,58.515,536751
-122.195,45.843,57.816,536772
-122.068,45.883,56.998,536793
-121.788,45.765,56.268,536814
-121.755,45.431,55.332,536835
-121.632,45.478,54.479,536856
-121.593,45.558,53.556,536877
-121.911,45.384,52.375,536898
-121.859,45.134,51.460,536919
-122.248,45.037,50.247,536940
-122.227,44.964,49.293,536961
-122.529,44.731,48.130,536982
-122.845,44.497,46.977,537003
-123.220,44.292,45.775,537024
-123.661,44.407,44.539,537045
-123.838,44.623,43.505,537066
-124.295,44.721,42.309,537087
-124.733,44.851,41.123,537108
-125.179,45.112,39.942,537129
-125.142,45.104,39.094,537150
-125.118,45.282,38.213,537171
-125.080,45.377,37.361,537192
-125.510,45.586,36.184,537213
-125.494,45.918,35.327,537234
-125.827,46.021,34.233,537255
-126.144,46.099,33.152,537276
-126.441,46.450,32.074,537297
-126.323,46.700,31.301,537318
-126.498,46.718,30.357,537339
-126.604,46.701,29.439,537360
-126.391,46.882,28.772,537381
-126.308,46.879,28.024,537402
-126.346,47.304,27.188,537423
-126.242,47.657,26.442,537444
-125.988,47.912,25.821,537465
-126.163,48.076,24.892,537486
-126.300,48.280,23.969,537507
-126.420,48.213,23.078,537528
-126.134,48.029,22.483,537549
-126.327,47.875,21.565,537570
-126.082,47.824,20.964,537591
-125.848,47.770,20.359,537612
-125.589,47.470,19.753,537633
-125.468,47.447,19.054,537654
-125.751,47.239,18.034,537675
-125.885,46.917,17.147,537696
-126.134,46.634,16.177,537717
-125.918,46.288,15.539,537738
-126.118,46.090,14.615,537759
-126.307,45.938,13.714,537780
-126.024,45.905,13.186,537801
-125.709,45.853,12.629,537822
-125.353,45.754,12.096,537843
-125.286,45.894,11.370,537864
-125.181,46.013,10.654,537885
-125.290,45.955,9.770,537906
-125.393,45.803,8.878,537927
-125.332,45.515,8.086,537948
-125.214,45.605,7.317,537969
-124.824,45.441,6.758,537990
-124.714,45.148,5.993,538011
-124.512,45.240,5.279,538032
-124.369,45.428,4.519,538053
-124.149,45.558,3.814,538074
-124.383,45.669,2.773,538095
-124.111,45.654,2.094,538116
-124.333,45.851,1.056,538137
-124.428,45.841,0.089,538158
-124.548,45.811,359.108,538179
-124.612,45.710,358.171,538200
-124.363,45.779,357.429,538221
-124.159,45.840,356.648,538242
-124.027,45.919,355.815,538263
-124.146,45.663,354.792,538284
-124.203,45.764,353.770,538305
-124.202,45.876,352.774,538326
-124.353,45.572,351.675,538347
-124.780,45.479,350.377,538368
-125.074,45.219,349.185,538389
-125.449,45.265,347.918,538410
-125.769,45.114,346.734,538431
-125.584,44.912,345.896,538452
-125.461,44.860,345.024,538473
-125.211,44.665,344.238,538494
-125.394,44.346,343.178,538515
-126.176,44.385,341.614,538536
-126.409,44.449,340.442,538557
-126.723,44.279,339.189,538578
-127.162,44.166,337.857,538599
-127.126,44.180,336.843,538620
-127.054,44.292,335.817,538641
-127.001,44.465,334.764,538662
-127.070,44.264,333.623,538683
-127.211,44.267,332.419,538705
-127.039,44.026,331.429,538726
-126.924,44.255,330.383,538747
-126.906,44.308,329.245,538768
-126.399,44.465,328.435,538789
-125.799,44.585,327.682,538810
-125.250,44.458,326.889,538831
-124.749,44.759,326.042,538852
-124.032,44.939,325.358,538873
-123.717,45.012,324.355,538894
-123.035,44.882,323.624,538915
-122.697,45.072,322.645,538936
-122.054,45.309,321.859,538957
-121.584,45.181,320.974,538978
-121.077,45.041,320.095,538999
-120.563,44.912,319.211,539020
-119.867,45.091,318.469,539041
-119.273,45.321,317.638,539062
-118.758,45.590,316.772,539083
-118.723,45.768,315.536,539104
-118.738,45.823,314.281,539125
-118.414,45.931,313.246,539146
-118.607,45.913,311.855,539167
-118.184,46.128,311.138,539188
-117.751,46.107,310.384,539209
-117.117,46.353,309.786,539230
-116.638,46.680,309.083,539251
-116.109,46.880,308.427,539272
-115.730,47.153,307.643,539293
-115.683,47.465,306.609,539314
-115.713,47.772,305.509,539335
-115.967,47.749,304.225,539356
-116.290,47.666,302.871,539377
-116.726,47.580,301.415,539398
-117.192,47.407,299.934,539419
-117.519,47.264,298.523,539440
-118.357,47.323,296.741,539461
-118.804,47.373,295.206,539482
-119.249,47.288,293.655,539503
-120.249,47.267,291.668,539524
-121.161,47.067,289.722,539545
-121.826,46.679,287.915,539566
-122.314,46.309,286.238,539587
-122.989,46.289,284.402,539608
-123.473,46.111,282.695,539629
-124.073,45.657,280.886,539650
-124.676,45.595,279.056,539671
-125.580,45.479,276.979,539692
-126.476,45.216,274.876,539713
-127.308,44.912,272.833,539734
-127.683,44.768,271.056,539755
-128.333,44.365,269.053,539776
-129.007,44.118,266.990,539797
-129.073,43.682,265.274,539818
-129.677,42.711,264.802,539839
-130.044,41.827,264.359,539860
-130.302,41.216,263.880,539881
-130.502,40.802,263.355,539902
-130.479,40.470,262.902,539923
-130.552,39.942,262.328,539944
-130.603,39.649,261.699,539965
-130.109,39.488,261.400,539986
-129.997,39.386,260.808,540007
-129.687,39.290,260.309,540028
-129.418,39.383,259.745,540049
-128.743,39.788,259.390,540070
-128.035,40.281,259.040,540091
-127.646,40.858,258.462,540112
-127.168,41.259,257.930,540133
-126.792,41.444,257.726,540154
-126.095,41.918,257.729,540175
-125.344,42.335,257.757,540196
-124.599,42.836,257.733,540217
-123.833,43.330,257.721,540238
-123.093,43.752,257.653,540259
-122.362,44.387,257.538,540280
-121.900,45.210,257.245,540301
-121.416,46.015,256.935,540322
-120.717,46.515,256.757,540343
-120.491,46.954,256.189,540364
-120.320,47.431,255.542,540385
-120.179,47.771,254.862,540406
-119.682,48.006,254.453,540427
-119.529,48.554,253.753,540448
-119.472,48.785,252.955,540469
-118.981,49.052,252.464,540490
-118.992,49.160,251.547,540511
-118.958,49.357,250.610,540532
-118.853,49.192,249.703,540553
-118.413,49.113,249.020,540574
-118.155,49.193,248.173,540595
-118.214,48.930,247.084,540616
-118.331,48.627,245.922,540637
-118.168,48.393,244.965,540658
-118.206,47.970,243.857,540679
-118.657,47.746,242.442,540700
-119.090,47.644,241.039,540721
-119.157,47.404,239.898,540742
-119.642,47.204,238.462,540763
-120.008,46.648,237.108,540784
-120.302,46.480,235.827,540805
-120.762,45.921,234.392,540826
-121.150,45.349,233.018,540847
-121.605,45.176,231.573,540868
-121.842,44.964,230.273,540889
-122.028,44.756,229.020,540910
-122.530,44.685,227.578,540931
-123.043,44.372,226.122,540952
-123.255,43.975,224.881,540973
-123.353,43.928,223.733,540994
-123.642,43.608,222.426,541015
-123.651,43.538,221.324,541036
-123.931,43.287,220.018,541057
-123.911,43.355,218.899,541078
-123.827,43.361,217.813,541099
-124.076,43.676,216.521,541120
-124.486,43.910,215.132,541141
-124.903,44.174,213.749,541162
-124.794,44.250,212.718,541183
-125.192,44.413,211.299,541204
-125.127,44.660,210.199,541225
-124.951,44.875,209.179,541246
-124.834,45.163,208.121,541267
-124.862,45.553,206.984,541288
-125.090,45.720,205.707,541309
-125.024,46.116,204.632,541330
-124.715,46.126,203.746,541351
-124.750,46.165,202.653,541372
-124.852,46.295,201.502,541393
-124.997,46.481,200.317,541414
-124.716,46.453,199.436,541435
-124.770,46.412,198.289,541456
-124.571,46.633,197.374,541477
-124.489,46.907,196.397,541498
-124.347,47.096,195.460,541519
-124.449,47.419,194.375,541540
-124.634,47.724,193.242,541561
-124.981,47.653,191.993,541582
-125.246,47.555,190.811,541603
-125.114,47.415,189.929,541624
-124.951,47.259,189.075,541645
-124.708,47.186,188.317,541666
-124.560,46.940,187.491,541687
-124.769,47.005,186.453,541708
-124.978,47.097,185.447,541729
-125.037,47.278,184.567,541750
-125.339,47.360,183.511,541771
-125.636,47.238,182.445,541792
-125.563,47.028,181.636,541813
-125.484,46.960,180.794,541834
-125.421,46.803,179.915,541855
-125.389,46.678,178.941,541876
-125.800,46.719,177.607,541897
-125.748,46.689,176.540,541918
-125.675,46.653,175.485,541939
-125.904,46.853,174.168,541960
-126.069,46.649,172.894,541981
-126.132,46.441,171.679,542002
-125.982,46.370,170.620,542023
-127.509,46.758,168.208,542044
-129.015,47.267,165.765,542065
-130.411,47.781,163.348,542086
-131.839,48.207,160.867,542107
-133.182,48.410,158.389,542128
-134.471,48.625,155.899,542149
-135.555,48.663,153.502,542170
-136.521,49.072,151.143,542191
-137.446,49.096,148.799,542212
-138.104,49.164,146.585,542233
-138.843,49.580,144.282,542254
-136.968,49.963,145.992,542275
-135.433,50.180,147.303,542296
-134.155,50.605,148.310,542317
-132.558,51.152,149.439,542338
-130.983,51.623,150.468,542359
-129.538,51.687,151.296,542380
-128.565,51.885,151.671,542401
-127.735,52.320,151.872,542422
-126.533,52.589,152.290,542443
-125.584,52.741,152.430,542464
-124.923,53.170,152.323,542485
-124.316,53.505,152.107,542506
-123.845,53.775,151.727,542527
-123.615,54.098,151.104,542548
-123.356,54.257,150.497,542569
-123.616,54.605,149.446,542590
-123.969,54.547,148.318,542611
-124.390,54.475,147.124,542632
-124.893,54.358,145.863,542653
-124.127,54.513,145.942,542674
-123.833,54.785,145.617,542695
-123.277,54.855,145.530,542716
-123.400,54.772,144.878,542737
-123.595,54.928,144.168,542758
-123.826,55.087,143.398,542779
-124.009,54.786,142.689,542800
-124.356,54.463,141.834,542821
-124.676,54.040,140.965,542842
-124.792,53.712,140.244,542863
-125.002,53.413,139.466,542884
-125.312,53.174,138.619,542905
-125.793,52.959,137.654,542926
-126.384,52.417,136.695,542947
-126.979,51.858,135.753,542968
-127.655,51.576,134.739,542989
-127.916,50.895,134.063,543010
-128.317,50.213,133.270,543031
-128.690,49.500,132.475,543052
-129.018,48.749,131.699,543073
-129.087,48.225,131.140,543094
-129.583,47.876,130.242,543115
-129.829,47.144,129.564,543136
-129.990,46.411,128.929,543157
-130.511,46.061,128.039,543178
-130.915,45.750,127.230,543199
-131.123,45.229,126.549,543220
-131.122,45.137,126.010,543241
-130.942,44.998,125.610,543262
-130.753,44.968,125.214,543283
-130.544,44.968,124.870,543304
-130.609,45.146,124.327,543325
-130.667,45.074,123.800,543346
-130.346,45.013,123.526,543367
-130.341,45.105,123.029,543388
-129.811,45.373,122.924,543409
-129.714,45.840,122.534,543430
-129.498,45.959,122.246,543451
-128.986,46.236,122.197,543473
-128.542,46.651,122.114,543494
-128.341,47.189,121.822,543515
-128.055,47.683,121.603,543536
-128.143,48.009,121.084,543557
-128.006,48.560,120.725,543578
-128.118,49.030,120.158,543599
-127.838,49.105,119.878,543620
-127.795,49.188,119.409,543641
-128.017,49.354,118.742,543662
-127.870,49.641,118.309,543683
-127.993,49.571,117.668,543704
-127.776,49.543,117.255,543725
-128.115,49.697,116.423,543746
-128.467,49.696,115.569,543767
-128.350,49.769,115.060,543788
-128.626,49.545,114.254,543809
-128.517,49.507,113.758,543830
-128.690,49.176,113.045,543851
-128.945,48.914,112.274,543872
-128.765,48.847,111.809,543893
-128.679,48.855,111.295,543914
-128.776,48.916,110.619,543935
-128.890,48.544,109.944,543956
-128.735,48.403,109.477,543977
-129.140,48.274,108.581,543998
-129.016,47.910,108.105,544019
-129.151,47.485,107.414,544040
-129.416,47.404,106.663,544061
-129.692,47.122,105.914,544082
-129.903,46.766,105.243,544103
-129.816,46.678,104.809,544124
-129.839,46.644,104.350,544145
-129.798,46.545,103.969,544166
-129.873,46.512,103.515,544187
-129.862,46.366,103.169,544208
-130.354,46.231,102.478,544229
-130.657,45.986,101.961,544250
-130.644,45.903,101.698,544271
-130.718,45.733,101.410,544292
-131.309,45.914,100.797,544313
-131.697,45.822,100.360,544334
-132.025,46.185,99.951,544355
-132.267,46.166,99.604,544376
-132.428,46.554,99.322,544397
-132.823,46.914,98.855,544418
-133.234,47.119,98.374,544439
-133.095,47.284,98.312,544460
-132.933,47.516,98.277,544481
-132.744,47.777,98.253,544502
-132.504,48.058,98.255,544523
-132.155,48.207,98.298,544544
-132.138,48.621,98.087,544565
-131.664,48.603,98.208,544586
-131.607,48.827,97.984,544607
-131.241,49.104,97.989,544628
-130.993,49.052,97.870,544649
-130.488,48.857,97.901,544670
-129.937,48.601,97.944,544691
-129.164,48.642,98.133,544712
-128.408,48.321,98.269,544733
-128.089,48.321,98.107,544754
-127.428,47.940,98.201,544775
-126.771,47.923,98.287,544796
-126.233,47.503,98.298,544817
-125.893,47.373,98.149,544838
-125.127,46.882,98.295,544859
-124.300,46.575,98.489,544880
-123.974,46.157,98.311,544901
-123.401,45.996,98.290,544922
-122.724,45.651,98.321,544943
-122.298,45.506,98.171,544964
-122.266,45.202,97.738,544985
-122.139,44.790,97.351,545006
-121.768,44.701,97.146,545027
-121.913,44.487,96.541,545048
-121.847,44.156,96.117,545069
-121.832,43.865,95.660,545090
-121.615,43.935,95.320,545111
-121.526,44.081,94.900,545132
-121.836,44.077,94.215,545153
-122.186,44.105,93.490,545174
-122.288,44.396,92.942,545195
-122.770,44.568,92.114,545216
-123.057,44.900,91.397,545237
-123.146,45.018,90.797,545258
-123.318,45.232,90.124,545279
-123.510,45.283,89.461,545300
-123.877,45.298,88.670,545321
-124.419,45.419,87.718,545342
-124.709,45.867,86.916,545363
-125.020,46.321,86.043,545384
-125.482,46.435,85.071,545405
-125.967,46.564,84.049,545426
-126.498,46.732,82.999,545447
-126.475,46.830,82.350,545468
-126.566,46.644,81.586,545489
-126.569,46.777,80.866,545510
-126.755,46.944,79.996,545531
-126.775,47.108,79.198,545552
-126.573,47.167,78.540,545573
-126.234,46.992,77.970,545594
-126.288,46.824,77.067,545615
-126.377,46.670,76.150,545636
-126.475,46.670,75.208,545657
-126.328,46.368,74.457,545678
-125.795,46.116,73.999,545699
-125.319,45.798,73.446,545720
-124.907,45.461,72.836,545741
-124.593,45.594,72.099,545762
-124.088,45.727,71.493,545783
-123.733,45.529,70.753,545804
-123.553,45.476,69.889,545825
-123.410,45.506,68.984,545846
-122.892,45.319,68.365,545867
-122.764,45.307,67.429,545888
-122.221,45.422,66.728,545909
-121.647,45.281,66.013,545930
-121.557,45.393,64.927,545951
-121.122,45.618,64.055,545972
-121.068,45.687,62.876,545993
-120.993,45.915,61.690,546014
-120.570,46.178,60.728,546035
-120.433,46.467,59.559,546056
-120.491,46.631,58.224,546077
-120.127,46.568,57.152,546098
-119.923,46.802,55.944,546119
-119.656,46.737,54.712,546140
-119.393,46.783,53.445,546161
-119.187,46.791,52.077,546182
-119.306,46.704,50.433,546203
-119.127,46.768,48.948,546224
-119.467,46.730,47.037,546245
-119.294,46.546,45.456,546266
-119.659,46.393,43.393,546287
-119.615,46.232,41.593,546308
-120.036,45.980,39.400,546329
-119.977,45.661,37.522,546350
-120.076,45.058,35.527,546371
-120.292,44.448,33.476,546392
-120.697,43.907,31.224,546413
-121.139,43.348,28.926,546434
-121.284,42.557,26.754,546455
-121.706,41.822,24.340,546476
-121.978,40.978,21.980,546497
-122.098,40.389,19.659,546518
-122.269,39.834,17.255,546539
-122.411,39.165,14.825,546560
-122.554,38.552,12.350,546581
-122.762,37.710,9.785,546602
-123.213,36.868,7.008,546623
-123.657,36.015,4.155,546644
-124.026,35.106,1.270,546665
-124.316,34.183,358.355,546686
-125.484,32.291,356.222,546707
-126.609,30.285,354.146,546728
-127.539,28.791,352.151,546749
-128.047,27.457,350.354,546770
-128.744,26.366,348.479,546791
-129.293,25.445,346.689,546812
-129.743,24.764,344.998,546833
-129.931,24.625,343.444,546854
-130.125,24.733,341.892,546875
-130.252,24.786,340.379,546896
-130.265,25.098,338.920,546917
-130.219,25.713,337.464,546938
-129.700,26.666,336.226,546959
-129.259,27.606,334.967,546980
-128.670,28.927,333.758,547001
-128.399,30.628,332.377,547022
-128.188,32.408,330.970,547043
-127.710,33.604,329.590,547064
-127.432,35.029,328.087,547085
-126.879,36.778,326.714,547106
-126.373,38.585,325.348,547127
-125.905,40.394,323.948,547148
-125.569,42.284,322.467,547169
-125.462,44.220,320.816,547190
-125.342,46.077,319.155,547211
-125.469,47.920,317.309,547232
-125.663,49.246,315.393,547253
-126.002,50.827,313.355,547274
-126.004,52.182,311.585,547295
-126.318,53.102,309.542,547316
-126.706,53.906,307.457,547337
-126.766,54.845,305.639,547358
-126.995,55.673,303.701,547379
-127.017,56.177,301.912,547400
-127.123,56.299,300.040,547421
-127.746,56.307,297.727,547442
-128.291,56.091,295.476,547463
-128.374,55.818,293.563,547484
-128.420,55.517,291.667,547505
-128.536,54.870,289.661,547526
-128.460,54.273,287.773,547547
-128.553,53.791,285.727,547568
-128.403,53.144,283.841,547589
-128.789,52.331,281.475,547610
-128.846,51.222,279.339,547631
-128.513,50.217,277.445,547652
-129.032,48.982,276.999,547673
-129.111,47.897,276.683,547694
-129.028,46.837,276.367,547715
-128.793,45.584,276.069,547736
-128.506,44.649,275.732,547757
-128.400,43.972,275.188,547778
-128.337,43.121,274.569,547799
-128.176,42.328,273.982,547820
-127.661,41.590,273.591,547841
-127.397,41.017,272.993,547862
-127.303,40.056,272.905,547883
-126.919,39.521,272.925,547904
-126.861,38.968,272.654,547925
-126.679,38.410,272.396,547946
-126.099,38.197,272.341,547967
-125.622,38.224,272.198,547988
-125.155,38.401,272.040,548009
-124.892,38.410,271.717,548030
-124.447,38.431,271.524,548052
-124.105,38.230,271.609,548073
-124.038,38.344,271.511,548094
-123.521,38.574,271.643,548115
-123.056,38.751,271.719,548136
-122.524,39.293,271.841,548157
-122.083,40.042,271.884,548178
-121.984,40.327,271.901,548199
-121.704,41.064,272.054,548220
-121.501,41.902,272.135,548241
-121.507,42.633,272.057,548262
-121.053,43.230,272.253,548283
-121.033,44.090,272.140,548304
-120.522,44.826,272.329,548325
-120.145,45.843,272.389,548346
-119.659,46.686,272.501,548367
-119.354,47.569,272.592,548388
-119.375,48.186,272.425,548409
-119.463,48.925,272.168,548430
-119.485,49.776,271.916,548451
-119.505,50.219,271.639,548472
-119.392,50.547,271.422,548493
-119.541,50.989,270.975,548514
-119.271,51.280,270.808,548535
-118.892,51.651,270.723,548556
-119.060,52.101,270.157,548577
-119.253,52.503,269.509,548598
-119.458,52.837,268.834,548619
-119.227,52.952,268.505,548640
-119.435,52.761,267.769,548661
-119.645,52.423,267.026,548682
-119.480,52.100,266.559,548703
-119.762,51.614,265.733,548724
-119.930,51.444,264.996,548745
-120.428,50.920,263.977,548766
-120.465,50.304,263.330,548787
-121.030,49.959,262.229,548808
-121.598,49.601,261.142,548829
-122.046,48.913,260.135,548850
-122.572,48.258,259.076,548871
-122.725,47.604,258.303,548892
-123.198,46.931,257.292,548913
-123.685,46.281,256.273,548934
-123.839,45.829,255.465,548955
-123.971,45.408,254.697,548976
-124.297,45.191,253.777,548997
-124.850,44.747,252.697,549018
-125.289,44.564,251.703,549039
-125.781,44.236,250.671,549060
-125.935,44.153,249.865,549081
-126.250,43.828,248.951,549102
-126.118,43.651,248.355,549123
-125.936,43.619,247.792,549144
-126.098,43.856,246.984,549165
-126.210,43.761,246.216,549186
-126.252,44.077,245.474,549207
-126.050,44.348,244.913,549228
-126.208,44.572,244.115,549249
-126.253,44.956,243.383,549270
-125.879,45.024,242.924,549291
-125.956,45.128,242.160,549312
-125.503,45.218,241.764,549333
-125.193,45.194,241.268,549354
-124.770,45.294,240.849,549375
-124.852,45.613,240.095,549396
-124.787,45.701,239.447,549417
-124.842,45.896,238.708,549438
-124.912,46.288,237.973,549459
-124.639,46.693,237.435,549480
-124.213,46.792,237.014,549501
-123.785,46.864,236.589,549522
-123.363,46.891,236.163,549543
-123.036,47.074,235.662,549564
-123.117,47.052,234.906,549585
-122.757,47.065,234.480,549606
-122.866,47.230,233.725,549627
-123.007,47.297,232.936,549648
-123.159,47.141,232.075,549669
-123.332,47.078,231.198,549690
-123.518,47.054,230.285,549711
-123.227,46.959,229.730,549732
-123.362,46.626,228.837,549753
-123.362,46.636,228.051,549774
-123.211,46.464,227.387,549795
-123.056,46.158,226.727,549816
-123.075,45.734,225.962,549837
-123.401,45.530,225.004,549858
-123.386,45.491,224.285,549879
-123.556,45.457,223.433,549900
-123.511,45.018,222.708,549921
-123.765,44.678,221.781,549942
-124.114,44.644,220.801,549963
-124.432,44.715,219.839,549984
-124.390,44.482,219.156,550005
-124.799,44.324,218.194,550026
-125.206,44.447,217.236,550047
-125.234,44.439,216.533,550068
-125.245,44.387,215.808,550089
-125.264,44.224,215.079,550110
-125.531,44.023,214.176,550131
-125.583,44.217,213.400,550152
-125.472,44.232,212.758,550173
-125.388,44.365,212.097,550194
-125.496,44.552,211.308,550215
-125.405,44.632,210.671,550236
-125.643,44.484,209.813,550257
-125.855,44.353,208.990,550278
-125.957,44.209,208.238,550299
-125.858,44.440,207.627,550320
-125.581,44.555,207.134,550341
-125.425,44.465,206.521,550362
-125.115,44.615,206.003,550383
-124.958,44.568,205.407,550404
-124.593,44.682,204.931,550425
-124.267,44.733,204.473,550446
-124.262,44.846,203.773,550467
-124.278,45.145,203.090,550488
-124.287,45.513,202.432,550509
-124.030,45.561,201.971,550530
-123.618,45.953,201.611,550551
-123.618,46.253,200.951,550572
-123.246,46.599,200.533,550593
-122.832,46.821,200.124,550614
-122.529,47.127,199.610,550635
-122.670,47.433,198.725,550656
-122.600,47.754,197.959,550677
-122.577,47.631,197.149,550698
-122.823,47.843,196.107,550719
-122.767,47.716,195.260,550740
-122.758,47.967,194.336,550761
-123.054,47.903,193.199,550782
-123.022,47.726,192.271,550804
-123.414,47.710,191.000,550825
-123.510,47.489,189.908,550846
-124.003,47.443,188.538,550867
-124.175,47.591,187.374,550888
-124.429,47.379,186.143,550909
-125.101,47.531,184.543,550930
-125.346,47.360,183.211,550951
-125.938,47.115,181.573,550972
-126.281,47.097,180.069,550993
-127.129,47.146,178.165,551014
-127.592,47.190,176.490,551035
-128.286,46.892,174.596,551056
-128.773,46.935,172.814,551077
-129.167,46.545,171.072,551098
-129.833,46.477,169.092,551119
-130.315,46.119,167.238,551140
-130.782,46.109,165.388,551161
-131.147,46.129,163.593,551182
-131.268,46.168,161.963,551203
-131.290,45.877,160.388,551224
-131.541,46.043,158.633,551245
-131.766,45.846,156.857,551266
-131.964,45.678,155.073,551287
-131.954,45.594,153.419,551308
-131.983,45.512,151.710,551329
-131.998,45.459,150.020,551350
-131.916,45.792,148.363,551371
-131.889,46.182,146.670,551392
-131.860,46.608,144.957,551413
-132.050,47.041,143.084,551434
-131.966,47.472,141.387,551455
-131.692,47.761,139.833,551476
-131.411,47.841,138.254,551497
-131.162,48.143,136.646,551518
-131.385,48.306,134.687,551539
-131.072,48.422,133.143,551560
-131.307,48.631,131.195,551581
-131.481,48.689,129.263,551602
-131.430,48.601,127.464,551623
-131.474,48.537,125.588,551644
-131.617,48.633,123.643,551665
-131.268,48.497,122.077,551686
-131.225,48.466,120.288,551707
-130.734,48.369,118.835,551728
-130.211,48.324,117.386,551749
-129.749,48.316,115.883,551770
-129.308,48.355,114.341,551791
-128.799,48.295,112.860,551812
-128.786,48.309,111.022,551833
-128.614,47.955,109.276,551854
-128.633,47.705,107.413,551875
-128.575,47.429,105.613,551896
-128.143,46.975,104.107,551917
-127.459,46.647,102.745,551938
-127.284,46.376,101.014,551959
-126.745,46.346,99.551,551980
-126.336,46.371,97.973,552001
-126.196,46.129,96.219,552022
-125.908,45.803,94.566,552043
-125.842,45.758,92.745,552064
-125.770,45.737,90.920,552085
-125.947,44.615,89.783,552106
-126.063,43.592,88.705,552127
-125.956,42.701,87.744,552148
-125.832,41.956,86.779,552169
-125.613,41.470,85.885,552190
-125.449,40.925,84.951,552211
-125.248,40.778,84.028,552232
-125.067,40.734,83.074,552253
-124.827,40.713,82.168,552274
-124.937,40.845,81.044,552295
-124.854,41.122,80.040,552316
-124.518,41.340,79.166,552337
-124.184,41.580,78.286,552358
-124.115,42.076,77.217,552379
-124.078,42.658,76.129,552400
-124.260,43.040,74.895,552421
-124.444,43.470,73.658,552442
-124.535,43.834,72.480,552463
-124.743,44.355,71.220,552484
-124.938,44.834,69.951,552505
-125.181,45.302,68.642,552526
-125.036,45.644,67.605,552547
-124.854,46.062,66.590,552568
-124.731,46.563,65.525,552589
-124.840,47.179,64.290,552610
-124.768,47.496,63.174,552631
-125.058,48.021,61.781,552652
-125.529,48.209,60.271,552673
-125.945,48.544,58.775,552694
-126.400,48.486,57.245,552715
-126.433,48.565,56.037,552736
-126.439,48.573,54.840,552757
-126.497,48.287,53.580,552778
-126.516,48.112,52.321,552799
-126.708,48.079,50.903,552820
-127.146,47.673,49.286,552841
-127.600,47.262,47.654,552862
-128.025,46.776,46.037,552883
-128.428,46.350,44.439,552904
-128.542,45.642,43.061,552925
-128.697,45.018,41.641,552946
-128.398,44.585,40.529,552967
-128.009,44.095,39.479,552988
-127.694,43.810,38.352,553009
-127.668,43.302,37.029,553030
-127.509,43.198,35.787,553051
-127.147,43.082,34.683,553072
-126.726,42.723,33.602,553093
-126.256,42.496,32.540,553114
-126.007,42.220,31.326,553135
-126.176,42.467,30.195,553156
-126.320,42.969,29.086,553177
-126.411,43.486,27.975,553198
-126.646,44.150,26.761,553219
-127.092,44.533,25.379,553240
-127.446,44.855,24.066,553261
-127.828,45.315,22.715,553282
-128.113,45.843,21.411,553303
-128.366,46.184,20.105,553324
-128.266,46.320,19.012,553345
-128.445,46.623,17.680,553366
-128.121,46.999,16.725,553387
-127.823,47.346,15.719,553408
-127.523,47.389,14.706,553429
-127.735,47.547,13.338,553450
-127.653,47.389,12.149,553471
-127.318,47.154,11.159,553492
-127.293,46.874,9.964,553513
-127.014,46.864,8.972,553534
-126.522,46.502,8.160,553555
-126.075,46.340,7.298,553576
-125.569,46.142,6.485,553597
-124.927,45.843,5.794,553618
-124.819,45.544,4.662,553639
-124.661,45.313,3.601,553660
-124.523,45.010,2.555,553681
-124.058,44.538,1.764,553702
-124.007,44.261,0.702,553723
-123.859,43.872,359.701,553744
-123.400,43.552,358.934,553765
-123.381,43.253,357.817,553786
-123.035,43.223,356.943,553807
-122.712,43.268,356.089,553828
-122.655,43.373,355.058,553849
-122.635,43.159,354.009,553870
-122.629,43.293,352.998,553891
-122.769,43.386,351.914,553912
-122.889,43.295,350.865,553933
-123.028,43.228,349.829,553954
-122.843,43.158,349.014,553975
-122.827,43.453,348.090,553996
-122.764,43.696,347.191,554017
-122.914,44.086,346.151,554038
-123.455,44.354,344.832,554059
-124.029,44.481,343.485,554080
-124.542,44.539,342.187,554101
-124.758,44.709,341.090,554122
-125.440,44.907,339.648,554143
-125.664,45.220,338.499,554164
-125.847,45.495,337.364,554185
-126.062,45.804,336.191,554206
-126.332,46.165,334.966,554227
-126.795,46.552,333.592,554248
-127.371,46.652,332.095,554269
-127.725,46.968,330.723,554290
-127.828,47.176,329.522,554311
-128.386,47.211,327.963,554332
-128.535,47.011,326.673,554353
-128.869,46.825,325.229,554374
-128.817,46.657,324.042,554395
-128.887,46.835,322.743,554416
-128.935,47.025,321.433,554437
-128.671,46.847,320.299,554458
-128.850,46.756,318.830,554479
-128.961,46.661,317.379,554500
-128.727,46.368,316.142,554521
-128.816,46.369,314.658,554542
-128.636,46.003,313.331,554563
-128.160,45.838,312.187,554584
-127.863,45.845,310.914,554605
-127.393,45.737,309.757,554626
-127.130,45.794,308.421,554647
-127.140,45.837,306.901,554668
-127.111,45.896,305.361,554689
-126.649,45.619,304.093,554710
-126.281,45.310,302.717,554731
-125.801,45.216,301.427,554752
-125.310,45.111,300.142,554773
-124.941,44.880,298.774,554794
-124.510,44.723,297.407,554815
-124.111,44.897,296.003,554836
-124.155,45.038,294.239,554857
-124.245,45.045,292.410,554878
-124.375,45.038,290.524,554899
-124.283,44.915,288.775,554920
-124.358,44.874,286.892,554941
-124.414,45.274,284.989,554962
-124.240,45.475,283.228,554983
-124.063,45.632,281.424,555004
-124.016,46.011,279.480,555025
-124.022,46.419,277.496,555046
-124.388,46.900,275.220,555067
-124.804,47.178,272.914,555088
-124.686,47.448,270.952,555109
-124.914,47.502,268.751,555130
-125.265,47.583,266.401,555151
-125.323,47.514,264.254,555172
-125.379,47.771,262.079,555193
-125.552,48.040,259.804,555214
-125.468,47.953,257.745,555235
-125.908,48.051,255.324,555256
-126.224,47.926,252.992,555277
-126.527,47.984,250.672,555298
-126.312,47.786,248.709,555319
-126.213,47.481,246.673,555340
-126.013,47.466,244.725,555361
-125.811,47.184,242.819,555382
-125.531,46.953,240.996,555403
-125.773,46.902,238.830,555424
-125.498,46.669,237.051,555445
-125.536,46.844,235.054,555466
-125.618,46.682,233.027,555487
-125.568,46.441,231.093,555508
-125.147,46.331,229.454,555529
-124.749,46.328,227.842,555550
-124.773,46.248,225.928,555571
-124.831,46.399,224.013,555592
-124.853,46.570,222.145,555613
-124.569,46.668,220.497,555634
-125.997,47.651,218.670,555655
-127.901,48.657,216.431,555676
-129.795,49.727,214.157,555697
-131.660,50.727,211.821,555718
-133.461,51.700,209.487,555739
-135.320,52.514,207.057,555760
-136.505,53.187,205.152,555781
-137.734,53.781,203.177,555802
-138.969,54.229,201.170,555823
-140.146,54.727,199.167,555844
-141.556,55.359,196.932,555865
-143.372,55.748,194.304,555886
-144.903,55.844,191.872,555907
-146.312,56.155,189.495,555928
-147.381,56.373,187.370,555949
-148.517,56.517,185.185,555970
-149.671,56.524,182.954,555991
-150.202,56.478,181.240,556012
-150.835,56.403,179.433,556033
-151.035,56.193,177.948,556054
-149.264,56.009,180.421,556075
-148.075,55.763,182.168,556096
-148.193,55.526,182.540,556117
-148.768,55.294,182.378,556138
-149.253,55.003,182.201,556159
-149.442,54.661,182.191,556180
-149.465,54.330,182.276,556201
-149.105,54.101,182.617,556222
-149.199,53.900,182.486,556243
-149.723,53.785,181.977,556264
-149.576,53.730,181.938,556285
-149.643,53.989,181.640,556306
-149.549,53.855,181.421,556327
-149.448,53.741,181.154,556348
-149.200,54.019,180.949,556369
-148.525,54.163,181.062,556390
-147.675,54.238,181.286,556411
-147.374,54.160,181.057,556432
-147.538,54.397,180.668,556453
-147.631,54.582,180.270,556474
-147.459,54.780,180.033,556495
-147.209,54.599,179.892,556516
-146.650,54.338,179.934,556537
-145.758,54.343,180.181,556558
-144.760,54.033,180.477,556579
-143.587,53.886,180.852,556600
-142.414,53.780,181.163,556621
-141.208,53.437,181.460,556642
-140.016,53.097,181.702,556663
-138.931,53.159,181.839,556684
-137.914,52.902,181.868,556705
-136.344,52.814,182.300,556726
-134.931,52.405,182.565,556747
-133.656,51.975,182.694,556768
-132.030,51.745,183.097,556789
-131.083,51.412,182.925,556810
-129.694,50.866,183.086,556831
-128.268,50.485,183.259,556852
-126.921,50.083,183.362,556873
-125.962,49.470,183.177,556894
-125.117,49.162,182.892,556915
-123.910,48.471,182.853,556936
-122.720,47.935,182.792,556957
-121.802,47.200,182.513,556978
-120.727,46.627,182.345,556999
-120.075,45.965,181.851,557020
-119.612,45.514,181.259,557041
-119.221,45.089,180.586,557062
-118.471,44.846,180.188,557083
-118.120,44.798,179.517,557104
-118.033,44.573,178.626,557125
-118.066,44.352,177.646,557146
-117.979,44.029,176.736,557167
-117.773,43.817,175.911,557188
-117.628,43.686,175.039,557209
-117.584,43.799,174.092,557230
-117.830,44.109,172.957,557251
-118.332,44.438,171.636,557272
-118.985,44.703,170.196,557293
-119.487,45.161,168.826,557314
-120.235,45.514,167.306,557335
-120.642,45.587,166.026,557356
-121.228,45.685,164.605,557377
-122.025,45.879,163.036,557398
-122.536,45.949,161.662,557419
-123.451,46.231,160.002,557440
-124.030,46.671,158.571,557461
-124.968,47.076,156.891,557482
-125.800,47.504,155.270,557503
-126.270,47.609,153.926,557524
-127.251,47.665,152.170,557545
-128.226,47.626,150.408,557566
-128.681,47.644,149.024,557587
-129.138,47.426,147.641,557608
-129.778,47.579,146.115,557629
-130.342,47.730,144.633,557650
-131.055,47.868,143.034,557671
-131.718,47.747,141.459,557692
-132.130,47.564,140.058,557713
-132.492,47.456,138.693,557734
-132.761,47.342,137.382,557755
-132.552,47.255,136.439,557776
-132.649,47.081,135.248,557797
-132.367,47.157,134.350,557818
-132.022,47.194,133.477,557839
-131.686,47.271,132.594,557860
-131.791,47.431,131.399,557881
-131.873,47.499,130.212,557902
-131.718,47.712,129.184,557923
-131.524,47.533,128.184,557944
-130.964,47.377,127.454,557965
-130.386,47.184,126.710,557986
-129.778,47.332,125.995,558007
-129.140,47.124,125.336,558028
-128.421,47.000,124.742,558049
-128.248,47.107,123.763,558070
-128.039,47.184,122.840,558091
-127.333,47.229,122.270,558112
-127.116,47.220,121.366,558133
-126.521,46.990,120.746,558154
-125.834,46.724,120.164,558175
-125.108,46.814,119.611,558196
-124.398,46.541,119.031,558217
-124.179,46.563,118.071,558238
-123.942,46.679,117.134,558259
-123.572,46.789,116.317,558280
-123.557,46.686,115.246,558301
-123.595,46.601,114.139,558322
-123.533,46.385,113.105,558343
-123.524,46.175,112.025,558364
-123.476,46.256,110.951,558385
-123.086,46.161,110.108,558406
-122.778,46.107,109.202,558427
-122.868,46.163,108.004,558448
-123.032,45.858,106.762,558469
-122.844,45.598,105.793,558490
-122.795,45.663,104.700,558511
-122.668,45.506,103.640,558532
-123.071,45.451,102.227,558553
-123.122,45.557,101.055,558574
-123.127,45.535,99.906,558595
-123.140,45.483,98.725,558616
-123.534,45.343,97.318,558637
-123.961,45.527,95.854,558658
-124.428,45.681,94.385,558679
-124.699,45.593,93.083,558700
-125.032,45.872,91.718,558721
-125.087,46.207,90.576,558742
-125.178,46.528,89.395,558763
-125.152,46.419,88.312,558784
-125.097,46.325,87.198,558805
-125.324,46.216,85.866,558826
-125.155,46.243,84.811,558847
-125.480,46.443,83.360,558868
-125.515,46.718,82.105,558889
-125.829,46.855,80.646,558910
-125.904,46.745,79.345,558931
-126.139,47.016,77.897,558952
-126.358,46.996,76.471,558973
-126.167,46.888,75.338,558994
-125.994,47.077,74.170,559015
-125.690,47.106,73.048,559036
-125.439,46.957,71.864,559057
-125.164,47.014,70.701,559078
-125.270,47.243,69.217,559099
-125.384,47.050,67.705,559120
-125.704,46.996,66.037,559141
-126.037,47.062,64.328,559162
-125.873,47.012,62.960,559183
-125.963,46.739,61.411,559204
-125.863,46.465,59.993,559225
-125.742,46.373,58.576,559246
-125.989,46.079,56.885,559267
-125.945,46.021,55.360,559288
-126.333,45.841,53.505,559309
-127.223,46.534,52.152,559330
-128.411,47.316,50.517,559351
-129.605,47.969,48.786,559372
-130.782,48.245,47.002,559393
-131.418,48.292,45.561,559414
-131.972,48.533,44.123,559435
-132.555,48.770,42.637,559456
-132.809,48.743,41.348,559477
-133.494,48.690,39.681,559498
-134.020,48.406,38.069,559519
-134.477,48.168,36.497,559540
-134.821,47.915,34.963,559561
-135.018,47.568,33.574,559582
-134.998,47.066,32.293,559603
-134.340,46.538,31.458,559624
-133.729,45.932,30.570,559645
-133.143,45.617,29.663,559666
-132.479,45.244,28.784,559687
-131.723,45.054,27.977,559708
-131.262,44.683,26.943,559729
-130.325,44.280,26.248,559750
-129.693,44.119,25.299,559771
-128.443,43.853,24.769,559792
-127.349,43.759,24.075,559813
-126.542,43.722,23.194,559834
-125.355,43.628,22.533,559855
-124.306,43.641,21.783,559876
-123.012,43.279,21.160,559897
-122.185,43.175,20.246,559918
-121.372,42.974,19.286,559939
-120.356,42.649,18.479,559960
-119.566,42.434,17.526,559981
-118.929,42.415,16.491,560002
-118.022,42.205,15.665,560023
-117.102,42.327,14.843,560044
-116.228,42.512,14.007,560065
-115.422,42.698,13.118,560086
-114.736,43.052,12.144,560107
-114.129,43.476,11.116,560128
-113.909,44.082,9.855,560149
-113.897,44.358,8.419,560170
-114.052,44.748,6.878,560191
-114.236,45.005,5.362,560212
-114.273,45.321,3.951,560233
-114.772,45.593,2.218,560254
-115.146,46.188,0.570,560275
-115.697,46.770,358.801,560296
-116.212,47.174,357.074,560317
-117.336,47.569,354.890,560338
-118.550,47.813,352.662,560359
-119.674,47.873,350.508,560380
-120.955,47.956,348.259,560401
-122.226,47.910,346.015,560422
-123.429,47.692,343.839,560443
-124.192,47.530,341.986,560464
-125.431,47.308,339.783,560485
-126.628,46.994,337.615,560506
-127.789,46.605,335.465,560527
-128.629,46.326,333.572,560548
-129.573,45.698,331.578,560569
-130.286,44.957,329.744,560590
-131.031,44.666,327.859,560611
-131.452,44.249,326.183,560632
-131.685,43.786,324.613,560653
-132.231,43.573,322.783,560674
-132.359,43.379,321.232,560695
-132.329,43.206,319.811,560716
-132.168,43.051,318.433,560737
-132.278,42.762,316.843,560758
-132.244,42.524,315.322,560779
-132.074,42.322,313.873,560800
-131.494,42.275,312.655,560821
-131.242,42.595,311.176,560842
-130.602,42.571,309.921,560863
-129.945,42.800,308.649,560884
-129.317,42.838,307.310,560905
-129.216,42.595,306.948,560926
-129.414,42.485,306.358,560947
-129.666,42.287,305.644,560968
-129.440,42.267,305.229,560989
-129.591,42.170,304.526,561010
-129.666,42.103,303.851,561031
-129.530,42.050,303.315,561052
-129.066,42.296,302.931,561073
-128.620,42.773,302.523,561094
-128.224,43.345,302.068,561115
-127.830,44.021,301.605,561136
-127.505,44.741,301.056,561157
-127.214,45.093,300.448,561178
-126.833,45.406,299.873,561199
-126.077,45.822,299.539,561220
-125.903,46.329,298.753,561241
-125.405,46.531,298.163,561262
-125.107,47.151,297.429,561283
-124.532,47.526,296.857,561304
-124.041,47.942,296.236,561325
-124.073,48.262,295.214,561346
-123.620,48.381,294.514,561367
-123.185,48.598,293.802,561388
-122.889,48.566,292.949,561409
-122.996,48.633,291.812,561430
-122.898,48.493,290.850,561451
-122.632,48.365,290.009,561472
-122.408,48.529,289.158,561493
-122.301,48.728,288.212,561514
-122.478,48.844,287.058,561535
-122.635,48.683,285.936,561556
-122.319,48.494,285.149,561577
-122.212,48.096,284.208,561598
-121.946,47.692,283.401,561619
-121.826,47.679,282.505,561640
-121.633,47.232,281.671,561661
-121.773,47.041,280.611,561682
-121.511,47.051,279.865,561703
-121.197,47.103,279.174,561724
-120.694,47.032,278.637,561745
-120.708,46.988,277.759,561766
-120.621,46.929,276.974,561787
-120.543,46.942,276.211,561808
-120.113,46.934,275.700,561829
-119.968,46.914,274.982,561850
-119.815,47.325,274.280,561871
-119.498,47.263,273.691,561892
-119.425,47.645,272.951,561913
-119.335,47.596,272.237,561934
-119.419,47.958,271.430,561955
-119.610,48.276,270.575,561976
-119.767,48.618,269.738,561997
-119.680,48.549,269.119,562018
-119.758,48.499,268.408,562039
-120.049,48.715,267.503,562060
-120.415,48.892,266.532,562081
-120.303,48.897,265.931,562102
-120.413,49.113,265.165,562123
-120.436,49.198,264.485,562144
-120.907,49.376,263.447,562165
-121.102,49.545,262.618,562186
-121.445,49.284,261.697,562207
-121.757,48.991,260.791,562228
-121.829,48.679,260.095,562249
-121.782,48.447,259.476,562270
-122.072,48.159,258.588,562291
-122.478,48.162,257.623,562312
-122.546,48.249,256.923,562333
-122.853,48.006,256.030,562354
-123.196,47.822,255.104,562375
-123.421,47.910,254.276,562396
-123.760,47.728,253.358,562417
-123.598,47.689,252.837,562438
-123.324,47.506,252.386,562459
-123.421,47.226,251.706,562480
-123.182,46.945,251.276,562501
-122.877,46.874,250.871,562522
-122.976,46.974,250.165,562543
-122.951,47.058,249.541,562564
-123.060,47.136,248.819,562585
-123.134,46.835,248.169,562606
-123.004,46.487,247.666,562627
-122.834,46.141,247.217,562648
-122.885,45.855,246.617,562669
-122.571,45.781,246.295,562690
-122.429,45.891,245.844,562711
-122.518,45.717,245.222,562732
-122.499,45.877,244.695,562753
-122.556,46.008,244.135,562774
-122.700,45.893,243.501,562795
-122.406,45.742,243.189,562816
-122.321,45.927,242.746,562837
-122.133,45.712,242.404,562858
-121.893,45.724,242.117,562879
-121.646,45.646,241.855,562900
-121.420,45.466,241.558,562922
-121.658,45.489,240.954,562943
-121.904,45.612,240.328,562964
-122.186,45.744,239.694,562985
-122.471,45.784,239.053,563006
-122.327,45.949,238.723,563027
-122.097,45.965,238.458,563048
-122.312,45.908,237.873,563069
-122.115,46.066,237.558,563090
-121.865,46.189,237.270,563111
-121.781,46.442,236.990,563132
-122.092,46.683,236.430,563153
-122.381,46.770,235.886,563174
-122.520,46.739,235.447,563195
-122.795,46.995,234.888,563216
-122.838,46.877,234.470,563237
-122.559,46.825,234.300,563258
-122.667,46.752,233.833,563279
-122.285,46.806,233.722,563300
-121.961,46.866,233.533,563321
-121.937,47.014,233.152,563342
-122.013,46.888,232.680,563363
-122.136,46.830,232.152,563384
-121.884,46.500,231.916,563405
-121.774,46.171,231.548,563426
-121.441,45.994,231.327,563447
-121.575,45.802,230.757,563468
-121.276,45.782,230.473,563489
-120.851,45.505,230.293,563510
-120.493,45.472,230.062,563531
-120.160,45.513,229.806,563552
-119.808,45.605,229.551,563573
-119.845,45.655,229.030,563594
-119.887,45.711,228.495,563615
-119.937,45.830,227.930,563636
-119.852,45.705,227.436,563657
-119.487,45.913,227.112,563678
-119.482,45.887,226.549,563699
-119.364,46.326,226.093,563720
-119.013,46.457,225.795,563741
-118.907,46.930,225.351,563762
-118.885,47.026,224.852,563783
-118.422,47.217,224.648,563804
-118.051,47.251,224.357,563825
-117.584,47.342,224.127,563846
-117.456,47.285,223.639,563867
-117.484,47.633,223.037,563888
-117.697,47.864,222.307,563909
-117.390,47.851,221.950,563930
-117.135,48.026,221.559,563951
-117.094,48.268,220.980,563972
-117.333,48.212,220.241,563993
-117.590,48.119,219.477,564014
-117.694,47.857,218.839,564035
-118.100,47.843,217.968,564056
-118.106,47.901,217.390,564077
-118.077,47.677,216.802,564098
-118.560,47.552,215.848,564119
-118.590,47.491,215.234,564140
-118.592,47.419,214.652,564161
-119.075,47.242,213.716,564182
-119.211,46.834,213.040,564203
-119.535,46.875,212.210,564224
-120.034,46.723,211.239,564245
-120.567,46.534,210.237,564266
-120.616,46.232,209.575,564287
-120.668,46.053,208.914,564308
-120.805,46.012,208.203,564329
-120.875,45.782,207.547,564350
-121.062,45.873,206.791,564371
-121.154,45.669,206.094,564392
-121.538,45.522,205.154,564413
-121.906,45.476,204.244,564434
-122.221,45.476,203.383,564455
-122.485,45.489,202.536,564476
-122.237,45.478,202.049,564497
-122.060,45.654,201.535,564518
-122.044,45.939,200.889,564539
-122.017,46.222,200.275,564560
-122.346,46.461,199.414,564581
-122.361,46.772,198.748,564602
-122.750,46.918,197.843,564623
-123.150,47.056,196.917,564644
-123.297,47.006,196.190,564665
-123.179,47.021,195.665,564686
-123.013,47.194,195.182,564707
-122.845,47.131,194.698,564728
-123.051,47.365,193.966,564749
-123.044,47.564,193.386,564770
-123.080,47.306,192.786,564791
-123.445,47.320,191.937,564812
-123.813,47.317,191.087,564833
-123.886,47.009,190.458,564854
-124.191,46.761,189.667,564875
-124.492,46.810,188.880,564896
-124.383,46.507,188.390,564917
-124.272,46.217,187.885,564938
-124.191,46.086,187.384,564959
-124.607,45.969,186.520,564980
-124.565,45.911,185.979,565001
-124.719,46.004,185.292,565022
-125.162,45.919,184.403,565043
-125.598,45.786,183.519,565064
-125.728,45.485,182.856,565085
-125.790,45.217,182.232,565106
-125.704,45.296,181.711,565127
-125.572,45.422,181.211,565148
-125.459,45.231,180.692,565169
-125.210,45.338,180.263,565190
-125.058,45.559,179.747,565211
-125.304,45.707,178.979,565232
-125.529,45.791,178.226,565253
-125.755,45.852,177.481,565274
-125.981,45.982,176.723,565295
-126.201,46.237,175.951,565316
-125.937,46.282,175.492,565337
-125.678,46.319,175.039,565358
-125.670,46.695,174.383,565379
-125.707,47.092,173.679,565400
-125.892,47.487,172.859,565421
-126.089,47.886,172.037,565442
-125.889,47.911,171.514,565463
-125.828,47.863,170.884,565484
-125.789,47.785,170.261,565505
-125.684,47.708,169.654,565526
-125.879,47.684,168.839,565547
-125.744,47.908,168.309,565568
-125.948,48.190,167.540,565589
-126.326,48.273,166.635,565610
-126.793,48.346,165.642,565631
-127.256,48.545,164.635,565652
-127.275,48.458,163.967,565673
-127.396,48.285,163.220,565694
-127.801,48.139,162.288,565715
-128.354,48.093,161.254,565736
-128.449,48.149,160.558,565757
-128.495,48.170,159.910,565778
-128.805,48.381,159.077,565799
-128.858,48.435,158.441,565820
-128.925,48.510,157.772,565841
-129.472,48.445,156.745,565862
-129.857,48.193,155.811,565883
-129.822,48.168,155.197,565904
-129.942,47.857,154.458,565925
-129.906,47.554,153.797,565946
-130.169,47.619,152.902,565967
-130.399,47.638,152.034,565988
-130.663,47.599,151.110,566009
-130.299,47.465,150.634,566030
-130.206,47.528,149.928,566051
-129.938,47.541,149.349,566072
-129.713,47.183,148.730,566093
-129.316,46.941,148.252,566114
-128.983,46.996,147.696,566135
-128.883,46.748,146.956,566156
-128.388,46.753,146.484,566177
-127.783,46.660,146.039,566198
-127.735,46.652,145.197,566219
-127.367,46.767,144.564,566240
-127.000,46.831,143.884,566261
-126.559,46.793,143.284,566282
-126.151,46.553,142.658,566303
-126.127,46.301,141.719,566324
-125.916,46.027,140.928,566345
-125.901,45.813,139.961,566366
-126.075,45.968,138.841,566387
-126.277,46.036,137.658,566408
-126.030,46.085,136.806,566429
-125.813,46.075,135.892,566450
-125.995,46.012,134.705,566471
-125.781,46.115,133.781,566492
-125.907,46.103,132.590,566513
-125.626,46.183,131.664,566534
-125.414,46.128,130.691,566555
-125.517,46.491,129.442,566576
-125.637,46.765,128.174,566597
-125.537,47.098,127.028,566618
-125.600,47.191,125.761,566639
-125.409,47.087,124.688,566660
-125.306,47.023,123.538,566681
-125.017,47.294,122.495,566702
-124.680,47.516,121.478,566723
-124.505,47.366,120.346,566744
-123.891,47.304,119.522,566765
-123.383,47.394,118.611,566786
-122.975,47.146,117.631,566807
-122.488,46.957,116.688,566828
-122.453,47.072,115.382,566849
-122.586,47.046,113.927,566870
-122.756,47.023,112.445,566891
-122.792,46.751,111.053,566912
-122.549,46.464,109.862,566933
-122.330,46.417,108.648,566954
-122.115,46.327,107.435,566975
-121.885,46.088,106.222,566996
-121.770,46.085,104.894,567017
-121.697,46.023,103.522,567038
-122.041,45.790,101.840,567059
-122.337,45.518,100.204,567080
-122.774,45.344,98.497,567101
-123.074,45.109,96.854,567122
-123.543,45.002,95.076,567143
-123.758,44.708,93.472,567164
-124.147,44.470,91.723,567185
-124.178,44.505,90.212,567206
-124.349,44.603,88.606,567227
-124.552,44.305,86.952,567248
-124.891,44.207,85.210,567269
-125.148,44.333,83.525,567290
-125.372,44.153,81.841,567311
-125.500,44.342,80.188,567332
-125.714,44.182,78.493,567353
-125.489,44.049,77.065,567374
-125.379,43.772,75.520,567395
-125.161,43.649,74.023,567416
-124.943,43.549,72.451,567437
-124.891,43.218,70.746,567458
-125.075,42.965,68.845,567479
-125.197,43.007,66.928,567500
-125.088,43.056,65.177,567521
-125.115,43.120,63.308,567542
-125.084,42.794,61.481,567563
-124.662,42.527,59.881,567584
-124.647,42.472,58.006,567605
-124.206,42.485,56.371,567626
-124.107,42.303,54.479,567647
-124.068,42.258,52.532,567668
-123.997,42.334,50.571,567689
-123.603,42.088,48.807,567710
-123.269,41.859,46.979,567731
-123.022,41.674,45.096,567752
-122.885,42.027,43.113,567773
-122.548,42.228,41.221,567794
-122.190,42.466,39.348,567815
-121.838,42.556,37.476,567836
-121.850,42.754,35.373,567857
-121.747,43.196,33.329,567878
-121.642,43.305,31.319,567899
-121.449,43.353,29.379,567920
-121.052,43.750,27.607,567941
-120.648,44.102,25.842,567962
-120.706,44.373,23.759,567983
-120.378,44.692,21.981,568004
-120.599,45.162,19.818,568025
-119.244,45.608,19.464,568046
-117.979,46.223,19.038,568067
-116.690,46.836,18.638,568088
-115.409,47.305,18.232,568109
-114.199,47.467,17.760,568131
-113.225,47.461,17.072,568152
-112.239,47.681,16.398,568173
-111.384,47.921,15.615,568194
-110.882,48.237,14.566,568215
-110.606,48.220,13.396,568236
-110.473,48.323,12.125,568257
-110.458,48.424,10.772,568278
-110.165,48.347,9.605,568299
-110.461,48.240,7.991,568320
-110.535,48.193,6.529,568341
-110.779,48.104,4.898,568362
-111.107,48.020,3.175,568383
-111.576,47.765,1.316,568404
-112.157,47.812,359.373,568425
-112.924,47.887,357.263,568446
-113.837,47.532,355.026,568467
-114.829,47.191,352.670,568488
-115.910,46.864,350.186,568509
-116.930,46.394,347.716,568530
-117.749,45.928,345.333,568551
-118.653,45.409,342.844,568572
-119.536,45.239,340.287,568593
-120.870,44.602,339.334,568614
-122.161,44.064,338.251,568635
-123.715,43.438,336.901,568656
-125.066,42.848,335.625,568677
-126.236,42.307,334.385,568698
-127.282,41.861,333.162,568719
-128.203,41.469,331.950,568740
-129.033,41.110,330.768,568761
-129.741,40.808,329.595,568782
-130.187,40.904,328.531,568803
-130.696,40.914,327.372,568824
-131.059,41.130,326.221,568845
-131.350,41.333,325.058,568866
-131.473,41.721,323.951,568887
-131.282,41.786,322.988,568908
-130.841,41.918,322.179,568929
-130.280,42.148,321.388,568950
-129.619,42.417,320.641,568971
-128.864,42.729,319.895,568992
-128.118,43.381,319.116,569013
-127.652,43.755,318.155,569034
-127.148,44.241,317.483,569055
-126.414,44.684,316.948,569076
-125.971,45.197,316.204,569097
-125.054,45.527,315.770,569118
-124.113,45.862,315.343,569139
-123.385,46.408,314.748,569160
-122.343,46.654,314.361,569181
-121.273,46.862,313.973,569202
-120.220,47.258,313.563,569223
-119.543,47.709,312.846,569244
-118.941,48.021,312.022,569265
-118.370,48.232,311.176,569286
-117.670,48.154,310.431,569307
-117.224,48.191,309.480,569328
-116.383,48.129,308.828,569349
-115.819,47.889,307.965,569370
-115.184,47.824,307.166,569391
-114.715,47.611,306.207,569412
-114.337,47.641,305.170,569433
-114.271,47.346,303.889,569454
-114.438,47.444,302.430,569475
-114.718,47.370,300.880,569496
-114.842,47.105,299.448,569517
-115.193,46.898,297.839,569538
-115.288,46.986,296.396,569559
-115.486,47.118,294.865,569580
-115.873,46.846,293.238,569601
-116.561,46.855,291.360,569622
-117.354,46.852,289.414,569643
-118.112,46.856,287.511,569664
-118.824,46.630,285.681,569685
-119.137,46.399,284.114,569706
-119.983,46.348,282.141,569727
-120.489,46.338,280.402,569748
-121.076,46.360,278.624,569769
-121.857,45.992,276.702,569790
-122.316,45.782,275.007,569811
-122.931,45.428,273.212,569832
-123.884,45.482,271.188,569853
-124.851,45.366,269.171,569874
-125.772,45.374,267.211,569895
-126.285,45.433,265.517,569916
-126.627,45.192,263.971,569937
-126.898,44.967,262.490,569958
-127.207,44.705,260.981,569979
-127.534,44.907,259.463,570000
-128.083,44.923,257.789,570021
-128.493,45.106,256.223,570042
-128.685,45.320,254.851,570063
-128.697,45.137,253.624,570084
-129.048,45.106,252.184,570105
-129.336,45.193,250.752,570126
-129.085,45.268,249.715,570147
-128.839,45.030,248.693,570168
-128.355,45.074,247.858,570189
-127.945,45.263,246.998,570210
-128.535,45.947,245.933,570231
-129.477,46.843,244.593,570252
-130.429,47.503,243.257,570273
-131.295,48.156,241.956,570294
-132.124,48.785,240.651,570315
-132.667,49.502,239.513,570336
-132.826,49.805,238.630,570357
-133.174,49.989,237.546,570378
-133.114,50.370,236.748,570399
-132.987,50.676,235.962,570420
-132.813,50.699,235.202,570441
-133.220,51.033,234.031,570462
-134.110,51.280,232.447,570483
-134.867,51.644,230.913,570504
-135.535,51.685,229.413,570525
-136.195,51.795,227.868,570546
-136.181,51.848,226.822,570567
-136.333,52.027,225.556,570588
-136.207,52.111,224.466,570609
-136.047,52.203,223.319,570630
-136.032,52.371,221.977,570651
-136.487,52.614,220.171,570672
-136.856,52.538,218.379,570693
-136.988,52.389,216.722,570714
-137.185,52.360,214.961,570735
-136.888,52.167,213.539,570756
-136.771,52.009,211.984,570777
-136.667,52.343,211.089,570798
-136.431,52.330,210.364,570819
-136.398,52.670,209.377,570840
-136.170,53.075,208.491,570861
-135.930,53.297,207.770,570882
-135.695,53.782,206.998,570903
-135.678,53.926,206.023,570924
-135.146,54.098,205.567,570945
-134.752,54.274,205.007,570966
-134.465,54.600,204.365,570987
-134.307,54.893,203.600,571008
-134.171,55.215,202.852,571029
-134.053,55.428,202.055,571050
-134.028,55.634,201.148,571071
-133.904,55.583,200.343,571092
-134.022,55.351,199.326,571113
-134.408,55.046,198.095,571134
-134.759,54.672,196.896,571155
-134.829,54.214,195.928,571176
-134.812,53.715,195.036,571197
-135.125,53.143,193.861,571218
-135.686,52.773,192.482,571239
-136.055,52.208,191.244,571260
-136.110,51.913,190.258,571281
-136.085,51.227,189.311,571302
-135.744,50.785,188.586,571323
-135.272,50.258,187.955,571344
-134.895,49.592,187.227,571365
-134.822,49.268,186.252,571386
-134.229,48.756,185.667,571407
-134.020,48.125,184.798,571428
-133.509,47.854,184.151,571449
-133.181,47.275,183.395,571470
-132.874,47.114,182.621,571491
-132.475,46.760,181.889,571512
-131.863,46.346,181.315,571533
-130.880,46.013,181.005,571554
-130.122,45.608,180.506,571575
-129.131,45.471,180.166,571596
-128.303,45.535,179.728,571617
-127.400,45.297,179.331,571638
-126.751,45.530,178.773,571659
-126.233,45.744,178.111,571680
-125.718,45.951,177.456,571701
-124.701,46.153,177.148,571722
-123.998,46.524,176.623,571743
-123.283,46.466,176.067,571764
-122.440,46.400,175.606,571785
-122.070,46.715,174.812,571806
-121.872,46.881,173.889,571827
-121.744,46.932,172.900,571848
-121.667,47.319,171.852,571869
-121.790,47.415,170.655,571890
-121.835,47.399,169.514,571911
-121.962,47.769,168.353,571932
-121.808,47.855,167.422,571953
-121.918,47.740,166.280,571974
-121.940,47.778,165.211,571995
-122.157,47.902,164.008,572016
-122.402,47.987,162.788,572037
-122.624,47.885,161.614,572058
-122.983,47.605,160.343,572079
-123.779,47.500,158.741,572100
-124.528,47.280,157.161,572121
-125.219,47.011,155.646,572142
-125.866,46.673,154.145,572163
-126.472,46.367,152.694,572184
-126.719,45.920,151.486,572205
-127.113,45.943,150.154,572226
-127.299,45.988,148.982,572247
-127.364,46.043,147.885,572268
-127.754,45.935,146.566,572289
-128.116,45.940,145.267,572310
-128.058,45.970,144.272,572331
-128.117,45.632,143.209,572352
-127.838,45.537,142.394,572373
-127.551,45.294,141.570,572394
-127.214,45.314,140.826,572415
-127.315,45.262,139.790,572436
-127.064,45.479,139.026,572457
-126.870,45.344,138.219,572478
-126.442,45.616,137.592,572499
-126.218,45.619,136.821,572520
-125.629,45.745,136.300,572541
-125.149,46.063,135.679,572562
-124.871,46.406,134.900,572583
-124.239,46.464,134.349,572604
-123.805,46.336,133.652,572625
-123.467,46.164,132.917,572646
-123.094,46.406,132.206,572667
-122.819,46.670,131.422,572688
-122.729,46.618,130.503,572709
-122.694,46.629,129.528,572730
-122.605,46.919,128.604,572751
-122.313,46.792,127.811,572772
-121.919,46.710,127.103,572793
-121.523,46.587,126.366,572814
-121.089,46.486,125.674,572835
-120.993,46.344,124.759,572856
-121.000,46.258,123.758,572877
-120.957,46.055,122.797,572898
-120.934,45.827,121.823,572919
-120.974,45.719,120.804,572940
-120.990,45.542,119.801,572961
-120.613,45.451,119.068,572982
-120.270,45.364,118.325,573003
-119.950,45.054,117.558,573024
-119.902,45.053,116.600,573045
-120.028,45.006,115.527,573066
-119.997,44.982,114.561,573087
-119.872,44.562,113.633,573108
-120.123,44.245,112.431,573129
-120.432,43.977,111.196,573150
-120.795,43.725,109.905,573171
-121.162,43.453,108.600,573192
-119.876,43.604,108.672,573213
-118.640,43.655,108.701,573234
-117.560,43.798,108.612,573255
-116.615,43.908,108.418,573276
-115.773,43.974,108.128,573297
-115.356,44.219,107.532,573318
-114.983,44.442,106.871,573339
-114.465,44.320,106.299,573360
-114.229,44.055,105.500,573381
-113.959,44.088,104.663,573402
-113.835,43.930,103.708,573423
-113.938,43.706,102.577,573444
-113.981,43.869,101.422,573465
-114.035,44.210,100.231,573486
-114.326,44.448,98.850,573507
-114.507,44.795,97.523,573528
-114.850,44.706,96.065,573549
-115.513,44.671,94.357,573570
-116.341,44.756,92.496,573591
-117.221,44.651,90.532,573612
-117.811,44.688,88.743,573633
-118.458,44.666,86.878,573654
-119.180,44.688,84.906,573675
-119.926,44.618,82.890,573696
-121.152,44.420,80.522,573717
-122.358,43.942,79.521,573738
-123.684,43.689,78.402,573759
-125.207,43.229,77.107,573780
-126.572,42.749,75.872,573801
-127.786,42.295,74.699,573822
-128.895,41.896,73.586,573843
-129.807,41.521,72.562,573864
-130.407,41.065,71.747,573885
-131.107,41.001,70.877,573906
-131.782,40.865,69.999,573927
-133.244,41.549,68.909,573948
-134.938,42.143,67.630,573969
-136.249,42.536,66.537,573990
-137.383,42.942,65.553,574011
-137.962,43.325,64.918,574032
-138.282,43.971,64.454,574053
-138.383,44.549,64.135,574074
-138.398,45.216,63.831,574095
-138.362,45.919,63.540,574116
-138.208,46.608,63.304,574137
-138.122,47.039,62.997,574158
-137.819,47.350,62.810,574179
-138.505,48.093,62.040,574200
-139.058,48.819,61.307,574221
-139.514,49.349,60.631,574242
-139.424,49.580,60.352,574263
-139.100,50.069,60.221,574284
-138.571,50.438,60.211,574305
-137.990,50.791,60.195,574326
-137.715,50.916,59.908,574347
-137.171,50.806,59.776,574368
-136.234,50.872,59.897,574389
-135.116,50.470,60.119,574410
-134.615,50.332,59.892,574431
-134.432,49.958,59.368,574452
-133.755,49.681,59.186,574473
-132.952,49.252,59.065,574494
-132.088,48.711,58.964,574515
-131.755,48.240,58.427,574536
-131.223,47.907,57.977,574557
-130.748,47.509,57.454,574578
-130.080,46.777,57.048,574599
-129.441,46.197,56.586,574620
-128.259,45.631,56.510,574641
-127.101,44.880,56.368,574662
-126.191,44.141,56.024,574683
-125.075,43.658,55.798,574704
-124.035,43.325,55.507,574725
-123.068,42.746,55.117,574746
-122.490,42.365,54.442,574767
-121.852,41.949,53.793,574788
-121.331,41.670,53.035,574809
-120.439,41.557,52.533,574830
-119.794,41.196,51.858,574851
-119.135,41.268,51.189,574872
-118.601,41.442,50.415,574893
-118.115,41.708,49.595,574914
-117.721,41.982,48.736,574936
-117.757,42.459,47.600,574957
-117.728,42.560,46.512,574978
-117.960,42.733,45.260,574999
-118.326,42.926,43.908,575020
-118.770,43.197,42.510,575041
-118.948,43.602,41.276,575062
-119.697,44.082,39.643,575083
-120.331,44.705,38.086,575104
-120.993,45.305,36.521,575125
-121.896,45.508,34.787,575146
-122.797,46.007,33.067,575167
-123.353,46.229,31.624,575188
-124.325,46.266,29.875,575209
-125.018,46.536,28.339,575230
-125.809,46.447,26.713,575251
-126.465,46.618,25.209,575272
-127.288,46.848,23.552,575293
-127.883,46.842,22.066,575314
-128.920,46.741,20.251,575335
-129.934,46.659,18.470,575356
-130.846,46.620,16.754,575377
-131.703,46.671,15.066,575398
-132.196,46.487,13.670,575419
-132.631,46.348,12.294,575440
-132.626,46.415,11.251,575461
-132.730,46.697,10.118,575482
-132.678,46.930,9.093,575503
-132.605,47.188,8.109,575524
-132.604,47.023,7.104,575545
-132.440,47.236,6.237,575566
-132.189,47.054,5.439,575587
-132.093,46.916,4.545,575608
-131.947,46.825,3.684,575629
-131.285,46.678,3.202,575650
-131.055,46.716,2.382,575671
-130.807,46.739,1.563,575692
-130.214,46.915,0.999,575713
-129.918,47.020,0.225,575734
-129.302,47.131,359.689,575755
-129.053,47.003,358.880,575776
-128.845,46.957,358.038,575797
-128.084,46.829,357.561,575818
-127.361,46.773,357.028,575839
-126.597,46.668,356.490,575860
-125.845,46.633,355.926,575881
-125.105,46.589,355.312,575902
-124.355,46.409,354.716,575923
-124.168,46.377,353.685,575944
-123.981,46.306,352.638,575965
-123.448,46.053,351.814,575986
-123.198,45.837,350.766,576007
-122.660,45.886,349.889,576028
-122.628,45.869,348.642,576049
-122.152,45.648,347.682,576070
-121.656,45.574,346.677,576091
-121.098,45.428,345.652,576112
-120.713,45.533,344.404,576133
-120.516,45.632,342.998,576154
-120.021,45.699,341.732,576175
-119.873,45.639,340.187,576196
-119.479,45.344,338.783,576217
-119.283,45.169,337.225,576238
-118.857,45.337,335.803,576259
-118.771,45.202,334.114,576280
-118.401,45.033,332.537,576301
-118.248,44.838,330.806,576322
-118.203,45.099,328.967,576343
-118.510,45.257,326.853,576364
-118.693,45.169,324.816,576385
-118.820,45.059,322.785,576406
-118.772,45.009,320.884,576427
-119.090,45.144,318.738,576448
-119.290,45.531,316.669,576469
-119.289,45.850,314.754,576490
-119.331,46.155,312.792,576511
-119.768,46.261,310.542,576532
-120.234,46.567,308.246,576553
-120.364,46.830,306.194,576574
-120.499,47.025,304.164,576595
-120.855,46.965,301.969,576616
-121.375,46.958,299.654,576637
-121.626,46.916,297.531,576658
-121.849,46.949,295.433,576679
-122.106,46.844,293.291,576700
-122.416,46.932,291.146,576721
-122.967,47.091,288.809,576742
-123.529,46.824,286.501,576763
-124.227,46.670,284.108,576784
-124.802,46.670,281.814,576805
-124.903,46.373,279.869,576826
-125.379,46.176,277.689,576847
-125.514,46.236,275.731,576868
-125.638,46.323,273.802,576889
-125.785,46.056,271.881,576910
-126.028,45.903,269.913,576931
-126.263,45.830,267.954,576952
-126.313,45.729,266.150,576973
-126.264,45.656,264.403,576994
-126.323,46.065,262.586,577015
-126.026,46.421,261.046,577036
-125.655,46.603,259.567,577057
-125.393,47.050,258.035,577078
-125.139,47.513,256.509,577099
-124.732,47.841,255.115,577120
-124.414,48.241,253.680,577141
-124.319,48.766,252.094,577162
-124.548,49.046,250.276,577183
-125.710,49.746,247.693,577204
-126.869,50.199,245.088,577225
-127.513,50.574,242.856,577246
-128.731,51.070,240.170,577267
-129.570,51.217,237.780,577288
-130.179,51.522,235.571,577309
-131.225,51.924,233.013,577330
-131.960,52.211,230.698,577351
-132.526,52.126,228.488,577372
-133.509,52.057,225.938,577393
-134.308,51.848,223.493,577414
-132.300,51.868,224.703,577435
-130.359,51.602,225.810,577456
-128.899,51.386,226.420,577477
-127.616,51.227,226.843,577498
-126.261,50.844,227.301,577519
-125.185,50.498,227.525,577540
-124.110,50.074,227.733,577561
-123.163,50.049,227.813,577582
-122.282,49.818,227.822,577603
-121.539,49.683,227.709,577624
-121.031,49.578,227.393,577645
-120.597,49.435,226.994,577666
-120.312,49.361,226.482,577687
-120.124,49.170,225.868,577708
-120.522,49.030,224.846,577729
-120.658,49.034,224.007,577750
-121.145,49.068,222.891,577771
-121.779,48.853,221.646,577792
-122.484,48.611,220.369,577813
-123.371,48.424,218.933,577834
-124.298,48.166,217.455,577855
-124.850,48.045,216.268,577876
-125.564,47.999,214.975,577897
-126.404,48.067,213.591,577918
-127.384,47.754,212.135,577939
-128.190,47.825,210.820,577960
-128.899,47.834,209.586,577981
-130.098,47.819,208.023,578002
-130.857,47.998,206.800,578023
-131.777,47.887,205.460,578044
-132.541,47.793,204.253,578065
-133.482,47.897,202.935,578086
-134.061,48.251,201.873,578107
-134.433,48.279,200.954,578128
-135.256,48.612,199.666,578149
-136.003,48.995,198.444,578170
-136.608,49.124,197.297,578191
-136.979,49.182,196.332,578212
-137.080,49.226,195.564,578233
-137.071,49.281,194.864,578254
-136.884,49.552,194.301,578275
-136.616,49.790,193.790,578296
-136.247,49.893,193.366,578317
-136.371,49.918,192.556,578338
-136.012,50.101,192.106,578359
-135.703,50.284,191.615,578380
-135.679,50.155,190.897,578401
-135.233,49.873,190.515,578422
-134.572,49.613,190.276,578443
-133.803,49.496,190.145,578464
-133.232,49.577,189.834,578485
-132.490,49.602,189.667,578506
-132.157,49.440,189.173,578527
-131.774,49.256,188.737,578548
-131.299,48.914,188.323,578569
-130.729,48.506,187.979,578590
-130.311,48.265,187.495,578611
-129.451,47.820,187.358,578632
-128.657,47.358,187.166,578653
-127.858,47.268,186.974,578674
-127.333,46.890,186.566,578695
-126.534,46.806,186.352,578716
-125.900,46.816,186.031,578737
-125.320,46.442,185.660,578758
-124.853,46.505,185.225,578779
-124.170,46.194,184.938,578800
-123.984,46.038,184.302,578821
-123.373,45.973,183.961,578842
-123.157,45.760,183.338,578863
-123.086,45.765,182.613,578884
-122.617,45.882,182.193,578905
-122.139,46.000,181.773,578926
-121.730,46.126,181.313,578947
-121.803,46.078,180.491,578968
-121.972,46.282,179.607,578989
-122.221,46.219,178.644,579010
-122.571,46.179,177.636,579031
-122.982,46.174,176.599,579052
-122.979,46.178,175.849,579073
-123.463,46.124,174.735,579094
-123.937,46.453,173.628,579115
-124.167,46.716,172.707,579136
-124.406,46.969,171.808,579157
-125.040,47.082,170.634,579178
-125.630,47.026,169.465,579199
-125.840,47.140,168.576,579220
-126.080,47.260,167.632,579241
-126.175,47.225,166.747,579262
-126.202,47.124,165.896,579283
-126.270,46.888,164.967,579304
-126.571,46.613,163.848,579325
-127.019,46.432,162.611,579346
-127.373,46.495,161.479,579367
-127.773,46.329,160.291,579388
-127.651,46.145,159.472,579409
-127.661,46.191,158.529,579430
-127.520,46.121,157.663,579451
-127.323,45.899,156.775,579472
-127.388,45.632,155.669,579493
-127.408,45.787,154.564,579514
-127.521,45.597,153.417,579535
-127.300,45.707,152.548,579556
-126.943,45.529,151.797,579577
-127.037,45.481,150.679,579598
-126.664,45.558,149.862,579619
-126.201,45.592,149.030,579640
-125.722,45.555,148.179,579661
-125.650,45.469,146.977,579682
-125.128,45.409,146.063,579703
-125.140,45.434,144.745,579724
-124.940,45.281,143.539,579745
-124.417,45.150,142.564,579766
-124.331,45.290,141.247,579787
-124.223,45.462,139.954,579808
-124.111,45.549,138.660,579829
-123.745,45.368,137.537,579850
-123.341,45.589,136.399,579871
-123.049,45.854,135.172,579892
-122.721,45.904,133.981,579913
-122.575,45.831,132.629,579934
-122.543,46.167,131.175,579955
-122.565,46.090,129.624,579976
-122.684,45.978,127.989,579997
-122.800,45.823,126.359,580018
-123.003,45.665,124.628,580039
-123.207,45.537,122.893,580060
-122.989,45.514,121.434,580081
-122.760,45.409,119.992,580102
-122.525,44.973,118.516,580123
-122.308,44.846,117.012,580144
-122.297,44.407,115.325,580165
-122.529,44.163,113.438,580186
-122.720,43.856,111.522,580207
-122.793,43.471,109.645,580228
-122.852,43.100,107.732,580249
-122.911,42.799,105.798,580270
-122.933,42.343,103.853,580291
-122.606,41.997,102.132,580312
-122.384,41.592,100.332,580333
-122.248,41.391,98.436,580354
-122.107,41.125,96.526,580375
-122.465,41.013,94.261,580396
-122.658,40.653,92.095,580417
-122.979,40.386,89.793,580438
-123.094,40.027,87.598,580459
-123.395,39.781,85.242,580480
-123.470,39.855,82.973,580501
-124.438,38.758,81.056,580522
-125.238,37.793,80.066,580543
-126.265,36.987,78.853,580564
-126.889,36.295,77.857,580585
-127.528,35.824,76.805,580606
-128.082,35.578,75.756,580627
-128.474,35.522,74.784,580648
-128.925,35.388,73.778,580669
-129.289,35.476,72.793,580690
-129.572,35.753,71.873,580711
-129.478,36.352,71.116,580732
-129.764,36.326,70.417,580753
-129.727,36.477,70.077,580774
-129.857,36.934,69.608,580795
-129.656,37.361,69.284,580816
-129.663,37.640,68.839,580837
-129.577,38.068,68.436,580858
-129.066,38.639,68.304,580879
-128.681,39.594,68.126,580900
-128.410,40.240,67.840,580921
-128.148,41.292,67.563,580942
-127.817,42.406,67.315,580963
-127.206,43.445,67.254,580984
-126.820,44.541,67.022,581005
-126.617,45.376,66.677,581026
-126.192,46.015,66.453,581047
-125.832,47.028,66.169,581068
-125.210,47.612,66.077,581089
-124.951,48.134,65.667,581110
-124.365,48.742,65.515,581131
-123.849,49.253,65.280,581152
-123.461,49.801,64.926,581173
-123.702,50.181,64.070,581194
-124.043,50.543,63.132,581215
-124.444,50.807,62.098,581236
-124.772,50.650,61.103,581257
-124.756,50.622,60.366,581278
-125.286,50.437,59.187,581299
-125.713,50.083,58.048,581320
-125.794,49.498,57.174,581341
-126.026,49.294,56.173,581362
-125.877,48.881,55.465,581383
-125.976,48.605,54.534,581404
-126.270,48.008,53.488,581425
-125.830,47.357,53.233,581446
-124.274,46.692,54.424,581467
-123.023,46.021,55.389,581488
-121.637,45.462,56.403,581509
-120.408,44.886,57.274,581530
-119.305,44.264,57.986,581551
-118.360,43.810,58.580,581572
-117.549,43.370,59.063,581593
-116.773,42.858,59.487,581614
-116.560,42.453,59.505,581635
-116.437,42.136,59.421,581656
-116.009,42.014,59.489,581677
-116.099,41.907,59.224,581698
-116.304,41.845,58.886,581719
-116.199,41.992,58.737,581740
-116.173,42.077,58.548,581761
-116.319,42.314,58.215,581782
-116.604,42.670,57.755,581803
-117.065,43.116,57.121,581824
-117.460,43.517,56.483,581845
-117.851,43.859,55.836,581866
-118.694,44.298,54.865,581887
-119.506,44.600,53.868,581908
-120.407,45.066,52.801,581929
-120.910,45.376,52.209,581950
-120.921,45.816,52.014,581971
-121.476,46.310,51.386,581992
-121.622,46.725,51.023,582013
-121.840,47.125,50.570,582034
-122.510,47.315,49.761,582055
-123.189,47.459,48.914,582076
-123.446,47.695,48.368,582097
-124.085,47.717,47.527,582118
-124.485,47.564,46.840,582139
-125.216,47.519,45.912,582160
-125.498,47.452,45.282,582181
-125.976,47.337,44.624,582202
-126.175,47.391,44.128,582223
-126.408,47.430,43.590,582244
-126.738,47.066,42.987,582265
-127.203,46.789,42.258,582286
-127.572,46.397,41.620,582307
-127.977,46.091,40.919,582328
-127.859,45.748,40.603,582349
-127.748,45.316,40.262,582370
-127.592,44.988,39.946,582391
-127.904,44.899,39.260,582412
-127.741,44.685,38.898,582433
-127.694,44.645,38.461,582454
-127.938,44.350,37.798,582475
-128.148,44.128,37.168,582496
-127.931,44.048,36.816,582517
-127.623,43.932,36.493,582538
-127.204,43.653,36.243,582559
-127.262,43.484,35.631,582580
-126.906,43.511,35.294,582601
-126.925,43.502,34.653,582622
-126.576,43.640,34.275,582643
-126.108,43.633,33.962,582664
-126.021,43.539,33.377,582685
-125.530,43.530,33.051,582706
-125.192,43.460,32.589,582727
-125.066,43.507,31.994,582748
-124.885,43.933,31.448,582769
-124.384,44.083,31.093,582790
-123.882,44.295,30.733,582811
-123.762,44.788,30.061,582832
-123.404,45.244,29.542,582853
-123.160,45.703,28.919,582874
-123.127,45.781,28.157,582895
-123.183,45.864,27.287,582916
-122.837,45.953,26.664,582937
-122.723,45.854,25.869,582958
-122.693,45.764,24.959,582979
-122.860,45.719,23.898,583000
-122.706,45.908,23.049,583021
-122.662,46.143,22.106,583042
-122.988,46.397,20.903,583063
-123.219,46.629,19.764,583084
-123.657,46.677,18.477,583105
-123.783,46.396,17.397,583126
-124.195,46.398,16.089,583147
-124.583,46.197,14.800,583168
-124.857,45.901,13.554,583189
-124.772,45.772,12.594,583210
-124.713,45.738,11.600,583231
-124.934,45.437,10.395,583252
-124.861,45.301,9.409,583273
-125.092,45.407,8.190,583294
-125.544,45.268,6.806,583315
-125.681,44.936,5.644,583336
-125.632,44.674,4.600,583357
-125.561,44.520,3.546,583378
-125.660,44.602,2.342,583399
-125.581,44.610,1.230,583420
-125.789,44.753,359.896,583441
-125.773,44.472,358.720,583462
-126.032,44.566,357.350,583483
-126.270,44.717,355.994,583504
-126.262,44.551,354.793,583525
-125.964,44.487,353.806,583546
-125.867,44.392,352.632,583567
-125.777,44.338,351.459,583588
-125.372,44.420,350.503,583609
-124.950,44.494,349.523,583630
-124.998,44.729,348.180,583651
-124.521,44.784,347.188,583672
-124.479,45.085,345.828,583693
-124.136,45.392,344.676,583714
-124.088,45.620,343.274,583735
-124.032,45.669,341.866,583756
-123.474,45.765,340.799,583777
-123.428,46.004,339.363,583798
-123.173,45.918,338.075,583819
-122.785,45.810,336.852,583840
-122.366,46.072,335.609,583861
-122.364,46.132,334.045,583882
-122.184,46.452,332.589,583903
-122.225,46.472,330.924,583924
-121.938,46.351,329.488,583945
-121.552,46.280,328.095,583966
-121.407,46.143,326.530,583987
-121.403,46.048,324.860,584008
-121.074,46.050,323.442,584029
-120.934,46.283,321.878,584050
-121.059,46.527,320.111,584071
-121.349,46.714,318.211,584092
-121.557,46.915,316.362,584113
-121.936,47.069,314.355,584134
-122.221,46.788,312.439,584155
-122.352,46.526,310.668,584176
-122.552,46.263,308.866,584197
-122.652,46.141,307.175,584218
-123.143,45.931,305.202,584239
-123.691,46.090,303.206,584260
-124.216,46.224,301.255,584281
-124.641,45.964,299.397,584302
-125.142,45.801,297.473,584323
-125.343,45.500,295.757,584344
-125.160,45.311,294.318,584365
-125.004,45.290,292.865,584386
-125.230,45.143,291.154,584407
-124.966,45.053,289.780,584428
-124.816,45.128,288.339,584449
-124.763,45.277,286.861,584470
-124.956,45.307,285.185,584491
-124.984,45.160,283.636,584512
-125.432,45.580,282.325,584533
-126.013,46.333,280.848,584554
-126.624,46.815,279.325,584575
-126.631,47.360,278.205,584596
-126.955,48.042,276.843,584617
-126.985,48.279,275.643,584638
-126.787,48.791,274.567,584659
-126.450,49.122,273.579,584680
-126.061,49.411,272.615,584701
-126.643,49.904,270.952,584722
-127.128,50.163,269.347,584743
-127.212,50.578,267.990,584764
-127.177,50.567,266.690,584785
-127.461,50.879,265.112,584806
-127.157,50.833,263.977,584827
-126.806,50.893,262.851,584848
-126.538,51.059,261.667,584869
-126.293,51.192,260.460,584890
-125.937,50.849,259.295,584911
-125.608,50.546,258.071,584932
-124.713,50.186,257.275,584953
-123.788,49.803,256.465,584974
-123.172,49.309,255.414,584995
-122.371,49.153,254.485,585016
-121.817,49.091,253.344,585037
-121.110,48.584,252.316,585058
-120.550,48.128,251.157,585079
-119.952,48.102,250.013,585100
-119.636,47.973,248.652,585121
-119.004,47.586,247.545,585142
-118.204,47.467,246.546,585163
-117.559,47.229,245.446,585184
-116.923,47.228,244.348,585205
-116.394,47.328,243.162,585226
-115.975,47.127,241.901,585247
-115.837,46.983,240.474,585268
-115.679,47.251,239.072,585289
-115.740,47.478,237.515,585310
-115.533,47.367,236.211,585331
-115.571,47.214,234.713,585352
-115.324,47.309,233.584,585373
-114.704,47.430,232.720,585394
-114.166,47.575,231.807,585415
-114.242,47.786,230.414,585436
-114.430,48.062,228.936,585457
-114.698,48.032,227.442,585478
-114.983,47.910,225.939,585499
-115.554,48.186,224.246,585520
-115.874,48.357,222.757,585541
-116.384,48.221,221.142,585562
-117.028,48.045,219.438,585583
-117.720,47.825,217.685,585604
-118.397,47.564,215.946,585625
-119.458,47.626,213.922,585646
-120.547,47.685,211.872,585667
-121.675,47.317,209.817,585688
-122.834,47.295,207.733,585709
-124.137,47.207,205.589,585730
-125.415,46.751,203.473,585751
-126.447,46.209,201.526,585772
-127.614,45.770,199.478,585793
-128.760,45.356,197.424,585814
-129.329,45.041,195.778,585835
-130.231,44.879,193.910,585856
-131.078,44.428,192.084,585877
-131.511,44.217,190.512,585898
-131.871,44.090,188.992,585919
-132.567,43.853,187.261,585940
-132.767,43.555,185.872,585961
-133.143,43.335,184.363,585982
-133.175,43.480,183.111,586003
-133.536,43.609,181.623,586024
-133.735,43.548,181.240,586045
-134.063,43.270,180.692,586066
-134.305,43.106,180.222,586087
-134.032,43.193,180.067,586108
-134.074,43.538,179.675,586129
-133.996,43.559,179.360,586150
-133.599,43.719,179.265,586171
-133.346,44.213,179.083,586192
-132.903,44.545,179.003,586213
-133.062,44.896,178.766,586234
-132.771,45.294,178.821,586255
-132.731,45.774,178.695,586276
-132.827,46.226,178.451,586297
-132.902,46.479,178.206,586318
-132.674,46.572,178.199,586339
-132.348,46.701,178.251,586360
-132.393,47.194,178.020,586381
-131.962,47.377,178.068,586402
-131.472,47.558,178.141,586423
-130.955,47.973,178.180,586444
-130.340,48.322,178.258,586465
-129.949,48.666,178.317,586486
-129.262,48.652,178.544,586507
-129.058,48.860,178.387,586528
-128.891,48.873,178.189,586549
-128.296,48.930,178.415,586570
-127.836,48.975,178.564,586591
-127.518,48.609,178.648,586612
-127.191,48.171,178.680,586633
-126.940,48.066,178.665,586654
-126.455,47.882,178.777,586675
-126.372,47.424,178.610,586696
-126.388,47.138,178.354,586717
-126.079,46.616,178.330,586738
-125.774,46.446,178.267,586759
-125.746,45.994,177.973,586780
-125.547,45.531,177.825,586801
-125.310,45.126,177.689,586822
-125.196,45.088,177.434,586843
-125.216,45.132,177.074,586864
-125.437,44.977,176.570,586885
-125.671,44.918,176.063,586906
-125.617,45.054,175.725,586927
-125.768,45.231,175.191,586948
-125.666,45.019,174.835,586970
-125.396,44.928,174.579,586991
-125.231,45.143,174.271,587012
-124.978,45.069,173.976,587033
-124.743,45.275,173.654,587054
-124.676,45.646,173.171,587075
-124.839,46.034,172.505,587096
-124.805,46.002,171.961,587117
-125.154,46.234,171.132,587138
-125.189,46.654,170.458,587159
-125.481,46.723,169.572,587180
-125.920,46.894,168.531,587201
-125.901,46.995,167.764,587222
-126.298,47.371,166.651,587243
-126.884,47.522,165.404,587264
-127.410,47.535,164.142,587285
-127.832,47.832,162.953,587306
-128.023,48.091,161.899,587327
-128.102,47.982,160.908,587348
-128.483,47.893,159.653,587369
-128.989,47.910,158.284,587390
-128.942,47.846,157.272,587411
-128.975,47.680,156.192,587432
-128.969,47.654,155.156,587453
-129.053,47.735,154.020,587474
-128.950,47.593,153.007,587495
-129.322,47.390,151.626,587516
-129.648,47.200,150.263,587537
-129.455,47.025,149.282,587558
-129.212,46.788,148.325,587579
-129.416,46.527,147.043,587600
-129.137,46.305,146.101,587621
-128.901,46.034,145.111,587642
-128.715,46.074,144.047,587663
-128.724,45.841,142.816,587684
-128.857,46.038,141.454,587705
-128.921,46.255,140.147,587726
-129.146,46.195,138.685,587747
-129.328,46.096,137.213,587768
-129.585,46.110,135.670,587789
-129.323,45.912,134.471,587810
-129.057,45.986,133.258,587831
-128.798,45.806,132.061,587852
-128.870,46.020,130.588,587873
-128.765,46.235,129.234,587894
-128.840,46.185,127.733,587915
-128.752,46.095,126.357,587936
-128.569,45.973,125.033,587957
-128.072,46.171,123.932,587978
-127.636,46.004,122.764,587999
-127.212,45.829,121.604,588020
-126.875,45.678,120.386,588041
-126.364,45.714,119.288,588062
-125.968,45.906,118.081,588083
-125.693,45.750,116.750,588104
-125.666,45.947,115.202,588125
-125.425,46.167,113.789,588146
-125.353,46.086,112.261,588167
-125.250,46.046,110.750,588188
-124.976,45.790,109.357,588209
-124.391,45.756,108.160,588230
-123.871,45.757,106.881,588251
-123.305,45.625,105.630,588272
-123.206,45.788,104.023,588293
-123.206,45.751,102.336,588314
-123.072,45.522,100.702,588335
-122.579,45.235,99.323,588356
-122.563,45.097,97.617,588377
-122.468,44.783,95.949,588398
-122.245,44.414,94.348,588419
-121.821,44.259,92.886,588440
-121.390,44.149,91.441,588461
-121.074,44.239,89.900,588482
-121.071,44.348,88.132,588503
-121.000,44.123,86.406,588524
-120.815,43.828,84.745,588545
-120.797,43.688,82.976,588566
-120.498,43.373,81.405,588587
-120.383,43.113,79.690,588608
-120.005,43.091,78.166,588629
-119.688,43.128,76.590,588650
-119.510,43.312,74.964,588671
-119.377,43.513,73.295,588692
-119.653,43.730,71.351,588713
-119.960,43.821,69.369,588734
-120.300,43.881,67.383,588755
-118.503,44.181,67.712,588776
-116.764,44.366,67.993,588797
-115.191,44.569,68.164,588818
-113.770,44.829,68.246,588839
-112.517,45.065,68.207,588860
-111.471,45.427,68.024,588881
-110.522,45.713,67.768,588902
-110.164,45.883,67.070,588923
-109.552,45.964,66.568,588944
-109.540,46.254,65.623,588965
-109.650,46.573,64.601,588986
-109.511,46.989,63.781,589007
-109.460,47.221,62.876,589028
-109.525,47.530,61.909,589049
-109.760,47.839,60.817,589070
-110.263,48.231,59.500,589091
-110.833,48.501,58.117,589112
-111.976,48.697,56.272,589133
-113.202,48.721,54.372,589154
-114.460,48.614,52.433,589175
-115.745,48.436,50.470,589196
-117.116,48.281,48.467,589217
-118.535,48.094,46.414,589238
-119.594,47.679,44.641,589259
-119.811,47.698,43.387,589280
-120.572,47.615,41.702,589301
-120.964,47.627,40.284,589322
-121.383,47.205,38.846,589343
-122.151,46.886,37.121,589364
-122.396,46.453,35.746,589385
-123.077,46.095,34.034,589406
-123.648,45.710,32.376,589427
-123.660,45.290,31.123,589448
-123.874,45.201,29.660,589469
-123.983,45.081,28.248,589490
-124.239,44.646,26.718,589511
-124.275,44.508,25.339,589532
-124.677,44.166,23.646,589553
-125.057,43.861,21.930,589574
-125.008,43.551,20.454,589595
-125.130,43.152,18.798,589616
-125.452,42.972,16.982,589637
-125.803,42.540,16.346,589658
-126.054,42.178,15.706,589679
-126.416,41.992,14.902,589700
-126.557,41.916,14.170,589721
-126.829,41.912,13.295,589742
-126.876,41.749,12.501,589763
-126.842,41.734,11.714,589784
-126.823,41.962,10.862,589805
-126.592,42.124,10.102,589826
-126.036,42.334,9.517,589847
-125.547,42.944,8.842,589868
-124.928,43.520,8.241,589889
-124.303,44.112,7.586,589910
-123.962,44.879,6.720,589931
-123.691,45.677,5.797,589952
-123.185,45.997,5.082,589973
-122.975,46.323,4.107,589994
-122.446,46.801,3.297,590015
-121.956,47.216,2.459,590036
-121.999,47.722,1.214,590057
-122.023,48.031,359.966,590078
-121.589,48.360,359.034,590099
-121.610,48.836,357.777,590120
-121.168,48.983,356.848,590141
-121.076,49.137,355.675,590162
-120.937,49.249,354.533,590183
-120.747,49.697,353.422,590204
-120.412,49.644,352.398,590225
-120.232,49.537,351.251,590246
-119.754,49.433,350.338,590267
-119.299,49.356,349.406,590288
-119.204,49.483,348.204,590309
-119.338,49.442,346.853,590330
-119.141,49.444,345.796,590351
-118.748,49.078,344.904,590372
-118.428,48.672,343.938,590393
-118.498,48.290,342.681,590414
-118.626,47.987,341.391,590435
-118.622,47.514,340.216,590456
-118.425,47.392,339.190,590477
-118.292,47.292,338.126,590498
-118.188,47.175,337.034,590519
-118.416,46.762,335.685,590540
-118.760,46.469,334.256,590561
-118.887,46.011,332.975,590582
-118.815,45.655,331.822,590603
-118.743,45.327,330.674,590624
-119.041,45.344,329.286,590645
-118.921,45.099,328.213,590666
-119.117,45.171,326.937,590687
-119.445,45.161,325.583,590708
-119.771,45.099,324.236,590729
-120.109,45.072,322.880,590750
-120.443,45.057,321.535,590771
-120.718,44.960,320.220,590792
-120.871,44.816,319.001,590813
-121.171,44.785,317.699,590834
-121.216,45.064,316.574,590855
-121.138,45.272,315.506,590876
-121.065,45.495,314.449,590897
-120.926,45.670,313.441,590918
-120.862,45.990,312.349,590939
-120.891,45.882,311.209,590960
-121.081,45.895,309.961,590981
-120.862,45.800,308.986,591002
-120.774,45.710,307.955,591023
-120.606,45.994,306.975,591044
-120.304,46.113,306.073,591065
-120.090,46.057,305.125,591086
-120.184,46.404,303.948,591107
-120.356,46.406,302.707,591128
-120.405,46.663,301.546,591149
-120.642,46.635,300.227,591170
-120.832,46.555,298.990,591191
-120.728,46.690,297.980,591212
-120.608,46.400,296.975,591233
-120.751,46.524,295.785,591254
-120.959,46.249,294.565,591275
-120.912,46.217,293.539,591296
-121.026,46.269,292.387,591317
-121.384,45.934,291.068,591338
-121.942,45.690,289.624,591359
-122.481,45.363,288.183,591380
-123.150,45.242,286.650,591401
-123.383,44.886,285.402,591422
-123.815,44.945,284.034,591443
-124.001,44.593,282.874,591464
-124.428,44.274,281.550,591485
-124.627,44.346,280.393,591506
-124.836,44.453,279.226,591527
-125.342,44.421,277.855,591548
-125.663,44.194,276.599,591569
-126.078,44.105,275.284,591590
-126.148,44.227,274.216,591611
-126.037,44.146,273.296,591632
-125.901,44.129,272.419,591653
-126.233,44.379,271.212,591674
-126.172,44.587,270.270,591695
-126.051,44.815,269.361,591716
-126.025,44.758,268.352,591737
-126.017,45.196,267.297,591758
-126.141,45.372,266.136,591779
-126.074,45.453,265.119,591800
-126.019,45.568,264.109,591821
-125.697,45.976,263.277,591842
-125.845,46.317,262.114,591863
-125.926,46.804,260.999,591884
-125.801,47.235,260.020,591905
-125.688,47.633,258.996,591926
-125.963,47.903,257.646,591947
-125.680,48.078,256.662,591968
-125.849,48.122,255.333,591989
-125.698,48.405,254.214,592010
-126.022,48.782,252.709,592031
-126.017,48.942,251.448,592052
-126.093,49.129,250.087,592073
-126.501,49.126,248.462,592094
-126.716,49.358,246.944,592115
-127.247,49.371,245.164,592136
-127.910,49.675,243.292,592157
-128.566,49.792,241.401,592178
-129.214,49.835,239.551,592199
-129.656,49.697,237.846,592220
-130.275,49.649,236.027,592241
-130.611,49.839,234.384,592262
-130.843,49.578,232.808,592283
-130.976,49.476,231.317,592304
-131.228,49.473,229.712,592325
-131.529,49.481,228.075,592346
-131.740,49.402,226.521,592367
-131.803,49.225,225.043,592388
-132.041,48.839,223.443,592409
-132.407,48.529,221.730,592430
-132.800,48.358,220.013,592451
-132.616,48.007,218.712,592472
-132.516,47.979,217.390,592493
-132.725,47.945,215.815,592514
-132.475,47.669,214.573,592535
-132.363,47.200,213.259,592556
-132.667,46.827,211.663,592577
-133.003,46.470,210.015,592598
-133.130,46.030,208.543,592619
-132.890,45.609,207.325,592640
-132.493,45.387,206.245,592661
-132.613,45.295,204.812,592682
-132.385,45.307,203.636,592703
-132.218,45.346,202.439,592724
-131.950,45.265,201.331,592745
-132.202,45.164,199.867,592766
-132.159,45.375,198.593,592787
-131.963,45.244,197.467,592808
-131.651,45.175,196.418,592829
-131.571,45.126,195.206,592850
-131.805,44.771,194.532,592871
-132.014,44.450,193.878,592892
-131.902,44.355,193.431,592913
-132.248,44.305,192.664,592934
-132.452,44.570,191.956,592955
-132.578,44.889,191.283,592976
-132.788,45.093,190.529,592997
-132.637,45.053,190.001,593018
-132.214,45.250,189.661,593039
-131.967,45.707,189.189,593060
-131.451,46.045,188.921,593081
-131.092,46.590,188.504,593102
-130.451,46.858,188.290,593123
-129.794,47.391,188.084,593144
-129.192,47.543,187.809,593165
-128.789,47.784,187.358,593186
-128.358,47.969,186.878,593207
-127.737,47.994,186.541,593228
-126.958,47.922,186.300,593249
-126.423,47.879,185.863,593270
-126.069,48.021,185.274,593291
-125.721,48.198,184.632,593312
-124.872,48.255,184.363,593333
-124.439,48.402,183.789,593354
-123.959,48.163,183.247,593375
-123.575,48.252,182.624,593396
-123.168,47.916,182.032,593417
-122.906,47.940,181.336,593438
-122.475,47.747,180.779,593459
-121.908,47.341,180.346,593480
-121.376,47.016,179.873,593501
-120.950,46.477,179.324,593522
-120.798,45.932,178.529,593543
-120.913,45.763,177.557,593564
-120.628,45.491,176.869,593585
-120.823,45.187,175.832,593606
-121.026,44.840,174.804,593627
-121.105,44.418,173.837,593648
-120.916,44.140,173.088,593669
-120.732,43.969,172.327,593690
-121.063,43.823,171.239,593711
-121.128,43.909,170.331,593732
-121.530,43.923,169.222,593753
-121.937,44.013,168.104,593774
-122.352,44.178,166.985,593795
-122.371,44.335,166.169,593816
-122.540,44.699,165.268,593837
-122.839,44.725,164.296,593858
-122.755,44.928,163.609,593879
-122.668,45.228,162.952,593900
-122.597,45.599,162.283,593921
-122.656,45.726,161.542,593942
-122.642,46.233,160.831,593963
-122.831,46.802,159.949,593984
-122.810,47.256,159.187,594005
-123.206,47.507,158.108,594026
-123.615,47.776,157.009,594047
-123.962,47.816,155.912,594068
-123.843,47.917,155.149,594089
-123.770,47.796,154.312,594110
-123.902,48.014,153.281,594131
-123.925,48.142,152.293,594152
-124.323,48.098,150.996,594173
-124.664,47.908,149.724,594194
-124.540,47.758,148.777,594215
-124.635,47.812,147.640,594236
-124.713,47.456,146.493,594257
-124.763,47.085,145.327,594278
-124.697,46.962,144.233,594299
-124.565,46.732,143.163,594320
-124.903,46.465,141.721,594341
-125.098,46.308,140.349,594362
-125.092,45.759,139.102,594383
-125.048,45.218,137.870,594404
-124.758,44.933,136.777,594425
-124.883,44.557,135.389,594446
-124.858,44.158,134.067,594467
-124.615,44.049,132.902,594488
-124.419,43.951,131.686,594509
-124.164,43.867,130.499,594530
-124.135,43.571,129.149,594551
-124.342,43.487,127.640,594572
-124.546,43.480,126.122,594593
-124.229,43.475,124.959,594614
-124.409,43.578,123.435,594635
-124.571,43.674,121.917,594656
-124.369,43.539,120.633,594677
-124.012,43.733,119.444,594698
-123.702,43.946,118.230,594719
-123.358,44.138,116.999,594740
-123.406,44.207,115.501,594761
-123.479,44.551,113.958,594782
-123.416,44.516,112.511,594803
-123.503,44.893,110.943,594824
-123.531,44.958,109.422,594845
-123.591,45.031,107.901,594866
-123.417,45.076,106.551,594887
-123.192,45.362,105.235,594908
-123.045,45.698,103.855,594929
-122.866,45.996,102.497,594950
-123.064,46.063,100.891,594971
-123.390,46.283,99.215,594992
-123.562,46.286,97.655,595013
-123.875,46.452,95.983,595034
-124.001,46.460,94.491,595055
-123.923,46.363,93.125,595076
-123.983,46.259,91.623,595097
-123.834,46.443,90.281,595118
-123.670,46.518,88.963,595139
-123.804,46.759,87.430,595160
-124.173,46.890,85.728,595181
-124.056,46.832,84.408,595202
-124.427,46.684,82.721,595223
-124.749,46.476,81.084,595244
-124.871,46.143,79.562,595265
-125.012,45.860,78.038,595286
-123.357,45.857,78.375,595307
-121.820,45.895,78.620,595328
-120.411,45.930,78.791,595349
-119.106,45.925,78.863,595370
-117.953,45.998,78.790,595391
-117.282,45.894,78.358,595412
-116.644,45.673,77.878,595433
-116.152,45.565,77.310,595454
-115.765,45.463,76.662,595475
-115.467,45.315,75.952,595496
-114.827,45.291,75.501,595517
-114.320,45.310,74.972,595538
-113.998,45.367,74.321,595559
-113.793,45.430,73.574,595580
-114.197,45.379,72.364,595601
-114.241,45.369,71.399,595622
-114.505,45.120,70.261,595643
-115.230,45.113,68.778,595664
-115.845,44.898,67.375,595685
-116.192,44.893,66.111,595706
-116.044,45.048,65.179,595727
-116.415,45.286,63.871,595748
-116.510,45.436,62.710,595769
-116.780,45.700,61.412,595790
-117.371,45.970,59.879,595811
-118.129,45.923,58.202,595832
-118.921,45.853,56.449,595853
-119.767,45.751,54.618,595874
-120.703,45.626,52.666,595895
-121.722,45.540,50.637,595916
-122.287,45.512,48.892,595937
-122.802,45.385,47.163,595958
-123.426,45.393,45.296,595979
-123.866,45.141,43.528,596000
-124.303,44.863,41.731,596021
-124.696,44.601,39.929,596042
-125.430,44.162,37.844,596063
-126.163,43.765,35.717,596084
-127.297,42.907,34.472,596105
-128.044,42.295,33.699,596126
-129.010,41.850,32.710,596147
-129.637,41.459,31.911,596168
-130.447,41.014,30.964,596189
-130.792,40.841,30.271,596210
-131.156,40.405,29.531,596231
-131.555,40.175,28.730,596252
-131.697,40.377,28.031,596273
-131.499,40.556,27.518,596294
-131.505,40.568,26.861,596315
-131.049,40.935,26.454,596336
-130.623,41.461,26.013,596357
-130.082,42.043,25.628,596378
-129.681,42.656,25.131,596399
-129.017,42.932,24.782,596420
-128.101,43.252,24.615,596441
-127.227,43.991,24.425,596462
-126.241,44.354,24.299,596483
-125.562,44.725,23.950,596504
-124.695,45.005,23.709,596525
-123.710,45.395,23.539,596546
-123.170,45.671,23.040,596567
-122.768,46.143,22.444,596588
-122.405,46.523,21.827,596609
-121.587,46.882,21.510,596630
-121.154,46.966,20.930,596651
-120.830,47.095,20.255,596672
-120.100,47.254,19.884,596693
-119.382,47.056,19.523,596714
-119.009,47.174,18.950,596736
-118.489,47.156,18.509,596757
-118.366,47.192,17.810,596778
-118.385,47.088,17.037,596799
-118.114,46.635,16.466,596820
-117.733,46.392,15.952,596841
-117.453,45.975,15.367,596862
-117.725,45.663,14.367,596883
-118.096,45.372,13.333,596904
-118.048,45.058,12.588,596925
-118.174,44.994,11.733,596946
-118.747,44.908,10.578,596967
-119.349,44.887,9.434,596988
-119.821,45.033,8.376,597009
-120.019,45.034,7.515,597030
-120.681,44.976,6.342,597051
-121.399,45.004,5.133,597072
-121.644,44.975,4.251,597093
-121.890,45.081,3.328,597114
-122.387,45.036,2.228,597135
-122.617,45.297,1.282,597156
-123.045,45.763,0.160,597177
-123.630,46.205,358.910,597198
-123.933,46.273,357.883,597219
-124.390,46.412,356.710,597240
-124.425,46.726,355.821,597261
-124.450,47.085,354.923,597282
-124.633,47.117,353.880,597303
-124.714,47.553,352.878,597324
-124.554,47.825,352.056,597345
-124.521,48.196,351.156,597366
-124.703,48.187,350.067,597387
-124.987,48.266,348.915,597408
-125.272,48.309,347.731,597429
-125.401,48.160,346.656,597450
-125.304,47.906,345.736,597471
-124.987,47.722,344.957,597492
-124.729,47.486,344.114,597513
-124.300,47.417,343.417,597534
-123.868,47.282,342.707,597555
-123.416,47.116,342.023,597576
-123.358,47.247,341.053,597597
-123.296,47.040,340.109,597618
-123.280,47.000,339.127,597639
-123.288,46.858,338.131,597660
-123.252,46.824,337.161,597681
-122.761,46.453,336.504,597702
-122.301,46.030,335.860,597723
-121.912,45.970,335.131,597744
-121.440,45.819,334.485,597765
-121.334,45.822,333.575,597786
-121.363,45.590,332.590,597807
-121.438,45.489,331.581,597828
-121.485,45.526,330.585,597849
-121.425,45.169,329.711,597870
-121.187,44.826,328.939,597891
-121.302,44.559,327.921,597912
-121.146,44.542,327.090,597933
-120.940,44.425,326.311,597954
-120.889,44.129,325.436,597975
-120.907,44.299,324.545,597996
-121.167,44.525,323.512,598017
-121.550,44.591,322.363,598038
-121.946,44.619,321.207,598059
-121.975,44.482,320.290,598080
-121.908,44.510,319.452,598101
-121.830,44.462,318.606,598122
-121.847,44.410,317.708,598143
-121.994,44.822,316.713,598164
-122.128,45.263,315.727,598185
-123.123,46.025,314.440,598206
-124.078,46.677,313.192,598227
-124.943,47.356,311.943,598248
-125.741,47.951,310.721,598269
-126.396,48.579,309.553,598290
-126.548,49.132,308.744,598311
-127.669,49.876,307.326,598332
-128.204,50.429,306.306,598353
-128.740,51.098,305.211,598374
-129.148,51.575,304.136,598395
-130.033,52.049,302.608,598416
-130.686,52.172,301.218,598437
-131.356,52.369,299.818,598458
-132.446,52.729,298.019,598479
-133.001,53.042,296.564,598500
-133.958,53.425,294.762,598521
-134.559,53.645,293.194,598542
-135.373,53.918,291.420,598563
-136.469,54.209,289.367,598584
-137.110,54.249,287.673,598605
-138.127,54.157,285.644,598626
-139.239,54.297,283.477,598647
-139.954,54.447,281.574,598668
-140.137,54.413,280.037,598689
-140.216,54.287,278.517,598710
-140.104,54.130,277.091,598731
-140.745,54.225,275.824,598752
-141.173,54.288,274.979,598773
-141.493,54.369,274.143,598794
-141.759,54.517,273.284,598815
-141.948,54.509,272.465,598836
-141.133,54.582,272.754,598857
-140.706,54.459,272.630,598878
-140.241,54.322,272.504,598899
-139.714,54.165,272.361,598920
-138.774,54.245,272.691,598941
-137.903,54.286,272.900,598962
-137.109,54.316,272.978,598983
-136.773,54.285,272.725,599004
-136.038,54.458,272.739,599025
-135.144,54.436,272.861,599046
-134.462,54.215,272.766,599067
-133.711,53.962,272.731,599088
-132.985,53.902,272.690,599109
-132.284,53.743,272.613,599130
-131.577,53.458,272.512,599151
-131.514,53.326,271.868,599172
-131.501,53.185,271.139,599193
-130.889,52.867,270.865,599214
-130.921,52.592,270.069,599235
-130.998,52.425,269.241,599256
-130.998,52.047,268.455,599277
-130.913,51.630,267.689,599298
-130.807,51.219,266.951,599319
-130.364,50.807,266.441,599340
-129.973,50.343,265.860,599361
-129.526,50.175,265.336,599382
-129.458,49.761,264.498,599403
-129.254,49.716,263.774,599424
-128.727,49.367,263.304,599445
-128.742,49.220,262.411,599466
-128.623,48.865,261.611,599487
-128.252,48.442,260.977,599508
-127.564,48.164,260.615,599529
-126.819,47.982,260.292,599550
-126.087,47.676,259.944,599571
-125.371,47.529,259.595,599592
-125.024,47.584,258.990,599613
-124.622,47.208,258.410,599634
-124.544,47.065,257.585,599655
-123.959,46.859,257.118,599676
-123.830,46.531,256.343,599697
-123.394,46.515,255.805,599718
-123.047,46.157,255.194,599739
-123.018,46.081,254.365,599760
-123.004,46.159,253.507,599781
-123.011,46.248,252.638,599802
-123.048,46.314,251.747,599823
-123.091,46.292,250.862,599844
-123.132,46.198,249.975,599865
-122.868,46.099,249.310,599887
-122.679,46.328,248.584,599908
-122.499,46.395,247.859,599929
-122.494,46.645,247.010,599950
-122.777,46.604,245.972,599971
-123.220,46.707,244.827,599992
-123.664,46.683,243.703,600013
-123.684,46.764,242.885,600034
-124.182,46.837,241.719,600055
-124.408,47.060,240.744,600076
-124.803,46.882,239.651,600097
-125.137,46.668,238.584,600118
-125.297,46.733,237.669,600139
-125.682,46.875,236.609,600160
-126.084,46.999,235.549,600181
-126.732,46.808,234.320,600202
-127.317,46.945,233.145,600223
-127.835,46.752,232.026,600244
-128.263,46.539,230.964,600265
-128.695,46.360,229.911,600286
-129.226,46.421,228.779,600307
-129.367,46.189,227.952,600328
-129.892,46.272,226.895,600349
-130.134,46.503,226.055,600370
-130.230,46.692,225.358,600391
-130.253,46.812,224.721,600412
-130.227,46.918,224.127,600433
-130.206,47.050,223.550,600454
-130.556,47.339,222.723,600475
-130.508,47.362,222.216,600496
-130.447,47.377,221.756,600517
-130.593,47.576,221.164,600538
-130.958,47.676,220.399,600559
-131.282,47.708,219.709,600580
-131.333,47.840,219.194,600601
-131.003,47.691,218.975,600622
-131.114,47.476,218.446,600643
-131.162,47.255,217.962,600664
-130.703,47.107,217.847,600685
-130.267,46.849,217.710,600706
-130.045,46.625,217.425,600727
-129.621,46.436,217.282,600748
-129.478,46.342,216.911,600769
-128.895,46.486,216.863,600790
-128.298,46.413,216.835,600811
-127.899,46.709,216.636,600832
-127.760,46.949,216.246,600853
-127.386,46.832,216.031,600874
-126.755,46.811,215.965,600895
-126.168,46.662,215.875,600916
-125.539,46.807,215.816,600938
-124.891,46.911,215.751,600959
-124.679,46.871,215.376,600980
-124.449,46.980,214.982,601001
-124.193,46.823,214.624,601022
-124.062,46.872,214.197,601043
-123.992,46.968,213.709,601064
-123.900,46.650,213.231,601085
-123.484,46.459,213.006,601106
-123.615,46.375,212.382,601127
-123.584,46.418,211.840,601148
-123.344,46.361,211.448,601169
-123.307,46.448,210.902,601190
-123.542,46.290,210.163,601211
-123.700,46.076,209.496,601232
-123.737,45.854,208.913,601253
-123.984,45.768,208.179,601274
-123.855,45.909,207.709,601295
-123.744,46.062,207.209,601316
-123.643,46.062,206.711,601337
-123.604,46.094,206.146,601358
-123.596,46.172,205.564,601379
-123.733,46.425,204.856,601400
-124.062,46.294,204.014,601421
-124.527,46.374,203.090,601442
-125.014,46.568,202.105,601463
-125.479,46.701,201.145,601484
-125.887,46.698,200.218,601505
-126.329,46.725,199.246,601526
-126.549,47.002,198.444,601547
-126.944,46.991,197.508,601568
-126.971,47.178,196.839,601589
-126.925,47.347,196.195,601610
-127.252,47.580,195.278,601631
-127.484,47.480,194.413,601652
-127.292,47.561,193.854,601673
-127.132,47.412,193.259,601694
-127.016,47.243,192.632,601715
-126.869,47.007,192.022,601736
-126.538,46.813,191.551,601757
-126.543,46.939,190.835,601778
-126.621,47.028,190.058,601799
-126.190,46.988,189.686,601820
-126.216,46.843,188.974,601841
-126.134,46.968,188.322,601862
-126.174,46.984,187.591,601883
-125.780,46.698,187.155,601904
-125.298,46.395,186.769,601925
-124.750,46.294,186.410,601946
-124.606,46.406,185.764,601967
-124.142,46.113,185.338,601988
-123.918,46.167,184.747,602009
-123.632,45.811,184.175,602030
-123.772,45.863,183.259,602051
-123.683,46.001,182.507,602072
-123.854,45.861,181.582,602093
-124.028,45.742,180.635,602114
-123.894,45.614,179.889,602135
-123.745,45.782,179.179,602156
-123.588,45.947,178.448,602177
-123.430,46.098,177.704,602198
-123.492,46.298,176.778,602219
-123.751,46.291,175.712,602240
-124.010,46.310,174.642,602261
-124.248,46.211,173.576,602282
-124.534,46.101,172.443,602303
-124.386,46.030,171.597,602324
-124.530,45.839,170.518,602345
-124.399,45.791,169.605,602366
-124.630,45.537,168.397,602387
-125.040,45.457,167.031,602408
-125.142,45.502,165.876,602429
-125.065,45.174,164.826,602450
-125.466,45.006,163.424,602471
-125.625,45.018,162.177,602492
-125.900,44.638,160.828,602513
-125.994,44.639,159.563,602534
-126.369,44.540,158.107,602555
-126.244,44.299,156.987,602576
-126.096,44.060,155.854,602597
-126.072,44.027,154.636,602618
-126.041,43.566,153.413,602639
-126.313,43.338,152.002,602660
-126.441,43.238,150.678,602681
-126.506,42.717,149.436,602702
-126.631,42.242,148.132,602723
-126.448,42.043,147.050,602744
-126.183,41.746,146.024,602765
-126.216,41.754,145.028,602786
-126.252,41.585,144.012,602807
-126.276,41.724,142.989,602828
-126.671,41.786,141.708,602849
-126.797,41.673,140.537,602870
-127.150,41.867,139.180,602891
-127.456,42.125,137.850,602912
-127.296,42.124,136.779,602933
-127.029,42.318,135.736,602954
-126.742,42.631,134.689,602975
-126.474,42.968,133.552,602996
-126.601,43.153,132.127,603017
-126.262,43.438,131.014,603038
-126.365,43.633,129.572,603059
-126.289,44.128,128.200,603080
-126.401,44.477,126.683,603101
-126.212,44.519,125.327,603122
-126.073,44.585,123.903,603143
-125.835,44.608,122.554,603164
-125.303,44.916,121.414,603185
-124.688,45.042,120.336,603206
-124.116,45.245,119.208,603227
-123.711,45.534,117.947,603248
-123.189,45.610,116.744,603269
-122.961,45.471,115.335,603290
-122.475,45.423,114.088,603311
-122.340,45.205,112.599,603332
-122.425,45.155,110.937,603353
-122.053,44.884,109.619,603374
-122.035,44.942,108.017,603395
-121.758,44.739,106.612,603416
-122.065,44.603,104.770,603437
-122.363,44.343,102.936,603458
-122.540,43.985,101.186,603479
-122.933,43.799,99.270,603500
-123.075,43.490,97.553,603521
-123.482,43.392,95.645,603542
-123.592,43.115,93.941,603563
-123.731,43.292,92.189,603584
-123.931,43.510,90.431,603605
-123.888,43.554,88.817,603626
-123.783,43.473,87.240,603647
-123.937,43.288,85.503,603668
-124.272,43.200,83.646,603689
-124.197,43.266,82.075,603710
-124.478,43.160,80.246,603731
-124.624,43.048,78.516,603752
-125.042,43.076,76.597,603773
-125.186,43.377,74.846,603794
-125.557,43.750,72.951,603815
-125.833,44.144,71.129,603836
-125.789,44.205,69.526,603857
-125.752,44.557,67.920,603878
-125.612,44.847,66.374,603899
-125.879,44.990,64.539,603920
-125.979,45.385,62.772,603941
-125.746,45.373,61.227,603962
-125.504,45.298,59.646,603983
-125.353,45.663,57.979,604004
-125.407,45.718,56.157,604025
-124.946,45.659,54.655,604046
-124.812,45.481,52.870,604067
-125.550,44.690,52.883,604088
-126.230,44.101,52.783,604109
-126.676,43.324,52.739,604130
-126.833,42.591,52.802,604151
-127.020,42.015,52.750,604172
-126.795,41.800,52.894,604193
-126.410,41.623,53.041,604214
-126.130,41.675,53.070,604235
-125.996,41.732,52.910,604256
-125.793,41.637,52.724,604277
-125.460,41.485,52.577,604298
-125.016,41.333,52.430,604319
-124.703,41.323,52.176,604340
-124.270,41.246,51.945,604361
-123.650,41.299,51.788,604382
-123.207,41.749,51.491,604403
-122.854,42.225,51.072,604424
-122.746,42.804,50.447,604445
-122.508,43.415,49.884,604466
-122.660,43.879,49.478,604487
-122.840,43.992,49.018,604508
-123.093,44.211,48.422,604529
-122.922,44.569,48.079,604550
-122.765,44.628,47.679,604571
-122.840,44.696,47.084,604592
-122.684,45.091,46.612,604613
-122.544,45.491,46.073,604634
-122.776,45.774,45.231,604655
-122.933,46.132,44.409,604676
-122.896,46.084,43.678,604697
-123.179,46.273,42.666,604718
-123.067,46.217,41.911,604739
-122.866,46.170,41.194,604760
-122.992,46.494,40.212,604781
-122.763,46.514,39.467,604802
-122.617,46.648,38.654,604823
-122.772,46.792,37.608,604844
-122.791,46.909,36.648,604865
-122.976,46.635,35.528,604886
-123.194,46.370,34.384,604907
-123.256,46.008,33.343,604928
-123.177,46.003,32.352,604949
-123.337,45.666,31.210,604970
-123.364,45.263,30.150,604991
-123.604,45.291,28.928,605012
-123.715,45.353,27.802,605033
-123.541,45.220,26.876,605054
-123.474,45.253,25.867,605075
-123.795,45.146,24.591,605096
-123.893,44.848,23.451,605117
-124.081,44.965,22.291,605138
-124.115,44.670,21.225,605159
-124.236,44.430,20.123,605180
-124.488,44.361,18.894,605201
-124.351,44.442,17.950,605222
-124.190,44.579,17.015,605243
-124.097,44.778,16.037,605264
-124.064,45.057,15.016,605285
-124.008,44.945,14.005,605306
-123.795,45.138,13.135,605327
-123.733,45.054,12.112,605348
-123.597,45.214,11.129,605369
-123.786,45.539,9.899,605390
-123.671,45.531,8.896,605411
-123.525,45.655,7.943,605432
-123.355,45.710,7.009,605453
-123.654,46.046,5.761,605474
-123.988,46.232,4.517,605495
-124.277,46.450,3.317,605516
-124.528,46.526,2.123,605537
-124.575,46.901,1.049,605558
-124.392,46.976,0.141,605579
-124.672,46.972,358.908,605600
-124.447,47.000,358.060,605621
-124.269,46.933,357.186,605642
-124.286,47.201,356.186,605663
-124.488,47.449,355.078,605684
-124.750,47.444,353.904,605705
-124.851,47.721,352.873,605726
-124.557,47.646,352.149,605747
-124.303,47.553,351.410,605768
-123.913,47.762,350.791,605789
-123.888,47.759,349.928,605810
-123.510,47.768,349.365,605831
-123.622,47.963,348.476,605852
-123.348,48.335,347.852,605873
-122.965,48.626,347.334,605894
-123.115,48.942,346.444,605915
-122.730,48.997,345.958,605936
-122.320,49.114,345.513,605957
-121.915,49.282,345.060,605978
-121.770,49.187,344.418,605999
-121.394,49.135,343.974,606020
-121.167,49.378,343.452,606041
-121.360,49.446,342.621,606062
-121.054,49.510,342.167,606083
-121.266,49.504,341.350,606104
-122.371,50.234,340.818,606125
-123.243,50.982,340.429,606146
-124.226,51.453,339.924,606167
-125.040,52.073,339.499,606188
-125.981,52.542,338.916,606209
-126.681,52.665,338.444,606230
-127.276,53.112,337.991,606251
-127.951,53.079,337.421,606272
-128.449,53.324,336.944,606293
-128.751,53.137,336.574,606314
-129.524,53.031,335.769,606335
-129.595,52.773,335.496,606356
-129.578,52.509,335.267,606377
-129.709,52.057,334.921,606398
-130.081,51.675,334.341,606419
-129.899,51.166,334.196,606440
-129.893,50.973,334.173,606461
-130.336,50.969,333.765,606482
-130.739,50.881,333.346,606503
-131.096,50.669,332.921,606524
-131.331,50.589,332.577,606545
-131.349,50.138,332.402,606566
-130.989,49.668,332.507,606587
-130.606,49.145,332.591,606608
-130.360,48.983,332.542,606629
-129.818,48.650,332.651,606650
-129.678,48.133,332.434,606671
-129.408,48.016,332.315,606692
-129.266,47.878,332.075,606713
-129.111,47.493,331.834,606734
-128.974,47.320,331.510,606755
-128.341,47.154,331.525,606776
-128.024,46.785,331.233,606797
-127.573,46.817,331.155,606818
-127.172,46.926,331.026,606839
-126.782,46.666,330.847,606860
-126.178,46.741,330.841,606881
-126.090,46.889,330.440,606902
-125.801,46.797,330.195,606923
-125.763,46.991,329.739,606944
-125.701,47.067,329.289,606965
-125.170,47.067,329.167,606986
-124.675,47.067,329.017,607007
-124.470,47.458,328.642,607028
-123.888,47.514,328.542,607049
-123.304,47.716,328.435,607070
-122.748,48.010,328.295,607091
-122.671,48.300,327.780,607112
-122.545,48.650,327.295,607133
-122.550,48.739,326.694,607154
-122.595,48.828,326.046,607175
-122.546,48.782,325.454,607196
-122.202,48.825,325.071,607217
-121.961,48.862,324.602,607238
-121.732,48.836,324.123,607259
-122.031,48.776,323.193,607280
-121.931,48.875,322.572,607301
-122.015,49.024,321.779,607322
-122.151,49.149,320.924,607343
-122.583,49.092,319.781,607364
-122.627,48.748,318.938,607385
-122.501,48.635,318.201,607406
-122.589,48.279,317.237,607427
-122.995,48.347,315.967,607448
-123.460,48.410,314.608,607469
-123.436,48.270,313.571,607490
-124.040,48.252,311.996,607511
-124.350,48.423,310.572,607532
-124.481,48.311,309.236,607553
-125.018,48.143,307.565,607574
-125.194,48.231,306.113,607595
-125.304,48.276,304.702,607616
-125.839,48.187,302.958,607637
-126.170,47.976,301.359,607658
-126.437,48.164,299.768,607679
-127.033,48.285,297.910,607700
-127.555,48.420,296.067,607721
-127.671,48.233,294.499,607742
-128.043,48.005,292.730,607763
-128.574,47.971,290.839,607784
-128.718,47.773,289.218,607805
-128.653,47.687,287.753,607826
-128.603,47.812,286.274,607847
-128.603,47.974,284.722,607868
-128.517,48.046,283.214,607889
-128.933,48.106,281.310,607910
-128.767,48.107,279.844,607931
-128.939,48.396,278.113,607952
-129.089,48.299,276.403,607973
-129.200,48.188,274.730,607994
-129.505,48.364,272.907,608015
-129.707,48.576,271.151,608036
-129.548,48.722,269.630,608057
-129.335,48.500,268.164,608078
-128.917,48.512,266.827,608099
-128.968,48.358,265.164,608120
-128.606,48.346,263.794,608141
-128.680,48.106,262.092,608162
-128.405,47.757,260.648,608183
-128.450,47.476,258.938,608204
-128.166,47.147,257.463,608225
-127.676,47.009,256.105,608246
-127.411,46.688,254.579,608267
-127.141,46.776,253.065,608288
-126.917,46.448,251.514,608309
-126.563,46.485,250.042,608330
-126.273,46.129,248.490,608351
-126.199,45.897,246.785,608372
-125.672,45.643,245.371,608393
-125.535,45.401,243.646,608414
-125.095,45.101,242.128,608435
-124.972,45.219,240.394,608456
-124.995,45.325,238.544,608477
-124.904,45.467,236.763,608498
-124.621,45.237,235.134,608519
-124.865,45.326,233.143,608540
-125.334,44.911,232.417,608561
-125.959,44.270,231.569,608582
-126.567,43.714,230.676,608603
-127.323,43.314,229.668,608624
-128.236,43.222,228.528,608645
-128.633,43.002,227.730,608666
-129.310,43.187,226.707,608687
-130.164,43.137,225.577,608708
-131.007,43.323,224.430,608729
-131.564,43.675,223.467,608750
-132.210,43.755,222.415,608771
-132.624,43.800,221.499,608792
-132.687,44.150,220.798,608813
-132.717,44.544,220.083,608834
-132.821,45.020,219.307,608855
-133.304,45.587,218.267,608876
-133.574,46.152,217.365,608897
-133.680,46.362,216.577,608918
-134.072,46.574,215.558,608939
-134.274,46.718,214.674,608960
-134.688,47.091,213.622,608981
-134.556,47.467,212.939,609002
-134.310,47.761,212.319,609023
-134.479,47.905,211.405,609044
-134.280,48.335,210.755,609065
-134.069,48.778,210.055,609086
-133.506,48.919,209.607,609107
-133.396,49.008,208.791,609128
-133.237,49.091,207.981,609149
-133.033,49.183,207.199,609170
-132.121,49.111,206.941,609191
-131.134,48.920,206.725,609212
-130.289,48.599,206.388,609233
-129.259,48.241,206.155,609254
-128.236,48.157,205.878,609275
-127.205,47.973,205.571,609296
-126.637,47.959,204.908,609317
-125.665,47.742,204.513,609338
-125.087,47.285,203.795,609359
-124.728,46.955,202.926,609380
-124.220,46.393,202.124,609401
-123.417,46.042,201.515,609422
-122.581,45.654,200.883,609443
-122.160,45.048,199.937,609464
-121.541,44.836,199.124,609485
-121.064,44.763,198.216,609506
-120.888,44.643,197.108,609527
-120.722,44.353,195.993,609548
-120.669,44.213,194.792,609569
-120.613,43.980,193.588,609590
-120.411,43.729,192.438,609611
-120.226,43.951,191.284,609632
-119.960,43.809,190.150,609653
-119.925,43.685,188.845,609674
-119.808,43.944,187.594,609695
-120.203,44.224,185.991,609716
-120.574,44.261,184.375,609737
-120.757,44.697,182.880,609758
-121.327,44.899,181.087,609779
-121.790,45.403,179.368,609800
-122.004,45.534,177.798,609821
-122.266,46.007,176.208,609842
-122.900,46.227,174.323,609863
-123.091,46.320,172.766,609884
-123.686,46.733,170.902,609905
-124.334,46.933,168.951,609926
-124.950,46.995,167.030,609947
-125.510,47.012,165.105,609968
-125.936,46.934,163.289,609989
-125.994,47.052,161.706,610010
-126.270,46.842,159.955,610031
-126.704,46.877,158.077,610052
-126.647,46.842,156.565,610073
-126.586,46.774,155.036,610094
-126.564,46.709,153.479,610115
-126.755,46.337,151.769,610136
-127.003,46.092,149.985,610157
-126.859,45.988,148.470,610178
-126.911,45.600,146.788,610199
-126.519,45.085,145.438,610220
-126.000,44.912,144.151,610241
-125.500,44.779,142.876,610262
-124.975,44.658,141.611,610283
-124.382,44.255,140.393,610304
-124.160,44.135,138.918,610325
-123.568,44.185,137.691,610346
-122.905,43.904,136.496,610367
-122.471,43.714,135.144,610388
-122.100,43.630,133.748,610409
-121.558,43.515,132.471,610430
-121.042,43.438,131.162,610451
-120.340,43.739,129.968,610472
-119.853,43.716,128.634,610493
-119.229,44.052,127.370,610514
-118.602,44.351,126.153,610535
-118.478,44.483,124.584,610556
-118.441,44.750,122.942,610577
-118.362,45.153,121.346,610598
-117.959,45.281,120.001,610619
-118.001,45.286,118.342,610640
-117.795,45.561,116.875,610661
-117.548,45.734,115.427,610682
-117.355,45.939,113.999,610703
-117.308,46.170,112.488,610724
-117.735,46.335,110.656,610745
-118.227,46.302,108.820,610766
-118.333,46.157,107.274,610787
-117.936,46.230,106.309,610808
-117.448,46.096,105.409,610829
-116.844,46.187,104.558,610850
-116.357,46.304,103.657,610871
-115.946,46.207,102.691,610892
-115.969,46.464,101.377,610913
-116.251,46.394,99.881,610934
-116.504,46.218,98.400,610955
-116.590,46.304,97.010,610976
-117.120,46.250,95.324,610997
-117.333,45.980,93.854,611018
-117.523,45.999,92.410,611039
-118.078,45.767,90.714,611060
-118.430,45.867,89.141,611081
-118.786,45.877,87.553,611102
-119.475,45.977,85.686,611123
-120.383,45.863,83.678,611144
-121.199,45.538,81.724,611165
-122.040,45.223,79.748,611186
-122.568,44.888,77.923,611207
-122.823,44.705,76.241,611228
-123.200,44.360,74.440,611249
-123.423,44.161,72.685,611270
-123.633,43.917,70.884,611291
-124.727,43.379,70.691,611312
-125.520,42.882,70.180,611333
-126.610,42.320,69.378,611354
-127.079,41.911,68.962,611375
-127.677,41.703,68.395,611396
-128.238,41.408,67.786,611417
-128.320,41.426,67.453,611438
-128.431,41.177,67.050,611459
-128.258,41.000,66.782,611480
-127.781,41.042,66.675,611501
-127.708,41.468,66.255,611522
-127.141,41.890,66.144,611543
-126.912,42.153,65.772,611564
-126.976,42.326,65.745,611585
-126.932,42.345,65.733,611606
-126.688,42.772,65.825,611627
-126.147,42.939,66.070,611648
-125.930,43.452,66.067,611669
-125.323,43.917,66.345,611690
-124.622,44.312,66.669,611711
-123.880,44.626,67.031,611732
-123.266,45.341,67.247,611753
-122.872,45.862,67.287,611774
-122.015,46.205,67.624,611795
-121.327,46.527,67.803,611816
-120.802,47.067,67.861,611837
-120.264,47.524,67.894,611858
-119.264,47.807,68.249,611879
-118.567,48.429,68.340,611900
-117.672,48.924,68.568,611921
-117.071,49.425,68.522,611942
-116.191,49.690,68.644,611963
-115.850,49.685,68.596,611984
-115.611,49.669,68.464,612005
-114.862,49.599,68.693,612026
-114.302,49.720,68.765,612047
-113.874,49.430,68.743,612068
-113.517,49.130,68.630,612089
-112.935,48.847,68.652,612110
-112.556,48.900,68.490,612131
-112.567,48.692,68.010,612152
-112.741,48.636,67.394,612173
-112.920,48.412,66.802,612194
-112.733,48.319,66.474,612215
-112.619,48.159,66.107,612236
-113.012,47.952,65.376,612257
-112.996,47.820,64.926,612278
-112.972,47.653,64.468,612299
-113.174,47.628,63.846,612320
-113.703,47.541,62.968,612341
-114.053,47.540,62.229,612362
-114.579,47.557,61.367,612383
-115.153,47.336,60.491,612404
-115.714,47.088,59.595,612425
-116.165,46.793,58.788,612446
-116.699,46.528,57.888,612467
-117.371,46.347,56.867,612488
-118.206,46.385,55.742,612509
-118.555,46.353,54.947,612530
-118.924,46.224,54.124,612551
-119.760,46.260,52.930,612572
-120.591,46.329,51.739,612593
-121.274,46.461,50.631,612614
-122.055,46.329,49.440,612635
-122.394,45.976,48.574,612656
-123.086,45.841,47.455,612677
-123.279,45.557,46.664,612698
-123.494,45.604,45.833,612719
-123.741,45.749,44.954,612740
-124.161,45.666,43.937,612761
-124.526,45.830,42.952,612782
-124.827,45.803,42.002,612803
-124.704,45.682,41.364,612824
-124.770,45.524,40.565,612845
-124.514,45.417,39.965,612866
-124.536,45.657,39.157,612887
-124.569,45.466,38.336,612908
-124.332,45.581,37.717,612929
-124.076,45.705,37.123,612950
-124.175,45.733,36.248,612971
-124.153,45.972,35.465,612992
-123.857,45.813,34.882,613013
-123.883,45.745,34.048,613034
-123.468,45.771,33.561,613055
-123.375,45.670,32.827,613076
-123.177,45.536,32.159,613097
-122.829,45.644,31.589,613118
-122.711,45.859,30.848,613139
-122.552,46.035,30.143,613160
-122.623,46.076,29.248,613181
-122.684,46.074,28.378,613202
-122.412,45.739,27.757,613223
-122.494,45.529,26.861,613244
-122.580,45.363,25.953,613265
-122.248,45.330,25.329,613286
-122.042,45.374,24.628,613307
-121.757,45.172,24.022,613328
-121.730,44.854,23.247,613349
-121.672,44.588,22.494,613370
-121.720,44.753,21.686,613391
-121.923,44.892,20.756,613412
-121.971,45.070,19.942,613433
-122.311,45.057,18.912,613454
-122.541,45.235,17.980,613475
-122.571,45.341,17.181,613496
-122.528,45.243,16.418,613517
-122.656,45.391,15.529,613538
-122.999,45.158,14.511,613559
-123.071,45.183,13.699,613580
-123.496,45.062,12.652,613601
-123.536,44.845,11.888,613622
-123.938,44.996,10.854,613643
-123.853,44.865,10.170,613664
-123.835,44.657,9.457,613685
-123.778,44.802,8.763,613706
-123.760,44.600,8.029,613727
-123.880,44.838,7.176,613748
-123.889,45.066,6.430,613769
-123.971,44.889,5.677,613790
-124.291,45.016,4.758,613811
-124.587,45.106,3.882,613832
-124.907,45.196,2.983,613853
-124.860,45.467,2.346,613874
-125.034,45.441,1.578,613895
-124.726,45.402,1.124,613916
-124.419,45.330,0.660,613937
-124.079,45.311,0.237,613958
-123.981,45.531,359.656,613979
-123.869,45.334,359.107,614000
-123.478,45.354,358.751,614021
-123.512,45.542,358.115,614042
-123.717,45.497,357.353,614063
-123.484,45.567,356.907,614084
-123.603,45.431,356.231,614105
-123.528,45.620,355.675,614126
-123.345,45.622,355.237,614147
-123.227,45.872,354.745,614168
-123.222,46.272,354.209,614189
-123.272,46.688,353.630,614210
-123.371,46.694,353.034,614231
-123.344,46.637,352.533,614252
-123.146,46.588,352.167,614273
-123.296,46.637,351.539,614294
-122.960,46.759,351.254,614315
-123.183,47.086,350.565,614336
-123.168,47.084,350.022,614357
-123.424,47.222,349.264,614378
-123.532,47.646,348.583,614399
-123.960,47.819,347.662,614420
-124.390,47.941,346.721,614441
-124.820,48.050,345.759,614462
-124.709,48.130,345.177,614483
-124.949,48.015,344.292,614504
-125.038,48.240,343.484,614525
-125.291,48.393,342.524,614546
-125.111,48.430,341.840,614567
-124.938,48.461,341.114,614588
-124.866,48.531,340.255,614609
-124.698,48.551,339.457,614630
-124.764,48.208,338.429,614651
-124.609,47.863,337.548,614672
-124.435,47.469,336.663,614693
-124.674,47.308,335.423,614714
-124.849,47.042,334.206,614735
-125.058,46.823,332.916,614756
-124.851,46.746,331.911,614777
-125.050,46.600,330.606,614798
-124.916,46.176,329.513,614819
-124.893,45.794,328.318,614840
-124.550,45.633,327.354,614861
-124.238,45.577,326.345,614882
-123.757,45.238,325.421,614903
-123.249,45.029,324.521,614924
-123.049,45.126,323.349,614945
-122.897,45.283,322.141,614966
-122.813,45.473,320.847,614987
-122.531,45.329,319.682,615008
-122.392,45.613,318.403,615029
-122.135,45.661,317.205,615051
-122.254,45.744,315.716,615072
-122.379,45.884,314.174,615093
-122.142,46.314,312.870,615114
-121.783,46.539,311.645,615135
-121.366,46.900,310.462,615156
-121.162,47.444,309.078,615177
-121.201,47.714,307.518,615198
-120.905,47.813,306.196,615219
-120.859,47.901,304.670,615240
-121.035,48.125,303.004,615261
-121.319,48.396,301.206,615282
-121.120,48.604,299.771,615303
-121.245,48.575,298.086,615324
-121.582,48.779,296.244,615345
-121.953,48.856,294.340,615366
-122.274,48.778,292.475,615387
-122.187,48.894,290.933,615408
-122.036,48.952,289.456,615429
-122.332,48.806,287.657,615450
-122.149,48.708,286.238,615471
-122.011,48.494,284.810,615492
-121.949,48.374,283.314,615513
-121.695,48.312,281.997,615534
-121.726,47.904,280.452,615555
-122.065,47.638,278.649,615576
-122.418,47.360,276.857,615597
-122.859,47.047,275.006,615618
-123.306,46.683,273.155,615639
-123.563,46.166,271.429,615660
-123.881,45.623,269.649,615681
-123.939,45.344,268.029,615702
-124.053,45.036,266.333,615723
-124.136,44.673,264.651,615744
-124.729,44.379,262.588,615765
-125.305,43.914,260.521,615786
-125.884,43.578,258.443,615807
-126.387,43.283,256.426,615828
-127.259,42.521,255.721,615849
-128.252,41.700,254.886,615870
-128.899,40.841,254.246,615891
-129.549,40.091,253.570,615912
-130.551,39.594,252.633,615933
-131.517,39.162,251.689,615954
-132.219,39.079,250.903,615975
-133.088,38.930,250.007,615996
-133.852,39.031,249.152,616017
-134.272,39.323,248.493,616038
-134.386,39.523,248.025,616059
-134.391,39.795,247.619,616080
-134.560,40.381,247.105,616101
-134.480,40.965,246.751,616122
-134.282,41.633,246.471,616143
-134.015,42.410,246.225,616164
-133.670,43.283,246.017,616185
-133.256,44.157,245.844,616206
-133.184,44.900,245.411,616227
-133.078,45.258,245.353,616248
-132.637,45.578,245.529,616269
-132.285,45.871,245.606,616290
-131.749,46.177,245.779,616311
-131.197,46.792,245.946,616333
-130.977,47.096,245.844,616354
-130.368,47.581,245.979,616375
-129.892,47.827,246.294,616396
-129.625,48.119,246.405,616417
-129.106,47.920,246.665,616438
-128.293,47.878,247.111,616459
-127.538,47.922,247.470,616480
-127.033,48.064,247.596,616501
-126.206,47.884,247.935,616522
-125.735,48.008,248.014,616543
-125.552,48.015,247.829,616564
-125.333,47.809,247.686,616585
-125.219,47.648,247.424,616606
-124.946,47.353,247.284,616627
-124.811,47.087,247.023,616648
-124.361,46.840,246.978,616669
-124.029,46.514,246.831,616690
-123.671,46.424,246.692,616711
-123.384,46.405,246.481,616732
-123.153,46.393,246.236,616753
-123.313,46.446,245.660,616774
-123.481,46.548,245.073,616795
-123.548,46.727,244.540,616816
-123.814,46.648,243.832,616837
-123.890,46.483,243.275,616858
-124.205,46.554,242.524,616879
-124.153,46.438,242.047,616900
-124.405,46.397,241.332,616921
-124.321,46.568,240.843,616942
-124.670,46.863,240.028,616963
-124.668,47.107,239.442,616984
-124.723,47.347,238.814,617005
-124.771,47.214,238.313,617026
-125.208,47.060,237.521,617047
-125.706,47.024,236.665,617068
-125.785,46.849,236.070,617089
-125.736,46.861,235.523,617110
-125.641,46.900,234.992,617131
-125.998,47.074,234.108,617152
-126.322,47.252,233.242,617173
-126.567,47.466,232.398,617194
-126.631,47.689,231.635,617215
-126.860,47.592,230.749,617236
-127.079,47.509,229.851,617257
-126.846,47.248,229.226,617278
-126.668,46.971,228.562,617299
-126.593,46.698,227.779,617320
-126.238,46.758,227.178,617341
-125.817,46.766,226.571,617362
-125.886,46.785,225.599,617383
-125.397,46.706,225.031,617404
-125.436,46.741,224.058,617425
-125.092,46.843,223.384,617446
-125.115,46.956,222.435,617467
-124.605,46.876,221.872,617488
-124.098,46.767,221.280,617509
-123.554,46.584,220.698,617530
-123.014,46.359,220.110,617551
-122.508,46.299,219.462,617572
-122.356,45.990,218.565,617593
-122.363,45.988,217.548,617614
-122.362,45.764,216.534,617635
-121.971,45.743,215.789,617656
-122.104,45.695,214.682,617677
-121.856,45.799,213.829,617698
-121.650,45.891,212.968,617719
-121.600,45.632,212.008,617740
-121.890,45.637,210.771,617761
-121.798,45.679,209.795,617782
-122.161,45.509,208.484,617803
-122.590,45.603,207.095,617824
-122.969,45.393,205.749,617845
-123.123,45.132,204.541,617866
-123.561,44.936,203.111,617887
-123.643,44.908,201.938,617908
-123.785,44.718,200.719,617929
-123.860,44.745,199.526,617950
-124.365,44.631,198.032,617971
-124.451,44.653,196.836,617992
-124.997,44.657,195.340,618013
-125.157,44.764,194.125,618034
-125.255,44.787,192.933,618055
-125.626,45.026,191.524,618076
-126.195,45.029,190.005,618097
-126.383,44.827,188.751,618118
-126.777,44.745,187.346,618139
-126.707,44.639,186.265,618160
-126.676,44.800,185.137,618181
-126.929,45.096,183.814,618202
-127.388,45.144,182.335,618223
-127.692,45.062,180.969,618244
-128.014,45.021,179.580,618265
-128.088,45.342,178.349,618286
-127.913,45.334,177.275,618307
-127.778,45.238,176.147,618328
-127.613,45.482,175.014,618349
-127.381,45.646,173.949,618370
-127.154,45.853,172.844,618391
-127.223,45.802,171.517,618412
-127.250,45.765,170.226,618433
-126.783,45.697,169.260,618454
-126.810,45.657,167.914,618475
-126.615,45.424,166.712,618496
-126.495,45.219,165.446,618517
-126.104,45.267,164.370,618538
-125.758,45.312,163.219,618559
-125.574,45.475,161.945,618580
-125.317,45.299,160.682,618601
-125.555,45.354,159.048,618622
-125.746,45.219,157.441,618643
-125.777,44.973,155.928,618664
-125.798,44.729,154.406,618685
-125.680,44.426,152.977,618706
-125.750,44.181,151.416,618727
-125.935,44.004,149.734,618748
-125.753,43.758,148.283,618769
-125.652,43.845,146.776,618790
-125.933,43.909,145.009,618811
-126.264,43.853,143.183,618832
-126.318,43.572,141.549,618853
-126.599,43.672,139.756,618874
-126.458,43.667,138.271,618895
-126.749,43.620,136.467,618916
-126.962,43.784,134.740,618937
-126.850,43.991,133.225,618958
-127.025,44.291,131.499,618979
-126.915,44.616,129.957,619000
-127.137,44.774,128.171,619021
-127.290,44.930,126.447,619042
-127.067,45.032,124.999,619063
-126.874,45.161,123.535,619084
-126.660,45.347,122.089,619105
-126.468,45.636,120.636,619126
-126.464,45.789,119.055,619147
-126.812,46.003,117.257,619168
-126.982,46.527,115.573,619189
-127.451,46.994,113.664,619210
-127.907,47.299,111.798,619231
-128.352,47.628,109.935,619252
-128.551,47.733,108.281,619273
-128.350,48.010,106.938,619294
-128.148,48.304,105.599,619315
-128.164,48.684,104.114,619336
-128.502,48.850,102.393,619357
-128.328,49.001,101.036,619378
-128.093,48.948,99.698,619399
-128.164,49.149,98.135,619420
-128.379,49.017,96.466,619441
-128.310,48.700,94.997,619462
-127.986,48.404,93.707,619483
-127.580,48.108,92.426,619504
-127.123,47.949,91.216,619525
-126.674,47.825,89.977,619546
-126.252,47.728,88.713,619567
-126.262,47.606,87.073,619588
-126.448,47.578,85.543,619609
-126.903,47.803,83.727,619630
-127.825,47.285,83.558,619651
-128.628,46.898,83.352,619672
-129.058,46.626,83.238,619693
-129.518,46.166,82.963,619714
-129.386,45.629,82.990,619735
-129.150,45.120,83.011,619756
-128.917,44.670,82.889,619777
-128.531,44.600,82.796,619798
-127.986,44.509,82.680,619819
-127.469,44.148,82.457,619840
-127.150,44.045,82.022,619861
-126.501,43.745,81.717,619882
-125.978,43.489,81.303,619903
-125.610,43.033,81.344,619924
-124.867,42.864,81.529,619945
-124.089,42.728,81.686,619966
-123.321,42.687,81.774,619987
-122.851,42.845,81.579,620008
-122.250,43.085,81.407,620029
-121.489,42.992,81.302,620050
-120.704,42.972,81.167,620071
-120.507,43.006,81.071,620092
-120.289,43.152,80.907,620113
-119.521,43.239,81.049,620134
-118.743,43.372,81.124,620155
-117.980,43.752,81.142,620176
-117.410,44.291,80.962,620197
-117.113,44.371,80.940,620218
-116.425,44.708,81.113,620239
-116.119,44.963,80.940,620260
-115.722,45.450,80.724,620281
-115.373,45.539,80.716,620302
-114.626,45.783,80.966,620323
-114.201,45.852,80.889,620344
-113.426,46.192,81.043,620365
-113.016,46.354,80.944,620386
-112.276,46.699,81.172,620407
-111.562,47.157,81.354,620428
-111.208,47.673,81.260,620449
-110.910,48.061,81.106,620470
-110.215,48.187,81.217,620491
-109.538,48.416,81.275,620512
-109.011,48.763,81.170,620533
-108.991,48.994,80.678,620554
-108.808,48.967,80.288,620575
-108.436,49.174,80.039,620596
-108.588,49.458,79.385,620617
-108.445,49.720,78.972,620638
-108.401,49.944,78.478,620659
-108.812,49.857,77.631,620680
-109.243,49.708,76.787,620701
-109.630,49.435,75.970,620722
-109.994,49.079,75.151,620743
-110.235,48.836,74.429,620764
-110.989,48.543,73.436,620785
-111.467,48.521,72.660,620806
-111.988,48.465,71.866,620827
-112.919,48.361,70.752,620848
-113.922,48.205,69.608,620869
-114.935,47.850,68.434,620890
-115.504,47.549,67.571,620911
-116.446,47.038,66.460,620932
-117.468,46.635,65.297,620953
-118.474,46.240,64.176,620974
-118.994,45.844,63.421,620995
-119.910,45.769,62.416,621016
-120.832,45.549,61.394,621037
-121.699,45.514,60.403,621058
-122.573,45.484,59.365,621079
-123.095,45.092,58.563,621100
-123.928,44.832,57.601,621121
-124.282,44.631,56.965,621142
-124.590,44.462,56.345,621163
-124.967,44.555,55.657,621184
-125.346,44.306,54.990,621205
-125.445,44.351,54.552,621226
-125.781,44.590,53.961,621247
-126.211,44.831,53.271,621268
-126.565,44.968,52.625,621289
-126.341,45.047,52.420,621310
-126.151,45.470,52.179,621331
-126.124,45.607,51.815,621352
-125.959,45.768,51.589,621373
-125.627,46.349,51.490,621394
-124.980,46.640,51.641,621416
-124.222,47.049,51.878,621437
-123.679,47.615,51.980,621458
-122.790,47.873,52.345,621479
-122.268,48.027,52.438,621500
-121.720,48.148,52.540,621521
-120.736,48.384,52.975,621542
-120.252,48.536,53.057,621563
-119.792,48.656,53.130,621584
-119.169,48.527,53.312,621605
-118.278,48.381,53.700,621626
-117.688,48.515,53.851,621647
-117.468,48.484,53.723,621668
-117.246,48.133,53.577,621689
-117.194,47.916,53.294,621710
-117.083,47.390,53.054,621731
-116.713,47.011,52.998,621752
-116.472,46.685,52.832,621773
-116.752,46.192,52.314,621794
-116.787,45.953,51.971,621815
-117.132,45.403,51.410,621836
-117.590,45.194,50.810,621857
-117.996,45.034,50.248,621878
-118.186,44.714,49.843,621899
-118.622,44.141,49.249,621920
-119.163,43.619,48.587,621941
-119.726,43.567,47.881,621962
-120.126,43.417,47.294,621983
-120.696,43.067,46.624,622004
-121.256,43.197,45.934,622025
-121.858,43.381,45.240,622046
-122.564,43.576,44.478,622067
-123.301,43.766,43.706,622088
-124.102,43.869,42.868,622109
-124.426,43.744,42.344,622130
-125.113,43.974,41.572,622151
-125.552,44.347,40.975,622172
-125.626,44.442,40.651,622193
-125.739,44.718,40.287,622214
-125.764,44.889,39.963,622235
-126.213,45.214,39.345,622256
-126.621,45.493,38.711,622277
-126.484,45.765,38.445,622298
-126.340,46.025,38.195,622319
-126.421,46.015,37.795,622340
-126.138,46.007,37.634,622361
-125.742,46.141,37.550,622382
-125.696,46.192,37.204,622403
-125.152,46.324,37.207,622424
-124.996,46.702,36.903,622445
-124.678,47.063,36.682,622466
-124.501,47.340,36.377,622487
-124.342,47.296,36.028,622508
-123.985,47.089,35.847,622529
-123.722,47.274,35.589,622550
-123.087,47.091,35.595,622571
-122.503,46.812,35.588,622592
-121.904,46.515,35.568,622613
-121.291,46.244,35.566,622634
-121.165,46.065,35.201,622655
-121.001,46.053,34.869,622676
-120.859,45.701,34.510,622697
-120.623,45.299,34.226,622718
-120.377,45.294,33.974,622739
-119.948,44.953,33.846,622760
-119.638,44.948,33.670,622781
-119.362,44.911,33.449,622802
-119.125,44.957,33.181,622823
-118.949,45.021,32.893,622844
-119.226,45.223,32.285,622865
-119.434,45.075,31.737,622886
-119.842,45.193,31.097,622907
-119.926,45.075,30.685,622928
-120.243,45.073,30.149,622949
-120.384,45.020,29.758,622970
-120.720,45.069,29.253,622991
-120.661,45.334,29.055,623012
-120.604,45.660,28.903,623033
-120.549,45.999,28.745,623054
-120.383,46.073,28.688,623075
-120.407,46.482,28.492,623096
-120.683,46.828,28.122,623117
-120.758,47.256,27.880,623138
-120.981,47.292,27.501,623159
-121.156,47.288,27.156,623180
-121.069,47.462,26.994,623201
-121.009,47.431,26.777,623222
-121.446,47.664,26.154,623243
-121.697,47.888,25.648,623264
-122.154,47.740,24.993,623285
-122.656,47.620,24.290,623306
-123.178,47.579,23.557,623327
-123.615,47.450,22.841,623348
-123.787,47.251,22.322,623369
-123.749,47.300,21.928,623390
-124.047,47.381,21.297,623411
-124.249,47.114,20.717,623432
-124.010,46.982,20.443,623453
-123.800,46.936,20.126,623474
-123.693,46.960,19.713,623495
-123.884,46.911,19.105,623516
-123.905,46.587,18.591,623537
-123.700,46.582,18.243,623558
-123.695,46.234,17.758,623579
-123.814,45.935,17.151,623600
-123.721,45.992,16.709,623621
-123.847,46.109,16.112,623642
-124.052,46.178,15.473,623663
-124.199,46.252,14.876,623684
-123.928,46.238,14.584,623705
-124.020,46.349,14.032,623726
-124.149,46.264,13.450,623747
-123.961,45.966,13.092,623768
-123.707,45.708,12.779,623789
-123.379,45.497,12.545,623810
-123.341,45.347,12.085,623831
-122.994,45.378,11.838,623852
-123.056,45.294,11.300,623873
-122.793,45.321,10.983,623894
-122.760,45.650,10.492,623915
-123.062,45.903,9.742,623936
-123.380,46.132,8.966,623957
-123.635,46.400,8.263,623978
-123.506,46.319,7.810,623999
-123.348,46.246,7.350,624020
-123.105,46.486,6.974,624041
-122.945,46.819,6.558,624062
-122.589,47.039,6.285,624083
-122.639,47.091,5.681,624104
-122.548,47.429,5.190,624125
-122.626,47.490,4.577,624146
-122.713,47.725,3.924,624167
-122.739,47.647,3.308,624188
-122.764,47.573,2.671,624209
-122.498,47.771,2.260,624230
-122.284,48.015,1.789,624251
-121.958,47.963,1.368,624272
-121.980,47.808,0.668,624293
-121.703,47.904,0.195,624314
-121.811,48.091,359.396,624335
-121.899,48.201,358.604,624356
-122.164,47.974,357.643,624377
-122.012,47.702,356.962,624398
-121.954,47.375,356.176,624419
-122.219,46.955,355.130,624440
-122.409,46.939,354.127,624461
-122.819,46.641,352.944,624482
-123.244,46.523,351.710,624503
-123.236,46.510,350.773,624524
-123.700,46.401,349.480,624545
-123.996,46.189,348.282,624566
-124.597,46.246,346.823,624587
-124.720,46.352,345.685,624608
-124.876,46.427,344.487,624629
-125.316,46.353,343.026,624650
-125.612,46.589,341.662,624671
-126.333,46.972,339.965,624692
-126.856,47.413,338.378,624713
-127.275,47.881,336.820,624734
-127.931,48.119,335.062,624755
-128.518,48.316,333.298,624776
-128.855,48.803,331.692,624797
-128.894,49.051,330.316,624818
-128.881,49.302,328.971,624839
-129.087,49.746,327.426,624860
-129.158,50.148,325.979,624881
-129.200,50.509,324.540,624902
-129.198,50.797,323.065,624923
-129.093,50.918,321.637,624944
-129.473,50.996,319.803,624965
-129.630,50.898,318.085,624986
-129.924,50.931,316.215,625007
-129.841,50.781,314.638,625028
-129.661,50.954,313.106,625049
-129.375,50.969,311.640,625070
-129.489,50.846,309.858,625091
-129.820,50.989,307.915,625112
-129.784,51.218,306.243,625133
-129.745,51.003,304.599,625154
-129.662,50.763,302.976,625175
-128.753,50.806,302.060,625196
-128.029,50.647,301.028,625217
-126.968,50.634,300.278,625238
-126.364,50.374,299.143,625259
-125.976,50.178,297.876,625280
-125.612,49.865,296.598,625301
-124.817,49.409,295.704,625322
-124.462,49.276,294.463,625343
-124.126,48.692,293.203,625364
-123.629,48.071,292.056,625385
-123.009,47.632,291.000,625406
-122.713,47.008,289.705,625427
-122.409,46.772,288.387,625448
-122.523,46.340,286.760,625469
-122.586,45.810,285.181,625490
-122.460,45.195,283.739,625511
-122.374,44.996,282.277,625532
-122.702,44.779,280.533,625553
-122.914,44.303,278.882,625574
-122.762,43.921,277.485,625595
-122.983,43.599,275.826,625616
-123.310,43.626,274.101,625637
-123.216,43.474,272.669,625658
-123.672,43.499,270.812,625679
-124.144,43.577,268.948,625700
-124.600,43.549,267.083,625721
-125.037,43.823,265.230,625742
-126.011,43.231,264.400,625763
-126.853,42.649,263.597,625784
-127.501,42.143,262.894,625805
-128.068,41.721,262.232,625826
-128.630,41.368,261.553,625847
-129.083,41.304,260.905,625868
-129.924,41.207,259.979,625889
-130.349,41.419,259.344,625910
-131.001,41.693,258.533,625931
-131.509,42.097,257.823,625952
-131.985,42.568,257.128,625973
-132.103,43.112,256.620,625994
-132.326,43.329,256.586,626015
-132.381,43.362,256.653,626036
-132.801,43.538,256.469,626057
-132.972,44.034,256.458,626078
-132.865,44.393,256.627,626099
-133.180,44.759,256.510,626120
-133.474,45.151,256.377,626141
-133.368,45.687,256.520,626162
-133.526,46.180,256.443,626183
-133.372,46.190,256.890,626204
-133.345,46.301,257.207,626225
-132.982,46.402,257.761,626246
-132.538,46.825,258.374,626267
-131.978,46.920,259.040,626288
-131.541,47.167,259.802,626309
-130.968,47.296,260.657,626330
-130.857,47.305,261.149,626351
-130.581,47.399,261.719,626372
-130.445,47.377,262.154,626393
-129.745,47.169,263.003,626414
-129.366,46.770,263.610,626435
-128.791,46.457,264.341,626456
-128.354,46.451,264.937,626477
-127.850,46.377,265.537,626498
-127.697,46.390,265.871,626519
-127.732,46.255,266.149,626540
-127.766,46.120,266.404,626561
-127.252,45.884,267.040,626582
-127.103,45.888,267.390,626603
-126.959,45.498,267.717,626624
-126.555,45.141,268.217,626645
-126.307,44.829,268.601,626666
-126.176,44.984,268.894,626687
-126.043,44.746,269.174,626708
-125.778,44.882,269.540,626729
-125.596,45.034,269.796,626750
-125.297,45.046,270.109,626771
-125.518,45.155,270.013,626792
-125.574,44.949,269.977,626813
-125.426,44.793,270.090,626834
-125.548,44.686,269.966,626855
-125.430,44.564,269.995,626876
-125.469,44.763,270.072,626897
-125.597,44.997,270.012,626918
-125.692,45.226,269.953,626939
-125.876,45.471,269.795,626960
-126.094,45.724,269.534,626981
-126.163,45.942,269.376,627002
-126.561,46.032,268.921,627023
-126.772,45.904,268.547,627044
-126.681,45.934,268.333,627065
-126.825,45.739,267.908,627086
-127.107,45.985,267.367,627107
-127.373,45.901,266.768,627128
-127.339,45.740,266.351,627149
-127.216,45.929,265.954,627170
-127.502,46.191,265.261,627191
-127.719,46.458,264.575,627212
-127.602,46.465,264.127,627233
-127.659,46.330,263.506,627254
-127.651,46.191,262.928,627275
-127.880,46.102,262.128,627296
-127.838,46.375,261.510,627317
-127.794,46.642,260.884,627338
-127.984,46.590,260.057,627359
-128.194,46.550,259.182,627380
-128.081,46.743,258.509,627401
-128.314,46.905,257.564,627422
-128.041,46.716,256.962,627443
-128.098,46.599,256.082,627464
-127.739,46.499,255.467,627485
-127.365,46.546,254.871,627506
-127.086,46.314,254.197,627527
-126.854,46.083,253.458,627548
-126.856,46.044,252.571,627569
-126.436,46.246,251.979,627590
-126.303,46.478,251.185,627611
-126.029,46.358,250.470,627632
-125.429,46.374,249.983,627653
-125.198,46.281,249.218,627674
-124.763,46.508,248.578,627695
-124.418,46.726,247.841,627716
-123.895,46.783,247.233,627737
-123.676,46.545,246.400,627758
-123.613,46.446,245.432,627779
-123.590,46.473,244.441,627800
-123.399,46.158,243.522,627821
-123.217,45.847,242.620,627842
-122.844,45.859,241.823,627863
-122.958,45.866,240.660,627884
-122.645,45.636,239.810,627905
-122.380,45.603,238.908,627926
-122.409,45.338,237.812,627947
-122.720,45.360,236.487,627968
-122.877,45.473,235.302,627989
-122.726,45.377,234.333,628010
-122.965,45.100,233.089,628031
-123.212,45.240,231.845,628052
-123.259,45.027,230.720,628073
-123.222,44.939,229.639,628094
-123.331,44.781,228.483,628115
-123.766,44.669,227.115,628136
-124.116,44.497,225.788,628157
-124.750,44.602,224.240,628178
-124.918,44.728,223.018,628199
-125.599,44.839,221.415,628220
-126.334,44.976,219.777,628241
-126.643,44.832,218.457,628262
-126.898,44.765,217.174,628283
-127.287,45.082,215.808,628304
-127.552,45.351,214.520,628325
-128.003,45.667,213.098,628346
-128.573,45.787,211.580,628367
-128.611,45.777,210.425,628388
-129.042,45.877,209.017,628409
-129.388,45.962,207.681,628430
-129.636,46.020,206.412,628451
-129.768,46.000,205.203,628472
-129.531,45.851,204.274,628493
-129.194,45.907,203.408,628514
-128.895,45.965,202.466,628535
-128.681,46.054,201.459,628556
-128.300,45.855,200.538,628577
-128.242,45.502,199.386,628598
-128.272,45.200,198.136,628619
-128.018,45.141,197.074,628640
-128.028,44.880,195.816,628661
-127.526,44.404,194.897,628682
-127.316,43.891,193.753,628703
-126.782,43.654,192.816,628724
-126.257,43.433,191.869,628745
-125.661,43.191,190.938,628766
-125.580,42.902,189.629,628787
-125.544,42.759,188.278,628808
-125.208,42.374,187.096,628829
-125.124,42.132,185.717,628850
-125.061,41.943,184.313,628871
-124.879,41.977,182.945,628892
-124.505,41.928,181.688,628913
-124.047,41.681,180.474,628934
-123.644,41.557,179.177,628955
-123.301,41.476,177.812,628976
-123.419,41.306,176.128,628997
-123.564,41.122,174.402,629018
-123.431,40.885,172.826,629039
-123.668,40.813,171.007,629060
-123.908,40.991,169.163,629081
-123.937,41.258,167.408,629102
-124.025,41.190,165.622,629123
-123.978,41.440,163.893,629144
-124.180,41.939,161.995,629165
-124.600,42.191,159.937,629186
-125.069,42.486,157.828,629207
-125.091,42.675,156.044,629228
-125.591,42.998,153.958,629249
-126.029,43.158,151.902,629270
-126.321,43.280,149.945,629291
-126.637,43.399,147.991,629312
-126.836,43.935,146.144,629333
-127.080,44.500,144.260,629354
-127.294,45.057,142.414,629375
-127.767,45.568,140.405,629397
-128.056,45.705,138.547,629418
-128.162,45.865,136.805,629439
-128.678,46.157,134.753,629460
-128.753,46.540,133.030,629481
-128.819,46.858,131.323,629502
-128.903,46.900,129.614,629523
-129.244,47.322,127.712,629544
-129.424,47.704,125.916,629565
-129.692,47.679,124.041,629586
-130.056,47.738,122.062,629607
-130.207,47.611,120.252,629628
-129.962,47.674,118.739,629649
-129.865,47.443,117.113,629670
-129.849,47.214,115.431,629691
-129.804,47.381,113.746,629712
-129.506,47.472,112.272,629733
-129.426,47.594,110.586,629754
-128.908,47.524,109.197,629775
-128.804,47.283,107.468,629796
-128.453,46.892,105.913,629817
-127.790,46.509,104.524,629838
-127.325,46.058,102.955,629859
-126.549,45.690,101.535,629880
-125.797,45.434,100.057,629901
-125.018,45.175,98.538,629922
-124.350,45.058,96.893,629943
-123.960,45.022,94.988,629964
-123.955,44.260,94.848,629985
-123.813,43.289,94.632,630006
-123.667,42.707,94.253,630027
-123.644,42.261,93.643,630048
-123.318,41.545,93.153,630069
-122.764,41.223,92.725,630090
-122.332,40.806,92.156,630111
-121.993,40.744,91.445,630132
-121.541,40.920,90.761,630153
-120.819,40.914,90.174,630174
-120.141,40.727,90.199,630195
-119.868,40.767,89.867,630216
-119.093,40.755,89.726,630237
-118.298,40.840,89.498,630258
-117.892,40.953,88.980,630279
-117.139,41.374,88.613,630300
-116.735,41.693,88.006,630321
-116.260,42.017,87.415,630342
-115.949,42.530,86.709,630363
-115.407,43.108,86.346,630384
-115.309,43.776,85.644,630405
-114.934,44.147,85.118,630426
-114.515,44.618,84.606,630447
-114.297,45.056,83.906,630468
-114.182,45.574,83.134,630489
-113.888,46.465,82.431,630510
-113.872,47.015,81.510,630531
-113.833,47.965,80.580,630552
-114.000,48.854,79.512,630573
-114.214,49.697,78.379,630594
-114.164,50.431,77.421,630615
-114.563,50.905,76.060,630636
-115.059,51.520,74.613,630657
-115.112,51.984,73.507,630678
-115.227,52.398,72.349,630699
-115.818,52.610,70.845,630720
-116.031,52.909,69.625,630741
-116.855,53.193,67.934,630762
-117.121,53.343,66.671,630783
-117.951,53.609,64.955,630804
-118.455,53.425,63.470,630825
-119.139,53.223,61.842,630846
-120.024,53.217,60.036,630867
-120.927,52.983,58.236,630888
-121.851,52.775,56.447,630909
-122.302,52.267,55.027,630930
-122.845,52.056,53.534,630951
-123.538,51.424,51.932,630972
-124.356,51.033,50.227,630993
-125.105,50.401,48.604,631014
-125.582,49.613,47.228,631035
-125.761,48.879,46.118,631056
-126.225,48.552,44.839,631077
-126.413,48.186,43.763,631098
-126.893,47.914,42.484,631119
-126.908,47.548,41.545,631140
-126.980,46.914,40.552,631161
-127.373,46.631,39.319,631182
-127.288,46.072,38.448,631203
-127.277,45.553,37.509,631224
-127.213,45.065,36.622,631245
-127.040,44.666,35.827,631266
-126.848,44.372,35.057,631287
-126.370,44.259,34.487,631308
-126.246,44.218,33.694,631329
-125.628,44.336,33.255,631350
-125.455,44.566,32.513,631371
-125.240,44.714,31.800,631392
-125.011,45.024,31.114,631413
-124.853,45.239,30.376,631434
-124.730,45.523,29.607,631455
-124.554,45.912,28.897,631476
-124.411,46.306,28.120,631497
-124.037,46.501,27.504,631518
-123.821,46.456,26.759,631539
-123.683,46.739,25.955,631560
-123.755,47.086,24.972,631581
-123.850,47.008,23.979,631602
-124.209,47.115,22.810,631623
-124.078,47.147,21.984,631644
-124.507,47.396,20.760,631665
-124.963,47.658,19.525,631686
-125.048,47.850,18.560,631707
-125.214,47.707,17.537,631728
-125.325,47.722,16.543,631749
-125.578,47.800,15.437,631770
-125.806,47.784,14.362,631791
-126.336,47.489,13.028,631812
-127.078,47.316,11.546,631833
-127.837,47.238,10.034,631854
-128.441,46.897,8.643,631875
-128.790,46.472,7.411,631896
-129.234,46.110,6.120,631917
-129.320,46.022,5.085,631938
-129.725,46.014,3.826,631959
-129.984,45.658,2.701,631980
-129.947,45.640,1.769,632001
-129.751,45.556,0.942,632022
-129.906,45.259,359.823,632043
-130.111,45.148,358.663,632064
-129.786,44.869,357.862,632085
-129.852,44.713,356.781,632106
-129.506,44.818,355.965,632127
-129.583,44.941,354.817,632148
-129.146,45.058,354.018,632169
-128.719,45.306,353.161,632190
-128.210,45.476,352.347,632211
-127.676,45.521,351.483,632232
-127.207,45.464,350.548,632253
-127.012,45.500,349.399,632274
-126.408,45.751,348.473,632295
-125.880,45.747,347.472,632316
-125.697,46.207,346.180,632337
-125.497,46.710,344.864,632358
-125.604,47.167,343.307,632379
-125.610,47.696,341.768,632400
-125.819,48.255,340.055,632421
-126.264,48.498,338.109,632442
-126.501,48.618,336.279,632463
-127.031,48.809,334.200,632484
-127.124,49.089,332.413,632505
-127.336,49.187,330.486,632526
-128.008,49.287,328.180,632547
-128.349,49.258,326.110,632568
-129.176,49.307,323.616,632589
-130.088,49.501,321.033,632610
-130.984,49.432,318.436,632631
-131.692,49.245,315.962,632652
-132.286,48.952,313.549,632673
-132.705,48.951,311.236,632694
-133.065,48.886,308.963,632715
-133.476,48.812,306.648,632736
-134.182,48.592,304.128,632757
-134.336,48.390,302.007,632778
-134.917,48.191,299.556,632799
-134.842,47.746,297.582,632820
-135.136,47.554,295.347,632841
-135.100,46.976,293.359,632862
-134.904,46.394,291.491,632883
-134.913,45.917,289.509,632904
-134.408,45.500,287.901,632925
-134.155,45.115,286.120,632946
-133.946,44.867,284.330,632967
-133.318,44.955,282.887,632988
-132.931,44.785,281.277,633009
-132.312,44.993,279.838,633030
-131.366,44.850,278.649,633051
-130.691,44.756,277.279,633072
-129.626,44.800,276.198,633093
-128.620,45.013,275.091,633114
-127.644,45.292,273.994,633135
-126.691,45.583,272.841,633156
-125.715,45.747,271.724,633177
-124.915,45.767,270.490,633198
-124.555,46.049,268.953,633219
-124.103,46.181,267.488,633240
-123.845,46.558,265.884,633261
-123.652,46.921,264.238,633282
-123.302,46.931,262.699,633303
-122.861,47.259,261.229,633324
-122.655,47.665,259.593,633345
-122.331,47.919,258.062,633366
-122.253,48.305,256.326,633387
-122.487,48.307,254.343,633408
-122.853,48.316,252.246,633429
-123.310,48.304,250.078,633450
-123.655,48.171,248.018,633471
-123.880,48.394,246.010,633492
-124.257,48.192,243.901,633513
-124.826,48.085,241.655,633534
-125.385,48.184,239.414,633555
-125.579,48.266,237.440,633576
-126.170,48.076,235.187,633597
-126.870,47.944,232.844,633618
-127.208,47.922,230.761,633639
-127.970,47.983,228.367,633660
-128.790,47.810,225.935,633681
-129.291,47.428,223.720,633702
-129.621,47.347,221.596,633723
-129.921,47.103,219.471,633744
-130.838,47.089,216.871,633765
-131.786,47.016,214.232,633786
-134.248,48.352,212.096,633807
-136.211,49.359,210.184,633828
-138.370,50.056,208.026,633849
-140.286,50.565,205.984,633870
-141.831,50.968,204.145,633891
-143.111,51.374,202.438,633912
-144.282,51.720,200.794,633933
-145.214,51.803,199.282,633954
-146.389,52.037,197.538,633975
-147.532,51.891,195.772,633996
-148.441,51.652,194.135,634017
-149.157,51.305,192.592,634038
-149.802,51.098,191.037,634059
-150.047,50.586,189.769,634080
-149.806,50.106,188.807,634101
-149.748,49.977,187.708,634122
-149.241,49.513,186.924,634143
-148.966,49.413,185.987,634164
-149.626,49.298,184.523,634185
-149.576,49.099,183.600,634206
-149.678,49.237,182.561,634227
-149.135,49.044,182.006,634248
-148.370,48.835,181.599,634269
-147.334,48.700,181.397,634290
-147.086,48.834,180.635,634311
-146.635,48.936,179.971,634332
-145.992,48.996,179.389,634353
-145.655,48.914,178.479,634374
-145.397,49.160,177.416,634395
-145.213,49.396,176.242,634416
-144.863,49.303,175.151,634437
-144.397,49.226,174.095,634458
-143.391,49.339,173.442,634479
-142.698,49.271,172.539,634500
-142.162,49.294,171.450,634521
-140.868,49.246,170.889,634542
-139.410,49.275,170.377,634563
-137.820,49.394,169.963,634584
-136.033,49.233,169.682,634605
-134.341,49.082,169.737,634626
-132.341,48.747,169.997,634647
-130.093,48.389,170.432,634668
-127.798,48.006,170.896,634689
-125.583,47.572,171.238,634710
-123.520,47.345,171.406,634731
-121.562,47.095,171.493,634752
-119.581,46.789,171.586,634773
-118.202,46.493,171.232,634794
-116.950,46.124,170.808,634815
-115.467,45.937,170.549,634836
-114.479,45.559,169.967,634857
-113.586,45.566,169.315,634878
-112.635,45.211,168.717,634899
-111.706,45.069,168.109,634920
-110.934,45.003,167.402,634941
-110.275,44.836,166.599,634962
-109.846,44.969,165.653,634983
-109.561,45.116,164.605,635004
-109.723,45.038,163.282,635025
-110.099,45.039,161.787,635046
-110.692,45.195,160.159,635067
-111.413,45.336,158.439,635088
-111.949,45.317,156.868,635109
-112.872,45.689,155.008,635130
-113.764,46.158,153.141,635151
-114.569,46.535,151.337,635172
-115.678,47.017,149.308,635193
-116.918,47.089,147.144,635214
-118.268,47.167,144.880,635235
-119.178,47.276,142.937,635256
-120.110,47.389,140.957,635277
-121.469,47.324,138.631,635298
-122.761,47.151,136.353,635319
-123.763,47.265,134.253,635340
-124.625,47.212,132.243,635361
-125.518,47.143,130.199,635382
-126.812,47.091,127.849,635403
-127.898,47.084,125.635,635424
-128.802,46.602,123.539,635445
-129.726,46.143,121.444,635466
-130.708,45.794,119.269,635487
-131.612,45.484,117.141,635508
-132.279,45.447,115.134,635529
-132.587,45.026,113.380,635550
-132.633,44.942,111.796,635571
-132.741,45.023,110.119,635592
-132.960,45.135,108.336,635613
-132.879,44.875,106.693,635634
-132.766,44.677,105.038,635655
-132.378,44.472,103.548,635676
-131.713,44.481,102.207,635697
-131.414,44.399,100.566,635718
-131.259,43.844,100.305,635739
-130.954,43.385,100.104,635760
-130.638,43.098,99.817,635781
-130.281,42.992,99.544,635802
-130.077,42.943,99.114,635823
-129.470,42.695,98.929,635844
-128.594,42.646,98.918,635865
-127.727,42.661,98.860,635886
-127.072,42.834,98.640,635907
-125.949,43.021,98.738,635928
-124.688,43.359,98.901,635949
-123.407,43.799,99.046,635970
-122.284,44.512,99.057,635991
-121.307,45.210,98.952,636012
-119.933,45.719,99.109,636033
-118.961,46.008,98.974,636054
-118.045,46.083,98.936,636075
-116.927,46.491,99.040,636096
-115.788,46.747,99.100,636117
-114.807,46.775,99.022,636138
-113.764,47.101,99.002,636159
-112.759,47.512,98.951,636180
-112.226,47.885,98.567,636201
-111.760,48.244,98.151,636222
-111.205,48.364,97.832,636243
-110.515,48.408,97.640,636264
-109.990,48.447,97.336,636285
-109.268,48.752,97.195,636306
-108.527,48.976,97.119,636327
-108.017,48.910,96.870,636348
-107.433,48.979,96.678,636369
-107.397,49.127,96.090,636390
-107.342,49.327,95.552,636411
-107.106,49.603,95.181,636432
-106.769,49.764,94.878,636453
-106.873,49.638,94.221,636474
-107.035,49.498,93.532,636495
-106.994,49.270,93.013,636516
-107.425,49.298,92.151,636537
-107.481,49.355,91.586,636558
-108.094,49.509,90.596,636579
-108.310,49.459,89.932,636600
-108.616,49.474,89.217,636621
-109.434,49.611,88.124,636642
-110.338,49.442,87.012,636663
-111.271,49.290,85.880,636684
-112.179,49.072,84.768,636705
-113.022,48.750,83.701,636726
-113.853,48.447,82.675,636747
-114.312,48.317,81.912,636768
-114.801,48.235,81.147,636789
-115.671,48.175,80.062,636810
-116.459,48.193,79.096,636831
-117.389,48.002,78.024,636852
-118.288,47.966,76.945,636873
-119.121,47.577,75.936,636894
-120.009,47.220,74.862,636915
-120.492,46.864,74.090,636936
-121.439,46.654,72.950,636957
-122.267,46.338,71.920,636978
-122.696,46.279,71.161,636999
-123.330,46.329,70.246,637020
-123.585,46.277,69.602,637041
-124.037,46.018,68.816,637062
-124.374,45.764,68.112,637083
-124.965,45.864,67.225,637104
-125.048,45.803,66.711,637125
-125.115,45.778,66.178,637146
-125.166,45.754,65.657,637167
-125.241,45.877,65.107,637188
-125.719,46.058,64.257,637209
-126.101,46.007,63.479,637230
-126.366,46.267,62.790,637251
-126.689,46.288,62.066,637272
-127.025,46.426,61.295,637293
-126.943,46.303,60.820,637314
-126.775,46.518,60.375,637335
-126.482,46.462,60.011,637356
-126.197,46.616,59.612,637377
-125.831,46.754,59.319,637398
-125.945,46.868,58.669,637419
-126.037,47.144,58.054,637440
-126.093,47.406,57.429,637461
-126.147,47.510,56.775,637482
-126.040,47.426,56.221,637503
-125.594,47.345,55.894,637524
-125.629,47.443,55.225,637545
-125.244,47.262,54.841,637566
-124.811,47.207,54.472,637587
-124.387,47.065,54.118,637608
-123.994,46.886,53.733,637629
-124.060,46.948,53.000,637650
-123.829,47.151,52.506,637671
-123.851,47.308,51.816,637692
-123.674,47.082,51.266,637713
-123.309,46.844,50.883,637734
-123.418,46.775,50.126,637755
-123.124,46.811,49.679,637776
-122.724,46.692,49.320,637797
-122.706,46.789,48.681,637818
-122.563,46.830,48.129,637839
-122.752,46.690,47.331,637860
-122.577,46.307,46.782,637881
-122.793,46.067,45.966,637902
-122.735,45.710,45.347,637923
-122.768,45.779,44.670,637944
-122.739,45.435,44.025,637965
-122.668,45.404,43.402,637986
-122.544,45.308,42.813,638007
-122.818,45.407,41.930,638028
-123.124,45.262,41.007,638049
-123.333,45.014,40.162,638070
-123.661,44.957,39.245,638091
-123.917,45.092,38.380,638112
-124.207,45.007,37.458,638133
-124.253,44.767,36.702,638154
-124.129,44.767,36.050,638175
-124.197,44.983,35.264,638196
-124.361,45.230,34.434,638217
-124.268,45.287,33.783,638238
-124.574,45.528,32.865,638259
-124.753,45.349,32.032,638280
-125.094,45.281,31.092,638301
-125.379,45.124,30.157,638322
-125.505,45.350,29.329,638343
-125.808,45.226,28.348,638364
-125.672,45.233,27.689,638385
-125.515,45.217,27.050,638406
-125.597,45.441,26.240,638427
-125.747,45.668,25.372,638448
-125.783,45.888,24.573,638469
-126.093,45.876,23.562,638490
-126.368,46.031,22.542,638511
-126.561,45.959,21.596,638532
-126.274,45.955,20.984,638553
-125.985,45.843,20.373,638574
-125.794,45.642,19.687,638595
-125.482,45.703,19.092,638616
-125.133,45.724,18.507,638637
-124.815,45.855,17.866,638658
-124.978,46.062,16.860,638679
-124.892,45.945,16.027,638700
-124.967,45.967,15.071,638721
-125.036,46.002,14.113,638742
-124.952,46.341,13.262,638763
-124.905,46.659,12.390,638784
-124.540,46.830,11.750,638805
-124.568,46.793,10.818,638826
-124.518,47.109,9.914,638847
-124.190,47.223,9.202,638868
-124.382,47.251,8.077,638889
-124.563,47.247,6.968,638910
-124.862,47.479,5.721,638931
-124.846,47.430,4.663,638952
-124.745,47.530,3.656,638973
-124.718,47.547,2.539,638994
-125.242,47.886,0.981,639015
-125.284,48.078,359.745,639036
-125.434,48.419,358.426,639057
-126.029,48.571,356.745,639078
-126.243,48.877,355.318,639099
-126.822,48.903,353.582,639120
-127.572,49.137,351.686,639141
-128.128,49.109,349.913,639162
-128.351,49.050,348.384,639183
-128.756,49.256,346.683,639204
-129.258,49.455,344.926,639225
-129.550,49.400,343.279,639246
-130.269,49.542,341.303,639267
-131.044,49.608,339.285,639288
-131.792,49.673,337.279,639309
-130.190,49.800,337.572,639330
-129.036,49.861,337.479,639351
-128.051,49.931,337.296,639372
-126.758,50.088,337.318,639393
-125.798,49.975,337.125,639414
-124.788,50.127,336.984,639435
-123.893,50.113,336.794,639456
-123.150,50.058,336.479,639477
-122.514,49.994,336.079,639498
-121.983,49.847,335.588,639519
-121.598,49.724,335.002,639540
-121.296,49.462,334.384,639561
-121.211,49.371,333.590,639582
-121.688,49.100,332.394,639603
-122.198,48.761,331.170,639624
-122.241,48.391,330.305,639645
-122.883,48.029,328.979,639666
-123.594,47.645,327.608,639687
-124.335,47.182,326.191,639708
-125.145,46.763,324.763,639729
-125.715,46.136,323.494,639750
-126.641,45.627,322.003,639771
-127.131,45.165,320.823,639792
-127.703,44.930,319.595,639813
-128.256,44.516,318.354,639834
-129.208,44.489,316.853,639855
-129.843,44.476,315.585,639876
-130.759,44.296,314.125,639897
-131.137,44.315,313.023,639918
-131.845,44.235,311.699,639939
-132.598,44.355,310.321,639960
-133.076,44.314,309.161,639981
-133.194,44.466,308.255,640002
-133.405,44.884,307.274,640023
-133.937,45.234,306.054,640044
-134.406,45.714,304.859,640065
-134.437,46.184,303.978,640086
-134.655,46.679,302.969,640107
-134.537,46.760,302.178,640128
-134.744,46.885,301.103,640149
-134.446,46.948,300.361,640170
-134.277,46.909,299.520,640191
-133.997,47.245,298.702,640212
-133.593,47.502,297.975,640233
-133.065,47.707,297.276,640254
-132.860,47.708,296.334,640275
-132.727,47.861,295.296,640296
-132.270,47.817,294.534,640317
-131.638,48.119,293.862,640338
-131.132,48.059,293.099,640359
-130.411,47.950,292.479,640380
-129.588,47.837,291.896,640401
-129.024,48.030,291.102,640422
-128.670,48.126,290.125,640443
-128.165,48.255,289.237,640464
-127.420,47.932,288.509,640485
-127.084,47.794,287.462,640506
-126.684,47.836,286.447,640527
-126.526,47.208,285.796,640548
-126.136,46.881,285.290,640569
-125.890,46.224,284.646,640590
-125.776,45.588,283.890,640611
-125.383,45.090,283.328,640632
-125.456,44.879,282.433,640653
-125.264,44.364,281.744,640674
-125.172,44.319,280.976,640695
-124.893,44.257,280.324,640716
-124.651,44.227,279.614,640737
-124.259,43.956,279.001,640758
-123.955,43.670,278.313,640779
-123.673,43.653,277.623,640800
-123.384,43.640,276.909,640821
-123.224,43.496,276.106,640842
-123.523,43.625,274.964,640863
-123.855,43.792,273.803,640884
-124.241,44.058,272.608,640905
-124.669,44.236,271.396,640926
-125.155,44.456,270.136,640947
-125.536,44.550,268.944,640968
-125.642,44.879,267.928,640989
-125.917,44.952,266.806,641010
-126.109,45.350,265.735,641031
-126.508,45.836,264.487,641052
-126.828,46.294,263.291,641073
-127.551,46.617,261.800,641094
-127.759,46.847,260.679,641115
-128.422,46.993,259.234,641136
-129.051,47.075,257.820,641157
-129.681,47.152,256.411,641178
-129.809,47.402,255.355,641199
-130.244,47.385,254.099,641220
-130.350,47.581,253.078,641241
-130.698,47.959,251.881,641262
-130.913,47.853,250.765,641283
-131.380,47.877,249.470,641304
-131.313,48.030,248.557,641325
-131.319,48.181,247.566,641346
-131.565,48.021,246.400,641367
-131.535,47.728,245.447,641388
-131.227,47.658,244.683,641409
-131.316,47.705,243.622,641430
-131.265,47.349,242.676,641451
-131.103,47.360,241.775,641472
-131.092,47.044,240.756,641493
-130.686,46.971,240.015,641514
-130.710,46.795,238.951,641535
-130.246,46.725,238.244,641556
-129.990,46.437,237.357,641577
-129.516,46.136,236.646,641598
-129.148,46.230,235.858,641619
-128.560,46.118,235.221,641640
-128.439,46.217,234.221,641661
-128.379,46.027,233.143,641682
-127.846,45.823,232.355,641703
-127.701,45.813,231.307,641724
-127.395,45.783,230.340,641745
-127.339,45.393,229.170,641766
-127.226,45.035,228.025,641787
-126.867,44.941,227.043,641808
-126.528,44.797,226.075,641829
-126.867,45.317,225.039,641850
-127.571,45.578,223.721,641871
-127.718,45.873,222.793,641892
-128.396,46.112,221.453,641913
-128.527,46.215,220.463,641934
-129.118,46.433,219.111,641955
-129.631,46.732,217.798,641976
-129.927,46.719,216.619,641997
-129.803,46.881,215.738,642018
-129.653,47.061,214.853,642039
-129.608,47.303,213.858,642060
-129.685,47.583,212.743,642081
-129.789,47.475,211.578,642102
-129.804,47.334,210.449,642123
-129.924,47.300,209.228,642144
-129.904,47.135,208.103,642165
-129.560,46.821,207.240,642186
-129.033,46.642,206.497,642207
-128.476,46.474,205.752,642228
-127.987,46.449,204.936,642249
-127.431,46.437,204.167,642270
-126.996,46.478,203.327,642291
-126.695,46.514,202.362,642312
-126.324,46.132,201.463,642333
-125.970,45.774,200.553,642354
-125.340,45.335,199.838,642375
-124.728,44.902,199.087,642396
-124.526,44.908,198.049,642417
-123.967,44.679,197.243,642438
-123.487,44.451,196.364,642459
-123.198,44.545,195.349,642480
-123.285,44.426,194.059,642501
-123.057,44.124,193.000,642522
-123.185,44.016,191.672,642543
-123.042,43.703,190.524,642564
-122.748,43.655,189.452,642585
-122.953,43.632,188.036,642606
-122.723,43.515,186.899,642627
-122.565,43.660,185.730,642648
-122.791,43.880,184.291,642669
-122.915,44.170,182.922,642690
-123.239,44.372,181.416,642711
-123.427,44.243,180.008,642732
-123.633,44.111,178.579,642753
-123.705,44.308,177.265,642774
-124.307,44.584,175.572,642795
-124.482,44.669,174.166,642816
-124.689,44.782,172.750,642837
-124.949,44.959,171.281,642858
-125.486,45.325,169.593,642879
-125.933,45.269,167.950,642900
-126.422,45.615,166.231,642921
-127.210,45.829,164.281,642942
-127.799,45.797,162.452,642963
-128.214,45.730,160.779,642984
-128.389,45.711,159.263,643005
-128.988,46.025,157.442,643026
-129.202,46.220,155.917,643047
-129.452,46.438,154.330,643068
-130.050,46.548,152.478,643089
-130.509,46.503,150.720,643110
-130.806,46.360,149.043,643131
-130.949,46.207,147.474,643152
-130.689,46.219,146.200,643173
-130.536,46.011,144.859,643194
-130.588,46.177,143.362,643215
-130.138,46.222,142.239,643236
-129.650,46.255,141.119,643257
-129.131,46.348,140.028,643278
-128.584,46.462,138.942,643299
-128.056,46.595,137.841,643320
-127.768,46.761,136.565,643341
-127.254,46.494,135.468,643362
-126.833,46.212,134.279,643383
-126.339,45.917,133.162,643404
-125.623,45.644,132.182,643425
-124.908,45.402,131.209,643446
-124.066,45.508,130.329,643467
-123.615,45.651,129.123,643488
-122.812,45.852,128.164,643509
-122.327,46.063,126.932,643530
-121.780,45.950,125.714,643551
-121.235,45.851,124.458,643572
-120.379,45.955,123.349,643593
-119.567,45.964,122.161,643614
-118.955,45.915,120.805,643635
-118.277,45.948,119.476,643656
-117.544,46.138,118.165,643677
-117.350,46.506,116.466,643698
-117.064,46.962,114.803,643719
-116.961,47.098,112.972,643740
-116.477,47.368,111.406,643761
-116.237,47.372,109.624,643782
-116.009,47.401,107.833,643803
-115.877,47.397,105.961,643824
-115.707,47.467,104.123,643845
-115.548,47.656,102.297,643866
-115.712,48.094,100.266,643887
-116.227,48.350,97.990,643908
-116.837,48.625,95.655,643929
-117.545,48.780,93.267,643950
-118.190,48.667,90.897,643971
-118.934,48.522,88.456,643992
-119.556,48.293,86.100,644013
-120.011,48.068,83.869,644034
-120.981,48.003,81.280,644055
-121.673,47.662,78.913,644076
-122.108,47.416,76.783,644097
-123.030,47.324,74.345,644118
-123.862,47.279,71.999,644139
-124.374,46.832,69.909,644160
-125.093,46.584,67.658,644181
-125.720,46.261,65.497,644202
-127.254,47.318,64.667,644223
-128.428,48.285,63.635,644244
-129.492,49.181,62.600,644265
-130.851,50.106,61.273,644286
-132.291,50.787,59.834,644307
-133.533,51.284,58.514,644328
-134.835,51.794,57.094,644349
-135.742,52.090,55.945,644370
-136.374,52.368,55.017,644391
-136.830,52.841,54.186,644412
-137.205,53.276,53.401,644433
-137.441,53.615,52.687,644454
-137.801,54.079,51.846,644475
-138.476,54.419,50.704,644496
-138.920,54.525,49.741,644517
-139.343,54.836,48.768,644538
-139.602,54.837,47.869,644559
-139.834,55.064,46.943,644580
-139.348,55.022,46.564,644601
-138.779,55.038,46.160,644622
-138.184,54.832,45.682,644643
-137.456,54.789,45.192,644664
-136.639,54.591,44.695,644685
-135.810,54.572,44.146,644706
-135.284,54.296,43.339,644727
-134.766,54.030,42.517,644748
-134.259,53.945,41.696,644769
-133.621,53.582,40.933,644790
-132.781,53.096,40.300,644811
-131.989,52.979,39.553,644832
-131.243,52.832,38.715,644853
-130.170,52.621,38.093,644875
-130.750,52.567,36.229,644896
-131.331,52.615,34.303,644917
-131.217,52.541,32.858,644938
-131.420,52.280,31.089,644959
-131.104,52.039,29.633,644980
-130.762,52.000,28.082,645001
-130.270,51.755,26.573,645022
-129.832,51.475,24.926,645043
-129.620,51.570,23.028,645064
-129.076,51.572,21.295,645085
-128.828,51.301,19.262,645106
-128.679,51.124,17.087,645127
-128.431,50.887,14.918,645148
-128.322,50.765,12.586,645169
-127.707,50.606,10.604,645190
-127.670,50.621,8.174,645211
-127.575,50.767,5.789,645232
-127.250,50.847,3.578,645253
-126.910,50.573,1.383,645274
-126.976,50.435,358.900,645295
-127.091,50.389,356.387,645316
-126.816,50.140,354.185,645337
-126.978,50.022,351.637,645358
-126.872,49.747,349.323,645379
-127.019,49.465,346.854,645400
-126.957,49.424,344.558,645421
-127.211,49.019,342.010,645442
-127.425,48.975,339.505,645463
-127.638,48.469,337.027,645484
-128.229,48.205,334.281,645505
-128.267,47.815,331.971,645526
-128.505,47.180,329.538,645547
-128.955,46.638,326.978,645568
-129.339,46.082,324.468,645589
-129.354,45.767,322.198,645610
-129.301,45.458,319.976,645631
-129.601,45.025,317.504,645652
-129.771,44.804,315.118,645673
-129.958,44.560,312.722,645694
-130.757,43.409,311.718,645715
-131.519,42.374,310.694,645736
-132.090,41.394,309.811,645757
-132.590,40.519,308.925,645778
-132.931,39.753,308.138,645799
-133.275,39.086,307.316,645820
-133.575,38.963,306.507,645841
-133.820,38.964,305.758,645862
-134.164,38.942,304.926,645883
-134.116,39.152,304.322,645904
-133.910,39.412,303.817,645925
-133.554,39.546,303.417,645946
-133.114,39.864,303.091,645967
-132.621,40.273,302.796,645988
-132.464,40.630,302.283,646009
-131.987,41.322,301.941,646030
-131.574,42.098,301.570,646051
-131.317,42.600,301.064,646072
-131.118,43.330,300.495,646093
-130.741,44.225,300.050,646114
-130.392,44.593,299.898,646135
-129.878,44.741,299.891,646156
-129.134,45.034,300.035,646177
-128.370,45.412,300.192,646198
-127.690,45.899,300.266,646219
-126.820,46.114,300.472,646240
-126.449,46.574,300.300,646261
-125.596,46.699,300.475,646282
-124.814,46.724,300.596,646303
-124.392,47.111,300.425,646324
-123.972,47.117,300.249,646345
-123.210,47.203,300.323,646366
-122.497,47.263,300.377,646387
-122.064,47.064,300.199,646408
-121.705,47.270,299.948,646429
-121.382,47.435,299.630,646450
-121.413,47.403,299.049,646471
-121.448,47.289,298.436,646492
-121.541,47.224,297.774,646513
-121.534,46.916,297.191,646534
-121.233,46.624,296.811,646555
-121.135,46.615,296.279,646576
-121.322,46.609,295.523,646597
-121.189,46.290,294.988,646618
-121.574,46.201,294.075,646639
-121.753,45.788,293.301,646660
-121.849,45.369,292.547,646681
-121.829,45.204,291.890,646702
-121.949,45.188,291.134,646723
-122.417,44.969,290.145,646744
-122.794,44.647,289.223,646765
-122.800,44.523,288.584,646786
-122.808,44.286,287.905,646807
-122.856,44.035,287.200,646828
-122.967,44.096,286.411,646849
-123.485,44.145,285.337,646870
-124.003,44.254,284.244,646891
-124.535,44.189,283.138,646912
-125.057,44.328,282.083,646933
-125.540,44.264,281.036,646954
-126.004,44.245,280.040,646975
-125.962,44.279,279.400,646996
-126.028,44.611,278.661,647017
-125.940,44.675,278.041,647038
-125.847,44.784,277.393,647059
-125.865,45.121,276.679,647080
-126.248,45.379,275.717,647101
-126.588,45.516,274.789,647122
-126.891,45.692,273.875,647143
-127.111,46.001,273.037,647164
-126.940,45.970,272.476,647185
-126.699,46.262,271.981,647206
-126.429,46.533,271.496,647227
-126.157,46.479,271.004,647248
-126.268,46.760,270.278,647269
-126.413,46.930,269.483,647290
-126.184,47.163,268.954,647311
-126.148,47.044,268.287,647332
-125.927,46.851,267.762,647353
-125.611,46.656,267.276,647374
-125.615,46.854,266.587,647395
-125.667,47.004,265.860,647416
-125.496,46.675,265.287,647437
-125.197,46.592,264.774,647458
-124.926,46.473,264.188,647479
-124.682,46.133,263.569,647500
-124.458,45.820,262.889,647521
-124.807,45.606,261.773,647542
-124.832,45.498,260.873,647563
-125.036,45.052,259.853,647584
-125.054,44.606,258.941,647605
-124.967,44.440,258.088,647626
-125.131,44.032,257.073,647647
-125.294,43.615,256.025,647668
-125.212,43.135,255.140,647689
-125.443,42.851,253.996,647710
-125.675,42.649,252.851,647731
-125.623,42.073,251.878,647752
-125.800,41.606,250.740,647773
-126.065,41.458,249.520,647794
-125.896,41.231,248.574,647815
-125.794,41.119,247.599,647836
-125.759,41.105,246.566,647857
-125.811,41.224,245.466,647878
-125.988,41.002,244.274,647899
-126.252,41.034,243.028,647920
-126.254,41.228,241.917,647941
-126.255,41.012,240.815,647962
-126.027,40.787,239.848,647983
-125.816,40.526,238.844,648004
-125.512,40.500,237.913,648025
-125.198,40.418,236.982,648046
-125.344,40.294,235.757,648067
-124.969,40.199,234.879,648088
-125.027,40.197,233.700,648109
-125.048,40.199,232.555,648130
-124.820,39.892,231.549,648151
-124.831,39.857,230.397,648172
-124.586,39.622,229.411,648193
-124.259,39.825,228.438,648214
-123.880,39.885,227.504,648235
-123.518,39.999,226.563,648256
-123.437,40.427,225.463,648277
-123.568,40.915,224.202,648298
-123.830,41.258,222.836,648319
-123.662,41.504,221.750,648340
-123.618,42.054,220.549,648361
-123.965,42.416,219.079,648382
-124.033,42.711,217.760,648403
-124.174,43.423,216.393,648424
-124.089,43.813,215.151,648445
-124.380,44.531,213.605,648466
-124.384,45.171,212.242,648487
-124.822,45.737,210.552,648508
-125.283,46.191,208.844,648529
-125.748,46.520,207.103,648550
-125.993,46.643,205.501,648571
-126.501,46.808,203.689,648592
-126.643,47.082,202.137,648613
-127.138,47.102,200.293,648634
-127.343,47.367,198.663,648655
-127.878,47.600,196.748,648676
-127.951,47.705,195.172,648697
-128.185,47.436,193.462,648718
-128.185,47.094,191.923,648739
-128.080,46.701,190.473,648760
-127.904,46.344,189.057,648781
-128.004,45.902,187.452,648802
-128.221,45.496,185.780,648823
-128.102,45.014,184.350,648844
-127.858,44.818,183.001,648865
-127.692,44.728,181.616,648886
-127.648,44.663,180.123,648907
-127.632,44.418,178.636,648928
-127.593,44.171,177.166,648949
-127.285,43.760,175.874,648970
-127.172,43.617,174.485,648991
-126.954,43.357,173.147,649012
-126.774,43.185,171.789,649033
-126.206,43.008,170.681,649054
-125.745,43.116,169.502,649075
-125.709,43.089,168.006,649096
-125.529,43.341,166.610,649117
-125.077,43.352,165.397,649138
-124.679,43.480,164.137,649159
-124.304,43.479,162.854,649180
-124.043,43.458,161.479,649201
-123.658,43.614,160.150,649222
-123.423,44.105,158.700,649243
-123.070,44.344,157.333,649264
-122.970,44.896,155.787,649285
-123.120,45.365,154.059,649306
-123.314,45.781,152.283,649327
-123.536,46.016,150.478,649348
-123.787,46.218,148.624,649369
-124.127,46.393,146.685,649390
-124.099,46.421,144.973,649411
-124.424,46.524,142.983,649432
-124.327,46.733,141.262,649453
-124.209,46.857,139.530,649474
-124.080,47.003,137.797,649495
-124.056,47.233,135.944,649516
-124.343,47.172,133.896,649537
-124.667,47.184,131.796,649558
-124.480,47.119,130.058,649579
-124.861,46.542,128.464,649600
-125.119,46.294,126.896,649621
-125.198,46.029,125.441,649642
-125.424,45.446,123.873,649663
-125.472,45.244,122.410,649684
-125.803,44.977,120.758,649705
-126.069,44.713,119.141,649726
-125.836,44.583,117.875,649747
-125.794,44.252,116.475,649768
-125.748,43.981,115.072,649789
-125.511,43.721,113.805,649810
-125.634,43.668,112.269,649831
-125.308,43.515,111.030,649852
-125.252,43.356,109.621,649873
-124.906,43.374,108.399,649894
-125.018,43.743,106.886,649915
-125.136,44.140,105.365,649936
-124.893,44.431,104.080,649957
-124.844,44.911,102.655,649978
-124.947,45.433,101.075,649999
-124.941,45.949,99.602,650020
-124.776,46.381,98.247,650041
-124.727,46.547,96.813,650062
-124.515,46.919,95.493,650083
-124.781,47.303,93.837,650104
-124.948,47.524,92.257,650125
-125.083,47.671,90.673,650146
-125.009,47.719,89.254,650167
-124.901,47.685,87.876,650188
-124.864,47.618,86.448,650209
-124.822,47.895,85.039,650230
-124.780,48.111,83.648,650251
-125.014,48.274,82.012,650272
-124.941,48.418,80.591,650293
-124.610,48.264,79.333,650314
-124.788,48.226,77.717,650335
-124.436,47.991,76.476,650356
-124.266,47.658,75.120,650377
-124.243,47.748,73.710,650398
-123.915,47.369,72.520,650419
-123.559,46.983,71.379,650440
-123.109,46.620,70.317,650461
-122.964,46.613,69.045,650482
-122.499,46.451,67.980,650503
-122.077,45.963,66.907,650524
-121.669,45.456,65.802,650545
-121.566,45.099,64.503,650566
-121.069,44.941,63.485,650587
-120.814,44.536,62.309,650608
-120.848,44.352,60.938,650629
-120.868,44.381,59.593,650650
-120.538,44.261,58.503,650671
-120.762,44.289,57.018,650692
-120.996,44.432,55.489,650713
-121.231,44.347,53.969,650734
-121.482,44.619,52.412,650755
-121.884,44.792,50.750,650776
-121.907,44.745,49.338,650797
-121.799,44.765,48.033,650818
-121.713,44.913,46.702,650839
-121.624,45.050,45.380,650860
-121.647,45.384,43.942,650881
-122.064,45.846,42.221,650902
-122.189,46.270,40.683,650923
-122.656,46.766,38.888,650944
-123.182,46.938,37.032,650965
-123.756,47.131,35.104,650986
-124.218,47.229,33.240,651007
-124.307,47.382,31.646,651028
-124.779,47.478,29.785,651049
-124.819,47.573,28.243,651070
-125.071,47.906,26.560,651091
-125.151,47.822,24.992,651112
-125.673,47.871,23.075,651133
-126.087,47.796,21.241,651154
-125.993,47.786,19.776,651175
-126.237,47.580,18.049,651196
-126.354,47.327,16.465,651217
-126.313,47.041,15.005,651238
-126.274,47.136,13.551,651259
-126.483,47.210,11.903,651280
-126.567,46.880,10.343,651301
-126.800,46.881,8.696,651322
-127.044,46.703,7.039,651343
-126.837,46.673,5.712,651364
-127.001,46.384,4.135,651385
-127.049,46.415,2.672,651406
-127.287,46.260,1.068,651427
-127.054,46.125,359.809,651448
-126.751,45.930,358.597,651469
-126.411,45.648,357.426,651490
-126.461,45.304,355.986,651511
-126.085,45.037,354.854,651532
-125.925,44.667,353.573,651553
-126.040,44.460,352.124,651574
-125.880,44.213,350.880,651595
-125.804,43.974,349.630,651616
-125.719,44.201,348.390,651637
-125.969,44.514,346.932,651658
-125.967,44.838,345.658,651679
-126.139,45.207,344.284,651700
-126.016,45.430,343.101,651721
-126.364,45.666,341.612,651742
-126.441,45.676,340.324,651763
-126.220,45.764,339.238,651784
-126.219,45.755,338.020,651805
-126.138,46.128,336.811,651826
-125.920,46.135,335.706,651847
-125.856,46.447,334.488,651868
-126.182,46.680,332.962,651889
-126.554,46.892,331.410,651910
-126.882,46.990,329.872,651931
-127.127,47.030,328.414,651952
-127.413,47.145,326.914,651973
-127.381,47.055,325.644,651994
-127.161,47.029,324.497,652015
-127.675,46.442,324.028,652036
-127.803,46.120,323.783,652057
-128.019,45.521,323.419,652078
-128.381,45.394,322.927,652099
-128.643,44.911,322.488,652120
-128.980,44.643,322.014,652141
-129.144,44.626,321.678,652162
-129.292,44.286,321.318,652183
-128.980,44.153,321.292,652204
-128.554,43.978,321.371,652225
-128.061,43.827,321.500,652246
-127.695,43.959,321.528,652267
-127.264,44.125,321.598,652288
-127.118,44.296,321.477,652309
-127.047,43.954,321.597,652330
-126.623,43.924,321.966,652351
-126.535,43.724,322.102,652372
-126.432,43.535,322.206,652393
-126.080,43.710,322.478,652414
-125.610,43.744,322.802,652435
-125.251,43.989,323.032,652456
-125.117,44.374,323.044,652477
-124.843,44.719,323.146,652498
-124.931,44.989,322.959,652519
-124.633,45.394,323.022,652540
-124.706,45.420,322.911,652561
-124.881,45.634,322.705,652582
-125.000,45.726,322.528,652603
-124.862,45.729,322.518,652624
-124.667,46.084,322.549,652645
-124.959,46.351,322.241,652666
-124.764,46.475,322.226,652687
-124.625,46.648,322.243,652708
-124.970,46.933,321.881,652729
-125.281,47.265,321.538,652750
-125.436,47.172,321.249,652771
-125.836,47.449,320.773,652792
-125.862,47.355,320.531,652813
-125.787,47.514,320.328,652834
-125.731,47.378,320.071,652855
-125.520,47.329,319.912,652876
-125.657,47.580,319.503,652897
-125.932,47.699,318.960,652918
-125.903,47.902,318.625,652939
-125.654,47.997,318.422,652960
-125.746,47.799,317.959,652981
-125.410,47.810,317.788,653002
-125.289,47.443,317.456,653023
-124.909,47.127,317.284,653044
-124.579,46.788,317.062,653065
-124.289,46.448,316.788,653086
-123.851,46.396,316.603,653107
-123.485,46.152,316.367,653128
-123.627,46.205,315.736,653149
-123.809,46.161,315.070,653170
-124.032,46.196,314.408,653191
-124.298,46.218,313.711,653212
-124.605,46.193,312.984,653233
-124.611,46.319,312.498,653254
-124.397,46.265,312.165,653275
-124.224,45.917,311.804,653296
-124.068,45.921,311.395,653317
-124.307,45.994,310.711,653338
-124.560,46.119,309.988,653359
-124.549,45.895,309.452,653380
-124.838,45.726,308.686,653401
-125.287,45.762,307.816,653422
-125.408,45.517,307.155,653443
-125.623,45.302,306.451,653464
-125.460,45.082,306.004,653485
-125.566,45.143,305.388,653506
-125.449,45.210,304.911,653527
-125.093,44.970,304.612,653548
-124.819,45.039,304.261,653569
-124.831,44.825,303.698,653590
-124.936,45.001,303.081,653611
-124.637,45.074,302.751,653632
-124.582,44.921,302.243,653653
-124.398,44.811,301.845,653674
-124.135,44.922,301.504,653695
-123.911,45.024,301.123,653716
-124.142,45.325,300.440,653737
-124.425,45.418,299.723,653758
-124.688,45.754,299.032,653779
-125.020,46.024,298.264,653800
-125.352,46.086,297.518,653821
-125.596,46.046,296.822,653842
-125.453,46.184,296.392,653863
-125.317,46.337,295.952,653884
-125.587,46.391,295.191,653905
-125.438,46.511,294.736,653926
-125.181,46.492,294.332,653947
-125.281,46.633,293.689,653968
-125.377,46.378,293.047,653989
-125.659,46.399,292.252,654010
-125.651,46.088,291.649,654031
-125.916,45.974,290.833,654052
-125.762,45.717,290.306,654073
-125.802,45.450,289.650,654094
-125.594,45.326,289.164,654115
-125.426,45.347,288.645,654136
-125.739,45.396,287.781,654157
-125.532,45.305,287.286,654178
-125.832,45.328,286.432,654199
-125.682,45.468,285.876,654220
-125.918,45.503,285.053,654241
-126.000,45.724,284.342,654262
-125.787,45.855,283.834,654283
-125.609,46.031,283.290,654304
-125.339,46.079,282.800,654325
-125.286,46.313,282.141,654346
-125.392,46.590,281.354,654367
-125.557,46.495,280.534,654388
-125.821,46.477,279.606,654409
-126.089,46.746,278.709,654430
-126.341,46.665,277.779,654451
-126.620,46.588,276.823,654472
-126.501,46.476,276.156,654493
-126.344,46.529,275.480,654514
-126.165,46.556,274.834,654535
-126.104,46.747,274.075,654556
-126.360,47.002,273.082,654577
-126.216,46.880,272.384,654598
-126.197,47.084,271.583,654619
-126.504,46.990,270.536,654640
-126.811,46.921,269.454,654661
-126.935,46.677,268.494,654682
-126.746,46.642,267.741,654703
-126.556,46.553,266.958,654724
-126.418,46.312,266.116,654745
-126.742,46.147,264.936,654766
-126.668,46.160,263.994,654787
-126.971,46.117,262.752,654808
-126.904,46.086,261.750,654829
-127.183,45.830,260.479,654850
-127.133,45.807,259.411,654871
-126.926,45.494,258.432,654892
-126.692,45.291,257.476,654913
-126.650,44.909,256.384,654934
-126.863,44.785,255.089,654955
-126.657,44.765,254.105,654976
-126.315,44.608,253.196,654997
-126.064,44.269,252.222,655018
-126.124,44.135,251.018,655039
-125.811,44.091,250.053,655060
-125.634,43.877,248.992,655081
-125.579,43.702,247.833,655102
-125.215,43.726,246.845,655123
-125.012,43.989,245.753,655144
-124.720,44.072,244.728,655165
-124.788,44.029,243.463,655186
-125.003,44.296,242.103,655207
-125.231,44.579,240.747,655228
-125.135,44.968,239.603,655249
-125.427,45.322,238.195,655270
-125.629,45.404,236.847,655291
-125.853,45.532,235.456,655312
-125.786,45.972,234.230,655333
-125.537,46.117,233.161,655354
-125.349,46.145,232.034,655375
-125.295,46.506,230.805,655396
-125.245,46.443,229.592,655417
-125.640,46.527,228.080,655438
-126.112,46.715,226.496,655459
-126.365,46.934,225.085,655480
-126.338,46.834,223.859,655501
-126.858,46.833,222.237,655522
-126.942,46.919,220.951,655543
-127.222,46.654,219.499,655564
-127.075,46.563,218.358,655585
-127.383,46.378,216.907,655606
-127.634,46.089,215.500,655627
-127.640,45.687,214.278,655648
-127.441,45.471,213.229,655669
-127.705,45.175,211.847,655690
-127.836,44.840,210.581,655711
-127.743,44.508,209.491,655732
-127.536,44.426,208.454,655753
-127.316,44.437,207.429,655774
-127.534,44.510,206.117,655795
-127.219,44.596,205.177,655816
-127.234,44.539,204.033,655837
-127.237,44.522,202.919,655858
-126.803,44.739,202.090,655879
-126.680,45.124,201.070,655900
-126.484,45.115,200.118,655921
-126.242,45.078,199.185,655942
-126.049,45.052,198.226,655963
-125.771,45.370,197.343,655984
-125.579,45.698,196.394,656005
-125.317,45.656,195.501,656026
-125.384,46.032,194.383,656047
-125.544,46.056,193.182,656068
-125.339,45.956,192.267,656089
-125.522,46.104,191.085,656110
-125.263,46.295,190.207,656131
-125.134,46.543,189.239,656152
-124.856,46.396,188.411,656173
-125.057,46.547,187.235,656194
-125.214,46.712,186.084,656215
-125.444,46.569,184.891,656236
-125.753,46.560,183.624,656257
-126.010,46.313,182.387,656278
-126.236,45.971,181.177,656299
-126.286,45.539,180.096,656320
-126.272,45.150,179.060,656341
-126.734,44.900,177.689,656362
-126.438,44.973,176.705,656383
-126.174,45.033,175.708,656404
-125.935,45.008,174.669,656425
-125.661,44.969,173.629,656446
-125.747,44.759,172.310,656467
-125.457,44.631,171.211,656489
-125.638,44.506,169.780,656510
-125.396,44.422,168.569,656531
-125.824,44.012,168.514,656552
-126.280,43.638,168.389,656573
-126.969,43.369,168.039,656594
-127.717,43.100,167.552,656615
-128.519,42.784,167.003,656636
-129.167,42.361,166.520,656657
-129.767,42.078,166.032,656678
-130.275,41.854,165.549,656699
-130.607,41.668,165.146,656720
-130.500,41.785,164.983,656741
-130.376,42.085,164.806,656762
-130.503,42.386,164.413,656783
-130.251,42.878,164.186,656804
-130.135,43.077,163.809,656825
-129.920,43.272,163.489,656846
-129.758,43.511,163.074,656867
-129.205,43.822,162.917,656888
-128.648,44.235,162.727,656909
-128.449,44.480,162.255,656930
-128.027,45.058,161.918,656951
-127.573,45.587,161.567,656972
-127.051,46.091,161.258,656993
-126.928,46.680,160.631,657014
-126.765,47.258,160.055,657035
-126.316,47.729,159.685,657056
-125.824,47.966,159.328,657077
-125.756,48.087,158.644,657098
-125.427,48.128,158.145,657119
-125.067,48.392,157.625,657140
-125.202,48.476,156.729,657161
-125.394,48.701,155.753,657182
-125.622,48.771,154.722,657203
-125.550,48.937,153.895,657224
-125.259,48.736,153.184,657245
-125.438,48.486,152.107,657266
-125.473,48.100,151.124,657287
-125.664,48.028,150.003,657308
-125.564,47.537,149.079,657329
-125.544,47.038,148.115,657350
-125.481,46.493,147.162,657371
-125.408,46.345,146.209,657392
-125.486,46.247,145.124,657413
-125.752,45.957,143.925,657434
-125.933,45.585,142.789,657455
-125.905,45.142,141.800,657476
-125.595,44.993,141.016,657497
-125.244,44.827,140.262,657518
-125.315,44.565,139.168,657539
-124.992,44.509,138.351,657560
-124.712,44.598,137.508,657581
-124.524,44.796,136.595,657602
-124.302,45.011,135.724,657623
-124.110,45.269,134.818,657644
-123.825,45.132,133.955,657665
-123.365,45.126,133.226,657686
-123.130,45.508,132.363,657707
-122.624,45.530,131.660,657728
-122.114,45.672,130.974,657749
-121.662,45.971,130.254,657770
-121.394,45.930,129.349,657791
-121.295,46.358,128.325,657812
-121.266,46.796,127.279,657833
-121.280,46.870,126.176,657855
-121.523,47.084,124.974,657876
-121.808,47.315,123.748,657897
-121.967,47.402,122.611,657918
-121.762,47.612,121.732,657939
-121.590,47.879,120.806,657960
-121.559,48.217,119.764,657981
-121.786,48.499,118.530,658002
-122.079,48.690,117.259,658023
-122.365,48.849,116.011,658044
-122.584,49.123,114.811,658065
-122.761,48.990,113.661,658086
-122.681,48.809,112.711,658107
-122.981,48.954,111.485,658128
-122.905,48.979,110.526,658149
-123.064,48.690,109.389,658170
-123.411,48.472,108.162,658191
-123.764,48.207,106.930,658212
-123.687,48.076,106.037,658233
-123.864,48.148,104.976,658254
-123.820,47.863,104.084,658275
-123.675,47.603,103.297,658296
-123.945,47.251,102.203,658317
-123.790,47.003,101.456,658338
-123.599,46.865,100.747,658359
-123.353,46.792,100.120,658380
-123.169,46.857,99.464,658401
-122.780,46.741,98.964,658422
-122.923,46.780,98.092,658443
-122.865,46.538,97.386,658464
-123.008,46.509,96.582,658485
-123.097,46.385,95.802,658506
-122.906,46.502,95.238,658527
-123.024,46.304,94.433,658548
-123.264,46.206,93.544,658569
-123.443,46.326,92.664,658590
-123.328,46.057,91.971,658611
-123.554,45.859,91.003,658632
-123.829,45.812,90.004,658653
-123.659,45.527,89.319,658674
-123.930,45.513,88.337,658695
-123.663,45.494,87.727,658716
-123.626,45.634,86.966,658737
-123.653,45.803,86.143,658758
-123.498,45.585,85.419,658779
-123.406,45.641,84.639,658800
-123.325,45.589,83.836,658821
-123.656,45.419,82.746,658842
-123.967,45.201,81.656,658863
-124.216,44.933,80.615,658884
-124.617,44.926,79.424,658905
-124.802,45.048,78.339,658926
-124.752,45.068,77.410,658947
-125.018,45.214,76.243,658968
-125.284,45.367,75.040,658989
-125.704,45.207,73.736,659010
-125.966,45.390,72.529,659031
-126.385,45.558,71.189,659052
-126.760,45.446,69.828,659073
-127.106,45.339,68.452,659094
-127.090,45.161,67.306,659115
-127.229,45.424,66.029,659136
-128.021,44.528,65.700,659157
-128.862,43.838,65.292,659178
-129.527,43.181,64.978,659199
-129.981,42.663,64.761,659220
-130.656,42.253,64.353,659241
-131.388,42.005,63.889,659262
-131.788,42.110,63.610,659283
-132.006,42.167,63.441,659304
-132.239,42.432,63.213,659325
-132.372,42.720,63.007,659346
-132.404,43.119,62.809,659367
-132.324,43.610,62.620,659388
-132.131,44.224,62.486,659409
-132.072,44.979,62.231,659430
-131.929,45.798,61.990,659451
-131.699,46.264,61.777,659472
-131.590,46.868,61.399,659493
-132.778,47.723,59.797,659514
-133.878,48.520,58.175,659535
-134.839,49.139,56.564,659557
-135.788,49.986,54.885,659578
-136.545,50.810,53.267,659599
-137.011,51.513,51.813,659620
-137.754,51.923,50.077,659641
-138.536,52.359,48.256,659662
-139.255,52.873,46.435,659683
-139.338,53.449,45.059,659704
-139.233,53.897,43.790,659725
-136.989,54.318,45.684,659746
-135.091,54.903,47.219,659767
-132.746,55.052,49.009,659788
-130.388,55.169,50.733,659809
-129.888,55.261,50.593,659830
-128.925,55.420,50.805,659851
-128.493,55.308,50.567,659872
-128.049,55.046,50.335,659893
-127.893,54.791,49.831,659914
-127.506,54.787,49.484,659935
-127.210,54.685,49.037,659956
-127.057,54.257,48.445,659977
-127.325,54.198,47.499,659998
-127.850,53.975,46.353,660019
-128.485,53.640,45.099,660040
-128.691,53.034,44.190,660061
-129.233,52.429,43.022,660082
-129.526,51.708,42.037,660103
-129.627,51.066,41.212,660124
-130.007,50.707,40.139,660145
-130.613,49.988,38.909,660166
-131.082,49.644,37.802,660187
-131.290,49.015,36.855,660208
-131.922,48.688,35.626,660229
-132.502,48.381,34.438,660250
-133.072,47.778,33.280,660271
-133.399,47.103,32.292,660292
-133.708,46.452,31.294,660313
-133.810,45.820,30.450,660334
-134.320,45.431,29.349,660355
-134.317,45.234,28.623,660376
-134.387,44.749,27.849,660397
-134.362,44.754,27.136,660418
-134.490,44.829,26.322,660439
-134.050,44.765,25.904,660460
-133.552,44.609,25.534,660481
-132.923,44.513,25.245,660502
-132.259,44.471,24.981,660523
-131.494,44.642,24.795,660544
-130.640,44.736,24.677,660565
-130.268,45.009,24.194,660586
-129.687,45.472,23.843,660607
-128.896,45.908,23.662,660628
-128.511,46.224,23.206,660649
-127.835,46.697,22.949,660670
-127.048,46.756,22.774,660691
-126.266,46.829,22.580,660712
-125.727,46.944,22.207,660733
-124.784,47.086,22.117,660754
-123.920,47.297,21.976,660775
-123.652,47.479,21.386,660796
-123.157,47.826,20.969,660817
-123.070,48.076,20.257,660838
-123.018,48.128,19.503,660859
-122.588,48.041,19.045,660880
-122.205,47.916,18.525,660901
-122.057,47.755,17.826,660922
-121.773,47.975,17.227,660943
-121.346,47.909,16.745,660964
-121.522,47.902,15.844,660985
-121.681,47.923,14.971,661006
-121.941,47.869,14.024,661027
-122.274,47.839,13.033,661048
-122.656,47.874,12.016,661069
-123.089,47.658,10.948,661090
-123.187,47.367,10.108,661111
-123.270,47.074,9.246,661132
-123.527,47.124,8.281,661153
-123.679,46.948,7.385,661174
-124.355,46.968,6.133,661195
-125.063,46.991,4.853,661216
-125.600,47.129,3.706,661237
-125.813,47.166,2.797,661258
-126.392,47.027,1.647,661279
-126.768,46.789,0.649,661300
-126.966,46.529,359.792,661321
-127.263,46.306,358.870,661342
-127.235,46.282,358.176,661363
-127.641,46.196,357.192,661384
-127.830,46.317,356.385,661405
-128.114,46.196,355.528,661426
-128.379,46.260,354.727,661447
-128.425,46.430,354.093,661468
-128.146,46.451,353.690,661489
-127.779,46.448,353.367,661510
-127.592,46.593,352.938,661531
-127.494,46.730,352.452,661552
-127.102,46.558,352.184,661573
-127.178,46.640,351.536,661594
-127.269,46.729,350.878,661615
-127.244,46.499,350.320,661636
-127.409,46.423,349.647,661657
-127.224,46.229,349.225,661678
-127.297,46.075,348.635,661699
-127.333,45.927,348.086,661720
-127.012,45.854,347.778,661741
-126.874,46.071,347.330,661762
-126.585,46.203,346.990,661783
-126.346,46.382,346.639,661804
-126.038,46.451,346.300,661825
-125.564,46.388,346.068,661846
-125.288,46.476,345.637,661867
-125.107,46.179,345.080,661888
-124.725,46.215,344.610,661909
-124.470,46.315,344.032,661930
-124.161,46.400,343.442,661951
-124.094,46.154,342.648,661972
-123.690,45.896,342.081,661993
-123.299,45.794,341.412,662014
-122.956,45.705,340.648,662035
-123.096,45.700,339.497,662056
-123.087,45.377,338.379,662077
-122.751,45.126,337.416,662098
-122.795,44.813,336.157,662119
-122.697,44.466,334.938,662140
-122.381,44.129,333.803,662161
-121.967,43.944,332.682,662182
-121.565,43.898,331.495,662203
-121.353,44.077,330.156,662224
-121.322,43.952,328.665,662245
-121.333,43.945,327.113,662266
-121.337,43.912,325.565,662287
-121.175,43.814,324.139,662308
-121.124,43.749,322.612,662329
-120.819,43.839,321.300,662350
-120.594,43.862,319.930,662371
-120.579,44.166,318.423,662392
-120.536,44.483,316.948,662413
-120.821,44.479,315.247,662434
-121.320,44.630,313.438,662455
-121.787,44.628,311.658,662476
-122.336,44.649,309.820,662497
-122.860,44.648,308.030,662518
-123.426,44.784,306.226,662539
-123.488,44.953,304.771,662560
-123.955,45.021,303.049,662581
-124.364,45.237,301.401,662602
-124.665,45.223,299.836,662623
-124.772,45.055,298.439,662644
-125.026,44.966,296.962,662665
-124.819,44.980,295.795,662686
-124.601,44.824,294.652,662707
-124.491,44.855,293.422,662728
-124.379,44.771,292.150,662749
-124.215,44.586,290.905,662770
-124.133,44.115,289.547,662791
-124.203,44.017,288.109,662812
-124.645,43.723,286.458,662833
-124.991,43.319,284.890,662854
-125.542,43.269,283.203,662875
-126.008,42.986,281.557,662896
-126.340,43.081,279.993,662917
-126.796,42.831,278.300,662938
-127.061,42.630,276.710,662959
-127.220,42.600,275.186,662980
-127.382,42.429,273.619,663001
-127.981,42.345,271.700,663022
-128.295,42.395,269.990,663043
-128.524,42.178,268.073,663064
-128.545,41.925,266.236,663085
-128.736,41.808,265.385,663106
-129.008,41.327,264.450,663127
-128.796,40.917,263.791,663148
-128.563,40.765,263.109,663169
-128.292,40.773,262.458,663190
-127.908,40.827,261.856,663211
-127.756,40.992,261.073,663232
-127.564,41.108,260.314,663253
-127.298,41.206,259.585,663274
-126.965,41.382,258.889,663295
-126.639,41.569,258.155,663316
-126.275,41.777,257.464,663337
-125.954,42.025,256.752,663358
-125.376,42.160,256.194,663379
-124.765,42.705,255.645,663400
-124.072,43.113,255.152,663421
-123.760,43.355,254.362,663442
-123.167,43.822,253.754,663463
-122.589,43.914,253.111,663484
-122.164,43.975,252.360,663505
-121.487,44.272,251.762,663526
-121.857,44.747,249.904,663547
-122.690,45.299,247.747,663568
-123.135,45.847,245.841,663589
-123.636,46.372,243.912,663610
-124.219,46.853,241.944,663631
-125.035,47.017,239.793,663652
-125.860,47.197,237.656,663673
-126.644,47.310,235.565,663694
-127.346,47.528,233.543,663715
-127.956,47.396,231.594,663736
-128.336,47.141,229.817,663757
-128.976,47.064,227.865,663778
-129.260,47.083,226.176,663799
-129.385,46.973,224.623,663820
-129.498,46.865,223.074,663841
-129.838,46.468,221.381,663862
-129.895,46.303,220.099,663883
-129.542,46.272,219.081,663904
-129.092,46.180,218.127,663925
-128.658,46.171,217.142,663946
-128.112,46.039,216.231,663967
-127.668,46.098,215.245,663988
-127.164,45.860,214.304,664009
-127.034,45.988,213.081,664030
-126.916,46.142,211.874,664051
-126.914,46.068,210.597,664072
-126.552,45.882,209.581,664093
-126.688,45.886,208.203,664114
-126.444,45.995,207.055,664135
-126.144,46.003,205.914,664156
-125.880,45.866,204.776,664177
-125.611,45.880,203.631,664198
-125.806,45.808,202.156,664219
-125.775,46.031,200.842,664240
-125.703,45.826,199.586,664261
-125.935,45.950,198.093,664282
-126.026,45.777,196.710,664303
-125.753,45.646,195.549,664324
-125.734,45.354,194.204,664345
-126.027,45.245,192.605,664366
-126.111,44.888,191.148,664387
-126.005,44.773,189.826,664408
-126.283,44.840,188.201,664429
-126.467,44.872,186.628,664450
-126.724,44.956,184.973,664471
-127.122,44.750,183.238,664492
-127.051,44.653,181.784,664513
-126.935,44.575,180.336,664534
-126.951,44.405,178.776,664555
-126.702,44.393,177.375,664576
-126.350,44.481,176.015,664597
-126.244,44.855,174.452,664618
-126.161,44.801,172.864,664639
-125.787,44.954,171.476,664660
-125.912,45.256,169.725,664681
-126.051,45.247,167.934,664702
-125.905,45.107,166.284,664723
-126.428,44.370,165.336,664744
-126.543,43.574,164.553,664765
-126.719,43.248,163.676,664786
-126.615,42.770,162.979,664807
-126.732,42.683,162.131,664828
-126.946,42.594,161.235,664849
-126.990,42.689,160.446,664870
-126.967,42.659,159.721,664891
-126.621,42.576,159.222,664912
-125.992,42.916,158.903,664933
-125.682,43.097,158.358,664954
-125.007,43.334,158.107,664975
-124.215,43.821,157.936,664996
-123.411,44.400,157.779,665017
-123.070,45.012,157.303,665038
-122.694,45.639,156.834,665059
-121.831,46.265,156.724,665080
-121.257,46.598,156.405,665101
-120.932,47.173,155.901,665122
-120.132,47.753,155.776,665143
-119.288,48.205,155.716,665164
-118.577,48.798,155.567,665185
-117.896,49.006,155.393,665206
-117.126,49.459,155.311,665227
-116.345,49.849,155.270,665248
-116.028,50.251,154.860,665269
-115.637,50.324,154.518,665290
-114.936,50.611,154.394,665311
-114.181,50.668,154.321,665332
-114.000,50.832,153.815,665353
-113.734,50.640,153.393,665374
-113.387,50.337,153.030,665395
-113.048,50.418,152.676,665416
-112.630,50.322,152.406,665437
-112.745,50.143,151.736,665458
-112.913,49.915,151.052,665479
-112.855,49.891,150.532,665500
-112.927,49.443,149.922,665521
-113.174,49.051,149.175,665542
-113.334,48.585,148.491,665563
-113.313,48.104,147.929,665584
-113.724,47.972,147.047,665605
-113.793,47.807,146.402,665626
-114.304,47.497,145.451,665647
-114.339,47.055,144.840,665668
-114.853,46.722,143.914,665689
-115.157,46.632,143.142,665710
-115.214,46.172,142.588,665731
-115.681,46.085,141.757,665752
-115.851,45.727,141.177,665773
-115.888,45.452,140.711,665794
-115.892,45.429,140.294,665815
-115.901,45.416,139.875,665836
-116.056,45.615,139.349,665857
-116.597,45.660,138.539,665878
-117.135,45.827,137.733,665899
-117.689,46.007,136.925,665920
-117.748,46.165,136.467,665941
-118.181,46.206,135.775,665962
-118.437,46.227,135.238,665983
-118.292,46.377,135.020,666004
-118.116,46.559,134.846,666025
-118.039,46.989,134.607,666046
-118.250,47.380,134.142,666067
-118.440,47.668,133.723,666089
-118.611,47.850,133.318,666110
-118.766,48.131,132.926,666131
-118.808,48.495,132.600,666152
-118.737,48.376,132.347,666173
-118.891,48.415,131.903,666194
-118.585,48.271,131.801,666215
-118.265,48.250,131.676,666236
-118.432,48.082,131.174,666257
-118.640,47.940,130.641,666278
-118.598,48.007,130.291,666299
-118.350,47.661,130.093,666320
-118.082,47.362,129.874,666341
-118.038,46.904,129.466,666362
-118.250,46.817,128.838,666383
-118.213,46.690,128.403,666404
-118.595,46.469,127.638,666425
-118.980,46.074,126.864,666446
-119.011,45.862,126.341,666467
-119.503,45.559,125.472,666488
-119.852,45.071,124.699,666509
-119.958,44.625,124.091,666530
-120.042,44.377,123.502,666551
-120.588,44.451,122.562,666572
-121.226,44.245,121.532,666593
-121.500,43.999,120.763,666614
-121.807,43.797,119.983,666635
-122.423,43.999,118.973,666656
-123.060,44.195,117.944,666677
-123.714,44.403,116.899,666698
-124.312,44.401,115.874,666719
-124.573,44.708,115.115,666740
-124.620,44.779,114.485,666761
-124.606,44.915,113.924,666782
-124.575,45.164,113.382,666803
-124.608,45.541,112.776,666824
-125.074,45.856,111.863,666845
-125.509,46.263,110.969,666866
-125.857,46.408,110.141,666887
-126.034,46.513,109.420,666908
-126.441,46.888,108.539,666929
-126.800,47.309,107.692,666950
-126.767,47.650,107.119,666971
-126.607,47.892,106.647,666992
-126.526,47.791,106.113,667013
-126.290,47.634,105.679,667034
-126.010,47.771,105.307,667055
-125.641,47.782,104.999,667076
-125.756,47.811,104.333,667097
-125.864,47.747,103.672,667118
-125.797,47.840,103.120,667139
-125.393,47.555,102.836,667160
-125.270,47.178,102.344,667181
-125.326,47.180,101.690,667202
-125.294,47.205,101.095,667223
-125.194,46.768,100.542,667244
-124.908,46.625,100.152,667265
-124.737,46.574,99.662,667286
-124.694,46.150,99.093,667307
-124.668,46.199,98.515,667328
-124.384,45.837,98.153,667349
-124.100,45.481,97.760,667370
-124.001,45.555,97.231,667391
-124.032,45.290,96.628,667412
-124.063,45.038,96.019,667433
-123.860,45.142,95.573,667454
-123.648,44.946,95.133,667475
-123.912,45.009,94.361,667496
-123.706,44.985,93.929,667517
-123.834,44.929,93.259,667538
-123.839,45.293,92.678,667559
-123.770,45.647,92.157,667580
-123.541,45.766,91.722,667601
-123.381,45.742,91.187,667622
-123.359,46.143,90.540,667643
-123.360,46.130,89.864,667664
-123.591,46.441,89.054,667685
-123.782,46.850,88.272,667706
-123.974,47.313,87.491,667727
-124.356,47.628,86.587,667748
-124.609,48.091,85.792,667769
-124.612,48.251,85.158,667790
-124.920,48.247,84.301,667811
-125.378,48.624,83.295,667832
-125.534,48.587,82.466,667853
-125.600,48.596,81.701,667874
-125.776,48.452,80.806,667895
-126.314,48.412,79.651,667916
-126.869,48.518,78.508,667937
-127.486,48.585,77.339,667958
-127.751,48.697,76.421,667979
-127.862,48.634,75.618,668000
-128.535,48.518,74.359,668021
-129.138,48.518,73.155,668042
-129.321,48.536,72.219,668063
-129.433,48.248,71.288,668084
-129.955,48.260,70.014,668105
-129.946,48.079,69.128,668126
-130.258,47.999,67.985,668147
-130.115,47.949,67.181,668168
-129.960,47.892,66.382,668189
-129.864,48.094,65.503,668210
-129.863,48.355,64.540,668231
-129.878,48.624,63.529,668252
-130.096,48.902,62.333,668273
-130.633,49.047,60.834,668294
-130.962,49.317,59.480,668315
-131.565,49.458,57.887,668336
-132.090,49.388,56.309,668357
-132.559,49.249,54.732,668378
-132.700,49.398,53.362,668399
-132.707,49.386,52.069,668420
-133.070,49.200,50.468,668441
-133.057,49.271,49.112,668462
-133.300,49.498,47.518,668483
-133.321,49.341,46.065,668504
-133.810,49.528,44.222,668525
-133.818,49.395,42.701,668546
-134.328,49.327,40.790,668567
-134.595,49.145,39.039,668588
-134.772,48.991,37.330,668609
-134.596,48.966,35.883,668630
-134.539,49.131,34.344,668651
-134.468,48.962,32.816,668672
-134.465,49.097,31.261,668693
-134.644,49.267,29.551,668714
-133.906,49.641,28.422,668735
-133.229,50.034,27.251,668756
-132.882,50.067,25.830,668777
-132.524,50.037,24.464,668798
-132.141,49.940,23.127,668819
-131.761,50.208,21.806,668840
-131.530,50.038,20.330,668861
-131.313,49.832,18.832,668882
-131.299,49.799,17.178,668903
-130.835,49.769,15.812,668924
-130.278,49.484,14.495,668945
-129.900,49.059,13.042,668966
-129.522,48.627,11.583,668987
-129.226,48.173,10.070,669008
-129.107,47.784,8.407,669029
-129.090,47.552,6.637,669050
-128.825,47.111,5.030,669071
-128.813,46.999,3.238,669092
-128.278,46.670,1.800,669113
-128.383,46.181,1.208,669134
-128.840,45.429,0.313,669155
-129.215,44.681,359.434,669176
-129.527,43.947,358.571,669197
-129.970,43.361,357.574,669218
-130.107,43.082,356.765,669239
-130.450,43.016,355.828,669260
-130.902,43.076,354.822,669281
-131.356,42.849,353.816,669302
-131.724,43.113,352.859,669323
-132.069,43.461,351.915,669344
-132.403,43.589,350.985,669365
-132.604,44.014,350.126,669386
-132.969,44.276,349.141,669407
-133.556,44.681,347.978,669428
-134.152,45.417,346.791,669449
-134.705,45.968,345.587,669470
-134.916,46.806,344.589,669491
-135.382,47.577,343.401,669512
-135.756,48.143,342.255,669533
-136.126,48.953,341.088,669554
-136.302,49.404,340.045,669575
-136.643,50.105,338.835,669596
-136.466,50.396,338.033,669617
-136.470,50.601,337.072,669638
-136.198,51.060,336.291,669659
-135.751,51.339,335.621,669680
-135.277,51.346,334.929,669701
-135.161,51.678,333.927,669722
-134.518,51.800,333.335,669743
-133.874,51.679,332.721,669764
-133.452,51.470,331.950,669785
-133.007,51.175,331.208,669806
-132.196,50.915,330.739,669827
-131.414,50.646,330.236,669848
-130.978,50.548,329.456,669869
-130.707,50.142,328.533,669890
-130.323,49.993,327.710,669911
-129.990,49.746,326.831,669932
-129.638,49.278,325.941,669953
-129.276,48.782,325.065,669974
-128.410,48.268,324.506,669995
-127.666,47.960,323.841,670016
-127.018,47.309,323.110,670037
-126.691,46.713,322.145,670058
-126.209,46.410,321.317,670079
-125.796,46.087,320.441,670100
-125.660,45.515,319.372,670121
-125.455,44.912,318.341,670142
-124.988,44.629,317.518,670163
-124.781,44.096,316.518,670184
-124.797,43.816,315.392,670205
-124.661,43.432,314.389,670226
-124.556,43.128,313.381,670247
-124.341,43.261,312.448,670268
-124.266,43.503,311.413,670289
-124.339,43.763,310.285,670310
-124.569,43.991,309.041,670331
-124.665,44.303,307.915,670352
-124.558,44.286,306.935,670373
-124.855,44.274,305.647,670394
-125.257,44.591,304.276,670415
-125.257,44.733,303.178,670436
-125.285,44.713,302.058,670457
-125.347,44.988,300.891,670478
-125.704,45.329,299.527,670499
-126.162,45.618,298.072,670520
-126.185,45.910,296.926,670541
-126.669,46.188,295.445,670562
-126.643,46.349,294.320,670583
-126.616,46.578,293.207,670604
-126.513,46.817,292.152,670626
-126.373,47.075,291.118,670647
-126.227,47.363,290.103,670668
-126.506,47.491,288.771,670689
-126.221,47.574,287.815,670710
-126.445,47.713,286.442,670731
-126.553,47.646,285.126,670752
-126.231,47.461,284.084,670773
-126.029,47.192,282.913,670794
-125.606,47.000,281.847,670815
-125.237,46.940,280.714,670836
-124.862,46.789,279.547,670857
-124.811,46.498,278.136,670878
-124.921,46.385,276.566,670899
-124.563,46.083,275.316,670920
-124.359,45.660,273.935,670941
-124.286,45.649,272.453,670962
-124.283,45.297,270.893,670983
-123.851,45.065,269.631,671004
-123.439,44.750,268.339,671025
-123.060,44.328,267.029,671046
-122.878,44.266,265.565,671067
-122.670,44.215,264.100,671088
-122.327,43.841,262.739,671109
-122.397,43.540,261.091,671130
-122.550,43.264,259.387,671151
-122.796,43.075,257.635,671172
-123.079,42.895,255.841,671193
-123.018,42.768,254.260,671214
-123.083,42.932,252.610,671235
-123.093,42.997,251.040,671256
-123.128,43.147,249.444,671277
-123.314,43.466,247.737,671298
-123.780,43.532,245.841,671319
-124.273,43.683,243.931,671340
-124.740,43.802,242.054,671361
-125.152,43.898,240.234,671382
-125.587,43.968,238.411,671403
-125.757,43.968,236.792,671424
-125.838,44.220,235.243,671445
-126.256,44.682,233.498,671466
-126.395,44.979,231.937,671487
-126.575,45.082,230.379,671508
-126.990,45.575,228.662,671529
-127.498,45.706,226.908,671550
-127.920,45.804,225.243,671571
-128.332,45.932,223.593,671592
-128.626,46.033,222.063,671613
-128.517,46.116,220.832,671634
-128.659,46.566,219.439,671655
-127.726,47.105,218.791,671676
-126.940,47.684,218.070,671697
-126.094,48.081,217.377,671718
-125.731,48.188,216.368,671739
-125.425,48.240,215.323,671760
-124.730,48.340,214.555,671781
-124.563,48.323,213.405,671802
-124.326,48.290,212.307,671823
-123.646,48.427,211.548,671844
-122.937,48.518,210.820,671865
-122.533,48.654,209.844,671886
-122.287,48.610,208.723,671907
-121.754,48.219,207.797,671928
-121.438,47.801,206.686,671949
-120.842,47.454,205.736,671970
-121.130,46.640,206.121,671991
-121.155,45.833,206.534,672012
-121.160,45.065,206.852,672033
-121.082,44.450,207.159,672054
-120.971,43.946,207.406,672075
-120.645,43.768,207.617,672096
-120.317,43.666,207.747,672117
-120.281,43.467,207.631,672138
-120.240,43.252,207.446,672159
-120.112,42.945,207.287,672180
-119.731,42.592,207.244,672201
-119.711,42.482,206.919,672222
-119.763,42.430,206.504,672243
-119.411,42.544,206.301,672264
-119.300,42.858,205.904,672285
-119.484,43.116,205.265,672306
-119.649,43.463,204.625,672327
-119.904,43.827,203.885,672348
-119.894,43.849,203.300,672369
-120.225,43.924,202.474,672390
-120.623,44.029,201.627,672411
-120.805,44.059,200.873,672432
-120.923,44.298,200.168,672453
-121.206,44.695,199.318,672474
-121.784,45.105,198.235,672495
-122.014,45.424,197.395,672516
-122.237,45.696,196.493,672537
-122.906,46.010,195.258,672558
-123.520,45.943,194.049,672579
-124.098,45.837,192.853,672600
-124.443,45.640,191.816,672621
-125.125,45.653,190.526,672642
-125.738,45.562,189.265,672663
-125.917,45.656,188.300,672684
-125.975,45.696,187.407,672705
-126.310,45.791,186.299,672726
-126.310,45.854,185.429,672747
-126.544,45.666,184.365,672768
-126.215,45.563,183.696,672789
-126.191,45.333,182.804,672810
-125.847,45.097,182.148,672831
-125.444,45.160,181.514,672852
-124.985,44.982,180.926,672873
-124.489,44.794,180.317,672894
-124.373,44.925,179.406,672915
-124.318,45.045,178.433,672936
-124.104,44.797,177.561,672957
-124.036,44.744,176.597,672978
-123.544,44.482,175.943,672999
-123.363,44.632,175.063,673020
-122.794,44.704,174.455,673041
-122.598,44.866,173.558,673062
-122.121,44.661,172.837,673083
-121.659,44.891,172.089,673104
-121.471,45.075,171.148,673125
-121.298,45.084,170.186,673146
-121.099,45.357,169.197,673167
-120.854,45.226,168.269,673188
-120.425,45.351,167.462,673209
-120.057,45.295,166.641,673230
-119.715,45.315,165.780,673251
-119.442,45.412,164.890,673272
-119.190,45.583,163.959,673293
-119.013,45.869,162.970,673314
-118.810,46.058,161.992,673335
-118.825,46.447,160.828,673356
-119.162,46.824,159.413,673377
-119.516,46.837,157.995,673398
-119.933,46.905,156.499,673419
-120.226,46.884,155.108,673440
-120.300,47.048,153.879,673461
-120.770,47.031,152.371,673482
-121.085,46.963,150.952,673503
-121.673,47.252,149.314,673524
-122.362,47.499,147.595,673545
-123.085,47.528,145.833,673566
-123.705,47.443,144.184,673587
-123.878,47.552,142.871,673608
-124.340,47.315,141.350,673629
-124.472,47.084,140.109,673650
-124.506,46.873,138.917,673671
-124.826,46.992,137.499,673692
-125.129,47.090,136.101,673713
-125.140,46.874,134.916,673734
-125.627,46.693,133.413,673755
-126.099,46.559,131.941,673776
-126.516,46.581,130.533,673797
-126.740,46.300,129.244,673818
-127.061,46.169,127.888,673839
-126.906,46.218,126.888,673860
-126.640,45.973,125.959,673881
-126.660,46.097,124.830,673902
-126.297,46.087,123.964,673923
-125.889,46.091,123.151,673944
-125.468,45.977,122.350,673965
-125.537,45.899,121.204,673986
-125.082,45.776,120.438,674007
-124.829,45.518,119.530,674028
-124.377,45.578,118.727,674049
-124.720,45.963,117.903,674070
-125.463,46.625,116.730,674091
-125.980,47.337,115.663,674112
-126.579,47.941,114.517,674133
-127.163,48.417,113.349,674154
-127.655,48.810,112.238,674175
-128.121,49.181,111.133,674196
-128.063,49.278,110.407,674217
-127.944,49.338,109.708,674238
-127.728,49.690,109.041,674259
-128.540,50.105,107.695,674280
-129.262,50.434,106.393,674301
-129.573,50.512,105.355,674322
-130.251,50.757,104.017,674343
-130.569,51.116,102.932,674364
-131.027,51.140,101.747,674385
-131.338,51.028,100.640,674406
-131.205,51.095,99.848,674427
-131.046,51.147,99.043,674448
-130.711,51.082,98.342,674469
-130.310,51.033,97.658,674490
-130.897,50.991,96.163,674512
-130.861,50.947,95.112,674533
-131.345,51.006,93.647,674554
-131.277,50.682,92.577,674575
-131.543,50.525,91.243,674596
-131.172,50.443,90.363,674617
-130.703,50.251,89.526,674638
-130.226,49.979,88.642,674659
-129.740,50.061,87.732,674680
-129.036,49.923,86.956,674701
-128.867,49.998,85.726,674722
-128.713,50.078,84.422,674743
-128.171,50.232,83.356,674764
-127.846,50.091,82.082,674785
-127.292,49.920,80.937,674806
-126.629,49.779,79.841,674827
-125.816,49.978,78.810,674848
-124.869,50.007,77.833,674869
-122.727,50.043,78.277,674890
-120.873,50.163,78.665,674911
-118.579,50.192,79.355,674932
-116.504,50.313,79.860,674953
-114.959,50.144,79.953,674974
-113.554,49.945,79.924,674995
-112.439,49.879,79.720,675016
-111.070,49.866,79.693,675037
-109.924,49.817,79.493,675058
-109.030,49.819,79.124,675079
-108.715,50.131,78.303,675100
-108.743,50.168,77.195,675121
-108.489,50.110,76.289,675142
-108.833,50.100,74.922,675163
-108.922,50.334,73.730,675184
-109.099,50.385,72.486,675205
-109.685,50.222,70.907,675226
-110.205,50.298,69.399,675247
-111.354,50.362,67.411,675268
-112.616,50.426,65.372,675289
-113.907,50.255,63.313,675310
-115.284,50.149,61.206,675331
-116.799,50.022,58.960,675352
-118.334,49.817,56.695,675373
-119.859,49.342,54.418,675394
-121.399,48.813,52.138,675415
-123.084,48.398,49.740,675436
-124.194,47.752,47.755,675457
-125.393,46.988,45.739,675478
-126.463,46.597,43.783,675499
-127.786,46.012,41.674,675520
-128.943,45.390,39.693,675541
-129.955,44.766,37.840,675562
-131.020,44.329,35.977,675583
-131.708,43.762,34.391,675604
-132.114,43.514,33.014,675625
-132.447,43.153,31.727,675646
-133.152,43.150,30.184,675667
-133.665,43.285,28.786,675688
-133.961,43.458,27.514,675709
-134.309,43.717,26.241,675730
-134.738,43.937,24.912,675751
-135.042,44.271,23.683,675772
-134.978,44.615,22.728,675793
-135.110,44.761,21.650,675814
-134.766,44.882,20.943,675835
-134.444,45.027,20.224,675856
-133.856,45.435,19.668,675877
-133.389,45.960,19.040,675898
-133.115,46.574,18.294,675919
-132.528,47.083,17.756,675940
-131.858,47.450,17.259,675961
-131.389,47.637,16.621,675982
-131.111,48.192,15.804,676003
-130.353,48.425,15.324,676024
-129.662,48.484,14.764,676045
-128.796,48.618,14.292,676066
-127.927,48.878,13.792,676087
-127.393,48.831,13.541,676108
-126.978,48.868,13.162,676129
-126.727,48.850,12.640,676150
-126.024,48.658,12.404,676171
-125.698,48.188,11.863,676192
-125.062,47.807,11.515,676213
-124.559,47.332,11.015,676234
-124.296,46.809,10.335,676255
-123.994,46.290,9.682,676276
-123.692,46.106,9.024,676297
-123.614,46.031,8.227,676318
-123.824,45.750,7.218,676339
-124.018,45.722,6.264,676360
-124.204,45.587,5.346,676381
-124.306,45.394,4.502,676402
-123.929,45.263,3.997,676423
-123.571,45.128,3.481,676444
-123.160,45.249,3.010,676465
-122.882,45.142,2.433,676486
-122.671,45.037,1.807,676507
-122.584,44.989,1.103,676528
-122.641,45.064,0.299,676549
-122.692,45.269,359.480,676570
-122.593,45.610,358.743,676591
-122.640,45.645,357.878,676612
-122.585,45.881,357.066,676633
-122.061,45.998,356.573,676654
-121.586,45.890,356.014,676675
-121.198,45.762,355.407,676696
-120.659,45.828,354.871,676717
-120.127,45.841,354.311,676738
-120.045,46.064,353.402,676759
-120.021,46.065,352.426,676780
-119.993,46.235,351.436,676801
-120.036,46.144,350.364,676822
-119.625,45.933,349.608,676843
-119.368,45.948,348.712,676864
-119.208,45.987,347.759,676885
-119.012,45.943,346.814,676906
-118.953,45.983,345.786,676927
-119.229,46.152,344.477,676948
-119.599,45.913,343.130,676969
-119.987,45.673,341.729,676990
-120.511,45.530,340.215,677011
-120.914,45.289,338.796,677032
-121.384,45.094,337.317,677053
-121.468,44.754,336.112,677074
-121.570,44.445,334.882,677095
-121.603,44.403,333.700,677116
-121.687,44.301,332.479,677137
-122.321,44.382,330.863,677158
-123.031,44.452,329.172,677179
-123.617,44.366,327.551,677200
-123.918,44.584,326.114,677221
-124.490,44.528,324.494,677242
-124.975,44.366,322.892,677263
-125.182,44.460,321.469,677284
-125.288,44.411,320.091,677305
-125.884,44.318,318.346,677326
-126.512,44.260,316.566,677347
-127.128,44.227,314.772,677368
-127.505,43.879,313.106,677389
-127.978,43.603,311.340,677410
-128.366,43.301,309.615,677431
-128.634,42.901,307.942,677452
-128.560,42.744,306.531,677473
-128.550,42.615,305.071,677494
-128.452,42.437,303.637,677515
-128.612,42.435,302.042,677536
-128.511,42.349,300.621,677557
-128.755,42.349,298.951,677578
-128.885,42.065,297.313,677599
-128.984,41.829,295.693,677620
-128.579,41.570,294.388,677641
-128.235,41.232,293.010,677662
-128.450,40.613,291.782,677683
-128.566,40.004,291.508,677704
-128.698,39.557,291.108,677725
-128.903,39.285,290.590,677746
-129.152,39.080,289.944,677767
-129.318,38.927,289.338,677788
-129.401,38.775,288.743,677809
-130.749,39.529,287.044,677830
-132.022,40.117,285.355,677851
-133.049,40.671,283.767,677872
-133.569,41.478,282.471,677893
-133.957,42.369,281.218,677914
-134.246,43.368,279.997,677935
-134.442,44.438,278.800,677956
-134.640,45.523,277.576,677978
-134.880,46.307,276.296,677999
-135.021,47.135,275.056,678020
-135.050,48.062,273.883,678041
-134.984,48.945,272.760,678062
-134.592,49.440,271.878,678083
-134.037,50.262,271.099,678104
-133.328,50.976,270.450,678125
-132.606,51.634,269.779,678146
-132.221,51.979,268.844,678167
-131.838,52.271,267.929,678188
-131.270,52.386,267.147,678209
-130.381,52.405,266.593,678230
-129.905,52.332,265.704,678251
-129.412,52.171,264.827,678272
-128.509,52.086,264.263,678293
-127.657,51.941,263.672,678314
-126.961,51.832,262.943,678335
-126.718,51.575,261.853,678356
-126.456,51.140,260.788,678377
-126.008,50.528,259.846,678398
-125.675,49.895,258.788,678419
-125.532,49.351,257.563,678440
-125.320,49.036,256.399,678461
-124.855,48.617,255.416,678482
-124.326,48.032,254.530,678503
-124.140,47.709,253.407,678524
-124.114,47.405,252.161,678545
-123.844,47.062,251.060,678566
-123.607,46.700,249.925,678587
-123.740,46.208,248.526,678608
-123.971,46.036,247.046,678629
-123.771,45.749,245.854,678650
-123.708,45.333,244.575,678671
-124.009,45.066,243.026,678692
-123.925,44.947,241.718,678713
-124.173,45.087,240.190,678734
-124.558,45.244,238.549,678755
-125.052,45.249,236.831,678776
-125.451,45.126,235.177,678797
-125.905,45.041,233.454,678818
-126.019,45.228,231.973,678839
-126.166,45.197,230.461,678860
-126.557,45.581,228.757,678881
-126.741,45.845,227.196,678902
-126.964,46.127,225.608,678923
-127.554,46.541,223.731,678944
-127.804,46.864,222.088,678965
-128.263,46.894,220.285,678986
-128.460,46.919,218.696,679007
-128.865,47.358,216.928,679028
-129.393,47.517,215.064,679049
-129.864,47.613,213.218,679070
-129.895,47.675,211.676,679091
-129.952,47.691,210.098,679112
-130.186,48.015,208.395,679133
-130.566,48.324,206.583,679154
-130.552,48.482,205.090,679175
-130.840,48.370,203.354,679196
-131.171,48.372,201.552,679217
-131.190,48.179,199.990,679238
-130.933,48.011,198.630,679259
-130.545,47.969,197.374,679280
-130.301,48.110,196.034,679301
-130.104,47.847,194.671,679322
-129.753,47.962,193.435,679343
-129.586,47.749,192.122,679364
-129.459,47.716,190.774,679385
-128.750,47.650,189.886,679406
-127.988,47.434,189.029,679427
-127.549,47.208,187.925,679448
-126.742,47.111,187.125,679469
-126.136,47.201,186.161,679490
-125.325,46.974,185.360,679511
-124.838,46.672,184.325,679532
-124.511,46.765,183.163,679553
-124.269,46.690,181.967,679574
-123.865,46.444,180.912,679595
-123.443,46.202,179.884,679616
-122.901,46.294,178.913,679637
-122.466,46.392,177.868,679658
-122.339,46.267,176.601,679679
-121.835,46.012,175.622,679700
-121.833,45.832,174.293,679721
-121.811,46.007,172.990,679742
-121.849,45.779,171.658,679763
-122.077,45.718,170.229,679784
-122.131,45.911,168.891,679805
-122.048,46.044,167.657,679826
-121.967,46.010,166.421,679847
-122.022,46.145,165.115,679868
-122.046,46.141,163.841,679889
-122.253,45.880,162.445,679910
-122.385,45.640,161.100,679931
-122.507,45.481,159.737,679952
-123.139,45.528,158.046,679973
-123.816,45.532,156.291,679994
-124.487,45.585,154.564,680015
-124.651,45.463,153.190,680036
-125.148,45.227,151.590,680057
-125.621,45.029,150.030,680078
-125.862,45.159,148.675,680099
-126.424,45.359,147.103,680120
-126.706,45.636,145.756,680141
-127.109,45.940,144.335,680162
-127.186,45.895,143.144,680183
-127.410,45.789,141.834,680204
-127.645,45.726,140.536,680225
-127.603,45.854,139.444,680246
-127.840,45.824,138.157,680267
-127.854,46.134,137.056,680288
-128.219,46.262,135.672,680309
-128.375,46.632,134.446,680330
-128.600,46.998,133.181,680351
-128.850,47.052,131.911,680372
-129.164,47.205,130.600,680393
-129.540,47.462,129.233,680414
-129.544,47.443,128.132,680435
-129.348,47.617,127.166,680456
-129.182,47.617,126.200,680477
-129.406,47.984,124.926,680498
-129.179,48.154,123.970,680519
-129.236,48.502,122.809,680540
-129.165,48.411,121.704,680561
-128.885,48.572,120.733,680582
-128.756,48.805,119.630,680603
-128.925,48.686,118.261,680624
-129.137,48.855,116.855,680645
-128.955,48.672,115.725,680666
-129.282,48.523,114.205,680687
-129.210,48.266,112.978,680708
-129.605,48.078,111.410,680729
-129.910,48.171,109.889,680750
-129.955,48.118,108.553,680771
-130.024,48.086,107.158,680792
-130.286,47.764,105.584,680813
-130.728,47.593,103.849,680834
-130.975,47.342,102.524,680855
-131.378,46.812,101.116,680876
-131.968,46.587,99.525,680897
-132.595,46.399,97.898,680918
-133.170,46.129,96.281,680939
-133.770,46.220,94.610,680960
-134.386,46.330,92.910,680981
-134.604,46.562,91.479,681002
-134.803,46.875,90.045,681023
-134.948,47.027,88.650,681044
-135.251,47.189,87.121,681065
-135.453,47.669,85.668,681086
-135.605,48.099,84.251,681107
-135.737,48.456,82.795,681128
-135.965,49.031,81.277,681149
-136.405,49.659,79.625,681170
-136.686,50.216,78.080,681191
-136.963,50.729,76.533,681212
-137.198,50.849,75.055,681233
-137.626,50.921,73.431,681254
-138.170,51.073,71.703,681275
-138.312,51.042,70.239,681296
-138.414,51.002,68.787,681317
-138.610,50.969,67.251,681338
-138.379,51.125,66.029,681359
-137.989,51.016,64.910,681380
-138.032,51.136,63.464,681401
-137.718,50.807,62.270,681422
-137.330,50.745,61.146,681443
-136.765,50.493,60.191,681464
-136.164,50.167,59.240,681485
-135.849,49.842,58.070,681506
-135.225,49.859,57.178,681527
-134.810,49.847,56.108,681548
-134.329,49.837,55.123,681569
-133.682,49.382,54.264,681590
-133.241,49.073,53.251,681611
-132.480,48.621,52.483,681632
-131.604,48.186,51.813,681653
-130.698,47.791,51.148,681674
-129.943,47.358,50.377,681695
-128.933,47.063,49.795,681716
-127.999,46.963,49.157,681737
-127.347,46.620,48.334,681758
-126.757,46.694,47.448,681779
-125.907,46.725,46.758,681800
-124.937,46.674,46.131,681821
-124.428,46.479,45.180,681842
-123.475,46.240,44.562,681863
-122.826,45.971,43.710,681884
-122.048,46.062,42.979,681905
-121.721,46.009,41.925,681926
-121.461,46.019,40.829,681947
-121.208,45.960,39.732,681968
-121.045,46.183,38.575,681989
-120.975,46.211,37.326,682010
-121.007,46.326,36.023,682031
-120.775,46.623,34.885,682052
-120.496,46.635,33.766,682073
-120.311,46.647,32.538,682094
-120.201,46.782,31.272,682115
-120.259,47.022,29.873,682136
-120.660,47.002,28.265,682157
-121.270,47.359,26.501,682178
-121.844,47.325,24.788,682199
-122.395,47.224,23.085,682220
-122.937,47.502,21.387,682241
-123.264,47.642,19.825,682262
-124.007,47.607,17.961,682283
-124.259,47.714,16.475,682304
-124.965,47.624,14.637,682325
-125.676,47.491,12.788,682346
-126.510,47.466,10.878,682367
-126.909,47.192,9.270,682388
-127.720,47.110,7.393,682409
-128.495,46.914,5.552,682430
-129.181,46.874,3.782,682451
-129.399,46.469,2.348,682472
-129.465,46.381,1.013,682493
-129.465,46.083,359.764,682514
-129.850,45.981,358.231,682535
-130.227,46.043,356.698,682556
-130.161,46.075,355.508,682577
-130.440,45.959,354.071,682598
-130.703,45.991,352.651,682619
-130.325,45.866,351.708,682640
-130.298,45.636,350.518,682661
-129.859,45.303,349.611,682682
-129.295,45.222,348.788,682703
-129.225,45.244,347.634,682724
-128.684,45.282,346.806,682745
-128.175,45.346,345.964,682766
-128.215,45.429,344.735,682787
-127.819,45.607,343.837,682808
-127.933,45.794,342.550,682829
-127.668,46.063,341.556,682850
-127.582,45.966,340.431,682871
-127.216,46.017,339.544,682892
-126.833,46.055,338.659,682913
-126.569,45.963,337.730,682934
-126.265,46.186,336.829,682955
-126.466,46.287,335.585,682976
-126.617,46.579,334.413,682997
-126.713,46.883,333.283,683018
-126.753,46.742,332.203,683039
-127.020,46.892,330.994,683060
-126.977,47.109,330.009,683081
-126.887,47.295,329.079,683102
-126.991,47.141,328.035,683123
-127.303,47.271,326.869,683144
-127.289,47.422,325.939,683165
-127.400,47.223,324.926,683186
-127.453,46.989,323.968,683207
-127.712,47.084,322.825,683228
-127.912,46.905,321.701,683249
-127.899,46.610,320.730,683270
-127.700,46.340,319.875,683291
-127.518,46.024,319.032,683312
-127.297,45.975,318.189,683333
-127.053,45.789,317.362,683354
-126.899,45.700,316.469,683375
-126.821,45.719,315.499,683396
-126.988,45.386,314.359,683417
-126.880,45.407,313.397,683438
-126.902,45.521,312.330,683459
-127.209,45.529,311.033,683480
-127.079,45.547,310.059,683501
-127.108,45.264,308.978,683522
-126.923,45.241,308.014,683543
-126.960,44.945,306.902,683564
-126.982,45.053,305.792,683585
-126.727,44.862,304.882,683606
-126.818,44.668,303.723,683627
-126.924,44.525,302.549,683648
-127.185,44.654,301.255,683669
-126.943,44.765,300.326,683690
-127.162,44.963,299.076,683711
-126.990,45.226,298.111,683732
-126.638,45.384,297.275,683753
-126.255,45.435,296.442,683774
-126.430,45.577,295.237,683795
-126.534,45.594,294.042,683816
-126.694,45.646,292.829,683837
-126.429,45.698,291.902,683858
-126.404,46.018,290.797,683879
-126.525,46.336,289.564,683900
-126.351,46.379,288.559,683921
-126.252,46.435,287.470,683942
-126.197,46.501,286.358,683963
-126.674,46.681,284.903,683984
-127.096,46.649,283.473,684005
-127.160,46.487,282.315,684026
-127.435,46.319,280.997,684047
-127.853,46.395,279.579,684068
-128.140,46.196,278.264,684089
-127.934,46.137,277.314,684110
-127.732,45.879,276.367,684131
-127.607,45.901,275.369,684152
-127.480,45.914,274.359,684173
-127.592,46.024,273.188,684194
-127.620,45.719,272.068,684215
-127.884,45.589,270.770,684236
-128.085,45.362,269.530,684257
-127.874,45.044,268.596,684278
-128.080,44.837,267.354,684299
-128.311,44.836,266.124,684320
-128.055,44.637,265.266,684341
-128.209,44.812,264.104,684362
-127.922,44.745,263.261,684383
-127.703,44.625,262.385,684404
-127.536,44.859,261.457,684425
-127.563,45.209,260.378,684446
-127.647,45.200,259.264,684467
-127.850,45.277,258.052,684488
-127.607,45.279,257.195,684509
-127.316,45.426,256.340,684530
-127.481,45.758,255.157,684551
-127.580,46.135,253.974,684572
-127.617,46.512,252.819,684593
-127.378,46.837,251.887,684614
-127.520,47.042,250.641,684635
-127.600,47.332,249.426,684656
-127.503,47.235,248.330,684677
-127.301,47.086,247.315,684698
-127.125,46.906,246.300,684719
-126.710,46.974,245.431,684740
-126.257,46.880,244.551,684761
-125.803,46.894,243.654,684782
-125.823,46.937,242.410,684803
-125.470,47.057,241.423,684824
-125.252,47.191,240.337,684845
-125.177,46.922,239.120,684866
-124.862,46.664,238.051,684887
-125.013,46.525,236.660,684908
-124.654,46.300,235.609,684929
-124.308,46.057,234.544,684950
-124.013,46.104,233.392,684971
-124.126,46.042,231.955,684992
-123.774,46.156,230.824,685013
-123.587,45.945,229.534,685034
-123.663,46.048,228.019,685055
-123.711,46.019,226.495,685076
-123.518,45.830,225.126,685097
-123.080,45.795,223.895,685118
-122.615,45.760,222.614,685139
-122.153,45.731,221.290,685160
-121.678,45.734,219.921,685181
-121.252,45.895,218.461,685202
-120.983,46.240,216.885,685223
-120.980,46.532,215.081,685244
-120.751,46.443,213.402,685265
-120.399,46.357,211.832,685286
-120.296,46.426,210.036,685307
-120.171,46.428,208.232,685328
-119.934,46.343,206.473,685349
-119.317,46.369,204.949,685370
-118.908,46.659,203.250,685391
-118.414,46.882,201.611,685412
-118.376,47.112,199.653,685433
-117.966,47.247,197.965,685454
-117.979,47.199,195.999,685475
-118.037,47.160,194.039,685496
-117.963,46.869,191.979,685517
-117.710,46.807,189.948,685538
-117.901,46.540,187.642,685559
-118.251,46.485,185.246,685580
-118.651,46.502,182.863,685601
-118.575,46.404,180.871,685622
-118.616,46.458,178.822,685643
-119.144,46.429,176.420,685664
-119.225,46.336,174.366,685685
-119.397,46.189,172.256,685706
-119.549,46.077,170.188,685727
-120.108,45.946,167.870,685748
-121.257,46.787,166.896,685769
-122.241,47.811,165.904,685790
-123.647,48.651,164.566,685811
-124.989,49.558,163.206,685832
-126.327,50.400,161.816,685853
-127.677,51.198,160.394,685874
-129.038,51.840,158.949,685895
-130.354,52.312,157.494,685916
-131.436,52.629,156.210,685937
-132.290,52.878,155.110,685958
-133.198,53.058,153.946,685979
-133.878,53.185,152.963,686000
-134.755,53.622,151.827,686021
-135.630,53.988,150.683,686042
-136.005,54.079,149.954,686063
-136.855,53.958,148.813,686084
-137.000,53.850,148.215,686105
-137.509,53.488,147.347,686126
-137.816,53.381,146.620,686147
-137.620,53.035,146.309,686168
-137.893,52.779,145.616,686189
-137.619,52.479,145.385,686210
-137.761,52.111,144.798,686231
-137.452,51.474,144.578,686252
-137.207,50.886,144.308,686273
-137.072,50.444,143.956,686294
-136.784,49.908,143.709,686315
-136.056,49.316,143.799,686336
-135.230,48.766,143.921,686357
-134.402,48.546,144.034,686378
-133.439,48.191,144.252,686399
-132.952,48.084,144.084,686420
-132.192,48.076,144.151,686441
-131.418,48.124,144.238,686462
-130.711,47.822,144.276,686483
-130.745,48.347,144.007,686504
-130.964,48.753,143.614,686525
-130.868,49.336,143.466,686546
-130.504,49.561,143.538,686567
-130.573,49.807,143.300,686588
-130.256,50.229,143.339,686609
-130.042,50.763,143.259,686630
-129.781,50.960,143.157,686651
-129.953,51.240,142.704,686672
-129.903,51.352,142.400,686693
-130.018,51.763,141.952,686714
-129.928,51.757,141.624,686735
-129.461,51.783,141.593,686756
-129.035,51.632,141.493,686777
-129.035,51.799,141.040,686798
-129.041,51.940,140.533,686819
-128.533,51.748,140.405,686840
-128.564,51.763,139.829,686861
-128.643,51.728,139.171,686882
-128.818,51.560,138.384,686903
-128.826,51.149,137.704,686924
-128.553,50.631,137.199,686945
-128.115,50.351,136.756,686966
-127.682,49.847,136.281,686987
-127.186,49.282,135.817,687008
-127.105,48.688,134.996,687029
-126.652,48.300,134.394,687050
-126.123,47.604,133.840,687071
-125.925,46.937,133.027,687092
-125.701,46.281,132.213,687113
-125.519,45.795,131.340,687134
-124.814,45.252,130.814,687155
-124.193,44.970,130.223,687176
-124.008,44.787,129.320,687197
-123.845,44.701,128.380,687218
-123.391,44.325,127.631,687239
-122.997,44.072,126.810,687260
-123.132,44.145,125.621,687281
-123.239,44.376,124.440,687302
-123.461,44.439,123.167,687323
-123.437,44.376,122.052,687344
-123.258,44.642,121.036,687365
-123.280,45.081,119.877,687386
-123.143,45.312,118.807,687407
-123.475,45.480,117.408,687428
-123.466,45.860,116.255,687449
-123.823,46.280,114.833,687470
-124.246,46.580,113.371,687491
-124.634,46.720,111.931,687512
-124.869,46.756,110.574,687533
-125.352,46.946,109.037,687554
-125.393,47.030,107.781,687575
-125.547,47.329,106.434,687596
-125.646,47.478,105.134,687617
-125.848,47.739,103.759,687638
-125.991,47.859,102.419,687659
-126.265,47.677,100.996,687680
-126.527,47.489,99.555,687701
-127.029,47.383,97.951,687722
-127.467,47.516,96.379,687743
-127.920,47.455,94.787,687764
-127.905,47.518,93.530,687785
-128.324,47.484,91.970,687806
-128.499,47.188,90.589,687828
-128.805,46.929,89.116,687849
-129.079,46.992,87.664,687870
-129.232,46.675,86.285,687891
-129.292,46.352,84.954,687912
-129.176,46.053,83.752,687933
-128.947,45.770,82.618,687954
-128.639,45.665,81.528,687975
-128.375,45.714,80.382,687996
-128.104,45.799,79.230,688017
-127.885,45.893,78.034,688038
-127.777,45.633,76.752,688059
-127.607,45.782,75.531,688080
-127.136,45.765,74.529,688101
-127.174,45.719,73.137,688122
-127.224,45.758,71.738,688143
-127.144,45.620,70.435,688164
-126.758,45.724,69.364,688185
-126.694,45.998,68.052,688206
-126.854,46.088,66.566,688227
-126.524,46.228,65.436,688248
-126.209,46.166,64.312,688269
-126.264,46.219,62.929,688290
-126.415,46.348,61.426,688311
-126.299,46.312,60.123,688332
-126.057,46.280,58.910,688353
-125.830,46.243,57.679,688374
-125.580,46.493,56.460,688395
-125.704,46.514,54.958,688416
-125.822,46.821,53.452,688437
-125.671,46.670,52.134,688458
-125.866,46.863,50.592,688479
-125.983,47.144,49.127,688500
-126.223,47.149,47.571,688521
-126.481,47.085,46.018,688542
-126.629,46.907,44.544,688563
-126.525,46.977,43.253,688584
-126.920,46.273,42.844,688605
-127.757,45.614,42.106,688626
-128.418,44.898,41.494,688647
-129.031,44.262,40.926,688668
-129.664,43.748,40.336,688689
-129.827,43.457,40.063,688710
-130.157,43.380,39.692,688731
-130.220,43.124,39.493,688752
-130.251,43.063,39.307,688773
-130.223,43.109,39.160,688794
-130.156,43.290,39.011,688815
-130.326,43.539,38.713,688836
-129.944,43.736,38.776,688857
-129.878,43.805,38.618,688878
-129.627,44.261,38.573,688899
-129.499,44.693,38.451,688920
-129.110,44.835,38.502,688941
-128.443,45.267,38.737,688962
-128.206,45.711,38.660,688983
-127.495,46.210,38.883,689004
-127.258,46.117,39.118,689025
-126.714,46.322,39.514,689046
-126.100,46.296,39.937,689067
-125.595,46.560,40.241,689088
-125.387,46.896,40.312,689109
-125.267,46.868,40.305,689130
-125.181,46.907,40.235,689151
-124.620,46.842,40.474,689172
-124.116,46.650,40.640,689193
-123.572,46.433,40.810,689214
-123.064,46.487,40.931,689235
-122.426,46.281,41.121,689256
-121.824,46.264,41.234,689277
-121.657,46.209,41.005,689298
-121.460,46.047,40.765,689319
-121.293,45.944,40.469,689340
-121.093,45.715,40.192,689361
-121.019,45.642,39.767,689382
-120.700,45.690,39.454,689403
-120.275,45.561,39.190,689424
-119.929,45.412,38.819,689445
-120.152,45.406,38.027,689466
-120.223,45.478,37.317,689487
-120.469,45.595,36.412,689508
-120.789,45.732,35.480,689529
-121.242,45.523,34.392,689550
-121.844,45.445,33.184,689571
-122.089,45.289,32.213,689592
-122.303,45.266,31.224,689613
-122.754,45.160,30.083,689634
-122.979,45.201,29.085,689655
-123.331,45.480,27.964,689676
-124.134,45.760,26.530,689697
-124.471,45.879,25.423,689718
-125.360,46.032,23.913,689739
-126.158,46.320,22.435,689760
-126.824,46.221,21.072,689781
-127.408,46.096,19.759,689802
-127.709,46.237,18.634,689823
-128.052,46.429,17.497,689844
-128.405,46.650,16.344,689865
-129.168,46.627,14.908,689886
-129.836,46.926,13.524,689907
-130.605,47.047,12.089,689928
-131.303,47.186,10.741,689949
-131.767,47.077,9.567,689970
-132.085,46.914,8.491,689991
-131.977,47.006,7.744,690012
-131.784,47.077,7.053,690033
-131.504,47.009,6.421,690054
-131.169,47.031,5.840,690075
-131.072,47.229,5.057,690096
-131.154,47.127,4.159,690117
-130.796,46.872,3.572,690138
-130.489,46.954,2.955,690159
-130.464,46.724,2.112,690180
-130.235,46.403,1.404,690201
-129.703,46.331,0.921,690222
-129.149,46.284,0.459,690243
-128.566,46.268,0.019,690264
-127.958,46.231,359.613,690285
-127.445,46.310,359.140,690306
-127.181,46.072,358.507,690327
-127.045,45.940,357.774,690348
-126.617,45.695,357.239,690369
-126.545,45.691,356.436,690390
-125.982,45.633,355.983,690411
-125.756,45.439,355.301,690432
-125.727,45.534,354.446,690453
-125.393,45.693,353.798,690474
-125.446,45.703,352.841,690495
-125.525,45.724,351.890,690516
-125.545,45.610,350.982,690537
-125.430,45.831,350.129,690558
-125.412,45.628,349.203,690579
-125.061,45.576,348.491,690600
-124.842,45.705,347.676,690621
-124.915,45.519,346.656,690642
-124.623,45.362,345.890,690663
-124.384,45.173,345.088,690684
-124.628,45.324,343.957,690705
-124.697,45.107,342.957,690726
-124.816,45.324,341.901,690747
-125.171,45.315,340.686,690768
-125.109,45.452,339.744,690789
-125.448,45.698,338.504,690810
-125.430,45.579,337.491,690831
-125.523,45.871,336.392,690852
-125.402,46.032,335.452,690873
-125.727,46.019,334.205,690894
-126.059,46.248,332.924,690915
-126.411,46.310,331.638,690936
-126.284,46.398,330.731,690957
-126.556,46.287,329.516,690978
-126.685,46.137,328.395,690999
-126.567,46.100,327.397,691020
-126.664,45.950,326.220,691041
-126.457,46.014,325.227,691062
-126.207,46.052,324.254,691083
-126.202,46.307,323.079,691104
-126.326,46.207,321.811,691125
-126.410,46.062,320.578,691146
-126.525,45.937,319.292,691167
-126.686,45.953,317.966,691188
-126.337,45.719,316.967,691209
-126.050,45.451,315.916,691230
-125.701,45.401,314.873,691251
-125.455,45.551,313.770,691272
-125.092,45.568,312.749,691293
-124.810,45.687,311.656,691314
-124.908,45.561,310.267,691335
-124.718,45.709,309.095,691356
-124.827,45.580,307.716,691377
-124.975,45.550,306.293,691398
-125.016,45.378,304.919,691419
-124.682,45.264,303.797,691440
-124.398,45.081,302.635,691461
-124.450,45.050,301.208,691482
-124.243,45.273,299.956,691503
-123.991,45.450,298.736,691524
-123.857,45.232,297.434,691545
-123.837,45.088,296.061,691566
-123.734,44.890,294.759,691587
-123.947,44.945,293.258,691608
-123.732,44.780,292.041,691629
-123.815,44.632,290.617,691650
-123.991,44.615,289.156,691671
-123.777,44.762,287.953,691692
-123.503,44.841,286.814,691713
-122.448,44.994,286.672,691734
-121.009,45.155,286.752,691755
-119.668,45.331,286.741,691776
-118.981,45.569,286.262,691797
-117.915,45.646,286.010,691818
-117.505,45.877,285.285,691839
-117.175,46.008,284.471,691860
-116.492,45.954,283.877,691881
-116.235,45.890,282.991,691902
-116.130,46.236,281.986,691923
-115.952,46.588,281.031,691944
-116.175,46.752,279.803,691965
-116.382,46.741,278.585,691986
-116.712,46.740,277.307,692007
-116.723,46.862,276.233,692028
-117.087,47.136,274.880,692049
-117.488,46.913,273.502,692070
-118.252,46.788,271.844,692091
-118.761,46.844,270.323,692112
-119.292,46.775,268.779,692133
-119.960,46.707,267.085,692154
-121.141,46.568,264.989,692175
-122.106,46.099,263.001,692196
-123.025,45.618,261.005,692217
-123.706,45.245,259.144,692238
-124.873,44.995,256.910,692259
-125.984,44.859,254.683,692280
-126.588,44.649,252.769,692301
-127.197,44.487,250.819,692322
-128.161,44.141,248.585,692343
-129.044,43.717,246.346,692364
-129.873,43.267,244.087,692385
-130.289,42.800,242.053,692406
-131.598,41.950,240.823,692427
-132.664,41.032,239.654,692448
-133.272,40.182,238.718,692469
-133.626,39.575,237.881,692490
-133.986,39.473,236.999,692511
-134.385,39.503,236.049,692532
-134.654,39.607,235.127,692553
-134.402,39.912,234.518,692574
-134.335,40.154,233.777,692595
-134.149,40.467,233.055,692616
-133.606,40.715,232.559,692637
-133.200,41.457,231.964,692658
-132.745,42.282,231.381,692679
-131.929,43.100,231.041,692700
-130.966,43.806,230.790,692721
-129.973,44.449,230.543,692742
-129.333,45.367,230.042,692763
-128.765,45.962,229.475,692784
-127.711,46.551,229.247,692805
-126.653,47.246,229.012,692826
-125.635,47.649,228.729,692847
-124.672,48.269,228.431,692868
-123.968,48.483,227.959,692889
-123.084,48.839,227.603,692910
-122.651,48.894,226.872,692931
-122.442,49.201,225.972,692952
-121.921,49.444,225.298,692973
-121.783,49.341,224.341,692994
-121.721,49.300,223.340,693015
-121.473,49.047,222.484,693036
-120.962,48.983,221.815,693058
-120.566,48.621,221.068,693079
-120.098,48.425,220.421,693100
-119.676,48.276,219.719,693121
-119.719,48.198,218.640,693142
-119.873,47.931,217.489,693163
-120.086,47.668,216.266,693184
-120.372,47.366,215.027,693205
-120.412,46.827,213.969,693226
-120.735,46.599,212.724,693247
-121.030,46.160,211.536,693268
-120.976,45.799,210.590,693289
-120.981,45.421,209.623,693310
-121.441,45.325,208.364,693331
-121.965,45.215,207.074,693352
-122.291,45.170,205.930,693373
-122.784,45.135,204.693,693394
-122.899,44.786,203.750,693415
-123.215,44.471,202.672,693436
-123.282,44.424,201.769,693457
-123.407,44.507,200.818,693478
-123.488,44.545,199.880,693499
-123.658,44.711,198.875,693520
-124.249,44.738,197.566,693541
-124.809,44.877,196.269,693562
-125.376,44.910,194.976,693583
-125.741,44.792,193.861,693604
-125.775,44.742,192.952,693625
-126.281,44.994,191.687,693646
-126.263,45.182,190.767,693667
-126.346,45.531,189.798,693688
-126.224,45.603,189.014,693709
-126.112,45.809,188.199,693730
-126.414,46.127,187.102,693751
-126.703,46.162,186.009,693772
-127.022,46.305,184.892,693793
-126.826,46.300,184.147,693814
-126.692,46.269,183.344,693835
-126.457,46.248,182.619,693856
-126.180,46.478,181.949,693877
-125.891,46.508,181.293,693898
-126.059,46.780,180.347,693919
-125.706,46.811,179.761,693940
-125.514,47.135,179.089,693961
-125.642,47.185,178.147,693982
-125.689,47.194,177.257,694003
-125.731,47.163,176.334,694024
-125.416,47.378,175.667,694045
-125.532,47.360,174.698,694066
-125.762,47.436,173.622,694087
-125.902,47.671,172.598,694108
-125.673,47.728,171.817,694129
-125.476,47.565,171.009,694150
-125.744,47.604,169.877,694171
-125.797,47.763,168.881,694192
-126.062,47.797,167.713,694213
-126.299,47.911,166.523,694234
-126.370,47.645,165.468,694255
-126.338,47.398,164.502,694276
-126.275,47.326,163.531,694297
-126.291,47.360,162.481,694318
-126.849,47.352,161.009,694339
-126.859,47.353,159.914,694360
-127.199,47.465,158.532,694381
-127.425,47.122,157.235,694402
-127.826,46.929,155.777,694423
-127.977,46.613,154.460,694444
-128.064,46.734,153.162,694465
-129.442,47.017,150.986,694486
-130.632,47.473,148.939,694507
-131.960,47.763,146.750,694528
-133.022,48.192,144.726,694549
-133.925,48.555,142.808,694570
-134.818,48.498,140.872,694591
-135.608,48.422,138.963,694612
-136.519,48.030,137.656,694633
-137.394,48.081,136.299,694654
-138.016,47.795,135.091,694675
-138.567,47.579,133.877,694696
-138.765,47.475,132.855,694717
-138.928,47.379,131.835,694738
-139.383,47.695,130.561,694759
-139.896,47.933,129.235,694780
-140.134,48.331,128.079,694801
-139.842,48.608,127.290,694822
-139.973,48.847,126.129,694843
-138.227,49.216,127.763,694864
-136.282,49.550,129.394,694885
-135.869,50.106,129.454,694906
-135.018,50.680,129.787,694927
-134.472,51.270,129.809,694948
-133.650,51.791,129.986,694969
-132.970,51.989,130.007,694990
-132.451,52.165,129.876,695011
-132.124,52.338,129.551,695032
-131.983,52.557,129.051,695053
-131.406,52.704,128.842,695074
-130.923,52.800,128.529,695095
-130.557,53.128,128.082,695116
-130.709,53.385,127.221,695137
-130.466,53.664,126.651,695158
-130.043,53.807,126.247,695179
-130.122,54.029,125.427,695200
-130.033,54.203,124.772,695221
-130.102,53.954,123.982,695242
-130.309,53.693,123.076,695263
-130.069,53.486,122.513,695284
-129.862,53.184,121.932,695305
-129.948,52.716,121.102,695326
-130.098,52.630,120.215,695347
-130.659,52.354,118.991,695368
-131.088,51.939,117.871,695389
-131.547,51.870,116.733,695410
-131.741,51.369,115.805,695431
-132.266,50.968,114.603,695452
-132.471,50.639,113.818,695473
-132.178,50.330,113.472,695494
-131.946,50.046,113.143,695515
-131.941,49.933,112.661,695536
-132.004,49.401,112.170,695557
-132.323,49.295,111.531,695578
-132.285,49.061,111.233,695599
-132.707,48.685,110.602,695620
-132.972,48.226,110.134,695641
-133.299,48.037,109.650,695662
-133.190,47.577,109.516,695683
-132.963,47.331,109.479,695704
-133.127,47.388,109.161,695725
-132.874,47.182,109.162,695746
-132.874,47.266,108.997,695767
-132.789,46.992,108.886,695788
-133.051,47.053,108.553,695809
-133.290,47.245,108.264,695830
-133.046,47.283,108.301,695851
-132.752,47.201,108.401,695872
-132.926,47.183,108.161,695893
-132.532,47.323,108.312,695914
-132.085,47.465,108.518,695935
-132.133,47.634,108.343,695956
-132.119,47.942,108.206,695977
-132.035,48.076,108.097,695998
-131.421,48.111,108.362,696019
-131.333,48.321,108.212,696040
-130.965,48.690,108.241,696062
-130.301,48.709,108.502,696083
-129.681,48.664,108.706,696104
-129.132,48.531,108.858,696125
-128.546,48.748,109.041,696146
-127.850,48.850,109.299,696167
-127.186,48.941,109.550,696188
-127.004,48.887,109.423,696209
-126.725,48.629,109.375,696230
-126.024,48.246,109.628,696251
-125.840,47.908,109.474,696272
-125.728,47.587,109.275,696293
-125.231,47.107,109.352,696314
-124.702,46.863,109.443,696335
-124.684,46.752,109.183,696356
-124.276,46.488,109.212,696377
-123.969,46.380,109.170,696398
-124.111,46.122,108.809,696419
-124.364,45.980,108.367,696440
-124.210,45.698,108.213,696461
-124.337,45.496,107.835,696482
-124.102,45.434,107.722,696503
-124.387,45.434,107.218,696524
-124.424,45.683,106.922,696545
-124.675,45.914,106.454,696566
-124.674,45.732,106.161,696587
-125.002,45.920,105.624,696608
-125.274,46.151,105.146,696629
-125.626,46.028,104.610,696650
-125.931,45.871,104.116,696671
-125.886,45.694,103.904,696692
-126.241,45.714,103.412,696713
-126.381,45.936,103.082,696734
-126.363,45.727,102.840,696755
-126.380,45.918,102.582,696776
-126.557,46.149,102.221,696797
-126.696,46.378,101.876,696818
-126.691,46.585,101.624,696839
-126.820,46.838,101.276,696860
-127.021,46.681,100.863,696881
-126.992,46.561,100.624,696902
-126.931,46.488,100.406,696923
-127.409,46.526,99.804,696944
-127.785,46.774,99.301,696965
-127.794,46.934,99.050,696986
-128.157,46.934,98.560,697007
-128.578,47.198,98.051,697028
-128.926,47.261,97.592,697049
-128.816,47.166,97.472,697070
-128.597,47.094,97.438,697091
-128.462,46.985,97.355,697112
-128.386,46.867,97.242,697133
-128.044,46.755,97.312,697154
-127.657,46.878,97.419,697175
-127.654,47.107,97.237,697196
-127.634,47.285,97.061,697217
-127.567,47.436,96.922,697238
-127.705,47.495,96.589,697259
-127.590,47.577,96.433,697280
-127.690,47.307,96.120,697301
-127.424,47.099,96.085,697322
-127.237,46.810,95.993,697343
-127.225,46.873,95.764,697364
-127.007,46.613,95.682,697385
-127.255,46.542,95.259,697406
-127.311,46.646,94.968,697427
-127.445,46.437,94.654,697448
-127.636,46.496,94.307,697469
-127.448,46.226,94.224,697490
-127.363,45.951,94.048,697511
-127.485,45.998,93.692,697532
-127.117,45.788,93.669,697553
-126.905,45.966,93.500,697575
-127.064,46.076,93.055,697596
-126.900,45.855,92.819,697617
-126.844,46.073,92.480,697638
-126.669,46.216,92.221,697659
-126.673,46.488,91.781,697680
-126.528,46.538,91.451,697701
-126.788,46.531,90.819,697722
-126.710,46.623,90.441,697743
-126.689,46.900,90.014,697764
-126.670,47.040,89.595,697785
-127.202,47.144,88.774,697806
-127.624,47.527,88.025,697827
-128.214,47.861,87.188,697848
-128.742,48.222,86.380,697869
-129.284,48.246,85.587,697890
-129.555,48.570,84.998,697911
-130.221,48.628,84.091,697932
-131.008,48.807,83.119,697953
-131.562,49.232,82.296,697974
-132.454,49.548,81.234,697995
-133.292,49.752,80.196,698016
-133.609,49.865,79.577,698037
-133.878,50.056,78.990,698058
-134.431,50.049,78.215,698079
-135.209,50.160,77.286,698100
-135.610,50.126,76.660,698121
-136.226,50.176,75.872,698142
-136.271,50.194,75.539,698163
-136.472,50.450,75.093,698184
-136.642,50.693,74.674,698205
-136.858,50.921,74.193,698226
-137.201,51.083,73.628,698247
-137.216,50.819,73.299,698268
-137.276,50.921,72.954,698289
-137.477,50.975,72.504,698310
-137.095,50.778,72.502,698331
-136.791,50.460,72.450,698352
-136.436,50.138,72.431,698373
-136.576,50.168,72.069,698394
-136.550,49.791,71.833,698415
-136.831,49.671,71.346,698436
-136.974,49.361,70.924,698457
-136.732,49.285,70.832,698478
-136.920,49.241,70.391,698499
-136.916,49.274,70.089,698520
-137.168,49.152,69.592,698541
-137.072,48.865,69.417,698562
-136.776,48.726,69.415,698583
-137.007,48.621,69.027,698604
-136.846,48.750,68.958,698625
-137.075,49.009,68.586,698646
-136.928,49.161,68.484,698667
-137.300,49.269,67.962,698688
-137.239,49.539,67.757,698709
-136.938,49.606,67.715,698730
-136.722,49.511,67.585,698751
-136.380,49.630,67.541,698772
-135.984,49.642,67.500,698793
-135.843,49.901,67.228,698814
-135.395,49.763,67.150,698835
-135.409,49.755,66.701,698857
-135.277,49.647,66.337,698878
-134.691,49.459,66.263,698899
-134.034,49.538,66.229,698920
-133.333,49.324,66.218,698941
-132.811,49.084,66.051,698962
-132.278,48.825,65.863,698983
-131.331,48.752,65.970,699004
-130.819,48.492,65.726,699025
-130.410,48.374,65.407,699046
-130.016,48.264,65.052,699067
-129.615,48.053,64.645,699088
-128.701,47.915,64.587,699109
-127.811,47.515,64.485,699130
-126.863,47.101,64.404,699151
-125.916,46.917,64.302,699172
-125.350,46.860,63.894,699193
-124.737,46.796,63.519,699214
-124.253,46.535,63.010,699235
-123.778,46.314,62.512,699256
-123.347,46.141,61.955,699277
-122.472,45.758,61.712,699298
-121.630,45.626,61.411,699319
-121.188,45.653,60.790,699340
-120.437,45.432,60.339,699361
-119.757,45.100,59.765,699382
-120.106,45.330,57.843,699403
-120.493,45.640,55.862,699424
-121.249,45.771,53.596,699445
-121.949,45.830,51.352,699466
-122.526,45.833,49.187,699487
-122.939,46.042,47.140,699508
-123.118,45.841,45.221,699529
-122.902,45.947,43.578,699550
-122.567,46.042,42.003,699571
-122.404,46.288,40.328,699592
-122.204,46.499,38.614,699613
-122.042,46.298,36.890,699634
-122.163,46.313,34.954,699655
-120.473,46.436,34.891,699676
-119.244,46.668,34.516,699697
-118.205,46.886,33.988,699718
-116.986,47.169,33.582,699739
-116.199,47.198,32.853,699760
-115.081,47.375,32.362,699781
-114.153,47.547,31.675,699802
-113.792,47.741,30.574,699823
-113.572,47.956,29.356,699844
-112.977,48.229,28.399,699865
-112.737,48.282,27.185,699886
-112.961,48.509,25.597,699907
-113.328,48.726,23.867,699928
-113.864,49.061,21.967,699949
-114.051,49.154,20.287,699970
-114.358,49.346,18.462,699991
-115.177,49.287,16.211,700012
-116.340,50.463,15.968,700033
-117.600,51.561,15.430,700054
-119.275,52.241,14.370,700075
-120.916,52.685,13.193,700096
-122.533,52.938,11.916,700117
-123.698,53.215,10.900,700138
-125.254,53.124,9.474,700159
-126.278,53.011,8.363,700180
-127.547,52.915,6.973,700201
-128.610,52.625,5.633,700222
-129.911,52.296,3.998,700243
-131.236,51.796,2.317,700264
-132.483,51.151,0.629,700285
-133.511,50.382,359.057,700306
-134.282,49.452,357.634,700327
-134.973,48.524,356.220,700348
-135.462,47.585,354.900,700369
-135.530,46.848,353.859,700390
-135.511,45.999,352.835,700411
-135.688,45.181,351.632,700432
-135.532,44.765,350.621,700453
-135.577,44.221,349.440,700474
-135.408,43.840,348.597,700495
-135.152,43.388,347.754,700516
-134.772,42.954,346.921,700537
-134.417,42.490,346.005,700558
-133.857,42.124,345.178,700579
-133.230,42.020,344.335,700600
-132.823,41.974,343.394,700621
-132.448,42.219,342.401,700642
-132.185,42.508,341.341,700663
-131.842,42.545,340.312,700684
-131.438,42.761,339.335,700705
-130.850,43.152,338.440,700726
-130.277,43.320,337.521,700747
-129.586,43.439,336.664,700768
-128.418,43.748,336.117,700789
-127.232,44.103,335.555,700810
-126.011,44.463,335.010,700831
-124.858,44.929,334.435,700852
-123.724,45.370,333.838,700873
-122.919,45.761,333.040,700894
-122.189,45.868,332.193,700915
-121.448,45.915,331.338,700936
-120.435,45.878,330.652,700957
-119.777,45.917,329.703,700978
-118.757,45.919,328.985,700999
-118.285,45.921,327.867,701020
-117.409,46.046,327.044,701041
-116.747,46.289,326.075,701062
-116.626,46.364,324.735,701083
-116.176,46.371,323.665,701104
-115.978,46.644,322.436,701125
-115.728,46.597,321.242,701146
-115.864,46.487,319.756,701167
-116.206,46.523,318.121,701188
-116.388,46.420,316.612,701209
-116.773,46.693,314.966,701230
-117.286,46.832,313.244,701251
-117.487,47.017,311.754,701272
-117.954,47.263,310.088,701293
-118.692,47.292,308.272,701314
-119.476,47.233,306.407,701335
-120.179,47.042,304.617,701356
-120.825,46.734,302.870,701377
-121.463,46.437,301.128,701398
-122.165,46.457,299.348,701419
-122.576,46.436,297.787,701440
-123.006,46.398,296.195,701461
-123.402,46.335,294.651,701482
-123.763,46.204,293.157,701503
-124.212,46.153,291.628,701524
-124.927,45.813,289.917,701545
-125.557,45.459,288.284,701566
-126.062,45.136,286.770,701587
-126.460,44.872,285.364,701608
-126.966,45.012,283.896,701629
-127.285,45.141,282.588,701650
-127.756,45.383,281.180,701671
-128.382,45.407,279.663,701692
-128.931,45.401,278.225,701713
-129.456,45.447,276.803,701734
-129.528,45.448,275.710,701755
-129.492,45.482,274.706,701776
-129.929,45.658,273.363,701797
-129.971,45.976,272.295,701818
-129.817,46.119,271.377,701839
-129.845,46.482,270.336,701860
-130.127,46.653,269.098,701881
-129.891,47.032,268.231,701902
-129.456,47.306,267.518,701923
-129.321,47.397,266.584,701944
-128.932,47.449,265.835,701965
-128.582,47.475,265.009,701986
-128.022,47.650,264.344,702007
-127.564,47.543,263.595,702028
-127.144,47.831,262.794,702049
-126.776,48.077,261.913,702070
-126.244,48.304,261.076,702091
-125.857,48.201,260.077,702112
-125.456,48.120,259.006,702133
-124.809,47.774,258.082,702154
-123.950,47.373,257.269,702175
-123.054,46.960,256.440,702196
-122.147,46.761,255.543,702217
-121.294,46.693,254.545,702238
-120.349,46.518,253.525,702259
-119.724,46.205,252.233,702280
-118.972,46.323,250.990,702301
-118.187,46.399,249.732,702322
-117.307,46.287,248.501,702343
-116.580,45.986,247.147,702364
-115.708,46.011,245.869,702385
-114.854,45.835,244.531,702406
-114.085,45.670,243.116,702427
-113.415,45.525,241.614,702448
-113.148,45.773,239.808,702469
-112.894,46.162,237.983,702490
-112.466,46.568,236.303,702511
-112.530,46.843,234.275,702532
-112.719,47.148,232.160,702553
-112.983,47.346,229.995,702574
-112.992,47.563,228.032,702595
-113.514,48.072,225.693,702616
-114.012,48.216,223.412,702637
-114.272,48.440,221.325,702658
-114.606,48.688,219.219,702679
-115.461,48.859,216.759,702700
-116.300,48.976,214.360,702721
-117.146,48.984,211.990,702742
-118.008,48.946,209.646,702763
-119.056,48.973,207.203,702784
-120.199,49.043,204.691,702805
-121.379,49.088,202.139,702826
-122.452,48.765,199.661,702847
-123.176,48.440,197.492,702868
-124.302,48.079,195.053,702889
-125.422,47.758,192.605,702910
-126.365,47.194,190.353,702931
-127.238,46.627,188.186,702952
-128.050,46.183,186.110,702973
-128.377,45.708,184.412,702994
-128.626,45.220,182.763,703015
-129.073,44.465,181.018,703036
-129.311,44.105,179.402,703057
-129.542,43.778,177.820,703078
-130.668,43.830,176.157,703099
-131.848,43.793,174.351,703120
-132.950,43.785,172.586,703141
-133.820,43.673,170.962,703162
-134.658,43.780,169.346,703183
-135.367,44.041,167.822,703204
-135.951,44.099,166.347,703225
-136.042,44.381,165.188,703246
-136.081,44.732,164.001,703267
-136.035,45.130,162.850,703288
-135.912,45.248,161.743,703309
-135.618,45.717,160.758,703330
-135.169,45.982,159.856,703351
-134.709,46.206,158.956,703372
-133.957,46.528,158.228,703393
-134.574,46.495,157.535,703414
-135.118,46.729,156.782,703435
-135.149,46.656,156.337,703456
-134.992,46.888,156.001,703477
-134.794,47.172,155.590,703498
-134.640,47.306,155.080,703519
-134.372,47.487,154.620,703540
-134.529,47.798,153.803,703561
-134.121,48.049,153.379,703582
-133.618,48.303,153.012,703603
-132.985,48.520,152.762,703624
-132.482,48.900,152.390,703645
-132.005,49.299,151.942,703666
-131.311,49.646,151.643,703687
-130.972,49.886,151.007,703708
-130.395,49.861,150.520,703729
-129.762,49.843,150.035,703750
-128.901,49.743,149.699,703771
-127.852,49.845,149.486,703792
-126.821,49.959,149.235,703813
-126.228,49.871,148.633,703834
-125.257,50.006,148.284,703855
-124.252,50.011,147.928,703876
-123.233,49.940,147.532,703897
-122.213,49.763,147.127,703918
-121.735,49.680,146.300,703939
-120.864,49.341,145.740,703960
-119.852,49.040,145.290,703981
-119.107,48.615,144.605,704002
-118.606,48.595,143.739,704023
-117.766,48.316,143.122,704044
-117.515,47.984,142.049,704065
-117.355,47.668,140.888,704086
-116.858,47.510,139.952,704107
-116.717,47.057,138.768,704128
-116.752,46.674,137.444,704150
-116.520,46.237,136.343,704171
-116.368,45.904,135.160,704192
-116.305,45.697,133.935,704213
-116.770,45.442,132.324,704234
-117.333,45.355,130.622,704255
-117.769,45.427,129.022,704276
-118.489,45.384,127.237,704297
-119.021,45.426,125.575,704318
-119.765,45.072,123.770,704339
-120.547,44.742,121.970,704360
-121.278,44.420,120.197,704381
-121.781,44.477,118.587,704402
-122.612,44.415,116.749,704423
-123.175,44.150,115.110,704444
-123.564,44.098,113.568,704465
-124.327,44.336,111.778,704486
-125.294,44.481,109.874,704507
-126.245,44.510,108.002,704528
-126.992,44.445,106.277,704549
-127.700,44.427,104.556,704570
-128.113,44.734,103.063,704591
-128.534,45.087,101.557,704612
-128.862,45.163,100.130,704633
-129.598,45.503,98.447,704654
-129.814,45.546,97.110,704675
-130.346,45.684,95.578,704696
-130.880,45.968,94.020,704717
-131.034,45.984,92.742,704738
-130.917,46.266,91.637,704759
-130.703,46.557,90.625,704780
-130.687,46.947,89.445,704801
-130.950,47.177,88.075,704822
-131.086,47.513,86.811,704843
-130.778,47.796,85.856,704864
-130.507,47.674,84.858,704885
-130.487,47.755,83.707,704906
-130.011,47.944,82.839,704927
-129.384,47.767,82.075,704948
-128.712,47.802,81.344,704969
-128.052,47.561,80.605,704990
-127.814,47.624,79.543,705011
-127.341,47.803,78.651,705032
-127.034,47.706,77.644,705053
-126.543,47.481,76.726,705074
-126.051,47.258,75.816,705095
-125.439,47.354,74.987,705116
-124.962,47.112,74.048,705137
-124.306,46.922,73.260,705158
-123.683,46.836,72.426,705179
-123.064,46.682,71.574,705200
-122.768,46.820,70.464,705221
-122.649,46.633,69.219,705242
-122.702,46.651,67.843,705263
-122.680,46.783,66.508,705284
-122.841,46.805,65.063,705305
-122.796,46.556,63.778,705326
-122.664,46.673,62.522,705347
-122.497,46.689,61.286,705368
-122.426,46.451,59.973,705389
-122.659,46.194,58.426,705410
-123.026,46.291,56.803,705431
-123.052,46.303,55.410,705452
-123.324,46.006,53.851,705473
-123.813,45.949,52.135,705494
-123.957,46.083,50.659,705515
-124.430,45.976,48.930,705536
-124.588,45.748,47.426,705557
-124.759,45.551,45.896,705578
-124.922,45.352,44.348,705599
-124.985,45.474,42.879,705620
-125.110,45.641,41.341,705641
-125.661,45.659,39.517,705662
-126.137,45.543,37.721,705683
-126.421,45.740,36.051,705704
-126.367,45.625,34.637,705725
-126.499,45.369,33.071,705746
-126.528,45.430,31.564,705767
-126.483,45.421,30.103,705788
-126.453,45.346,28.645,705809
-126.948,45.363,26.809,705830
-127.093,45.163,25.228,705851
-127.391,45.404,23.542,705872
-127.566,45.255,21.942,705893
-127.713,45.101,20.354,705914
-128.019,45.344,18.624,705935
-128.136,45.219,17.049,705956
-127.933,45.273,15.689,705977
-127.650,45.323,14.353,705998
-127.359,45.454,13.049,706019
-127.523,45.581,11.442,706040
-127.503,45.387,9.972,706061
-127.234,45.093,8.675,706082
-127.275,45.004,7.157,706103
-127.191,44.803,5.720,706124
-127.022,44.534,4.341,706145
-126.831,44.279,3.037,706166
-126.181,44.071,2.048,706187
-125.986,43.790,0.764,706208
-125.364,43.618,359.795,706229
-124.745,43.367,358.848,706250
-124.211,42.909,357.829,706271
-124.147,42.770,356.472,706292
-123.947,42.275,355.205,706313
-123.499,41.955,354.101,706334
-123.495,41.525,352.697,706355
-123.539,41.092,351.259,706376
-123.344,40.964,350.006,706397
-123.149,40.690,348.798,706418
-123.236,40.677,347.368,706439
-123.152,40.459,346.065,706460
-123.578,40.333,344.443,706481
-123.720,39.987,343.060,706502
-123.930,39.689,341.659,706523
-124.393,39.851,340.102,706544
-124.930,39.721,338.519,706565
-125.567,39.717,336.879,706586
-126.109,40.066,335.339,706607
-126.320,40.259,334.040,706629
-126.979,40.451,332.520,706650
-127.640,40.781,331.047,706671
-128.260,41.056,329.632,706692
-128.847,41.406,328.279,706713
-129.207,41.592,327.045,706734
-129.400,41.808,325.923,706755
-129.384,42.377,324.924,706776
-129.242,42.879,324.043,706797
-129.321,43.520,323.013,706818
-129.020,44.047,322.252,706839
-128.669,44.535,321.532,706860
-128.310,45.054,320.848,706881
-128.188,45.257,320.019,706902
-127.881,45.358,319.357,706923
-127.835,45.567,318.539,706944
-127.800,45.739,317.746,706965
-127.253,45.917,317.339,706987
-126.883,46.212,316.829,707008
-126.563,46.497,316.263,707029
-126.132,46.734,315.780,707050
-125.695,46.957,315.285,707071
-125.367,46.789,314.699,707092
-124.930,46.519,314.192,707113
-124.697,46.302,313.541,707134
-124.488,46.042,312.840,707155
-123.918,45.915,312.405,707176
-123.364,45.846,311.984,707197
-122.824,45.761,311.546,707218
-122.648,45.786,310.848,707239
-122.212,45.691,310.303,707260
-122.028,45.352,309.588,707281
-121.661,45.292,308.987,707302
-121.350,45.132,308.320,707323
-121.192,44.909,307.548,707344
-121.397,44.840,306.510,707365
-121.260,44.784,305.711,707386
-121.249,45.065,304.804,707407
-121.740,45.351,303.525,707428
-122.264,45.523,302.242,707449
-122.766,45.952,300.936,707470
-123.286,46.022,299.621,707491
-123.539,46.088,298.500,707512
-123.728,46.269,297.418,707533
-124.334,46.314,296.028,707554
-125.034,46.687,294.550,707575
-125.552,46.630,293.200,707596
-126.248,46.900,291.726,707617
-126.953,47.093,290.239,707638
-127.616,47.244,288.787,707659
-127.882,47.042,287.600,707680
-128.427,46.973,286.192,707701
-128.554,47.115,285.098,707722
-128.490,46.940,284.133,707743
-128.316,46.860,283.232,707764
-128.820,47.090,282.252,707785
-129.099,47.355,281.394,707806
-129.525,47.857,280.427,707827
-129.762,48.330,279.565,707848
-130.065,48.790,278.668,707869
-130.347,48.958,277.749,707890
-130.018,48.997,277.262,707911
-129.641,48.981,276.772,707932
-129.260,48.955,276.247,707953
-128.714,48.915,275.786,707974
-127.865,48.957,275.518,707995
-126.869,49.027,275.324,708016
-125.874,49.237,275.097,708037
-125.494,48.684,275.473,708058
-124.643,48.429,276.996,708079
-123.714,48.100,278.402,708100
-122.743,47.770,279.674,708121
-121.679,47.367,280.905,708142
-121.011,47.069,281.764,708163
-119.881,46.546,282.888,708184
-119.000,45.921,283.749,708205
-118.372,45.763,284.398,708226
-117.763,45.645,285.013,708247
-117.057,45.224,285.653,708268
-116.543,44.989,286.079,708289
-116.069,44.804,286.420,708310
-115.610,44.627,286.686,708331
-114.742,44.427,287.145,708352
-113.951,44.394,287.484,708373
-113.611,44.236,287.415,708394
-112.973,44.220,287.489,708415
-112.496,44.367,287.388,708436
-112.337,44.654,286.993,708457
-112.423,44.922,286.377,708478
-112.295,45.223,285.888,708499
-112.189,45.488,285.323,708520
-112.578,45.654,284.352,708541
-112.961,45.687,283.315,708562
-113.444,45.778,282.166,708583
-113.524,45.840,281.236,708604
-114.105,45.896,279.902,708625
-114.298,45.989,278.843,708646
-114.923,46.268,277.411,708667
-115.415,46.543,276.037,708688
-116.111,46.835,274.518,708709
-116.980,46.737,272.875,708730
-118.005,46.679,271.090,708751
-118.555,46.657,269.632,708772
-119.189,46.457,268.090,708793
-120.114,46.247,266.327,708814
-121.106,46.360,264.479,708835
-122.163,46.318,262.586,708856
-123.014,46.070,260.827,708877
-123.979,46.016,258.984,708898
-124.512,46.065,257.449,708919
-125.392,45.848,255.635,708940
-126.016,45.993,253.986,708961
-126.605,45.748,252.365,708982
-127.100,45.530,250.816,709003
-127.258,45.529,249.500,709024
-127.461,45.710,248.145,709045
-127.675,45.970,246.779,709066
-128.031,46.260,245.292,709087
-128.174,46.557,243.947,709108
-128.305,46.866,242.586,709129
-128.284,47.177,241.304,709150
-128.257,47.116,240.024,709171
-128.338,47.125,238.627,709192
-128.100,47.086,237.482,709213
-127.664,47.227,236.507,709234
-127.185,47.362,235.572,709255
-126.668,47.464,234.643,709276
-126.113,47.593,233.732,709297
-126.035,47.909,232.465,709318
-125.934,47.868,231.223,709339
-125.683,47.723,230.080,709360
-125.208,47.801,229.111,709381
-125.125,48.004,227.878,709402
-124.900,47.809,226.749,709423
-124.358,47.788,225.896,709444
-123.843,47.712,225.041,709465
-123.611,47.972,223.988,709486
-123.596,47.925,222.815,709507
-123.566,48.169,221.678,709528
-123.262,48.044,220.811,709549
-122.934,47.900,219.980,709570
-122.722,47.757,219.119,709591
-122.508,48.000,218.259,709612
-122.093,48.078,217.589,709633
-121.698,48.024,216.906,709654
-121.484,47.848,216.113,709675
-121.459,47.660,215.201,709696
-121.639,47.723,214.134,709717
-121.834,47.708,213.073,709738
-121.893,47.837,212.143,709759
-121.697,47.916,211.439,709780
-121.651,48.033,210.639,709801
-121.811,47.837,209.690,709822
-121.737,47.945,208.917,709843
-121.657,48.035,208.131,709864
-122.308,48.455,207.667,709885
-123.386,49.127,206.830,709906
-124.509,49.664,205.895,709927
-125.611,50.122,204.932,709948
-126.685,50.489,203.965,709969
-127.147,50.726,203.433,709990
-127.787,51.222,202.743,710011
-128.139,51.410,202.255,710032
-128.403,51.561,201.811,710053
-128.829,51.855,201.191,710074
-129.533,51.884,200.333,710095
-130.161,52.009,199.498,710116
-130.727,51.933,198.645,710137
-131.189,51.748,197.858,710158
-131.313,51.353,197.290,710179
-131.122,51.147,196.923,710200
-130.871,50.744,196.555,710221
-130.725,50.246,196.078,710242
-130.623,50.135,195.543,710263
-130.273,49.882,195.168,710284
-130.266,49.383,194.510,710305
-130.263,48.894,193.801,710326
-130.223,48.391,193.093,710347
-130.303,48.101,192.286,710368
-129.786,47.721,191.859,710389
-129.315,47.239,191.357,710410
-129.279,47.037,190.509,710431
-128.754,46.777,190.049,710452
-128.214,46.640,189.553,710473
-127.888,46.650,188.856,710494
-127.688,46.637,188.035,710515
-127.080,46.630,187.512,710536
-126.785,46.371,186.729,710557
-126.495,46.162,185.909,710578
-125.861,45.946,185.320,710599
-125.765,45.951,184.328,710620
-125.192,45.899,183.625,710641
-124.731,46.044,182.816,710663
-124.738,46.087,181.626,710684
-124.765,46.170,180.393,710705
-124.719,46.208,179.165,710726
-124.748,46.336,177.884,710747
-124.470,46.688,176.814,710768
-124.144,46.674,175.721,710789
-123.912,46.993,174.530,710810
-124.100,47.158,173.017,710831
-123.888,47.426,171.765,710852
-123.760,47.723,170.397,710873
-124.093,48.048,168.679,710894
-124.545,48.280,166.851,710915
-124.486,48.281,165.380,710936
-124.983,48.373,163.478,710957
-125.136,48.281,161.846,710978
-125.232,48.394,160.209,710999
-125.843,48.474,158.200,711020
-125.944,48.394,156.546,711041
-126.008,48.289,154.909,711062
-126.042,48.219,153.277,711083
-126.338,48.378,151.439,711104
-126.841,48.400,149.442,711125
-127.157,48.200,147.595,711146
-127.390,47.950,145.794,711167
-127.620,47.654,143.998,711188
-127.455,47.401,142.488,711209
-127.420,47.387,140.866,711230
-127.377,47.001,139.250,711251
-127.671,46.835,137.392,711272
-127.505,46.458,135.859,711293
-127.248,46.068,134.402,711314
-127.397,45.912,132.643,711335
-126.964,45.567,131.290,711356
-126.942,45.548,129.638,711377
-126.849,45.284,128.038,711398
-126.329,45.201,126.746,711419
-126.301,45.232,125.129,711440
-125.946,45.290,123.717,711461
-125.541,45.277,122.341,711482
-125.509,45.409,120.688,711503
-125.370,45.178,119.124,711524
-124.909,44.963,117.787,711546
-124.864,44.827,116.145,711567
-124.771,44.675,114.547,711588
-124.821,44.708,112.860,711609
-124.641,44.533,111.316,711630
-124.671,44.575,109.632,711651
-124.480,44.854,108.087,711672
-124.360,45.141,106.478,711693
-124.254,44.991,104.860,711714
-124.497,45.264,103.009,711735
-124.472,45.152,101.354,711756
-124.332,45.378,99.815,711777
-124.301,45.679,98.190,711798
-124.575,45.992,96.352,711819
-124.934,46.185,94.478,711840
-125.035,46.503,92.785,711861
-125.125,46.347,91.097,711882
-125.534,46.530,89.166,711903
-125.464,46.560,87.578,711924
-125.636,46.422,85.806,711945
-125.637,46.291,84.118,711966
-125.613,46.175,82.446,711987
-125.931,45.506,80.891,712008
-125.953,44.999,79.498,712029
-126.286,44.885,77.868,712050
-126.730,44.478,76.166,712071
-127.157,44.370,74.532,712092
-127.054,44.152,73.243,712113
-126.885,43.897,71.998,712134
-126.844,43.954,70.653,712155
-126.812,44.092,69.291,712176
-126.551,43.911,68.080,712197
-126.270,44.120,66.898,712218
-125.957,44.411,65.734,712239
-126.066,44.851,64.233,712260
-126.050,45.316,62.833,712281
-126.280,45.524,61.222,712302
-126.553,45.765,59.545,712323
-126.318,45.979,58.200,712344
-126.114,46.252,56.812,712365
-126.344,46.434,55.110,712386
-126.202,46.598,53.676,712407
-126.522,47.092,51.914,712428
-126.788,47.290,50.181,712449
-126.948,47.411,48.528,712470
-127.093,47.526,46.875,712491
-126.920,47.509,45.432,712512
-126.597,47.436,44.078,712533
-126.233,47.377,42.705,712554
-126.017,47.577,41.213,712575
-125.712,47.493,39.779,712596
-125.454,47.369,38.315,712617
-125.277,47.277,36.749,712638
-125.390,47.212,34.949,712659
-125.254,46.839,33.298,712680
-125.193,46.347,31.537,712701
-125.446,45.841,29.526,712722
-125.636,45.336,27.526,712743
-125.910,44.999,25.419,712764
-125.609,44.501,23.715,712785
-125.497,43.945,21.850,712806
-125.316,43.399,19.985,712827
-125.273,43.087,18.025,712848
-125.211,42.865,16.068,712869
-125.070,42.482,14.152,712890
-124.692,42.009,12.353,712911
-124.179,41.623,10.624,712932
-124.390,40.655,9.001,712953
-124.489,39.704,8.296,712974
-124.941,38.689,7.311,712995
-125.165,38.120,6.429,713016
-125.170,37.602,5.680,713037
-125.206,37.339,4.918,713058
-125.363,37.249,4.078,713079
-125.321,37.377,3.373,713100
-125.419,37.600,2.594,713121
-125.580,37.782,1.677,713142
-126.104,38.186,0.244,713163
-126.582,38.692,358.867,713184
-126.639,39.483,357.756,713205
-126.787,40.073,356.589,713226
-127.218,40.856,355.243,713247
-127.267,41.853,354.138,713268
-127.158,42.738,353.106,713289
-127.193,43.313,351.991,713310
-127.460,44.246,350.689,713331
-127.294,45.133,349.696,713352
-126.984,45.874,348.813,713373
-126.814,46.793,347.786,713394
-126.990,47.536,346.538,713415
-126.956,48.440,345.428,713436
-127.018,49.278,344.253,713457
-125.737,49.819,344.576,713478
-125.010,50.214,344.488,713499
-123.870,50.467,344.689,713520
-123.163,50.611,344.556,713541
-122.310,50.584,344.500,713562
-121.813,50.741,344.193,713583
-120.812,50.771,344.273,713604
-119.922,50.776,344.249,713625
-119.075,50.724,344.234,713646
-118.357,50.660,344.139,713667
-118.139,50.444,343.659,713688
-117.981,50.124,343.162,713709
-117.593,49.594,342.831,713730
-117.523,49.121,342.259,713751
-117.612,48.723,341.568,713772
-117.574,48.119,340.962,713793
-117.362,47.602,340.462,713814
-117.366,47.293,339.811,713835
-117.441,46.936,339.107,713856
-117.945,46.570,338.105,713877
-118.271,46.249,337.245,713898
-118.744,45.543,336.268,713919
-118.877,44.866,335.526,713940
-118.984,44.424,334.790,713961
-119.495,43.885,333.765,713982
-119.897,43.811,332.786,714003
-120.526,43.515,331.650,714024
-120.890,43.511,330.698,714045
-121.230,43.558,329.764,714066
-121.859,43.359,328.656,714087
-122.558,43.275,327.447,714108
-123.262,43.214,326.212,714129
-123.617,43.138,325.203,714150
-124.045,43.491,324.138,714171
-124.632,43.541,322.947,714192
-124.832,43.766,322.013,714213
-125.054,44.145,321.099,714234
-125.346,44.608,320.095,714255
-125.999,45.040,318.839,714276
-126.483,45.591,317.686,714297
-127.099,46.073,316.416,714318
-127.268,46.230,315.439,714339
-127.702,46.365,314.270,714360
-127.963,46.480,313.217,714381
-128.292,46.652,312.063,714402
-128.597,47.233,310.912,714423
-128.728,47.379,309.890,714444
-128.960,47.934,308.780,714465
-128.713,48.372,308.013,714486
-128.492,48.843,307.188,714507
-128.370,48.897,306.263,714528
-127.844,49.037,305.605,714549
-127.737,49.357,304.611,714570
-127.095,49.327,303.947,714591
-126.425,49.332,303.297,714612
-125.751,49.330,302.607,714633
-125.062,49.250,301.931,714654
-124.684,49.256,300.977,714675
-124.490,49.128,299.856,714696
-124.287,48.915,298.713,714717
-123.816,48.521,297.744,714738
-123.344,48.171,296.720,714759
-122.821,47.821,295.714,714780
-122.446,47.580,294.577,714801
-121.885,47.256,293.534,714822
-121.014,47.096,292.673,714843
-120.200,47.024,291.758,714864
-119.508,47.048,290.729,714885
-118.958,47.114,289.555,714906
-118.281,47.073,288.478,714927
-117.934,46.747,287.125,714948
-117.557,46.380,285.775,714969
-117.506,45.881,285.038,714990
-117.842,45.560,283.999,715011
-117.810,45.197,283.138,715032
-117.827,44.905,282.179,715053
-117.955,44.724,281.118,715074
-118.418,44.398,279.805,715095
-118.777,44.039,278.567,715116
-119.126,43.731,277.301,715137
-119.537,43.625,275.994,715158
-119.620,43.381,274.900,715179
-119.914,43.284,273.643,715200
-119.979,43.171,272.528,715221
-119.911,43.337,271.530,715242
-120.176,43.790,270.283,715263
-120.617,44.148,268.895,715284
-120.812,44.675,267.687,715305
-121.201,45.213,266.328,715326
-121.374,45.363,265.108,715347
-121.685,45.561,263.792,715368
-121.907,45.777,262.529,715389
-121.902,46.170,261.456,715410
-121.847,46.511,260.417,715431
-121.808,46.977,259.352,715452
-121.812,47.492,258.301,715473
-121.926,48.053,257.160,715494
-122.242,48.538,255.906,715515
-122.604,48.924,254.592,715536
-122.937,49.170,253.303,715557
-123.194,49.317,252.106,715578
-122.973,49.351,251.293,715599
-123.126,49.426,250.233,715620
-122.784,49.527,249.567,715641
-122.792,49.885,248.662,715662
-122.578,50.142,247.923,715683
-122.695,50.127,246.940,715704
-122.847,50.031,245.899,715725
-122.513,49.815,245.228,715746
-122.280,49.525,244.463,715767
-122.290,49.162,243.522,715788
-122.069,48.818,242.751,715809
-121.888,48.408,241.932,715830
-121.614,48.139,241.186,715851
-121.552,48.080,240.283,715872
-121.755,47.896,239.186,715893
-121.891,47.777,238.158,715914
-122.022,47.407,237.123,715935
-122.149,47.041,236.072,715956
-121.927,46.552,235.307,715977
-121.784,46.045,234.452,715998
-121.520,45.618,233.711,716019
-121.328,45.154,232.920,716040
-121.307,45.056,232.010,716061
-121.526,44.981,230.934,716082
-121.662,44.950,229.910,716103
-121.947,44.650,228.771,716124
-122.204,44.583,227.643,716145
-122.486,44.457,226.496,716166
-122.302,44.125,225.693,716187
-122.119,43.847,224.904,716208
-122.368,43.894,223.824,716229
-122.153,43.788,223.092,716250
-122.318,43.982,222.109,716271
-122.150,44.081,221.334,716293
-122.426,44.039,220.289,716314
-122.709,43.946,219.256,716335
-122.654,43.902,218.453,716356
-122.566,43.988,217.678,716377
-122.600,44.278,216.824,716398
-122.504,44.320,216.069,716419
-122.501,44.650,215.342,716440
-122.503,45.028,214.609,716461
-122.824,45.430,213.604,716482
-123.066,45.864,212.688,716503
-123.389,46.184,211.706,716524
-123.671,46.389,210.784,716545
-124.034,46.752,209.839,716566
-124.171,46.840,209.060,716587
-124.055,46.985,208.471,716608
-123.896,47.130,207.920,716629
-123.730,47.401,207.353,716650
-123.623,47.424,206.723,716671
-123.441,47.656,206.119,716692
-123.660,47.989,205.171,716713
-123.766,48.001,204.308,716734
-123.951,48.081,203.364,716755
-123.958,48.054,202.530,716776
-124.186,48.259,201.504,716797
-124.388,48.378,200.457,716818
-124.631,48.512,199.391,716839
-124.334,48.506,198.698,716860
-124.147,48.652,197.914,716881
-124.229,48.825,196.919,716902
-124.391,48.680,195.864,716923
-124.560,48.647,194.764,716945
-124.338,48.251,193.953,716966
-123.950,48.015,193.241,716987
-123.578,47.808,192.514,717008
-123.240,47.428,191.777,717029
-122.965,47.391,190.969,717050
-122.622,47.276,190.178,717071
-122.751,47.148,189.027,717092
-122.866,47.051,187.867,717113
-122.956,46.888,186.685,717134
-123.032,46.858,185.492,717155
-122.911,46.587,184.464,717176
-122.903,46.736,183.339,717197
-122.433,46.612,182.553,717218
-122.006,46.713,181.718,717239
-121.576,46.625,180.875,717260
-121.613,46.576,179.676,717281
-121.540,46.873,178.529,717302
-121.256,46.806,177.538,717323
-121.325,46.726,176.288,717344
-121.579,46.844,174.910,717365
-121.494,46.702,173.726,717386
-121.251,46.751,172.659,717407
-121.207,47.012,171.437,717428
-121.445,47.234,170.037,717449
-121.821,47.408,168.527,717470
-121.870,47.585,167.270,717491
-122.388,47.617,165.663,717512
-122.988,47.535,163.982,717533
-123.231,47.275,162.541,717554
-123.459,47.014,161.101,717575
-124.026,46.743,159.411,717596
-124.448,46.452,157.807,717617
-125.114,46.516,156.032,717638
-125.239,46.300,154.673,717659
-125.521,46.333,153.148,717680
-125.704,46.285,151.702,717701
-126.303,46.125,149.983,717722
-126.598,45.679,148.498,717743
-127.061,45.375,146.899,717764
-127.355,45.001,145.401,717785
-127.218,44.774,144.218,717806
-127.136,44.707,142.986,717827
-127.157,44.734,141.689,717848
-127.261,44.782,140.321,717869
-127.509,44.696,138.847,717890
-127.368,44.753,137.648,717911
-127.528,44.611,136.239,717932
-127.759,44.623,134.780,717953
-127.618,44.505,133.579,717974
-127.332,44.463,132.475,717995
-126.960,44.519,131.433,718016
-126.624,44.763,130.358,718037
-126.564,44.748,129.117,718058
-126.217,45.020,128.054,718079
-126.250,45.333,126.730,718100
-126.108,45.746,125.543,718121
-126.177,45.995,124.202,718142
-126.272,46.325,122.823,718163
-125.820,46.480,121.852,718184
-125.773,46.573,120.591,718205
-125.440,46.915,119.508,718226
-125.193,47.311,118.365,718247
-125.313,47.610,116.940,718268
-124.908,47.766,115.877,718289
-125.000,48.014,114.457,718310
-124.900,48.289,113.161,718331
-124.832,48.110,111.815,718352
-124.972,47.948,110.301,718373
-125.253,47.343,110.007,718394
-125.742,46.597,109.523,718415
-126.256,45.919,108.969,718436
-126.831,45.332,108.342,718457
-127.225,44.707,107.823,718478
-127.616,44.565,107.280,718499
-127.726,44.258,106.908,718520
-128.221,44.231,106.275,718541
-128.703,44.198,105.629,718562
-128.637,44.053,105.323,718583
-128.504,43.871,105.063,718604
-128.373,43.650,104.771,718625
-128.289,43.897,104.429,718646
-128.424,44.190,103.916,718667
-128.569,44.250,103.386,718688
-128.713,44.634,102.840,718709
-128.542,45.076,102.488,718730
-128.704,45.586,101.868,718751
-128.670,45.749,101.393,718772
-128.651,45.923,100.867,718793
-128.492,46.140,100.433,718814
-128.223,46.683,100.056,718835
-127.801,47.055,99.785,718856
-127.899,47.566,99.121,718877
-127.495,47.937,98.799,718898
-127.640,47.972,98.226,718919
-127.574,47.888,97.774,718940
-127.535,47.819,97.279,718961
-127.366,47.717,96.841,718982
-126.864,47.698,96.648,719003
-126.599,47.524,96.273,719024
-126.159,47.693,96.013,719045
-125.822,47.748,95.717,719066
-125.714,47.802,95.235,719087
-125.695,47.520,94.660,719108
-125.596,47.503,94.131,719129
-125.458,47.453,93.604,719150
-125.552,47.153,92.870,719171
-125.682,46.969,92.104,719192
-125.497,46.936,91.567,719213
-125.073,46.665,91.215,719234
-124.687,46.557,90.814,719255
-124.582,46.683,90.216,719276
-124.418,46.396,89.682,719297
-124.530,46.375,88.904,719318
-124.103,46.281,88.540,719339
-123.754,46.062,88.151,719360
-123.806,46.147,87.466,719381
-123.441,45.980,87.087,719402
-122.970,46.039,86.752,719423
-122.496,46.090,86.450,719444
-122.110,46.246,86.010,719465
-121.711,46.405,85.582,719486
-121.829,46.552,84.784,719507
-121.930,46.699,83.980,719528
-122.016,46.736,83.145,719549
-122.100,46.967,82.303,719570
-121.885,46.856,81.654,719591
-121.994,46.858,80.753,719612
-121.702,46.918,80.131,719633
-121.467,46.898,79.446,719654
-121.353,47.067,78.694,719675
-121.417,47.291,77.752,719696
-121.652,47.107,76.658,719717
-121.998,46.974,75.481,719738
-122.372,47.039,74.241,719759
-122.711,46.801,73.024,719780
-123.047,46.593,71.809,719801
-122.928,46.493,70.928,719822
-122.761,46.247,70.058,719843
-122.620,46.027,69.159,719864
-122.541,45.885,68.171,719885
-122.506,45.805,67.139,719906
-122.871,45.714,65.778,719927
-122.870,45.597,64.654,719948
-123.118,45.229,63.337,719969
-123.531,44.933,61.900,719990
-123.825,44.560,60.506,720011
-123.757,44.314,59.348,720032
-123.753,44.001,58.137,720053
-123.658,43.945,56.955,720074
-124.043,44.049,55.412,720095
-124.154,44.307,54.054,720116
-124.346,44.209,52.615,720137
-124.396,44.502,51.274,720158
-124.485,44.803,49.865,720179
-124.774,44.861,48.296,720200
-124.801,44.744,46.883,720221
-124.612,44.811,45.586,720242
-124.471,45.008,44.254,720263
-124.406,44.876,42.855,720284
-124.670,45.122,41.211,720305
-124.872,45.029,39.615,720326
-125.120,45.278,37.957,720347
-125.082,45.145,36.514,720368
-125.343,45.050,34.859,720389
-125.234,45.015,33.464,720410
-125.258,44.904,31.966,720431
-125.244,45.124,30.461,720452
-125.228,45.063,28.975,720473
-125.227,45.119,27.452,720494
-125.740,45.202,25.566,720515
-126.092,45.407,23.775,720536
-126.373,45.565,22.023,720557
-126.601,45.282,20.308,720578
-126.847,44.986,18.569,720599
-127.389,44.975,16.626,720620
-127.358,44.918,15.092,720641
-127.468,45.021,13.426,720662
-127.501,44.798,11.824,720683
-127.907,44.751,9.991,720704
-128.217,44.593,8.205,720725
-128.519,44.822,6.463,720746
-128.833,44.780,4.664,720767
-128.847,44.649,3.113,720788
-128.792,44.501,1.620,720809
-128.542,44.654,0.275,720830
-128.248,44.679,358.957,720851
-128.251,45.079,357.434,720872
-127.892,45.311,356.174,720893
-127.480,45.596,354.977,720914
-127.122,45.631,353.754,720935
-127.052,45.773,352.332,720956
-126.949,45.911,350.962,720977
-126.893,46.228,349.561,720998
-126.505,46.204,348.393,721019
-126.231,46.148,347.150,721040
-126.064,46.479,345.825,721061
-125.688,46.388,344.669,721082
-125.248,46.404,343.575,721103
-125.356,46.566,342.098,721124
-123.289,47.255,342.383,721145
-121.308,47.835,342.604,721166
-119.229,48.140,342.865,721187
-117.474,48.179,342.889,721208
-115.957,48.204,342.697,721229
-114.159,48.335,342.704,721250
-112.430,48.357,342.622,721271
-110.808,48.495,342.434,721292
-109.764,48.578,341.803,721313
-108.855,48.737,341.042,721334
-107.988,48.625,340.223,721355
-107.194,48.442,339.342,721376
-106.801,48.412,338.104,721397
-106.545,48.291,336.740,721418
-106.497,48.370,335.206,721439
-106.760,48.253,336.404,721460
-106.829,47.966,337.026,721481
-107.114,47.815,337.275,721502
-107.395,47.502,337.376,721523
-107.793,47.180,337.248,721544
-107.354,47.187,337.304,721565
-107.006,47.093,337.184,721586
-106.336,46.959,337.209,721607
-105.942,46.896,337.269,721628
-105.809,46.865,337.139,721649
-105.355,46.799,337.176,721670
-105.085,46.781,337.108,721691
-105.143,46.953,336.720,721712
-105.599,47.073,336.027,721733
-106.197,47.014,335.172,721754
-106.933,47.009,334.158,721775
-107.634,46.792,333.119,721796
-108.479,46.647,331.870,721817
-109.333,46.384,330.520,721838
-109.852,46.354,329.372,721859
-110.437,46.163,328.227,721880
-111.089,46.054,326.993,721901
-112.174,46.010,325.457,721922
-113.026,45.991,324.115,721943
-114.235,45.861,322.483,721964
-115.369,45.527,320.863,721985
-116.343,45.120,319.329,722006
-117.551,44.925,317.697,722027
-118.620,44.576,316.153,722048
-119.729,44.277,314.536,722069
-120.537,44.260,313.124,722090
-121.165,44.163,311.824,722111
-122.167,44.115,310.228,722132
-123.015,44.162,308.740,722153
-123.849,43.946,307.234,722174
-124.464,44.109,305.875,722195
-124.861,43.883,304.663,722216
-125.496,43.660,303.507,722237
-125.796,43.794,302.564,722258
-125.933,43.838,301.709,722279
-126.337,43.718,300.642,722300
-126.694,43.583,299.673,722321
-126.884,43.928,298.816,722342
-126.907,44.277,298.052,722363
-126.803,44.413,297.380,722384
-127.028,44.628,296.489,722405
-127.119,44.816,295.650,722426
-126.778,45.123,295.121,722447
-126.488,45.300,294.518,722468
-126.114,45.732,293.980,722489
-125.815,46.266,293.414,722510
-125.569,46.847,292.791,722531
-125.396,47.349,292.148,722552
-125.249,47.830,291.461,722573
-125.137,48.012,290.753,722594
-124.645,48.027,290.323,722615
-124.443,48.035,289.689,722636
-124.331,48.072,288.964,722657
-124.105,48.349,288.298,722678
-123.581,48.380,287.882,722699
-123.104,48.418,287.403,722720
-122.936,48.127,286.699,722741
-122.559,48.141,286.117,722762
-122.134,48.046,285.559,722783
-121.866,47.662,284.898,722804
-121.784,47.353,284.120,722825
-121.517,47.002,283.461,722846
-121.252,46.679,282.793,722867
-120.819,46.464,282.272,722888
-120.624,46.602,281.552,722909
-120.234,46.581,280.965,722930
-120.351,46.530,280.011,722951
-120.449,46.640,279.063,722972
-120.616,46.657,278.081,722993
-120.751,46.751,277.132,723014
-120.445,46.715,276.501,723035
-120.177,46.487,275.852,723056
-120.013,46.284,275.143,723077
-119.722,46.410,274.548,723098
-119.431,46.561,273.969,723119
-119.579,46.668,273.085,723140
-119.771,46.815,272.181,723161
-119.959,47.114,271.261,723182
-119.945,47.068,270.472,723203
-119.895,46.998,269.719,723224
-119.971,46.920,268.885,723245
-120.032,47.244,268.060,723266
-119.912,47.169,267.384,723287
-120.175,47.074,266.420,723308
-120.484,46.980,265.418,723329
-120.771,47.237,264.442,723350
-121.165,47.459,263.390,723371
-121.557,47.321,262.327,723392
-122.032,47.241,261.178,723413
-122.358,46.995,260.128,723434
-122.556,47.130,259.192,723455
-122.516,47.106,258.435,723476
-122.808,46.824,257.449,723497
-122.855,46.882,256.644,723518
-122.858,46.912,255.895,723539
-122.840,46.958,255.154,723560
-122.986,46.614,254.325,723581
-123.342,46.524,253.339,723602
-123.206,46.263,252.719,723623
-123.081,46.038,252.095,723644
-123.344,45.760,251.172,723665
-123.492,45.881,250.338,723686
-123.379,45.704,249.693,723707
-123.755,45.702,248.718,723728
-123.827,45.835,247.965,723749
-123.965,46.006,247.158,723770
-123.919,45.773,246.498,723791
-123.976,46.024,245.766,723812
-123.815,46.263,245.210,723833
-123.604,46.193,244.697,723854
-123.288,46.151,244.274,723875
-123.204,46.084,243.693,723896
-122.806,46.123,243.318,723917
-122.601,46.463,242.815,723938
-122.710,46.637,242.102,723959
-122.811,46.744,241.384,723980
-122.911,46.945,240.646,724001
-122.965,47.108,239.951,724022
-122.525,47.087,239.612,724043
-122.232,46.987,239.185,724064
-121.939,47.309,238.766,724085
-121.425,47.478,238.504,724106
-121.351,47.753,237.896,724127
-120.960,47.955,237.486,724148
-120.810,48.181,236.892,724169
-120.483,48.356,236.432,724190
-120.540,48.203,235.688,724211
-120.233,47.920,235.190,724232
-120.717,48.171,234.363,724253
-121.175,48.225,233.520,724274
-121.115,48.222,233.043,724295
-121.139,48.047,232.469,724316
-121.362,47.844,231.743,724337
-121.572,48.038,231.011,724358
-121.909,48.252,230.147,724379
-122.147,48.416,229.338,724400
-122.537,48.203,228.388,724421
-122.689,47.856,227.600,724442
-122.511,47.592,227.056,724463
-122.320,47.332,226.503,724484
-122.098,47.045,225.955,724505
-122.019,46.601,225.260,724526
-122.028,46.198,224.492,724547
-122.231,46.144,223.569,724568
-122.429,46.076,222.657,724589
-122.583,46.016,221.762,724610
-122.731,45.991,220.865,724631
-122.726,46.096,220.071,724652
-122.489,45.806,219.435,724673
-122.272,45.921,218.804,724694
-121.802,45.760,218.304,724715
-121.395,45.538,217.774,724736
-121.047,45.701,217.204,724757
-120.648,45.850,216.663,724778
-120.363,45.759,216.007,724799
-120.162,46.128,215.311,724820
-120.001,46.084,214.581,724841
-119.728,46.380,213.902,724862
-119.384,46.511,213.234,724883
-119.054,46.657,212.540,724904
-118.870,46.936,211.731,724925
-118.718,47.234,210.900,724946
-118.737,47.527,209.915,724967
-118.896,47.711,208.818,724988
-119.080,47.834,207.697,725009
-119.332,47.997,206.513,725030
-119.232,47.834,205.593,725051
-119.202,47.671,204.611,725072
-119.478,47.685,203.395,725093
-119.754,47.912,202.149,725114
-119.597,47.811,201.197,725135
-119.776,47.657,199.989,725156
-119.640,47.532,199.009,725177
-119.637,47.681,197.929,725198
-119.930,47.546,196.634,725219
-119.841,47.452,195.633,725240
-120.230,47.404,194.286,725261
-120.157,47.464,193.256,725282
-120.117,47.354,192.184,725303
-120.025,47.326,191.136,725324
-120.050,47.470,190.025,725345
-120.218,47.674,188.802,725366
-120.286,47.448,187.661,725387
-120.757,47.368,186.239,725408
-121.162,47.230,184.857,725429
-121.512,47.023,183.524,725450
-121.807,46.773,182.228,725471
-122.230,46.628,180.816,725492
-122.659,46.612,179.410,725513
-122.871,46.699,178.143,725534
-122.788,46.623,177.102,725555
-123.008,46.701,175.862,725576
-123.382,46.763,174.515,725597
-123.833,46.699,173.128,725618
-123.707,46.571,172.122,725639
-124.030,46.341,170.795,725660
-124.385,46.169,169.457,725681
-124.238,46.059,168.467,725703
-124.402,45.850,167.268,725724
-124.687,45.934,165.981,725745
-124.491,46.058,165.054,725766
-124.229,45.935,164.166,725787
-124.435,45.889,162.966,725808
-124.625,45.798,161.777,725829
-124.525,45.899,160.801,725850
-124.506,45.785,159.756,725871
-124.537,45.656,158.664,725892
-124.501,45.542,157.602,725913
-124.896,45.757,156.248,725934
-124.783,45.897,155.238,725955
-125.187,45.966,153.852,725976
-125.583,46.187,152.448,725997
-125.980,46.363,151.067,726018
-125.929,46.238,149.988,726039
-125.816,46.140,148.932,726060
-126.130,46.153,147.544,726081
-126.059,46.027,146.436,726102
-125.973,46.260,145.331,726123
-126.152,46.444,143.998,726144
-126.364,46.492,142.624,726165
-126.441,46.670,141.338,726186
-126.141,46.709,140.341,726207
-126.187,46.546,139.113,726228
-126.251,46.430,137.838,726249
-126.046,46.176,136.737,726270
-125.630,46.117,135.743,726291
-125.441,46.245,134.585,726312
-125.127,46.319,133.508,726333
-124.747,46.294,132.475,726354
-124.358,46.221,131.437,726375
-124.402,46.254,130.099,726396
-124.423,46.015,128.746,726417
-124.866,45.328,127.949,726438
-124.870,44.870,127.432,726459
-125.077,44.271,126.725,726480
-125.094,43.944,126.131,726501
-125.406,43.482,125.344,726522
-125.729,43.514,124.522,726543
-126.235,43.591,123.567,726564
-126.746,43.419,122.666,726585
-127.171,43.664,121.827,726606
-127.323,43.849,121.151,726627
-127.770,43.869,120.270,726648
-127.806,43.961,119.639,726669
-127.807,44.292,119.015,726690
-127.873,44.752,118.320,726711
-128.039,45.297,117.520,726732
-128.336,45.492,116.620,726753
-128.804,45.961,115.599,726774
-129.234,46.513,114.577,726795
-129.664,47.044,113.542,726816
-130.091,47.436,112.471,726837
-129.913,47.719,111.820,726858
-130.043,48.193,110.926,726879
-129.878,48.249,110.213,726900
-129.557,48.311,109.582,726921
-129.221,48.627,108.921,726942
-128.805,48.825,108.298,726963
-128.888,48.934,107.269,726984
-128.925,48.992,106.236,727005
-128.702,48.882,105.385,727026
-128.668,48.869,104.374,727047
-128.299,48.662,103.609,727068
-127.787,48.445,102.936,727089
-127.236,48.284,102.273,727110
-126.752,48.248,101.509,727131
-126.209,48.025,100.784,727152
-126.196,47.801,99.653,727173
-125.917,47.796,98.672,727194
-125.948,47.742,97.439,727215
-125.949,47.358,96.218,727236
-125.840,47.267,95.043,727257
-125.402,46.853,94.120,727278
-125.318,46.758,92.906,727299
-125.295,46.333,91.639,727320
-125.339,46.246,90.330,727341
-125.452,46.133,88.955,727362
-125.006,45.818,87.967,727383
-124.654,45.604,86.895,727404
-124.767,45.428,85.468,727425
-124.870,45.255,84.022,727446
-124.848,45.018,82.668,727467
-124.574,45.006,81.489,727488
-124.423,44.804,80.218,727509
-124.244,44.882,78.974,727530
-124.554,44.965,77.373,727551
-124.554,44.750,75.990,727572
-124.872,44.903,74.366,727593
-124.985,45.114,72.875,727614
-124.952,45.252,71.479,727635
-125.219,45.113,69.895,727656
-125.209,45.081,68.482,727677
-125.311,45.360,66.993,727698
-125.220,45.322,65.592,727719
-125.459,45.236,63.947,727740
-125.737,45.242,62.288,727761
-126.077,45.477,60.551,727782
-126.391,45.510,58.799,727803
-126.690,45.673,57.025,727824
-126.931,45.612,55.306,727845
-126.967,45.425,53.694,727866
-126.687,45.501,52.293,727887
-126.378,45.583,50.893,727908
-126.010,45.648,49.499,727929
-125.710,45.763,48.062,727950
-125.325,45.712,46.656,727971
-125.089,45.585,45.148,727992
-124.975,45.441,43.541,728013
-124.831,45.274,41.943,728034
-124.865,45.177,40.219,728055
-124.722,44.936,38.598,728076
-124.823,44.865,36.795,728097
-124.785,44.998,34.977,728118
-124.784,45.135,33.173,728139
-124.595,45.150,31.501,728160
-124.756,45.072,29.576,728181
-124.795,44.871,27.753,728202
-124.772,44.653,25.946,728223
-124.532,44.359,24.318,728244
-124.463,44.263,22.610,728265
-124.201,43.966,21.038,728286
-124.040,44.015,19.424,728307
-123.476,43.933,18.132,728328
-122.941,43.699,16.819,728349
-122.682,43.729,15.339,728370
-121.943,43.459,14.584,728391
-120.971,43.420,13.984,728412
-120.428,43.134,13.082,728433
-119.806,43.241,12.252,728454
-119.107,43.282,11.460,728475
-118.407,43.159,10.686,728496
-117.973,43.357,9.731,728517
-117.545,43.362,8.761,728538
-117.215,43.588,7.729,728559
-117.174,44.034,6.487,728580
-117.394,44.204,5.076,728601
-117.322,44.272,3.852,728622
-117.271,44.503,2.597,728643
-117.758,44.709,0.946,728664
-118.399,44.951,359.178,728685
-118.685,45.201,357.683,728706
-119.476,45.381,355.810,728727
-120.203,45.823,353.959,728748
-121.172,45.980,351.885,728769
-122.167,46.005,349.753,728790
-123.120,45.853,347.628,728811
-123.663,45.771,345.755,728832
-124.653,45.503,343.515,728853
-125.604,45.190,341.305,728874
-126.145,44.961,339.334,728895
-126.649,44.780,337.353,728916
-127.073,44.473,335.403,728937
-127.709,44.361,333.260,728958
-128.071,44.130,331.254,728979
-128.756,43.725,329.006,729000
-129.430,43.268,326.741,729021
-129.611,42.941,324.769,729042
-129.800,42.381,322.757,729064
-129.914,41.821,320.756,729085
-130.767,40.640,320.103,729106
-131.193,39.644,319.438,729127
-131.764,38.470,318.603,729148
-131.956,37.708,317.906,729169
-131.939,36.700,317.266,729190
-131.767,35.903,316.676,729211
-131.917,35.370,315.878,729232
-132.008,34.996,315.074,729253
-131.630,34.852,314.509,729274
-131.177,34.886,313.969,729295
-130.853,34.833,313.336,729316
-130.628,35.330,312.636,729337
-130.212,36.038,312.020,729358
-129.550,36.788,311.537,729379
-129.162,37.458,310.868,729400
-128.676,38.127,310.254,729421
-127.866,38.922,309.836,729442
-127.187,40.026,309.321,729463
-126.837,41.158,308.573,729484
-126.362,42.370,307.895,729505
-125.775,43.621,307.268,729526
-125.168,44.839,306.646,729547
-124.975,45.957,305.717,729568
-124.320,46.799,305.115,729589
-124.240,47.882,304.081,729610
-124.051,48.636,303.091,729631
-124.105,49.469,301.920,729652
-124.167,50.183,300.715,729673
-123.881,50.795,299.784,729694
-123.729,51.238,298.706,729715
-123.773,51.988,297.448,729736
-124.199,52.520,295.880,729757
-124.454,53.044,294.427,729778
-124.403,53.217,293.241,729799
-124.804,53.144,291.694,729820
-125.039,52.881,290.320,729841
-125.497,52.610,288.751,729862
-125.813,52.537,287.293,729883
-125.883,51.925,286.002,729904
-126.091,51.648,284.564,729925
-126.144,51.186,283.229,729946
-126.471,50.778,281.705,729967
-126.923,50.005,280.080,729988
-127.346,49.214,278.503,730010
-127.327,48.607,277.255,730031
-127.373,47.743,275.960,730052
-127.234,47.107,274.797,730073
-127.397,46.261,273.385,730094
-127.116,45.450,272.291,730115
-127.282,44.812,270.857,730136
-127.359,44.324,269.524,730157
-127.265,43.641,268.312,730178
-126.740,43.201,267.373,730199
-126.517,42.623,266.239,730220
-126.349,42.165,265.041,730241
-125.839,41.994,264.058,730262
-125.448,41.613,262.980,730283
-125.209,41.763,261.787,730304
-125.027,41.543,260.551,730325
-124.894,41.829,259.316,730346
-124.434,41.855,258.273,730367
-124.121,41.814,257.153,730388
-123.882,42.267,255.994,730409
-123.677,42.718,254.834,730430
-123.331,43.180,253.756,730451
-123.331,43.565,252.428,730472
-123.032,44.032,251.328,730493
-122.760,44.506,250.207,730514
-122.970,45.037,248.772,730535
-122.905,45.260,247.534,730556
-123.271,45.755,246.006,730577
-123.173,46.176,244.793,730598
-123.179,46.433,243.500,730619
-123.268,46.614,242.113,730640
-123.295,46.753,240.728,730661
-123.689,47.164,239.093,730682
-123.697,47.166,237.742,730703
-123.540,47.416,236.535,730724
-123.476,47.319,235.261,730745
-123.433,47.584,233.932,730766
-123.239,47.703,232.714,730787
-123.479,47.619,231.119,730808
-123.439,47.462,229.683,730829
-123.663,47.711,227.981,730850
-124.025,47.938,226.166,730871
-124.525,48.005,224.167,730892
-124.953,48.213,222.199,730913
-124.887,48.124,220.523,730934
-125.187,47.916,218.555,730955
-125.505,47.681,216.532,730976
-125.816,47.424,214.491,730997
-125.817,47.411,212.610,731018
-125.787,47.263,210.720,731039
-126.043,46.987,208.594,731060
-126.403,47.151,206.384,731081
-126.747,47.335,204.154,731102
-126.800,47.444,202.128,731123
-127.178,47.290,199.847,731144
-127.679,47.556,197.457,731165
-128.148,47.442,195.102,731186
-128.678,47.302,192.665,731207
-129.220,47.160,190.225,731228
-129.579,47.006,187.899,731249
-130.385,47.094,185.245,731270
-130.640,47.136,182.986,731291
-131.295,47.376,180.466,731312
-132.087,47.510,177.820,731333
-132.468,47.617,175.510,731354
-133.235,47.513,172.924,731375
-133.679,47.260,170.601,731396
-134.020,47.004,168.347,731417
-134.044,46.813,166.329,731438
-134.059,46.864,164.312,731459
-134.122,46.946,162.275,731480
-134.512,46.825,160.003,731501
-134.893,46.664,157.767,731522
-134.854,46.386,155.877,731543
-135.120,46.250,153.758,731564
-135.168,46.019,151.791,731585
-134.982,45.757,149.990,731606
-134.519,45.573,148.382,731627
-133.966,45.471,146.837,731648
-134.578,44.620,146.846,731669
-135.052,43.732,146.800,731690
-135.565,42.991,146.672,731711
-135.548,42.440,146.861,731732
-136.023,42.092,146.688,731753
-136.386,41.915,146.560,731774
-136.722,41.518,146.402,731795
-136.563,41.354,146.573,731816
-136.573,41.458,146.623,731837
-136.441,41.650,146.733,731858
-136.163,41.874,146.915,731879
-135.864,42.186,147.074,731900
-135.419,42.554,147.301,731921
-134.817,42.776,147.597,731942
-134.097,43.072,147.974,731963
-133.806,43.337,148.041,731984
-133.224,43.951,148.277,732005
-132.697,44.224,148.454,732026
-132.177,44.524,148.586,732047
-131.378,45.136,148.914,732068
-130.867,45.805,149.008,732089
-130.308,46.451,149.121,732110
-130.034,46.451,150.064,732131
-130.048,46.368,150.705,732152
-129.812,46.487,151.472,732173
-129.596,46.185,152.165,732194
-129.260,45.869,152.914,732215
-128.763,45.703,153.742,732236
-128.453,45.788,154.384,732257
-128.086,45.819,155.033,732278
-127.752,45.911,155.636,732299
-127.870,45.972,155.862,732320
-127.780,46.165,156.229,732341
-127.366,46.195,156.808,732362
-127.458,46.382,157.010,732383
-127.554,46.358,157.184,732404
-127.251,46.210,157.627,732425
-126.858,46.177,158.069,732446
-126.724,45.958,158.258,732467
-126.412,45.968,158.514,732488
-126.225,46.062,158.609,732509
-125.979,45.781,158.680,732530
-126.023,45.884,158.468,732551
-126.238,45.952,158.066,732572
-126.640,45.890,158.021,732593
-126.685,45.466,158.149,732614
-126.612,45.158,158.281,732635
-126.716,44.763,158.225,732656
-126.917,44.774,158.037,732677
-127.291,44.767,157.681,732698
-127.446,44.812,157.438,732719
-127.968,44.675,156.885,732740
-128.193,44.841,156.512,732761
-128.179,44.837,156.266,732782
-128.203,44.678,155.978,732803
-128.315,44.538,155.568,732824
-128.458,44.416,155.106,732845
-128.511,44.329,154.696,732866
-128.577,44.312,154.245,732887
-128.554,44.719,153.792,732908
-128.470,45.152,153.357,732929
-128.495,45.628,152.773,732950
-128.522,46.110,152.167,732971
-128.366,46.592,151.633,732992
-128.430,46.902,150.893,733013
-127.839,47.146,150.551,733034
-127.312,47.192,150.138,733055
-126.937,47.225,149.567,733076
-126.365,47.207,149.080,733097
-125.799,47.506,148.531,733118
-125.269,47.367,147.930,733139
-124.937,47.231,147.134,733160
-124.852,47.259,146.153,733181
-124.782,47.408,145.245,733202
-124.825,47.197,144.329,733223
-124.652,46.888,143.540,733244
-124.600,46.588,142.648,733265
-124.358,46.537,141.886,733286
-124.614,46.336,140.739,733307
-124.472,46.323,139.870,733328
-124.679,46.490,138.745,733349
-124.879,46.652,137.596,733370
-125.240,46.469,136.327,733391
-125.313,46.555,135.260,733412
-125.815,46.722,133.858,733433
-125.816,46.622,132.811,733454
-125.884,46.707,131.718,733475
-126.278,46.644,130.388,733496
-126.704,46.623,129.042,733517
-127.055,46.998,127.734,733538
-127.614,47.108,126.265,733559
-128.194,47.270,124.792,733580
-128.575,47.627,123.454,733601
-128.821,47.972,122.212,733622
-129.188,47.993,120.851,733643
-129.196,47.938,119.760,733664
-129.117,47.928,118.739,733685
-128.974,48.149,117.774,733706
-129.045,48.498,116.616,733727
-129.324,48.527,115.311,733748
-129.125,48.684,114.336,733769
-128.805,48.653,113.453,733790
-128.903,48.514,112.250,733811
-129.026,48.467,111.031,733832
-128.670,48.548,110.181,733853
-128.258,48.569,109.382,733874
-127.811,48.394,108.630,733895
-127.408,48.087,107.817,733916
-127.320,48.162,106.782,733937
-127.116,48.172,105.804,733958
-127.154,47.887,104.624,733979
-127.191,47.559,103.445,734000
-126.897,47.026,102.501,734021
-126.534,46.846,101.597,734042
-126.192,46.315,100.697,734063
-125.755,46.095,99.883,734084
-125.397,45.619,99.021,734105
-125.062,45.479,98.134,734126
-125.060,45.490,97.030,734147
-124.875,45.120,96.047,734168
-125.033,45.102,94.807,734189
-125.116,44.955,93.615,734210
-125.227,44.871,92.390,734231
-125.364,44.771,91.141,734252
-125.093,44.756,90.148,734273
-124.887,44.750,89.109,734294
-124.822,44.891,87.953,734315
-125.024,44.738,86.617,734336
-125.193,45.051,85.263,734357
-125.584,45.080,83.722,734378
-125.984,45.240,82.196,734399
-126.320,45.533,80.703,734420
-126.322,45.468,79.486,734441
-126.735,45.661,77.962,734462
-126.647,45.670,76.790,734483
-126.533,45.905,75.632,734504
-126.544,46.202,74.365,734525
-126.496,46.489,73.132,734546
-126.613,46.376,71.785,734567
-126.490,46.271,70.612,734588
-126.551,46.529,69.266,734609
-126.804,46.385,67.767,734630
-127.120,46.258,66.233,734651
-127.522,46.316,64.609,734672
-127.386,46.302,63.367,734693
-127.294,46.414,62.075,734714
-127.130,46.398,60.836,734735
-127.320,46.551,59.291,734756
-127.423,46.300,57.800,734777
-127.247,46.010,56.508,734798
-127.210,45.706,55.120,734819
-127.380,45.518,53.559,734840
-127.411,45.234,52.083,734861
-127.315,44.935,50.698,734882
-127.041,44.725,49.424,734903
-127.093,44.905,47.904,734924
-126.915,45.056,46.557,734945
-127.154,45.115,44.905,734966
-127.293,45.035,43.360,734987
-127.115,44.753,42.045,735008
-127.114,44.913,40.594,735029
-126.806,44.719,39.390,735050
-126.777,44.547,37.993,735071
-126.706,44.401,36.623,735092
-126.363,44.558,35.432,735113
-125.986,44.704,34.232,735134
-125.639,44.883,33.014,735155
-125.267,44.897,31.823,735176
-125.402,44.903,30.279,735197
-125.200,45.143,28.970,735218
-125.054,45.420,27.638,735239
-125.166,45.430,26.109,735260
-125.305,45.840,24.540,735281
-125.503,46.136,22.929,735302
-125.613,46.418,21.385,735323
-125.706,46.630,19.850,735344
-125.769,46.956,18.346,735365
-125.891,47.213,16.821,735386
-125.548,47.173,15.626,735407
-125.536,47.099,14.164,735428
-125.265,47.032,12.891,735449
-124.945,47.002,11.628,735470
-124.648,46.918,10.349,735491
-124.287,47.013,9.086,735512
-123.942,47.177,7.826,735533
-123.672,47.442,6.506,735554
-123.241,47.616,5.302,735575
-123.246,47.627,3.759,735596
-123.207,47.624,2.220,735617
-122.924,47.479,0.827,735638
-122.346,47.435,359.621,735659
-122.218,47.339,358.051,735680
-122.089,47.235,356.464,735701
-121.440,47.168,355.198,735722
-120.811,47.105,353.908,735743
-120.350,47.194,352.482,735764
-120.226,47.118,350.780,735785
-120.656,46.488,350.850,735806
-120.605,46.031,351.132,735827
-120.796,45.309,351.085,735848
-121.144,44.732,350.798,735869
-120.990,44.322,350.766,735890
-120.902,44.190,350.588,735911
-120.965,44.095,350.223,735932
-120.804,44.083,349.912,735953
-120.651,43.775,349.489,735974
-120.511,43.583,348.934,735995
-120.234,43.375,348.392,736016
-119.987,43.232,347.741,736037
-119.340,43.107,347.267,736058
-118.771,42.958,346.669,736079
-118.328,42.922,346.517,736100
-117.866,42.961,346.290,736121
-117.379,43.054,345.981,736142
-116.989,43.333,345.523,736163
-116.974,43.582,344.761,736184
-116.690,44.001,344.126,736205
-116.277,44.217,343.522,736226
-116.365,44.486,342.534,736247
-116.043,44.933,341.746,736268
-115.978,45.063,340.752,736289
-115.892,45.191,339.729,736310
-115.793,45.171,339.007,736331
-115.933,45.604,338.044,736352
-115.951,46.050,337.129,736373
-116.150,46.418,336.050,736394
-116.403,46.697,334.852,736415
-116.148,46.834,333.994,736436
-116.324,46.915,332.761,736457
-116.065,47.002,331.788,736478
-116.263,47.041,330.453,736499
-116.517,47.125,329.074,736520
-116.355,47.112,327.979,736541
-116.269,47.318,326.818,736562
-116.682,47.412,325.312,736583
-117.125,47.682,323.764,736604
-117.499,47.989,322.234,736625
-117.927,47.901,320.649,736646
-118.467,47.901,318.980,736667
-118.635,47.719,317.555,736688
-119.200,47.770,315.844,736709
-119.238,47.688,314.506,736730
-119.778,47.664,312.804,736751
-120.143,47.822,311.217,736772
-120.685,47.763,309.526,736793
-120.729,47.707,308.186,736814
-120.743,47.418,306.867,736835
-120.878,47.007,305.460,736856
-120.881,46.908,304.158,736877
-120.877,46.564,302.869,736898
-120.959,46.171,301.524,736919
-121.076,46.184,300.172,736940
-121.026,45.998,298.916,736961
-121.373,45.697,297.391,736982
-121.778,45.486,295.854,737003
-122.180,45.293,294.326,737024
-122.572,45.174,292.835,737045
-122.900,44.998,291.402,737066
-123.160,45.080,290.044,737087
-123.510,45.129,288.627,737108
-123.383,45.111,287.555,737129
-123.672,44.951,286.192,737150
-123.973,44.862,284.820,737171
-124.157,44.684,283.560,737192
-123.968,44.455,282.583,737213
-123.688,44.385,281.691,737234
-123.401,44.328,280.795,737255
-123.240,44.483,279.848,737276
-123.080,44.647,278.900,737297
-123.009,44.865,277.891,737318
-123.166,45.131,276.687,737339
-123.292,45.424,275.560,737360
-123.295,45.686,274.503,737381
-123.488,45.562,273.355,737402
-123.593,45.404,272.270,737423
-123.341,45.375,271.445,737444
-123.102,45.290,270.638,737465
-122.978,45.134,269.746,737486
-122.958,45.009,268.787,737507
-122.986,44.901,267.840,737528
-122.866,45.155,267.025,737549
-122.789,45.420,266.184,737570
-122.986,45.386,265.143,737591
-123.148,45.294,264.089,737612
-123.349,45.366,263.005,737633
-123.057,45.319,262.281,737654
-122.756,45.252,261.575,737675
-122.470,45.101,260.837,737696
-122.378,45.280,259.935,737717
-123.131,45.695,258.598,737738
-123.689,46.199,257.382,737759
-124.427,46.508,256.014,737780
-124.986,47.006,254.768,737801
-125.385,47.059,253.606,737822
-125.944,47.225,252.311,737843
-126.429,47.345,251.042,737864
-126.373,47.513,250.142,737885
-126.229,47.674,249.289,737906
-126.331,47.689,248.228,737927
-126.091,47.869,247.437,737948
-126.056,48.222,246.460,737969
-125.751,48.385,245.689,737990
-125.446,48.446,244.883,738011
-125.679,48.520,243.647,738032
-125.829,48.717,242.421,738053
-125.456,48.558,241.555,738074
-125.126,48.336,240.617,738095
-125.023,48.472,239.483,738116
-124.941,48.594,238.345,738137
-124.616,48.702,237.349,738158
-124.288,48.434,236.337,738179
-124.122,48.476,235.173,738200
-123.411,48.373,234.367,738221
-123.137,48.233,233.202,738242
-122.866,48.099,231.995,738263
-122.468,47.930,230.868,738284
-121.997,48.106,229.725,738305
-121.615,47.987,228.500,738326
-121.481,47.909,227.046,738347
-121.400,48.250,225.520,738368
-121.197,48.603,224.081,738389
-120.922,48.825,222.670,738410
-120.958,48.797,221.045,738431
-121.267,48.964,219.235,738452
-121.572,48.963,217.412,738473
-121.477,48.957,215.899,738494
-121.601,48.768,214.208,738515
-122.111,48.841,212.210,738536
-122.431,49.006,210.343,738557
-122.750,48.709,208.497,738578
-123.279,48.668,206.475,738599
-123.771,48.461,204.455,738620
-123.780,48.215,202.789,738641
-123.817,47.894,201.136,738662
-124.117,47.451,199.276,738683
-124.752,47.352,197.190,738704
-125.380,47.070,195.135,738725
-125.989,46.890,193.101,738746
-126.412,46.610,191.175,738767
-126.846,46.438,189.259,738788
-126.904,46.514,187.622,738809
-126.784,46.373,186.104,738830
-126.820,46.062,184.508,738851
-126.997,45.769,182.833,738872
-127.227,45.867,181.101,738893
-127.210,45.840,179.564,738914
-127.434,46.006,177.868,738935
-127.418,46.146,176.339,738956
-127.723,46.320,174.595,738977
-127.910,46.570,172.944,738998
-128.151,46.502,171.273,739019
-128.326,46.429,169.653,739040
-128.502,46.429,168.069,739061
-128.203,46.420,166.810,739082
-127.969,46.331,165.512,739103
-127.863,46.591,164.098,739124
-128.074,46.885,162.470,739145
-127.907,46.842,161.111,739166
-127.698,46.887,159.779,739187
-128.167,46.601,159.229,739208
-128.750,46.075,158.573,739229
-129.093,45.525,158.084,739250
-129.372,45.018,157.617,739271
-129.812,44.614,157.008,739292
-129.955,44.550,156.599,739313
-130.019,44.515,156.206,739334
-130.437,44.483,155.529,739355
-130.409,44.156,155.127,739376
-130.390,44.324,154.726,739397
-130.244,44.509,154.389,739418
-130.349,44.743,153.873,739439
-130.007,44.677,153.642,739460
-129.474,44.812,153.524,739481
-128.986,45.087,153.361,739502
-128.431,45.295,153.227,739523
-127.981,45.659,152.977,739544
-127.435,45.970,152.791,739565
-127.188,46.008,152.384,739586
-126.900,46.079,151.990,739607
-126.643,46.203,151.508,739628
-125.962,46.547,151.317,739649
-125.279,46.842,151.090,739670
-124.545,47.046,150.874,739691
-124.174,46.983,150.370,739712
-124.027,47.078,149.677,739733
-123.884,47.327,148.962,739754
-123.501,47.164,148.403,739775
-123.377,47.101,147.621,739796
-123.034,46.867,146.966,739817
-122.431,46.697,146.466,739838
-121.836,46.648,145.921,739859
-121.458,46.278,145.171,739880
-121.048,46.261,144.418,739901
-120.697,45.882,143.614,739922
-120.792,45.802,142.476,739943
-120.969,45.595,141.281,739964
-121.154,45.492,140.063,739985
-121.379,45.265,138.811,740006
-121.651,45.117,137.498,740027
-121.910,45.021,136.188,740048
-121.751,44.807,135.170,740069
-121.635,44.532,134.103,740090
-121.516,44.348,133.034,740111
-121.540,44.089,131.847,740132
-121.732,44.285,130.516,740153
-122.161,44.196,129.036,740174
-122.705,44.237,127.460,740195
-123.142,44.154,125.940,740216
-123.671,44.153,124.361,740237
-123.852,44.363,122.997,740258
-124.232,44.222,121.485,740279
-124.297,44.315,120.209,740300
-124.309,44.305,118.968,740321
-124.484,44.179,117.608,740342
-124.952,44.513,116.008,740363
-125.079,44.489,114.637,740384
-125.643,44.741,112.959,740405
-126.188,44.747,111.270,740426
-126.740,44.800,109.582,740447
-126.954,44.546,108.087,740468
-127.069,44.611,106.617,740489
-127.093,44.597,105.231,740510
-127.381,44.329,103.637,740531
-127.822,44.247,101.883,740552
-127.864,44.233,100.414,740573
-128.164,43.917,98.744,740594
-128.410,43.536,97.102,740615
-128.469,42.999,95.572,740636
-128.581,42.558,93.978,740657
-128.680,42.073,92.365,740678
-128.684,41.532,90.814,740699
-128.400,41.271,89.419,740720
-128.093,41.010,88.027,740741
-127.905,40.895,86.519,740762
-127.834,40.828,84.915,740783
-127.840,40.767,83.244,740804
-127.408,40.463,81.822,740825
-127.268,40.099,80.213,740846
-127.017,39.694,78.658,740867
-127.337,38.764,78.168,740888
-127.824,37.789,77.573,740909
-127.863,37.116,77.164,740930
-127.847,36.595,76.753,740951
-127.916,36.347,76.233,740972
-127.903,36.238,75.771,740993
-128.112,36.012,75.155,741014
-128.720,36.306,74.022,741035
-129.707,36.702,72.655,741056
-130.170,37.252,71.587,741077
-130.796,37.635,70.377,741098
-130.952,38.230,69.445,741119
-131.045,39.071,68.505,741140
-131.088,40.027,67.599,741161
-131.124,41.082,66.677,741182
-131.266,42.073,65.693,741203
-131.335,43.069,64.707,741224
-131.131,44.225,63.900,741245
-131.042,45.107,62.982,741266
-130.922,45.928,62.061,741287
-130.862,46.852,61.087,741308
-130.294,47.712,60.513,741329
-129.793,48.585,59.873,741350
-129.130,49.108,59.327,741371
-128.732,49.841,58.528,741392
-128.246,50.485,57.774,741413
-127.719,50.600,56.982,741434
-127.375,50.723,56.040,741455
-126.480,50.697,55.488,741476
-125.727,50.484,54.827,741497
-124.841,50.362,54.235,741518
-124.121,50.253,53.514,741539
-123.510,50.158,52.711,741560
-122.946,49.998,51.847,741581
-122.929,49.632,50.553,741602
-122.886,49.174,49.264,741623
-122.866,48.672,47.929,741644
-122.786,48.068,46.652,741665
-122.649,47.408,45.412,741686
-122.533,47.191,44.159,741707
-122.774,46.793,42.651,741728
-122.521,46.420,41.493,741749
-122.337,46.146,40.298,741770
-122.247,45.980,39.018,741791
-122.453,45.793,37.527,741812
-122.409,45.254,36.194,741833
-122.272,44.784,34.918,741854
-122.125,44.475,33.632,741875
-122.202,44.057,32.174,741896
-122.302,43.678,30.678,741917
-122.532,43.767,29.081,741938
-122.884,43.509,27.425,741959
-123.253,43.679,25.797,741980
-123.368,43.517,24.339,742001
-123.858,43.830,22.627,742022
-124.472,43.986,20.848,742043
-124.936,43.962,19.154,742064
-125.255,44.267,17.543,742085
-126.066,44.593,15.612,742106
-126.932,44.874,13.653,742127
-127.397,45.169,11.987,742148
-127.958,45.549,10.257,742169
-128.402,45.914,8.585,742190
-128.691,46.267,6.987,742211
-129.367,46.448,5.065,742232
-129.620,46.478,3.434,742253
-130.067,46.539,1.629,742274
-130.083,46.811,0.116,742295
-130.507,46.920,358.273,742316
-130.388,46.930,356.820,742337
-130.309,47.276,355.314,742358
-130.121,47.622,353.858,742379
-129.806,47.910,352.495,742400
-129.412,47.912,351.153,742421
-128.977,48.164,349.823,742442
-128.764,48.112,348.322,742463
-128.081,48.060,347.128,742484
-127.286,48.099,345.958,742505
-126.420,48.058,344.807,742526
-125.672,48.272,343.545,742547
-125.182,48.454,342.105,742568
-124.588,48.647,340.713,742589
-123.895,48.849,339.406,742610
-123.159,48.699,338.133,742631
-122.426,48.606,336.874,742652
-121.257,48.643,335.928,742673
-120.149,48.489,334.903,742694
-119.045,48.365,333.847,742715
-117.969,48.292,332.767,742736
-116.887,48.282,331.703,742757
-115.853,48.398,330.592,742778
-115.024,48.266,329.384,742799
-114.249,48.568,328.143,742820
-113.373,48.531,327.006,742841
-112.544,48.538,325.839,742862
-111.856,48.489,324.590,742883
-111.715,48.755,322.938,742904
-111.283,48.762,321.532,742925
-111.096,48.704,319.996,742946
-111.417,48.920,318.126,742967
-111.815,48.993,316.224,742988
-112.358,49.077,314.204,743009
-112.796,49.006,312.285,743030
-113.495,49.020,310.168,743051
-114.296,48.995,307.987,743072
-114.759,49.088,306.072,743093
-115.676,48.899,303.841,743114
-116.725,48.754,301.521,743135
-117.834,48.581,299.236,743156
-118.507,48.438,297.311,743177
-119.735,48.261,295.016,743199
-120.905,47.927,292.781,743220
-122.001,47.504,290.614,743241
-122.643,47.143,288.805,743262
-123.739,46.741,286.649,743283
-124.842,46.388,284.495,743304
-125.553,46.158,282.642,743325
-126.160,45.892,280.877,743346
-127.182,45.590,278.822,743367
-128.067,45.117,276.857,743388
-129.461,45.181,274.964,743409
-131.187,45.271,272.820,743430
-132.773,45.312,270.758,743451
-134.309,45.456,268.721,743472
-135.643,45.801,266.806,743493
-136.804,45.800,264.998,743514
-138.087,46.076,263.058,743535
-138.795,46.337,261.501,743556
-139.399,46.624,259.996,743577
-139.895,46.789,258.565,743598
-141.077,46.847,257.483,743620
-142.065,46.798,256.517,743641
-142.600,46.725,255.848,743662
-143.343,47.049,254.994,743683
-143.765,47.448,254.329,743704
-144.042,47.887,253.693,743725
-144.193,48.340,253.118,743746
-143.995,48.526,252.764,743767
-144.172,48.796,252.134,743788
-143.714,49.194,251.946,743809
-143.210,49.693,251.774,743830
-142.991,49.955,251.359,743851
-142.556,50.524,251.066,743872
-141.912,51.034,250.903,743893
-141.092,51.458,250.859,743914
-141.879,51.943,249.413,743935
-142.537,52.510,248.010,743956
-143.193,52.981,246.568,743977
-143.596,53.119,245.309,743998
-143.865,53.176,244.108,744019
-143.667,53.403,243.305,744040
-143.357,53.581,242.559,744061
-143.084,53.760,241.750,744082
-142.020,53.866,242.849,744103
-141.322,54.074,243.410,744124
-140.617,54.246,243.863,744145
-140.357,54.138,243.885,744166
-140.159,54.071,243.789,744187
-140.040,54.029,243.590,744208
-139.654,53.712,243.581,744229
-138.956,53.435,243.794,744250
-138.372,53.365,243.873,744271
-137.886,53.349,243.874,744292
-137.332,53.082,243.880,744313
-136.779,52.926,243.860,744334
-136.215,52.742,243.813,744355
-135.971,52.753,243.439,744376
-136.052,52.689,242.757,744397
-135.877,52.265,242.237,744418
-135.421,51.830,241.914,744439
-135.428,51.546,241.237,744460
-135.344,51.448,240.606,744481
-134.948,50.963,240.216,744502
-134.585,50.473,239.776,744523
-134.267,50.407,239.298,744544
-133.961,50.338,238.780,744565
-133.943,50.406,238.005,744586
-133.912,50.168,237.219,744607
-133.622,49.923,236.610,744628
-133.246,49.726,236.070,744649
-132.746,49.790,235.591,744670
-132.167,49.769,235.171,744691
-132.190,49.762,234.268,744712
-132.044,49.941,233.472,744733
-132.148,49.936,232.521,744754
-132.271,49.954,231.555,744775
-131.895,49.937,231.000,744796
-131.885,49.661,230.175,744817
-131.606,49.348,229.544,744838
-131.150,49.166,229.066,744859
-130.722,49.028,228.565,744880
-130.711,48.741,227.784,744901
-130.269,48.547,227.308,744922
-130.085,48.229,226.660,744943
-130.130,48.290,225.835,744964
-130.073,47.967,225.081,744985
-129.965,47.635,224.406,745006
-129.969,47.306,223.659,745027
-130.190,47.165,222.763,745048
-130.175,47.231,222.046,745069
-129.861,47.054,221.536,745090
-130.108,47.054,220.606,745111
-129.839,46.924,220.069,745132
-130.059,47.061,219.157,745153
-130.318,47.180,218.215,745174
-129.996,47.195,217.704,745195
-129.918,47.129,217.001,745216
-129.677,47.087,216.445,745237
-129.293,47.173,215.993,745258
-128.904,47.302,215.522,745279
-128.901,47.677,214.782,745300
-129.060,47.964,213.893,745321
-128.728,47.974,213.372,745342
-128.524,48.210,212.734,745363
-128.667,48.440,211.829,745384
-128.733,48.338,210.957,745405
-128.476,48.167,210.307,745426
-128.472,48.024,209.463,745447
-128.456,47.855,208.629,745468
-128.259,48.007,207.942,745489
-128.105,48.170,207.203,745510
-127.895,48.260,206.507,745531
-128.089,48.126,205.506,745552
-128.339,48.186,204.439,745573
-128.179,47.896,203.663,745594
-128.275,47.691,202.685,745615
-128.144,47.403,201.864,745636
-127.806,47.092,201.193,745657
-127.385,46.926,200.574,745678
-127.309,47.014,199.720,745699
-127.474,47.032,198.698,745720
-127.604,47.139,197.685,745741
-127.828,46.992,196.611,745762
-127.680,47.099,195.809,745783
-127.982,47.032,194.660,745804
-127.716,46.881,193.941,745825
-127.458,46.737,193.215,745846
-127.188,46.560,192.499,745867
-127.174,46.322,191.618,745888
-127.081,46.499,190.766,745909
-127.112,46.683,189.839,745930
-127.147,46.879,188.928,745951
-127.110,46.660,188.077,745972
-127.249,46.916,187.101,745993
-127.223,46.752,186.303,746014
-127.297,46.650,185.413,746035
-127.471,46.665,184.445,746056
-127.374,46.508,183.666,746077
-127.067,46.594,183.047,746098
-126.797,46.732,182.386,746119
-126.994,46.733,181.403,746140
-127.077,47.046,180.501,746161
-127.104,47.347,179.664,746182
-127.294,47.527,178.711,746203
-127.463,47.742,177.763,746224
-127.102,47.698,177.189,746245
-126.825,47.834,176.556,746266
-126.557,47.716,175.921,746287
-126.284,47.601,175.312,746308
-126.358,47.817,174.465,746329
-126.488,47.659,173.595,746350
-126.648,47.478,172.747,746371
-126.749,47.242,171.945,746392
-126.977,47.312,171.074,746413
-126.717,47.330,170.552,746434
-126.397,47.260,170.044,746455
-126.113,47.017,169.477,746476
-125.746,46.786,168.939,746497
-125.747,46.973,168.141,746518
-125.943,47.036,167.220,746539
-125.622,47.086,166.685,746560
-125.705,46.924,165.833,746581
-125.915,46.966,164.880,746602
-126.132,47.069,163.932,746623
-125.880,47.058,163.297,746644
-126.174,47.106,162.325,746665
-125.969,46.984,161.710,746686
-125.696,46.906,161.190,746707
-125.448,46.945,160.618,746728
-125.683,47.037,159.696,746749
-125.785,46.829,158.871,746770
-126.027,46.734,157.944,746791
-125.976,46.496,157.243,746812
-126.345,46.615,156.243,746833
-126.532,46.416,155.385,746854
-126.478,46.545,154.662,746875
-126.386,46.487,153.977,746896
-126.351,46.326,153.238,746917
-126.712,46.278,152.218,746938
-127.086,46.225,151.216,746959
-127.441,46.204,150.225,746980
-127.465,46.332,149.435,747001
-127.648,46.492,148.515,747022
-127.620,46.537,147.727,747043
-127.498,46.494,146.989,747064
-127.375,46.389,146.223,747086
-127.367,46.142,145.343,747107
-127.364,46.195,144.414,747128
-127.750,46.128,143.177,747149
-128.122,45.965,141.932,747170
-128.406,45.719,140.731,747191
-128.624,45.460,139.588,747212
-128.839,45.297,138.446,747233
-128.494,45.167,137.705,747254
-128.343,44.774,136.825,747275
-128.170,44.816,135.975,747296
-127.900,44.880,135.201,747317
-127.647,44.563,134.424,747338
-127.607,44.370,133.520,747359
-127.488,44.541,132.661,747380
-127.492,44.593,131.751,747401
-127.484,44.474,130.868,747422
-127.025,44.546,130.329,747443
-126.529,44.570,129.830,747464
-126.240,44.313,129.213,747485
-125.780,44.377,128.674,747506
-125.317,44.372,128.137,747527
-125.026,44.580,127.453,747548
-124.689,44.488,126.807,747569
-124.868,44.542,125.793,747590
-124.987,44.522,124.803,747611
-125.231,44.661,123.720,747632
-125.529,44.791,122.581,747653
-125.363,44.929,121.757,747674
-125.553,44.758,120.730,747695
-125.375,44.684,119.943,747716
-125.231,44.712,119.132,747737
-125.187,44.802,118.233,747758
-125.532,44.655,117.037,747779
-125.460,44.707,116.116,747800
-125.758,44.532,114.920,747821
-126.068,44.438,113.708,747842
-126.314,44.238,112.530,747863
-126.365,44.353,111.477,747884
-126.405,44.474,110.438,747905
-126.672,44.291,109.227,747926
-126.961,44.153,108.014,747947
-127.258,44.074,106.797,747968
-127.500,43.913,105.628,747989
-127.264,43.826,104.799,748010
-127.043,43.713,103.943,748031
-126.837,43.597,103.081,748052
-126.761,43.448,102.098,748073
-126.843,43.353,101.009,748094
-126.663,43.606,100.089,748115
-126.557,43.895,99.116,748136
-126.355,44.132,98.223,748157
-126.379,44.349,97.185,748178
-126.485,44.417,96.076,748199
-126.595,44.486,94.978,748220
-126.255,44.342,94.185,748241
-127.559,44.729,92.109,748262
-128.419,45.211,90.338,748283
-129.181,45.604,88.646,748304
-129.806,45.807,87.051,748325
-130.282,46.023,85.560,748346
-131.165,46.225,83.800,748367
-131.823,46.252,82.181,748388
-132.126,46.129,80.829,748409
-132.538,46.094,79.393,748430
-132.867,46.283,77.980,748451
-133.032,46.494,76.697,748472
-133.018,46.732,75.556,748493
-132.505,46.737,74.732,748514
-132.233,46.978,73.749,748535
-131.869,47.175,72.835,748556
-131.505,46.961,71.888,748577
-130.760,46.830,71.234,748598
-130.426,46.660,70.251,748619
-130.046,46.441,69.316,748640
-129.331,46.113,68.611,748661
-127.777,45.865,69.053,748682
-126.233,45.689,69.471,748703
-124.739,45.538,69.827,748724
-123.279,45.421,70.184,748745
-121.779,45.232,70.532,748766
-120.879,45.064,70.427,748787
-120.061,44.935,70.257,748808
-118.880,44.742,70.347,748829
-118.164,44.906,70.083,748850
-117.662,44.763,69.685,748871
-117.361,44.692,69.149,748892
-116.780,44.769,68.805,748913
-116.402,44.974,68.316,748934
-116.300,45.269,67.602,748955
-116.203,45.553,66.866,748976
-116.150,45.842,66.084,748997
-116.141,46.100,65.249,749018
-116.435,46.069,64.194,749039
-116.874,46.106,63.033,749060
-117.020,46.283,62.063,749081
-117.229,46.537,61.027,749102
-117.500,46.821,59.924,749123
-117.788,47.092,58.899,749144
-117.321,47.458,58.458,749165
-117.381,47.746,57.601,749186
-117.503,48.007,56.702,749207
-117.676,48.159,55.769,749228
-117.473,48.330,55.082,749249
-117.826,48.443,53.985,749270
-118.173,48.438,52.838,749291
-118.136,48.467,51.952,749312
-118.150,48.646,50.995,749333
-118.188,48.770,50.003,749354
-118.460,48.947,48.785,749375
-118.576,49.010,47.648,749396
-119.033,48.943,46.272,749417
-119.088,48.529,45.174,749438
-119.462,48.431,43.826,749459
-119.794,48.098,42.496,749480
-119.198,48.035,41.807,749501
-118.661,47.762,41.031,749522
-118.550,47.546,39.915,749543
-118.046,47.488,39.050,749564
-117.577,47.425,38.155,749585
-117.410,47.093,37.039,749606
-117.468,46.909,35.732,749628
-117.368,46.595,34.493,749649
-117.400,46.348,33.114,749670
-117.212,46.042,31.875,749691
-117.005,46.007,30.580,749712
-116.946,46.026,29.120,749733
-117.517,45.635,28.963,749754
-118.244,45.403,28.581,749775
-119.098,45.161,28.010,749796
-120.031,44.818,27.262,749817
-120.819,44.341,26.569,749838
-121.602,43.976,25.768,749859
-122.275,43.545,24.986,749880
-122.475,43.261,24.471,749901
-122.671,43.005,23.893,749922
-123.251,43.009,23.012,749943
-123.691,43.093,22.181,749964
-124.227,43.148,21.267,749985
-124.621,42.961,20.375,750006
-124.958,42.853,19.528,750027
-125.118,42.743,18.768,750048
-125.099,42.871,18.112,750069
-125.527,43.017,17.116,750090
-125.564,43.329,16.360,750111
-125.654,43.658,15.527,750132
-125.914,44.110,14.523,750153
-126.309,44.565,13.431,750174
-126.733,44.994,12.297,750195
-127.108,45.108,11.277,750216
-127.122,45.497,10.550,750237
-127.411,45.618,9.624,750258
-127.679,45.760,8.701,750279
-127.798,45.810,7.845,750300
-127.573,46.101,7.198,750321
-127.353,46.375,6.515,750342
-127.574,46.653,5.497,750363
-127.716,46.968,4.508,750384
-127.631,47.257,3.650,750405
-127.773,47.206,2.653,750426
-127.816,47.098,1.725,750447
-127.482,47.168,1.068,750468
-127.145,47.220,0.361,750489
-126.937,47.044,359.561,750510
-126.551,46.956,358.844,750531
-126.349,47.156,358.022,750552
-126.117,47.282,357.188,750573
-126.319,47.241,356.038,750594
-126.307,46.986,355.031,750615
-126.431,46.796,353.918,750636
-126.172,46.813,353.085,750657
-126.238,46.546,352.027,750678
-126.346,46.303,350.908,750699
-126.150,46.358,350.009,750720
-125.882,46.335,349.146,750741
-125.928,46.429,348.030,750762
-125.673,46.141,347.132,750783
-125.690,46.282,346.030,750804
-125.347,46.299,345.205,750825
-125.232,46.052,344.208,750846
-125.187,45.843,343.156,750867
-124.834,45.626,342.320,750888
-124.832,45.489,341.214,750909
-124.914,45.390,340.038,750930
-125.042,45.456,338.819,750951
-125.088,45.610,337.658,750972
-124.978,45.716,336.571,750993
-124.814,45.489,335.530,751014
-124.938,45.708,334.286,751035
-124.755,45.737,333.277,751056
-124.994,45.630,331.951,751077
-124.771,45.532,330.955,751098
-124.537,45.439,329.976,751119
-124.309,45.466,328.988,751140
-124.299,45.692,327.842,751161
-124.447,45.573,326.614,751182
-124.697,45.545,325.292,751203
-124.977,45.601,323.936,751224
-125.094,45.375,322.727,751245
-125.041,45.511,321.665,751266
-124.978,45.302,320.600,751287
-124.935,45.471,319.537,751308
-124.856,45.584,318.502,751329
-124.954,45.421,317.355,751350
-125.057,45.681,316.191,751371
-125.203,45.924,315.007,751392
-125.609,45.931,313.643,751413
-126.013,46.006,312.294,751434
-126.425,46.102,310.957,751455
-126.301,46.063,310.004,751476
-126.511,45.826,308.844,751497
-126.571,45.519,307.784,751518
-126.399,45.358,306.862,751539
-126.674,45.510,305.659,751561
-126.573,45.289,304.720,751582
-126.862,45.309,303.510,751603
-127.027,45.149,302.403,751624
-126.871,45.240,301.519,751645
-126.634,45.198,300.727,751666
-126.382,45.158,299.952,751687
-126.128,45.147,299.176,751708
-126.007,44.956,298.299,751729
-126.010,45.161,297.310,751750
-125.922,44.962,296.396,751771
-125.986,45.177,295.412,751792
-126.099,45.112,294.374,751813
-125.714,45.128,293.709,751834
-125.383,44.939,293.040,751855
-125.247,45.205,292.213,751876
-125.246,45.240,291.298,751897
-124.775,45.355,290.725,751918
-124.774,45.465,289.828,751939
-124.409,45.787,289.191,751960
-124.418,46.132,288.281,751981
-123.966,46.306,287.686,752002
-124.078,46.649,286.663,752023
-123.729,46.733,285.989,752044
-123.366,46.855,285.309,752065
-123.201,46.863,284.508,752086
-122.992,47.166,283.723,752107
-122.746,47.244,282.978,752128
-122.509,47.288,282.224,752149
-122.630,47.672,281.187,752170
-122.927,47.930,280.003,752191
-123.128,47.914,278.922,752212
-123.261,47.812,277.856,752233
-123.463,47.763,276.761,752254
-123.356,47.953,275.897,752275
-123.660,47.927,274.740,752296
-123.494,47.954,273.903,752317
-123.332,47.762,273.072,752338
-123.255,47.834,272.165,752359
-123.444,48.041,271.066,752380
-123.816,47.914,269.817,752401
-124.103,47.719,268.610,752422
-124.489,47.672,267.340,752443
-124.546,47.393,266.286,752464
-124.326,47.214,265.438,752485
-124.389,47.371,264.373,752506
-124.306,47.489,263.415,752527
-124.489,47.597,262.276,752548
-124.717,47.555,261.102,752569
-124.429,47.319,260.324,752590
-124.678,47.277,259.143,752611
-124.734,47.033,258.109,752632
-124.465,46.858,257.314,752653
-124.380,46.594,256.374,752674
-124.455,46.390,255.302,752695
-124.633,46.307,254.159,752716
-124.379,46.075,253.336,752737
-124.329,46.246,252.378,752758
-124.089,46.309,251.584,752779
-124.054,46.485,250.632,752800
-123.784,46.323,249.876,752821
-123.858,46.148,248.868,752842
-124.091,46.196,247.754,752863
-124.359,46.319,246.623,752884
-124.376,46.637,245.666,752905
-124.639,46.713,244.564,752926
-124.853,46.984,243.487,752947
-124.625,46.971,242.756,752968
-124.793,47.260,241.695,752989
-124.524,47.206,240.957,753010
-124.608,47.483,239.936,753031
-124.413,47.679,239.126,753052
-124.368,47.513,238.207,753073
-124.137,47.645,237.403,753094
-124.232,47.480,236.371,753115
-124.464,47.583,235.254,753136
-124.534,47.360,234.272,753157
-124.629,47.130,233.281,753178
-124.845,47.257,232.223,753199
-124.684,47.157,231.419,753221
-124.856,46.907,230.363,753242
-125.249,46.929,229.173,753263
-125.134,46.776,228.333,753284
-125.255,46.917,227.353,753305
-125.622,46.987,226.190,753326
-125.649,47.024,225.306,753347
-125.697,47.040,224.428,753368
-126.245,47.096,223.180,753389
-126.632,46.815,222.084,753410
-126.714,46.577,221.216,753431
-126.935,46.315,220.253,753452
-126.869,46.133,219.503,753473
-127.023,45.885,218.566,753494
-127.107,46.039,217.730,753515
-127.306,46.237,216.846,753536
-127.727,46.165,215.781,753557
-128.088,46.417,214.781,753578
-128.232,46.619,213.920,753599
-128.273,46.546,213.154,753620
-128.580,46.474,212.195,753641
-128.690,46.779,211.384,753662
-129.147,46.859,210.345,753683
-129.124,47.091,209.666,753704
-129.211,47.380,208.904,753725
-129.314,47.673,208.118,753746
-129.535,47.933,207.253,753767
-129.849,48.059,206.342,753788
-129.997,47.911,205.550,753809
-129.727,47.776,205.073,753830
-129.599,47.571,204.489,753851
-129.291,47.394,204.012,753872
-128.947,47.232,203.537,753893
-128.454,47.067,203.150,753914
-128.304,46.861,202.506,753935
-127.772,46.681,202.146,753956
-127.777,46.709,201.396,753977
-127.756,46.544,200.664,753998
-127.686,46.573,199.935,754019
-127.089,46.432,199.600,754040
-126.598,46.470,199.168,754061
-126.192,46.150,198.680,754082
-125.652,45.901,198.261,754103
-125.516,45.997,197.563,754124
-125.163,46.218,197.020,754145
-125.024,46.152,196.295,754166
-124.927,46.216,195.526,754187
-124.346,46.056,195.054,754208
-124.274,46.112,194.212,754229
-123.838,46.253,193.633,754250
-123.283,46.223,193.123,754271
-122.847,46.063,192.471,754292
-122.498,45.915,191.730,754313
-122.456,46.014,190.738,754334
-122.118,46.352,189.946,754355
-122.076,46.583,188.943,754376
-121.998,46.707,187.927,754397
-121.877,47.049,186.921,754418
-121.751,47.393,185.873,754439
-121.231,47.478,185.101,754460
-120.720,47.565,184.288,754481
-120.246,47.541,183.430,754502
-119.784,47.488,182.522,754523
-119.339,47.568,181.598,754544
-118.971,47.416,180.610,754565
-119.041,47.526,179.293,754586
-119.236,46.691,177.683,754607
-119.518,46.026,176.015,754628
-119.715,45.416,174.464,754649
-119.832,44.842,172.991,754670
-119.573,44.353,171.805,754691
-119.339,43.917,170.625,754712
-119.265,43.833,169.352,754733
-119.525,43.768,167.852,754754
-119.376,43.560,166.646,754775
-119.448,43.481,165.264,754796
-119.798,43.430,163.685,754817
-120.293,43.223,162.029,754838
-120.781,43.125,160.374,754859
-120.901,42.959,158.937,754880
-121.029,42.787,157.474,754901
-121.183,42.589,155.956,754922
-120.454,42.797,155.252,754943
-119.773,42.948,154.469,754964
-119.371,43.261,153.451,754985
-119.359,43.296,152.119,755006
-119.431,43.268,150.691,755027
-119.366,43.205,149.342,755048
-119.671,43.326,147.684,755069
-120.044,43.379,145.954,755090
-119.985,43.370,144.498,755111
-120.065,43.525,142.888,755132
-120.587,43.465,140.975,755153
-121.214,43.388,138.977,755174
-121.442,43.322,137.247,755195
-122.222,43.318,135.107,755216
-123.048,43.220,132.920,755237
-123.879,43.014,130.715,755258
-125.502,43.537,128.674,755279
-126.629,43.810,126.915,755300
-127.741,44.074,125.071,755321
-128.747,44.197,123.255,755342
-129.716,44.493,121.404,755363
-130.434,44.553,119.653,755384
-131.519,44.473,117.636,755405
-132.410,44.228,115.691,755426
-132.985,44.204,113.888,755447
-133.675,43.867,111.967,755468
-134.086,43.328,110.240,755489
-134.650,42.413,109.064,755510
-134.861,41.763,108.499,755531
-134.806,41.071,108.060,755552
-135.515,40.493,107.066,755573
-136.069,40.170,106.169,755594
-135.909,39.764,105.733,755615
-135.847,39.324,105.230,755636
-135.665,39.012,104.778,755658
-135.324,39.014,104.361,755679
-134.820,39.234,103.999,755700
-134.183,39.535,103.693,755721
-133.724,39.647,103.254,755742
-133.056,40.117,102.881,755763
-132.295,40.369,102.556,755784
-131.851,40.980,101.987,755805
-131.309,41.556,101.450,755826
-130.353,42.230,101.183,755847
-129.655,42.881,100.773,755868
-128.582,43.129,100.596,755889
-127.433,43.626,100.464,755910
-126.344,44.168,100.291,755931
-125.362,44.754,100.039,755952
-124.717,45.127,99.527,755973
-123.816,45.311,99.187,755994
-123.155,45.918,98.667,756015
-122.220,46.408,98.344,756036
-121.724,46.721,97.672,756057
-121.272,46.969,96.968,756078
-120.421,47.257,96.543,756099
-119.732,47.637,95.975,756120
-119.231,47.554,95.264,756141
-119.008,47.853,94.329,756162
-118.992,47.860,93.214,756183
-119.134,47.920,91.971,756204
-118.881,47.673,91.017,756225
-119.023,47.799,89.767,756246
-119.226,47.878,88.493,756267
-119.371,47.491,87.242,756288
-119.440,47.144,86.054,756309
-120.006,46.941,84.492,756330
-120.144,46.717,83.253,756351
-120.743,46.604,81.653,756372
-121.210,46.033,80.168,756393
-121.706,45.442,78.639,756414
-122.106,45.145,77.178,756435
-122.975,44.737,75.367,756456
-123.530,44.163,73.810,756477
-124.152,44.063,72.212,756498
-124.551,43.860,70.751,756519
-125.175,43.828,69.146,756540
-125.892,43.869,67.474,756561
-126.767,43.637,65.680,756582
-127.598,43.514,63.895,756603
-127.936,43.549,62.458,756624
-128.226,43.636,61.055,756645
-128.428,43.732,59.699,756666
-128.624,43.641,58.375,756687
-129.193,43.860,56.757,756708
-129.268,44.133,55.500,756729
-129.610,44.170,54.037,756750
-129.973,44.286,52.545,756771
-130.244,44.373,51.118,756792
-130.134,44.722,49.941,756813
-130.425,45.094,48.480,756834
-130.346,45.183,47.258,756855
-130.201,45.260,46.092,756876
-129.792,45.580,45.136,756897
-129.356,45.946,44.181,756918
-128.956,46.344,43.158,756939
-128.675,46.781,42.029,756960
-128.187,47.072,41.036,756981
-127.628,47.185,40.080,757002
-127.450,47.201,38.842,757023
-126.931,47.102,37.839,757044
-126.308,47.198,36.862,757065
-126.036,47.055,35.641,757086
-125.441,46.898,34.672,757107
-125.032,46.667,33.556,757128
-124.826,46.529,32.274,757149
-124.703,46.515,30.897,757170
-124.571,46.551,29.515,757191
-123.955,46.371,28.449,757212
-123.899,46.238,26.924,757233
-123.437,45.941,25.668,757254
-123.053,46.038,24.314,757275
-122.559,45.974,22.999,757296
-122.540,45.804,21.320,757317
-122.129,45.582,19.895,757338
-122.024,45.713,18.223,757359
-122.115,45.782,16.418,757380
-121.770,45.839,14.873,757401
-121.874,45.929,12.981,757422
-121.869,45.791,11.148,757443
-121.473,45.821,9.539,757464
-121.329,45.703,7.729,757485
-121.022,45.734,5.988,757506
-120.738,45.833,4.222,757527
-120.909,45.899,2.113,757548
-121.137,45.963,359.958,757569
-121.246,46.371,357.871,757590
-121.528,46.404,355.658,757611
-121.634,46.379,353.599,757632
-122.136,46.688,351.235,757653
-122.683,46.929,348.843,757674
-122.746,47.140,346.792,757695
-122.872,47.210,344.703,757716
-123.501,47.337,342.259,757737
-124.200,47.492,339.761,757758
-124.855,47.670,337.305,757779
-125.144,47.828,335.087,757800
-125.765,47.733,332.644,757821
-125.907,47.442,330.560,757842
-126.040,47.100,328.508,757863
-126.064,47.055,326.549,757884
-125.991,46.906,324.698,757905
-125.860,46.646,322.884,757926
-127.241,47.581,321.114,757947
-128.572,48.356,319.353,757968
-129.739,49.183,317.660,757989
-130.910,49.765,315.914,758010
-131.993,50.250,314.180,758031
-132.467,50.503,312.854,758052
-132.916,51.041,311.526,758073
-133.192,51.326,310.306,758094
-133.412,51.552,309.154,758115
-133.917,51.695,307.739,758136
-134.235,52.185,306.483,758157
-134.631,52.238,305.125,758178
-134.976,52.246,303.791,758199
-135.236,52.192,302.508,758220
-135.349,52.297,301.279,758241
-134.825,51.999,300.530,758262
-134.288,51.880,299.725,758283
-133.621,51.640,298.993,758304
-132.975,51.403,298.209,758325
-132.241,51.063,297.473,758346
-131.410,50.609,296.813,758367
-130.988,50.465,295.811,758388
-130.669,50.231,294.723,758409
-130.267,49.791,293.677,758430
-129.368,49.254,292.996,758451
-128.738,49.109,292.050,758472
-127.809,48.894,291.333,758493
-126.778,48.435,290.650,758514
-125.728,48.074,289.937,758535
-124.849,47.609,289.089,758556
-123.860,47.277,288.305,758577
-123.399,47.001,287.103,758598
-122.955,46.755,285.869,758619
-122.569,46.541,284.573,758640
-121.860,46.346,283.484,758661
-121.537,46.202,282.107,758682
-121.049,46.437,280.801,758703
-120.799,46.796,279.311,758724
-120.496,47.162,277.875,758745
-120.307,47.241,276.328,758766
-120.632,47.729,274.419,758787
-120.619,47.991,272.728,758808
-120.844,48.165,270.865,758829
-121.606,48.626,268.589,758850
-121.910,48.843,266.644,758871
-122.749,49.386,264.256,758892
-123.525,49.504,261.958,758913
-124.118,49.577,259.765,758934
-125.227,49.780,257.169,758955
-126.362,50.011,254.569,758976
-127.507,50.180,251.973,758997
-128.535,50.398,249.463,759018
-129.375,50.176,247.104,759039
-130.023,49.896,244.876,759060
-130.505,49.697,242.780,759081
-131.000,49.559,240.661,759102
-131.527,49.548,238.506,759123
-131.883,49.179,236.502,759144
-132.318,48.727,234.467,759165
-133.001,48.474,232.256,759186
-133.277,48.006,230.343,759207
-133.717,47.798,228.332,759228
-133.881,47.352,226.549,759249
-133.723,46.857,224.995,759270
-133.419,46.642,223.516,759291
-133.535,46.290,221.750,759312
-133.581,46.143,220.036,759333
-133.622,45.978,218.337,759354
-133.073,45.734,217.070,759375
-133.007,45.651,215.485,759396
-132.411,45.449,214.283,759417
-131.812,45.269,213.063,759438
-131.067,45.215,211.970,759459
-130.275,45.281,210.907,759480
-129.666,45.610,209.735,759501
-129.243,45.632,208.452,759522
-128.605,46.002,207.327,759543
-128.106,46.414,206.114,759564
-127.509,46.830,204.971,759585
-127.210,46.988,203.626,759606
-126.556,47.027,202.542,759627
-126.172,47.082,201.273,759648
-125.676,47.107,200.078,759669
-125.071,47.349,198.982,759690
-124.839,47.367,197.628,759711
-124.715,47.424,196.195,759732
-124.309,47.705,194.963,759753
-123.939,47.969,193.722,759774
-124.019,48.099,192.167,759795
-124.158,48.125,190.554,759816
-123.947,47.946,189.212,759837
-123.924,48.158,187.731,759858
-123.838,47.960,186.314,759879
-124.137,48.181,184.600,759900
-124.372,48.387,182.940,759921
-124.818,48.513,181.137,759942
-124.923,48.273,179.570,759963
-125.337,48.025,177.762,759984
-125.602,47.717,176.067,760005
-125.929,47.410,174.316,760026
-126.503,47.492,172.408,760047
-126.602,47.323,170.856,760068
-126.869,47.045,169.193,760089
-127.014,47.055,167.601,760110
-127.543,47.072,165.743,760131
-128.069,47.077,163.894,760152
-128.605,46.952,162.042,760173
-128.734,46.529,160.504,760194
-129.121,46.557,158.767,760215
-129.578,46.329,157.005,760236
-129.562,46.270,155.560,760257
-129.510,46.264,154.163,760278
-129.375,46.198,152.854,760299
-129.410,46.409,151.442,760320
-129.662,46.459,149.882,760341
-129.819,46.343,148.403,760362
-129.953,46.214,146.926,760383
-129.790,46.357,145.656,760404
-129.952,46.261,144.184,760425
-129.768,46.105,142.950,760446
-129.564,46.134,141.720,760467
-129.346,46.206,140.493,760488
-129.609,46.390,138.954,760509
-129.745,46.328,137.475,760530
-129.570,46.181,136.209,760551
-129.271,46.341,135.070,760572
-129.290,46.560,133.711,760593
-129.196,46.359,132.428,760614
-129.261,46.248,131.062,760635
-129.170,46.033,129.776,760656
-129.196,46.324,128.427,760677
-129.289,46.616,127.046,760698
-129.655,46.995,125.459,760719
-130.093,47.052,123.816,760740
-130.464,47.307,122.233,760761
-130.440,47.144,120.930,760782
-130.189,47.074,119.798,760803
-130.411,46.974,118.317,760824
-130.203,47.076,117.148,760845
-129.798,46.930,116.148,760866
-129.475,46.640,115.090,760887
-129.276,46.365,113.934,760908
-128.695,46.360,113.029,760929
-128.064,46.367,112.153,760950
-127.844,46.312,110.949,760971
-127.411,46.026,109.904,760992
-127.082,45.787,108.772,761013
-126.462,45.802,107.883,761034
-125.989,45.460,106.865,761055
-125.449,45.482,105.900,761076
-124.874,45.512,104.978,761097
-124.315,45.511,104.043,761118
-123.715,45.534,103.141,761139
-123.585,45.428,101.881,761160
-123.471,45.367,100.616,761181
-123.166,45.129,99.498,761202
-122.793,44.907,98.440,761223
-122.635,44.701,97.226,761244
-122.647,44.574,95.907,761265
-121.568,44.666,95.711,761286
-120.548,44.772,95.457,761307
-119.757,45.064,95.071,761328
-119.477,45.373,94.304,761349
-119.261,45.724,93.488,761370
-119.100,46.092,92.623,761391
-119.114,46.256,91.632,761412
-119.163,46.566,90.628,761434
-118.848,46.593,89.885,761455
-118.637,46.749,89.060,761476
-118.494,46.890,88.183,761497
-118.899,47.233,86.902,761518
-119.055,47.131,85.801,761539
-119.445,46.991,84.499,761560
-120.130,46.980,82.964,761581
-120.329,46.960,81.781,761602
-120.900,46.695,80.296,761623
-121.254,46.665,78.957,761644
-121.232,46.713,77.874,761665
-121.210,46.662,76.779,761686
-121.778,46.636,75.238,761707
-122.031,46.744,73.924,761728
-122.228,46.441,72.620,761749
-122.630,46.301,71.126,761770
-122.845,45.982,69.735,761791
-123.204,45.691,68.225,761812
-123.547,45.345,66.684,761833
-123.505,45.099,65.424,761854
-123.549,44.927,64.075,761875
-123.982,44.927,62.417,761896
-124.330,44.923,60.767,761917
-124.391,44.821,59.293,761938
-124.380,44.630,57.826,761959
-124.715,44.277,56.102,761980
-125.017,43.901,54.372,762001
-124.952,43.568,52.869,762022
-125.538,42.973,52.469,762043
-126.015,42.353,52.076,762064
-126.603,41.926,51.520,762085
-127.396,41.470,50.769,762106
-127.618,41.050,50.347,762127
-128.177,40.694,49.644,762148
-128.621,40.463,48.978,762169
-128.423,40.411,48.691,762190
-128.473,40.261,48.204,762211
-128.466,40.290,47.713,762232
-128.307,40.284,47.275,762253
-127.955,40.254,46.907,762274
-127.325,40.484,46.693,762295
-126.974,40.954,46.249,762316
-126.820,41.090,45.694,762337
-126.762,41.350,45.439,762358
-126.412,41.607,45.334,762379
-126.326,41.668,45.026,762400
-125.914,41.721,44.915,762421
-125.343,42.095,44.891,762442
-124.823,42.297,44.830,762463
-124.168,42.629,44.827,762484
-123.982,42.823,44.777,762505
-123.552,43.336,44.861,762526
-123.137,43.829,44.874,762547
-122.863,44.341,44.774,762568
-122.578,44.827,44.678,762589
-122.389,45.251,44.482,762610
-121.745,45.553,44.556,762631
-121.541,45.745,44.290,762652
-121.101,45.768,44.134,762673
-120.479,45.948,44.086,762694
-119.914,46.177,43.946,762715
-119.591,46.532,43.630,762736
-119.652,46.744,43.035,762757
-119.393,46.622,42.661,762778
-119.101,46.819,42.323,762799
-119.101,46.693,41.742,762820
-119.206,46.622,41.056,762841
-118.890,46.509,40.651,762862
-119.066,46.354,39.876,762883
-118.779,46.225,39.430,762904
-118.613,46.203,38.895,762925
-118.547,46.269,38.307,762946
-118.969,46.150,37.386,762967
-119.412,46.197,36.447,762988
-119.896,45.991,35.479,763009
-120.460,45.956,34.421,763030
-121.071,45.798,33.308,763051
-121.588,45.501,32.260,763072
-121.899,45.184,31.348,763093
-122.086,45.151,30.555,763114
-122.279,45.158,29.737,763135
-122.876,45.230,28.658,763156
-123.457,45.216,27.571,763177
-123.879,45.418,26.597,763198
-124.133,45.256,25.707,763219
-124.340,45.106,24.850,763240
-124.355,45.235,24.090,763261
-124.338,45.410,23.350,763282
-124.267,45.433,22.633,763303
-124.247,45.449,21.876,763324
-124.640,45.685,20.844,763345
-124.705,46.076,20.060,763366
-124.859,46.469,19.196,763387
-124.740,46.869,18.524,763408
-124.581,46.882,17.890,763429
-124.310,47.314,17.305,763450
-123.894,47.310,16.808,763471
-123.473,47.272,16.312,763492
-123.104,47.630,15.746,763513
-122.349,47.626,15.464,763534
-121.928,47.622,14.915,763555
-121.609,47.674,14.278,763576
-121.000,47.530,13.845,763597
-120.467,47.806,13.343,763618
-119.687,47.718,13.010,763639
-118.981,47.525,12.616,763660
-118.262,47.402,12.210,763681
-117.689,47.484,11.680,763702
-117.048,47.385,11.190,763723
-116.512,47.144,10.638,763744
-116.472,47.171,9.689,763765
-116.361,47.234,8.764,763786
-116.433,47.095,7.677,763807
-116.556,46.862,6.526,763828
-116.706,46.621,5.354,763849
-116.882,46.348,4.124,763870
-116.654,46.090,3.189,763891
-116.905,45.744,1.890,763912
-117.039,45.338,0.681,763933
-117.279,45.353,359.392,763954
-117.745,45.246,357.958,763975
-118.247,45.111,356.504,763996
-118.738,44.865,355.045,764017
-118.991,44.918,353.773,764038
-119.114,44.686,352.574,764059
-119.375,44.389,351.281,764080
-120.023,44.298,349.697,764101
-120.238,44.291,348.413,764122
-120.485,44.322,347.119,764143
-121.155,44.217,345.535,764164
-121.892,44.199,343.931,764185
-122.620,44.261,342.321,764206
-123.266,44.466,340.766,764227
-123.689,44.277,339.359,764248
-124.218,44.493,337.829,764269
-124.651,44.754,336.393,764290
-124.728,44.677,335.206,764311
-124.779,44.821,334.017,764332
-124.775,44.853,332.851,764353
-124.996,45.148,331.533,764374
-125.074,45.410,330.327,764395
-125.351,45.331,328.979,764416
-125.695,45.391,327.573,764437
-125.934,45.368,326.217,764458
-125.673,45.319,325.214,764479
-125.851,45.511,323.899,764500
-125.527,45.664,322.930,764521
-125.559,45.624,321.730,764542
-125.399,45.894,320.658,764563
-125.014,46.087,319.744,764584
-124.557,46.165,318.886,764605
-124.450,46.047,317.771,764626
-124.465,46.103,316.582,764647
-123.999,45.984,315.724,764668
-123.601,46.146,314.806,764689
-123.391,45.971,313.772,764710
-122.936,46.014,312.899,764731
-122.604,46.224,311.947,764752
-122.252,46.381,311.011,764773
-122.388,46.495,309.744,764794
-122.184,46.343,308.687,764815
-122.290,46.265,307.409,764836
-122.494,46.453,306.038,764857
-122.270,46.337,304.983,764878
-122.068,46.442,303.875,764899
-122.143,46.261,302.602,764920
-122.394,46.256,301.207,764941
-122.391,46.460,300.020,764962
-122.622,46.627,298.666,764983
-122.842,46.829,297.331,765004
-123.144,46.776,295.941,765025
-123.013,46.770,294.820,765046
-123.187,46.561,293.465,765067
-123.196,46.391,292.215,765088
-123.358,46.657,290.861,765109
-123.363,46.609,289.620,765130
-123.525,46.899,288.288,765151
-124.071,46.985,286.658,765172
-124.647,47.241,285.046,765193
-125.241,47.276,283.416,765214
-125.708,47.232,281.869,765235
-126.255,47.305,280.261,765256
-126.843,47.539,278.620,765277
-126.910,47.654,277.407,765298
-126.993,47.636,276.191,765319
-127.571,47.929,274.594,765340
-127.897,48.132,273.184,765361
-128.582,48.357,271.531,765382
-129.027,48.189,270.055,765403
-129.755,48.337,268.373,765424
-130.454,48.325,266.732,765445
-131.068,48.256,265.183,765466
-131.280,48.358,263.962,765487
-131.559,48.367,262.701,765508
-132.305,48.677,261.092,765529
-133.098,48.992,259.473,765550
-133.554,49.074,258.140,765571
-134.573,49.318,256.399,765592
-135.599,49.385,254.696,765613
-136.606,49.690,253.026,765634
-137.108,49.636,251.765,765655
-137.975,49.666,250.247,765676
-138.433,49.574,249.018,765697
-138.728,49.829,247.936,765718
-138.973,50.019,246.905,765739
-139.243,50.252,245.891,765760
-139.320,50.384,245.048,765781
-139.394,50.271,244.229,765802
-139.805,50.517,243.202,765823
-139.351,50.807,242.559,765844
-139.489,51.096,241.494,765865
-139.331,51.132,240.728,765886
-139.257,51.141,239.947,765907
-139.264,51.475,239.136,765928
-139.434,51.767,238.218,765949
-139.080,51.893,237.706,765970
-138.772,52.028,237.149,765991
-138.584,52.148,236.519,766012
-138.475,52.221,235.812,766033
-138.095,52.068,235.323,766054
-137.795,51.665,234.743,766075
-137.680,51.195,234.015,766096
-137.732,50.722,233.108,766117
-137.359,50.364,232.585,766138
-137.563,50.181,232.186,766159
-137.581,49.653,231.853,766180
-137.787,49.278,231.267,766201
-137.571,48.731,230.954,766222
-137.473,48.206,230.486,766243
-137.149,47.629,230.127,766264
-136.849,47.424,229.703,766285
-136.391,47.121,229.331,766306
-135.899,46.930,228.923,766327
-135.624,46.889,228.284,766348
-135.085,46.721,228.094,766369
-134.830,46.317,227.642,766390
-134.102,46.113,227.463,766411
-133.532,46.139,227.133,766432
-133.159,45.870,226.631,766453
-132.350,45.794,226.412,766474
-131.591,45.668,226.122,766495
-130.944,45.559,225.729,766516
-130.443,45.577,225.226,766537
-129.583,45.839,224.935,766558
-129.124,45.973,224.373,766579
-128.595,45.978,223.826,766600
-127.943,45.881,223.352,766621
-127.214,46.172,222.918,766642
-126.596,46.281,222.628,766663
-126.347,46.161,222.051,766684
-125.665,46.046,221.743,766705
-125.044,45.958,221.371,766726
-124.979,45.967,220.581,766747
-124.908,45.905,219.769,766768
-124.908,46.135,218.905,766789
-124.940,46.187,218.017,766810
-125.059,46.340,217.039,766831
-124.745,46.566,216.361,766852
-124.881,46.640,215.374,766873
-124.601,46.776,214.664,766894
-124.323,46.847,213.955,766915
-124.373,46.783,213.004,766936
-124.253,47.035,212.161,766957
-124.076,47.107,211.336,766978
-124.395,47.354,210.150,766999
-124.734,47.283,208.919,767020
-125.138,47.275,207.644,767041
-125.532,47.509,206.370,767062
-126.003,47.525,205.037,767083
-125.912,47.465,204.127,767104
-126.184,47.280,202.932,767125
-126.211,47.414,201.910,767146
-126.188,47.487,200.915,767167
-126.579,47.485,199.613,767188
-126.831,47.572,198.434,767209
-126.852,47.645,197.404,767230
-127.111,47.362,196.231,767251
-127.251,47.105,195.098,767272
-127.672,47.071,193.781,767293
-127.586,47.030,192.833,767314
-127.475,47.052,191.880,767335
-127.366,46.985,190.923,767356
-127.258,47.088,189.945,767377
-127.293,47.303,188.848,767398
-127.568,47.265,187.593,767419
-127.840,47.385,186.293,767440
-127.639,47.469,185.358,767461
-127.573,47.179,184.311,767482
-127.469,46.934,183.321,767503
-127.171,47.020,182.436,767524
-126.920,47.141,181.474,767545
-126.600,47.218,180.546,767566
-126.687,47.111,179.289,767587
-126.772,46.983,178.019,767608
-126.538,46.674,176.977,767629
-126.418,46.769,175.847,767650
-126.520,46.577,174.521,767671
-126.488,46.301,173.292,767692
-126.330,46.362,172.135,767713
-126.183,46.404,170.919,767734
-126.082,46.475,169.642,767755
-125.864,46.344,168.443,767776
-126.090,46.153,166.921,767797
-126.401,46.155,165.316,767818
-126.610,45.874,163.771,767839
-126.711,45.589,162.286,767860
-126.970,45.771,160.651,767881
-127.318,45.627,158.966,767902
-127.159,45.473,157.598,767923
-127.372,45.607,155.937,767944
-127.199,45.631,154.573,767965
-127.093,45.701,153.163,767986
-126.935,45.438,151.786,768007
-126.747,45.269,150.429,768028
-127.093,45.292,148.669,768049
-127.100,45.051,147.139,768070
-127.351,44.909,145.429,768091
-127.668,44.845,143.646,768112
-127.506,44.771,142.236,768133
-127.313,44.731,140.826,768154
-127.149,44.820,139.403,768175
-127.422,44.738,137.680,768196
-127.676,44.647,135.980,768217
-127.842,44.489,134.339,768238
-127.818,44.220,132.837,768259
-127.501,44.274,131.562,768280
-127.104,44.155,130.372,768301
-126.708,44.172,129.167,768322
-126.374,44.287,127.931,768343
-126.185,44.125,126.613,768364
-125.763,44.310,125.484,768385
-125.682,44.530,124.123,768406
-125.519,44.433,122.845,768427
-125.427,44.400,121.532,768448
-125.422,44.456,120.154,768469
-125.199,44.327,118.944,768490
-124.951,44.218,117.812,768511
-124.975,44.222,116.506,768532
-125.044,44.590,115.149,768553
-124.650,44.832,114.151,768574
-124.389,45.235,113.056,768595
-124.466,45.403,111.740,768616
-124.654,45.705,110.349,768637
-124.876,45.955,108.936,768658
-123.760,46.343,108.947,768679
-122.468,46.956,109.080,768700
-121.050,47.425,109.323,768721
-119.751,47.876,109.471,768742
-118.530,48.241,109.554,768763
-117.378,48.483,109.555,768784
-116.449,48.897,109.371,768805
