-127.272,46.765,312.565,778639
-127.033,46.644,311.165,778660
-127.123,46.583,309.524,778681
-126.792,46.683,308.187,778702
-127.052,46.771,306.397,778723
-127.219,47.026,304.654,778744
-127.018,46.966,303.166,778765
-126.940,47.130,301.578,778786
-127.001,47.363,299.878,778807
-127.258,47.286,298.027,778828
-127.409,47.121,296.287,778849
-127.104,46.956,294.835,778870
-126.981,46.708,293.292,778891
-126.730,46.774,291.852,778912
-126.455,46.512,290.419,778933
-126.133,46.296,289.023,778954
-126.014,46.028,287.494,778975
-126.236,46.069,285.738,778996
-126.519,46.108,283.925,779017
-126.740,46.007,282.182,779038
-127.026,45.922,280.375,779059
-127.100,45.720,278.736,779080
-127.075,45.927,277.158,779101
-126.924,45.857,275.697,779122
-127.164,46.126,273.951,779143
-127.475,46.176,272.181,779164
-127.451,46.450,270.666,779185
-127.293,46.697,269.272,779206
-127.359,47.011,267.726,779227
-127.383,46.973,266.250,779248
-127.378,46.940,264.794,779269
-127.050,46.943,263.593,779290
-127.153,46.943,262.103,779311
-127.327,46.990,260.557,779332
-127.401,47.266,259.076,779353
-127.383,47.103,257.676,779374
-127.505,47.341,256.151,779395
-127.684,47.275,254.584,779416
-127.728,47.496,253.108,779437
-127.792,47.330,251.636,779458
-127.509,47.332,250.411,779479
-127.255,47.367,249.152,779500
-126.973,47.331,247.910,779521
-126.678,47.274,246.652,779543
-126.955,47.414,244.981,779564
-127.050,47.591,243.438,779585
-127.189,47.213,241.858,779606
-127.514,46.732,240.211,779627
-127.890,46.363,238.525,779648
-127.966,45.970,237.047,779669
-127.935,45.682,235.652,779690
-128.254,45.473,234.025,779711
-128.446,45.647,232.490,779732
-128.662,45.850,230.928,779753
-128.918,45.715,229.346,779774
-129.303,45.855,227.682,779795
-129.641,46.039,226.052,779816
-129.538,46.337,224.752,779837
-129.519,46.725,223.418,779858
-129.640,46.774,221.944,779879
-129.602,47.159,220.610,779900
-129.560,47.598,219.263,779921
-129.458,47.992,217.976,779942
-129.701,48.153,216.420,779963
-130.019,48.369,214.813,779984
-129.989,48.441,213.473,780005
-130.299,48.762,211.894,780026
-130.384,48.777,210.479,780047
-130.090,48.872,209.348,780068
-129.869,49.057,208.148,780089
-129.651,49.123,206.952,780110
-129.466,49.030,205.701,780131
-129.502,49.180,204.290,780152
-129.922,49.146,202.577,780173
-130.342,49.162,200.877,780194
-130.702,48.876,199.203,780215
-130.817,48.850,197.732,780236
-132.162,49.389,196.225,780257
-133.138,49.521,194.962,780278
-133.809,49.691,193.919,780299
-134.365,49.758,192.950,780320
-134.810,49.782,192.025,780341
-135.221,49.914,191.103,780362
-135.378,49.765,190.380,780383
-135.800,49.888,189.404,780404
-136.273,49.657,188.369,780425
-136.255,49.242,187.692,780446
-136.561,49.005,186.726,780467
-136.765,48.683,185.823,780488
-136.252,48.341,185.428,780509
-135.734,48.014,185.054,780530
-135.267,47.719,184.618,780551
-134.648,47.242,184.247,780572
-134.002,46.696,183.886,780593
-133.257,46.282,183.563,780614
-132.957,45.879,182.909,780635
-132.345,45.300,182.441,780656
-131.379,44.847,182.189,780677
-130.335,44.463,181.964,780698
-129.279,44.329,181.760,780719
-128.165,44.051,181.542,780740
-127.154,44.047,181.262,780761
-126.482,43.828,180.690,780782
-125.824,43.586,180.089,780803
-125.178,43.658,179.441,780824
-124.453,43.325,178.845,780845
-123.992,43.250,178.027,780866
-123.378,42.887,177.283,780887
-122.591,42.550,176.675,780908
-121.960,42.593,175.952,780929
-121.582,42.682,175.045,780950
-120.968,42.555,174.300,780971
-120.853,42.589,173.208,780992
-120.537,42.288,172.251,781013
-120.324,41.993,171.244,781034
-120.342,41.843,170.043,781055
-120.045,41.895,169.056,781076
-119.887,41.699,167.968,781097
-119.674,41.892,166.921,781118
-119.872,42.152,165.625,781139
-120.150,42.436,164.265,781160
-120.197,42.787,163.042,781181
-120.676,42.968,161.551,781202
-121.179,43.127,160.041,781223
-121.774,43.319,158.421,781244
-122.383,43.475,156.730,781265
-122.921,43.564,155.114,781286
-123.189,43.723,153.643,781307
-123.799,44.261,151.916,781328
-124.148,44.620,150.374,781349
-124.550,45.025,148.760,781370
-125.169,45.547,146.976,781391
-125.946,46.057,145.055,781412
-126.866,46.328,143.021,781433
-127.705,46.488,141.045,781454
-128.218,46.874,139.292,781475
-129.038,47.017,137.320,781496
-129.836,47.200,135.357,781517
-130.172,47.389,133.722,781538
-130.965,47.559,131.740,781559
-131.168,47.526,130.198,781580
-131.849,47.453,128.311,781601
-132.396,47.244,126.496,781622
-132.733,46.933,124.858,781643
-132.796,46.665,123.417,781664
-132.809,46.497,122.021,781685
-132.722,46.334,120.698,781706
-132.523,46.063,119.461,781727
-132.349,46.097,118.191,781748
-132.024,46.116,117.025,781769
-131.504,46.127,115.965,781790
-131.331,46.074,114.686,781811
-131.094,45.974,113.430,781832
-130.402,45.610,112.483,781853
-129.922,45.320,111.377,781874
-129.096,45.005,110.498,781895
-128.332,45.037,109.578,781916
-127.434,44.994,108.723,781937
-126.589,45.010,107.809,781958
-126.118,45.156,106.578,781979
-125.669,45.231,105.311,782000
-124.816,45.420,104.261,782021
-123.875,45.569,103.202,782042
-122.927,45.455,102.114,782063
-121.838,45.447,101.033,782084
-120.785,45.489,99.871,782105
-119.749,45.453,98.621,782126
-118.728,45.511,97.260,782147
-117.769,45.807,95.792,782168
-116.951,46.219,94.101,782189
-116.754,45.506,93.605,782210
-116.833,44.953,92.719,782231
-116.933,44.571,91.663,782252
-116.585,44.388,90.814,782273
-116.379,44.327,89.748,782294
-116.338,44.359,88.525,782315
-115.996,44.106,87.474,782336
-115.808,43.896,86.272,782357
-115.980,44.016,84.803,782378
-116.111,44.106,83.341,782399
-116.105,44.197,81.963,782420
-116.162,44.360,80.492,782441
-116.148,44.574,78.993,782462
-116.415,44.868,77.265,782483
-116.710,45.147,75.445,782504
-116.749,45.484,73.766,782525
-116.882,45.836,71.976,782546
-117.113,46.435,70.083,782567
-117.898,47.045,67.791,782588
-118.442,47.791,65.667,782609
-119.303,48.524,63.300,782630
-120.236,48.928,60.881,782651
-121.268,49.378,58.391,782672
-122.291,49.928,55.910,782693
-123.092,50.478,53.599,782714
-124.130,50.942,51.102,782735
-125.123,51.051,48.638,782756
-126.104,51.142,46.167,782777
-127.086,51.170,43.732,782798
-127.965,51.066,41.399,782819
-128.763,50.834,39.153,782840
-129.237,50.413,37.178,782861
-129.444,50.072,35.418,782882
-129.646,49.758,33.660,782903
-129.780,49.404,31.977,782925
-129.856,48.823,30.347,782946
-129.879,48.194,28.756,782967
-129.876,47.819,27.210,782988
-130.249,47.371,25.406,783009
-129.995,46.924,24.071,783030
-130.105,46.361,22.491,783051
-129.989,46.193,21.097,783072
-129.674,45.643,19.832,783093
-129.110,45.379,18.797,783114
-128.718,44.941,17.658,783135
-128.541,44.804,16.397,783156
-127.965,44.819,15.460,783177
-127.715,44.639,14.276,783198
-128.589,45.231,12.609,783219
-129.260,45.559,11.052,783240
-129.729,46.268,9.615,783261
-130.315,46.998,8.074,783282
-130.812,47.306,6.569,783303
-131.330,48.043,5.048,783324
-131.649,48.763,3.631,783345
-131.724,49.306,2.383,783366
-132.133,49.682,0.854,783387
-132.253,50.006,359.514,783408
-132.173,50.359,358.332,783429
-132.013,50.694,357.198,783450
-131.789,51.117,356.058,783471
-131.549,51.573,354.888,783492
-131.757,52.000,353.347,783513
-131.508,52.395,352.099,783534
-131.501,52.745,350.596,783555
-131.349,52.700,349.192,783576
-130.960,52.960,347.949,783597
-130.566,52.797,346.670,783618
-130.393,52.779,345.164,783639
-129.662,52.736,344.079,783660
-129.080,52.837,342.811,783681
-128.452,52.872,341.538,783702
-127.851,52.666,340.189,783723
-125.278,52.715,341.325,783744
-123.183,52.584,342.026,783765
-121.342,52.555,342.447,783786
-119.566,52.447,342.806,783807
-117.978,52.349,343.009,783828
-116.614,52.184,343.037,783849
-114.988,52.009,343.262,783870
-113.577,51.811,343.367,783891
-112.865,51.903,342.899,783912
-111.969,51.731,342.601,783933
-111.275,51.600,342.136,783954
-110.827,51.569,341.499,783975
-110.797,51.654,340.528,783996
-110.968,51.308,339.398,784017
-111.081,50.912,338.343,784038
-111.265,50.506,337.241,784059
-111.853,50.085,335.848,784080
-112.338,49.979,334.542,784101
-112.864,49.703,333.223,784123
-113.961,49.572,331.478,784144
-114.068,49.354,330.598,784165
-114.762,49.064,329.270,784186
-115.596,48.694,327.861,784207
-116.558,48.313,326.387,784228
-117.618,47.904,324.861,784249
-118.808,47.454,323.234,784270
-119.576,47.063,321.969,784291
-120.907,46.787,320.308,784312
-122.234,46.626,318.714,784333
-123.112,46.387,317.471,784354
-124.298,45.962,316.010,784375
-125.460,45.498,314.607,784396
-126.417,45.433,313.359,784417
-127.396,45.040,312.113,784438
-128.230,44.688,310.983,784459
-128.912,44.505,309.965,784480
-130.083,44.435,308.596,784501
-131.040,44.589,307.383,784522
-132.089,44.707,306.086,784543
-132.936,44.912,304.958,784564
-133.720,44.779,303.856,784585
-134.557,44.950,302.716,784606
-134.858,45.186,301.935,784627
-135.348,45.170,300.999,784648
-135.824,45.534,300.069,784669
-135.783,45.562,299.489,784690
-135.535,45.835,299.030,784711
-135.188,46.009,298.624,784732
-135.243,46.336,297.919,784753
-134.597,46.667,297.699,784774
-134.396,46.963,297.150,784795
-134.014,47.226,296.741,784816
-133.647,47.609,296.327,784837
-132.652,47.914,296.357,784858
-131.739,48.033,296.297,784879
-130.981,48.536,296.080,784900
-130.072,48.984,295.947,784921
-129.348,48.962,295.666,784942
-128.335,49.205,295.578,784963
-127.218,49.088,295.574,784984
-126.287,49.278,295.456,785005
-125.320,49.400,295.363,785026
-124.739,49.209,294.977,785047
-124.059,48.906,294.675,785068
-123.480,48.586,294.256,785089
-122.598,48.492,294.057,785110
-122.247,48.333,293.431,785131
-121.646,47.837,293.016,785152
-121.159,47.361,292.526,785173
-121.066,47.088,291.743,785194
-120.715,47.079,291.146,785215
-120.738,46.822,290.285,785236
-120.600,46.442,289.554,785257
-120.329,46.320,288.909,785278
-120.211,46.347,288.184,785299
-120.398,46.450,287.246,785320
-120.807,46.355,286.199,785341
-121.288,46.403,285.132,785362
-121.808,46.458,284.052,785383
-122.397,46.361,282.935,785404
-122.717,46.477,282.006,785425
-123.360,46.386,280.869,785446
-123.700,46.493,279.950,785467
-123.898,46.314,279.166,785488
-124.165,46.329,278.332,785509
-124.434,46.288,277.508,785530
-124.797,46.094,276.636,785551
-125.342,46.286,275.631,785572
-126.199,46.350,274.436,785593
-126.522,46.340,273.660,785614
-126.872,46.513,272.888,785635
-127.563,46.490,271.898,785656
-128.030,46.809,271.093,785677
-128.420,46.695,270.384,785698
-128.508,46.819,269.872,785719
-128.529,46.967,269.435,785740
-128.917,46.948,268.726,785761
-129.259,46.968,268.068,785782
-129.350,46.852,267.590,785803
-129.635,47.092,266.944,785824
-129.707,46.942,266.424,785845
-129.996,47.040,265.739,785866
-129.776,47.041,265.401,785887
-129.716,46.810,264.950,785908
-129.646,46.961,264.469,785929
-129.472,47.088,264.053,785950
-129.566,47.183,263.412,785971
-129.218,47.202,263.088,785992
-128.926,47.256,262.695,786013
-128.570,47.261,262.338,786034
-128.282,47.325,261.915,786055
-127.771,47.251,261.619,786076
-127.403,46.927,261.197,786097
-126.842,46.614,260.901,786118
-126.148,46.472,260.689,786139
-125.933,46.355,260.114,786160
-125.738,46.389,259.514,786181
-125.329,46.170,259.063,786202
-125.054,46.042,258.537,786223
-124.854,45.942,257.971,786244
-124.595,45.815,257.441,786265
-124.061,45.672,257.089,786286
-123.537,45.538,256.736,786307
-123.015,45.523,256.389,786328
-122.841,45.778,255.801,786349
-122.588,45.998,255.239,786370
-122.696,46.053,254.445,786391
-122.804,46.243,253.641,786412
-122.588,46.405,253.080,786433
-122.857,46.452,252.182,786454
-123.053,46.743,251.336,786475
-123.094,46.555,250.600,786496
-122.983,46.635,249.971,786517
-123.070,46.442,249.174,786538
-122.974,46.463,248.532,786559
-123.318,46.374,247.559,786580
-123.761,46.337,246.500,786601
-124.195,46.354,245.438,786622
-124.608,46.211,244.407,786643
-125.042,46.272,243.370,786664
-125.034,46.253,242.618,786685
-124.975,46.163,241.910,786706
-124.920,46.105,241.180,786727
-125.124,46.235,240.281,786748
-125.068,46.205,239.556,786769
-125.390,46.027,238.531,786790
-125.330,46.096,237.786,786811
-125.489,45.913,236.870,786832
-125.611,45.727,235.955,786853
-125.418,45.810,235.241,786874
-125.680,45.754,234.159,786895
-125.454,45.579,233.387,786916
-125.245,45.690,232.552,786937
-125.459,45.783,231.421,786958
-125.616,45.988,230.312,786979
-125.759,45.896,229.180,787000
-125.962,45.930,227.988,787021
-125.763,46.068,227.038,787042
-125.902,46.049,225.825,787063
-125.713,45.774,224.809,787084
-125.462,45.504,223.807,787105
-125.161,45.515,222.817,787126
-124.887,45.409,221.793,787147
-124.747,45.148,220.651,787168
-124.805,45.291,219.323,787189
-124.986,45.116,217.893,787210
-124.949,44.818,216.596,787231
-124.774,44.655,215.354,787252
-124.662,44.417,214.016,787273
-125.014,44.264,212.329,787294
-125.349,44.031,210.618,787315
-125.440,44.049,209.059,787336
-125.594,43.633,207.439,787357
-125.825,43.611,205.740,787378
-126.103,43.188,203.989,787399
-126.461,42.848,202.190,787420
-126.794,42.758,200.391,787441
-127.009,42.331,198.675,787462
-127.318,42.089,196.907,787483
-127.547,41.788,195.188,787504
-127.292,41.539,193.796,787525
-127.042,41.472,192.380,787546
-126.894,41.544,190.911,787567
-126.506,41.484,189.619,787588
-126.146,41.499,188.289,787609
-126.126,41.372,186.761,787630
-125.891,41.173,185.372,787651
-125.425,41.112,184.127,787672
-125.156,41.443,182.766,787693
-125.421,41.735,180.904,787714
-125.165,41.963,179.452,787735
-124.978,42.368,177.955,787756
-124.805,42.779,176.461,787777
-125.025,43.325,174.690,787798
-125.223,43.720,172.943,787819
-125.243,44.011,171.295,787840
-123.307,44.531,172.302,787861
-121.681,44.819,173.134,787882
-119.799,45.276,174.116,787903
-118.009,45.566,174.977,787924
-116.410,46.015,175.663,787945
-114.888,46.392,176.274,787966
-113.601,46.838,176.680,787987
-112.721,46.903,176.768,788008
-112.003,47.077,176.705,788029
-111.415,47.210,176.542,788050
-110.940,47.208,176.288,788071
-110.748,47.421,175.824,788092
-110.770,47.608,175.194,788113
-110.585,47.896,174.733,788134
-110.508,48.023,174.169,788155
-110.666,48.176,173.415,788176
-111.022,48.333,172.498,788197
-111.561,48.541,171.437,788218
-112.579,48.453,169.978,788239
-113.709,48.362,168.388,788260
-114.831,48.149,166.775,788281
-115.817,47.762,165.234,788302
-116.563,47.530,163.843,788323
-117.826,47.297,162.074,788344
-118.843,47.238,160.456,788365
-119.967,47.170,158.742,788386
-121.222,47.088,156.914,788407
-122.458,46.645,155.095,788428
-123.274,46.500,153.647,788449
-123.976,46.184,152.287,788470
-124.739,45.959,150.837,788491
-125.305,45.588,149.470,788512
-125.610,45.521,148.212,788533
-125.912,45.477,146.879,788554
-126.088,45.392,145.596,788575
-126.313,45.374,144.227,788596
-126.401,45.269,142.917,788617
-126.884,45.330,141.265,788638
-126.863,45.178,139.901,788659
-127.241,45.036,138.201,788680
-127.562,44.942,136.496,788701
-127.565,44.688,134.993,788722
-127.590,44.450,133.429,788743
-127.359,44.555,132.020,788764
-127.061,44.654,130.625,788785
-126.780,44.836,129.175,788806
-126.445,45.034,127.727,788827
-126.529,45.251,125.937,788848
-126.415,45.151,124.262,788869
-126.410,45.151,122.459,788890
-125.984,45.303,120.916,788911
-125.613,45.224,119.270,788932
-125.636,45.250,117.314,788953
-125.194,45.251,115.621,788974
-124.734,45.322,113.922,788995
-124.548,45.218,112.022,789016
-124.582,45.365,109.939,789037
-124.121,45.461,108.166,789058
-124.165,45.592,106.013,789079
-123.703,45.654,104.202,789100
-123.416,45.913,102.235,789121
-123.566,46.031,99.973,789142
-123.274,46.069,98.014,789163
-123.153,46.334,95.922,789184
-123.403,46.565,93.575,789205
-123.154,46.600,91.594,789226
-123.086,46.853,89.467,789247
-123.032,46.684,87.335,789268
-123.053,46.483,85.149,789289
-123.333,46.443,82.786,789310
-123.218,46.549,80.694,789331
-123.327,46.298,78.469,789352
-123.468,46.066,76.203,789373
-123.774,45.904,73.866,789394
-124.030,45.722,71.553,789415
-124.355,45.621,69.198,789436
-124.749,45.559,66.820,789457
-124.629,45.355,64.807,789478
-124.719,45.485,62.671,789499
-124.634,45.295,60.670,789520
-124.801,45.451,58.533,789541
-124.854,45.592,56.478,789562
-125.101,45.784,54.287,789583
-125.018,45.702,52.355,789604
-124.904,45.595,50.459,789625
-125.272,45.538,48.254,789646
-125.638,45.655,46.103,789667
-125.726,45.423,44.162,789688
-125.623,45.212,42.372,789709
-125.844,45.100,40.376,789730
-125.709,45.207,38.652,789751
-125.581,45.342,36.911,789772
-125.444,45.510,35.200,789793
-125.175,45.602,33.623,789814
-125.086,45.435,31.938,789835
-125.213,45.395,30.133,789856
-125.252,45.298,28.433,789877
-125.097,45.539,26.880,789898
-124.749,45.714,25.488,789919
-124.425,45.627,24.078,789940
-125.357,46.040,21.779,789961
-126.217,46.592,19.529,789982
-126.826,47.179,17.479,790003
-127.663,47.659,15.270,790024
-128.263,47.840,13.233,790045
-129.024,48.198,11.100,790066
-129.194,48.493,9.403,790087
-129.331,48.642,7.722,790108
-129.419,48.909,6.077,790129
-129.423,49.051,4.516,790150
-129.563,49.092,2.864,790171
-129.444,49.354,1.361,790193
-129.613,49.785,359.625,790214
-129.804,49.892,357.895,790235
-129.975,50.077,356.181,790256
-129.485,50.233,354.982,790277
-128.937,50.276,353.811,790298
-128.619,50.566,352.473,790319
-126.875,50.779,352.867,790340
-125.078,50.849,353.266,790361
-123.454,50.751,353.553,790382
-122.341,50.939,353.409,790403
-121.160,50.821,353.299,790424
-120.152,50.690,353.035,790445
-119.410,50.640,352.533,790466
-118.563,50.410,352.096,790487
-117.613,50.377,351.699,790508
-117.426,50.305,350.727,790529
-117.016,50.474,349.893,790550
-116.679,50.459,348.965,790571
-117.069,50.544,347.502,790592
-117.572,50.504,345.964,790613
-118.050,50.758,344.471,790634
-118.381,50.813,343.082,790655
-119.358,50.740,341.230,790676
-120.017,50.619,339.630,790697
-120.949,50.794,337.837,790718
-122.348,50.718,335.693,790739
-123.506,50.841,333.740,790760
-124.502,50.543,331.931,790781
-125.703,50.574,329.964,790802
-127.102,50.596,327.839,790823
-128.523,50.200,325.728,790844
-129.576,49.691,323.888,790865
-130.763,49.139,322.003,790886
-131.676,48.755,320.296,790907
-132.859,48.228,318.418,790928
-134.138,47.908,316.485,790949
-135.221,47.550,314.700,790970
-136.199,47.190,313.027,790991
-136.867,47.140,311.622,791012
-137.665,46.808,310.156,791033
-138.475,46.711,308.733,791054
-138.676,46.425,307.732,791075
-138.739,46.264,306.856,791096
-138.671,46.183,306.040,791117
-138.692,46.424,305.200,791138
-138.560,46.683,304.476,791159
-138.723,46.910,303.533,791180
-138.810,47.187,302.628,791201
-138.558,47.265,301.983,791222
-137.813,47.523,301.651,791243
-136.982,47.814,301.365,791264
-136.105,47.910,301.084,791285
-135.542,47.939,300.582,791306
-135.045,48.348,300.046,791327
-134.058,48.494,299.838,791348
-133.035,48.626,299.635,791369
-132.337,48.632,299.166,791390
-131.414,48.942,298.862,791411
-130.413,48.864,298.575,791432
-129.635,49.139,298.119,791453
-129.063,49.102,297.540,791474
-128.023,49.012,297.332,791495
-127.451,48.834,296.755,791516
-126.919,48.685,296.176,791537
-125.928,48.453,295.894,791558
-125.182,48.482,295.458,791579
-124.222,48.101,295.142,791600
-123.825,47.981,294.370,791621
-122.977,47.794,293.947,791642
-122.720,47.577,293.062,791663
-122.004,47.272,292.505,791684
-121.451,46.774,291.852,791705
-121.459,46.474,290.773,791726
-121.512,46.328,289.683,791747
-121.681,46.173,288.529,791768
-121.953,46.067,287.274,791789
-121.830,45.600,286.330,791810
-121.703,45.288,285.397,791831
-121.727,44.888,284.371,791852
-122.142,44.621,283.068,791873
-122.205,44.578,282.005,791894
-122.288,44.332,280.928,791915
-122.836,44.413,279.524,791936
-122.975,44.316,278.402,791957
-123.575,44.502,276.946,791978
-124.214,44.553,275.454,791999
-124.726,44.461,274.073,792020
-125.316,44.688,272.615,792041
-125.525,44.908,271.433,792062
-125.644,45.057,270.318,792083
-126.198,45.169,268.881,792104
-126.258,45.160,267.773,792125
-126.413,45.043,266.594,792146
-126.370,45.075,265.566,792167
-126.540,45.328,264.374,792188
-126.838,45.248,263.083,792209
-127.172,45.321,261.765,792230
-127.455,45.341,260.510,792251
-127.694,45.527,259.290,792272
-127.752,45.402,258.192,792293
-127.955,45.447,257.001,792314
-127.631,45.393,256.210,792335
-127.501,45.275,255.304,792356
-127.217,45.505,254.496,792377
-127.281,45.694,253.439,792398
-127.245,45.603,252.494,792419
-127.102,45.824,251.653,792440
-126.583,45.803,251.081,792461
-126.058,45.861,250.552,792482
-125.632,45.975,249.967,792503
-125.242,45.858,249.369,792524
-124.875,45.858,248.762,792545
-124.875,46.160,247.864,792566
-124.604,46.206,247.148,792587
-124.714,46.409,246.145,792608
-124.846,46.167,245.118,792629
-124.973,45.866,244.085,792650
-124.933,45.394,243.196,792671
-124.698,44.871,242.436,792692
-124.781,44.371,241.446,792713
-124.529,44.089,240.681,792734
-124.764,43.756,239.566,792755
-124.516,43.421,238.790,792776
-124.424,43.248,237.859,792797
-124.600,42.768,236.715,792818
-124.739,42.664,235.587,792839
-124.921,42.121,234.412,792860
-125.222,41.583,233.108,792881
-125.421,41.416,231.884,792902
-125.431,40.887,230.750,792923
-125.462,40.598,229.571,792944
-125.528,40.022,228.390,792965
-125.854,39.854,227.045,792986
-125.871,39.660,225.894,793007
-126.200,39.311,224.546,793028
-126.587,39.049,223.138,793049
-126.797,38.729,221.848,793070
-126.841,38.439,220.695,793091
-126.952,38.184,219.508,793112
-127.180,38.024,218.273,793133
-127.098,38.133,217.241,793154
-126.913,38.192,216.316,793175
-127.094,38.248,215.186,793196
-127.021,38.426,214.233,793217
-127.056,38.277,213.231,793238
-126.919,38.006,212.371,793259
-126.639,37.719,211.597,793280
-126.440,37.469,210.789,793301
-125.906,37.217,210.180,793322
-125.356,37.215,209.560,793343
-124.941,37.402,208.866,793364
-124.401,37.590,208.176,793385
-123.936,37.864,207.446,793406
-123.437,38.199,206.703,793427
-123.174,38.312,205.800,793448
-122.918,38.542,204.869,793469
-122.711,38.758,203.874,793490
-122.458,39.305,202.884,793511
-122.370,39.804,201.761,793532
-122.310,40.199,200.566,793553
-121.835,40.738,199.620,793574
-121.458,41.453,198.572,793595
-121.162,42.257,197.470,793616
-120.912,42.787,196.303,793637
-121.098,43.495,194.813,793658
-121.332,44.262,193.286,793679
-121.093,44.978,192.062,793700
-121.399,45.635,190.464,793721
-121.716,46.186,188.840,793742
-121.654,46.841,187.466,793763
-121.692,47.517,186.040,793784
-121.689,47.967,184.646,793805
-122.237,48.343,182.856,793826
-122.685,48.785,181.106,793847
-123.044,49.188,179.412,793868
-123.489,49.109,177.671,793889
-123.643,48.911,176.113,793910
-124.191,48.890,174.295,793931
-124.181,48.670,172.896,793952
-123.023,48.675,172.750,793974
-121.745,48.627,172.622,793995
-120.611,48.580,172.353,794016
-119.609,48.473,171.969,794037
-119.009,48.050,171.268,794058
-118.653,47.757,170.362,794079
-118.248,47.314,169.467,794100
-117.873,46.911,168.540,794121
-117.533,46.516,167.594,794142
-116.839,46.255,166.897,794163
-116.262,46.074,166.126,794184
-116.057,46.034,165.109,794205
-116.150,46.014,163.883,794226
-116.465,45.706,162.488,794247
-116.916,45.435,160.977,794268
-117.091,45.048,159.632,794289
-117.748,44.951,157.921,794310
-118.184,44.535,156.340,794331
-118.445,44.287,154.874,794352
-118.721,44.182,153.354,794373
-119.090,44.140,151.779,794394
-119.675,44.196,150.018,794415
-120.407,43.933,148.143,794436
-121.164,43.653,146.219,794457
-122.040,43.563,144.169,794478
-122.963,43.389,142.074,794499
-123.709,43.118,140.046,794520
-124.260,42.889,138.113,794541
-124.849,43.008,136.065,794562
-125.476,43.241,133.929,794583
-126.018,43.471,131.785,794604
-126.406,43.685,129.703,794625
-127.003,43.610,127.417,794646
-127.607,43.159,126.589,794667
-128.396,42.966,125.516,794688
-128.866,42.454,124.579,794709
-129.389,42.082,123.538,794730
-129.852,41.898,122.469,794751
-129.838,42.008,121.635,794772
-129.790,42.274,120.777,794793
-129.748,42.225,119.867,794814
-129.822,42.404,118.866,794835
-129.758,42.589,117.933,794856
-129.647,42.859,117.007,794877
-129.071,43.337,116.369,794898
-128.924,43.828,115.422,794919
-128.346,44.157,114.770,794940
-127.715,44.680,114.143,794961
-127.113,45.273,113.474,794982
-126.583,45.905,112.752,795003
-125.976,46.503,112.097,795024
-125.609,47.155,111.219,795045
-125.432,47.565,110.197,795066
-125.242,47.846,109.170,795087
-124.973,47.994,108.189,795108
-124.831,48.502,107.126,795129
-124.628,48.620,106.076,795150
-124.524,48.721,104.976,795171
-124.324,48.671,103.929,795192
-123.888,48.697,103.047,795213
-124.067,48.744,101.720,795234
-124.311,48.834,100.342,795255
-124.289,48.551,99.174,795276
-124.043,48.497,98.154,795297
-123.777,48.259,97.136,795318
-123.928,48.300,95.794,795339
-123.650,48.041,94.770,795360
-123.399,47.846,93.695,795381
-123.460,47.821,92.401,795402
-123.655,47.625,91.007,795423
-123.848,47.465,89.593,795444
-123.636,46.984,88.478,795465
-123.431,46.470,87.343,795486
-123.429,46.012,86.023,795507
-123.216,45.919,84.886,795528
-123.320,45.906,83.512,795549
-123.096,45.571,82.392,795570
-123.065,45.277,81.109,795591
-122.616,45.128,80.132,795612
-122.450,45.362,78.953,795633
-122.472,45.456,77.625,795654
-122.431,45.465,76.366,795675
-122.041,45.357,75.347,795696
-121.962,45.467,74.123,795717
-121.725,45.828,73.002,795738
-121.672,45.905,71.756,795759
-121.610,46.177,70.500,795780
-121.154,46.255,69.497,795801
-120.800,46.462,68.448,795822
-120.426,46.432,67.421,795843
-120.098,46.643,66.378,795864
-120.285,46.783,64.992,795885
-120.010,46.898,63.937,795906
-120.143,46.791,62.580,795927
-120.045,46.979,61.376,795948
-120.141,46.741,60.052,795969
-120.026,46.617,58.874,795990
-120.222,46.772,57.469,796011
-120.552,46.873,55.975,796032
-120.861,46.575,54.521,796053
-121.303,46.555,52.949,796074
-121.256,46.232,51.756,796095
-121.309,45.880,50.496,796116
-121.850,45.771,48.850,796137
-122.065,45.359,47.463,796158
-122.656,45.195,45.833,796179
-123.236,44.984,44.234,796200
-123.393,44.916,42.941,796221
-123.983,44.863,41.357,796242
-124.550,44.890,39.795,796263
-125.106,44.753,38.268,796284
-125.357,44.422,36.970,796305
-125.435,44.143,35.825,796326
-125.357,44.093,34.796,796347
-125.254,44.133,33.786,796368
-125.148,44.278,32.807,796389
-124.956,44.372,31.875,796410
-124.759,44.563,30.948,796431
-124.616,44.472,29.986,796452
-124.345,44.701,29.109,796473
-124.512,44.812,27.927,796494
-124.415,45.234,26.956,796515
-124.594,45.653,25.775,796536
-124.868,45.903,24.530,796557
-124.763,46.311,23.536,796578
-124.908,46.398,22.388,796599
-124.998,46.884,21.257,796620
-125.193,47.364,20.041,796641
-125.541,47.594,18.704,796662
-125.781,47.683,17.453,796683
-126.139,47.871,16.143,796704
-126.396,48.321,14.890,796725
-126.359,48.424,13.872,796746
-126.333,48.518,12.826,796767
-126.662,48.864,11.482,796788
-126.753,49.112,10.304,796809
-126.941,49.367,9.017,796830
-127.212,49.221,7.649,796851
-127.338,49.065,6.357,796872
-127.792,48.945,4.795,796893
-127.923,49.015,3.480,796914
-128.529,49.041,1.804,796935
-129.045,48.925,0.176,796956
-129.103,48.962,358.879,796977
-129.574,49.194,357.269,796998
-129.924,49.418,355.737,797019
-130.547,49.441,353.998,797040
-130.738,49.487,352.578,797061
-131.188,49.212,350.947,797082
-131.517,48.934,349.424,797103
-132.117,48.767,347.698,797124
-132.625,48.566,346.034,797145
-132.680,48.490,344.716,797166
-132.764,48.522,343.354,797187
-133.394,48.554,341.594,797208
-133.637,48.730,340.147,797229
-134.094,48.957,338.524,797250
-134.217,49.094,337.191,797271
-134.832,49.151,335.478,797292
-134.820,49.145,334.254,797313
-135.093,48.987,332.838,797334
-135.303,48.836,331.470,797355
-135.691,49.095,330.006,797376
-135.838,48.954,328.735,797397
-136.229,48.848,327.309,797418
-136.475,48.705,326.060,797439
-136.300,48.711,325.126,797460
-136.533,48.922,323.907,797481
-136.545,48.776,322.891,797502
-136.211,48.886,322.164,797523
-136.033,48.702,321.331,797544
-135.600,48.533,320.700,797565
-135.111,48.522,320.102,797586
-134.730,48.634,319.436,797607
-134.556,48.806,318.624,797628
-133.984,48.711,318.095,797649
-133.455,48.738,317.551,797670
-133.263,48.881,316.732,797691
-133.181,48.873,315.815,797712
-132.830,48.579,315.106,797733
-132.442,48.289,314.398,797754
-131.713,48.079,313.894,797775
-131.225,47.790,313.197,797796
-130.623,47.486,312.564,797817
-130.322,47.614,311.684,797838
-130.120,47.597,310.717,797859
-129.944,47.555,309.742,797880
-129.720,47.393,308.765,797901
-129.649,47.067,308.767,797922
-129.613,46.434,308.696,797943
-129.645,45.829,308.533,797964
-129.502,45.461,308.442,797986
-129.410,45.178,308.249,798007
-129.701,45.060,307.743,798028
-129.468,44.683,307.583,798049
-129.757,44.415,307.050,798070
-129.599,44.336,306.786,798091
-129.465,44.026,306.497,798112
-129.175,43.838,306.288,798133
-128.813,43.931,306.113,798154
-128.412,44.002,305.951,798175
-128.486,44.087,305.440,798196
-128.587,44.359,304.897,798217
-128.705,44.732,304.348,798238
-128.885,45.013,303.745,798259
-128.955,45.532,303.176,798280
-129.083,45.789,302.556,798301
-129.189,46.323,301.926,798322
-129.250,46.531,301.682,798343
-129.274,46.391,301.488,798364
-129.132,46.308,301.402,798385
-128.945,46.271,301.320,798406
-129.030,46.208,301.018,798427
-129.012,46.522,300.782,798448
-129.295,46.832,300.321,798469
-129.307,47.096,300.053,798490
-129.450,47.175,299.883,798511
-129.782,46.942,299.580,798532
-130.166,46.752,299.231,798553
-130.113,46.746,299.201,798574
-130.089,46.471,299.148,798595
-130.378,46.253,298.902,798616
-130.217,46.078,298.963,798637
-130.249,46.261,298.896,798658
-130.536,46.399,298.665,798679
-130.841,46.459,298.404,798700
-130.702,46.214,298.608,798721
-130.426,46.210,298.888,798742
-130.118,46.162,299.200,798763
-130.113,45.998,299.295,798784
-129.910,46.088,299.567,798805
-129.725,46.226,299.835,798826
-129.609,46.402,300.038,798847
-129.700,46.463,300.057,798868
-129.710,46.654,300.124,798889
-129.714,46.867,300.195,798910
-129.449,46.746,300.444,798931
-129.207,46.596,300.709,798952
-128.619,46.707,301.193,798973
-128.041,46.821,301.677,798994
-127.360,46.836,302.264,799015
-126.708,46.904,302.783,799036
-126.554,47.021,302.925,799057
-126.323,47.170,303.144,799078
-126.220,47.067,303.277,799099
-126.189,47.131,303.363,799120
-126.122,47.016,303.469,799141
-125.982,47.187,303.632,799162
-125.693,46.899,303.903,799183
-125.255,46.667,304.275,799204
-124.895,46.751,304.568,799225
-124.521,46.837,304.855,799246
-124.201,46.941,305.082,799267
-124.331,47.035,304.952,799288
-124.004,47.123,305.154,799309
-123.676,47.140,305.321,799330
-123.542,47.040,305.330,799351
-123.575,46.954,305.181,799372
-123.470,46.840,305.123,799393
-123.775,46.933,304.717,799414
-123.936,47.193,304.385,799435
-124.074,47.421,304.022,799456
-124.249,47.622,303.605,799477
-124.629,47.692,302.998,799498
-124.574,47.831,302.671,799519
-124.902,47.997,302.011,799540
-124.762,48.031,301.681,799561
-124.660,47.908,301.254,799582
-124.605,47.705,300.757,799603
-124.546,47.522,300.240,799624
-124.905,47.685,299.372,799645
-125.206,47.873,298.546,799666
-125.666,47.762,297.562,799687
-125.970,47.542,296.707,799708
-126.384,47.535,295.732,799729
-126.226,47.416,295.124,799750
-126.033,47.179,294.537,799771
-126.033,46.853,293.784,799792
-125.815,46.758,293.171,799813
-125.625,46.540,292.503,799834
-125.508,46.628,291.784,799855
-125.800,46.533,290.735,799876
-125.695,46.272,289.942,799897
-125.549,46.348,289.164,799918
-125.726,46.168,288.118,799939
-125.961,46.312,287.024,799960
-125.850,46.106,286.169,799981
-125.700,46.202,285.358,800002
-125.521,46.171,284.541,800023
-125.413,46.156,283.655,800044
-125.564,46.443,282.548,800065
-125.977,46.620,281.226,800086
-126.363,46.637,279.939,800107
-126.771,46.656,278.608,800128
-127.127,46.579,277.319,800149
-127.455,46.518,276.040,800170
-127.592,46.362,274.878,800191
-127.856,46.330,273.610,800212
-127.724,46.199,272.590,800233
-127.556,46.370,271.594,800254
-127.726,46.655,270.328,800275
-128.069,46.643,268.947,800296
-128.480,46.696,267.490,800317
-128.851,46.555,266.049,800338
-129.248,46.461,264.582,800359
-129.600,46.287,263.129,800380
-129.475,46.230,262.039,800401
-129.304,46.149,260.977,800422
-129.134,46.116,259.918,800443
-128.989,46.097,258.845,800464
-129.310,46.302,257.430,800485
-129.540,46.565,256.094,800506
-129.621,46.404,254.861,800527
-129.908,46.639,253.493,800548
-130.171,46.545,252.152,800569
-130.112,46.686,251.023,800590
-130.017,46.448,249.891,800611
-129.797,46.256,248.842,800632
-129.666,46.305,247.732,800653
-129.599,46.423,246.577,800674
-129.360,46.457,245.544,800695
-129.453,46.279,244.250,800716
-129.609,46.426,242.901,800737
-129.323,46.212,241.874,800758
-129.441,46.342,240.562,800779
-129.471,46.222,239.327,800800
-129.293,46.037,238.241,800821
-128.811,46.103,237.344,800842
-128.351,46.031,236.420,800863
-128.240,45.929,235.244,800884
-128.217,45.963,234.009,800905
-127.951,45.809,232.916,800926
-127.856,45.706,231.711,800947
-127.613,45.961,230.588,800968
-127.723,46.011,229.194,800989
-127.838,46.074,227.779,801010
-127.415,46.129,226.734,801031
-127.069,46.301,225.633,801052
-126.960,46.600,224.340,801073
-126.530,46.667,223.254,801094
-126.055,46.656,222.183,801115
-126.056,46.709,220.763,801136
-125.528,46.672,219.689,801157
-125.535,46.715,218.179,801178
-125.457,46.787,216.710,801199
-125.133,46.439,215.393,801220
-124.532,46.379,214.222,801241
-124.238,46.044,212.830,801262
-123.581,45.614,211.659,801283
-122.832,45.254,210.536,801304
-122.483,44.925,209.073,801325
-122.170,44.672,207.575,801346
-121.416,44.550,206.370,801367
-120.615,44.217,205.205,801388
-120.261,43.956,203.721,801409
-119.813,43.625,202.318,801430
-119.104,43.555,201.112,801451
-117.699,43.697,200.875,801472
-116.772,43.710,200.358,801493
-115.614,43.885,199.953,801514
-114.661,44.107,199.375,801535
-113.746,44.243,198.758,801556
-113.403,44.313,197.693,801577
-113.179,44.545,196.560,801598
-113.021,44.723,195.370,801619
-112.561,45.101,194.411,801640
-112.205,45.518,193.386,801661
-112.249,46.083,192.057,801682
-112.208,46.451,190.766,801703
-112.782,46.813,189.025,801724
-113.484,47.031,187.193,801745
-114.129,47.276,185.392,801766
-114.266,47.450,183.964,801787
-115.032,47.523,182.052,801808
-115.853,47.446,180.074,801829
-116.363,47.464,178.291,801850
-116.955,47.285,176.439,801871
-117.608,47.401,174.498,801892
-118.626,47.382,172.292,801913
-119.687,47.136,170.052,801934
-120.411,47.025,168.041,801955
-121.546,46.755,165.741,801976
-122.593,46.298,163.492,801997
-123.571,45.772,161.309,802018
-124.243,45.244,159.306,802039
-124.830,44.839,157.355,802060
-125.428,44.283,155.393,802081
-126.016,44.024,153.389,802102
-126.652,43.453,151.327,802123
-127.033,43.165,149.413,802144
-127.510,42.616,147.410,802165
-128.564,41.830,146.270,802186
-129.486,41.081,145.135,802207
-130.025,40.703,144.168,802228
-130.688,40.195,143.113,802249
-130.823,39.992,142.380,802270
-130.798,39.952,141.711,802291
-130.543,40.038,141.196,802312
-130.506,40.178,140.530,802333
-130.290,40.527,139.982,802354
-130.019,40.755,139.451,802375
-129.443,40.895,139.101,802396
-128.923,41.171,138.707,802417
-128.490,41.190,138.694,802438
-127.736,41.492,138.917,802459
-126.914,41.794,139.168,802480
-126.109,42.264,139.409,802501
-125.479,42.877,139.527,802522
-124.932,43.489,139.578,802543
-124.120,43.947,139.829,802564
-123.559,44.233,139.894,802585
-123.205,44.553,139.824,802606
-122.535,45.053,139.990,802627
-122.326,45.321,139.826,802648
-122.331,45.614,139.489,802669
-122.047,45.824,139.358,802690
-122.011,46.405,139.030,802711
-122.376,46.846,138.382,802732
-122.744,47.308,137.724,802753
-123.013,47.788,137.119,802774
-123.517,48.035,136.327,802795
-123.521,48.036,135.880,802816
-123.942,47.925,135.109,802837
-123.993,47.742,134.618,802858
-124.092,47.867,134.057,802879
-124.315,47.996,133.394,802900
-124.837,47.913,132.499,802921
-125.210,47.985,131.673,802942
-125.670,47.908,130.781,802963
-125.920,47.482,130.023,802984
-126.166,47.078,129.243,803005
-126.494,46.785,128.400,803026
-126.292,46.469,127.921,803047
-126.493,46.131,127.150,803068
-126.222,45.909,126.712,803089
-126.369,45.850,125.973,803110
-126.125,45.765,125.506,803131
-126.266,45.568,124.757,803152
-125.955,45.476,124.319,803173
-126.051,45.305,123.571,803194
-126.044,45.390,122.923,803215
-125.628,45.294,122.556,803236
-125.206,45.233,122.188,803257
-124.748,45.181,121.839,803278
-124.266,45.131,121.494,803299
-123.774,45.201,121.151,803320
-123.220,45.157,120.847,803341
-122.901,45.404,120.404,803362
-122.752,45.323,119.859,803383
-122.245,45.441,119.566,803404
-121.947,45.246,119.111,803425
-121.977,45.215,118.415,803446
-121.799,45.039,117.861,803467
-121.428,45.110,117.436,803488
-121.098,45.097,116.981,803509
-120.882,45.368,116.466,803530
-121.126,45.581,115.602,803551
-121.279,45.609,114.785,803572
-121.508,45.733,113.934,803593
-121.673,45.736,113.139,803614
-121.895,45.828,112.304,803635
-121.676,45.984,111.758,803656
-121.447,45.829,111.233,803677
-121.308,45.989,110.635,803698
-121.325,46.170,109.895,803719
-121.088,46.126,109.324,803740
-121.302,46.229,108.449,803761
-121.274,45.962,107.759,803782
-121.081,45.809,107.222,803803
-120.861,45.814,106.715,803824
-120.721,45.624,106.173,803845
-120.743,45.817,105.540,803866
-120.579,45.860,105.021,803887
-120.598,46.054,104.357,803908
-120.948,46.249,103.427,803929
-121.061,46.054,102.667,803950
-121.150,46.281,101.907,803971
-121.622,46.464,100.881,803992
-122.074,46.452,99.852,804013
-122.238,46.301,99.041,804034
-122.174,46.333,98.412,804055
-122.625,46.553,97.395,804076
-123.065,46.591,96.409,804097
-123.141,46.410,95.674,804118
-123.582,46.519,94.694,804139
-123.753,46.382,93.934,804160
-123.703,46.463,93.342,804181
-124.077,46.444,92.477,804202
-124.313,46.732,91.728,804223
-124.684,47.011,90.912,804244
-124.601,47.159,90.483,804265
-124.425,47.317,90.151,804286
-124.149,47.481,89.930,804307
-123.804,47.715,89.821,804328
-123.919,48.104,89.420,804349
-123.733,48.255,89.309,804370
-123.690,48.822,89.117,804391
-123.691,49.280,88.949,804412
-123.613,49.852,88.862,804433
-123.539,50.106,88.809,804454
-123.013,50.421,89.107,804475
-123.083,50.777,88.961,804496
-122.657,51.072,89.164,804517
-122.337,51.376,89.306,804538
-122.029,51.423,89.476,804559
-121.715,51.561,89.655,804580
-121.416,51.568,89.810,804601
-121.502,51.414,89.703,804622
-121.567,51.209,89.641,804643
-121.370,51.219,89.814,804664
-121.340,50.874,89.878,804685
-121.701,50.776,89.639,804706
-121.943,50.455,89.503,804727
-121.994,50.484,89.511,804748
-122.277,50.537,89.342,804769
-122.719,50.502,89.030,804790
-123.004,50.459,88.804,804811
-123.453,50.112,88.406,804832
-123.849,49.691,88.040,804853
-124.170,49.174,87.711,804874
-124.238,48.596,87.566,804895
-124.604,48.056,87.198,804916
-125.046,47.683,86.728,804937
-125.054,47.429,86.581,804958
-125.006,47.111,86.478,804979
-125.256,47.028,86.116,805000
-125.264,46.814,85.878,805021
-125.697,46.458,85.328,805042
-125.680,46.203,85.100,805063
-125.651,45.998,84.851,805084
-125.590,45.690,84.593,805105
-125.566,45.312,84.297,805126
-125.418,45.091,84.042,805147
-125.729,45.082,83.457,805168
-125.697,45.214,83.111,805189
-125.472,45.018,82.892,805210
-125.693,45.060,82.372,805231
-125.909,45.104,81.864,805252
-126.116,45.109,81.327,805273
-126.252,45.049,80.835,805294
-126.006,45.239,80.605,805315
-126.068,45.577,80.143,805336
-125.947,45.856,79.797,805357
-125.826,45.780,79.437,805378
-125.587,45.811,79.129,805399
-125.767,45.886,78.527,805420
-125.971,46.078,77.907,805441
-126.146,46.291,77.292,805462
-126.337,46.485,76.667,805483
-126.518,46.741,76.021,805504
-126.553,46.696,75.477,805525
-126.294,46.958,75.129,805546
-126.545,47.174,74.420,805567
-126.607,47.136,73.824,805588
-126.442,47.398,73.388,805609
-126.350,47.666,72.893,805630
-126.551,47.881,72.124,805651
-126.691,47.820,71.373,805672
-126.917,47.872,70.568,805693
-126.604,47.910,70.116,805714
-126.349,47.858,69.616,805735
-126.147,47.890,69.055,805756
-126.050,48.010,68.416,805777
-126.019,48.123,67.711,805798
-125.965,48.183,66.982,805819
-126.334,48.129,65.928,805840
-126.731,48.072,64.756,805861
-127.146,48.139,63.556,805882
-127.518,47.944,62.351,805903
-127.444,47.706,61.437,805924
-127.600,47.424,60.323,805945
-127.856,47.583,59.116,805966
-127.761,47.573,58.138,805987
-127.718,47.659,57.126,806008
-127.641,47.662,56.141,806029
-127.505,47.645,55.184,806050
-127.647,47.452,53.994,806071
-127.956,47.353,52.661,806092
-128.349,47.562,51.222,806113
-128.451,47.423,49.941,806134
-128.395,47.621,48.700,806155
-128.790,47.724,47.072,806176
-128.734,47.947,45.732,806197
-128.691,48.179,44.333,806218
-129.041,48.073,43.297,806239
-129.549,47.666,42.124,806260
-130.140,47.401,40.863,806281
-130.791,47.383,39.493,806302
-131.014,47.069,38.423,806323
-131.103,46.906,37.382,806344
-131.370,47.016,36.170,806365
-131.694,47.174,34.861,806386
-131.649,47.187,33.766,806407
-131.449,47.229,32.726,806428
-131.441,47.483,31.639,806449
-131.951,47.760,30.419,806470
-132.188,47.774,29.358,806491
-132.319,47.935,28.542,806512
-132.484,48.179,27.714,806533
-132.463,48.325,26.997,806554
-132.521,48.597,26.380,806575
-132.284,48.772,25.995,806596
-132.202,48.947,25.410,806617
-132.411,49.418,24.676,806638
-132.206,49.972,24.189,806659
-131.803,50.311,23.832,806680
-131.529,50.505,23.361,806701
-131.786,50.943,22.470,806722
-131.723,51.024,21.843,806743
-131.467,51.094,21.397,806764
-131.462,51.460,20.754,806785
-131.751,51.738,19.860,806806
-131.977,51.966,18.996,806827
-132.298,51.850,18.057,806848
-132.567,51.972,17.181,806869
-132.956,52.016,16.212,806890
-133.374,51.632,15.237,806911
-133.640,51.195,14.379,806932
-133.877,50.969,13.548,806953
-134.349,50.929,12.528,806974
-135.089,50.748,11.305,806995
-135.219,50.477,10.577,807016
-135.553,50.448,9.738,807037
-135.809,50.329,8.988,807058
-136.282,49.866,8.113,807079
-136.788,49.773,7.252,807100
-137.549,49.371,6.215,807121
-138.326,49.037,5.189,807142
-138.546,48.639,4.602,807163
-139.140,48.638,3.750,807184
-139.298,48.480,3.216,807205
-139.912,48.455,2.359,807226
-140.291,48.120,1.673,807247
-140.695,47.849,0.997,807268
-141.062,47.594,0.342,807289
-140.992,47.420,0.038,807310
-141.393,47.373,359.362,807331
-141.186,47.303,359.129,807352
-140.840,47.360,359.018,807373
-140.392,47.425,358.935,807394
-139.866,47.461,358.914,807415
-139.361,47.867,358.862,807436
-138.609,48.207,358.996,807457
-138.170,48.638,358.878,807478
-137.818,48.811,358.693,807499
-137.306,49.151,358.571,807520
-136.305,49.082,358.780,807541
-135.216,49.018,359.031,807562
-134.362,48.806,359.082,807583
-133.322,48.852,359.264,807604
-132.349,48.868,359.400,807625
-131.278,48.571,359.598,807646
-130.552,48.160,359.524,807667
-129.777,48.140,359.465,807688
-129.156,48.100,359.277,807709
-128.398,47.711,359.203,807730
-127.587,47.277,359.140,807751
-126.509,46.879,359.283,807772
-125.770,46.461,359.182,807793
-124.998,45.994,359.116,807814
-124.495,45.973,358.876,807835
-124.119,45.749,358.542,807856
-123.312,45.469,358.472,807877
-123.137,45.397,357.945,807898
-122.745,45.406,357.586,807919
-122.435,45.042,357.158,807940
-122.063,45.010,356.780,807961
-122.134,44.876,356.083,807982
-122.185,44.760,355.416,808003
-121.912,44.895,354.953,808024
-122.050,44.827,354.194,808045
-122.382,44.972,353.289,808066
-122.377,45.210,352.610,808087
-122.702,45.563,351.703,808108
-122.868,45.537,350.935,808129
-123.124,45.847,350.085,808150
-123.280,45.974,349.292,808171
-123.752,45.960,348.272,808192
-124.244,46.344,347.208,808213
-124.903,46.442,345.998,808234
-125.583,46.622,344.784,808255
-126.214,46.672,343.638,808276
-126.791,46.982,342.544,808297
-127.426,47.070,341.393,808318
-127.901,47.011,340.371,808339
-127.927,47.013,339.655,808360
-128.074,47.143,338.810,808381
-128.356,47.339,337.838,808402
-128.360,47.206,337.044,808423
-128.307,47.043,336.262,808444
-128.617,47.174,335.184,808465
-128.969,47.275,334.065,808486
-129.388,47.285,332.908,808507
-129.655,47.096,331.850,808528
-129.779,46.866,330.915,808549
-129.432,46.785,330.279,808570
-129.080,46.822,329.601,808591
-128.844,46.949,328.789,808612
-128.934,46.810,327.753,808633
-128.741,46.510,326.921,808654
-128.381,46.449,326.197,808675
-127.997,46.408,325.475,808696
-128.106,46.354,324.375,808717
-127.869,46.046,323.497,808738
-127.669,45.751,322.533,808759
-127.249,45.763,321.705,808780
-126.829,45.443,320.840,808801
-126.315,45.253,320.034,808822
-125.803,45.176,319.165,808843
-125.762,45.177,317.929,808864
-125.645,45.110,316.694,808885
-125.540,45.238,315.469,808906
-125.487,45.384,314.241,808927
-125.397,45.462,313.072,808948
-125.166,45.766,312.003,808969
-125.086,45.706,310.827,808990
-124.726,45.603,309.833,809011
-124.359,45.723,308.784,809032
-124.040,45.817,307.656,809053
-123.701,45.819,306.491,809074
-123.428,45.649,305.263,809095
-123.578,45.605,303.661,809116
-123.701,45.567,302.030,809137
-123.347,45.599,300.710,809158
-123.144,45.348,299.239,809179
-123.000,45.133,297.722,809200
-122.696,45.171,296.286,809221
-122.726,44.982,294.610,809242
-122.665,44.703,293.016,809263
-122.656,44.489,291.369,809284
-122.469,44.093,289.839,809305
-122.255,43.657,288.318,809326
-122.187,43.234,286.694,809347
-122.284,43.148,284.954,809368
-122.000,42.946,283.461,809389
-122.153,42.823,281.691,809410
-122.043,42.799,280.132,809431
-121.842,42.707,278.622,809452
-121.989,42.795,276.891,809473
-122.367,42.821,274.976,809494
-122.708,42.651,273.053,809516
-123.163,42.597,271.012,809537
-123.480,42.373,269.068,809558
-124.031,42.433,266.921,809579
-124.294,42.626,264.948,809600
-124.685,42.848,262.858,809621
-124.835,42.843,260.925,809642
-124.243,43.329,259.061,809664
-123.696,43.582,257.142,809685
-124.746,42.870,256.850,809706
-125.313,42.297,256.936,809727
-125.844,41.799,256.837,809748
-126.235,41.315,256.673,809769
-126.588,40.978,256.357,809790
-126.712,40.637,256.095,809811
-126.710,40.466,255.729,809832
-126.672,40.433,255.283,809853
-126.978,40.391,254.568,809874
-127.228,40.245,253.823,809895
-127.511,40.220,252.986,809916
-127.740,40.231,252.112,809937
-127.936,40.288,251.200,809958
-128.074,40.375,250.295,809979
-127.928,40.752,249.502,810000
-127.668,41.094,248.748,810021
-127.754,41.421,247.747,810042
-127.571,41.699,247.246,810063
-127.795,42.037,246.461,810084
-127.916,42.202,245.739,810105
-127.871,42.358,245.104,810126
-127.923,42.970,244.365,810147
-127.497,43.311,243.942,810168
-127.556,43.737,243.148,810189
-127.361,44.439,242.543,810210
-129.185,45.617,240.266,810231
-130.774,46.586,237.996,810252
-132.304,47.432,235.738,810273
-133.765,48.152,233.457,810294
-135.037,48.880,231.297,810315
-136.180,49.425,229.167,810336
-137.183,49.759,227.110,810357
-138.119,49.967,225.084,810378
-138.757,50.364,223.253,810399
-139.522,50.827,221.313,810420
-140.449,51.138,219.255,810441
-141.181,51.320,217.335,810462
-139.801,51.322,218.792,810483
-138.273,51.523,220.252,810504
-136.427,51.311,221.885,810525
-134.494,51.188,223.507,810546
-132.708,51.114,224.978,810567
-130.702,50.617,226.558,810588
-128.889,50.056,227.903,810609
-127.947,49.410,228.348,810630
-126.899,49.110,228.836,810651
-125.795,48.753,229.319,810672
-125.115,48.162,229.449,810693
-124.278,47.476,229.669,810714
-123.181,47.017,230.026,810735
-122.427,46.323,230.128,810756
-121.857,45.692,230.074,810777
-121.478,45.205,229.859,810798
-120.782,44.937,229.844,810819
-120.235,44.726,229.704,810840
-119.740,44.501,229.506,810861
-119.734,44.268,228.952,810882
-119.827,43.965,228.334,810903
-119.915,43.602,227.691,810924
-119.654,43.415,227.299,810945
-119.971,43.355,226.475,810966
-120.045,43.068,225.803,810987
-119.998,43.001,225.200,811008
-120.241,43.303,224.396,811029
-120.740,43.535,223.412,811050
-121.334,43.737,222.344,811071
-121.549,43.979,221.509,811092
-122.320,44.190,220.299,811113
-123.187,44.471,219.019,811134
-123.608,44.764,218.077,811155
-124.394,44.866,216.847,811176
-125.358,45.091,215.491,811197
-125.876,45.458,214.436,811218
-126.701,46.003,213.133,811239
-127.238,46.383,212.054,811260
-127.871,46.827,210.910,811281
-128.417,47.108,209.843,811302
-129.435,47.275,208.425,811323
-130.338,47.316,207.089,811344
-131.388,47.419,205.630,811365
-132.404,47.514,204.221,811386
-133.406,47.534,202.803,811407
-133.830,47.588,201.827,811428
-134.288,47.780,200.811,811449
-134.510,47.861,199.965,811470
-135.132,47.904,198.803,811491
-135.522,48.117,197.806,811512
-135.883,48.036,196.799,811533
-136.133,47.959,195.879,811554
-136.069,47.767,195.130,811575
-136.025,47.569,194.396,811596
-135.895,47.359,193.719,811617
-135.473,47.436,193.213,811638
-134.911,47.495,192.791,811659
-134.462,47.658,192.263,811680
-133.870,47.787,191.826,811701
-133.477,47.907,191.222,811722
-133.188,47.897,190.551,811743
-132.533,47.981,190.122,811764
-131.661,47.879,189.812,811785
-130.760,47.716,189.506,811806
-130.267,47.383,188.873,811827
-129.275,47.091,188.604,811848
-128.288,46.938,188.335,811869
-127.243,46.690,188.082,811890
-126.622,46.740,187.531,811911
-125.801,46.846,187.101,811932
-125.061,46.543,186.604,811953
-124.524,46.324,185.976,811974
-123.823,46.052,185.436,811995
-122.964,45.919,185.011,812016
-122.383,45.721,184.354,812037
-121.904,45.539,183.634,812058
-121.453,45.770,182.837,812079
-121.034,46.034,182.060,812100
-120.857,46.370,181.099,812121
-120.801,46.707,180.034,812142
-120.719,46.663,178.973,812163
-120.306,46.859,178.108,812184
-120.072,46.769,177.073,812205
-119.631,46.802,176.137,812226
-119.416,47.069,174.969,812247
-119.111,47.125,173.820,812268
-118.862,47.160,172.606,812289
-119.232,47.280,170.912,812310
-119.667,47.411,169.127,812331
-119.672,47.339,167.666,812352
-120.055,47.296,165.886,812373
-120.433,47.266,164.026,812394
-120.437,47.144,162.389,812415
-120.275,47.118,160.795,812436
-120.164,47.027,159.113,812457
-120.008,46.939,157.395,812478
-120.253,47.160,155.374,812499
-120.282,47.498,153.478,812520
-120.076,47.657,151.737,812541
-120.267,47.570,149.663,812562
-120.592,47.569,147.463,812583
-120.517,47.423,145.539,812604
-120.514,47.218,143.533,812625
-121.094,46.721,141.404,812646
-121.281,46.484,139.528,812667
-121.794,46.247,137.406,812688
-121.914,46.126,135.553,812709
-122.368,45.974,133.457,812730
-122.748,45.817,131.444,812751
-123.010,45.591,129.498,812772
-123.104,45.356,127.698,812793
-123.104,45.143,125.978,812814
-123.224,45.021,124.163,812835
-123.032,44.884,122.621,812856
-122.778,44.858,121.123,812877
-122.501,44.950,119.634,812898
-122.730,45.137,117.823,812919
-122.983,45.441,115.988,812940
-123.259,45.726,114.160,812961
-123.468,45.832,112.377,812983
-123.391,45.883,110.801,813004
-123.624,46.329,109.014,813025
-123.488,46.691,107.480,813046
-123.768,47.028,105.677,813067
-123.837,47.491,104.017,813088
-123.600,47.776,102.630,813109
-123.326,47.872,101.261,813130
-123.339,47.862,99.720,813151
-123.249,47.773,98.279,813172
-123.228,47.650,96.766,813193
-123.077,47.871,95.324,813214
-122.980,48.076,93.806,813235
-123.095,48.197,92.138,813256
-123.296,48.132,90.386,813277
-123.459,47.927,88.688,813298
-123.642,47.667,86.941,813319
-123.560,47.644,85.417,813340
-123.229,47.381,84.062,813361
-122.895,47.217,82.695,813382
-122.540,46.817,81.329,813403
-122.123,46.555,79.994,813424
-121.876,46.095,78.532,813445
-121.462,45.791,77.178,813466
-121.564,45.694,75.462,813487
-121.211,45.388,74.039,813508
-120.921,45.336,72.566,813529
-120.685,44.948,71.074,813550
-120.585,44.620,69.433,813571
-120.142,44.414,68.032,813592
-120.145,44.338,66.295,813613
-119.835,44.111,64.784,813634
-119.655,44.390,63.158,813655
-119.782,44.635,61.294,813676
-119.985,44.871,59.404,813697
-120.208,45.234,57.469,813718
-120.438,45.392,55.518,813739
-120.610,45.857,53.593,813760
-120.404,46.095,51.947,813781
-120.211,46.337,50.276,813802
-119.998,46.633,48.612,813823
-119.841,46.925,46.922,813844
-119.829,47.386,45.134,813865
-120.148,47.490,43.123,813886
-120.640,47.841,40.967,813907
-121.156,48.031,38.785,813928
-121.558,48.057,36.663,813949
-121.627,48.309,34.807,813970
-122.137,48.349,32.619,813991
-122.626,48.686,30.452,814012
-121.923,48.973,29.313,814033
-121.380,48.973,28.066,814054
-121.230,48.944,26.512,814075
-121.111,49.277,24.940,814096
-120.865,49.467,23.484,814117
-121.119,49.385,21.614,814138
-121.021,49.125,19.995,814159
-121.091,48.824,18.250,814180
-121.001,48.664,16.599,814201
-120.924,48.549,14.934,814222
-121.332,48.297,12.902,814243
-121.850,48.149,10.781,814264
-122.028,47.742,8.913,814285
-122.139,47.366,7.110,814306
-122.643,47.337,5.006,814327
-123.174,46.911,2.863,814348
-123.723,46.522,0.711,814369
-124.305,46.196,358.509,814390
-124.492,45.647,356.598,814411
-125.020,45.352,354.424,814432
-125.494,44.996,352.321,814453
-125.592,44.873,350.461,814474
-126.437,44.165,349.225,814495
-127.038,43.365,348.158,814516
-127.563,42.642,347.104,814537
-128.303,42.237,345.898,814558
-128.870,41.771,344.829,814579
-129.060,41.637,344.005,814600
-129.506,41.673,343.001,814621
-129.534,41.707,342.295,814642
-129.651,41.918,341.526,814663
-129.921,42.200,340.608,814684
-129.672,42.480,340.030,814705
-129.695,42.956,339.259,814726
-129.402,43.454,338.692,814747
-129.212,43.669,338.030,814768
-128.795,44.047,337.502,814789
-128.428,44.356,336.926,814810
-128.003,44.900,336.364,814831
-127.823,45.192,335.603,814852
-127.793,45.884,334.684,814873
-127.663,46.566,333.816,814894
-127.321,47.137,333.077,814915
-127.381,47.614,332.016,814936
-127.336,47.788,331.007,814957
-126.862,48.025,330.250,814978
-126.561,48.400,329.361,814999
-126.163,48.394,328.512,815020
-125.821,48.279,327.594,815041
-125.949,48.437,326.302,815062
-126.083,48.565,325.015,815083
-125.927,48.298,323.925,815104
-126.170,48.195,322.524,815125
-126.410,48.011,321.105,815146
-126.213,47.914,320.003,815167
-126.307,47.532,318.702,815188
-126.082,47.246,317.595,815209
-125.845,46.869,316.466,815230
-125.782,46.812,315.208,815251
-125.872,46.328,313.819,815272
-125.731,46.152,312.580,815293
-126.018,45.905,311.037,815314
-126.268,45.805,309.492,815335
-126.299,45.727,308.126,815356
-126.452,45.330,306.694,815377
-126.252,44.947,305.472,815398
-126.008,44.687,304.285,815419
-125.735,44.501,303.115,815440
-125.815,44.239,301.692,815461
-125.859,44.367,300.286,815482
-125.861,44.111,298.889,815503
-125.726,44.209,297.576,815524
-125.915,44.174,296.036,815545
-126.002,44.377,294.560,815566
-125.907,44.602,293.220,815587
-125.659,44.451,291.967,815608
-125.284,44.435,290.788,815629
-124.903,44.542,289.603,815650
-124.581,44.691,288.378,815671
-124.713,44.815,286.826,815692
-124.777,44.928,285.298,815713
-124.923,45.067,283.694,815734
-125.230,45.406,281.992,815755
-125.534,45.729,280.290,815776
-125.365,45.857,278.899,815797
-125.151,45.969,277.510,815818
-125.108,46.195,275.992,815839
-124.949,46.157,274.539,815860
-124.849,46.219,273.042,815881
-125.244,46.195,271.184,815902
-125.570,45.972,269.394,815923
-125.505,45.832,267.874,815944
-125.983,45.779,265.981,815965
-126.355,45.483,264.159,815986
-126.282,45.092,262.668,816008
-126.654,44.795,260.862,816029
-126.989,44.679,259.087,816050
-126.955,44.179,257.568,816071
-127.152,43.652,255.906,816092
-127.371,43.096,254.229,816113
-127.647,42.572,252.513,816135
-127.479,41.958,251.088,816156
-127.264,41.605,249.698,816177
-127.098,41.339,248.306,816198
-126.838,40.984,246.979,816219
-126.829,40.913,245.478,816240
-126.901,40.606,243.950,816261
-126.916,40.544,242.466,816282
-126.719,40.300,241.137,816303
-126.385,40.148,239.913,816324
-126.247,40.211,238.555,816345
-125.699,40.520,237.490,816366
-125.166,40.873,236.435,816387
-124.670,41.346,235.359,816408
-124.588,42.036,234.043,816429
-124.668,42.578,232.611,816450
-124.318,43.128,231.454,816471
-124.201,43.442,230.139,816492
-124.055,43.741,228.831,816513
-124.065,44.164,227.381,816534
-123.620,44.736,226.274,816555
-123.221,45.355,225.137,816576
-123.084,45.684,223.800,816597
-122.666,46.283,222.666,816618
-121.323,46.870,222.581,816639
-119.750,47.608,222.638,816660
-118.300,48.279,222.571,816681
-117.360,48.786,222.116,816702
-116.358,48.890,221.683,816723
-115.220,48.881,221.337,816744
-114.617,48.978,220.591,816765
-113.627,49.080,220.169,816786
-112.793,49.239,219.601,816807
-112.052,49.294,218.978,816828
-111.502,49.464,218.185,816849
-111.435,49.652,217.018,816870
-111.493,49.530,215.774,816891
-111.578,49.230,214.506,816912
-111.837,48.920,213.118,816933
-112.336,48.736,211.510,816954
-112.907,48.381,209.864,816975
-113.164,47.928,208.443,816996
-113.491,47.615,206.970,817017
-114.261,47.477,205.194,817038
-114.743,47.091,203.635,817059
-114.907,47.002,202.207,817080
-115.181,46.918,200.689,817101
-115.998,46.707,198.771,817122
-116.902,46.397,196.762,817143
-117.135,46.276,195.578,817164
-117.771,46.004,194.315,817185
-118.051,45.649,193.528,817206
-118.392,45.410,192.636,817227
-119.219,45.242,191.386,817248
-119.860,45.189,190.235,817269
-120.609,44.884,188.974,817290
-121.300,44.531,187.840,817311
-122.038,44.275,186.745,817332
-122.563,43.858,185.762,817353
-123.106,43.507,184.750,817374
-123.738,43.263,183.635,817395
-123.955,43.016,182.766,817416
-124.293,43.104,181.794,817437
-124.497,43.133,180.887,817458
-124.817,43.340,179.870,817479
-124.943,43.245,178.956,817500
-125.445,43.281,177.752,817521
-125.902,43.327,176.549,817542
-125.868,43.470,175.672,817563
-126.263,43.810,174.492,817584
-126.592,43.979,173.360,817605
-126.961,44.254,172.217,817626
-126.866,44.558,171.363,817647
-126.818,44.969,170.487,817668
-127.202,45.472,169.279,817689
-127.272,45.992,168.300,817710
-127.598,46.211,167.119,817731
-127.472,46.515,166.200,817752
-127.382,46.652,165.284,817773
-127.567,46.799,164.120,817794
-127.552,47.249,163.083,817815
-127.514,47.666,162.057,817836
-127.511,48.055,161.015,817857
-127.798,48.155,159.744,817878
-128.097,48.246,158.438,817899
-128.222,48.513,157.230,817920
-128.280,48.366,156.067,817941
-128.572,48.360,154.695,817962
-128.629,48.156,153.500,817983
-128.377,48.079,152.515,818004
-128.136,47.878,151.533,818025
-127.920,47.624,150.534,818046
-127.838,47.683,149.395,818067
-127.762,47.732,148.280,818088
-127.968,47.466,146.928,818109
-128.252,47.324,145.559,818130
-128.512,47.278,144.170,818151
-128.284,47.227,143.150,818172
-128.147,46.819,142.066,818193
-128.093,46.425,140.897,818214
-127.730,46.108,139.942,818235
-127.477,46.057,138.923,818256
-127.412,46.075,137.798,818277
-127.520,45.866,136.544,818298
-127.623,45.782,135.297,818319
-127.737,45.541,134.035,818340
-127.469,45.167,133.055,818361
-127.271,45.216,132.010,818382
-126.974,44.922,131.025,818403
-126.577,44.715,130.144,818424
-126.236,44.790,129.220,818445
-125.954,44.914,128.266,818466
-126.084,45.013,127.025,818487
-126.073,44.873,125.886,818508
-126.070,44.721,124.768,818529
-126.139,44.655,123.602,818550
-125.808,44.774,122.688,818571
-125.464,44.687,121.772,818592
-125.080,44.824,120.908,818613
-124.689,44.977,120.068,818634
-124.344,45.206,119.195,818655
-124.468,45.498,117.981,818676
-124.573,45.821,116.781,818697
-124.765,46.060,115.516,818718
-124.935,46.135,114.246,818739
-125.163,46.249,112.951,818760
-125.040,46.553,111.906,818781
-124.802,46.691,110.937,818802
-124.738,46.565,109.865,818823
-124.621,46.758,108.839,818844
-124.522,46.918,107.830,818865
-124.626,46.696,106.672,818886
-124.972,46.549,105.340,818907
-124.924,46.527,104.286,818928
-125.255,46.351,102.931,818949
-125.658,46.217,101.529,818970
-126.039,46.018,100.159,818991
-126.451,46.173,98.764,819012
-126.464,46.024,97.643,819033
-126.521,46.105,96.504,819054
-126.841,45.889,95.189,819075
-126.786,45.939,94.178,819096
-126.649,45.870,93.215,819117
-126.652,45.981,92.159,819138
-126.883,45.849,90.917,819159
-126.595,45.809,90.044,819180
-126.412,45.499,89.105,819201
-126.524,45.569,87.942,819222
-126.604,45.708,86.821,819243
-126.487,45.525,85.850,819264
-126.477,45.367,84.790,819285
-126.196,45.342,83.922,819306
-126.367,45.322,82.723,819327
-126.440,45.202,81.601,819348
-126.083,45.230,80.784,819369
-125.904,45.480,79.863,819390
-125.511,45.552,79.107,819411
-125.407,45.826,78.131,819432
-125.048,45.994,77.326,819453
-124.677,46.134,76.496,819474
-124.635,46.062,75.420,819495
-124.399,45.945,74.481,819516
-124.329,46.257,73.448,819537
-124.462,46.454,72.239,819558
-124.663,46.535,70.993,819579
-124.533,46.848,69.969,819600
-124.663,46.839,68.733,819621
-124.646,46.818,67.567,819642
-125.047,47.135,66.084,819663
-125.186,47.589,64.785,819684
-125.044,47.762,63.680,819705
-125.337,47.871,62.274,819726
-125.547,48.332,60.933,819747
-125.926,48.376,59.458,819768
-126.278,48.383,57.992,819789
-126.643,48.371,56.507,819810
-126.860,48.689,55.075,819831
-127.253,49.080,53.519,819852
-127.554,49.427,52.017,819873
-127.759,49.647,50.592,819894
-128.311,50.014,48.858,819915
-129.024,50.291,47.017,819936
-129.361,50.239,45.481,819957
-129.898,50.231,43.827,819978
-130.502,50.290,42.113,819999
-130.644,50.187,40.740,820020
-130.739,50.053,39.396,820041
-131.149,49.980,37.814,820062
-131.517,50.156,36.238,820083
-131.573,50.307,34.915,820104
-131.955,50.244,33.375,820125
-132.247,50.384,31.885,820146
-132.191,50.102,30.642,820167
-132.407,49.942,29.194,820188
-132.280,49.670,28.035,820209
-131.964,49.615,27.013,820230
-131.648,49.548,26.013,820251
-131.285,49.374,25.085,820272
-131.073,49.390,24.067,820293
-131.189,49.113,22.844,820314
-131.170,49.170,21.755,820335
-130.983,48.840,20.845,820356
-130.629,48.760,20.102,820377
-130.308,48.709,19.357,820398
-130.279,48.390,18.421,820419
-130.224,48.456,17.529,820440
-130.127,48.527,16.705,820461
-130.465,48.548,15.600,820482
-130.821,48.455,14.497,820503
-131.009,48.208,13.543,820524
-130.862,48.205,12.840,820545
-131.143,48.024,11.860,820566
-131.165,47.706,11.079,820587
-130.916,47.624,10.487,820608
-130.779,47.269,9.809,820629
-130.783,46.947,9.020,820650
-130.889,46.939,8.145,820671
-130.609,46.977,7.555,820692
-130.570,46.698,6.784,820713
-130.684,46.196,7.374,820734
-131.162,45.633,7.639,820755
-131.621,45.271,7.881,820776
-131.658,44.628,8.377,820797
-131.858,43.972,8.729,820818
-132.192,43.394,8.931,820839
-132.262,43.248,9.277,820860
-132.270,43.145,9.619,820881
-132.494,43.179,9.726,820902
-132.727,42.922,9.790,820923
-132.491,42.799,10.109,820944
-132.322,42.832,10.351,820965
-132.300,43.023,10.481,820986
-132.340,42.937,10.535,821007
-132.033,42.874,10.777,821028
-131.534,42.962,11.115,821049
-131.138,43.412,11.350,821070
-130.991,43.888,11.382,821091
-130.471,44.275,11.675,821112
-130.221,44.758,11.766,821133
-130.213,44.974,11.654,821154
-129.845,45.350,11.775,821175
-129.734,45.431,11.666,821196
-129.278,45.656,11.739,821217
-128.951,46.057,11.692,821238
-128.614,46.108,11.623,821259
-128.335,46.516,11.499,821280
-128.031,46.868,11.350,821301
-127.989,47.311,11.017,821322
-128.236,47.621,10.412,821343
-128.175,47.562,9.979,821364
-128.307,47.544,9.395,821385
-128.246,47.785,9.075,821406
-128.508,47.749,8.488,821427
-128.327,47.689,8.192,821448
-128.273,47.503,7.800,821469
-128.202,47.348,7.387,821490
-128.632,47.383,6.594,821511
-128.965,47.269,5.850,821532
-128.990,47.414,5.284,821553
-128.924,47.534,4.744,821574
-129.135,47.356,3.940,821595
-129.344,47.172,3.119,821616
-129.114,46.893,2.587,821637
-128.933,46.565,1.999,821658
-128.628,46.441,1.448,821679
-128.467,46.490,0.754,821700
-128.235,46.180,0.085,821721
-128.155,46.328,359.294,821742
-128.047,46.109,358.509,821763
-127.912,46.345,357.719,821784
-127.986,46.498,356.769,821805
-127.994,46.376,355.828,821826
-127.666,46.187,355.130,821847
-127.282,46.258,354.452,821868
-126.854,46.169,353.786,821889
-126.649,46.420,352.926,821910
-126.805,46.508,351.823,821931
-126.733,46.799,350.859,821952
-127.019,46.938,349.619,821973
-126.836,47.150,348.714,821994
-127.011,47.099,347.561,822015
-127.329,47.150,346.297,822036
-127.196,47.103,345.355,822057
-127.392,47.055,344.149,822078
-127.235,47.217,343.206,822099
-127.168,47.098,342.209,822120
-127.002,47.257,341.287,822141
-127.289,47.289,340.004,822162
-127.589,47.543,338.687,822183
-127.809,47.506,337.409,822204
-127.745,47.381,336.343,822225
-128.019,47.648,335.033,822246
-127.914,47.529,333.979,822267
-128.176,47.695,332.643,822288
-127.948,47.830,331.662,822309
-128.195,47.951,330.314,822330
-127.975,48.097,329.280,822351
-128.171,48.177,327.942,822372
-127.991,47.957,326.869,822393
-128.222,47.954,325.467,822414
-128.468,47.929,324.021,822435
-128.676,47.945,322.643,822456
-128.413,47.741,321.637,822477
-128.148,47.523,320.618,822498
-128.236,47.479,319.354,822519
-127.796,47.508,318.474,822540
-127.572,47.649,317.424,822561
-127.521,47.438,316.257,822582
-127.543,47.323,315.058,822603
-127.266,47.348,314.053,822624
-127.235,47.035,312.873,822645
-126.794,46.844,311.989,822666
-126.484,46.754,311.018,822687
-126.086,46.569,310.110,822708
-125.777,46.438,309.113,822729
-125.914,46.543,307.802,822750
-126.054,46.388,306.480,822771
-126.189,46.254,305.178,822792
-126.190,46.029,303.963,822813
-125.903,46.104,302.970,822834
-125.760,45.825,301.889,822855
-125.399,45.790,300.933,822876
-125.042,45.772,299.975,822897
-124.728,45.829,298.986,822918
-124.650,46.059,297.811,822939
-124.792,46.248,296.465,822960
-124.998,46.439,295.041,822981
-125.155,46.350,293.651,823002
-125.347,46.330,292.244,823023
-125.202,46.519,291.056,823044
-125.204,46.341,289.760,823065
-125.218,46.172,288.442,823086
-124.948,46.191,287.327,823107
-124.844,46.000,286.077,823128
-124.616,46.128,284.901,823149
-124.787,46.223,283.402,823170
-124.810,46.057,282.004,823191
-124.611,46.203,280.757,823212
-124.801,46.299,279.206,823233
-124.604,46.121,277.924,823254
-124.505,45.940,276.542,823275
-124.191,46.060,275.311,823296
-123.908,46.192,274.055,823317
-123.597,46.146,272.808,823338
-123.657,46.375,271.275,823359
-123.962,46.428,269.567,823380
-124.212,46.287,267.862,823401
-124.577,46.233,266.099,823422
-124.855,46.038,264.376,823443
-125.236,46.128,262.574,823464
-125.085,45.984,261.146,823485
-125.029,46.091,259.665,823506
-125.044,46.233,258.139,823527
-124.945,46.296,256.663,823548
-124.977,46.038,255.086,823569
-125.238,45.901,253.354,823590
-125.409,45.710,251.651,823611
-125.626,45.529,249.897,823632
-125.879,45.673,248.122,823653
-125.669,45.529,246.668,823674
-125.951,45.594,244.848,823695
-125.745,45.407,243.382,823716
-125.589,45.142,241.874,823737
-125.510,45.226,240.286,823758
-125.275,45.218,238.810,823779
-125.545,45.207,236.971,823800
-125.677,45.392,235.226,823821
-125.445,45.354,233.743,823842
-125.426,45.089,232.134,823863
-125.261,45.114,230.653,823884
-125.441,45.279,228.938,823905
-125.273,45.357,227.450,823926
-125.428,45.129,225.749,823947
-125.717,45.125,223.945,823968
-125.630,45.289,222.384,823989
-125.927,45.375,220.561,824010
-125.980,45.244,218.885,824031
-126.112,45.140,217.187,824052
-126.360,45.156,215.404,824073
-126.153,45.226,213.951,824094
-125.995,45.339,212.470,824115
-125.776,45.410,211.010,824136
-125.606,45.628,209.503,824157
-125.328,45.819,208.065,824178
-125.211,46.182,206.468,824199
-125.346,46.278,204.696,824220
-125.168,46.645,203.109,824241
-124.798,46.793,201.630,824262
-124.642,46.701,199.999,824283
-124.175,46.918,198.546,824304
-123.652,47.054,197.100,824325
-123.110,47.326,195.608,824346
-122.591,47.286,194.068,824367
-122.406,47.441,192.256,824388
-121.880,47.427,190.646,824409
-121.204,47.776,189.112,824430
-120.630,47.761,187.472,824451
-120.349,48.061,185.598,824472
-119.594,48.232,184.068,824493
-119.548,47.672,182.739,824514
-119.134,47.364,181.848,824535
-119.230,47.000,180.560,824556
-119.031,46.845,179.454,824577
-118.778,46.755,178.371,824598
-118.356,46.484,177.393,824619
-118.448,46.353,176.071,824640
-118.582,46.422,174.750,824661
-118.629,46.376,173.468,824682
-118.303,46.360,172.457,824703
-118.211,46.368,171.269,824724
-118.018,46.374,170.141,824745
-117.687,46.736,169.125,824766
-117.771,46.973,167.827,824787
-117.894,47.356,166.496,824808
-117.876,47.578,165.289,824829
-117.525,48.029,164.348,824850
-117.319,48.199,163.326,824871
-117.427,48.412,162.047,824892
-117.495,49.025,160.829,824913
-117.467,49.505,159.677,824934
-117.511,49.971,158.461,824955
-117.729,50.498,157.132,824976
-118.377,50.814,155.452,824997
-118.496,50.954,154.160,825018
-119.014,50.934,152.537,825039
-119.546,50.760,150.920,825060
-120.192,50.573,149.171,825081
-120.864,50.377,147.364,825102
-121.103,50.259,145.873,825123
-121.295,50.033,144.408,825144
-121.932,49.654,142.584,825165
-122.496,49.369,140.818,825186
-123.063,48.887,139.028,825207
-123.606,48.485,137.258,825228
-124.053,47.911,135.562,825249
-124.089,47.258,134.137,825270
-124.332,46.571,132.571,825291
-124.447,45.899,131.090,825312
-124.414,45.511,129.708,825333
-124.310,45.130,128.390,825354
-124.238,44.907,127.047,825375
-124.009,44.487,125.804,825396
-124.168,44.122,124.284,825417
-124.279,43.917,122.817,825438
-124.081,43.545,121.574,825459
-123.988,43.276,120.248,825480
-123.729,43.437,119.030,825501
-123.450,43.630,117.850,825522
-123.197,43.904,116.609,825543
-123.253,44.111,115.169,825564
-122.944,44.449,113.966,825585
-122.957,44.567,112.560,825606
-122.546,44.711,111.432,825627
-122.305,44.792,110.207,825648
-121.926,45.214,109.072,825669
-121.835,45.798,107.760,825690
-121.503,46.245,106.627,825711
-121.120,46.664,105.504,825732
-121.130,46.862,104.104,825753
-121.189,47.436,102.632,825774
-121.365,47.965,101.080,825795
-121.541,48.116,99.522,825816
-121.671,48.177,97.986,825837
-121.864,48.192,96.408,825858
-121.904,48.077,94.938,825879
-121.788,48.215,93.557,825900
-121.633,48.279,92.204,825921
-121.567,48.377,90.779,825942
-121.396,48.210,89.414,825963
-121.336,48.264,87.982,825984
-121.670,48.128,86.246,826005
-121.938,47.898,84.549,826026
-121.867,47.530,83.071,826047
-122.159,47.373,81.326,826068
-122.043,47.026,79.849,826089
-122.040,46.663,78.321,826110
-121.923,46.302,76.862,826131
-122.182,46.324,75.153,826152
-122.188,46.355,73.622,826173
-122.452,46.057,71.886,826194
-122.383,45.695,70.416,826215
-122.285,45.724,68.958,826236
-122.520,45.602,67.275,826257
-122.309,45.578,65.919,826278
-122.013,45.472,64.614,826299
-121.798,45.532,63.270,826320
-122.005,45.395,61.627,826341
-122.280,45.483,59.936,826362
-122.500,45.358,58.317,826383
-122.835,45.411,56.611,826404
-123.084,45.324,54.980,826425
-123.456,45.388,53.272,826446
-123.832,45.371,51.546,826467
-124.236,45.396,49.812,826488
-124.198,45.504,48.396,826509
-124.279,45.701,46.917,826530
-124.299,45.666,45.479,826551
-124.502,45.822,43.930,826572
-125.076,45.979,42.090,826593
-125.792,46.016,40.160,826614
-126.393,45.784,38.304,826635
-126.626,45.610,36.721,826656
-127.058,45.403,34.972,826677
-127.537,45.256,33.183,826698
-127.848,45.465,31.517,826719
-127.932,45.356,30.013,826740
-128.505,45.328,28.197,826761
-128.877,45.500,26.529,826782
-129.207,45.266,24.907,826803
-129.375,45.351,23.377,826824
-129.816,45.227,21.696,826845
-130.325,44.843,21.429,826866
-130.867,44.149,21.072,826887
-131.438,43.563,20.669,826908
-132.101,43.136,20.172,826929
-132.739,42.818,19.689,826950
-133.216,42.778,19.294,826971
-133.612,42.769,18.942,826992
-134.124,42.545,18.504,827013
-134.551,42.434,18.074,827034
-134.433,42.556,17.986,827055
-134.234,42.435,17.921,827076
-133.853,42.448,17.950,827097
-133.461,42.734,17.975,827118
-133.312,43.203,17.844,827139
-133.075,43.753,17.755,827160
-133.156,44.126,17.464,827181
-133.240,44.737,17.150,827202
-132.825,45.177,17.164,827223
-132.454,45.786,17.136,827244
-132.078,46.310,17.073,827265
-132.053,46.617,16.721,827286
-131.622,46.967,16.645,827308
-131.362,47.105,16.419,827329
-131.354,47.600,16.011,827350
-131.254,48.121,15.620,827371
-130.986,48.385,15.858,827392
-131.003,48.311,15.849,827413
-131.197,48.387,15.689,827434
-131.310,48.338,15.573,827455
-131.212,48.158,15.617,827476
-131.022,47.972,15.708,827497
-130.809,48.004,15.819,827518
-130.507,47.743,15.981,827539
-130.310,47.719,16.064,827560
-130.429,47.719,15.904,827581
-130.597,47.338,15.861,827602
-130.544,47.277,15.942,827623
-130.665,47.158,15.857,827644
-130.367,47.026,16.058,827665
-130.400,46.684,16.007,827686
-130.156,46.302,16.143,827707
-129.759,46.058,16.360,827728
-129.550,46.077,16.458,827749
-129.631,45.833,16.336,827770
-129.608,45.865,16.264,827791
-129.509,45.492,16.255,827812
-129.336,45.346,16.551,827833
-129.535,45.203,16.534,827854
-129.191,45.022,16.850,827875
-128.828,44.773,17.161,827896
-128.695,44.427,17.303,827917
-128.655,44.613,17.374,827938
-128.438,44.792,17.577,827959
-128.330,44.970,17.806,827980
-128.459,45.217,17.849,828001
-128.592,45.465,17.849,828022
-128.851,45.477,17.771,828043
-128.669,45.553,18.051,828064
-128.870,45.440,18.024,828085
-129.142,45.413,17.964,828106
-129.160,45.229,18.096,828127
-129.074,45.390,18.309,828148
-129.132,45.220,18.375,828169
-129.012,45.176,18.577,828190
-129.363,45.412,18.433,828211
-129.434,45.666,18.493,828232
-129.628,45.966,18.440,828253
-130.040,46.251,18.227,828274
-130.444,46.361,18.034,828295
-130.366,46.413,18.186,828316
-130.700,46.505,18.072,828337
-131.136,46.781,17.859,828358
-131.053,47.123,18.026,828379
-131.146,47.151,18.058,828400
-131.033,47.439,18.252,828421
-131.230,47.862,18.213,828442
-131.250,48.181,18.285,828463
-131.682,48.423,18.017,828484
-131.504,48.463,18.196,828505
-131.339,48.420,18.319,828526
-131.463,48.710,18.270,828547
-131.461,48.916,18.261,828568
-131.663,48.780,18.103,828589
-132.021,49.009,17.823,828610
-132.223,49.284,17.643,828631
-132.435,49.252,17.419,828652
-132.408,49.103,17.326,828673
-132.469,49.043,17.122,828694
-132.051,48.807,17.241,828715
-131.456,48.601,17.457,828736
-131.251,48.194,17.573,828757
-130.695,47.940,17.864,828778
-130.253,47.793,18.005,828799
-130.216,47.669,17.777,828820
-130.155,47.430,17.531,828841
-130.058,47.287,17.298,828862
-129.662,47.247,17.465,828883
-129.650,47.212,17.336,828904
-129.418,46.852,17.338,828925
-128.893,46.762,17.509,828946
-128.570,46.796,17.569,828967
-128.092,46.614,17.732,828988
-127.855,46.293,17.694,829009
-127.444,46.318,17.804,829030
-127.517,46.297,17.544,829051
-127.074,46.274,17.679,829072
-126.865,46.444,17.613,829093
-126.974,46.355,17.287,829114
-126.663,46.213,17.264,829135
-126.427,46.033,17.189,829156
-126.483,45.906,16.908,829177
-126.722,45.910,16.522,829198
-126.748,46.194,16.301,829219
-126.988,46.415,15.947,829240
-127.287,46.526,15.588,829261
-127.091,46.660,15.604,829282
-127.325,46.692,15.327,829303
-127.537,46.822,15.044,829324
-127.596,46.662,14.876,829345
-127.405,46.828,14.907,829366
-127.246,47.009,14.916,829387
-126.938,47.043,15.012,829408
-127.092,46.929,14.797,829429
-127.115,46.680,14.650,829450
-127.396,46.729,14.331,829471
-127.191,46.702,14.356,829492
-127.218,46.453,14.216,829513
-127.602,46.456,13.810,829534
-127.477,46.518,13.796,829555
-127.382,46.541,13.772,829576
-127.288,46.329,13.777,829597
-127.599,46.110,13.462,829618
-127.739,46.244,13.247,829639
-127.745,46.281,13.125,829660
-128.032,46.022,12.755,829681
-128.118,46.130,12.529,829702
-128.419,46.277,12.116,829723
-128.363,46.034,11.937,829744
-128.217,46.042,11.784,829765
-128.188,45.822,11.477,829786
-128.125,45.945,11.173,829807
-128.367,46.177,10.585,829828
-128.612,46.082,9.955,829849
-128.950,46.283,9.259,829870
-129.059,46.587,8.724,829891
-129.122,46.471,8.194,829912
-129.311,46.392,7.595,829933
-129.421,46.653,7.042,829954
-129.394,46.512,6.564,829975
-129.378,46.708,6.060,829996
-129.445,46.513,5.526,830017
-129.618,46.338,4.939,830038
-129.600,46.559,4.438,830059
-129.785,46.717,3.759,830080
-129.402,46.743,3.452,830101
-129.524,46.973,2.726,830122
-129.193,47.064,2.306,830143
-129.314,47.262,1.505,830164
-129.282,47.107,0.810,830185
-129.101,46.951,0.208,830206
-128.681,47.024,359.771,830227
-128.302,47.132,359.290,830248
-128.352,47.080,358.481,830269
-128.461,47.104,357.591,830290
-128.404,46.961,356.811,830311
-128.488,46.890,355.913,830332
-128.218,47.030,355.242,830353
-127.898,46.914,354.598,830374
-127.541,46.880,353.953,830395
-127.258,46.923,353.203,830416
-127.052,47.027,352.380,830437
-127.245,46.902,351.244,830458
-127.492,46.846,350.048,830479
-127.735,46.702,348.844,830500
-127.724,46.377,347.750,830521
-128.047,46.273,346.425,830542
-128.159,46.387,345.223,830563
-128.581,46.427,343.790,830584
-128.666,46.152,342.555,830605
-128.661,46.051,341.393,830626
-128.835,45.802,340.069,830647
-128.854,45.821,338.829,830668
-128.892,45.876,337.557,830689
-129.052,45.637,336.174,830710
-129.480,45.710,334.602,830731
-129.894,45.765,333.025,830752
-130.123,45.973,331.552,830773
-130.320,45.798,330.078,830794
-130.243,45.956,328.746,830815
-130.068,46.004,327.466,830836
-129.878,46.055,326.153,830857
-130.013,46.314,324.592,830878
-130.233,46.195,322.971,830899
-130.245,45.989,321.501,830920
-130.429,45.910,319.875,830941
-130.574,45.809,318.254,830962
-130.230,45.768,316.944,830983
-130.267,45.584,315.354,831004
-130.127,45.755,313.885,831025
-129.878,45.518,312.491,831046
-129.727,45.686,311.009,831067
-129.380,45.610,309.664,831088
-129.569,45.555,307.881,831109
-129.689,45.388,306.135,831130
-129.876,45.405,304.320,831151
-130.024,45.225,302.522,831172
-130.011,44.946,300.800,831193
-129.850,44.607,299.144,831214
-129.486,44.404,297.609,831235
-130.313,44.772,295.429,831256
-131.012,44.957,293.291,831277
-131.685,45.232,291.131,831298
-132.503,45.176,288.838,831319
-132.869,45.162,286.821,831340
-133.423,45.004,284.692,831361
-133.947,45.102,282.551,831382
-134.101,44.833,280.658,831403
-134.050,45.000,278.916,831424
-134.168,45.140,277.060,831445
-133.865,45.317,275.459,831466
-133.641,45.603,273.792,831488
-133.655,45.788,271.937,831509
-133.286,45.696,270.372,831530
-133.016,45.664,268.725,831551
-132.333,45.568,267.374,831572
-131.625,45.432,266.071,831593
-129.846,45.575,266.583,831614
-127.838,45.494,267.141,831635
-125.848,45.577,267.656,831656
-123.898,45.644,268.143,831677
-122.002,45.593,268.578,831698
-120.670,45.431,268.609,831719
-119.474,45.346,268.539,831740
-117.905,45.193,268.731,831761
-116.992,44.996,268.460,831782
-116.258,44.908,268.049,831803
-115.161,44.830,267.916,831824
-114.220,44.764,267.634,831845
-113.636,44.942,267.140,831866
-113.102,45.076,266.582,831887
-113.125,45.007,265.592,831908
-112.803,44.943,264.890,831929
-113.113,45.138,263.686,831950
-113.168,45.143,262.671,831971
-113.775,45.055,261.239,831992
-114.549,45.137,259.673,832013
-115.410,45.320,257.990,832034
-116.357,45.442,256.240,832055
-116.894,45.594,254.747,832076
-117.768,45.952,253.005,832097
-118.885,46.045,251.066,832118
-119.996,46.030,249.110,832139
-120.719,46.103,247.395,832160
-121.812,45.993,245.375,832181
-122.989,45.843,243.281,832202
-123.915,45.963,241.338,832223
-124.678,46.032,239.442,832244
-125.048,46.130,237.776,832265
-125.473,46.311,236.064,832286
-126.027,46.543,234.246,832307
-126.423,46.682,232.522,832328
-126.808,46.501,230.791,832349
-127.453,46.352,228.833,832370
-128.060,46.225,226.861,832391
-128.393,45.978,225.057,832412
-128.409,45.900,223.415,832433
-128.867,45.797,221.429,832454
-129.277,45.836,219.422,832475
-129.240,45.830,217.699,832496
-129.105,45.717,215.964,832517
-129.242,45.364,214.003,832538
-129.245,44.962,212.081,832559
-129.626,44.317,211.666,832580
-129.777,43.715,211.305,832601
-129.806,43.138,210.937,832622
-129.683,42.627,210.608,832643
-129.543,42.372,210.239,832664
-129.452,42.299,209.783,832685
-129.483,42.070,209.183,832706
-129.372,41.925,208.645,832727
-129.253,41.881,208.070,832748
-129.093,41.935,207.493,832769
-128.891,42.105,206.917,832790
-128.601,42.180,206.361,832811
-128.235,42.282,205.823,832832
-127.531,42.648,205.502,832853
-126.845,43.121,205.139,832874
-126.349,43.759,204.631,832895
-126.008,44.398,204.026,832916
-125.389,44.975,203.588,832937
-124.891,45.228,203.050,832958
-124.600,45.505,202.353,832979
-124.309,45.756,201.659,833000
-123.919,45.952,201.030,833021
-123.841,46.383,200.170,833042
-123.392,46.861,199.544,833063
-122.956,47.141,198.909,833084
-123.092,47.428,197.839,833105
-123.312,47.740,196.683,833126
-123.518,48.103,195.550,833147
-123.839,48.410,194.321,833168
-123.768,48.561,193.388,833189
-124.004,48.369,192.218,833210
-123.978,48.130,191.224,833231
-123.974,48.124,190.231,833252
-123.893,47.890,189.277,833273
-124.365,47.672,187.885,833294
-124.760,47.560,186.541,833315
-124.926,47.000,185.361,833336
-125.226,46.875,184.053,833357
-125.625,46.412,182.690,833378
-125.936,45.912,181.394,833399
-125.853,45.490,180.363,833420
-125.791,45.052,179.326,833441
-125.678,44.766,178.316,833462
-125.912,44.314,177.042,833483
-126.014,44.273,175.845,833504
-126.286,43.964,174.497,833525
-126.611,43.844,173.139,833546
-126.840,43.936,171.864,833567
-126.670,43.697,170.859,833588
-126.467,43.796,169.885,833609
-126.230,43.902,168.903,833630
-125.894,44.018,167.960,833651
-125.641,44.255,166.958,833672
-125.497,44.606,165.853,833693
-125.562,44.744,164.630,833714
-125.200,44.841,163.714,833735
-125.123,45.358,162.582,833756
-124.792,45.439,161.619,833777
-124.517,45.500,160.652,833798
-124.614,45.714,159.400,833819
-124.754,46.098,158.101,833840
-124.681,46.114,156.928,833861
-124.886,46.220,155.567,833882
-125.145,46.540,154.204,833903
-125.038,46.823,153.108,833924
-125.077,46.736,151.918,833945
-125.065,47.068,150.759,833966
-125.031,46.933,149.626,833987
-124.734,46.835,148.679,834008
-124.547,47.003,147.656,834029
-124.521,46.776,146.501,834050
-124.424,46.880,145.392,834071
-124.553,46.999,144.141,834092
-124.880,47.073,142.756,834113
-125.316,47.051,141.308,834134
-125.825,46.868,139.795,834155
-126.013,46.470,138.540,834176
-126.159,46.127,137.300,834197
-126.192,46.145,136.127,834218
-126.129,46.076,135.017,834239
-126.071,46.102,133.884,834260
-125.929,45.919,132.813,834282
-125.765,45.872,131.729,834303
-126.060,45.980,130.312,834324
-126.167,45.779,129.062,834345
-126.287,45.591,127.809,834366
-126.357,45.799,126.615,834387
-126.457,46.003,125.404,834408
-126.660,45.834,124.121,834429
-126.688,46.054,122.976,834450
-126.751,46.311,121.822,834471
-126.655,46.224,120.801,834492
-126.844,46.555,119.584,834513
-126.990,46.489,118.423,834534
-127.338,46.585,117.108,834555
-127.656,46.623,115.818,834576
-127.587,46.569,114.805,834597
-127.541,46.482,113.799,834618
-127.294,46.632,112.887,834639
-127.032,46.825,112.005,834660
-127.104,46.825,110.891,834681
-127.002,47.213,109.895,834702
-127.291,47.411,108.582,834723
-127.406,47.910,107.392,834744
-127.329,48.362,106.340,834765
-127.655,48.561,104.962,834786
-127.681,48.999,103.773,834807
-127.633,49.299,102.585,834828
-127.819,49.803,101.184,834849
-128.151,49.911,99.628,834870
-128.395,50.382,98.058,834891
-128.476,50.821,96.555,834912
-126.550,51.036,97.913,834933
-124.579,51.420,99.201,834954
-122.695,51.401,100.414,834975
-121.132,51.520,101.311,834996
-119.290,51.697,102.418,835017
-118.027,51.885,102.847,835038
-117.128,51.862,103.052,835059
-116.768,51.945,102.805,835080
-116.224,52.159,102.710,835101
-115.911,52.284,102.419,835122
-116.059,52.750,101.740,835143
-116.129,53.013,101.095,835164
-116.741,53.063,100.003,835185
-117.309,52.983,98.891,835206
-117.738,52.982,97.867,835227
-118.489,53.209,96.588,835248
-119.166,53.257,95.378,835269
-119.888,53.141,94.131,835290
-120.784,53.138,92.745,835311
-122.058,53.083,91.061,835332
-123.272,52.618,89.395,835353
-124.517,52.090,87.662,835374
-125.725,51.514,85.937,835395
-126.933,50.927,84.179,835416
-128.160,50.350,82.384,835437
-129.087,49.597,80.796,835458
-130.241,49.038,79.018,835479
-130.997,48.638,77.522,835500
-131.931,47.944,75.917,835521
-132.859,47.289,74.281,835542
-133.290,46.877,72.990,835563
-134.001,46.321,71.470,835584
-134.416,45.830,70.146,835605
-134.921,45.409,68.735,835626
-135.484,45.447,67.300,835647
-135.729,45.568,66.112,835668
-136.211,45.700,64.743,835689
-136.438,46.009,63.549,835710
-136.757,46.050,62.235,835731
-136.544,46.285,61.284,835752
-136.802,46.620,59.969,835773
-136.460,46.713,59.088,835794
-136.025,46.968,58.281,835815
-135.885,47.094,57.278,835836
-135.394,47.410,56.492,835857
-135.405,47.700,55.318,835879
-135.135,47.797,54.351,835900
-134.979,48.278,53.291,835921
-134.318,48.496,52.617,835942
-134.022,49.027,51.665,835963
-133.515,49.125,50.845,835984
-132.935,49.165,50.102,836005
-132.159,49.415,49.497,836026
-131.489,49.770,48.784,836047
-130.721,50.003,48.120,836068
-130.340,50.282,47.162,836089
-130.090,50.317,46.103,836110
-129.717,50.501,45.130,836131
-129.319,50.269,44.173,836152
-129.007,50.037,43.183,836173
-128.343,49.648,42.449,836194
-128.088,49.285,41.374,836215
-127.902,48.897,40.235,836236
-127.772,48.735,39.035,836257
-127.220,48.510,38.178,836278
-127.025,48.393,37.057,836299
-126.504,47.926,36.186,836320
-126.039,47.519,35.242,836341
-125.614,47.265,34.272,836362
-125.295,46.724,33.207,836383
-125.383,46.344,31.891,836404
-125.012,45.914,30.871,836425
-124.790,45.850,29.760,836446
-124.864,45.843,28.422,836467
-125.048,45.620,27.025,836488
-125.337,45.596,25.574,836509
-125.630,45.608,24.158,836530
-125.774,45.414,22.867,836551
-126.074,45.521,21.446,836572
-126.180,45.344,20.194,836593
-126.656,44.410,19.181,836614
-126.861,43.536,18.360,836635
-126.931,42.780,17.599,836656
-126.818,42.378,16.971,836677
-126.727,41.973,16.290,836698
-126.924,42.027,15.471,836719
-127.215,42.144,14.556,836740
-127.239,42.371,13.836,836761
-127.055,42.560,13.226,836782
-126.933,42.928,12.579,836803
-126.710,43.371,11.987,836824
-126.377,43.797,11.432,836845
-126.036,44.341,10.875,836866
-125.748,44.950,10.226,836887
-125.794,45.384,9.326,836908
-125.786,45.772,8.461,836929
-125.836,46.257,7.557,836950
-125.840,46.664,6.656,836971
-125.868,47.066,5.721,836992
-125.398,47.465,5.168,837013
-124.948,47.849,4.589,837034
-124.533,47.998,3.987,837055
-124.197,48.337,3.305,837076
-124.070,48.711,2.451,837097
-123.862,48.957,1.626,837118
-124.013,48.895,0.528,837139
-124.249,49.038,359.358,837160
-123.951,49.085,358.597,837181
-124.023,48.854,357.541,837202
-123.814,48.637,356.683,837223
-123.609,48.513,355.796,837244
-123.491,48.370,354.868,837265
-123.574,48.347,353.793,837286
-123.968,48.033,352.465,837307
-124.228,47.539,351.206,837328
-124.606,47.247,349.839,837349
-124.471,46.895,348.804,837370
-124.834,46.491,347.419,837391
-125.164,46.039,346.047,837412
-125.070,45.746,344.992,837433
-124.956,45.418,343.955,837454
-125.047,44.947,342.747,837475
-124.948,44.823,341.675,837496
-124.879,44.771,340.574,837517
-125.206,44.754,339.200,837538
-125.259,44.349,337.982,837559
-125.165,44.180,336.883,837580
-125.392,43.860,335.524,837601
-125.348,43.664,334.382,837622
-125.640,43.495,333.001,837643
-125.832,43.302,331.654,837664
-125.809,43.462,330.484,837685
-125.902,43.726,329.242,837706
-126.146,43.628,327.899,837727
-126.344,43.957,326.553,837748
-126.716,44.067,325.091,837769
-126.589,44.161,323.946,837790
-126.494,44.357,322.781,837811
-126.786,44.354,321.335,837832
-127.184,44.656,319.820,837853
-127.612,44.972,318.293,837874
-127.858,44.888,316.898,837895
-128.219,44.883,315.457,837916
-128.672,45.014,313.973,837937
-128.564,45.009,312.895,837958
-128.686,44.911,311.673,837979
-128.922,45.233,310.393,838000
-128.750,45.195,309.387,838021
-128.473,45.297,308.461,838042
-128.206,45.295,307.515,838063
-128.003,45.446,306.522,838084
-127.705,45.392,305.608,838105
-127.864,45.327,304.394,838126
-128.105,45.388,303.113,838147
-127.923,45.164,302.127,838168
-128.010,44.944,300.977,838189
-128.172,44.787,299.765,838210
-128.329,44.664,298.566,838231
-128.319,44.372,297.469,838252
-128.144,44.480,296.481,838273
-127.806,44.503,295.598,838294
-127.878,44.460,294.448,838315
-127.738,44.618,293.431,838337
-127.677,44.454,292.356,838358
-127.153,44.435,291.624,838379
-127.006,44.304,290.674,838400
-126.582,44.500,289.898,838421
-126.498,44.775,288.875,838442
-126.000,44.866,288.188,838463
-125.683,44.726,287.364,838484
-125.340,44.939,286.555,838505
-125.360,44.992,285.492,838526
-125.148,44.876,284.600,838547
-125.203,44.955,283.510,838568
-124.835,44.963,282.708,838589
-124.464,45.191,281.924,838610
-124.454,45.209,280.907,838631
-122.594,45.451,282.042,838652
-120.906,45.799,283.044,838673
-119.227,46.020,284.044,838694
-117.677,46.131,284.878,838715
-116.349,46.332,285.507,838736
-115.480,46.440,285.795,838757
-114.679,46.293,286.019,838778
-113.970,46.411,286.170,838799
-113.481,46.321,286.152,838820
-112.972,46.030,286.153,838841
-112.347,45.845,286.227,838862
-111.863,45.794,286.192,838883
-111.631,45.841,285.997,838904
-111.563,45.936,285.687,838925
-112.036,45.894,284.964,838946
-112.579,45.652,284.169,838967
-113.255,45.457,283.270,838988
-114.021,45.453,282.299,839009
-113.681,45.434,282.315,839030
-113.507,45.192,282.188,839051
-113.531,45.317,281.900,839072
-113.560,45.364,281.561,839093
-113.698,45.404,281.147,839114
-113.470,45.502,281.066,839135
-113.740,45.710,280.627,839156
-114.014,45.596,280.186,839177
-114.116,45.457,279.847,839198
-114.483,45.514,279.333,839219
-114.959,45.580,278.731,839240
-115.071,45.676,278.354,839261
-115.536,46.005,277.748,839282
-116.042,45.907,277.070,839303
-116.594,46.180,276.346,839324
-117.003,46.408,275.732,839345
-117.342,46.231,275.161,839366
-118.032,46.228,274.326,839387
-118.661,46.085,273.492,839408
-119.378,46.083,272.541,839429
-119.668,45.856,271.868,839450
-120.353,45.816,270.879,839471
-120.760,45.972,270.054,839492
-120.931,45.938,269.380,839513
-121.154,45.957,268.635,839534
-121.578,45.697,267.747,839555
-122.198,45.655,266.681,839576
-122.725,45.443,265.648,839597
-123.170,45.159,264.667,839618
-123.626,45.290,263.654,839639
-123.843,45.270,262.785,839660
-123.946,45.290,261.980,839681
-124.037,45.316,261.190,839702
-124.109,45.350,260.361,839723
-124.440,45.565,259.343,839744
-124.905,45.567,258.203,839765
-124.787,45.493,257.469,839786
-125.090,45.434,256.404,839807
-124.878,45.361,255.659,839828
-125.083,45.316,254.610,839849
-124.823,45.240,253.818,839870
-124.519,45.189,253.020,839891
-124.669,45.434,251.882,839912
-124.321,45.527,251.063,839933
-124.108,45.794,250.100,839954
-124.289,45.951,248.820,839975
-124.447,46.073,247.517,839996
-124.305,45.898,246.365,840017
-123.911,45.805,245.363,840038
-123.962,45.748,244.023,840059
-123.646,45.519,242.893,840080
-123.144,45.632,241.847,840101
-122.608,45.760,240.778,840122
-122.346,46.031,239.436,840143
-121.918,46.236,238.174,840164
-121.441,46.030,236.900,840185
-121.180,45.813,235.442,840206
-121.661,45.238,235.383,840227
-122.135,44.667,235.181,840248
-122.364,44.418,235.049,840269
-122.352,43.951,234.991,840290
-122.776,43.645,234.544,840311
-122.773,43.546,234.315,840332
-122.659,43.505,234.091,840353
-122.510,43.125,233.821,840374
-122.528,42.979,233.362,840395
-122.453,42.844,232.868,840416
-122.247,42.667,232.405,840437
-121.920,42.543,231.949,840458
-121.731,42.561,231.354,840479
-121.301,42.949,230.854,840500
-121.000,43.409,230.215,840521
-120.411,43.749,229.731,840542
-120.320,44.158,228.863,840563
-119.918,44.721,228.200,840584
-119.907,45.127,227.217,840605
-119.486,45.410,226.466,840626
-119.077,45.725,225.661,840647
-119.061,46.395,224.543,840668
-119.148,46.677,223.328,840689
-119.177,46.861,222.132,840710
-119.463,47.343,220.705,840731
-119.806,47.739,219.227,840752
-120.113,48.191,217.720,840773
-120.553,48.527,216.088,840794
-120.638,48.719,214.722,840815
-121.014,48.521,213.126,840836
-121.134,48.589,211.706,840857
-121.245,48.600,210.282,840878
-121.562,48.251,208.722,840899
-121.901,47.885,207.117,840920
-121.938,47.658,205.747,840941
-122.517,47.466,203.962,840962
-122.800,46.992,202.372,840983
-123.333,46.821,200.582,841004
-123.698,46.375,198.924,841025
-123.739,45.929,197.517,841046
-123.801,45.471,196.100,841067
-123.759,45.230,194.760,841088
-124.082,45.198,193.186,841109
-124.134,45.073,191.778,841130
-124.514,44.908,190.138,841151
-124.841,44.802,188.535,841172
-125.012,44.781,187.048,841193
-125.148,44.812,185.559,841214
-125.226,44.571,184.137,841235
-124.866,44.506,182.998,841256
-124.633,44.708,181.805,841277
-124.249,44.576,180.722,841298
-123.862,44.450,179.652,841319
-123.391,44.530,178.637,841340
-123.476,44.685,177.227,841361
-123.404,44.620,175.926,841382
-123.552,44.872,174.454,841403
-123.614,44.883,173.054,841424
-123.491,45.245,171.757,841445
-123.271,45.445,170.557,841466
-123.093,45.554,169.292,841487
-122.973,45.851,168.019,841508
-122.850,45.779,166.719,841529
-122.923,46.098,165.260,841550
-123.010,46.416,163.794,841571
-123.261,46.424,162.227,841592
-123.584,46.496,160.623,841613
-123.657,46.335,159.226,841634
-123.965,46.334,157.680,841655
-123.883,46.180,156.415,841676
-123.886,46.386,155.098,841697
-123.859,46.560,153.778,841718
-123.720,46.337,152.514,841739
-123.619,46.478,151.219,841760
-123.784,46.696,149.743,841781
-123.815,46.914,148.368,841802
-123.859,46.726,147.033,841823
-123.985,46.617,145.660,841844
-123.816,46.813,144.512,841865
-123.517,46.832,143.458,841886
-123.204,46.966,142.428,841907
-122.916,47.212,141.383,841928
-122.875,47.603,140.114,841949
-123.108,47.891,138.629,841970
-124.285,48.367,136.428,841991
-125.496,48.870,134.169,842012
-126.716,49.335,131.832,842033
-127.641,49.583,129.675,842054
-128.828,49.991,127.262,842075
-129.404,50.373,125.252,842096
-129.964,50.752,123.174,842117
-130.477,50.871,121.098,842138
-130.906,51.045,119.056,842159
-131.626,51.462,116.741,842180
-132.578,51.647,114.167,842201
-133.168,51.573,111.840,842222
-133.886,51.601,109.368,842243
-134.083,51.833,107.290,842264
-132.265,52.042,107.945,842285
-130.861,52.235,108.209,842306
-128.853,52.419,108.921,842327
-126.972,52.317,109.509,842348
-125.671,52.380,109.612,842369
-124.366,52.205,109.678,842390
-123.275,52.083,109.553,842411
-122.176,51.730,109.406,842432
-120.848,51.368,109.411,842453
-119.581,51.012,109.347,842474
-118.523,50.643,109.085,842495
-117.581,50.222,108.722,842516
-116.788,49.745,108.244,842537
-116.291,49.101,107.510,842558
-116.007,48.414,106.604,842579
-115.992,48.028,105.522,842600
-116.069,47.440,104.352,842621
-116.092,46.715,103.226,842642
-116.385,46.120,101.920,842663
-116.764,45.523,100.544,842684
-117.311,45.106,99.078,842705
-117.648,44.466,97.747,842726
-118.247,44.261,96.202,842747
-118.890,44.092,94.643,842768
-119.851,43.934,92.831,842789
-120.860,43.672,91.037,842810
-121.513,43.635,89.471,842831
-122.339,43.314,87.771,842852
-123.214,43.049,86.013,842873
-123.962,43.141,84.335,842894
-124.926,43.385,82.491,842915
-126.140,43.480,80.471,842936
-127.288,43.795,78.529,842957
-128.427,44.225,76.596,842978
-129.365,44.354,74.802,842999
-129.941,44.585,73.234,843020
-131.043,44.998,71.296,843041
-131.642,45.149,69.713,843062
-132.187,45.366,68.158,843083
-132.908,45.875,66.489,843104
-133.816,46.328,64.702,843125
-134.598,46.794,62.999,843146
-135.173,47.054,61.450,843167
-135.771,47.525,59.872,843188
-135.825,48.025,58.650,843209
-135.734,48.149,57.548,843230
-135.505,48.493,56.545,843251
-135.781,48.908,55.141,843272
-135.423,49.165,54.209,843293
-135.159,49.565,53.200,843314
-134.709,49.834,52.339,843335
-134.747,49.958,51.134,843356
-134.773,50.107,49.942,843377
-134.471,50.052,49.033,843398
-133.834,50.220,48.373,843419
-133.089,50.162,47.795,843440
-132.873,49.989,46.797,843461
-132.100,49.897,46.242,843482
-131.236,49.631,45.741,843503
-130.453,49.448,45.153,843524
-129.793,49.339,44.471,843545
-129.465,48.938,43.532,843566
-129.264,48.707,42.509,843587
-129.010,48.596,41.559,843608
-128.752,48.198,40.590,843629
-128.074,47.735,39.941,843650
-127.451,47.257,39.268,843671
-127.016,46.774,38.492,843692
-126.696,46.690,37.618,843713
-126.474,46.275,36.696,843734
-125.868,46.099,36.040,843755
-125.619,45.683,35.139,843776
-124.935,45.378,34.579,843797
-124.480,45.342,33.866,843818
-123.896,45.014,33.235,843839
-123.729,45.080,32.321,843860
-123.209,44.890,31.647,843881
-122.769,44.887,30.939,843902
-122.556,44.622,30.056,843923
-122.442,44.809,29.114,843944
-122.587,44.870,28.015,843965
-122.753,44.986,26.923,843986
-122.876,44.945,25.867,844007
-123.065,45.153,24.759,844028
-123.046,45.065,23.789,844049
-122.823,45.287,22.974,844070
-122.624,45.327,22.136,844091
-122.427,45.620,21.291,844112
-122.706,45.899,20.110,844133
-123.005,46.171,18.905,844154
-123.337,46.469,17.646,844175
-123.304,46.451,16.615,844196
-123.325,46.395,15.521,844217
-123.297,46.319,14.443,844238
-123.511,46.601,13.142,844259
-123.459,46.548,12.030,844280
-123.454,46.534,10.844,844301
-123.577,46.697,9.523,844322
-123.637,46.729,8.263,844343
-124.194,46.655,6.573,844364
-124.754,46.620,4.886,844385
-125.205,46.388,3.229,844406
-123.580,46.820,3.191,844427
-122.369,47.076,2.759,844448
-121.031,47.513,2.392,844469
-119.680,47.624,2.029,844490
-118.557,47.892,1.516,844511
-117.616,48.102,0.862,844532
-116.896,48.341,0.045,844553
-116.333,48.172,359.077,844574
-116.120,48.054,357.829,844595
-116.050,47.871,356.431,844616
-116.058,47.620,354.991,844637
-116.206,47.319,353.442,844658
-116.490,46.971,351.802,844679
-116.858,46.497,350.113,844700
-117.120,45.905,348.500,844721
-117.560,45.605,346.697,844742
-118.844,44.749,345.906,844763
-119.757,44.027,345.234,844784
-120.691,43.246,344.461,844805
-122.040,42.591,343.377,844826
-123.226,41.735,342.385,844847
-124.058,41.310,341.389,844868
-124.855,41.038,340.416,844889
-125.299,40.976,339.668,844910
-125.936,41.006,338.778,844931
-126.141,40.951,338.152,844952
-126.801,41.087,337.236,844973
-127.447,41.114,336.310,844994
-127.974,41.079,335.468,845015
-128.480,41.097,334.623,845036
-128.591,41.349,334.030,845057
-128.876,41.401,333.298,845078
-129.897,41.917,332.179,845099
-130.407,42.560,331.344,845120
-130.844,43.260,330.513,845141
-131.217,43.966,329.729,845162
-131.671,44.258,328.853,845183
-132.004,44.856,328.060,845204
-132.122,45.384,327.355,845225
-132.356,45.582,326.560,845246
-132.573,45.759,325.770,845267
-132.690,45.944,324.994,845288
-132.676,46.365,324.254,845309
-132.320,46.690,323.730,845330
-131.910,47.023,323.210,845351
-131.341,47.197,322.762,845372
-130.817,47.520,322.259,845393
-130.238,47.503,321.782,845414
-129.848,47.404,321.173,845435
-129.430,47.252,320.583,845456
-129.046,47.049,319.958,845477
-128.459,46.755,319.438,845498
-127.670,46.522,319.028,845519
-126.933,46.427,318.575,845540
-126.178,46.311,318.094,845561
-125.590,46.227,317.531,845582
-124.896,46.062,317.029,845603
-124.607,45.702,316.235,845624
-124.320,45.457,315.431,845645
-124.115,45.180,314.563,845666
-123.829,44.762,313.785,845687
-123.500,44.307,313.063,845708
-123.100,44.270,312.373,845729
-122.811,44.310,311.621,845750
-122.429,44.028,310.929,845771
-122.361,43.731,310.024,845792
-122.396,43.842,309.035,845813
-122.536,43.848,307.986,845834
-122.234,43.713,307.222,845855
-121.910,43.661,306.472,845876
-122.083,43.710,305.374,845897
-122.150,43.628,304.383,845918
-121.912,43.674,303.617,845939
-122.217,44.002,302.460,845960
-122.175,44.383,301.551,845981
-122.219,44.805,300.575,846002
-122.621,45.044,299.309,846023
-123.110,45.321,297.997,846044
-123.574,45.627,296.684,846065
-123.644,46.048,295.643,846086
-124.266,46.519,294.221,846107
-124.819,46.699,292.816,846128
-125.048,46.833,291.656,846149
-125.405,47.187,290.436,846170
-125.931,47.563,289.080,846191
-126.757,47.900,287.517,846212
-127.280,48.157,286.162,846233
-127.566,48.201,284.983,846254
-128.133,48.024,283.603,846275
-128.902,48.013,282.068,846296
-129.590,47.912,280.599,846317
-129.785,47.840,279.480,846338
-130.494,47.710,278.009,846359
-131.168,47.496,276.545,846380
-131.400,47.471,275.389,846401
-131.556,47.349,274.298,846422
-131.541,46.984,273.344,846443
-131.412,46.632,272.457,846464
-131.691,46.301,271.266,846485
-131.452,46.128,270.460,846506
-131.265,45.700,269.631,846527
-131.393,45.504,268.578,846548
-131.356,45.603,267.617,846569
-131.034,45.676,266.871,846590
-130.900,45.844,265.994,846611
-130.513,45.994,265.290,846632
-130.221,45.834,264.519,846653
-130.061,45.802,263.673,846674
-129.399,45.733,263.186,846695
-128.645,45.759,262.767,846716
-127.907,45.693,262.371,846737
-127.036,45.799,262.066,846758
-126.198,46.041,261.731,846779
-125.385,46.352,261.346,846800
-124.790,46.722,260.805,846821
-124.303,47.082,260.160,846842
-123.928,47.051,259.462,846863
-123.417,46.940,258.821,846884
-123.283,46.924,257.883,846905
-123.263,46.974,256.841,846926
-122.930,46.803,255.985,846947
-122.536,46.908,255.147,846968
-122.218,47.103,254.196,846989
-122.130,47.360,253.020,847010
-121.677,47.546,252.068,847031
-121.160,47.692,251.081,847052
-120.749,47.527,249.952,847073
-120.108,47.465,248.905,847094
-119.532,47.272,247.745,847115
-118.993,47.081,246.514,847136
-118.671,46.820,245.054,847157
-118.144,46.741,243.680,847178
-117.626,46.768,242.275,847199
-117.612,46.724,240.480,847220
-117.669,46.760,238.605,847241
-117.869,46.150,238.123,847262
-118.064,45.306,237.584,847283
-118.542,44.831,236.752,847304
-118.687,44.514,236.104,847325
-118.709,44.175,235.500,847346
-118.817,44.063,234.836,847367
-119.052,44.108,234.069,847388
-119.410,44.128,233.215,847409
-119.722,44.192,232.387,847430
-119.884,44.240,231.672,847451
-120.039,44.411,230.965,847472
-120.113,44.630,230.310,847493
-120.122,44.919,229.674,847514
-119.748,45.225,229.319,847535
-119.723,45.344,228.850,847556
-119.416,45.478,228.589,847577
-119.088,45.957,228.321,847598
-118.810,46.517,228.015,847619
-118.858,47.226,227.511,847640
-118.736,47.899,227.146,847661
-119.037,48.394,226.459,847682
-118.858,48.782,226.094,847703
-118.934,49.079,225.528,847724
-119.186,49.463,224.822,847745
-119.487,50.052,224.081,847766
-119.421,50.232,223.630,847787
-119.776,50.577,222.855,847808
-120.133,50.871,222.124,847829
-120.506,51.152,221.361,847850
-120.826,51.381,220.668,847871
-121.009,51.240,220.077,847892
-120.779,51.110,219.789,847913
-121.116,51.136,219.023,847934
-120.886,51.022,218.723,847955
-120.738,50.769,218.374,847976
-120.547,50.449,218.050,847997
-120.871,50.385,217.330,848018
-121.298,50.124,216.531,848039
-121.697,49.848,215.774,848060
-122.175,49.533,214.968,848081
-122.569,49.036,214.235,848102
-122.575,48.788,213.797,848123
-122.637,48.194,213.312,848144
-122.503,47.694,212.976,848165
-122.691,47.121,212.405,848186
-122.719,46.940,211.958,848207
-122.717,46.752,211.499,848228
-122.902,46.538,210.929,848249
-123.182,46.084,210.248,848270
-123.271,45.910,209.716,848291
-123.012,45.420,209.438,848312
-123.181,44.993,208.842,848333
-123.028,44.617,208.465,848354
-122.797,44.503,208.150,848375
-122.884,44.210,207.593,848396
-122.768,44.270,207.168,848417
-123.196,44.420,206.340,848438
-123.677,44.501,205.483,848459
-124.135,44.460,204.653,848480
-124.302,44.703,204.011,848501
-124.486,44.983,203.355,848522
-125.036,45.234,202.432,848543
-125.278,45.633,201.719,848564
-125.271,45.946,201.175,848585
-125.216,46.028,200.662,848606
-125.393,46.442,199.970,848627
-125.743,46.685,199.154,848648
-125.980,46.721,198.396,848669
-126.256,46.793,197.588,848690
-126.103,47.007,197.089,848711
-126.308,47.024,196.308,848732
-126.458,47.041,195.586,848753
-126.286,47.306,195.081,848774
-126.081,47.531,194.596,848795
-125.815,47.597,194.139,848816
-125.743,47.966,193.522,848837
-125.490,48.236,193.019,848858
-125.603,48.265,192.243,848879
-125.669,48.533,191.499,848900
-125.671,48.435,190.788,848921
-125.726,48.462,190.034,848942
-125.202,48.431,189.681,848963
-124.701,48.383,189.295,848984
-124.514,48.151,188.636,849005
-124.020,48.067,188.169,849026
-123.540,47.981,187.706,849047
-123.254,48.080,187.108,849068
-123.312,47.956,186.245,849089
-123.390,47.864,185.333,849110
-123.156,47.513,184.637,849131
-123.297,47.463,183.682,849152
-123.382,47.134,182.749,849173
-123.259,47.113,181.939,849194
-123.237,47.091,181.047,849215
-123.034,46.814,180.270,849236
-123.357,46.546,179.091,849257
-123.662,46.500,177.942,849278
-123.977,46.473,176.774,849299
-124.281,46.130,175.648,849320
-124.332,45.757,174.687,849341
-124.434,45.424,173.670,849362
-124.483,45.498,172.631,849383
-124.686,45.217,171.466,849404
-124.911,45.358,170.240,849425
-125.524,45.497,168.729,849446
-125.701,45.580,167.523,849467
-126.000,45.780,166.213,849488
-126.684,45.838,164.589,849509
-127.370,46.015,162.949,849530
-127.904,45.978,161.417,849551
-128.228,46.282,160.072,849572
-128.461,46.490,158.825,849593
-128.971,46.948,157.400,849614
-129.727,47.139,155.851,849635
-130.100,47.524,154.586,849656
-130.339,47.791,153.369,849677
-131.070,48.238,151.759,849698
-131.655,48.441,150.241,849719
-132.275,48.689,148.703,849740
-132.826,49.202,147.219,849761
-132.970,49.277,146.038,849782
-133.015,49.597,144.942,849803
-133.148,49.980,143.757,849824
-133.602,50.331,142.291,849845
-133.457,50.413,141.250,849866
-133.580,50.779,139.977,849887
-133.779,50.720,138.633,849908
-133.818,50.604,137.406,849929
-134.004,50.520,136.034,849950
-134.044,50.382,134.746,849971
-133.873,50.494,133.585,849992
-133.657,50.581,132.431,850013
-133.828,50.865,130.939,850034
-133.927,51.125,129.451,850055
-134.302,51.286,127.726,850076
-134.475,51.455,126.145,850097
-134.817,51.589,124.414,850118
-134.677,51.336,123.064,850139
-134.930,51.045,121.438,850160
-135.172,50.727,119.795,850181
-134.998,50.490,118.472,850202
-134.958,50.482,117.031,850223
-134.883,50.445,115.593,850244
-135.328,50.275,113.727,850265
-135.237,50.199,112.255,850286
-135.347,50.233,110.628,850307
-135.484,49.942,108.984,850328
-135.558,49.673,107.427,850349
-135.499,49.408,105.991,850370
-135.150,49.383,104.822,850391
-134.850,49.156,103.650,850412
-134.760,48.870,102.332,850433
-134.416,48.859,101.234,850454
-134.194,48.945,100.072,850475
-134.294,48.913,98.689,850496
-134.243,48.731,97.422,850517
-133.935,48.483,96.362,850538
-133.519,48.580,95.389,850559
-132.974,48.440,94.534,850580
-132.480,48.508,93.642,850601
-131.461,48.886,92.829,850622
-130.158,49.504,92.267,850643
-129.174,49.778,91.487,850664
-127.825,50.101,91.018,850685
-127.127,50.390,90.057,850706
-126.508,50.597,89.067,850727
-125.621,50.457,88.279,850748
-124.664,50.262,87.551,850769
-123.855,49.953,86.699,850790
-123.145,49.930,85.755,850811
-122.436,49.797,84.789,850832
-122.561,49.143,85.194,850853
-122.574,48.694,85.573,850874
-122.868,47.928,85.643,850895
-123.359,47.246,85.447,850916
-123.925,46.559,85.104,850937
-124.621,45.915,84.594,850958
-124.847,45.319,84.371,850979
-125.173,44.645,84.030,851000
-125.577,43.945,83.589,851021
-126.143,43.696,82.986,851042
-126.649,43.453,82.370,851063
-127.068,43.189,81.786,851084
-127.787,43.100,80.941,851105
-128.419,43.114,80.125,851126
-128.839,42.813,79.469,851147
-129.594,42.784,78.543,851168
-130.299,42.797,77.609,851189
-130.981,42.914,76.667,851210
-131.310,43.263,75.962,851231
-131.583,43.589,75.267,851252
-131.976,44.035,74.477,851273
-132.594,44.287,73.502,851294
-133.126,44.844,72.529,851315
-133.192,45.340,71.857,851336
-133.159,45.534,71.197,851357
-133.474,46.062,70.259,851378
-133.257,46.297,69.650,851399
-132.949,46.508,69.096,851420
-132.501,46.801,68.594,851441
-131.994,47.086,68.110,851462
-131.950,47.603,67.243,851483
-131.535,48.116,66.610,851504
-131.442,48.374,65.713,851525
-131.371,48.670,64.780,851546
-131.243,49.033,63.861,851567
-130.863,49.004,63.099,851588
-130.453,48.972,62.349,851609
-129.990,48.889,61.617,851630
-129.956,49.048,60.528,851651
-129.350,49.083,59.836,851672
-129.193,49.280,58.786,851693
-128.730,49.086,57.940,851714
-128.456,49.252,56.908,851735
-128.214,48.940,55.838,851756
-127.947,49.023,54.766,851777
-127.943,48.776,53.476,851798
-127.783,48.630,52.492,851819
-127.672,48.112,51.485,851840
-127.793,47.713,50.298,851861
-127.664,47.221,49.266,851882
-127.861,47.003,47.986,851903
-127.941,46.953,46.778,851924
-128.050,46.519,45.557,851945
-128.158,46.115,44.325,851966
-127.868,45.767,43.362,851987
-127.730,45.311,42.280,852008
-127.479,44.954,41.284,852029
-127.567,44.972,40.037,852050
-127.454,44.968,38.914,852071
-127.332,45.003,37.805,852092
-127.544,45.071,36.446,852113
-127.750,45.193,35.091,852134
-127.920,45.420,33.752,852155
-128.030,45.319,32.443,852176
-128.150,45.265,31.126,852197
-128.209,45.207,29.859,852218
-128.090,45.193,28.730,852239
-127.933,45.461,27.619,852260
-128.081,45.802,26.299,852281
-128.396,45.974,24.853,852302
-128.511,46.365,23.516,852323
-128.521,46.759,22.248,852344
-128.784,46.846,20.798,852365
-129.125,46.951,19.294,852386
-129.008,47.193,18.112,852407
-128.954,47.477,16.871,852428
-128.815,47.645,15.668,852449
-128.652,47.805,14.503,852470
-128.991,47.815,12.936,852491
-128.976,48.050,11.630,852512
-129.294,47.982,10.094,852533
-129.597,47.893,8.559,852554
-129.886,47.720,7.030,852575
-129.745,47.671,5.799,852596
-130.135,47.612,4.152,852617
-129.919,47.472,2.949,852638
-129.845,47.574,1.638,852659
-129.585,47.579,0.447,852680
-129.806,47.542,358.910,852701
-129.933,47.386,357.410,852722
-129.967,47.154,355.994,852743
-130.003,47.246,354.562,852764
-129.711,46.932,353.380,852785
-129.294,46.630,352.303,852806
-128.823,46.348,351.219,852827
-128.329,46.321,350.118,852848
-127.787,46.239,349.050,852869
-127.256,46.213,347.973,852890
-127.147,46.280,346.594,852911
-126.915,46.384,345.268,852932
-126.409,46.231,344.134,852953
-126.336,46.318,342.668,852974
-126.291,46.162,341.167,852995
-125.778,46.145,340.017,853016
-125.254,46.027,338.864,853037
-125.150,45.845,337.404,853058
-124.751,45.934,336.154,853079
-124.527,46.114,334.777,853100
-124.547,45.929,333.209,853121
-124.691,45.784,331.551,853142
-124.476,45.616,330.110,853163
-124.322,45.619,328.627,853184
-124.526,45.392,326.912,853205
-124.812,45.205,325.152,853226
-124.686,45.092,323.699,853247
-124.810,45.210,322.076,853268
-124.813,45.248,320.543,853289
-124.801,45.287,319.045,853310
-125.242,45.170,317.234,853331
-125.621,44.968,315.449,853352
-125.907,44.683,313.763,853373
-126.172,44.392,312.097,853394
-126.670,44.273,310.281,853415
-127.022,44.102,308.589,853436
-127.215,44.313,306.998,853457
-127.609,44.559,305.268,853478
-127.728,44.829,303.747,853499
-127.823,44.712,302.223,853520
-128.257,44.944,300.459,853541
-128.692,44.999,298.683,853562
-128.630,45.023,297.274,853583
-128.680,45.281,295.786,853604
-128.839,45.220,294.244,853625
-128.962,45.169,292.729,853646
-128.834,45.369,291.382,853667
-128.898,45.777,289.885,853688
-129.094,46.204,288.310,853709
-129.362,46.367,286.674,853730
-129.643,46.515,285.029,853751
-129.874,46.565,283.411,853772
-129.648,46.715,282.116,853793
-129.453,46.858,280.799,853814
-129.263,46.779,279.497,853835
-129.025,46.714,278.223,853856
-128.853,46.949,276.884,853877
-128.568,47.107,275.595,853898
-128.715,47.184,273.991,853919
-128.821,47.306,272.398,853940
-128.826,47.448,270.868,853961
-128.663,47.219,269.475,853982
-128.533,46.969,268.017,854003
-127.991,46.796,266.868,854024
-127.454,46.518,265.742,854045
-126.937,46.272,264.566,854066
-126.884,46.226,263.064,854087
-126.439,46.336,261.814,854108
-125.905,46.426,260.599,854129
-125.745,46.609,259.102,854150
-125.350,46.840,257.743,854171
-124.724,46.647,256.552,854192
-124.151,46.467,255.282,854213
-123.472,46.536,254.077,854234
-122.865,46.677,252.827,854255
-122.250,46.606,251.555,854276
-121.930,46.907,250.038,854297
-121.670,46.904,248.442,854318
-121.549,47.191,246.717,854339
-121.308,47.229,245.084,854360
-120.913,47.243,243.548,854381
-120.317,47.271,242.167,854402
-119.651,47.379,240.871,854423
-118.976,47.652,239.602,854444
-118.368,47.789,238.282,854465
-118.158,48.291,236.689,854486
-117.927,48.818,235.088,854507
-117.960,49.250,233.305,854528
-118.003,49.721,231.565,854549
-118.003,50.190,229.885,854570
-118.003,50.167,228.242,854591
-118.147,50.101,226.511,854612
-118.278,49.980,224.835,854633
-118.349,50.122,223.193,854654
-118.558,49.935,221.495,854675
-118.775,50.027,219.795,854696
-118.915,49.887,218.176,854717
-119.390,49.517,216.340,854738
-120.061,49.269,214.375,854759
-120.302,48.837,212.767,854780
-120.899,48.412,210.908,854801
-121.312,48.322,209.202,854823
-122.020,48.014,207.290,854844
-122.600,47.500,205.459,854865
-122.899,46.921,203.871,854886
-123.531,46.455,202.031,854907
-124.192,46.177,200.186,854928
-124.829,45.783,198.391,854949
-125.121,45.601,196.836,854970
-125.663,45.158,195.115,854991
-126.025,44.689,193.540,855012
-126.184,44.622,192.129,855033
-126.233,44.532,190.764,855054
-126.147,44.369,189.507,855075
-126.537,44.320,187.923,855096
-128.079,45.143,186.309,855117
-129.569,45.983,184.676,855138
-130.969,46.719,183.080,855159
-131.723,47.281,181.920,855180
-132.823,48.145,180.454,855201
-133.390,48.858,179.341,855222
-133.886,49.408,178.270,855243
-134.386,49.907,177.161,855264
-135.215,50.784,175.730,855285
-135.734,51.547,174.459,855306
-136.078,51.955,173.301,855327
-136.906,52.443,171.687,855348
-137.639,52.793,170.104,855369
-137.683,53.131,169.065,855390
-137.737,53.501,167.967,855411
-138.213,53.850,166.493,855432
-138.281,54.170,165.329,855453
-138.122,54.399,164.316,855474
-137.815,54.251,163.384,855495
-137.783,54.446,162.177,855516
-137.303,54.285,161.265,855537
-137.366,54.209,159.881,855558
-137.145,53.978,158.648,855579
-136.571,53.755,157.607,855600
-136.011,53.828,156.513,855621
-136.199,53.996,154.661,855642
-135.980,53.893,153.075,855663
-136.334,53.907,150.973,855684
-136.083,53.945,149.299,855705
-135.787,53.598,147.605,855726
-133.201,53.377,149.261,855747
-131.365,53.143,150.220,855768
-129.536,52.711,151.106,855789
-127.409,52.335,152.173,855810
-125.822,51.800,152.735,855831
-124.067,51.511,153.356,855852
-122.458,51.110,153.827,855873
-121.009,50.650,154.160,855894
-119.694,50.348,154.380,855915
-118.964,50.220,154.141,855936
-118.394,49.758,153.730,855957
-117.577,49.413,153.486,855978
-117.157,48.901,152.930,855999
-116.906,48.394,152.250,856020
-116.692,48.293,151.492,856041
-116.582,48.194,150.660,856062
-116.607,47.762,149.763,856083
-117.074,47.456,148.535,856104
-117.664,47.273,147.221,856125
-118.360,47.161,145.816,856146
-119.077,46.870,144.398,856167
-119.861,46.613,142.913,856188
-120.802,46.449,141.282,856209
-121.498,46.143,139.807,856230
-122.039,46.054,138.412,856251
-122.688,46.078,136.919,856272
-123.815,46.278,135.056,856293
-124.736,46.516,133.332,856314
-125.538,46.700,131.681,856335
-126.731,46.743,129.743,856356
-127.765,46.682,127.887,856377
-128.676,46.630,126.133,856398
-129.094,46.546,124.737,856419
-129.424,46.487,123.397,856440
-130.206,46.637,121.718,856461
-130.973,46.680,120.056,856482
-131.217,46.746,118.735,856503
-131.729,46.959,117.208,856524
-132.057,47.181,115.802,856545
-132.520,47.050,114.305,856566
-132.787,46.844,112.946,856587
-132.950,46.688,111.638,856608
-133.163,46.580,110.286,856629
-132.902,46.618,109.271,856650
-132.609,46.747,108.295,856671
-132.590,46.656,107.116,856692
-132.508,46.963,105.979,856713
-132.016,47.017,105.157,856734
-131.827,47.350,104.119,856755
-131.662,47.353,103.069,856776
-131.243,47.296,102.229,856797
-130.556,47.399,101.568,856818
-129.926,47.384,100.856,856839
-129.726,47.545,99.811,856860
-129.487,47.867,98.775,856881
-129.099,47.829,97.829,856902
-128.881,48.112,96.752,856923
-128.611,48.432,95.708,856944
-128.446,48.702,94.593,856965
-128.043,48.615,93.696,856986
-127.354,48.688,93.021,857007
-126.679,48.688,92.328,857028
-126.616,48.817,91.196,857049
-126.140,48.930,90.388,857070
-126.202,49.072,89.180,857091
-125.749,48.992,88.370,857112
-125.789,48.821,87.222,857133
-125.967,48.694,86.000,857154
-126.079,48.481,84.833,857175
-126.267,48.330,83.624,857196
-126.048,48.313,82.757,857217
-125.924,47.964,81.810,857238
-125.700,47.813,80.966,857259
-125.603,47.756,80.031,857280
-125.816,47.434,78.879,857301
-125.828,47.404,77.881,857322
-126.250,47.203,76.594,857343
-126.680,47.121,75.314,857364
-127.047,46.915,74.137,857385
-126.886,46.717,73.336,857406
-126.942,46.801,72.391,857427
-126.788,46.669,71.628,857448
-126.639,46.592,70.868,857469
-126.683,46.351,69.967,857490
-126.574,46.367,69.129,857511
-126.919,46.543,68.015,857532
-127.266,46.519,66.915,857553
-127.626,46.535,65.795,857574
-127.928,46.490,64.720,857595
-127.971,46.724,63.842,857616
-127.801,46.898,63.118,857637
-127.493,46.816,62.520,857658
-127.262,46.716,61.874,857679
-127.340,46.980,61.025,857700
-127.364,47.170,60.226,857721
-126.999,47.365,59.726,857742
-126.793,47.268,59.110,857763
-126.574,47.213,58.525,857784
-126.466,47.303,57.836,857805
-125.939,47.229,57.445,857826
-125.368,47.403,57.076,857847
-124.860,47.489,56.659,857868
-124.632,47.605,55.807,857889
-124.416,47.083,54.740,857910
-124.094,46.842,53.753,857931
-124.140,46.333,52.483,857952
-124.139,46.167,51.237,857973
-124.084,45.893,50.057,857994
-124.201,45.268,48.740,858015
-124.634,44.993,47.220,858036
-124.931,44.418,45.821,858057
-124.949,43.858,44.645,858078
-125.350,43.659,43.210,858099
-125.353,43.157,42.072,858120
-125.677,42.915,40.734,858141
-125.986,42.763,39.414,858162
-126.332,42.701,38.095,858183
-126.693,42.775,36.782,858204
-127.089,42.664,35.446,858225
-127.168,42.783,34.341,858246
-127.219,42.816,33.242,858267
-127.357,42.971,32.055,858288
-127.419,42.926,30.937,858309
-127.914,43.224,29.505,858330
-128.180,43.519,28.227,858351
-128.731,43.571,26.766,858372
-129.153,43.518,25.403,858393
-129.582,43.490,24.032,858414
-129.997,43.561,22.652,858435
-129.848,43.538,21.631,858456
-129.678,43.507,20.628,858477
-130.587,44.263,19.478,858498
-131.048,44.952,18.595,858519
-131.477,45.680,17.693,858540
-131.949,46.049,16.697,858561
-132.366,46.684,15.745,858582
-132.854,47.307,14.710,858603
-133.190,47.424,13.765,858624
-133.748,47.658,12.665,858645
-133.818,47.944,11.923,858666
-133.731,48.106,11.241,858687
-133.476,48.109,10.660,858708
-133.123,48.100,10.139,858729
-133.222,48.106,9.267,858750
-133.146,48.147,8.496,858771
-132.594,47.798,8.073,858792
-132.256,47.424,7.467,858813
-131.866,47.024,6.898,858834
-131.204,46.503,6.513,858855
-130.392,45.980,6.206,858876
-129.877,45.620,5.798,858897
-129.293,45.613,5.433,858918
-128.686,45.607,5.084,858939
-128.225,45.678,4.612,858960
-127.432,45.570,4.364,858981
-127.074,45.445,3.793,859002
-126.687,45.424,3.213,859023
-125.815,45.450,2.966,859044
-125.114,45.157,2.600,859065
-124.609,44.951,2.063,859086
-123.772,44.951,1.729,859107
-122.934,44.796,1.390,859128
-122.175,44.750,0.968,859149
-121.775,44.896,0.286,859170
-121.516,45.037,359.500,859191
-120.896,44.959,358.912,859212
-120.806,44.973,357.967,859233
-120.693,45.052,357.036,859254
-120.386,44.794,356.231,859275
-120.170,44.584,355.353,859296
-119.922,44.346,354.476,859317
-119.802,44.210,353.510,859338
-119.727,44.401,352.498,859359
-119.723,44.299,351.413,859380
-119.758,44.541,350.290,859401
-119.498,44.443,349.380,859422
-119.717,44.671,348.113,859443
-119.610,44.511,347.074,859464
-119.457,44.420,346.057,859485
-119.327,44.438,345.047,859506
-119.431,44.591,343.854,859527
-119.466,44.656,342.722,859548
-119.854,44.434,341.334,859569
-120.251,44.228,339.958,859590
-120.704,44.116,338.571,859611
-120.900,43.729,337.357,859632
-121.446,43.585,335.882,859653
-121.856,43.263,334.515,859674
-122.084,43.259,333.312,859695
-122.336,43.346,332.093,859716
-122.544,43.396,330.942,859737
-123.182,43.587,329.492,859758
-123.496,43.760,328.249,859779
-123.779,43.890,327.052,859800
-124.499,43.944,325.533,859821
-124.875,43.824,324.257,859842
-125.568,44.012,322.734,859863
-125.748,43.970,321.553,859884
-125.880,44.100,320.401,859905
-126.093,44.442,319.211,859926
-126.256,44.821,318.052,859947
-126.460,45.257,316.876,859968
-127.014,45.721,315.445,859989
-127.554,46.173,314.027,860010
-127.813,46.271,312.793,860031
-128.006,46.366,311.602,860052
-127.923,46.556,310.622,860073
-128.231,46.698,309.337,860094
-128.174,46.770,308.338,860115
-128.013,47.111,307.374,860136
-128.323,47.326,306.046,860157
-128.088,47.610,305.103,860178
-127.988,47.940,304.021,860199
-127.763,47.832,303.034,860220
-127.654,48.085,301.929,860241
-127.365,47.959,300.945,860262
-127.492,47.811,299.654,860283
-127.278,47.522,298.588,860304
-127.370,47.284,297.265,860325
-127.236,47.304,296.106,860346
-126.873,47.237,295.100,860367
-126.473,47.162,294.123,860388
-126.324,47.147,292.955,860409
-126.364,46.940,291.632,860430
-126.376,46.633,290.321,860451
-126.161,46.197,289.193,860472
-126.051,45.796,288.000,860493
-125.858,45.387,286.870,860514
-125.462,45.282,285.894,860535
-125.130,45.280,284.880,860556
-124.742,45.091,283.915,860577
-124.706,44.936,282.705,860598
-124.842,45.068,281.354,860619
-124.499,45.085,280.324,860640
-124.253,44.952,279.225,860661
-124.152,44.775,277.998,860682
-124.443,44.780,276.493,860703
-124.645,45.014,275.038,860724
-124.661,45.195,273.681,860745
-124.873,45.443,272.176,860766
-125.322,45.649,270.483,860787
-125.797,45.650,268.749,860808
-125.782,45.669,267.360,860829
-126.232,45.735,265.646,860850
-126.739,45.906,263.871,860871
-126.692,46.021,262.496,860892
-126.789,46.396,261.003,860913
-126.718,46.666,259.631,860934
-126.630,46.941,258.268,860955
-126.466,47.154,256.919,860976
-126.438,47.073,255.491,860997
-126.711,47.200,253.776,861018
-126.917,47.229,252.095,861039
-127.034,47.137,250.446,861060
-127.018,46.946,248.881,861081
-126.686,46.778,247.524,861102
-126.549,46.944,246.024,861123
-126.128,46.826,244.769,861144
-125.774,46.888,243.450,861165
-125.602,47.117,241.982,861186
-125.631,47.176,240.364,861207
-125.297,46.990,238.994,861228
-124.745,47.070,237.780,861249
-124.426,46.877,236.406,861270
-123.914,46.735,235.170,861291
-123.554,46.525,233.845,861312
-123.269,46.320,232.479,861333
-123.289,46.458,230.901,861354
-122.925,46.534,229.603,861375
-122.883,46.722,228.071,861396
-122.912,46.526,226.499,861417
-123.111,46.562,224.811,861438
-123.256,46.407,223.194,861459
-123.138,46.520,221.803,861480
-123.116,46.318,220.368,861501
-123.208,46.121,218.892,861522
-123.221,46.349,217.488,861543
-123.122,46.408,216.180,861564
-124.212,47.416,215.199,861585
-125.240,48.412,214.243,861606
-126.305,49.206,213.238,861627
-127.344,49.797,212.214,861648
-128.258,50.282,211.266,861669
-129.097,50.690,210.336,861690
-129.665,50.963,209.584,861711
-130.066,51.491,208.944,861732
-130.740,51.677,208.072,861753
-131.197,51.777,207.381,861774
-131.977,52.156,206.441,861795
-132.241,52.421,205.905,861816
-132.595,52.702,205.340,861837
-133.068,52.589,204.669,861858
-133.418,52.742,204.056,861879
-133.410,52.734,203.669,861900
-133.259,52.545,203.358,861921
-133.070,52.201,203.017,861942
-132.839,51.990,202.678,861963
-132.539,51.567,202.361,861984
-132.733,51.142,201.613,862005
-132.894,50.855,200.895,862026
-132.993,50.382,200.228,862047
-133.377,50.093,199.667,862068
-133.913,49.817,198.943,862089
-134.406,49.602,198.220,862110
-134.919,49.447,197.416,862131
-134.891,49.392,196.976,862152
-134.889,49.399,196.462,862173
-134.756,49.363,195.958,862194
-134.670,49.383,195.387,862215
-135.231,49.578,194.418,862236
-135.503,49.417,193.643,862257
-135.901,49.385,192.724,862278
-136.186,49.343,191.845,862299
-135.832,49.415,191.415,862320
-135.417,49.351,190.998,862341
-134.993,49.289,190.536,862362
-135.018,49.567,189.695,862383
-134.454,49.619,189.217,862404
-134.485,49.832,188.233,862425
-134.505,50.041,187.178,862446
-134.450,50.125,186.123,862467
-134.630,50.473,184.852,862488
-134.236,50.625,183.946,862509
-133.889,50.788,182.917,862530
-133.556,50.926,181.796,862551
-133.324,50.873,180.539,862572
-133.130,51.182,179.197,862593
-132.907,51.415,177.786,862614
-132.764,51.711,176.252,862635
-133.100,51.875,174.290,862656
-133.446,52.030,172.245,862677
-133.691,52.042,170.212,862698
-133.938,52.061,168.092,862719
-133.615,52.021,166.346,862740
-133.340,52.183,164.515,862761
-133.002,52.212,162.687,862782
-132.652,52.205,160.807,862803
-130.157,52.111,162.020,862824
-127.908,52.257,162.937,862845
-126.192,52.073,163.358,862866
-124.427,51.778,163.749,862887
-123.158,51.575,163.692,862908
-121.636,51.511,163.771,862929
-120.378,51.252,163.592,862950
-119.278,51.238,163.286,862971
-118.535,51.426,162.669,862992
-117.904,51.572,161.935,863013
-117.399,51.604,161.068,863034
-117.642,51.841,159.595,863055
-117.879,51.800,158.093,863076
-118.118,51.675,156.613,863097
-118.488,51.578,155.072,863118
-119.175,51.670,153.310,863139
-119.671,51.907,151.718,863160
-120.647,51.923,149.785,863181
-121.588,52.101,147.899,863202
-122.592,52.275,145.974,863223
-123.865,52.151,143.832,863244
-125.113,51.922,141.722,863265
-126.432,51.976,139.565,863286
-127.627,51.604,137.552,863307
-128.760,51.165,135.613,863328
-129.647,50.818,133.898,863349
-130.450,50.491,132.250,863370
-131.207,50.265,130.690,863391
-131.985,50.105,129.134,863412
-132.673,49.931,127.703,863433
-133.164,49.551,126.431,863454
-134.204,49.278,124.764,863475
-135.184,49.059,123.172,863496
-135.684,48.527,121.946,863517
-136.401,48.116,120.564,863538
-137.105,47.980,119.176,863559
-137.756,47.820,117.856,863580
-137.781,47.631,117.013,863601
-138.106,47.337,115.935,863622
-138.036,47.005,115.145,863643
-137.819,47.077,114.469,863664
-137.732,46.851,113.699,863685
-137.253,46.869,113.256,863706
-136.846,46.718,112.743,863727
-136.325,46.937,112.339,863748
-136.007,46.874,111.794,863769
-135.397,47.155,111.468,863790
-134.928,47.512,111.014,863811
-134.624,47.559,110.438,863832
-133.768,47.633,110.263,863853
-133.145,47.882,109.888,863874
-132.778,47.854,109.329,863895
-131.870,47.818,109.162,863916
-131.002,47.643,108.938,863937
-130.572,47.421,108.406,863958
-130.219,47.196,107.792,863979
-129.797,46.938,107.225,864000
-129.568,46.948,106.477,864021
-128.988,47.023,105.940,864042
-128.238,46.885,105.516,864063
-127.546,46.782,105.047,864084
-127.312,46.501,104.211,864105
-126.718,46.417,103.612,864126
-126.124,46.196,103.011,864147
-125.579,45.880,102.362,864168
-125.010,45.738,101.691,864189
-124.518,45.738,100.956,864210
-124.193,45.406,100.045,864231
-124.492,44.925,99.318,864252
-124.776,44.494,98.586,864273
-125.090,44.285,97.822,864294
-125.433,44.013,97.046,864315
-125.730,43.693,96.301,864336
-126.028,43.481,95.556,864357
-126.021,43.572,95.000,864378
-125.958,43.641,94.433,864399
-126.289,43.773,93.593,864420
-126.336,43.565,92.924,864441
-126.532,43.787,92.133,864462
-126.575,43.958,91.431,864483
-126.721,44.266,90.630,864504
-127.144,44.336,89.627,864525
-127.264,44.376,88.818,864546
-127.332,44.467,88.047,864567
-127.312,44.728,87.296,864588
-127.663,45.290,86.272,864609
-127.843,45.825,85.366,864630
-128.319,46.303,84.227,864651
-128.733,46.486,83.128,864672
-129.188,46.741,81.993,864693
-129.580,47.109,80.893,864714
-129.545,47.496,80.084,864735
-129.402,47.574,79.328,864756
-129.200,47.827,78.608,864777
-129.107,47.791,77.779,864798
-129.002,47.745,76.972,864819
-129.294,47.914,75.844,864840
-129.173,48.146,75.049,864861
-129.368,48.104,73.970,864882
-129.640,48.181,72.845,864903
-129.879,48.121,71.709,864924
-130.030,48.026,70.637,864945
-129.713,47.978,69.918,864966
-129.394,47.886,69.183,864987
-129.138,47.715,68.413,865008
-129.121,47.905,67.464,865029
-129.288,47.967,66.369,865050
-129.436,48.035,65.252,865071
-129.073,47.727,64.500,865092
-129.202,47.552,63.329,865113
-128.883,47.167,62.431,865134
-128.929,46.895,61.275,865155
-128.456,46.763,60.480,865176
-128.425,46.537,59.350,865197
-127.996,46.516,58.498,865218
-127.484,46.406,57.692,865239
-127.252,46.090,56.672,865260
-126.932,46.195,55.694,865281
-126.884,45.962,54.496,865302
-126.623,46.043,53.432,865323
-126.596,45.787,52.198,865344
-126.760,45.661,50.828,865365
-126.458,45.457,49.766,865386
-126.201,45.350,48.653,865407
-125.996,45.316,47.457,865428
-126.042,45.434,46.099,865449
-126.172,45.555,44.659,865470
-126.257,45.656,43.214,865491
-126.401,45.351,41.707,865512
-126.798,45.185,40.009,865533
-127.116,44.939,38.373,865554
-127.206,44.694,36.864,865575
-127.293,44.479,35.384,865596
-127.477,44.266,33.810,865617
-127.887,44.277,32.049,865638
-128.183,44.468,30.371,865659
-128.362,44.671,28.782,865680
-128.513,44.452,27.230,865701
-129.565,44.902,25.324,865722
-130.362,45.005,23.563,865743
-131.193,45.130,21.788,865764
-131.955,45.185,20.047,865785
-132.286,45.353,18.629,865806
-132.499,45.439,17.319,865827
-132.639,45.519,16.046,865848
-132.639,45.502,14.880,865869
-132.674,45.601,13.683,865890
-132.983,45.497,12.273,865911
-132.716,45.352,11.254,865932
-132.753,45.087,9.979,865953
-132.785,45.143,8.722,865974
-132.385,45.188,7.758,865995
-132.275,45.082,6.595,866016
-131.558,44.884,5.851,866037
-130.885,44.934,5.068,866058
-130.364,45.115,4.137,866079
-129.877,44.950,3.156,866100
-128.986,44.856,2.429,866121
-128.508,44.793,1.382,866142
-127.571,44.626,0.646,866163
-126.593,44.524,359.927,866184
-125.940,44.397,358.961,866205
-124.949,44.457,358.176,866226
-123.999,44.627,357.345,866247
-123.045,44.730,356.506,866268
-122.597,44.880,355.300,866289
-122.208,44.984,354.051,866310
-121.443,45.228,353.047,866331
-121.177,45.488,351.677,866352
-120.875,45.461,350.322,866373
-120.352,45.752,349.165,866394
-119.884,45.729,347.981,866415
-119.694,46.089,346.600,866436
-118.957,46.168,346.020,866457
-117.743,46.256,345.774,866478
-117.078,46.578,345.136,866499
-116.648,46.688,344.320,866520
-115.836,46.781,343.779,866541
-115.655,46.756,342.792,866562
-115.649,46.792,341.682,866583
-115.682,46.690,340.568,866604
-115.893,46.599,339.340,866625
-116.201,46.528,338.039,866646
-116.222,46.640,336.947,866667
-116.332,46.628,335.799,866688
-116.618,46.769,334.507,866709
-117.021,46.795,333.185,866730
-117.386,46.657,331.877,866751
-117.513,46.634,330.750,866772
-118.116,46.442,329.237,866793
-118.404,46.390,327.924,866814
-118.869,46.415,326.477,866835
-119.157,46.429,325.131,866856
-119.528,46.467,323.742,866877
-120.357,46.590,321.987,866898
-120.796,46.607,320.525,866919
-121.110,46.475,319.129,866940
-121.945,46.482,317.353,866961
-122.736,46.320,315.594,866982
-123.445,46.108,313.854,867003
-124.142,45.879,312.074,867024
-124.925,45.692,310.206,867045
-125.668,45.432,308.309,867066
-126.184,45.073,306.534,867087
-126.520,45.055,304.862,867108
-126.962,45.104,303.076,867129
-127.487,44.784,301.204,867150
-127.657,44.738,299.540,867171
-127.701,44.700,297.916,867192
-128.080,44.485,296.041,867213
-128.313,44.160,294.270,867234
-129.010,43.610,293.432,867255
-129.236,43.322,292.837,867276
-129.389,43.130,292.259,867297
-129.795,42.901,291.425,867318
-129.863,42.945,290.803,867339
-129.921,42.702,290.156,867360
-129.735,42.483,289.645,867381
-129.638,42.430,289.048,867402
-129.299,42.358,288.570,867423
-128.761,42.385,288.197,867444
-128.244,42.785,287.821,867465
-127.865,43.281,287.310,867486
-127.727,43.738,286.591,867507
-127.270,44.270,286.098,867528
-127.085,44.515,285.375,867549
-126.700,44.696,284.756,867570
-126.463,45.333,284.026,867591
-125.917,45.828,283.504,867612
-125.388,46.127,282.974,867633
-124.851,46.520,282.407,867654
-124.682,47.089,281.553,867675
-124.319,47.619,280.819,867696
-124.232,47.801,279.890,867717
-124.218,47.999,278.850,867738
-123.860,48.006,278.042,867759
-123.917,48.128,276.933,867780
-123.938,48.083,275.842,867801
-124.019,48.044,274.685,867822
-124.152,48.247,273.481,867843
-123.946,48.297,272.532,867864
-123.704,48.173,271.631,867885
-123.697,48.174,270.533,867906
-123.951,47.756,269.208,867927
-123.964,47.626,268.055,867948
-124.068,47.057,266.845,867969
-123.953,46.678,265.806,867990
-124.220,46.126,264.509,868011
-124.580,45.654,263.149,868032
-124.845,45.111,261.869,868053
-124.736,44.775,260.855,868074
-124.601,44.409,259.892,868095
-124.502,44.136,258.859,868116
-124.762,44.093,257.561,868137
-125.150,43.834,256.195,868158
-125.444,43.496,254.897,868179
-125.746,43.630,253.617,868200
-125.792,43.600,252.514,868221
-126.264,43.499,251.128,868242
-126.306,43.585,250.030,868263
-126.402,43.830,248.888,868284
-126.826,44.087,247.537,868305
-127.190,44.448,246.210,868326
-127.549,44.721,244.869,868347
-127.819,45.121,243.589,868368
-127.608,45.269,242.646,868389
-127.613,45.373,241.570,868410
-127.696,45.924,240.417,868431
-127.454,46.232,239.503,868452
-127.324,46.339,238.527,868473
-127.421,46.870,237.363,868494
-127.383,46.925,236.287,868515
-127.494,47.358,235.088,868536
-127.779,47.616,233.750,868557
-127.461,47.662,232.913,868578
-127.182,47.647,232.029,868599
-127.019,47.543,231.063,868620
-126.678,47.479,230.260,868641
-126.387,47.600,229.413,868662
-126.382,47.807,228.361,868683
-126.267,47.950,227.396,868704
-126.481,47.903,226.221,868725
-126.713,47.888,224.983,868746
-126.950,47.740,223.770,868767
-127.187,47.641,222.535,868788
-126.898,47.460,221.689,868809
-126.760,47.023,220.733,868830
-126.631,46.589,219.784,868851
-126.251,46.263,219.027,868872
-125.829,45.859,218.324,868893
-125.410,45.797,217.597,868914
-125.354,45.804,216.624,868935
-125.043,45.886,215.847,868956
-125.021,45.896,214.852,868977
-124.731,46.028,214.082,868998
-126.001,46.922,212.641,869019
-127.224,47.496,211.201,869040
-128.430,48.321,209.743,869061
-129.262,48.708,208.545,869082
-130.143,49.496,207.288,869103
-130.643,49.989,206.299,869124
-131.602,50.635,204.913,869145
-131.985,50.886,203.952,869166
-132.591,51.118,202.793,869187
-133.314,51.580,201.511,869208
-133.314,51.777,200.765,869229
-133.291,51.800,200.016,869250
-133.663,52.078,198.914,869271
-133.960,52.139,197.835,869292
-133.562,52.164,197.273,869313
-133.158,52.192,196.665,869334
-133.155,52.283,195.665,869355
-132.530,52.057,195.124,869376
-132.296,51.768,194.222,869397
-131.605,51.462,193.639,869418
-131.529,51.272,192.484,869439
-132.029,51.241,190.823,869460
-131.888,51.172,189.636,869481
-132.164,50.920,188.092,869502
-132.098,50.908,186.801,869523
-131.696,50.665,185.708,869544
-131.828,50.444,184.217,869565
-131.552,50.409,183.014,869586
-131.363,50.005,181.713,869607
-131.314,49.761,180.298,869628
-130.740,49.436,179.232,869649
-130.120,49.333,178.197,869670
-129.646,49.397,177.022,869691
-127.792,49.291,177.714,869712
-126.327,49.086,178.075,869733
-124.752,48.880,178.488,869754
-123.501,48.662,178.632,869775
-122.680,48.728,178.423,869796
-122.048,48.725,178.086,869817
-121.076,48.563,177.972,869838
-120.719,48.412,177.396,869859
-120.142,48.483,176.964,869880
-119.735,48.576,176.404,869901
-119.342,48.539,175.808,869922
-119.153,48.638,175.055,869943
-118.934,48.624,174.284,869964
-119.123,48.394,173.207,869985
-119.285,48.127,172.145,870006
-119.842,48.058,170.788,870027
-120.484,47.975,169.373,870048
-121.165,47.758,167.913,870069
-122.034,47.669,166.298,870090
-122.957,47.533,164.621,870111
-123.967,47.511,162.853,870132
-124.604,47.515,161.366,870153
-125.245,47.158,159.901,870174
-125.916,47.142,158.370,870195
-126.415,46.946,156.941,870216
-126.934,46.863,155.494,870237
-127.844,46.635,153.764,870258
-128.210,46.409,152.415,870279
-128.460,46.176,151.171,870300
-129.181,46.161,149.573,870321
-129.306,45.987,148.395,870342
-129.856,45.954,146.894,870363
-130.456,45.997,145.356,870384
-130.922,45.942,143.910,870405
-131.195,46.202,142.553,870426
-131.572,46.117,141.093,870447
-131.820,46.060,139.718,870468
-131.700,46.214,138.590,870489
-131.893,46.228,137.232,870510
-132.134,46.510,135.838,870531
-132.002,46.867,134.708,870552
-131.764,47.216,133.638,870573
-131.776,47.228,132.377,870594
-131.304,47.341,131.456,870615
-130.833,47.491,130.510,870636
-130.328,47.442,129.623,870657
-130.120,47.387,128.518,870678
-129.805,47.289,127.508,870699
-129.505,47.186,126.476,870720
-129.271,47.444,125.401,870741
-129.046,47.691,124.319,870762
-128.836,47.931,123.218,870783
-128.784,48.057,122.026,870804
-128.667,47.897,120.870,870825
-128.151,47.746,119.988,870846
-127.703,47.503,119.068,870867
-127.265,47.303,118.087,870888
-126.809,47.191,117.132,870909
-126.835,47.301,115.830,870930
-126.709,46.988,114.635,870951
-126.760,46.810,113.348,870972
-126.824,46.708,112.052,870993
-126.812,46.503,110.794,871014
-126.831,46.470,109.523,871035
-126.351,46.319,108.608,871056
-125.921,46.391,107.629,871077
-125.680,46.155,106.523,871098
-125.388,46.334,105.450,871119
-125.460,46.538,104.128,871140
-125.541,46.404,102.814,871161
-125.770,46.425,101.390,871182
-125.553,46.278,100.272,871203
-125.787,46.360,98.842,871224
-125.918,46.314,97.489,871245
-125.603,46.398,96.460,871266
-125.392,46.224,95.377,871287
-125.571,46.323,94.031,871308
-125.391,46.439,92.959,871329
-125.394,46.589,91.758,871350
-125.145,46.603,90.752,871371
-125.393,46.572,89.385,871392
-125.504,46.397,88.126,871413
-125.737,46.412,86.805,871434
-125.512,46.372,85.811,871455
-125.801,46.660,84.467,871476
-125.890,46.520,83.259,871497
-126.128,46.779,81.946,871518
-126.065,46.894,80.837,871539
-125.917,46.942,79.787,871560
-125.853,47.075,78.678,871581
-126.171,47.132,77.288,871602
-126.429,46.972,75.953,871623
-126.718,47.054,74.598,871644
-126.620,46.824,73.546,871665
-126.454,46.894,72.519,871686
-126.243,46.897,71.540,871707
-126.035,46.938,70.562,871728
-125.775,46.798,69.589,871749
-125.911,46.963,68.328,871770
-126.123,46.794,67.018,871791
-126.271,46.565,65.740,871812
-126.378,46.342,64.518,871833
-126.210,46.091,63.483,871854
-126.444,46.131,62.182,871875
-126.195,46.157,61.196,871896
-126.035,46.334,60.157,871917
-125.792,46.412,59.138,871938
-125.792,46.625,57.911,871959
-126.060,46.750,56.480,871980
-126.139,46.481,55.144,872001
-126.533,46.544,53.554,872022
-126.804,46.268,51.989,872043
-127.166,46.008,50.312,872064
-127.136,45.677,48.864,872085
-127.059,45.520,47.393,872106
-126.973,45.265,45.912,872127
-126.982,44.885,44.320,872148
-126.966,44.782,42.710,872169
-127.354,44.715,40.768,872190
-127.599,44.331,38.868,872211
-127.932,44.011,36.860,872232
-128.181,43.625,34.855,872253
-128.071,43.186,33.058,872274
-127.853,42.857,31.286,872295
-128.332,42.195,30.683,872316
-128.647,41.503,30.110,872337
-129.299,40.831,29.249,872358
-129.582,40.420,28.574,872379
-130.067,39.963,27.734,872400
-130.434,39.783,26.935,872421
-132.057,39.998,25.028,872442
-133.470,40.214,23.232,872463
-134.558,40.429,21.593,872484
-135.228,40.688,20.198,872505
-135.607,41.304,18.928,872526
-135.760,41.966,17.773,872547
-136.004,42.421,16.505,872568
-136.027,43.323,15.346,872589
-136.177,44.058,14.057,872610
-136.163,44.776,12.842,872631
-136.006,45.418,11.688,872652
-135.822,46.202,10.498,872673
-135.527,46.854,9.388,872694
-134.715,47.610,8.616,872715
-134.009,48.408,7.765,872736
-133.116,49.036,7.023,872757
-132.141,49.572,6.334,872778
-131.152,50.117,5.627,872799
-130.351,50.264,4.789,872820
-129.167,50.488,4.208,872841
-127.918,50.628,3.694,872862
-126.069,50.691,3.956,872883
-124.378,50.481,4.071,872904
-123.141,50.294,3.846,872925
-121.597,50.237,3.864,872946
-120.096,50.075,3.833,872967
-118.714,49.811,3.691,872988
-117.956,49.621,3.031,873009
-117.295,49.361,2.305,873030
-116.538,48.776,1.619,873051
-116.085,48.379,0.684,873072
-115.527,47.805,359.827,873093
-114.798,47.360,359.082,873114
-114.161,46.983,358.247,873135
-113.632,46.714,357.323,873156
-113.332,46.613,356.202,873177
-113.223,46.563,354.936,873198
-113.349,46.275,353.498,873219
-113.369,45.848,352.105,873240
-113.660,45.625,350.531,873261
-114.050,45.400,348.852,873282
-114.111,45.334,347.346,873303
-114.352,45.082,345.689,873324
-114.629,45.270,343.953,873345
-114.989,45.530,342.126,873366
-115.257,45.753,340.312,873387
-115.521,45.994,338.454,873408
-116.213,46.214,336.257,873429
-116.911,46.455,333.994,873450
-117.348,46.524,331.896,873471
-117.809,46.595,329.737,873492
-118.542,46.890,327.316,873513
-118.958,47.251,325.103,873534
-119.292,47.440,322.871,873555
-119.571,47.580,320.638,873576
-119.875,47.362,318.309,873597
-120.401,47.489,315.734,873618
-120.974,47.018,315.248,873639
-121.351,46.511,314.729,873660
-121.980,45.835,313.839,873681
-122.514,45.317,312.938,873702
-122.444,44.848,312.372,873723
-122.435,44.264,311.675,873744
-122.145,43.798,311.115,873765
-122.104,43.763,310.306,873786
-122.022,43.649,309.453,873807
-121.354,43.591,308.929,873828
-121.137,43.295,308.161,873849
-121.039,42.871,307.713,873870
-120.842,42.451,307.251,873891
-120.623,42.481,306.700,873912
-120.022,42.388,306.373,873933
-119.781,42.574,305.707,873954
-119.199,42.589,305.241,873975
-119.082,42.948,304.408,873996
-119.031,42.741,303.845,874017
-119.200,42.884,303.049,874038
-119.325,42.909,302.257,874059
-119.052,43.224,301.679,874080
-118.706,43.383,301.121,874101
-118.817,43.723,300.215,874122
-118.720,43.908,299.423,874143
-118.416,44.030,298.912,874164
-118.102,44.453,298.381,874185
-117.823,44.930,297.761,874206
-117.792,45.534,296.956,874227
-117.450,45.874,296.312,874248
-117.640,46.265,295.277,874269
-117.873,46.656,294.177,874290
-117.798,46.820,293.306,874311
-117.548,47.258,292.566,874332
-117.583,47.359,291.624,874353
-117.776,47.508,290.581,874374
-117.556,47.806,289.826,874395
-117.562,48.234,288.960,874416
-117.318,48.448,288.273,874437
-117.553,48.718,287.243,874458
-117.781,48.831,286.235,874479
-117.577,48.823,285.520,874500
-117.862,48.860,284.428,874521
-118.109,48.814,283.375,874542
-118.039,48.999,282.539,874563
-118.420,48.911,281.360,874584
-118.814,49.084,280.196,874605
-119.252,48.949,279.030,874626
-119.726,48.977,277.857,874647
-119.722,48.921,277.072,874668
-119.916,48.563,276.162,874689
-120.378,48.410,275.066,874710
-120.294,48.200,274.390,874731
-120.213,48.070,273.744,874752
-120.119,47.965,273.121,874773
-120.100,47.986,272.458,874794
-119.977,47.748,271.929,874815
-120.272,47.600,271.101,874836
-120.640,47.598,270.254,874857
-120.999,47.653,269.453,874878
-120.985,47.438,268.961,874899
-120.810,47.499,268.632,874920
-120.966,47.319,268.053,874941
-120.965,47.524,267.585,874962
-120.726,47.612,267.308,874983
-120.586,47.399,266.941,875004
-120.502,47.556,266.522,875025
-120.693,47.413,265.940,875046
-120.941,47.299,265.325,875067
-120.848,47.107,264.968,875088
-121.211,47.181,264.287,875109
-121.457,47.020,263.696,875130
-121.686,46.823,263.132,875151
-121.712,46.960,262.720,875172
-121.729,47.078,262.337,875193
-121.980,47.258,261.796,875214
-122.375,47.143,261.132,875235
-122.390,47.267,260.748,875256
-122.822,47.234,260.043,875277
-123.164,47.080,259.403,875298
-123.099,47.079,259.075,875319
-123.121,47.261,258.661,875340
-123.301,47.551,258.133,875361
-123.748,47.563,257.412,875382
-123.757,47.483,257.008,875403
-124.158,47.456,256.315,875424
-124.540,47.499,255.632,875445
-124.910,47.636,254.948,875466
-125.305,47.735,254.256,875487
-125.501,47.877,253.645,875508
-125.468,47.556,253.195,875529
-125.362,47.327,252.781,875550
-125.161,47.230,252.420,875571
-125.062,47.261,251.979,875592
-124.869,47.190,251.602,875613
-125.079,47.225,250.909,875634
-125.170,46.928,250.294,875655
-125.236,46.983,249.687,875676
-125.228,46.681,249.111,875697
-125.285,46.448,248.471,875718
-124.875,46.279,248.170,875739
-124.645,45.960,247.722,875760
-124.208,45.811,247.418,875781
-123.818,45.742,247.083,875802
-123.646,45.875,246.586,875823
-123.571,46.026,246.020,875844
-123.651,46.075,245.326,875865
-123.721,45.992,244.628,875886
-123.795,45.946,243.903,875907
-123.628,46.117,243.371,875928
-123.739,46.050,242.627,875949
-123.615,45.863,242.058,875970
-123.551,45.686,241.452,875991
-123.366,45.861,240.927,876012
-123.312,46.100,240.290,876033
-123.595,46.392,239.409,876054
-123.479,46.525,238.793,876075
-123.374,46.633,238.159,876096
-123.562,46.521,237.324,876117
-123.720,46.398,236.508,876138
-123.653,46.434,235.851,876159
-123.616,46.675,235.156,876180
-123.611,46.659,234.448,876201
-123.972,46.825,233.436,876222
-124.130,47.223,232.579,876243
-124.308,47.578,231.705,876264
-124.574,47.879,230.765,876285
-124.834,48.140,229.824,876306
-125.108,48.285,228.855,876327
-125.301,48.590,227.928,876348
-125.201,48.505,227.194,876369
-125.028,48.389,226.525,876390
-124.839,48.295,225.829,876411
-125.634,48.560,224.657,876432
-126.813,48.876,223.169,876453
-127.952,49.328,221.684,876474
-128.810,49.740,220.398,876495
-129.608,50.114,219.142,876516
-130.515,50.087,217.773,876537
-130.859,50.091,216.793,876558
-131.208,50.140,215.738,876579
-131.687,50.367,214.529,876600
-131.944,50.481,213.477,876621
-132.103,50.488,212.460,876642
-132.210,50.461,211.444,876663
-132.395,50.625,210.370,876684
-132.835,50.496,209.038,876705
-133.032,50.243,207.891,876726
-133.248,50.059,206.678,876747
-133.334,49.823,205.518,876768
-132.877,49.467,204.758,876789
-132.282,49.081,204.061,876810
-131.519,48.822,203.453,876831
-130.694,48.582,202.887,876852
-129.789,48.291,202.325,876873
-129.097,48.231,201.562,876894
-128.691,48.064,200.560,876915
-128.266,47.922,199.540,876936
-127.884,47.760,198.454,876957
-126.986,47.332,197.741,876978
-126.395,47.325,196.770,876999
-125.562,46.935,195.981,877020
-124.710,46.684,195.177,877041
-123.973,46.413,194.280,877062
-123.289,46.408,193.329,877083
-123.125,46.369,192.022,877104
-122.515,46.409,191.026,877125
-122.231,46.293,189.807,877146
-122.133,46.282,188.436,877167
-122.030,46.301,187.069,877188
-121.535,46.298,186.004,877209
-121.480,46.354,184.606,877230
-121.078,46.553,183.499,877251
-120.849,46.814,182.261,877272
-120.948,46.712,180.812,877293
-121.432,46.915,179.057,877314
-122.062,47.131,177.203,877335
-122.763,47.221,175.319,877356
-123.371,47.164,173.478,877377
-123.656,47.132,171.847,877398
-123.861,47.150,170.311,877419
-124.564,47.305,168.405,877440
-124.804,47.210,166.857,877461
-125.522,47.303,164.963,877482
-126.071,47.503,163.231,877503
-126.757,47.672,161.376,877524
-127.261,47.470,159.651,877545
-127.808,47.285,157.889,877566
-128.290,47.075,156.162,877587
-128.884,46.878,154.379,877608
-129.134,46.917,152.832,877629
-129.351,46.922,151.328,877650
-129.569,46.966,149.807,877671
-130.140,46.843,148.043,877692
-130.158,46.703,146.671,877713
-130.620,46.615,144.964,877734
-131.024,46.591,143.325,877755
-131.101,46.769,141.915,877776
-130.941,46.530,140.688,877797
-130.603,46.492,139.565,877818
-130.750,46.448,138.072,877839
-130.527,46.630,136.838,877860
-130.517,46.497,135.480,877881
-130.257,46.316,134.280,877902
-130.249,46.347,132.926,877923
-130.261,46.410,131.570,877944
-130.127,46.322,130.311,877965
-129.757,46.204,129.242,877986
-129.591,46.158,128.011,878007
-129.314,46.534,126.869,878028
-129.315,46.896,125.515,878049
-128.917,47.190,124.472,878070
-128.419,47.327,123.500,878091
-128.014,47.572,122.461,878112
-127.565,47.788,121.427,878133
-127.545,47.965,120.071,878154
-126.964,48.006,119.118,878175
-126.417,48.019,118.141,878196
-125.959,47.844,117.101,878217
-125.946,47.717,115.719,878238
-125.978,47.590,114.311,878259
-125.966,47.375,112.965,878280
-126.046,47.460,111.542,878301
-126.153,47.250,110.087,878322
-126.225,46.971,108.675,878343
-126.401,46.816,107.207,878364
-126.084,46.567,106.075,878385
-125.852,46.537,104.878,878406
-125.600,46.351,103.715,878427
-125.446,46.415,102.465,878448
-125.553,46.607,101.016,878469
-125.339,46.481,99.826,878490
-125.547,46.275,98.312,878511
-125.715,46.037,96.855,878532
-125.532,45.854,95.633,878553
-125.660,45.978,94.207,878574
-125.791,45.712,92.767,878595
-126.011,45.821,91.255,878616
-125.796,45.654,90.050,878637
-125.734,45.744,88.747,878658
-125.886,45.531,87.292,878679
-126.199,45.479,85.713,878700
-126.453,45.655,84.197,878721
-126.730,45.811,82.679,878742
-126.949,45.773,81.211,878763
-127.223,45.870,79.722,878784
-127.037,46.060,78.560,878805
-126.793,46.188,77.456,878826
-126.519,46.251,76.363,878847
-126.298,46.459,75.202,878868
-126.523,46.583,73.720,878889
-126.642,46.559,72.322,878910
-126.447,46.480,71.130,878931
-126.594,46.452,69.686,878952
-126.847,46.473,68.149,878973
-126.646,46.414,66.927,878994
-126.429,46.449,65.690,879015
-126.486,46.747,64.263,879036
-126.318,46.904,62.974,879057
-126.251,47.131,61.602,879078
-126.489,47.049,59.994,879099
-126.690,46.961,58.398,879120
-126.413,46.946,57.157,879141
-126.387,46.671,55.720,879162
-126.505,46.457,54.153,879183
-126.712,46.308,52.490,879204
-126.430,46.321,51.162,879225
-126.259,46.423,49.722,879246
-126.053,46.514,48.316,879267
-125.779,46.538,46.935,879288
-125.521,46.568,45.546,879309
-125.288,46.268,44.151,879330
-125.375,46.050,42.522,879351
-125.495,45.915,40.855,879372
-125.556,45.741,39.226,879393
-125.149,45.628,37.960,879414
-125.082,45.374,36.412,879435
-125.218,45.372,34.716,879456
-124.888,45.321,33.358,879477
-124.597,45.390,31.969,879498
-124.399,45.151,30.522,879519
-124.424,45.353,28.893,879540
-124.506,45.221,27.213,879561
-124.447,45.030,25.635,879582
-124.497,44.921,23.989,879603
-124.466,44.852,22.387,879624
-124.032,44.963,21.055,879645
-123.512,45.032,19.810,879666
-123.031,45.093,18.530,879687
-122.931,44.965,16.988,879708
-123.000,45.034,15.363,879729
-121.595,45.060,15.453,879750
-119.897,45.160,15.760,879771
-118.383,45.388,15.932,879792
-117.375,45.455,15.710,879813
-116.017,45.527,15.719,879834
-114.778,45.518,15.663,879855
-113.746,45.656,15.420,879876
-112.978,45.942,14.971,879897
-112.406,46.270,14.404,879918
-111.976,46.199,13.734,879939
-111.871,46.245,12.846,879960
-111.922,46.320,11.859,879981
-111.811,46.262,10.994,880002
-111.725,46.520,10.095,880023
-112.071,46.496,8.871,880044
-112.313,46.812,7.696,880065
-112.603,47.044,6.454,880086
-113.001,47.216,5.137,880107
-113.972,47.238,3.381,880128
-115.080,47.311,1.500,880149
-116.237,47.238,359.594,880170
-117.501,47.172,357.615,880191
-118.876,47.106,355.593,880212
-119.645,47.231,353.989,880233
-120.058,47.495,352.610,880254
-120.601,47.742,351.120,880275
-121.573,48.033,349.288,880296
-122.668,48.278,347.333,880317
-123.669,48.503,345.387,880338
-124.615,48.237,343.452,880359
-125.755,48.062,341.334,880380
-126.704,47.717,339.334,880401
-127.627,47.372,337.355,880422
-128.070,47.005,335.677,880443
-128.553,46.541,333.943,880464
-129.233,46.487,332.001,880485
-129.645,46.389,330.222,880506
-129.961,46.303,328.456,880527
-130.047,46.093,326.802,880548
-130.417,45.658,324.889,880569
-130.655,45.192,323.032,880590
-130.466,44.935,321.417,880611
-130.191,44.613,319.780,880632
-130.582,43.834,318.913,880653
-130.574,43.346,318.182,880674
-130.485,43.007,317.438,880695
-130.233,42.773,316.731,880716
-129.813,42.641,316.083,880737
-129.628,42.670,315.228,880758
-128.870,42.643,314.727,880779
-128.018,42.623,314.259,880800
-127.538,42.938,313.555,880821
-126.756,43.020,313.028,880842
-125.696,43.384,312.669,880863
-124.551,43.796,312.351,880884
-123.736,44.491,311.788,880905
-123.026,44.908,311.156,880926
-121.879,45.464,310.802,880947
-121.254,45.938,310.095,880968
-120.476,46.257,309.480,880989
-119.464,46.825,309.011,881010
-118.735,47.068,308.392,881031
-117.826,47.459,307.907,881052
-117.482,47.967,307.050,881073
-116.756,48.416,306.485,881094
-116.102,48.831,305.845,881115
-115.563,49.270,305.138,881136
-115.547,49.584,304.062,881157
-115.616,49.817,302.917,881178
-115.639,49.853,301.869,881199
-115.356,50.130,301.065,881220
-115.307,50.010,300.122,881241
-115.601,50.022,298.962,881262
-115.421,49.985,298.198,881283
-115.794,49.935,297.056,881304
-115.984,50.030,296.092,881325
-116.005,50.079,295.260,881346
-116.018,50.120,294.454,881367
-116.402,49.862,293.380,881388
-116.728,49.552,292.344,881409
-117.133,49.239,291.256,881430
-117.375,48.908,290.308,881451
-117.990,48.544,289.085,881472
-118.794,48.391,287.718,881493
-119.680,48.180,286.284,881514
-120.571,48.014,284.833,881535
-121.454,47.747,283.440,881556
-122.184,47.679,282.135,881577
-122.532,47.350,281.136,881598
-123.268,46.924,279.842,881619
-123.871,46.441,278.659,881640
-124.583,45.979,277.400,881661
-124.955,45.799,276.378,881682
-125.398,45.651,275.284,881703
-125.895,45.572,274.133,881724
-126.677,45.476,272.770,881745
-127.298,45.466,271.510,881766
-127.927,45.209,270.226,881787
-128.353,44.894,269.099,881808
-128.354,44.714,268.281,881829
-128.343,44.790,267.461,881850
-128.213,44.769,266.737,881871
-128.158,45.057,265.986,881892
-128.311,45.102,265.062,881913
-128.066,45.132,264.451,881934
-127.774,45.197,263.864,881955
-127.767,45.640,263.062,881976
-127.672,45.879,262.339,881997
-127.171,46.081,261.912,882018
-126.625,46.573,261.504,882039
-126.120,47.066,261.053,882060
-126.005,47.432,260.341,882081
-125.383,47.677,259.966,882102
-125.236,48.050,259.256,882123
-124.778,48.368,258.782,882144
-124.708,48.428,258.031,882165
-124.167,48.346,257.657,882186
-124.123,48.278,256.875,882207
-124.100,48.183,256.099,882228
-124.165,48.103,255.241,882249
-123.912,47.756,254.599,882270
-124.062,47.652,253.629,882291
-123.738,47.484,253.006,882312
-123.527,47.091,252.322,882333
-123.783,46.906,251.288,882354
-123.635,46.711,250.539,882375
-123.878,46.643,249.488,882396
-124.275,46.299,248.320,882417
-124.213,45.981,247.472,882438
-124.411,45.497,246.456,882459
-124.542,45.415,245.481,882480
-124.546,45.145,244.599,882501
-125.022,45.086,243.379,882522
-125.576,45.025,242.107,882543
-125.845,45.057,241.028,882564
-126.444,45.004,239.702,882585
-126.726,44.727,238.564,882606
-127.305,44.673,237.246,882627
-127.900,44.848,235.895,882648
-128.088,44.731,234.811,882669
-128.177,44.815,233.788,882690
-128.356,45.160,232.654,882711
-128.912,45.572,231.258,882732
-129.283,46.084,229.952,882753
-129.398,46.492,228.863,882774
-129.890,47.117,227.465,882795
-130.452,47.418,226.041,882816
-131.164,47.789,224.473,882837
-131.452,48.047,223.229,882858
-131.659,48.522,222.026,882879
-132.242,48.796,220.538,882900
-132.524,49.329,219.284,882921
-132.929,49.871,217.901,882942
-133.166,50.324,216.623,882963
-133.567,50.791,215.207,882984
-134.178,50.947,213.571,883005
-134.567,50.922,212.103,883026
-135.001,50.925,210.590,883047
-135.055,51.145,209.359,883068
-134.993,51.162,208.212,883089
-135.094,51.024,206.952,883110
-135.613,51.209,205.396,883131
-135.735,51.382,204.161,883152
-135.792,51.406,203.018,883173
-135.980,51.464,201.751,883194
-135.958,51.231,200.646,883215
-136.194,50.851,199.311,883236
-136.355,50.466,198.005,883257
-136.124,50.326,196.964,883278
-136.329,50.229,195.574,883299
-135.846,49.845,194.708,883320
-135.518,49.807,193.716,883341
-135.149,49.758,192.742,883362
-134.620,49.696,191.909,883383
-134.208,49.679,190.972,883404
-133.827,49.283,190.015,883425
-133.234,48.850,189.196,883446
-132.828,48.477,188.233,883467
-132.053,48.184,187.538,883488
-131.434,47.832,186.735,883509
-131.139,47.889,185.677,883530
-129.073,48.221,186.101,883551
-127.491,48.316,186.152,883572
-125.659,48.617,186.404,883593
-123.957,48.653,186.563,883614
-122.856,48.704,186.302,883635
-121.460,48.703,186.289,883656
-120.156,48.774,186.228,883677
-118.991,48.753,186.107,883698
-117.960,48.830,185.892,883719
-117.066,48.976,185.608,883740
-116.226,48.893,185.237,883761
-115.944,48.798,184.473,883782
-115.724,48.884,183.650,883803
-115.422,48.971,182.931,883824
-115.403,48.619,182.023,883845
-115.666,48.363,180.918,883866
-116.134,48.171,179.672,883887
-116.247,48.070,178.704,883908
-116.956,47.840,177.272,883929
-117.747,47.583,175.769,883950
-118.562,47.580,174.235,883971
-119.156,47.141,172.884,883992
-120.242,47.011,171.163,884013
-121.094,46.559,169.646,884034
-122.333,46.431,167.827,884055
-123.158,45.953,166.292,884076
-123.877,45.634,164.829,884097
-124.908,45.616,163.117,884118
-125.621,45.486,161.649,884139
-126.689,45.482,159.939,884160
-127.271,45.294,158.560,884181
-128.293,45.081,156.857,884202
-129.319,44.931,155.137,884223
-129.809,44.830,153.818,884244
-130.439,44.540,152.357,884265
-131.254,44.345,151.575,884286
-132.215,43.946,150.644,884307
-133.096,43.703,149.753,884328
-133.831,43.825,148.908,884349
-134.470,43.738,148.111,884370
-135.038,43.752,147.337,884391
-135.214,44.024,146.790,884412
-135.366,44.371,146.253,884433
-135.201,44.396,145.901,884454
-134.943,44.623,145.580,884475
-134.809,44.590,145.440,884496
-134.489,44.644,145.408,884517
-134.162,45.090,145.377,884538
-134.172,45.499,145.080,884559
-134.045,46.028,144.843,884580
-133.913,46.482,144.575,884601
-133.238,46.881,144.649,884622
-132.969,47.408,144.411,884643
-132.431,47.500,144.363,884664
-131.680,47.723,144.477,884685
-130.930,47.843,144.576,884706
-130.393,47.875,144.471,884727
-129.942,48.307,144.264,884748
-129.236,48.636,144.221,884769
-128.525,48.631,144.152,884790
-128.153,48.954,143.829,884811
-128.083,49.140,143.252,884832
-127.551,49.268,143.021,884853
-127.100,49.096,142.697,884874
-127.105,48.944,142.022,884895
-127.206,48.806,141.265,884916
-126.908,48.711,140.790,884937
-126.898,48.761,140.072,884958
-126.817,48.420,139.379,884979
-127.132,48.452,138.370,885000
-127.528,48.115,137.313,885021
-127.856,48.153,136.324,885042
-128.267,47.837,135.247,885063
-128.670,47.538,134.179,885084
-128.865,47.159,133.279,885105
-129.025,46.795,132.387,885126
-129.091,46.732,131.547,885147
-129.111,46.614,130.743,885168
-129.640,46.514,129.538,885189
-129.871,46.176,128.545,885210
-130.342,46.048,127.366,885231
-130.767,45.991,126.237,885252
-131.157,46.048,125.138,885273
-131.180,45.793,124.305,885294
-131.319,46.026,123.396,885315
-131.001,45.967,122.816,885336
-130.626,46.084,122.308,885357
-130.377,46.357,121.670,885378
-129.940,46.471,121.183,885399
-129.800,46.769,120.461,885420
-129.894,46.859,119.575,885441
-129.486,46.742,119.070,885462
-129.048,46.569,118.573,885483
-129.080,46.509,117.704,885504
-128.619,46.567,117.181,885525
-128.164,46.405,116.639,885546
-128.124,46.631,115.766,885567
-127.957,46.902,114.997,885588
-127.621,47.156,114.346,885609
-127.494,47.051,113.509,885630
-127.401,46.970,112.668,885651
-127.304,46.825,111.825,885672
-126.978,46.613,111.124,885693
-126.590,46.497,110.458,885714
-126.286,46.483,109.728,885735
-126.342,46.677,108.723,885756
-126.094,46.570,107.948,885777
-126.356,46.682,106.786,885798
-126.602,46.584,105.620,885819
-126.868,46.682,104.448,885840
-127.089,46.596,103.287,885861
-127.215,46.416,102.221,885882
-127.421,46.269,101.067,885903
-127.282,46.347,100.139,885924
-127.106,46.409,99.231,885945
-126.978,46.435,98.288,885966
-127.028,46.130,97.193,885987
-126.822,45.895,96.259,886008
-127.074,45.945,95.021,886029
-127.262,45.767,93.874,886050
-127.359,45.498,92.804,886071
-127.267,45.613,91.849,886092
-127.473,45.551,90.706,886113
-127.143,45.388,89.932,886134
-126.836,45.502,89.136,886155
-126.534,45.661,88.328,886176
-126.288,45.861,87.482,886197
-125.929,46.035,86.710,886218
-125.670,45.872,85.823,886239
-125.703,45.747,84.731,886260
-125.760,45.641,83.624,886281
-125.537,45.590,82.672,886302
-125.694,45.548,81.436,886323
-125.922,45.611,80.125,886344
-125.619,45.696,79.170,886365
-125.272,45.823,78.244,886386
-125.379,45.838,76.995,886407
-125.123,46.040,75.985,886428
-124.757,46.116,75.062,886449
-124.882,46.130,73.772,886470
-125.020,46.197,72.451,886491
-124.655,46.042,71.489,886512
-124.465,45.807,70.344,886533
-124.326,45.555,69.121,886554
-124.134,45.298,67.914,886575
-123.860,45.293,66.726,886596
-123.965,45.503,65.249,886617
-124.180,45.633,63.659,886638
-124.475,45.603,62.024,886659
-124.754,45.519,60.372,886680
-124.657,45.228,58.980,886701
-124.856,44.983,57.360,886722
-125.032,44.679,55.728,886743
-125.029,44.705,54.209,886764
-124.976,44.648,52.745,886785
-124.866,44.553,51.324,886806
-124.720,44.304,49.913,886827
-125.089,44.196,48.154,886848
-125.459,44.089,46.394,886869
-125.619,43.688,44.784,886890
-125.903,43.468,43.095,886911
-126.128,43.186,41.472,886932
-125.986,42.811,40.116,886953
-126.082,42.852,38.603,886974
-125.819,42.586,37.335,886995
-125.776,42.715,35.926,887016
-125.696,42.465,34.524,887037
-125.577,42.284,33.179,887058
-125.782,42.386,31.628,887079
-125.990,42.537,30.097,887100
-125.765,42.692,28.856,887121
-125.551,42.790,27.619,887142
-125.590,42.845,26.189,887163
-125.410,43.283,24.904,887184
-125.313,43.796,23.569,887205
-125.178,44.327,22.257,887226
-125.294,44.859,20.771,887247
-124.273,45.445,20.323,887268
-123.699,45.818,19.554,887289
-122.804,46.213,19.008,887310
-122.003,46.605,18.372,887331
-121.827,46.996,17.249,887352
-121.294,47.155,16.379,887373
-120.775,47.283,15.465,887394
-120.494,47.771,14.345,887415
-120.312,48.206,13.134,887436
-120.372,48.477,11.730,887457
-120.469,48.519,10.321,887478
-120.605,48.385,8.855,887499
-120.877,48.473,7.278,887520
-121.275,48.223,5.568,887541
-121.282,47.979,4.129,887562
-121.375,47.610,2.604,887583
-121.586,47.338,0.964,887604
-121.970,47.148,359.171,887625
-122.472,46.998,357.277,887646
-123.119,46.496,355.281,887667
-123.762,45.996,353.256,887688
-124.147,45.437,351.403,887709
-124.619,44.909,349.457,887730
-125.000,44.335,347.524,887751
-125.549,43.769,345.453,887772
-125.700,43.301,343.606,887793
-125.860,42.883,341.656,887814
-126.774,42.153,340.666,887835
-127.760,41.156,339.521,887856
-128.398,40.537,338.513,887877
-128.807,39.983,337.585,887898
-129.462,39.483,336.471,887919
-129.960,39.003,335.377,887940
-130.095,38.502,334.482,887961
-130.068,38.159,333.635,887982
-129.830,38.308,332.882,888003
-129.433,38.362,332.211,888024
-129.460,38.703,331.226,888045
-129.404,38.430,330.802,888066
-129.466,38.696,330.279,888087
-129.547,38.934,329.699,888108
-129.339,39.492,329.262,888129
-128.990,40.129,328.905,888150
-128.659,40.878,328.517,888171
-128.115,41.537,328.249,888192
-127.860,42.413,327.746,888213
-127.409,43.241,327.370,888234
-127.170,44.154,326.823,888255
-127.073,44.700,326.144,888276
-126.836,45.200,325.513,888297
-126.674,45.732,324.814,888318
-126.336,46.253,324.240,888339
-126.204,46.798,323.506,888360
-125.698,47.500,323.013,888381
-125.269,48.201,322.462,888402
-125.058,48.923,321.706,888423
-125.113,49.286,320.741,888444
-125.060,49.826,319.845,888465
-124.978,50.280,318.983,888486
-124.849,50.669,318.139,888507
-124.879,50.602,317.184,888528
-124.609,50.617,316.451,888549
-124.594,50.412,315.519,888570
-124.329,50.247,314.737,888591
-124.076,50.144,313.962,888612
-123.893,49.839,313.152,888633
-124.155,49.546,311.996,888654
-124.424,49.302,310.850,888675
-124.698,48.978,309.708,888696
-124.995,48.740,308.585,888717
-125.239,48.526,307.485,888738
-125.058,48.020,306.662,888759
-125.101,47.544,305.682,888780
-125.316,47.266,304.583,888801
-125.033,47.028,303.884,888822
-124.808,46.906,303.168,888843
-124.935,46.720,302.194,888864
-124.846,46.762,301.403,888885
-124.354,46.692,300.897,888906
-123.873,46.418,300.384,888927
-123.355,46.223,299.902,888948
-123.291,46.193,299.097,888969
-122.819,46.046,298.549,888990
-122.338,45.931,298.034,889011
-121.839,45.873,297.523,889032
-121.615,46.192,296.837,889053
-121.369,46.496,296.158,889074
-121.399,46.689,295.231,889095
-121.454,46.805,294.268,889116
-121.566,46.861,293.272,889137
-121.488,47.161,292.411,889158
-121.182,47.053,291.733,889179
-121.159,46.944,290.847,889200
-120.982,46.756,290.070,889221
-120.803,46.929,289.257,889242
-120.979,47.110,288.157,889263
-121.242,47.243,286.973,889284
-121.561,47.336,285.742,889305
-121.674,47.064,284.698,889326
-121.753,47.124,283.662,889347
-122.193,46.845,282.370,889368
-122.586,46.476,281.081,889389
-122.890,46.111,279.852,889410
-123.633,46.026,278.335,889431
-124.156,46.021,276.970,889452
-124.836,45.998,275.481,889473
-125.291,45.964,274.155,889494
-126.065,45.725,272.626,889515
-126.313,45.336,271.480,889536
-126.486,45.020,270.380,889557
-126.665,44.899,269.280,889578
-126.837,44.536,268.184,889599
-127.165,44.570,266.973,889620
-127.385,44.625,265.816,889641
-127.921,44.565,264.454,889662
-128.289,44.730,263.217,889683
-128.748,44.784,261.888,889704
-128.983,44.619,260.735,889725
-129.008,44.448,259.721,889746
-128.848,44.663,258.789,889767
-128.559,44.828,257.943,889788
-128.481,44.792,256.930,889809
-128.168,45.148,256.070,889830
-127.820,45.566,255.244,889851
-127.611,45.683,254.294,889872
-127.474,46.258,253.289,889893
-127.044,46.772,252.473,889914
-126.846,47.376,251.449,889935
-126.655,47.592,250.389,889956
-126.162,47.878,249.519,889977
-125.757,48.291,248.526,889998
-125.808,48.551,247.177,890019
-126.049,49.069,245.649,890040
-126.108,49.687,244.233,890061
-126.465,50.238,242.521,890082
-126.412,50.484,241.107,890103
-126.967,50.736,239.178,890124
-127.534,50.885,237.214,890145
-128.209,50.954,235.123,890166
-128.687,51.270,233.140,890187
-129.316,51.516,231.014,890208
-130.273,51.271,229.049,890229
-130.973,50.914,227.242,890250
-131.762,50.207,225.338,890271
-132.406,49.455,223.517,890292
-132.857,48.730,221.827,890313
-133.382,47.964,220.064,890334
-133.754,47.214,218.369,890355
-133.818,46.546,216.900,890376
-134.081,46.247,215.249,890397
-134.091,45.945,213.767,890418
-133.954,45.639,212.408,890439
-134.286,45.322,210.708,890460
-134.212,45.202,209.265,890481
-134.135,45.188,207.813,890502
-134.289,45.072,206.180,890523
-134.264,44.884,204.689,890544
-134.073,44.727,203.288,890565
-132.506,45.140,203.152,890586
-130.755,45.492,203.193,890607
-129.050,45.883,203.195,890628
-127.979,46.303,202.766,890649
-126.802,46.518,202.406,890670
-125.975,47.006,201.777,890691
-125.136,47.290,201.160,890712
-124.361,47.562,200.483,890733
-123.300,47.749,199.998,890754
-122.234,47.967,199.488,890775
-121.537,48.075,198.698,890796
-120.778,48.447,197.909,890817
-120.185,48.813,196.974,890838
-119.691,49.097,195.972,890859
-119.249,49.271,194.936,890880
-119.017,49.547,193.780,890901
-119.238,49.778,192.275,890922
-119.491,49.833,190.752,890943
-119.802,49.686,189.209,890964
-120.191,49.481,187.585,890985
-120.556,49.114,185.981,891006
-120.732,48.931,184.525,891027
-121.412,48.445,182.688,891048
-122.183,47.928,180.797,891069
-123.114,47.476,178.795,891090
-124.084,46.992,176.773,891111
-125.045,46.788,174.749,891132
-125.635,46.211,172.997,891153
-126.146,45.812,171.315,891174
-126.690,45.517,169.590,891195
-127.128,45.155,167.953,891216
-127.907,44.607,167.017,891237
-128.989,43.913,165.831,891258
-130.028,43.521,164.701,891279
-130.806,42.979,163.729,891300
-131.654,42.715,162.719,891321
-132.458,42.578,161.713,891342
-133.138,42.620,160.754,891363
-133.290,42.474,160.164,891384
-133.622,42.339,159.463,891405
-133.783,42.676,158.846,891426
-133.902,43.101,158.247,891447
-134.064,43.603,157.602,891468
-134.285,44.013,157.258,891489
-134.517,44.073,156.905,891510
-134.315,44.456,156.832,891531
-134.246,44.633,156.640,891552
-134.125,44.900,156.449,891573
-133.655,45.525,156.460,891594
-133.078,46.144,156.502,891615
-132.421,46.729,156.548,891636
-131.644,47.234,156.617,891657
-131.337,47.618,156.309,891678
-130.921,48.176,156.018,891699
-130.453,48.464,155.695,891720
-129.697,48.929,155.519,891741
-128.782,49.338,155.378,891762
-127.917,49.575,155.341,891783
-126.974,49.395,155.368,891804
-125.995,49.265,155.381,891825
-125.209,49.018,155.252,891846
-124.606,49.147,154.942,891867
-124.344,49.019,154.362,891888
-124.073,48.717,153.784,891909
-123.968,48.474,153.060,891930
-123.450,48.146,152.648,891951
-123.265,47.647,152.008,891972
-122.894,47.391,151.512,891993
-122.675,47.230,150.900,892014
-122.611,47.111,150.155,892035
-122.361,46.776,149.533,892056
-122.201,46.505,148.848,892077
-122.589,46.303,147.763,892098
-122.552,45.901,146.981,892119
-123.024,45.643,145.836,892140
-123.510,45.388,144.693,892161
-123.946,45.109,143.591,892182
-124.281,44.843,142.551,892203
-124.413,44.679,141.679,892224
-124.618,44.845,140.736,892245
-125.196,44.977,139.556,892266
-125.508,45.291,138.578,892287
-125.614,45.440,137.725,892308
-126.179,45.600,136.557,892329
-126.574,45.973,135.487,892350
-126.633,46.091,134.631,892371
-126.757,46.354,133.751,892392
-127.055,46.270,132.747,892413
-126.977,46.342,132.002,892434
-127.317,46.332,130.954,892455
-127.655,46.646,129.883,892476
-128.043,46.774,128.824,892497
-128.405,46.865,127.742,892518
-128.701,47.179,126.713,892539
-128.914,47.132,125.747,892560
-129.261,47.240,124.663,892581
-129.361,47.126,123.768,892602
-129.079,47.144,123.143,892623
-128.809,47.178,122.484,892644
-128.553,47.045,121.795,892665
-128.299,46.934,121.104,892686
-128.365,47.157,120.182,892707
-128.383,46.940,119.264,892728
-128.556,46.998,118.247,892749
-128.220,47.001,117.574,892770
-128.124,46.734,116.700,892791
-127.845,46.589,115.951,892812
-127.553,46.539,115.171,892833
-127.504,46.288,114.202,892854
-127.727,46.242,113.027,892875
-127.890,46.037,111.885,892896
-128.053,46.056,110.719,892917
-127.948,46.115,109.743,892938
-128.107,46.118,108.554,892959
-128.312,45.960,107.308,892980
-128.318,45.651,106.170,893001
-128.559,45.681,104.858,893022
-128.282,45.577,103.900,893043
-128.002,45.471,102.916,893064
-127.732,45.427,101.882,893085
-127.779,45.258,100.592,893106
-127.861,45.092,99.244,893127
-128.122,45.123,97.760,893148
-127.875,45.139,96.617,893169
-127.966,44.961,95.212,893190
-127.941,45.154,93.875,893211
-128.457,45.438,92.620,893232
-129.843,46.024,91.106,893253
-131.359,46.829,89.446,893274
-132.282,47.271,88.182,893295
-133.124,47.774,86.934,893316
-134.240,48.226,85.429,893337
-134.976,48.632,84.179,893358
-135.856,48.849,82.774,893379
-136.661,48.777,81.399,893400
-137.311,48.576,80.115,893421
-137.889,48.338,78.859,893442
-137.885,48.141,78.008,893463
-137.856,47.924,77.143,893484
-137.545,47.410,76.488,893505
-137.362,47.175,75.726,893526
-137.273,46.921,74.900,893547
-136.869,46.311,74.290,893568
-136.328,45.702,73.761,893589
-135.706,45.127,73.301,893610
-135.037,44.869,72.871,893631
-134.312,44.478,72.510,893652
-133.452,44.259,72.234,893673
-132.527,44.190,72.005,893694
-131.506,44.133,71.824,893715
-131.249,44.239,71.064,893736
-130.581,44.136,70.565,893757
-130.071,44.425,69.962,893778
-129.593,44.623,69.323,893799
-128.584,44.600,69.051,893820
-128.102,44.727,68.415,893841
-127.176,44.639,68.070,893862
-126.299,44.886,67.697,893883
-125.403,45.094,67.303,893904
-124.561,45.257,66.875,893925
-124.231,45.444,66.087,893946
-123.578,45.724,65.539,893967
-123.039,45.569,64.895,893988
-122.371,45.349,64.319,894009
-121.914,45.128,63.576,894030
-121.573,45.223,62.746,894051
-120.900,44.938,62.115,894072
-120.132,44.831,61.576,894093
-119.812,44.591,60.714,894114
-119.541,44.681,59.814,894135
-118.976,44.506,59.105,894156
-118.939,44.626,58.042,894177
-118.585,44.695,57.191,894198
-118.623,44.553,56.080,894219
-118.777,44.835,54.872,894240
-119.041,44.757,53.599,894261
-119.273,44.635,52.330,894282
-119.403,44.881,51.155,894303
-119.642,45.114,49.890,894324
-119.831,45.210,48.710,894345
-120.560,45.422,47.159,894366
-121.299,45.476,45.617,894387
-122.039,45.539,44.109,894408
-122.716,45.546,42.686,894429
-122.557,45.742,42.161,894450
-122.009,45.940,41.904,894471
-121.487,46.094,41.658,894492
-121.091,46.345,41.329,894513
-120.824,46.601,40.917,894534
-120.587,46.576,40.471,894555
-120.824,46.805,39.673,894576
-120.620,46.849,39.208,894597
-120.969,46.915,38.303,894618
-121.275,46.877,37.438,894639
-121.457,47.139,36.668,894660
-121.665,46.985,35.875,894681
-121.696,47.133,35.203,894702
-122.171,47.378,34.219,894723
-122.669,47.597,33.213,894744
-122.879,47.675,32.410,894765
-123.090,47.727,31.611,894786
-123.700,47.559,30.488,894807
-123.844,47.211,29.680,894828
-123.847,47.008,28.952,894849
-123.731,46.731,28.310,894870
-123.361,46.648,27.864,894891
-122.989,46.470,27.400,894912
-122.574,46.445,26.947,894933
-122.641,46.321,26.123,894954
-122.768,46.352,25.241,894975
-122.926,46.339,24.337,894996
-123.126,46.267,23.401,895017
-123.269,45.997,22.462,895038
-123.585,45.815,21.393,895059
-123.490,45.575,20.583,895080
-123.429,45.308,19.764,895101
-123.479,45.325,18.868,895122
-123.494,45.279,17.972,895143
-123.816,45.360,16.862,895164
-123.881,45.381,15.906,895185
-124.234,45.187,14.741,895206
-124.615,45.070,13.523,895227
-124.505,44.916,12.638,895248
-124.840,44.768,11.410,895269
-125.214,44.689,10.141,895290
-125.484,44.827,8.920,895311
-125.420,44.811,7.904,895332
-125.302,44.745,6.914,895353
-125.508,44.858,5.673,895374
-125.785,44.699,4.351,895395
-125.810,44.400,3.135,895416
-125.660,44.140,2.005,895437
-126.291,43.617,1.731,895458
-126.516,43.221,1.526,895479
-126.658,42.666,1.300,895500
-127.143,42.168,0.792,895521
-127.226,41.999,0.492,895542
-127.600,41.766,359.936,895563
-127.673,41.805,359.551,895584
-127.608,41.937,359.207,895605
-127.766,42.021,358.696,895626
-127.698,41.935,358.311,895647
-127.493,41.899,357.971,895668
-127.072,42.101,357.746,895689
-126.883,42.223,357.353,895710
-126.470,42.377,357.047,895731
-126.129,42.928,356.670,895752
-125.654,43.442,356.376,895773
-125.477,44.036,355.851,895794
-125.239,44.652,355.356,895815
-124.957,45.291,354.879,895836
-124.556,45.859,354.478,895857
-124.465,46.156,353.804,895878
-124.381,46.413,353.118,895899
-123.915,46.811,352.676,895920
-123.639,47.326,352.078,895941
-123.398,47.789,351.476,895962
-123.489,47.916,350.613,895983
-123.713,48.063,349.626,896004
-123.928,48.091,348.645,896025
-124.205,48.268,347.608,896046
-124.342,48.097,346.673,896067
-124.360,47.829,345.814,896088
-124.293,47.900,345.029,896109
-124.291,47.561,344.160,896130
-124.143,47.468,343.391,896151
-124.116,47.469,342.526,896172
-124.000,47.403,341.715,896193
-124.253,47.121,340.634,896214
-124.560,46.912,339.509,896235
-124.840,46.597,338.379,896256
-125.223,46.514,337.150,896277
-125.125,46.179,336.323,896298
-125.172,45.807,335.362,896319
-125.045,45.577,334.527,896340
-124.934,45.456,333.677,896361
-124.852,45.423,332.789,896382
-125.005,45.498,331.694,896403
-125.352,45.364,330.463,896424
-125.309,45.420,329.516,896445
-125.440,45.226,328.465,896466
-125.692,45.376,327.331,896487
-125.679,45.276,326.378,896508
-125.878,45.550,325.276,896529
-125.580,45.739,324.512,896550
-125.549,45.688,323.545,896571
-125.309,45.997,322.714,896592
-125.476,46.272,321.571,896613
-125.201,46.658,320.757,896634
-125.234,46.789,319.712,896655
-124.847,46.989,318.982,896676
-124.431,47.181,318.281,896697
-123.961,47.372,317.635,896718
-123.718,47.504,316.828,896739
-123.705,47.915,315.819,896760
-123.252,48.334,315.124,896781
-122.762,48.736,314.414,896802
-122.739,49.094,313.351,896823
-122.746,49.360,312.262,896844
-122.644,49.419,311.272,896865
-122.220,49.711,310.537,896886
-121.680,49.656,309.889,896907
-121.135,49.622,309.240,896928
-120.679,49.720,308.475,896949
-120.204,49.730,307.693,896970
-120.120,49.404,306.613,896991
-120.205,49.222,305.399,897012
-120.250,48.869,304.206,897033
-120.333,48.605,303.007,897054
-120.359,48.120,301.865,897075
-120.469,47.647,300.653,897096
-120.587,47.522,299.415,897117
-120.425,47.174,298.360,897138
-120.852,46.972,296.852,897159
-121.003,46.364,295.546,897180
-121.100,46.146,294.264,897201
-121.416,45.580,292.822,897222
-121.506,45.322,291.558,897243
-122.003,44.956,289.990,897264
-122.526,44.740,288.442,897285
-122.981,44.381,286.947,897306
-123.115,44.012,285.669,897327
-123.254,43.974,284.367,897348
-123.449,44.026,283.039,897369
-123.761,43.775,281.627,897390
-123.859,43.858,280.352,897411
-124.366,43.871,278.807,897432
-124.595,44.122,277.483,897453
-124.791,44.426,276.187,897474
-125.152,44.411,274.788,897495
-125.140,44.556,273.635,897516
-125.095,44.769,272.496,897537
-125.109,45.176,271.317,897558
-125.354,45.712,269.967,897579
-125.671,46.210,268.569,897600
-125.877,46.776,267.263,897621
-125.976,46.968,266.060,897642
-126.216,47.282,264.769,897663
-126.378,47.501,263.555,897684
-126.102,47.876,262.682,897705
-125.783,48.175,261.830,897726
-125.407,48.471,261.024,897747
-125.051,48.814,260.196,897768
-124.810,48.810,259.302,897789
-124.709,49.202,258.256,897810
-124.783,49.346,257.101,897831
-124.601,49.653,256.138,897852
-124.314,49.491,255.255,897873
-123.924,49.316,254.446,897894
-124.058,49.341,253.241,897915
-123.647,49.202,252.434,897936
-123.612,48.952,251.324,897957
-123.149,48.753,250.574,897978
-123.173,48.733,249.449,897999
-122.939,48.352,248.527,898020
-122.375,48.114,247.828,898041
-121.912,48.116,247.068,898062
-121.731,47.811,246.096,898083
-121.545,47.818,245.135,898104
-121.182,47.852,244.325,898125
-120.590,47.660,243.645,898146
-120.036,47.475,242.937,898167
-119.944,47.227,241.856,898188
-119.922,47.233,240.713,898209
-119.692,47.329,239.735,898230
-119.212,47.305,238.935,898251
-117.876,47.183,239.284,898272
-116.698,47.130,239.550,898293
-115.210,47.055,240.024,898314
-113.970,47.032,240.342,898335
-112.969,46.926,240.499,898356
-112.040,46.984,240.597,898377
-111.224,47.177,240.596,898398
-110.560,47.292,240.497,898419
-110.023,47.543,240.312,898440
-110.134,47.893,239.640,898461
-109.926,48.149,239.190,898482
-109.994,48.161,238.557,898503
-110.585,48.511,237.535,898524
-111.286,48.831,236.450,898545
-111.648,48.854,235.620,898566
-112.096,49.173,234.734,898587
-113.147,49.364,233.397,898608
-114.261,49.613,231.998,898629
-115.083,49.515,230.850,898650
-116.275,49.777,229.427,898671
-117.655,49.612,227.864,898692
-119.152,49.403,226.223,898713
-120.596,49.095,224.614,898734
-122.128,48.776,222.917,898755
-123.646,48.752,221.214,898776
-124.969,48.303,219.669,898797
-126.417,47.945,218.028,898818
-127.366,47.532,216.766,898839
-128.777,47.269,215.173,898860
-130.093,47.081,213.657,898881
-130.823,46.817,212.550,898902
-131.816,46.396,211.279,898923
-132.659,45.924,210.103,898944
-133.124,45.668,209.223,898965
-133.639,45.565,208.290,898986
-133.985,45.443,207.478,899007
-134.700,45.356,206.372,899028
-135.308,45.281,205.324,899049
-135.271,45.107,204.721,899070
-135.656,45.215,203.819,899091
-135.910,45.191,203.023,899112
-135.605,45.190,202.612,899133
-135.527,45.547,202.062,899154
-135.053,45.611,201.782,899175
-135.049,45.866,201.193,899196
-134.894,46.116,200.708,899217
-134.120,46.480,200.676,899238
-133.253,46.743,200.694,899259
-132.553,47.263,200.632,899280
-132.075,47.771,200.401,899301
-131.331,48.223,200.369,899322
-130.460,48.304,200.419,899343
-130.012,48.713,200.144,899364
-129.572,48.777,199.842,899385
-128.715,48.989,199.838,899406
-128.409,49.203,199.420,899427
-127.609,49.112,199.391,899448
-127.323,49.094,198.964,899469
-126.615,49.189,198.835,899490
-126.096,48.931,198.557,899511
-125.576,49.012,198.262,899532
-125.340,49.023,197.746,899553
-124.990,48.630,197.318,899574
-124.412,48.357,197.029,899595
-124.297,48.010,196.401,899616
-123.779,47.768,196.070,899637
-123.855,47.638,195.286,899658
-123.532,47.193,194.784,899679
-123.711,47.066,193.910,899700
-124.013,46.865,192.941,899721
-123.929,46.763,192.242,899742
-123.997,46.368,191.461,899763
-124.470,46.158,190.407,899784
-124.677,45.796,189.547,899805
-124.698,45.670,188.814,899826
-124.981,45.759,187.900,899847
-125.264,45.858,186.975,899868
-125.554,45.978,186.049,899889
-125.861,46.130,185.156,899910
-126.353,46.374,184.133,899931
-127.010,46.567,182.998,899952
-127.140,46.552,182.246,899973
-127.400,46.493,181.422,899994
-127.813,46.473,180.503,900015
-128.338,46.516,179.490,900036
-128.578,46.477,178.698,900057
-129.095,46.734,177.710,900078
-129.241,46.687,177.009,900099
-129.675,46.918,176.112,900120
-129.673,47.211,175.526,900141
-129.742,47.145,174.916,900162
-129.804,47.548,174.313,900183
-129.479,47.699,173.989,900204
-129.068,47.870,173.719,900225
-128.795,48.181,173.371,900246
-128.510,48.478,173.033,900267
-128.633,48.578,172.395,900288
-128.499,48.479,171.973,900309
-128.225,48.751,171.673,900330
-128.205,48.799,171.199,900351
-127.812,48.559,171.029,900372
-127.369,48.638,170.878,900393
-126.993,48.305,170.662,900414
-126.628,48.364,170.445,900435
-126.042,48.178,170.361,900456
-125.932,47.891,169.951,900477
-125.684,47.511,169.633,900498
-125.597,47.250,169.208,900519
-125.596,47.168,168.723,900540
-125.505,47.208,168.316,900561
-125.524,47.000,167.817,900582
-125.082,46.882,167.667,900603
-124.856,46.520,167.361,900624
-124.455,46.371,167.183,900645
-124.162,46.416,166.935,900666
-124.238,46.474,166.426,900687
-124.125,46.159,166.095,900708
-124.190,46.273,165.640,900729
-124.328,46.389,165.113,900750
-124.066,46.343,164.870,900771
-124.084,46.070,164.428,900792
-124.087,46.255,163.998,900813
-124.290,45.979,163.546,900834
-124.470,45.428,163.122,900855
-124.786,45.002,162.626,900876
-124.757,44.868,162.376,900897
-125.226,44.654,161.750,900918
-125.473,44.340,161.343,900939
-125.881,44.226,160.812,900960
-125.964,44.415,160.512,900981
-125.820,44.548,160.341,901002
-125.535,44.589,160.277,901023
-125.223,44.610,160.191,901044
-124.883,44.612,160.116,901065
-124.588,44.779,160.003,901086
-124.328,45.032,159.838,901107
-124.512,45.115,159.364,901128
-124.651,45.105,158.862,901149
-124.643,45.391,158.443,901170
-124.725,45.332,157.923,901191
-124.796,45.294,157.399,901212
-124.456,45.439,157.147,901233
-124.067,45.450,156.952,901254
-123.687,45.436,156.735,901275
-123.769,45.711,156.172,901296
-123.801,46.020,155.644,901317
-123.837,46.026,155.124,901338
-123.796,46.322,154.667,901359
-123.588,46.149,154.303,901380
-123.692,46.162,153.743,901401
-123.361,46.035,153.438,901422
-123.188,45.789,153.044,901443
-122.922,45.699,152.663,901464
-122.833,45.806,152.174,901485
-122.954,46.008,151.537,901506
-123.418,46.012,150.702,901527
-123.895,45.953,149.863,901548
-124.254,46.025,149.129,901569
-124.648,46.037,148.356,901590
-124.927,45.658,147.660,901611
-125.287,45.337,146.881,901632
-125.207,45.065,146.392,901653
-125.108,44.744,145.907,901674
-125.004,44.437,145.371,901695
-125.401,44.275,144.491,901716
-125.503,43.808,143.793,901737
-125.885,43.619,142.893,901758
-125.901,43.593,142.227,901779
-125.946,43.166,141.516,901800
-126.106,42.808,140.709,901821
-126.029,42.761,140.040,901842
-125.922,42.529,139.365,901863
-125.804,42.563,138.661,901884
-126.097,42.748,137.709,901905
-126.101,42.998,136.931,901926
-126.331,43.274,135.955,901947
-126.191,43.185,135.233,901968
-126.481,43.290,134.196,901989
-126.808,43.435,133.110,902010
-126.929,43.343,132.153,902031
-127.311,43.409,131.020,902052
-127.276,43.380,130.161,902073
-127.307,43.467,129.264,902094
-127.293,43.457,128.405,902115
-127.658,43.509,127.280,902136
-127.995,43.134,126.204,902157
-128.295,42.748,125.155,902178
-128.500,42.287,124.180,902199
-128.761,41.845,123.156,902220
-129.023,41.479,122.146,902241
-128.863,41.228,121.431,902262
-128.669,40.820,120.743,902283
-128.463,40.546,120.090,902304
-128.192,40.100,119.469,902325
-128.229,39.950,118.678,902346
-128.135,39.835,117.950,902367
-128.144,39.412,117.165,902388
-128.165,38.960,116.346,902409
-127.962,38.849,115.650,902430
-127.935,38.484,114.848,902451
-127.660,38.384,114.194,902472
-127.510,38.553,113.433,902493
-127.329,38.820,112.664,902514
-127.187,39.249,111.832,902535
-127.295,39.697,110.817,902556
-127.354,40.231,109.818,902577
-127.399,40.709,108.788,902598
-127.406,41.273,107.757,902619
-126.925,41.711,107.000,902640
-126.456,42.281,106.208,902662
-125.996,42.945,105.375,902683
-125.550,43.595,104.504,902704
-125.435,44.589,103.358,902725
-125.034,45.405,102.380,902746
-125.042,46.309,101.093,902767
-124.774,46.777,99.971,902788
-124.677,47.249,98.674,902809
-124.594,47.641,97.355,902830
-124.251,47.881,96.217,902851
-123.857,48.172,95.071,902872
-123.454,48.512,93.897,902893
-123.156,48.838,92.601,902914
-122.887,49.094,91.225,902935
-123.046,49.154,89.523,902956
-123.054,48.922,87.898,902977
-123.233,48.760,86.138,902998
-123.422,48.750,84.380,903019
-123.616,48.402,82.620,903040
-123.551,47.909,81.043,903061
-123.309,47.429,79.572,903082
-123.239,47.242,77.963,903103
-122.942,46.720,76.498,903124
-123.046,46.152,74.754,903145
-123.171,45.637,73.012,903166
-123.295,45.101,71.252,903187
-123.094,44.471,69.747,903208
-123.163,43.898,68.071,903229
-123.343,43.428,66.350,903250
-123.195,43.245,64.857,903271
-122.958,42.925,63.440,903292
-122.714,42.670,62.008,903313
-121.340,42.665,61.938,903334
-120.122,42.780,61.732,903355
-119.431,42.786,61.171,903376
-118.506,43.027,60.742,903397
-117.978,43.323,60.017,903418
-117.607,43.435,59.183,903439
-116.886,43.439,58.568,903460
-116.466,43.439,57.722,903481
-115.885,43.656,57.004,903502
-115.519,44.142,56.101,903523
-115.161,44.611,55.207,903544
-115.012,45.199,54.156,903565
-115.347,45.755,52.748,903586
-115.806,46.124,51.230,903607
-115.927,46.439,49.925,903628
-116.690,46.804,48.151,903649
-117.476,47.044,46.322,903670
-118.023,47.111,44.644,903691
-117.939,47.563,43.382,903712
-117.918,47.787,42.037,903733
-118.465,48.177,40.227,903754
-119.070,48.472,38.332,903775
-119.685,48.550,36.420,903796
-120.447,48.624,34.372,903817
-120.827,48.511,32.568,903838
-121.708,48.353,30.397,903859
-122.399,47.972,28.346,903880
-122.885,47.551,26.427,903901
-123.531,47.425,24.349,903922
-124.464,47.207,22.041,903943
-125.771,46.422,21.215,903964
-127.080,45.653,20.216,903985
-127.935,45.012,19.467,904006
-129.000,44.195,18.485,904027
-129.456,43.495,17.863,904048
-129.771,42.882,17.304,904069
-130.360,42.225,16.513,904090
-130.934,41.752,15.669,904111
-130.997,41.470,15.126,904132
-131.233,41.332,14.397,904153
-131.535,41.050,13.607,904174
-131.724,40.913,12.830,904195
-131.676,40.611,12.171,904216
-131.315,40.371,11.680,904237
-131.173,40.645,11.003,904258
-130.984,40.781,10.308,904279
-130.354,41.149,9.882,904300
-129.611,41.513,9.504,904321
-128.876,42.058,9.084,904342
-128.142,42.700,8.655,904363
-127.353,43.412,8.264,904384
-126.403,44.045,7.958,904405
-125.419,44.638,7.669,904426
-124.440,45.105,7.341,904447
-123.412,45.699,7.049,904468
-122.907,45.853,6.837,904489
-122.188,46.356,6.734,904510
-121.355,46.649,6.689,904531
-120.659,47.078,6.531,904552
-119.914,47.319,6.375,904573
-119.717,47.483,5.786,904594
-119.599,47.565,5.137,904615
-119.553,47.538,4.372,904636
-119.289,47.296,3.735,904657
-119.196,47.073,2.941,904678
-119.315,47.071,1.968,904699
-119.376,46.913,1.006,904720
-119.152,47.031,0.223,904741
-118.823,46.990,359.487,904762
-118.639,47.138,358.646,904783
-118.856,47.261,357.493,904804
-118.655,47.239,356.592,904825
-118.929,47.094,355.308,904846
-119.168,46.849,354.066,904867
-119.440,46.616,352.802,904888
-119.495,46.353,351.694,904909
-119.658,46.121,350.502,904930
-120.172,46.108,349.045,904951
-120.484,46.289,347.734,904972
-120.895,46.496,346.333,904993
-121.316,46.715,344.908,905014
-121.909,46.887,343.331,905035
-122.077,46.913,342.022,905056
-122.230,46.909,340.724,905077
-122.634,46.732,339.248,905098
-122.958,46.580,337.809,905119
-123.075,46.688,336.541,905140
-123.147,46.732,335.307,905161
-123.229,46.624,334.052,905182
-123.424,46.471,332.715,905203
-123.795,46.662,331.235,905224
-124.141,46.862,329.741,905245
-124.245,46.677,328.422,905266
-124.403,46.903,327.056,905287
-124.563,46.758,325.636,905308
-124.381,46.856,324.431,905329
-124.281,46.657,323.181,905350
-124.100,46.775,321.985,905371
-124.063,47.010,320.699,905392
-124.120,46.920,319.377,905413
-124.214,47.062,317.992,905434
-124.174,46.990,316.720,905455
-124.076,46.938,315.494,905476
-123.992,47.079,314.246,905497
-123.433,47.233,313.342,905518
-122.833,47.113,312.476,905539
-122.527,46.951,311.393,905560
-122.000,46.762,310.471,905581
-121.536,46.935,309.494,905602
-121.093,46.657,308.524,905623
-120.578,46.708,307.590,905644
-120.247,46.834,306.476,905665
-119.949,46.927,305.360,905686
-119.632,46.602,304.231,905707
-119.618,46.353,302.900,905728
-119.197,46.258,301.881,905749
-119.108,45.957,300.650,905770
-119.128,46.097,299.341,905791
-119.328,46.127,297.910,905812
-119.321,46.279,296.648,905833
-119.161,46.073,295.497,905854
-119.482,45.954,294.033,905875
-119.555,46.079,292.722,905896
-120.002,45.949,291.134,905917
-120.457,45.789,289.543,905938
-120.655,45.496,288.117,905959
-120.678,45.447,286.824,905980
-120.701,45.388,285.556,906001
-121.192,45.486,283.995,906022
-121.344,45.293,282.686,906043
-121.876,45.431,281.104,906064
-122.429,45.563,279.544,906085
-122.638,45.858,278.216,906106
-122.932,45.800,276.836,906127
-123.347,46.180,275.360,906148
-123.520,46.479,274.066,906169
-123.633,46.408,272.818,906190
-123.687,46.332,271.634,906211
-124.096,46.438,270.217,906232
-124.447,46.473,268.857,906253
-124.352,46.364,267.819,906274
-124.671,46.370,266.519,906295
-124.478,46.278,265.582,906316
-124.575,46.528,264.448,906337
-124.714,46.780,263.290,906358
-124.504,46.660,262.403,906379
-124.544,46.889,261.349,906400
-124.622,47.137,260.232,906421
-124.682,47.377,259.127,906442
-124.722,47.240,258.031,906463
-124.737,47.127,256.962,906484
-124.590,46.936,256.011,906505
-124.581,47.163,254.958,906526
-124.090,47.088,254.253,906547
-123.661,47.244,253.514,906568
-123.416,47.490,252.640,906589
-123.025,47.358,251.897,906610
-122.893,47.217,250.965,906631
-122.909,47.426,249.906,906652
-122.498,47.355,249.152,906673
-122.660,47.379,247.983,906694
-122.552,47.165,247.040,906715
-122.749,47.317,245.852,906736
-122.487,47.203,245.004,906757
-122.623,47.456,243.887,906778
-122.723,47.310,242.794,906799
-122.695,47.488,241.800,906820
-122.746,47.721,240.761,906841
-123.167,47.810,239.440,906862
-123.037,47.856,238.539,906883
-123.031,47.702,237.564,906904
-123.180,47.522,236.469,906925
-123.258,47.319,235.385,906946
-123.014,47.286,234.550,906967
-122.936,47.415,233.572,906988
-123.301,47.477,232.277,907009
-123.716,47.459,230.991,907030
-123.849,47.625,229.884,907051
-124.170,47.437,228.654,907072
-124.416,47.211,227.474,907093
-124.458,46.936,226.448,907114
-124.746,46.692,225.267,907135
-124.816,46.681,224.222,907156
-124.971,46.684,223.043,907177
-124.907,46.970,222.019,907198
-124.839,47.204,221.013,907219
-124.747,47.342,220.017,907240
-125.137,47.465,218.646,907261
-125.506,47.401,217.279,907282
-125.712,47.163,216.006,907303
-125.824,46.920,214.794,907324
-126.195,46.768,213.389,907345
-126.489,46.882,212.022,907366
-126.483,46.870,210.871,907387
-126.591,46.935,209.618,907408
-127.075,46.796,208.084,907429
-127.924,46.271,207.584,907450
-128.763,45.692,207.035,907471
-129.230,45.327,206.692,907492
-130.224,45.065,205.947,907513
-130.902,44.566,205.402,907534
-131.459,44.367,204.918,907555
-132.120,44.318,204.336,907576
-132.616,43.938,203.846,907597
-133.247,44.016,203.231,907618
-133.687,44.113,202.738,907639
-133.955,44.229,202.305,907660
-134.440,44.458,201.747,907681
-134.600,44.691,201.372,907702
-134.598,44.735,201.125,907723
-134.568,44.783,200.911,907744
-135.019,44.963,200.367,907765
-135.077,45.398,200.139,907786
-135.608,45.822,199.585,907807
-136.096,46.096,199.060,907828
-136.529,46.393,198.542,907849
-136.747,46.990,198.146,907870
-136.656,47.544,197.957,907891
-136.897,48.135,197.492,907912
-136.568,48.426,197.399,907933
-136.139,48.743,197.336,907954
-135.626,49.091,197.286,907975
-135.045,49.328,197.242,907996
-134.352,49.561,197.238,908017
-134.041,49.847,196.863,908038
-133.164,50.027,196.866,908059
-132.853,50.330,196.406,908080
-132.579,50.473,195.904,908101
-132.157,50.264,195.489,908122
-131.390,50.033,195.286,908143
-130.557,49.816,195.087,908164
-130.006,49.448,194.633,908185
-129.469,49.404,194.116,908206
-128.843,49.318,193.646,908227
-128.078,48.998,193.226,908248
-127.863,48.760,192.390,908269
-127.684,48.563,191.488,908290
-127.103,48.307,190.856,908311
-127.002,47.909,189.840,908332
-126.425,47.473,189.161,908353
-126.322,47.046,188.124,908374
-125.876,46.571,187.342,908395
-125.648,46.055,186.379,908416
-125.686,45.957,185.200,908437
-125.441,45.498,184.221,908458
-125.598,45.322,182.969,908479
-125.730,45.064,181.716,908500
-125.875,44.839,180.436,908521
-125.720,44.580,179.339,908542
-125.506,44.551,178.267,908563
-125.396,44.566,177.109,908584
-125.473,44.772,175.786,908605
-125.807,45.019,174.289,908626
-125.917,45.258,172.937,908647
-126.410,45.333,171.341,908668
-126.879,45.468,169.764,908689
-127.213,45.785,168.290,908710
-127.418,45.714,166.944,908731
-127.464,45.702,165.710,908752
-127.941,45.890,164.175,908773
-127.983,45.950,162.924,908794
-128.003,46.034,161.715,908815
-128.074,46.406,160.449,908836
-128.613,46.714,158.883,908857
-129.021,47.229,157.415,908878
-129.476,47.469,155.912,908899
-129.862,47.672,154.478,908920
-130.134,47.831,153.161,908941
-130.472,48.005,151.784,908962
-130.205,48.155,150.847,908983
-129.896,48.353,149.950,909004
-129.498,48.478,149.105,909025
-129.206,48.729,148.196,909046
-128.922,48.972,147.241,909067
-128.707,48.775,146.220,909088
-128.737,48.913,145.020,909109
-128.864,48.818,143.735,909130
-128.942,48.817,142.498,909151
-128.762,48.423,141.418,909172
-128.652,47.978,140.278,909193
-128.239,47.793,139.339,909214
-127.938,47.684,138.305,909235
-127.551,47.192,137.323,909256
-127.401,46.681,136.155,909277
-127.320,46.581,134.931,909298
-127.220,46.087,133.717,909319
-127.059,45.544,132.517,909340
-126.754,44.945,131.406,909361
-126.661,44.395,130.106,909382
-126.259,44.079,128.991,909403
-125.937,43.767,127.790,909424
-125.663,43.523,126.532,909445
-125.574,43.445,125.118,909466
-125.526,43.409,123.660,909487
-125.688,43.258,122.060,909508
-125.784,42.906,120.494,909529
-125.603,42.463,119.104,909550
-125.631,42.114,117.568,909571
-125.748,41.899,115.995,909592
-125.626,41.617,114.607,909613
-125.676,41.451,113.092,909634
-125.390,41.536,111.776,909655
-125.044,41.622,110.514,909676
-125.023,41.942,109.052,909697
-125.042,42.269,107.590,909718
-125.042,42.207,106.152,909739
-124.762,42.439,104.915,909760
-124.755,42.402,103.502,909781
-124.865,42.501,102.018,909802
-124.609,42.809,100.795,909823
-124.250,42.994,99.635,909844
-123.986,43.318,98.437,909865
-124.052,43.372,97.028,909886
-124.218,43.757,95.530,909907
-124.110,44.159,94.233,909928
-124.151,44.194,92.847,909949
-124.256,44.260,91.423,909970
-124.001,44.643,90.260,909991
-123.691,45.007,89.122,910012
-123.412,45.217,87.976,910033
-123.598,45.507,86.506,910054
-122.477,45.847,86.752,910075
-121.064,46.322,87.154,910096
-119.614,46.596,87.557,910117
-118.253,46.702,87.855,910138
-117.064,47.003,88.014,910159
-116.410,47.116,87.774,910180
-115.770,47.064,87.468,910201
-115.348,47.193,86.976,910222
-114.707,47.474,86.645,910243
-114.139,47.703,86.279,910264
-113.809,47.972,85.716,910285
-113.956,47.974,84.812,910306
-114.200,48.136,83.794,910327
-114.488,48.037,82.720,910348
-114.371,47.875,81.899,910369
-114.811,47.935,80.673,910390
-115.268,47.783,79.395,910411
-115.326,47.742,78.391,910432
-115.666,47.413,77.171,910453
-115.872,47.314,76.031,910474
-116.240,47.287,74.733,910495
-116.973,47.347,73.152,910516
-117.573,46.983,71.643,910537
-118.436,46.654,69.925,910558
-119.327,46.298,68.185,910579
-120.290,45.981,66.364,910600
-120.981,45.830,64.744,910621
-122.135,45.915,62.795,910642
-123.296,46.017,60.855,910663
-124.456,46.117,58.918,910684
-125.094,46.001,57.317,910705
-126.172,45.787,55.379,910726
-127.324,45.711,53.361,910747
-128.418,45.540,51.350,910768
-129.030,45.459,49.646,910789
-130.015,45.184,47.628,910810
-130.400,44.907,45.974,910831
-130.883,44.903,44.169,910852
-131.088,44.800,42.515,910873
-131.311,44.858,40.792,910894
-131.863,44.954,38.774,910915
-131.935,45.156,37.001,910936
-132.042,45.071,35.161,910957
-132.326,45.221,33.123,910978
-132.111,45.204,31.400,910999
-132.141,45.581,29.443,911020
-131.588,45.679,27.834,911041
-130.952,46.000,26.199,911062
-130.282,46.424,24.557,911083
-129.814,46.928,22.673,911104
-129.013,47.295,20.985,911125
-128.182,47.579,19.235,911146
-127.582,47.639,17.266,911167
-127.219,47.866,15.037,911188
-126.325,48.018,13.143,911209
-126.073,47.490,11.546,911230
-125.716,46.935,9.930,911251
-125.076,46.734,8.448,911272
-124.555,46.754,6.837,911293
-123.926,46.798,5.296,911314
-123.636,46.669,3.469,911335
-123.413,46.732,1.596,911356
-123.140,46.717,359.752,911377
-122.881,46.726,357.837,911398
-122.283,46.701,356.167,911419
-122.225,46.953,354.071,911440
-121.743,47.036,352.321,911461
-121.354,47.115,350.547,911482
-121.396,47.540,348.428,911503
-121.656,47.928,346.175,911524
-122.111,48.098,343.768,911545
-122.154,48.111,341.704,911566
-122.260,48.141,339.612,911587
-122.449,48.109,337.473,911608
-122.668,48.193,335.316,911629
-122.914,48.296,333.165,911650
-123.172,48.359,331.049,911671
-123.520,48.200,328.903,911692
-124.227,48.330,326.527,911713
-125.021,48.378,324.113,911734
-125.766,48.178,321.731,911755
-126.534,47.999,319.361,911776
-127.325,47.867,317.002,911797
-127.842,47.413,314.855,911818
-128.598,47.118,312.527,911839
-129.310,46.704,310.213,911860
-129.769,46.611,308.097,911881
-130.036,46.209,306.126,911902
-130.177,45.876,304.252,911923
-130.563,45.482,302.193,911944
-130.591,45.371,300.421,911965
-130.938,45.157,298.394,911986
-130.737,45.016,296.785,912007
-131.562,45.204,294.439,912028
-132.000,45.557,292.349,912049
-132.295,45.918,290.348,912070
-132.709,46.361,288.219,912091
-133.131,46.475,286.058,912112
-133.135,46.908,284.152,912133
-132.992,47.336,282.327,912154
-133.127,47.582,280.262,912175
-133.119,47.849,278.275,912196
-132.756,48.327,276.523,912217
-132.501,49.088,274.651,912238
-132.040,49.745,272.886,912259
-130.013,50.375,273.733,912280
-127.805,51.167,274.675,912301
-125.749,51.823,275.410,912322
-123.674,52.137,276.119,912343
-121.755,52.405,276.687,912364
-119.909,52.579,277.180,912385
-117.824,52.865,277.803,912406
-115.894,53.001,278.273,912427
-114.179,53.297,278.495,912448
-112.666,53.574,278.543,912469
-111.320,53.760,278.413,912490
-110.121,54.038,278.184,912511
-109.509,54.064,277.482,912532
-108.713,54.330,276.918,912553
-108.153,54.573,276.192,912574
-108.302,54.644,274.925,912595
-108.457,54.474,273.691,912616
-108.658,54.668,272.434,912637
-108.768,54.660,271.284,912658
-109.375,54.345,269.751,912679
-110.278,54.124,268.007,912700
-111.290,53.984,266.184,912721
-112.157,53.940,264.499,912742
-113.060,53.450,262.819,912763
-114.351,53.010,260.855,912784
-115.679,52.507,258.884,912805
-116.890,52.308,257.025,912826
-116.808,52.426,256.157,912847
-116.922,52.092,255.165,912868
-117.356,51.881,253.951,912889
-117.927,51.623,252.653,912910
-118.608,51.483,251.292,912931
-119.406,51.097,249.828,912952
-120.255,50.629,248.369,912973
-120.744,49.964,247.190,912994
-121.190,49.382,246.032,913015
-121.680,48.782,244.842,913036
-122.197,48.299,243.629,913057
-122.994,47.970,242.201,913078
-123.962,47.334,240.659,913099
-124.705,46.585,239.284,913120
-125.102,45.927,238.141,913141
-125.801,45.640,236.749,913162
-126.524,45.359,235.369,913183
-127.257,44.912,233.968,913204
-127.679,44.349,232.796,913225
-128.293,44.234,231.515,913246
-128.594,44.156,230.499,913267
-129.065,44.219,229.396,913288
-129.616,44.009,228.272,913309
-130.049,44.237,227.230,913330
-130.117,44.309,226.434,913351
-130.205,44.196,225.617,913372
-130.577,44.172,224.626,913393
-130.576,44.405,223.897,913414
-130.532,44.518,223.199,913435
-130.386,44.708,222.566,913456
-130.597,45.026,221.647,913477
-130.486,45.644,220.964,913498
-130.245,46.249,220.353,913519
-130.178,46.528,219.606,913540
-130.115,47.009,218.817,913561
-129.763,47.586,218.188,913582
-129.147,48.043,217.703,913603
-128.349,48.082,217.324,913624
-127.422,48.189,216.992,913645
-126.474,48.327,216.678,913666
-125.496,48.456,216.350,913687
-124.722,48.335,215.859,913708
-124.302,48.329,215.097,913729
-123.686,48.428,214.852,913750
-122.902,48.201,214.732,913771
-122.619,48.083,214.202,913792
-122.276,47.872,213.693,913813
-121.958,47.625,213.148,913834
-121.424,47.255,212.762,913855
-120.799,47.149,212.413,913876
-120.333,47.069,211.943,913897
-120.036,47.074,211.314,913918
-119.733,47.013,210.657,913939
-119.469,46.933,209.949,913960
-119.605,46.625,208.909,913981
-119.781,46.662,207.836,914002
-120.112,46.639,206.621,914023
-119.985,46.482,205.732,914044
-119.934,46.347,204.785,914065
-119.979,46.168,203.770,914086
-120.108,46.396,202.667,914107
-120.640,46.587,201.247,914128
-121.172,46.561,199.859,914149
-121.776,46.681,198.427,914170
-121.913,46.696,197.336,914191
-122.449,46.667,195.942,914212
-122.902,46.582,194.593,914233
-123.367,46.548,193.202,914254
-123.388,46.552,192.087,914275
-123.398,46.499,190.989,914296
-123.844,46.721,189.543,914317
-124.008,46.596,188.309,914338
-124.076,46.829,187.139,914359
-124.519,47.101,185.700,914380
-125.008,47.304,184.220,914401
-124.976,47.287,183.125,914422
-125.419,47.236,181.662,914443
-125.399,47.371,180.498,914464
-125.297,47.324,179.392,914485
-125.239,47.136,178.256,914506
-125.268,47.304,177.036,914527
-125.463,47.418,175.686,914548
-125.635,47.213,174.349,914569
-125.750,46.990,173.076,914590
-125.774,46.748,171.867,914611
-125.334,46.583,171.001,914632
-124.932,46.289,170.095,914653
-124.491,46.232,169.217,914674
-124.051,46.058,168.345,914695
-124.085,45.976,167.117,914716
-123.706,46.016,166.196,914737
-123.542,45.736,165.108,914758
-123.621,45.655,163.837,914779
-123.728,45.601,162.544,914800
-123.876,45.512,161.203,914821
-124.054,45.473,159.856,914842
-124.169,45.278,158.500,914863
-123.904,45.116,157.378,914884
-123.686,45.175,156.216,914905
-123.577,45.363,154.941,914926
-123.551,45.599,153.570,914947
-123.414,45.545,152.240,914968
-123.785,45.531,150.515,914989
-124.191,45.534,148.778,915010
-124.600,45.525,147.017,915031
-125.075,45.481,145.203,915052
-125.411,45.229,143.468,915073
-125.850,45.026,141.683,915094
-126.055,45.109,140.048,915115
-126.061,45.050,138.540,915136
-126.066,44.990,137.053,915157
-126.074,44.612,135.557,915178
-126.396,44.442,133.859,915199
-126.624,44.461,132.235,915220
-126.651,44.094,130.783,915241
-126.828,43.924,129.242,915262
-126.804,43.637,127.852,915283
-126.609,43.754,126.619,915304
-126.318,43.819,125.437,915325
-126.187,43.599,124.161,915346
-125.946,43.762,122.975,915367
-126.109,43.812,121.530,915388
-125.845,43.666,120.387,915409
-125.762,43.499,119.174,915430
-125.747,43.361,117.946,915451
-125.549,43.603,116.857,915472
-125.591,43.573,115.622,915493
-125.316,43.408,114.628,915514
-125.008,43.704,113.699,915535
-124.593,43.975,112.835,915556
-124.224,44.314,111.956,915577
-124.206,44.468,110.832,915598
-124.127,44.513,109.771,915619
-124.167,44.645,108.620,915640
-124.100,44.637,107.551,915661
-124.005,44.583,106.474,915682
-123.723,44.530,105.511,915703
-123.481,44.850,104.528,915724
-121.707,45.071,105.587,915745
-119.991,45.207,106.588,915766
-118.309,45.248,107.514,915787
-116.999,45.333,107.889,915808
-115.794,45.413,108.139,915829
-114.689,45.328,108.292,915850
-114.021,45.564,108.104,915871
-113.551,45.486,107.752,915892
-112.798,45.517,107.610,915913
-112.157,45.619,107.366,915934
-112.179,45.807,106.652,915955
-112.061,46.161,106.055,915976
-112.240,46.544,105.254,915997
-112.821,46.753,104.177,916018
-113.550,46.865,102.998,916039
-114.479,47.052,101.649,916060
-115.507,47.113,100.231,916081
-116.534,47.037,98.813,916102
-117.390,46.854,97.518,916123
-118.231,46.867,96.199,916144
-119.462,47.073,94.615,916165
-120.442,47.044,93.216,916186
-121.348,46.870,91.981,916207
-122.377,46.936,90.601,916228
-123.400,46.961,89.221,916249
-124.279,46.578,87.926,916270
-125.062,46.548,86.696,916291
-125.924,46.491,85.396,916312
-126.410,46.345,84.345,916333
-126.794,46.016,83.337,916354
-127.266,45.995,82.255,916375
-127.973,45.970,80.988,916396
-128.705,45.855,79.690,916417
-129.155,45.481,78.575,916438
-129.452,45.522,77.523,916459
-129.897,45.176,76.327,916480
-129.948,44.942,75.373,916501
-130.335,44.765,74.155,916522
-130.304,44.829,73.183,916543
-130.033,44.725,72.392,916564
-130.145,44.853,71.287,916585
-130.037,45.064,70.301,916606
-129.676,45.227,69.447,916627
-129.649,45.236,68.362,916648
-129.227,45.480,67.524,916669
-128.723,45.356,66.716,916690
-128.093,45.406,65.965,916711
-127.500,45.576,65.205,916732
-126.915,45.623,64.427,916753
-126.418,45.880,63.575,916774
-125.929,46.169,62.697,916795
-125.825,46.507,61.544,916816
-125.747,46.832,60.371,916837
-125.176,46.884,59.526,916858
-124.810,46.832,58.562,916879
-124.321,46.782,57.675,916900
-124.172,46.835,56.554,916921
-124.120,47.002,55.373,916942
-123.604,47.039,54.517,916963
-123.230,46.882,53.584,916984
-123.279,47.049,52.323,917005
-123.090,47.210,51.243,917026
-122.823,47.278,50.217,917047
-122.642,47.016,49.130,917068
-122.780,47.093,47.780,917089
-122.520,46.894,46.726,917110
-122.705,46.686,45.360,917131
-122.533,46.675,44.256,917152
-122.327,46.448,43.170,917173
-122.347,46.566,41.921,917194
-122.592,46.647,40.478,917215
-122.350,46.639,39.339,917236
-122.152,46.358,38.171,917257
-122.179,46.512,36.816,917278
-121.985,46.238,35.604,917299
-121.589,46.090,34.526,917320
-121.195,45.902,33.429,917341
-121.065,45.708,32.149,917362
-120.616,45.582,31.072,917383
-120.390,45.826,29.836,917404
-120.435,45.821,28.353,917425
-120.462,45.783,26.873,917446
-120.235,46.023,25.549,917467
-120.055,45.907,24.174,917488
-119.702,45.899,22.901,917509
-119.388,45.949,21.596,917530
-119.533,45.942,19.961,917551
-119.253,45.938,18.636,917572
-118.998,46.034,17.290,917593
-119.218,46.266,15.591,917614
-119.440,46.546,13.911,917635
-119.602,46.964,12.302,917656
-119.556,47.030,10.878,917677
-119.437,47.481,9.530,917698
-119.428,48.000,8.133,917719
-119.703,48.179,6.559,917740
-119.618,48.495,5.305,917761
-119.926,48.593,3.768,917782
-119.942,48.686,2.479,917803
-120.424,49.131,0.877,917824
-120.866,49.594,359.350,917845
-121.496,49.885,357.725,917866
-121.662,50.176,356.475,917887
-122.106,50.174,355.060,917908
-122.652,50.205,353.615,917929
-123.107,50.146,352.271,917950
-123.246,50.303,351.194,917971
-123.523,50.194,350.048,917992
-123.961,50.086,348.787,918013
-124.288,50.363,347.631,918034
-125.014,50.414,346.159,918055
-125.674,50.340,344.757,918076
-126.361,50.388,343.326,918097
-126.945,50.174,341.996,918118
-126.994,50.045,341.052,918139
-127.043,49.939,340.089,918160
-127.029,49.651,339.154,918181
-128.711,50.337,338.073,918202
-130.307,51.255,336.973,918223
-131.775,52.126,335.864,918244
-133.153,52.922,334.751,918265
-134.643,53.535,333.456,918286
-135.551,54.170,332.608,918307
-136.463,54.399,331.701,918328
-137.771,54.837,330.463,918349
-138.371,55.210,329.784,918370
-138.838,55.368,329.245,918391
-139.802,55.433,328.305,918412
-140.786,55.497,327.354,918433
-141.607,55.663,326.522,918454
-142.101,55.447,325.921,918475
-142.622,55.188,325.273,918496
-142.435,55.022,325.190,918517
-142.306,54.558,325.031,918538
-141.837,54.322,325.117,918559
-141.288,53.755,325.233,918580
-140.563,53.132,325.453,918601
-139.952,52.836,325.508,918622
-139.179,52.457,325.661,918643
-138.647,52.121,325.605,918664
-138.946,52.077,325.228,918685
-139.113,51.715,324.927,918706
-138.823,51.523,324.927,918727
-138.304,51.096,325.112,918748
-138.156,50.595,324.932,918769
-137.530,50.331,325.080,918790
-136.843,50.096,325.271,918811
-136.089,49.530,325.474,918832
-135.235,49.335,325.760,918853
-134.733,48.959,325.731,918874
-134.251,48.803,325.671,918895
-133.640,48.476,325.684,918916
-132.809,48.065,325.846,918937
-131.554,47.745,326.307,918958
-130.247,47.440,326.781,918979
-129.328,47.085,326.966,919000
-128.063,46.697,327.378,919021
-126.906,46.666,327.693,919042
-126.078,46.341,327.736,919063
-125.204,46.375,327.824,919084
-124.469,46.192,327.776,919105
-123.755,45.994,327.681,919126
-122.571,45.660,327.913,919147
-121.471,45.305,328.076,919168
-120.320,45.214,328.233,919189
-119.694,45.127,327.983,919210
-119.014,45.229,327.745,919231
-118.039,45.093,327.712,919252
-117.647,45.246,327.230,919273
-117.142,45.506,326.841,919294
-117.005,45.618,326.158,919315
-116.939,45.674,325.423,919336
-116.678,45.589,324.788,919357
-116.642,45.548,323.997,919378
-116.534,45.874,323.228,919399
-116.399,46.048,322.460,919420
-116.435,46.379,321.547,919441
-116.575,46.730,320.538,919462
-116.820,47.065,319.409,919483
-117.162,47.388,318.182,919504
-117.789,47.354,316.748,919525
-118.520,47.578,315.215,919546
-118.923,47.390,313.897,919567
-119.241,47.488,312.640,919588
-119.518,47.436,311.402,919609
-120.340,47.487,309.752,919630
-120.618,47.418,308.475,919651
-121.337,47.207,306.906,919672
-122.171,47.166,305.239,919693
-122.996,47.045,303.589,919714
-123.838,46.974,301.909,919735
-124.463,46.688,300.362,919756
-124.762,46.510,299.037,919777
-125.307,46.717,297.524,919798
-126.034,46.688,295.862,919819
-126.379,46.494,294.470,919840
-126.620,46.587,293.151,919861
-126.837,46.483,291.860,919882
-127.341,46.756,290.352,919903
-127.974,46.978,288.731,919924
-128.046,47.064,287.491,919945
-128.627,47.330,285.880,919966
-128.657,47.480,284.669,919987
-128.676,47.661,283.446,920008
-128.602,47.763,282.306,920029
-128.652,47.740,281.070,920050
-128.526,48.042,279.943,920071
-128.382,48.042,278.821,920092
-128.246,48.423,277.670,920113
-128.210,48.397,276.444,920134
-127.067,48.740,276.305,920155
-126.289,48.846,275.913,920176
-125.685,49.055,275.372,920197
-125.177,49.214,274.727,920218
-124.680,49.346,274.070,920239
-124.010,49.306,273.538,920260
-123.663,49.485,272.742,920281
-122.876,49.726,272.238,920302
-122.443,49.693,271.486,920323
-121.875,49.983,270.843,920344
-121.249,50.039,270.264,920365
-120.764,50.030,269.560,920386
-120.427,50.230,268.764,920407
-120.105,50.153,267.975,920428
-120.186,50.410,266.849,920449
-120.519,50.514,265.544,920470
-120.870,50.406,264.251,920491
-121.121,50.449,263.031,920512
-121.457,50.359,261.770,920533
-121.797,50.118,260.509,920554
-122.080,49.883,259.288,920575
-122.215,49.483,258.203,920596
-122.608,49.174,256.903,920617
-122.781,49.084,255.785,920638
-123.376,48.762,254.343,920659
-123.758,48.662,253.066,920680
-124.571,48.458,251.473,920701
-125.006,48.358,250.145,920722
-125.780,48.284,248.552,920743
-126.115,47.832,247.285,920764
-126.377,47.437,246.073,920785
-126.871,46.979,244.692,920806
-127.350,46.507,243.319,920827
-127.558,46.321,242.115,920848
-127.859,46.268,240.873,920869
-128.092,46.245,239.678,920890
-129.025,45.829,238.933,920911
-129.980,45.434,238.153,920932
-131.057,45.161,237.287,920953
-132.082,44.747,236.456,920974
-133.077,44.702,235.631,920995
-134.236,44.418,234.700,921016
-134.884,44.185,234.103,921037
-135.765,44.226,233.317,921058
-136.324,44.218,232.742,921079
-136.861,44.314,232.185,921100
-137.376,44.476,231.634,921121
-137.979,44.785,231.011,921142
-138.590,45.180,230.361,921163
-138.870,45.322,229.925,921184
-139.193,45.576,229.448,921205
-139.323,45.843,229.088,921226
-139.182,46.167,228.888,921247
-139.440,46.849,228.392,921268
-139.180,47.196,228.254,921289
-139.239,47.663,227.853,921310
-138.882,48.416,227.733,921331
-138.780,48.892,227.392,921352
-138.148,49.538,227.393,921373
-137.279,49.910,227.563,921394
-136.412,50.304,227.708,921415
-135.562,50.723,227.807,921436
-134.708,51.068,227.878,921457
-133.768,51.341,227.976,921478
-132.844,51.601,228.006,921499
-131.802,51.668,228.102,921520
-130.809,51.658,228.119,921541
-129.983,51.316,228.002,921562
-129.572,51.042,227.540,921583
-128.887,50.520,227.272,921604
-128.556,50.127,226.706,921625
-127.844,49.514,226.445,921646
-127.397,48.864,225.967,921667
-126.646,48.360,225.673,921688
-126.280,48.074,225.049,921709
-126.151,47.700,224.212,921730
-125.833,46.993,223.490,921751
-125.521,46.676,222.730,921772
-125.307,46.007,221.902,921793
-124.791,45.427,221.266,921814
-124.294,44.855,220.609,921835
-124.243,44.338,219.610,921856
-124.177,44.187,218.617,921877
-124.150,43.695,217.578,921898
-124.277,43.421,216.398,921919
-124.363,43.408,215.234,921940
-124.501,43.467,214.028,921961
-124.816,43.437,212.699,921982
-125.110,43.321,211.385,922003
-125.031,43.269,210.342,922024
-125.013,43.326,209.252,922045
-125.090,43.315,208.105,922066
-125.591,43.439,206.681,922087
-125.829,43.817,205.406,922109
-126.388,44.302,203.935,922130
-127.032,44.563,202.374,922151
-127.393,45.132,201.017,922172
-127.679,45.636,199.712,922193
-127.916,45.995,198.433,922214
-128.449,46.252,196.941,922235
-128.866,46.457,195.510,922256
-129.059,46.892,194.236,922277
-129.717,47.428,192.638,922298
-130.090,47.528,191.257,922319
-130.470,47.578,189.871,922340
-130.825,47.992,188.507,922361
-131.531,48.287,186.871,922382
-132.165,48.395,185.260,922403
-132.493,48.725,183.866,922424
-132.912,48.635,182.406,922445
-132.894,48.549,181.282,922466
-133.341,48.718,179.821,922487
-133.314,48.755,178.718,922508
-133.682,48.567,177.313,922529
-134.065,48.366,175.909,922550
-134.356,48.117,174.572,922571
-134.544,47.860,173.308,922592
-134.224,47.427,172.386,922613
-133.929,46.959,171.480,922634
-133.575,46.866,170.612,922655
-133.084,46.631,169.819,922676
-132.627,46.519,169.045,922697
-132.098,46.394,168.294,922718
-131.735,46.035,167.439,922739
-131.585,45.996,166.441,922760
-130.835,45.812,165.838,922781
-130.121,45.603,165.203,922802
-129.862,45.354,164.236,922823
-129.180,45.226,163.572,922844
-128.491,45.161,162.926,922865
-127.972,45.226,162.150,922886
-127.787,45.353,161.155,922907
-127.457,45.520,160.265,922928
-126.847,45.641,159.605,922949
-126.624,45.560,158.650,922970
-126.347,45.465,157.702,922991
-126.212,45.528,156.667,923012
-126.079,45.576,155.613,923033
-125.927,45.627,154.540,923054
-125.669,45.586,153.544,923075
-125.212,45.785,152.652,923096
-124.926,46.084,151.588,923117
-125.087,46.196,150.184,923138
-125.319,46.295,148.692,923159
-125.070,46.286,147.499,923180
-125.195,46.111,146.023,923201
-125.368,45.969,144.483,923222
-125.480,45.740,142.966,923243
-125.205,45.577,141.705,923264
-124.948,45.471,140.418,923285
-124.715,45.390,139.075,923306
-124.673,44.953,137.558,923327
-124.937,44.755,135.800,923348
-125.057,44.694,134.117,923369
-125.256,44.274,132.369,923390
-125.543,43.912,130.572,923411
-125.885,43.777,128.752,923432
-126.254,43.521,126.913,923453
-126.383,43.497,125.190,923474
-126.613,43.113,123.405,923495
-126.531,43.050,121.833,923516
-126.416,42.954,120.290,923537
-126.813,42.849,118.421,923558
-127.103,42.617,116.639,923579
-127.555,42.752,114.774,923600
-127.553,42.678,113.214,923621
-127.875,42.573,111.481,923642
-128.196,42.513,109.740,923663
-128.707,42.678,107.902,923684
-128.836,43.004,106.317,923705
-128.889,43.306,104.790,923726
-129.003,43.730,103.209,923747
-129.517,44.016,101.396,923768
-129.663,44.262,99.834,923789
-129.809,44.642,98.240,923810
-130.487,45.028,96.289,923831
-131.251,45.569,94.284,923852
-130.610,46.330,93.448,923873
-129.982,47.060,92.567,923894
-129.491,47.847,91.529,923915
-129.003,48.643,90.461,923936
-128.460,49.338,89.401,923957
-127.778,49.823,88.457,923978
-127.632,50.295,87.068,923999
-127.474,50.758,85.678,924020
-127.348,51.096,84.188,924041
-127.237,51.291,82.665,924062
-126.996,51.261,81.183,924083
-127.031,51.504,79.465,924104
-127.038,51.708,77.666,924125
-126.816,51.667,75.978,924146
-126.801,51.595,74.074,924167
-127.175,51.203,71.801,924188
-127.099,50.921,69.828,924209
-127.005,50.538,67.824,924230
-127.282,49.971,65.482,924251
-127.370,49.317,63.259,924272
-127.520,49.075,60.923,924293
-127.175,48.661,58.916,924314
-126.925,48.381,56.780,924335
-127.010,48.134,54.358,924356
-126.671,47.546,52.208,924377
-126.498,46.908,49.890,924398
-126.386,46.316,47.458,924419
-126.131,46.133,45.082,924440
-125.698,45.638,42.766,924461
-125.186,45.227,40.480,924482
-124.723,45.061,38.139,924503
-124.361,45.032,35.720,924524
-123.885,44.938,33.370,924545
-123.797,44.738,30.762,924566
-123.360,44.788,28.398,924587
-123.213,44.735,25.872,924608
-123.127,44.791,23.304,924629
-122.743,44.958,20.972,924650
-122.884,45.294,18.294,924671
-123.117,45.825,15.600,924692
-123.363,46.159,12.917,924713
-123.579,46.798,10.286,924734
-124.090,47.198,7.481,924755
-124.624,47.548,4.706,924776
-124.660,47.734,2.345,924797
-124.745,47.906,359.963,924818
-124.850,48.025,357.611,924839
-125.171,48.025,355.120,924860
-126.813,49.108,353.055,924881
-128.747,50.390,350.617,924902
-130.850,51.432,347.977,924923
-132.907,52.402,345.297,924944
-134.984,53.187,342.542,924965
-136.900,53.975,339.841,924986
-138.222,54.352,337.555,925007
-139.997,54.580,334.825,925028
-141.166,54.810,332.543,925049
-142.275,54.971,330.265,925070
-143.437,54.876,327.891,925091
-144.247,54.747,325.797,925112
-145.645,54.676,323.191,925133
-146.834,54.404,320.700,925154
-147.869,54.073,318.302,925175
-148.612,53.664,316.108,925196
-149.174,53.262,314.051,925217
-149.526,53.069,312.128,925238
-149.716,52.866,310.337,925259
-149.712,52.438,308.679,925280
-148.937,52.158,307.623,925301
-148.135,51.997,306.550,925322
-147.107,51.852,305.639,925343
-146.006,51.793,304.723,925364
-144.993,51.695,304.182,925385
-144.045,51.318,303.515,925406
-142.501,51.093,303.244,925427
-139.702,50.864,305.250,925448
-136.867,50.619,307.165,925469
-134.066,50.289,308.982,925490
-131.518,49.890,310.532,925511
-128.889,49.627,312.097,925532
-127.490,49.450,312.243,925553
-126.318,49.415,312.177,925574
-125.675,49.294,311.718,925595
-124.877,48.967,311.386,925616
-123.860,48.670,311.200,925637
-123.251,48.792,310.678,925658
-122.441,48.822,310.287,925679
-121.628,48.731,309.908,925700
-120.906,48.716,309.448,925721
-120.475,48.912,308.753,925742
-120.414,48.847,307.783,925763
-120.475,48.852,306.739,925784
-120.527,48.713,305.737,925805
-120.730,48.766,304.606,925826
-120.490,48.714,303.833,925847
-120.423,48.527,302.961,925868
-120.879,48.425,301.666,925889
-121.434,48.493,300.298,925910
-121.578,48.396,299.237,925931
-122.071,48.581,297.907,925952
-122.792,48.447,296.423,925973
-123.606,48.363,294.851,925994
-123.952,48.338,293.646,926015
-124.662,48.146,292.153,926036
-125.195,47.920,290.796,926057
-125.711,48.035,289.459,926078
-126.336,48.175,288.021,926099
-126.938,48.272,286.623,926120
-127.765,48.353,285.041,926141
-128.416,48.458,283.643,926162
-129.331,48.367,282.055,926183
-130.119,48.440,280.572,926204
-130.948,48.136,279.079,926225
-131.661,47.778,277.689,926246
-132.412,47.436,276.276,926267
-133.144,47.144,274.868,926288
-133.675,47.237,273.594,926309
-134.379,47.400,272.229,926330
-134.669,47.195,271.204,926351
-134.911,47.263,270.225,926372
-135.148,47.377,269.325,926393
-135.488,47.591,268.368,926414
-135.771,47.809,267.466,926435
-135.918,47.728,266.698,926456
-136.406,47.786,265.679,926477
-136.771,47.834,264.791,926498
-137.092,47.889,263.928,926519
-137.437,48.026,263.049,926540
-137.078,48.076,262.704,926561
-137.064,48.400,262.091,926582
-136.572,48.404,261.820,926603
-136.133,48.309,261.523,926624
-135.601,48.228,261.289,926645
-135.105,48.167,261.023,926666
-134.293,48.301,261.005,926687
-133.546,48.506,260.919,926708
-132.661,48.478,260.943,926729
-132.186,48.685,260.624,926750
-131.352,48.806,260.563,926771
-130.890,48.936,260.220,926792
-130.324,48.743,259.949,926813
-129.511,48.856,259.880,926834
-129.015,48.722,259.544,926855
-128.210,48.361,259.452,926876
-127.762,48.287,259.107,926897
-126.848,47.978,259.104,926918
-126.280,47.597,258.832,926939
-125.719,47.199,258.558,926960
-125.409,47.058,258.094,926981
-124.684,46.859,257.917,927002
-124.486,46.620,257.409,927023
-123.883,46.208,257.192,927044
-123.803,45.939,256.607,927065
-123.316,45.851,256.304,927086
-122.936,45.789,255.944,927107
-122.587,45.765,255.532,927128
-122.432,45.459,254.973,927149
-122.640,45.475,254.200,927170
-122.880,45.624,253.442,927191
-122.666,45.562,253.022,927212
-122.959,45.562,252.249,927233
-122.803,45.646,251.777,927254
-122.843,45.894,251.134,927275
-122.780,45.904,250.562,927296
-122.864,46.099,249.876,927317
-123.336,46.043,248.910,927338
-123.920,46.146,247.818,927359
-124.476,46.345,246.759,927380
-124.807,46.606,245.844,927401
-125.372,46.755,244.745,927422
-125.358,46.732,244.056,927443
-125.549,46.540,243.200,927464
-125.615,46.351,242.464,927485
-125.860,46.185,241.595,927506
-126.095,46.037,240.771,927527
-126.225,46.242,239.979,927548
-126.472,46.203,239.082,927569
-126.189,46.112,238.563,927590
-126.036,46.285,237.937,927611
-125.677,46.258,237.430,927632
-125.642,46.411,236.653,927653
-125.268,46.150,236.118,927674
-124.941,45.872,235.550,927695
-124.618,45.548,234.990,927716
-124.578,45.360,234.204,927737
-124.545,45.466,233.431,927758
-124.140,45.219,232.918,927779
-124.160,45.377,232.100,927800
-123.879,45.525,231.471,927821
-123.797,45.762,230.741,927842
-123.646,45.999,230.084,927863
-123.524,45.861,229.425,927884
-123.337,45.763,228.827,927905
-123.599,45.834,227.939,927926
-123.888,45.918,227.051,927947
-123.681,46.027,226.544,927968
-123.712,46.327,225.865,927989
-123.908,46.224,225.080,928010
-123.849,46.046,224.459,928031
-124.205,46.102,223.529,928052
-124.095,45.892,222.911,928073
-124.213,46.082,222.081,928094
-123.965,45.903,221.509,928115
-123.766,45.908,220.909,928136
-124.043,45.819,219.975,928157
-124.308,45.804,219.062,928178
-124.523,45.682,218.210,928199
-124.732,45.828,217.359,928220
-124.989,45.926,216.496,928241
-124.890,46.099,215.919,928262
-125.033,46.327,215.178,928283
-124.822,46.303,214.713,928304
-124.655,46.412,214.224,928325
-124.898,46.387,213.455,928346
-124.624,46.476,213.066,928367
-124.696,46.744,212.423,928388
-124.582,46.553,211.902,928409
-124.336,46.480,211.483,928430
-124.319,46.292,210.880,928451
-124.239,46.411,210.280,928472
-124.275,46.165,209.552,928493
-124.172,45.992,208.904,928514
-124.010,45.795,208.264,928535
-123.861,45.761,207.566,928556
-124.104,45.549,206.546,928577
-124.381,45.390,205.469,928598
-124.406,45.540,204.567,928619
-124.649,45.446,203.499,928640
-124.900,45.581,202.418,928661
-125.153,45.586,201.344,928682
-125.203,45.392,200.415,928703
-124.935,45.527,199.710,928724
-124.644,45.699,199.002,928745
-124.694,45.725,198.054,928766
-124.244,45.721,197.448,928787
-123.954,45.552,196.683,928808
-124.060,45.685,195.611,928829
-123.785,45.897,194.785,928850
-123.884,45.880,193.695,928871
-123.977,45.801,192.579,928892
-123.763,45.642,191.652,928913
-123.738,45.851,190.558,928934
-123.523,45.717,189.584,928955
-123.356,45.655,188.551,928976
-123.753,45.654,187.099,928997
-124.007,45.426,185.736,929018
-124.218,45.175,184.385,929039
-124.737,45.141,182.805,929060
-125.119,44.955,181.311,929081
-125.358,45.091,179.888,929102
-125.868,44.942,178.247,929123
-126.012,45.021,176.875,929144
-126.095,44.982,175.521,929165
-126.393,44.657,174.034,929186
-126.703,44.718,172.521,929207
-127.263,44.616,170.821,929228
-127.702,44.386,169.201,929249
-128.055,44.122,167.628,929270
-127.913,43.806,166.395,929291
-128.159,43.602,164.866,929312
-128.412,43.451,163.343,929333
-128.142,43.292,162.156,929354
-127.892,43.367,160.943,929375
-127.698,43.514,159.685,929396
-127.728,43.404,158.265,929417
-127.832,43.522,156.794,929438
-127.866,43.552,155.344,929459
-127.365,43.626,154.273,929480
-127.233,43.573,152.940,929501
-127.013,43.516,151.644,929522
-128.363,43.859,148.671,929543
-129.497,44.500,145.856,929564
-130.232,44.946,143.349,929585
-130.858,45.348,140.884,929606
-131.344,45.754,138.517,929627
-131.745,46.207,136.181,929648
-132.416,46.447,133.634,929669
-130.033,46.686,135.304,929690
-127.859,46.584,136.736,929711
-125.500,46.680,138.239,929732
-123.237,46.745,139.629,929753
-121.094,46.816,140.888,929774
-119.080,46.801,142.006,929795
-117.476,46.810,142.758,929816
-116.184,46.555,143.249,929837
-115.031,46.265,143.612,929858
-114.101,46.049,143.813,929879
-113.307,45.920,143.902,929900
-112.411,45.939,144.037,929921
-111.543,45.671,144.137,929942
-110.769,45.609,144.123,929963
-110.136,45.626,143.957,929985
-109.625,45.704,143.651,930006
-109.260,45.889,143.228,930027
-109.394,45.942,142.420,930048
-109.134,45.989,141.872,930069
-109.341,45.848,140.961,930090
-109.321,45.890,140.174,930111
-109.453,46.052,139.285,930132
-109.931,45.951,138.115,930153
-110.646,46.316,136.785,930174
-111.590,46.576,135.274,930195
-112.584,46.936,133.685,930216
-113.745,47.198,131.958,930237
-114.896,47.341,130.238,930258
-116.086,47.477,128.505,930279
-116.853,47.499,127.081,930300
-118.095,47.648,125.313,930321
-118.872,47.765,123.829,930342
-120.034,47.675,122.043,930363
-120.911,47.836,120.496,930384
-122.038,48.043,118.745,930405
-122.881,48.108,117.191,930426
-124.090,47.995,115.364,930447
-125.202,47.827,113.624,930468
-125.787,47.798,112.266,930489
-126.470,47.460,110.869,930510
-126.842,47.391,109.667,930531
-127.418,47.188,108.316,930552
-127.754,47.360,107.143,930573
-128.088,47.221,105.986,930594
-128.755,47.353,104.573,930615
-129.370,47.590,103.209,930636
-129.416,47.713,102.271,930657
-129.366,47.784,101.427,930678
-129.249,47.962,100.622,930699
-129.232,47.929,99.722,930720
-128.920,47.995,99.018,930741
-128.832,48.063,98.152,930762
-128.800,48.257,97.215,930783
-128.394,48.643,96.547,930804
-128.200,48.755,95.701,930825
-127.489,49.016,95.258,930846
-127.164,49.293,94.501,930867
-126.405,49.603,94.032,930888
-125.622,49.501,93.533,930909
-124.774,49.418,93.074,930930
-124.047,49.718,92.444,930951
-123.450,49.656,91.658,930972
-122.371,49.731,91.195,930993
-121.595,50.008,90.469,931014
-121.014,50.202,89.558,931035
-119.935,50.151,88.977,931056
-118.865,50.124,88.388,931077
-117.873,49.932,87.674,931098
-117.152,49.630,86.727,931119
-116.832,49.041,87.511,931140
-116.219,48.667,88.350,931161
-115.611,48.266,88.976,931182
-115.018,47.887,89.462,931203
-114.517,47.657,89.776,931224
-114.104,47.505,89.959,931245
-114.073,47.217,89.797,931266
-114.069,46.948,89.546,931287
-114.093,46.662,89.180,931308
-114.148,46.445,88.718,931329
-114.421,46.119,88.611,931350
-114.250,45.908,88.752,931371
-114.450,45.544,88.526,931392
-114.359,45.438,88.425,931413
-114.681,45.542,87.950,931434
-114.875,45.639,87.495,931455
-115.428,45.636,86.720,931476
-115.926,45.463,85.934,931498
-116.548,45.367,84.999,931519
-117.249,45.276,83.925,931540
-117.934,45.140,82.826,931561
-118.743,45.036,81.589,931582
-119.695,44.982,80.360,931603
-120.702,45.150,79.035,931624
-121.612,45.447,77.744,931645
-122.453,45.754,76.453,931666
-123.099,45.694,75.241,931687
-124.111,45.969,73.728,931708
-125.095,46.181,72.181,931729
-125.507,46.319,70.995,931750
-125.979,46.302,69.744,931771
-126.806,46.448,68.189,931792
-127.319,46.793,66.835,931813
-127.956,47.123,65.360,931834
-128.421,47.004,63.991,931855
-128.913,46.893,62.585,931876
-129.451,46.830,61.092,931897
-129.515,46.935,59.934,931918
-129.737,46.716,58.626,931939
-129.800,46.868,57.403,931960
-129.647,46.787,56.332,931981
-129.481,46.829,55.258,932002
-129.397,47.058,54.124,932023
-129.247,47.293,53.027,932044
-129.288,47.495,51.787,932065
-129.254,47.412,50.600,932086
-129.080,47.271,49.519,932107
-128.477,47.396,48.723,932128
-127.937,47.579,47.921,932149
-127.579,47.470,46.983,932170
-127.143,47.300,46.098,932191
-126.849,47.469,45.103,932212
-126.092,47.537,44.443,932233
-125.495,47.247,43.652,932254
-125.198,47.139,42.684,932275
-124.899,47.067,41.695,932296
-124.427,46.754,40.862,932317
-124.102,46.560,39.924,932338
-123.374,46.506,39.291,932359
-122.661,46.445,38.632,932380
-121.998,46.377,37.938,932401
-121.359,46.325,37.239,932422
-120.947,46.384,36.365,932443
-120.617,46.428,35.388,932464
-120.220,46.434,34.488,932485
-120.023,46.083,33.432,932506
-119.739,45.765,32.452,932527
-119.743,45.452,31.290,932548
-119.744,45.157,30.158,932569
-119.556,45.129,29.198,932590
-119.350,45.112,28.259,932611
-119.568,45.326,27.017,932632
-119.814,45.526,25.770,932653
-120.224,45.524,24.388,932674
-120.675,45.623,22.997,932695
-121.015,45.408,21.683,932716
-121.610,45.426,20.224,932737
-121.761,45.299,19.113,932758
-122.479,45.442,17.639,932779
-123.123,45.374,16.226,932800
-123.438,45.533,15.048,932821
-123.880,45.813,13.795,932842
-124.572,45.803,12.357,932863
-125.325,45.989,10.868,932884
-125.566,46.195,9.767,932905
-125.715,46.276,8.731,932926
-125.868,46.243,7.726,932947
-125.959,46.357,6.756,932968
-125.999,46.422,5.826,932989
-126.021,46.522,4.903,933010
-125.976,46.523,4.032,933031
-126.371,46.495,2.845,933052
-126.767,46.679,1.687,933073
-127.231,46.833,0.459,933094
-127.172,47.000,359.631,933115
-127.518,47.158,358.520,933136
-127.605,47.026,357.576,933157
-127.421,47.192,356.841,933178
-127.225,47.114,356.133,933199
-126.935,47.109,355.496,933220
-127.102,47.417,354.555,933241
-127.079,47.799,353.770,933262
-126.809,48.096,353.128,933283
-127.006,48.305,352.135,933304
-127.195,48.480,351.164,933325
-127.282,48.528,350.262,933346
-126.885,48.611,349.702,933367
-126.452,48.651,349.159,933388
-126.353,48.578,348.384,933409
-125.901,48.752,347.843,933430
-125.905,48.950,346.969,933451
-125.382,49.094,346.490,933472
-126.259,49.521,344.859,933493
-127.513,50.024,342.926,933514
-128.613,50.217,341.071,933535
-129.294,50.269,339.527,933556
-130.287,50.464,337.700,933577
-130.632,50.399,336.352,933598
-130.927,50.320,335.059,933619
-131.175,50.297,333.766,933640
-131.320,50.288,332.532,933661
-131.677,50.418,331.113,933682
-132.101,50.192,329.625,933703
-132.574,50.106,328.052,933724
-132.925,49.971,326.554,933745
-132.616,49.866,325.534,933766
-132.169,49.579,324.591,933787
-132.114,49.530,323.303,933808
-131.448,49.343,322.465,933829
-130.745,49.168,321.657,933850
-129.981,48.965,320.894,933871
-129.732,48.875,319.707,933892
-129.374,48.713,318.596,933913
-128.511,48.654,317.836,933934
-126.936,48.594,318.003,933955
-125.760,48.481,317.856,933976
-124.296,48.584,317.888,933997
-122.914,48.580,317.877,934018
-121.600,48.685,317.802,934039
-120.462,48.669,317.571,934060
-119.745,48.700,317.000,934081
-119.224,48.918,316.218,934102
-118.282,49.048,315.736,934123
-117.704,48.988,314.973,934144
-117.508,49.372,313.906,934165
-117.558,49.587,312.656,934186
-117.304,49.874,311.632,934207
-117.581,50.227,310.181,934228
-118.034,50.423,308.555,934249
-118.020,50.467,307.245,934270
-118.485,50.391,305.552,934291
-119.023,50.240,303.772,934312
-119.709,50.083,301.867,934333
-120.167,49.680,300.126,934354
-120.698,49.211,298.337,934375
-121.311,48.696,296.495,934396
-122.401,48.413,294.281,934417
-123.534,48.159,292.057,934438
-124.707,47.873,289.778,934459
-125.783,47.338,287.543,934480
-126.657,47.108,285.456,934501
-127.785,46.727,283.139,934522
-128.535,46.448,281.098,934543
-129.225,45.800,279.131,934564
-130.319,45.436,276.890,934585
-131.087,44.825,274.930,934606
-131.775,44.693,273.038,934627
-132.203,44.280,271.349,934648
-132.953,44.058,269.450,934669
-133.618,44.014,267.602,934690
-133.671,43.945,266.174,934711
-133.802,43.789,264.689,934732
-134.176,43.797,263.053,934753
-134.070,44.063,261.763,934774
-134.119,44.103,260.387,934795
-134.358,44.318,258.878,934816
-134.245,44.825,257.597,934837
-134.090,45.364,256.359,934858
-134.069,45.999,255.031,934879
-134.165,46.442,253.611,934900
-133.714,47.010,252.580,934921
-133.614,47.378,251.282,934942
-132.963,47.785,250.390,934963
-132.388,48.364,249.454,934984
-132.034,48.639,248.350,935005
-131.684,49.282,247.225,935026
-131.116,49.880,246.271,935047
-130.927,50.418,245.006,935068
-130.752,50.730,243.745,935089
-130.453,50.749,243.180,935110
-130.228,50.376,242.559,935131
-129.984,49.942,241.940,935152
-129.526,49.508,241.486,935173
-129.090,49.090,240.992,935194
-128.690,48.646,240.473,935215
-128.174,48.411,240.021,935236
-127.992,48.385,239.282,935257
-127.476,48.127,238.767,935278
-127.211,48.026,238.043,935299
-126.990,47.931,237.259,935320
-126.647,47.434,236.571,935341
-126.679,47.327,235.573,935362
-126.232,47.106,234.948,935383
-125.832,46.674,234.280,935404
-125.534,46.244,233.509,935425
-125.423,45.893,232.613,935446
-125.051,45.786,231.872,935467
-125.161,45.773,230.792,935488
-125.264,45.717,229.710,935509
-125.383,45.601,228.592,935530
-125.494,45.552,227.482,935551
-125.403,45.294,226.495,935572
-125.489,45.137,225.380,935593
-125.129,45.120,224.565,935614
-124.856,45.216,223.662,935635
-124.638,45.349,222.759,935656
-124.893,45.555,221.531,935677
-125.033,45.497,220.396,935698
-124.973,45.768,219.393,935719
-124.876,45.729,218.397,935740
-125.137,45.716,217.145,935761
-125.451,45.768,215.849,935782
-125.533,45.727,214.708,935803
-125.698,46.105,213.468,935824
-125.746,46.361,212.289,935845
-125.986,46.646,210.958,935866
-126.260,46.874,209.594,935887
-126.637,46.723,208.171,935908
-127.057,46.777,206.703,935929
-127.454,46.775,205.247,935950
-127.361,46.637,204.126,935971
-127.644,46.331,202.710,935992
-127.493,46.094,201.590,936013
-127.823,45.894,200.084,936034
-127.638,45.711,198.935,936055
-127.386,45.509,197.811,936076
-127.132,45.206,196.693,936097
-127.125,44.829,195.390,936118
-126.830,44.627,194.246,936139
-127.023,44.376,192.734,936160
-127.105,44.019,191.288,936181
-127.201,43.689,189.772,936202
-126.880,43.326,188.531,936223
-126.566,43.119,187.275,936244
-126.680,42.831,185.690,936265
-126.824,42.703,184.081,936286
-126.811,42.715,182.555,936307
-126.869,42.668,180.991,936328
-126.829,42.358,179.487,936349
-126.890,42.244,177.882,936370
-126.843,42.037,176.322,936391
-126.855,41.884,174.722,936412
-127.032,42.095,173.008,936433
-126.841,42.189,171.505,936454
-126.658,42.484,169.983,936475
-126.528,42.852,168.417,936496
-126.478,43.222,166.804,936517
-126.251,43.155,165.294,936538
-125.855,43.053,163.897,936559
-125.775,43.343,162.280,936580
-125.228,43.344,160.972,936601
-124.653,43.423,159.673,936622
-124.169,43.746,158.306,936643
-123.623,44.067,156.989,936664
-123.020,44.333,155.736,936685
-122.647,44.716,154.340,936706
-122.533,44.809,152.812,936727
-122.528,44.962,151.213,936748
-122.269,44.906,149.822,936769
-122.365,45.068,148.152,936790
-122.449,45.170,146.504,936811
-122.138,45.429,145.142,936832
-121.741,45.532,143.845,936853
-121.391,45.666,142.524,936874
-121.560,45.739,140.878,936895
-121.463,46.021,139.379,936916
-121.730,46.038,137.663,936937
-121.707,45.937,136.138,936958
-122.105,45.872,134.311,936979
-122.648,45.919,132.401,937000
-122.753,45.952,130.795,937021
-122.924,46.004,129.139,937042
-123.377,46.267,127.287,937063
-123.560,46.369,125.638,937084
-123.892,46.581,123.864,937105
-124.061,46.665,122.202,937126
-124.631,46.553,120.231,937147
-124.754,46.454,118.573,937168
-125.182,46.215,116.728,937189
-125.299,46.195,115.069,937210
-125.515,46.259,113.341,937231
-125.578,45.985,111.682,937252
-125.675,46.019,109.951,937273
-125.557,45.793,108.334,937294
-125.859,45.730,106.375,937315
-125.971,45.756,104.509,937336
-126.125,45.470,102.565,937357
-125.871,45.067,100.883,937378
-125.624,44.694,99.182,937399
-125.182,44.521,97.570,937420
-124.767,44.305,95.904,937441
-124.257,44.267,94.252,937462
-123.794,44.157,92.507,937483
-124.054,43.457,92.297,937504
-124.379,42.899,91.918,937525
-124.475,42.251,91.563,937546
-124.822,41.478,90.973,937567
-125.071,41.025,90.389,937588
-125.117,40.467,89.874,937609
-124.929,39.992,89.497,937630
-124.363,39.780,89.347,937651
-124.081,39.761,89.003,937672
-123.361,40.064,88.908,937693
-123.021,39.975,89.267,937714
-122.978,40.028,89.401,937735
-122.881,40.037,89.502,937756
-122.428,40.384,89.762,937777
-121.983,40.399,89.961,937798
-121.563,40.518,90.101,937819
-120.976,40.727,90.305,937840
-120.291,41.068,90.541,937861
-120.068,41.644,90.450,937882
-119.815,41.930,90.584,937903
-119.473,42.529,90.873,937924
-119.295,43.113,91.012,937945
-118.747,43.590,91.346,937966
-118.710,43.999,91.291,937987
-118.682,44.650,91.181,938008
-118.347,45.226,91.266,938029
-118.561,45.781,90.975,938050
-118.329,46.214,90.994,938071
-118.479,47.000,90.745,938092
-118.289,47.503,90.712,938113
-118.222,48.159,90.587,938134
-118.581,48.588,90.089,938155
-118.435,48.927,89.960,938176
-118.857,49.288,89.404,938197
-119.207,49.397,88.864,938218
-119.595,49.458,88.310,938239
-119.659,49.726,87.955,938260
-119.837,49.567,87.460,938281
-119.900,49.420,87.055,938302
-120.116,49.599,86.520,938323
-120.627,49.522,85.732,938344
-121.199,49.493,84.873,938365
-121.548,49.076,84.143,938386
-121.913,48.623,83.414,938407
-122.411,48.162,82.574,938428
-122.616,47.614,81.947,938449
-122.859,47.477,81.294,938470
-123.342,47.023,80.462,938491
-123.368,46.738,79.950,938512
-123.655,46.573,79.214,938533
-124.118,46.300,78.344,938554
-124.512,46.090,77.515,938575
-124.957,45.662,76.655,938596
-125.227,45.127,75.946,938617
-125.272,44.613,75.388,938638
-125.164,44.261,74.955,938659
-125.344,43.868,74.315,938680
-125.284,43.851,73.811,938701
-125.126,43.887,73.384,938722
-125.134,44.048,72.821,938743
-124.910,44.148,72.409,938764
-125.123,44.320,71.681,938785
-125.208,44.294,71.058,938806
-125.199,44.272,70.463,938827
-125.000,44.682,70.032,938848
-124.651,45.061,69.713,938869
-124.321,45.182,69.384,938890
-124.244,45.401,68.835,938911
-124.248,45.905,68.183,938932
-123.831,46.358,67.823,938953
-123.830,46.610,67.171,938974
-123.390,46.931,66.818,938995
-123.468,47.332,66.076,939016
-123.092,47.671,65.680,939037
-122.834,47.683,65.193,939058
-122.426,47.778,64.821,939079
-122.513,48.009,64.101,939100
-122.220,48.309,63.635,939121
-121.792,48.431,63.259,939142
-121.799,48.388,62.544,939163
-121.895,48.400,61.762,939184
-121.994,48.321,60.963,939205
-122.125,48.203,60.142,939226
-122.277,48.013,59.290,939247
-122.452,47.740,58.416,939268
-122.154,47.315,57.869,939289
-121.887,47.045,57.295,939310
-121.651,46.688,56.677,939331
-121.443,46.420,56.050,939352
-121.272,46.225,55.409,939373
-121.626,46.132,54.383,939394
-121.846,45.737,53.471,939415
-122.211,45.537,52.452,939436
-122.235,45.474,51.687,939457
-122.220,45.413,50.968,939478
-122.308,45.048,50.181,939499
-122.280,44.991,49.460,939520
-122.458,45.101,48.595,939541
-122.479,44.830,47.837,939562
-122.961,44.847,46.749,939583
-123.452,44.989,45.676,939604
-123.983,44.981,44.591,939625
-124.493,45.127,43.521,939646
-124.616,45.281,42.736,939667
-125.024,45.185,41.751,939688
-125.063,45.307,41.008,939709
-125.150,45.186,40.238,939730
-125.369,45.483,39.388,939751
-125.573,45.408,38.534,939772
-125.631,45.314,37.798,939793
-125.898,45.644,36.951,939814
-126.260,45.848,36.028,939835
-126.519,45.943,35.197,939856
-126.427,46.269,34.589,939877
-126.179,46.328,34.119,939898
-126.160,46.680,33.491,939920
-126.138,47.000,32.851,939941
-125.978,46.889,32.303,939962
-125.631,46.831,31.922,939983
-125.683,47.114,31.253,940004
-125.676,47.052,30.641,940025
-125.757,47.177,29.977,940046
-125.452,47.038,29.598,940067
-124.984,47.100,29.339,940088
-125.084,47.151,28.657,940109
-124.704,47.201,28.340,940130
-124.339,47.037,27.996,940151
-124.389,46.779,27.338,940172
-124.329,46.878,26.777,940193
-124.319,46.522,26.172,940214
-124.232,46.531,25.637,940235
-124.365,46.193,24.934,940256
-124.074,45.955,24.546,940277
-124.164,45.937,23.890,940298
-124.316,45.940,23.183,940319
-124.242,45.544,22.664,940341
-124.169,45.554,22.150,940362
-124.206,45.222,21.586,940383
-124.583,45.196,20.802,940404
-124.937,44.994,20.012,940425
-125.326,44.889,19.207,940446
-125.273,44.851,18.707,940467
-125.216,44.711,18.208,940488
-125.567,44.957,17.412,940509
-125.547,45.025,16.843,940530
-125.528,45.199,16.300,940551
-125.612,45.439,15.632,940572
-125.950,45.427,14.787,940593
-125.869,45.603,14.228,940614
-126.218,45.706,13.357,940635
-126.517,45.717,12.535,940656
-126.361,45.816,12.047,940677
-126.588,46.209,11.299,940698
-126.483,46.489,10.799,940719
-126.446,46.824,10.248,940740
-126.483,47.243,9.630,940761
-126.274,47.380,9.170,940782
-126.288,47.836,8.556,940803
-126.100,47.899,8.072,940824
-126.186,48.018,7.402,940845
-126.343,48.202,6.697,940866
-126.005,48.385,6.378,940887
-126.132,48.526,5.708,940908
-126.305,48.774,5.016,940929
-126.063,48.721,4.606,940950
-125.718,48.912,4.296,940971
-125.568,48.776,3.834,940992
-125.687,49.064,3.149,941013
-125.899,49.059,2.330,941034
-125.767,49.244,1.802,941055
-125.627,48.981,1.255,941076
-125.557,49.156,0.628,941097
-125.641,49.011,359.913,941118
-125.305,49.017,359.448,941139
-125.514,49.127,358.543,941160
-125.288,49.217,357.885,941181
-125.481,49.422,356.887,941202
-125.800,49.566,355.761,941223
-126.152,49.443,354.540,941244
-126.556,49.399,353.240,941265
-126.449,49.236,352.290,941286
-126.338,49.179,351.278,941307
-126.255,48.983,350.235,941328
-126.309,49.092,349.049,941349
-126.267,49.062,347.930,941370
-126.338,49.165,346.722,941391
-126.665,48.936,345.289,941412
-127.108,49.028,343.750,941433
-127.442,48.840,342.273,941454
-127.673,48.997,340.863,941475
-127.507,48.807,339.753,941496
-127.526,48.929,338.484,941517
-127.367,48.667,337.340,941538
-127.160,48.347,336.216,941559
-126.721,48.231,335.231,941580
-124.957,48.157,336.239,941601
-123.247,48.189,337.162,941622
-121.583,48.041,338.045,941643
-119.945,47.815,338.885,941664
-118.668,47.755,339.454,941685
-117.303,47.544,340.059,941706
-115.941,47.575,340.649,941727
-114.837,47.787,340.997,941748
-113.872,48.031,341.228,941769
-113.427,48.507,341.065,941790
-112.849,48.795,340.996,941811
-112.434,49.132,340.774,941832
-112.314,49.653,340.314,941853
-112.091,49.915,339.911,941874
-112.216,49.955,339.226,941895
-112.691,50.145,338.269,941916
-112.904,50.150,337.489,941937
-113.631,50.353,336.329,941958
-114.322,50.646,335.186,941979
-115.300,50.669,333.808,942000
-116.384,50.614,332.351,942021
-117.456,50.748,330.910,942042
-118.686,50.702,329.301,942063
-119.743,50.380,327.804,942084
-120.832,50.008,326.235,942105
-121.955,49.590,324.645,942126
-122.855,49.230,323.206,942147
-123.981,48.773,321.613,942168
-125.281,48.655,319.874,942189
-126.507,48.555,318.198,942210
-127.354,48.364,316.782,942231
-128.573,48.168,315.117,942252
-129.731,47.857,313.464,942273
-130.762,47.514,311.917,942294
-131.383,47.016,310.674,942315
-131.692,46.679,309.646,942336
-131.945,46.371,308.650,942357
-132.604,46.099,307.358,942378
-132.884,45.729,306.332,942399
-133.000,45.708,305.421,942420
-133.545,45.714,304.225,942441
-134.028,45.770,303.014,942462
-134.329,45.627,301.906,942483
-134.136,45.574,301.123,942504
-134.359,45.586,300.034,942525
-134.263,45.911,299.159,942546
-133.861,46.147,298.495,942567
-133.524,46.515,297.805,942588
-133.424,46.902,296.927,942609
-133.053,47.413,296.227,942630
-132.468,47.539,295.687,942651
-132.204,47.909,294.913,942672
-131.708,48.120,294.308,942693
-130.776,48.420,294.005,942714
-129.805,48.743,293.726,942735
-129.052,48.904,293.319,942756
-128.387,49.008,292.826,942777
-127.694,49.465,292.357,942798
-127.077,49.883,291.808,942819
-126.294,49.994,291.370,942840
-126.134,50.202,290.434,942861
-125.971,50.490,289.508,942882
-125.875,50.448,288.536,942903
-125.373,50.463,287.876,942924
-124.884,50.412,287.232,942945
-124.914,50.180,286.191,942966
-124.787,50.217,285.259,942987
-124.544,50.171,284.416,943008
-124.631,49.806,283.318,943029
-124.763,49.401,282.196,943050
-124.855,49.347,281.091,943071
-125.132,49.235,279.849,943092
-125.520,49.047,278.540,943113
-125.859,48.544,277.276,943134
-126.012,48.000,276.136,943155
-126.491,47.520,274.749,943176
-126.559,47.095,273.649,943197
-127.145,46.815,272.167,943218
-127.696,46.511,270.713,943239
-127.801,46.021,269.561,943260
-127.752,45.824,268.483,943281
-128.175,45.605,267.051,943302
-128.120,45.504,265.944,943323
-128.173,44.974,265.301,943344
-128.119,44.351,264.717,943365
-128.254,43.763,263.977,943386
-128.263,43.618,263.299,943407
-128.174,43.474,262.665,943428
-128.302,43.094,261.866,943449
-128.418,43.202,261.074,943470
-128.672,43.213,260.169,943491
-128.780,43.499,259.346,943512
-128.754,43.537,258.595,943533
-128.380,43.730,258.065,943554
-128.090,44.142,257.440,943575
-127.886,44.684,256.747,943596
-127.980,44.963,255.829,943617
-128.174,45.536,254.824,943638
-128.036,46.135,254.048,943659
-127.879,46.730,253.263,943680
-127.867,46.976,252.356,943701
-127.774,47.573,251.487,943722
-127.587,47.728,250.689,943743
-127.322,48.003,249.930,943764
-127.184,48.023,249.073,943785
-127.437,48.113,247.908,943806
-127.709,48.261,246.736,943827
-127.934,48.477,245.577,943848
-127.771,48.286,244.735,943869
-127.850,48.123,243.693,943890
-128.044,48.162,242.535,943911
-127.965,48.244,241.597,943932
-127.794,47.886,240.716,943953
-127.471,47.712,239.960,943974
-127.122,47.473,239.212,943995
-126.786,47.259,238.453,944016
-126.599,46.814,237.563,944037
-126.401,46.746,236.666,944058
-126.145,46.334,235.818,944079
-126.315,46.293,234.634,944100
-126.427,45.948,233.517,944121
-126.577,45.650,232.365,944142
-126.383,45.613,231.449,944163
-126.021,45.391,230.650,944184
-125.753,45.373,229.771,944205
-125.874,45.156,228.614,944226
-125.957,44.923,227.497,944247
-125.942,45.043,226.435,944268
-126.067,45.068,225.299,944289
-126.044,44.880,224.267,944310
-125.962,44.678,223.264,944331
-126.052,44.722,222.137,944352
-125.677,44.611,221.336,944373
-125.572,44.919,220.348,944394
-125.249,45.110,219.495,944415
-124.987,45.260,218.608,944436
-124.708,45.321,217.735,944457
-124.507,45.493,216.788,944478
-124.456,45.450,215.724,944499
-124.745,45.728,214.397,944520
-125.025,45.761,213.103,944541
-125.280,46.090,211.813,944562
-125.598,46.386,210.442,944583
-125.916,46.357,209.076,944604
-125.794,46.396,208.006,944625
-125.755,46.295,206.888,944646
-126.101,46.477,205.455,944667
-126.453,46.409,204.027,944688
-126.856,46.405,202.545,944709
-127.242,46.337,201.059,944730
-127.326,46.006,199.797,944751
-127.531,46.112,198.418,944772
-127.567,46.193,197.156,944793
-127.512,46.233,195.973,944814
-127.408,46.119,194.804,944835
-127.530,46.306,193.460,944856
-127.358,46.121,192.342,944877
-127.268,45.886,191.157,944898
-127.266,45.672,189.926,944919
-127.050,45.443,188.808,944940
-127.114,45.365,187.451,944961
-126.935,45.181,186.236,944982
-126.928,45.103,184.885,945003
-126.637,45.320,183.684,945024
-126.364,45.567,182.457,945045
-126.376,45.886,181.013,945066
-126.543,46.067,179.436,945087
-126.721,46.121,177.836,945108
-126.369,46.181,176.593,945129
-126.477,46.514,175.000,945150
-126.256,46.458,173.638,945171
-126.354,46.808,172.050,945192
-126.527,47.077,170.385,945213
-126.170,47.169,169.085,945234
-125.873,47.319,167.745,945255
-125.658,47.159,166.326,945276
-125.744,46.977,164.695,945297
-125.861,46.794,163.052,945318
-125.584,46.505,161.697,945339
-125.737,46.274,160.022,945360
-125.881,45.999,158.355,945381
-126.009,45.678,156.684,945402
-126.147,45.731,154.993,945423
-125.968,45.671,153.552,945444
-125.883,45.709,152.045,945465
-124.613,45.743,151.887,945486
-123.015,45.865,151.974,945507
-121.595,46.049,151.909,945528
-120.186,46.097,151.821,945549
-118.865,46.091,151.657,945570
-117.657,46.140,151.381,945591
-116.600,45.978,150.965,945612
-116.024,45.904,150.186,945633
-115.251,46.149,149.550,945654
-114.847,46.434,148.661,945675
-114.682,46.676,147.573,945696
-114.478,46.558,146.564,945717
-114.689,46.695,145.218,945738
-114.595,46.862,144.063,945759
-114.998,46.773,142.519,945780
-115.128,46.782,141.132,945801
-115.336,46.663,139.655,945822
-115.664,46.725,138.034,945843
-116.077,46.798,136.308,945864
-116.583,46.834,134.475,945885
-117.431,46.967,132.364,945906
-118.471,46.783,130.099,945927
-119.500,46.541,127.841,945948
-120.570,46.381,125.497,945969
-121.500,46.060,123.215,945990
-122.538,45.773,120.837,946011
-123.630,45.558,118.345,946032
-124.230,45.155,116.152,946053
-124.859,45.011,113.873,946074
-125.711,44.922,111.374,946095
-126.178,44.690,109.080,946116
-126.993,43.733,107.972,946137
-127.581,42.893,106.914,946158
-128.030,42.316,105.820,946179
-128.325,41.856,104.760,946200
-128.448,41.548,103.750,946221
-128.406,41.059,102.819,946242
-128.461,40.755,101.767,946263
-128.501,40.769,100.694,946284
-128.423,40.974,99.632,946305
-128.453,40.650,99.009,946326
-128.462,40.447,98.357,946347
-128.381,40.322,97.702,946368
-127.943,40.579,97.229,946389
-127.333,40.553,96.856,946410
-126.782,40.657,96.430,946431
-126.079,41.261,96.058,946452
-125.189,41.864,95.802,946473
-124.266,42.564,95.559,946494
-123.373,43.319,95.283,946515
-122.731,44.196,94.815,946536
-122.024,44.665,94.382,946557
-121.400,45.200,93.889,946578
-120.851,45.554,93.499,946599
-120.098,46.280,93.257,946620
-119.312,46.699,93.027,946641
-118.487,47.347,92.820,946662
-117.894,48.084,92.431,946683
-117.605,48.557,91.775,946704
-117.265,49.167,91.158,946725
-116.861,49.738,90.563,946746
-116.639,49.925,89.809,946767
-116.479,50.071,89.020,946788
-116.264,50.068,88.298,946809
-115.781,50.240,87.812,946830
-115.392,50.303,87.253,946851
-115.010,50.288,86.701,946872
-114.682,50.322,86.105,946893
-114.443,50.113,85.422,946914
-114.383,49.804,84.593,946935
-114.788,49.738,83.412,946956
-115.216,49.616,82.236,946977
-115.767,49.546,80.973,946998
-116.196,49.182,79.864,947019
-116.621,48.782,78.770,947040
-117.039,48.368,77.715,947061
-117.239,48.197,76.813,947082
-117.883,48.143,75.572,947103
-118.514,48.092,74.333,947124
-119.144,48.052,73.085,947145
-119.844,47.837,71.766,947166
-120.558,47.746,70.455,947187
-121.056,47.313,69.321,947208
-121.651,47.014,68.128,947229
-121.776,46.748,67.325,947250
-122.015,46.346,66.451,947271
-122.071,46.187,65.735,947292
-122.229,46.244,64.942,947313
-122.329,46.268,64.216,947334
-122.844,46.258,63.219,947355
-123.370,46.279,62.270,947376
-123.402,46.165,61.701,947397
-123.396,46.360,61.181,947418
-123.394,46.292,60.697,947439
-123.147,46.497,60.379,947460
-122.857,46.654,60.085,947481
-122.494,46.956,59.876,947502
-122.502,47.153,59.380,947523
-122.570,47.670,58.863,947544
-122.666,48.019,58.332,947565
-122.465,48.523,58.033,947586
-122.563,48.854,57.519,947607
-122.503,48.922,57.077,947628
-122.433,49.380,56.656,947649
-122.114,49.756,56.380,947670
-121.739,49.988,56.144,947691
-121.947,50.211,55.465,947712
-122.132,50.337,54.789,947733
-122.403,50.510,54.029,947754
-122.522,50.365,53.384,947775
-122.764,50.209,52.602,947796
-122.660,49.939,52.074,947817
-122.490,49.813,51.569,947838
-122.738,49.426,50.742,947859
-122.626,49.085,50.192,947880
-123.038,48.735,49.225,947901
-123.250,48.153,48.399,947922
-123.611,47.956,47.440,947943
-124.120,47.530,46.373,947964
-124.640,47.155,45.291,947985
-125.048,46.869,44.294,948006
-125.137,46.167,43.547,948027
-125.122,45.621,42.850,948048
-125.109,45.112,42.168,948069
-125.250,44.810,41.379,948090
-125.227,44.274,40.664,948111
-125.237,43.990,39.942,948132
-125.317,43.806,39.168,948153
-125.601,43.724,38.280,948174
-125.907,43.513,37.357,948195
-126.195,43.424,36.438,948216
-125.994,43.254,35.834,948237
-126.197,43.411,34.948,948258
-126.171,43.310,34.210,948279
-126.384,43.489,33.299,948300
-126.321,43.489,32.555,948321
-126.032,43.783,31.939,948342
-125.748,44.113,31.307,948363
-125.883,44.605,30.376,948384
-126.070,44.962,29.384,948405
-126.195,45.184,28.413,948426
-125.847,45.397,27.737,948447
-125.533,45.678,27.026,948468
-125.261,45.959,26.277,948489
-125.523,46.178,25.120,948510
-125.400,46.514,24.226,948531
-125.286,46.811,23.318,948552
-125.663,47.153,22.031,948573
-126.093,47.470,20.696,948594
-126.522,47.651,19.352,948615
-126.917,47.736,18.005,948636
-126.814,47.962,17.000,948657
-126.644,47.889,15.999,948678
-126.386,47.938,15.042,948699
-126.599,48.034,13.694,948720
-126.252,47.911,12.749,948741
-125.856,47.849,11.828,948762
-125.974,47.760,10.529,948783
-126.168,47.866,9.176,948804
-126.438,47.828,7.782,948825
-126.842,47.826,6.301,948846
-126.937,47.592,5.043,948867
-126.885,47.594,3.891,948888
-126.997,47.743,2.599,948909
-127.093,47.896,1.291,948930
-127.284,48.091,359.849,948951
-127.197,48.147,358.583,948972
-126.914,48.137,357.445,948993
-127.146,48.171,355.896,949014
-127.347,48.113,354.339,949035
-127.323,47.953,352.941,949056
-127.114,47.840,351.678,949077
-126.867,47.948,350.421,949098
-127.258,48.124,348.694,949119
-127.545,48.106,347.040,949140
-127.944,48.457,345.249,949161
-128.358,48.801,343.433,949182
-128.340,49.026,341.905,949203
-128.765,49.093,340.063,949224
-129.283,49.172,338.131,949245
-129.520,49.523,336.412,949266
-129.824,49.456,334.654,949287
-130.023,49.396,332.934,949308
-130.427,49.708,331.086,949329
-130.785,49.974,329.263,949350
-130.867,50.088,327.667,949371
-131.027,50.266,326.016,949392
-131.414,50.506,324.219,949413
-132.080,50.617,322.203,949434
-132.423,50.397,320.464,949455
-132.656,50.160,318.854,949476
-133.036,50.308,317.135,949497
-133.274,50.401,315.546,949518
-133.556,50.109,313.940,949539
-133.927,49.860,312.264,949560
-134.538,49.810,310.443,949581
-134.874,49.892,308.880,949602
-134.932,49.826,307.527,949623
-134.969,49.523,306.215,949644
-135.077,49.170,304.857,949665
-135.064,48.807,303.609,949686
-134.672,48.940,302.208,949707
-134.084,48.788,301.065,949728
-133.974,48.746,299.565,949749
-133.610,48.939,298.266,949770
-133.630,48.581,298.532,949791
-133.623,48.276,298.742,949812
-133.463,47.878,299.000,949833
-133.251,47.408,299.249,949854
-133.153,46.916,299.333,949875
-132.950,46.315,299.484,949896
-132.747,45.652,299.571,949917
-132.587,45.364,299.557,949938
-132.188,44.797,299.690,949959
-131.860,44.445,299.738,949980
-131.564,44.142,299.728,950001
-131.328,43.928,299.657,950022
-130.965,43.770,299.647,950043
-130.351,43.460,299.775,950064
-129.725,43.126,299.920,950085
-129.292,42.819,299.905,950106
-128.673,42.925,300.011,950127
-128.061,43.124,300.099,950148
-127.827,43.395,299.911,950169
-127.580,43.732,299.730,950190
-127.350,43.865,299.523,950211
-127.021,43.976,299.357,950232
-126.656,44.097,299.156,950253
-126.240,44.176,299.513,950274
-125.647,44.099,299.937,950295
-125.089,44.178,300.272,950316
-124.519,44.196,300.591,950337
-124.437,44.529,300.510,950358
-124.262,44.915,300.468,950379
-123.783,45.183,300.607,950400
-123.663,45.636,300.458,950421
-123.766,45.877,300.121,950442
-123.552,46.274,299.996,950463
-123.213,46.231,299.912,950484
-122.848,46.173,299.835,950505
-122.655,46.032,299.565,950526
-122.309,46.158,299.358,950547
-122.057,45.979,299.029,950568
-122.258,46.142,298.337,950589
-122.576,46.116,297.761,950610
-122.723,46.310,297.265,950631
-123.150,46.351,296.538,950652
-123.443,46.570,295.861,950673
-123.926,46.718,295.006,950694
-124.200,46.522,294.274,950715
-124.274,46.339,293.657,950736
-124.322,46.154,293.042,950757
-124.732,46.267,292.154,950778
-124.550,46.177,291.655,950799
-124.331,46.118,291.140,950820
-124.612,46.167,290.226,950841
-124.942,46.162,289.264,950862
-125.262,46.098,288.292,950883
-125.133,46.096,287.641,950904
-124.991,46.105,286.970,950925
-124.930,46.236,286.224,950946
-124.950,46.434,285.400,950967
-124.928,46.580,284.572,950988
-124.978,46.752,283.669,951009
-125.367,46.814,282.493,951030
-125.675,46.958,281.359,951051
-125.817,47.141,280.333,951072
-126.205,47.144,279.102,951093
-126.008,46.997,278.294,951114
-126.083,46.740,277.257,951135
-125.961,46.487,276.346,951156
-126.107,46.256,275.237,951177
-126.101,46.026,274.256,951198
-126.413,46.098,273.039,951219
-126.175,45.997,272.210,951240
-126.415,45.805,271.043,951261
-126.688,45.910,269.884,951282
-127.005,46.004,268.656,951303
-126.894,45.777,267.716,951324
-126.843,45.543,266.720,951345
-126.731,45.540,265.770,951366
-126.671,45.686,264.787,951387
-126.560,45.809,263.854,951408
-126.850,46.006,262.652,951429
-126.972,46.035,261.559,951450
-127.129,46.220,260.436,951471
-126.869,46.532,259.606,951492
-126.661,46.857,258.739,951513
-126.527,46.796,257.806,951534
-126.064,46.850,257.108,951555
-125.553,46.985,256.395,951576
-125.219,46.889,255.527,951597
-124.965,46.777,254.611,951618
-124.693,47.051,253.672,951639
-124.357,47.265,252.775,951660
-124.300,47.119,251.634,951681
-124.324,46.990,250.425,951702
-124.371,46.794,249.185,951723
-124.075,46.527,248.190,951744
-123.864,46.451,247.095,951765
-123.782,46.057,245.855,951786
-124.128,45.802,244.315,951807
-124.349,45.795,242.814,951828
-124.716,45.421,241.217,951849
-125.037,44.995,239.609,951870
-125.128,44.780,238.133,951891
-125.349,44.689,236.491,951912
-126.007,44.391,234.531,951933
-126.536,43.981,232.614,951954
-126.711,43.861,230.906,951975
-126.860,43.735,229.182,951996
-127.040,43.670,227.414,952017
-127.546,43.490,225.410,952038
-127.664,43.121,223.663,952059
-127.990,42.851,221.740,952080
-128.117,42.586,219.896,952101
-128.385,42.419,217.943,952122
-128.665,42.333,215.915,952143
-128.566,42.526,214.100,952164
-128.362,42.667,212.323,952185
-128.492,42.626,210.285,952206
-128.287,42.653,208.441,952227
-128.599,42.866,206.259,952248
-128.885,43.075,204.077,952269
-129.133,43.259,201.876,952290
-128.941,43.182,199.978,952311
-128.688,43.407,198.112,952332
-128.598,43.801,196.133,952353
-128.256,43.917,194.376,952374
-128.272,44.351,192.388,952395
-127.902,44.717,190.666,952416
-127.443,45.049,189.055,952437
-127.094,45.533,187.380,952458
-127.004,45.721,185.571,952479
-126.868,45.865,183.775,952500
-126.646,45.983,182.051,952521
-126.356,46.084,180.364,952542
-126.026,46.198,178.729,952563
-125.623,46.282,177.153,952584
-122.914,46.723,178.395,952605
-120.221,46.939,179.618,952626
-117.632,47.068,180.743,952647
-115.184,47.118,181.737,952668
-113.080,46.887,182.448,952689
-110.986,46.857,183.093,952710
-109.142,46.599,183.505,952731
-107.497,46.649,183.725,952752
-106.164,46.749,183.642,952773
-104.882,46.770,183.510,952794
-103.885,46.565,183.182,952815
-103.198,46.833,182.638,952836
-102.664,47.126,181.985,952857
-102.574,47.135,181.000,952878
-102.705,47.307,179.849,952899
-102.559,47.380,178.874,952920
-102.969,47.378,177.478,952941
-103.309,47.259,176.102,952962
-103.925,47.134,174.503,952983
-104.704,46.996,172.749,953004
-105.606,47.269,170.909,953025
-106.665,47.532,168.919,953046
-107.651,47.446,166.948,953067
-107.902,47.636,165.538,953088
-107.974,48.014,164.247,953109
-108.151,48.291,162.867,953130
-108.986,48.609,160.978,953151
-109.997,48.705,158.921,953172
-110.759,48.993,157.017,953193
-111.675,49.219,154.947,953214
-113.099,49.176,152.447,953235
-113.896,49.264,150.338,953256
-115.251,49.255,147.771,953277
-116.648,49.069,145.128,953298
-117.938,48.635,142.510,953319
-119.404,48.207,139.714,953340
-120.388,47.861,138.314,953361
-121.208,47.350,136.952,953382
-122.232,47.027,135.353,953403
-123.362,46.300,133.613,953424
-124.488,45.632,131.838,953445
-125.613,45.106,129.995,953466
-126.149,44.348,128.482,953487
-126.862,43.615,126.824,953508
-127.554,42.971,125.107,953529
-127.772,42.281,123.690,953550
-128.255,41.830,122.066,953571
-128.336,41.252,120.655,953592
-128.603,41.122,119.112,953613
-128.476,41.082,117.817,953634
-128.343,41.172,116.515,953655
-128.434,41.336,115.071,953676
-128.393,41.622,113.699,953697
-127.988,41.894,112.547,953718
-127.492,42.190,111.464,953739
-127.255,42.393,110.211,953760
-127.046,42.666,108.975,953781
-126.605,42.896,107.970,953802
-126.128,43.170,106.963,953823
-126.049,43.811,105.698,953844
-125.774,44.611,104.589,953865
-125.780,45.159,103.296,953886
-125.627,45.938,102.110,953907
-125.384,46.650,100.968,953928
-125.358,46.968,99.679,953949
-125.509,47.314,98.272,953970
-125.625,47.554,96.881,953991
-125.555,48.094,95.625,954012
-125.360,48.413,94.470,954033
-125.510,48.921,93.084,954054
-125.783,49.356,91.607,954075
-126.198,49.620,90.041,954096
-126.346,49.528,88.737,954117
-126.347,49.749,87.560,954138
-126.581,49.586,86.232,954159
-126.796,49.363,84.926,954180
-126.678,49.289,83.877,954201
-126.609,49.256,82.799,954222
-126.963,48.936,81.422,954243
-126.854,48.575,80.394,954264
-127.324,48.328,78.916,954285
-127.756,48.099,77.523,954306
-128.094,47.890,76.230,954327
-127.940,47.517,75.311,954348
-127.739,47.049,74.434,954369
-127.537,46.802,73.559,954390
-127.664,46.660,72.423,954411
-127.347,46.263,71.627,954432
-127.182,46.176,70.734,954453
-127.235,45.791,69.692,954474
-126.966,45.685,68.897,954495
-126.959,45.330,67.933,954516
-126.915,44.998,66.999,954537
-126.480,44.885,66.356,954558
-126.042,44.653,65.711,954579
-125.732,44.405,64.981,954600
-125.505,44.609,64.213,954621
-125.336,44.859,63.440,954642
-125.045,45.099,62.751,954663
-124.887,45.010,61.972,954684
-125.033,45.144,61.008,954705
-125.178,45.275,60.020,954726
-125.278,45.637,59.071,954747
-125.203,45.665,58.254,954768
-125.292,45.729,57.339,954789
-125.025,45.929,56.678,954810
-124.945,46.371,55.902,954831
-124.765,46.578,55.208,954852
-124.872,47.020,54.322,954873
-124.870,47.399,53.488,954894
-125.286,47.661,52.347,954915
-125.703,47.890,51.194,954936
-125.823,47.792,50.285,954957
-125.841,47.687,49.429,954978
-126.275,47.677,48.281,954999
-126.250,47.726,47.470,955020
-126.684,47.636,46.324,955041
-126.723,47.608,45.440,955062
-126.728,47.503,44.546,955083
-126.850,47.634,43.597,955104
-127.196,47.814,42.473,955125
-127.658,47.862,41.227,955146
-128.061,47.663,40.031,955167
-127.953,47.527,39.213,955188
-128.353,47.341,38.032,955209
-128.676,47.096,36.896,955230
-128.582,47.081,36.063,955251
-128.404,46.921,35.247,955272
-128.595,47.120,34.156,955293
-129.892,47.599,32.234,955314
-131.197,47.966,30.321,955335
-132.319,48.190,28.488,955356
-133.464,48.552,26.594,955377
-134.420,48.774,24.808,955398
-134.907,49.255,23.331,955419
-135.551,49.465,21.681,955440
-135.959,49.815,20.144,955461
-136.443,50.389,18.528,955482
-137.022,51.049,16.758,955503
-137.777,51.725,14.779,955524
-138.329,52.317,12.900,955545
-139.196,53.002,10.729,955566
-140.007,53.614,8.548,955587
-138.488,53.833,9.673,955608
-137.142,54.409,10.932,955629
-135.307,54.524,12.488,955650
-133.992,54.883,13.527,955671
-132.532,54.912,14.647,955692
-131.324,54.990,15.532,955713
-131.177,55.134,15.330,955734
-130.831,55.056,15.268,955755
-130.308,55.124,15.309,955776
-130.279,55.002,14.866,955797
-129.961,54.990,14.580,955818
-129.712,54.955,14.180,955839
-129.563,54.665,13.612,955860
-129.481,54.585,12.939,955881
-129.554,54.154,12.088,955902
-129.881,54.010,10.988,955923
-129.762,53.455,10.206,955944
-129.511,52.956,9.535,955965
-129.631,52.316,8.554,955986
-129.840,51.729,7.499,956007
-129.981,51.049,6.467,956028
-129.614,50.358,5.851,956049
-129.798,49.607,4.804,956070
-129.612,49.035,4.036,956091
-129.295,48.229,3.361,956112
-129.505,47.577,2.285,956133
-129.626,46.741,1.267,956154
-129.447,45.873,0.469,956175
-129.434,45.107,359.564,956196
-129.444,44.429,358.665,956217
-129.404,43.813,357.790,956238
-129.314,43.671,356.963,956259
-129.385,43.445,356.045,956280
-128.980,43.348,355.482,956301
-128.789,43.478,354.738,956322
-128.367,43.493,354.145,956343
-128.455,43.733,353.211,956364
-128.478,43.753,352.330,956385
-128.484,43.856,351.463,956406
-128.452,44.390,350.612,956427
-128.123,44.604,349.967,956448
-127.767,45.015,349.374,956469
-127.453,45.461,348.763,956490
-127.163,45.902,348.128,956511
-127.356,46.247,347.155,956532
-127.096,46.583,346.512,956553
-127.041,47.132,345.722,956574
-127.225,47.354,344.769,956595
-127.541,47.696,343.709,956616
-127.498,47.797,342.912,956637
-127.673,47.952,341.967,956658
-128.021,48.175,340.863,956679
-128.375,48.597,339.778,956700
-128.886,48.875,338.550,956721
-129.241,49.294,337.456,956742
-129.345,49.288,336.559,956763
-129.761,49.267,335.445,956784
-130.042,49.576,334.435,956805
-130.156,49.428,333.556,956826
-130.105,49.335,332.808,956847
-130.079,49.418,332.033,956868
-130.290,49.524,331.069,956889
-130.769,49.460,329.927,956910
-131.201,49.381,328.829,956932
-131.242,49.336,328.048,956953
-131.646,49.200,326.996,956974
-131.829,48.776,326.146,956995
-131.680,48.488,325.532,957016
-131.622,48.041,324.848,957037
-131.399,47.810,324.296,957058
-131.168,47.557,323.734,957079
-131.021,47.429,323.112,957100
-131.263,47.136,322.224,957121
-131.175,46.692,321.575,957142
-131.369,46.670,320.703,957163
-131.528,46.397,319.890,957184
-131.623,46.126,319.118,957205
-131.790,46.172,318.299,957226
-131.641,45.935,317.694,957247
-131.273,46.031,317.296,957268
-130.941,45.906,316.868,957289
-130.660,46.223,316.425,957310
-130.686,46.439,315.768,957331
-130.360,46.421,315.356,957352
-129.999,46.817,314.966,957373
-129.507,47.154,314.665,957394
-129.072,47.505,314.298,957415
-128.611,47.856,313.948,957436
-128.386,47.814,313.402,957457
-128.163,48.164,312.843,957478
-127.624,48.133,312.516,957499
-127.698,48.227,311.725,957520
-127.219,48.101,311.336,957541
-127.102,48.335,310.675,957562
-127.139,48.281,309.897,957583
-127.256,48.358,309.071,957604
-127.288,48.266,308.333,957625
-126.946,48.013,307.898,957646
-126.609,47.778,307.480,957667
-126.210,47.540,307.131,957688
-126.075,47.649,306.563,957709
-125.823,47.634,306.077,957730
-126.079,47.470,305.192,957751
-125.893,47.220,304.642,957772
-126.225,47.087,303.686,957793
-126.550,47.167,302.722,957814
-126.870,46.919,301.762,957835
-126.941,47.018,300.972,957856
-126.844,46.984,300.305,957877
-126.727,46.839,299.646,957898
-126.667,46.661,298.909,957919
-127.053,46.780,297.830,957940
-127.538,46.804,296.647,957961
-127.727,46.451,295.642,957982
-128.164,46.481,294.453,958003
-128.595,46.390,293.245,958024
-128.585,46.397,292.333,958045
-128.831,46.135,291.250,958066
-128.851,45.884,290.350,958087
-129.121,45.806,289.247,958108
-129.219,46.033,288.267,958129
-128.873,46.079,287.611,958150
-128.842,46.034,286.735,958171
-128.397,46.138,286.147,958192
-128.113,46.444,285.431,958213
-128.185,46.522,284.464,958234
-128.247,46.636,283.464,958255
-127.860,46.848,282.775,958276
-127.393,47.062,282.113,958297
-126.860,47.139,281.468,958318
-126.342,47.330,280.777,958339
-126.247,47.369,279.736,958360
-125.749,47.634,278.962,958381
-125.631,47.737,277.859,958402
-125.422,47.700,276.795,958423
-125.191,47.730,275.750,958444
-124.646,47.491,274.891,958465
-124.006,47.571,274.054,958486
-123.389,47.481,273.196,958507
-123.237,47.716,271.954,958528
-122.938,47.905,270.812,958549
-122.958,47.755,269.395,958570
-123.021,47.565,267.957,958591
-123.200,47.693,266.412,958612
-123.552,47.505,264.751,958634
-122.853,47.570,263.979,958655
-122.576,47.300,262.914,958676
-122.027,47.060,262.068,958697
-121.525,46.860,261.180,958718
-121.574,46.559,259.901,958739
-121.227,46.337,258.859,958760
-121.484,46.124,257.369,958781
-121.892,45.903,255.720,958802
-122.307,45.474,254.066,958823
-122.912,45.172,252.229,958844
-124.592,45.923,251.284,958865
-125.871,46.619,250.493,958886
-127.030,47.097,249.666,958907
-128.182,47.262,248.698,958928
-129.167,47.542,247.699,958949
-130.096,47.642,246.618,958970
-130.896,47.400,245.550,958991
-132.049,47.215,244.151,959012
-133.095,47.060,242.710,959033
-133.916,46.845,241.360,959054
-134.379,46.506,240.147,959075
-135.007,45.816,238.700,959096
-135.107,45.255,237.502,959117
-135.123,44.756,236.288,959138
-135.045,44.214,235.068,959159
-136.140,44.274,233.341,959180
-136.570,44.068,232.011,959201
-136.796,44.079,230.750,959222
-137.104,43.899,229.340,959243
-137.311,43.783,227.945,959264
-137.373,43.679,226.601,959285
-136.953,43.859,225.517,959306
-136.320,43.910,224.524,959327
-135.839,43.766,223.428,959348
-135.117,43.938,222.462,959369
-134.136,43.860,221.639,959390
-134.254,44.044,220.085,959411
-134.110,44.047,218.678,959432
-133.860,43.997,217.322,959453
-133.144,44.193,216.252,959474
-132.304,44.177,215.231,959495
-131.314,44.246,214.325,959516
-131.025,43.971,213.688,959537
-130.306,43.864,213.320,959558
-129.755,43.828,212.819,959579
-129.358,43.706,212.143,959600
-129.056,43.723,211.321,959621
-128.349,43.837,210.763,959642
-127.896,43.700,210.015,959663
-127.407,43.590,209.291,959684
-126.970,43.534,208.523,959705
-126.172,43.707,207.965,959726
-125.356,43.784,207.412,959747
-124.935,43.858,206.573,959768
-124.592,44.202,205.657,959789
-124.107,44.272,204.848,959810
-123.697,44.405,203.970,959831
-123.326,44.566,203.063,959852
-123.156,44.970,202.002,959873
-122.582,45.440,201.211,959894
-122.025,45.854,200.377,959915
-121.484,46.212,199.523,959936
-121.023,46.605,198.625,959957
-120.680,47.053,197.623,959978
-120.497,47.531,196.515,959999
-120.591,47.971,195.195,960020
-120.786,48.219,193.798,960041
-120.908,48.265,192.434,960062
-121.005,48.257,191.078,960083
-121.010,48.205,189.760,960104
-120.840,48.198,188.599,960125
-120.815,48.496,187.313,960146
-120.721,48.718,186.078,960167
-120.550,48.768,184.932,960188
-120.507,48.942,183.701,960209
-120.781,48.749,182.201,960230
-121.168,48.592,180.601,960251
-121.366,48.310,179.117,960272
-121.388,48.240,177.726,960293
-121.878,48.057,175.996,960314
-121.902,47.909,174.601,960335
-122.375,47.872,172.858,960356
-122.440,47.485,171.449,960377
-122.924,47.436,169.711,960398
-123.410,47.380,167.970,960419
-123.745,47.047,166.342,960440
-123.723,46.899,164.947,960461
-123.867,46.559,163.429,960482
-123.733,46.401,162.127,960503
-123.621,46.252,160.797,960524
-123.598,45.970,159.375,960545
-123.562,45.711,157.958,960566
-123.798,45.896,156.322,960587
-123.786,45.921,154.842,960608
-123.970,46.159,153.222,960629
-124.387,46.148,151.394,960650
-124.692,46.029,149.624,960671
-124.787,45.877,147.996,960692
-125.051,45.801,146.184,960713
-125.894,45.423,145.785,960734
-126.517,44.891,145.390,960755
-126.667,44.615,145.217,960776
-126.812,44.484,144.946,960797
-126.600,44.291,144.870,960818
-126.601,44.330,144.564,960839
-126.624,44.319,144.171,960860
-126.341,44.138,143.953,960881
-126.105,44.113,143.650,960902
-125.888,44.206,143.261,960923
-125.418,44.230,142.991,960944
-124.915,44.283,142.682,960965
-124.527,44.782,142.225,960986
-124.270,45.057,142.113,961007
-123.840,45.189,142.043,961028
-123.780,45.431,141.649,961049
-123.735,45.362,141.196,961070
-123.453,45.216,140.855,961091
-122.970,45.221,140.617,961112
-122.555,45.162,140.264,961133
-122.560,45.270,139.568,961154
-122.507,45.574,138.877,961175
-122.299,45.878,138.287,961196
-122.349,46.199,137.451,961217
-122.642,46.308,136.442,961238
-122.603,46.638,135.658,961259
-122.499,46.703,134.912,961280
-122.886,47.104,133.779,961301
-123.066,47.154,132.770,961322
-123.384,47.196,131.628,961343
-123.690,47.162,130.449,961364
-123.728,47.223,129.448,961385
-124.139,47.498,128.138,961406
-124.335,47.665,126.952,961427
-124.895,47.617,125.478,961448
-124.972,47.427,124.361,961469
-125.517,47.447,122.875,961490
-125.798,47.210,121.567,961511
-125.921,47.361,120.370,961532
-125.873,47.321,119.298,961553
-126.334,47.210,117.838,961574
-126.295,47.201,116.725,961595
-126.346,47.297,115.548,961616
-126.719,47.155,114.106,961637
-127.079,47.098,112.709,961658
-127.065,46.846,111.574,961679
-126.888,46.615,110.563,961700
-126.744,46.382,109.532,961721
-126.800,46.207,108.360,961742
-126.667,46.394,107.311,961763
-126.594,46.214,106.247,961784
-126.298,46.385,105.332,961805
-126.192,46.640,104.273,961826
-126.153,46.676,103.162,961847
-126.093,46.859,102.058,961868
-125.693,46.759,101.207,961889
-125.176,47.060,100.448,961910
-124.783,46.973,99.608,961931
-124.085,47.096,98.994,961952
-123.393,47.234,98.379,961973
-122.892,47.456,97.630,961994
-122.410,47.238,96.883,962015
-122.230,47.279,95.920,962036
-121.787,47.378,95.150,962057
-121.661,47.281,94.129,962078
-121.576,47.048,93.088,962099
-121.253,46.700,92.260,962120
-121.286,46.708,91.172,962141
-120.957,46.460,90.361,962162
-121.168,46.289,89.158,962183
-120.911,46.089,88.299,962204
-120.722,45.967,87.410,962225
-120.582,45.919,86.480,962246
-120.416,45.781,85.595,962267
-120.744,45.586,84.379,962288
-120.782,45.187,83.385,962309
-121.087,44.937,82.253,962330
-121.322,44.982,81.189,962351
-121.625,45.064,80.077,962372
-121.619,44.829,79.190,962393
-122.155,44.830,77.937,962414
-122.748,44.902,76.608,962435
-123.120,45.079,75.433,962456
-123.813,45.190,74.053,962477
-124.126,45.036,72.995,962498
-124.664,44.955,71.768,962519
-124.987,45.268,70.748,962540
-125.156,45.428,69.820,962561
-125.796,45.617,68.578,962582
-125.991,45.951,67.636,962603
-126.138,46.271,66.686,962624
-126.179,46.353,65.825,962645
-126.597,46.444,64.694,962666
-127.098,46.688,63.516,962687
-127.517,47.016,62.412,962708
-127.482,47.290,61.662,962729
-127.333,47.378,60.982,962750
-127.370,47.365,60.185,962771
-127.329,47.774,59.456,962792
-127.540,48.152,58.550,962813
-127.351,48.401,57.964,962834
-127.135,48.650,57.375,962855
-127.373,48.761,56.437,962876
-127.195,48.540,55.819,962897
-127.062,48.272,55.175,962918
-127.025,47.982,54.486,962939
-127.176,47.903,53.689,962960
-127.294,47.737,52.949,962981
-126.906,47.632,52.569,963002
-126.588,47.591,52.133,963023
-126.527,47.618,51.504,963044
-126.296,47.567,50.992,963065
-126.079,47.542,50.513,963086
-126.181,47.263,49.812,963107
-126.102,46.862,49.253,963128
-125.877,46.487,48.796,963149
-125.587,46.206,48.377,963170
-125.439,45.871,47.859,963191
-125.231,45.881,47.401,963212
-125.475,45.927,46.640,963233
-125.716,45.875,45.886,963255
-125.677,46.062,45.352,963276
-125.812,46.254,44.704,963297
-125.790,46.083,44.166,963318
-125.963,46.061,43.502,963339
-125.732,45.958,43.115,963360
-125.643,46.254,42.615,963381
-125.847,46.230,41.908,963402
-125.775,46.507,41.401,963423
-125.581,46.588,40.987,963444
-125.599,46.948,40.433,963465
-125.861,47.144,39.680,963486
-125.689,47.153,39.224,963507
-125.829,47.535,38.529,963528
-125.941,47.551,37.825,963549
-125.656,47.766,37.390,963570
-125.368,47.934,36.960,963591
-125.619,48.056,36.115,963612
-125.693,48.341,35.378,963633
-125.463,48.490,34.862,963654
-125.374,48.687,34.239,963675
-125.331,48.835,33.580,963696
-125.020,48.631,33.123,963717
-124.782,48.358,32.615,963738
-124.909,48.064,31.802,963759
-125.075,47.784,30.921,963780
-124.851,47.401,30.289,963801
-124.642,47.014,29.606,963822
-124.801,46.784,28.638,963843
-124.503,46.666,27.992,963864
-124.487,46.742,27.161,963885
-124.539,46.856,26.278,963906
-124.657,46.947,25.311,963927
-124.857,46.897,24.279,963948
-124.546,46.728,23.585,963969
-124.210,46.631,22.872,963990
-123.907,46.596,22.111,964011
-123.830,46.877,21.166,964032
-122.016,46.986,22.213,964053
-120.332,47.217,23.172,964074
-119.322,47.391,23.610,964095
-118.371,47.472,24.009,964116
-117.695,47.647,24.213,964137
-117.026,47.685,24.397,964158
-116.399,47.703,24.541,964179
-115.825,48.072,24.621,964200
-115.355,48.422,24.645,964221
-115.007,48.635,24.520,964242
-114.922,49.067,24.178,964263
-114.974,49.498,23.755,964284
-115.108,49.865,23.249,964305
-115.390,50.206,22.640,964326
-115.748,50.139,21.987,964347
-116.558,50.230,20.988,964368
-117.454,50.267,19.943,964389
-118.484,50.287,18.790,964410
-119.397,50.510,17.708,964431
-120.675,50.472,16.332,964452
-121.492,50.357,15.276,964473
-122.816,50.086,13.822,964494
-124.121,49.821,12.369,964515
-125.456,49.614,10.861,964536
-126.315,49.568,9.702,964557
-127.534,49.318,8.270,964578
-128.420,48.961,7.082,964599
-129.109,48.912,6.046,964620
-130.238,48.839,4.699,964641
-130.774,48.780,3.823,964662
-131.381,48.877,2.873,964683
-132.260,48.685,1.730,964704
-133.079,48.787,0.640,964725
-133.483,48.481,359.862,964746
-134.209,48.299,358.869,964767
-134.980,48.222,357.848,964788
-135.234,48.256,357.212,964809
-135.401,48.334,356.614,964830
-135.529,48.430,356.034,964851
-135.914,48.310,355.242,964872
-136.030,48.554,354.626,964893
-135.751,48.607,354.253,964914
-135.654,48.891,353.748,964935
-135.445,48.772,353.335,964956
-135.068,48.943,353.038,964977
-135.127,49.012,352.434,964998
-134.686,49.036,352.217,965019
-134.301,49.042,351.988,965040
-134.362,49.180,351.413,965061
-134.395,49.274,350.866,965082
-134.338,49.366,350.366,965103
-133.869,49.644,350.153,965124
-133.812,49.709,349.637,965145
-133.757,49.676,349.130,965166
-133.212,49.646,349.020,965187
-132.771,49.503,348.848,965208
-132.620,49.669,348.481,965229
-132.452,49.834,348.119,965250
-132.093,49.592,347.888,965271
-131.548,49.500,347.781,965292
-131.592,49.436,347.212,965313
-131.037,49.269,347.113,965334
-130.614,48.913,346.904,965355
-130.716,48.786,346.315,965376
-130.877,48.545,345.675,965397
-130.667,48.410,345.332,965418
-130.948,48.085,344.631,965439
-130.906,47.922,344.214,965460
-131.093,47.814,343.636,965481
-131.484,47.758,342.958,965502
-131.772,47.645,342.400,965523
-132.416,47.613,341.627,965544
-132.983,47.253,340.943,965565
-133.551,46.945,340.288,965586
-134.045,46.703,339.712,965607
-134.171,46.578,339.453,965628
-134.716,46.613,338.887,965649
-134.779,46.900,338.670,965670
-134.700,47.166,338.556,965691
-135.105,47.315,338.069,965712
-134.940,47.463,337.965,965733
-135.073,47.810,337.595,965754
-135.227,48.115,337.192,965775
-135.522,48.252,336.690,965796
-135.650,48.231,336.283,965817
-135.272,48.272,336.224,965838
-134.841,48.275,336.208,965859
-134.526,48.157,336.080,965880
-134.319,48.488,335.874,965901
-133.773,48.642,335.921,965922
-133.300,48.502,335.898,965943
-132.963,48.734,335.751,965964
-132.424,48.874,335.767,965985
-131.991,48.647,335.716,966006
-131.393,48.414,335.754,966027
-130.784,48.500,335.790,966048
-130.590,48.394,335.501,966069
-130.372,48.305,335.255,966090
-129.678,48.042,335.330,966111
-129.409,48.073,335.116,966132
-129.069,47.834,334.920,966153
-128.296,47.719,335.063,966174
-128.046,47.480,334.789,966195
-127.538,47.538,334.720,966216
-127.031,47.222,334.627,966237
-126.448,46.972,334.626,966258
-125.910,46.752,334.587,966279
-125.381,46.489,334.527,966300
-124.944,46.157,334.385,966321
-124.960,45.923,333.879,966342
-124.948,45.950,333.382,966363
-125.025,45.912,332.798,966384
-125.141,45.877,332.204,966405
-125.297,45.890,331.578,966426
-125.307,46.121,331.108,966447
-125.483,46.058,330.554,966468
-125.474,45.952,330.142,966489
-125.218,46.125,329.891,966510
-124.954,46.121,329.640,966531
-125.100,46.253,329.110,966552
-124.791,46.499,328.840,966573
-124.558,46.810,328.409,966594
-124.567,46.793,327.707,966615
-124.156,46.913,327.195,966636
-123.727,47.040,326.592,966657
-123.393,46.965,325.852,966678
-123.490,47.015,324.728,966699
-123.127,47.111,323.800,966720
-122.802,47.243,322.695,966741
-122.607,47.452,321.321,966762
-122.521,47.222,319.762,966783
-122.705,47.044,317.972,966804
-122.942,46.825,316.107,966825
-123.250,46.558,314.145,966846
-123.617,46.390,312.113,966867
-123.826,46.029,310.153,966888
-124.011,45.703,308.213,966909
-124.426,45.540,306.098,966930
-124.685,45.637,304.076,966951
-125.047,45.342,301.983,966972
-125.097,45.095,300.100,966993
-125.182,44.821,298.171,967014
-125.639,44.660,295.967,967035
-125.911,44.898,293.852,967056
-126.110,44.735,291.742,967077
-126.386,44.716,289.527,967098
-126.137,44.669,287.637,967119
-126.154,44.792,285.545,967140
-126.094,45.042,283.548,967161
-125.999,45.302,281.593,967182
-125.867,45.523,279.713,967203
-125.808,45.826,277.786,967224
-125.764,46.103,275.918,967245
-125.680,46.291,274.108,967266
-125.503,46.691,272.394,967287
-124.996,46.917,270.940,967308
-123.573,47.555,270.084,967329
-121.810,48.229,269.480,967350
-120.570,48.970,268.524,967371
-119.060,49.485,267.820,967392
-118.183,49.782,266.686,967413
-117.392,49.875,265.541,967434
-116.839,49.954,264.240,967455
-116.353,50.249,262.896,967476
-115.599,50.207,261.743,967497
-115.113,50.234,260.325,967518
-114.754,50.089,258.750,967539
-115.236,49.613,258.307,967560
-115.442,49.233,257.862,967581
-115.696,48.726,257.194,967602
-116.388,48.323,256.079,967623
-117.002,47.428,254.914,967644
-117.897,46.713,253.457,967665
-118.721,45.917,251.955,967686
-119.105,45.082,250.700,967707
-119.541,44.536,249.372,967728
-120.315,43.751,247.733,967749
-120.752,43.188,246.252,967770
-121.593,42.490,244.442,967791
-122.420,41.762,242.557,967812
-123.284,41.116,240.609,967833
-123.689,40.627,238.909,967854
-124.497,40.155,236.933,967875
-125.248,39.792,234.961,967896
-125.768,39.717,233.123,967917
-126.152,39.717,231.330,967938
-126.399,39.731,229.614,967959
-126.791,39.551,227.802,967980
-127.303,39.574,225.917,968001
-127.799,39.696,224.013,968022
-127.934,39.850,222.325,968043
-128.408,40.387,220.429,968064
-128.702,40.790,218.648,968085
-128.557,41.494,217.144,968106
-128.399,42.363,215.622,968127
-128.221,43.286,214.126,968148
-128.379,44.350,212.367,968169
-128.594,45.398,210.560,968190
-128.719,46.091,208.823,968211
-128.509,46.699,207.311,968232
-128.698,47.606,205.489,968253
-126.497,48.455,206.384,968274
-124.318,49.138,207.272,968295
-122.230,49.769,208.058,968316
-120.268,50.281,208.737,968337
-118.422,50.693,209.293,968358
-116.630,50.976,209.804,968379
-114.946,51.143,210.180,968400
-113.739,50.989,210.143,968421
-112.783,51.094,209.953,968442
-111.462,50.926,210.062,968463
-110.353,50.655,209.967,968484
-109.653,50.243,209.571,968505
-109.012,50.138,209.141,968526
-108.701,50.102,208.468,968547
-108.508,49.924,207.709,968568
-108.597,49.797,206.706,968589
-108.897,49.221,205.534,968610
-109.611,48.968,204.004,968631
-110.156,48.309,202.603,968652
-110.958,48.108,201.003,968673
-111.838,47.458,199.345,968694
-112.703,47.201,197.707,968715
-113.965,46.661,195.767,968736
-115.214,46.059,193.870,968757
-116.637,45.615,191.802,968778
-118.088,45.293,189.727,968799
-119.541,44.815,187.640,968820
-121.027,44.483,185.527,968841
-122.197,43.837,183.613,968862
-122.680,43.720,182.054,968883
-122.851,43.595,180.656,968904
-123.035,43.540,179.219,968925
-123.386,43.632,177.593,968946
-123.697,43.686,175.937,968967
-124.107,43.796,174.173,968988
-124.263,43.797,172.555,969009
-124.684,43.607,170.701,969030
-125.186,43.589,168.749,969051
-125.228,43.539,167.069,969072
-125.422,43.425,165.236,969093
-125.903,43.447,163.136,969114
-125.937,43.469,161.284,969135
-125.955,43.483,159.353,969156
-127.093,42.676,158.731,969177
-128.139,42.110,157.993,969198
-128.617,41.696,157.548,969219
-128.843,41.373,157.150,969240
-129.187,40.899,156.618,969261
-129.292,40.868,156.145,969282
-129.390,40.698,155.620,969303
-128.897,40.514,155.471,969324
-128.486,40.363,155.200,969345
-127.877,40.409,155.021,969366
-127.673,40.681,154.607,969387
-127.584,40.886,154.799,969408
-127.091,41.017,155.190,969429
-126.959,41.204,155.260,969450
-126.732,41.379,155.374,969472
-126.019,41.728,155.764,969493
-125.655,42.042,155.916,969514
-124.840,42.386,156.357,969535
-124.021,42.944,156.778,969556
-123.225,43.604,157.130,969577
-122.698,44.360,157.279,969598
-122.267,45.069,157.304,969619
-121.905,45.224,157.597,969640
-121.474,45.789,157.890,969661
-121.082,45.929,158.089,969682
-120.809,46.113,158.170,969703
-120.100,46.335,158.539,969724
-119.682,46.378,158.645,969745
-119.154,46.769,158.801,969766
-118.725,47.167,158.822,969787
-118.294,47.512,158.786,969808
-117.665,47.586,158.888,969829
-117.484,47.510,158.616,969850
-117.391,47.421,158.243,969871
-117.403,47.416,157.767,969892
-117.062,47.214,157.814,969913
-117.022,46.898,157.589,969934
-117.285,46.844,157.109,969955
-117.072,46.788,156.913,969976
-117.422,46.735,156.307,969997
-117.673,46.419,155.721,970018
-117.821,46.458,155.188,970039
-118.099,46.524,154.545,970060
-118.624,46.211,153.694,970081
-119.084,45.848,152.879,970102
-119.700,45.592,151.948,970123
-119.789,45.371,151.376,970144
-119.923,45.073,150.767,970165
-120.063,44.930,150.159,970186
-120.695,44.961,149.173,970207
-120.908,44.918,148.467,970228
-121.624,44.802,147.392,970249
-122.333,44.606,146.308,970270
-122.987,44.402,145.264,970291
-123.240,44.398,144.494,970312
-123.986,44.429,143.359,970333
-124.403,44.286,142.462,970354
-124.820,44.601,141.544,970375
-125.161,44.901,140.671,970396
-125.637,45.285,139.730,970417
-126.206,45.670,138.720,970438
-126.827,45.866,137.645,970459
-127.429,45.989,136.585,970480
-127.944,46.026,135.583,970501
-128.205,45.948,134.760,970522
-128.599,45.972,133.822,970543
-128.757,46.356,133.064,970564
-128.684,46.495,132.486,970585
-129.144,46.788,131.539,970606
-129.084,47.111,130.977,970627
-129.527,47.449,130.047,970648
-129.554,47.813,129.425,970669
-129.631,47.769,128.771,970690
-129.427,47.793,128.329,970711
-129.241,47.737,127.868,970732
-129.000,47.682,127.423,970753
-129.239,47.669,126.634,970774
-129.347,47.539,125.957,970795
-129.586,47.555,125.178,970816
-129.259,47.496,124.796,970837
-129.317,47.623,124.134,970858
-129.419,47.681,123.454,970879
-129.358,47.385,122.863,970900
-129.214,47.447,122.322,970921
-128.725,47.178,122.053,970942
-128.283,46.830,121.722,970963
-127.832,46.768,121.406,970984
-127.682,46.411,120.866,971005
-127.197,46.322,120.562,971026
-127.114,46.191,119.947,971047
-126.969,46.133,119.410,971068
-126.774,45.721,118.895,971089
-126.685,45.451,118.306,971110
-126.275,45.110,117.950,971131
-125.795,44.974,117.641,971152
-125.296,44.870,117.333,971173
-124.821,44.731,117.026,971194
-124.296,44.748,116.775,971215
-123.818,44.916,116.493,971236
-123.515,45.211,116.099,971257
-123.407,45.519,115.565,971278
-123.352,45.804,114.990,971299
-123.368,45.830,114.363,971320
-123.124,46.146,113.929,971341
-123.031,46.122,113.416,971362
-122.959,46.087,112.902,971383
-122.644,46.031,112.574,971404
-122.648,46.350,112.022,971425
-122.633,46.630,111.448,971446
-122.300,46.622,111.119,971467
-122.441,46.530,110.438,971488
-122.228,46.354,110.002,971509
-122.286,46.197,109.353,971530
-122.113,46.088,108.881,971551
-122.021,46.317,108.352,971572
-122.372,46.318,107.523,971593
-122.331,46.435,107.010,971614
-122.732,46.596,106.139,971635
-123.196,46.516,105.224,971656
-123.692,46.377,104.296,971677
-124.065,46.127,103.439,971698
-124.158,46.120,102.807,971719
-124.547,45.845,101.931,971740
-124.721,45.861,101.202,971761
-124.772,45.833,100.568,971782
-124.773,45.776,99.982,971803
-124.681,45.541,99.478,971824
-125.105,45.505,98.638,971845
-125.519,45.500,97.803,971866
-125.850,45.222,97.032,971887
-126.290,45.165,96.171,971908
-126.695,44.964,95.339,971929
-126.593,44.728,94.881,971950
-126.521,44.478,94.387,971971
-126.380,44.320,93.945,971992
-126.223,44.297,93.530,972013
-126.046,44.312,93.110,972034
-125.853,44.386,92.686,972055
-126.047,44.651,91.988,972076
-125.923,44.902,91.518,972097
-126.160,44.995,90.775,972118
-126.329,45.073,90.082,972139
-126.421,45.115,89.428,972160
-126.658,45.356,88.627,972181
-126.376,45.430,88.213,972202
-126.051,45.552,87.832,972223
-125.751,45.974,87.406,972244
-125.724,46.120,86.778,972265
-125.343,46.564,86.418,972286
-125.055,47.103,85.994,972307
-125.012,47.538,85.385,972328
-124.930,47.924,84.831,972349
-124.692,48.161,84.446,972370
-124.264,48.341,84.231,972391
-124.168,48.916,83.789,972412
-123.890,49.530,83.483,972433
-123.497,49.969,83.249,972454
-123.572,50.193,82.634,972475
-123.292,50.572,82.270,972496
-123.088,50.951,81.829,972517
-123.435,51.156,80.910,972538
-123.747,51.208,80.027,972559
-123.825,51.137,79.292,972580
-123.892,51.417,78.511,972601
-124.213,51.735,77.516,972622
-124.409,52.021,76.613,972643
-124.769,52.312,75.568,972664
-124.954,52.509,74.678,972685
-125.692,52.447,73.349,972706
-126.042,52.527,72.366,972727
-126.867,52.416,71.021,972748
-127.646,52.222,69.704,972769
-128.077,51.990,68.668,972790
-128.822,51.746,67.377,972811
-129.270,51.815,66.346,972832
-130.188,51.807,64.953,972853
-130.491,51.543,63.999,972874
-131.303,51.552,62.656,972895
-131.622,51.222,61.688,972916
-132.172,50.957,60.511,972937
-132.723,50.707,59.317,972958
-133.382,50.610,58.013,972979
-133.500,50.541,57.093,973000
-134.072,50.564,55.802,973021
-134.487,50.526,54.575,973042
-134.788,50.459,53.407,973063
-134.966,50.339,52.276,973084
-135.001,50.065,51.198,973105
-135.256,50.011,49.872,973126
-135.605,49.642,48.417,973147
-135.962,49.033,47.776,973168
-136.274,48.181,47.133,973189
-136.437,47.398,46.567,973210
-136.540,46.704,46.032,973231
-136.540,46.093,45.551,973252
-136.381,45.597,45.150,973273
-136.639,45.348,44.403,973294
-136.221,45.115,44.083,973315
-136.007,45.194,43.560,973336
-135.680,45.349,43.094,973357
-135.264,45.599,42.667,973378
-134.611,45.847,42.381,973399
-133.905,46.095,42.097,973420
-133.245,46.400,41.755,973441
-132.603,46.726,41.382,973462
-131.971,46.926,41.011,973483
-131.606,47.585,40.366,973504
-131.431,48.010,39.563,973525
-130.831,48.670,39.011,973546
-130.368,48.995,38.319,973567
-130.063,49.412,37.506,973588
-129.311,49.703,36.992,973609
-128.481,50.018,36.524,973630
-127.716,50.425,35.974,973651
-127.240,50.942,35.164,973672
-124.463,51.305,37.047,973693
-122.367,51.689,38.335,973714
-119.947,51.966,39.805,973735
-118.062,52.271,40.798,973756
-116.004,52.455,41.852,973777
-114.478,52.372,42.450,973798
-113.030,52.204,42.967,973819
-111.632,52.106,43.411,973840
-110.368,52.094,43.684,973861
-109.337,52.140,43.750,973882
-108.551,52.185,43.578,973903
-108.002,52.275,43.244,973924
-107.609,52.358,42.752,973945
-107.744,52.223,41.835,973966
-108.136,52.185,40.716,973987
-108.550,52.081,39.583,974008
-109.099,52.209,38.354,974029
-109.353,52.084,37.391,974050
-109.990,51.767,36.133,974071
-110.799,51.833,34.755,974092
-110.952,51.666,34.051,974113
-111.349,51.492,33.121,974134
-111.881,51.263,32.072,974155
-112.649,51.099,30.821,974176
-113.163,50.777,29.750,974197
-114.083,50.447,28.387,974218
-114.852,50.150,27.148,974239
-115.253,50.193,26.245,974260
-115.767,50.160,25.245,974281
-116.655,50.206,23.975,974302
-117.893,50.105,22.464,974323
-119.189,49.993,20.974,974344
-120.417,49.956,19.552,974365
-121.887,49.667,17.992,974386
-123.152,49.146,16.624,974407
-124.678,48.733,15.073,974428
-126.043,48.186,13.646,974449
-127.285,47.586,12.343,974470
-128.442,47.198,11.126,974491
-130.027,47.037,9.613,974512
-131.584,46.898,8.111,974533
-132.689,46.471,6.958,974554
-133.660,46.283,5.910,974575
-134.915,46.335,4.626,974596
-136.175,46.180,3.336,974617
-137.242,45.998,2.180,974638
-137.888,45.833,1.376,974659
-138.901,46.043,0.281,974680
-139.871,46.301,359.214,974701
-140.780,46.596,358.185,974722
-141.008,46.882,357.644,974743
-141.622,47.397,356.814,974764
-142.205,47.740,356.007,974785
-142.688,48.056,355.275,974806
-142.728,48.316,354.863,974827
-142.857,48.579,354.392,974848
-142.742,49.198,354.081,974869
-142.437,49.735,353.910,974890
-142.155,50.313,353.692,974911
-142.314,50.783,353.116,974932
-141.836,51.209,352.993,974953
-141.777,51.747,352.517,974974
-141.481,51.829,352.213,974995
-140.859,52.016,352.162,975016
-140.633,52.053,351.806,975037
-140.076,52.315,351.720,975058
-139.469,52.455,351.676,975079
-138.870,52.487,351.629,975100
-138.451,52.558,351.485,975121
-138.028,52.493,351.358,975142
-137.660,52.014,351.215,975163
-137.794,51.676,350.686,975184
-137.817,51.252,350.220,975205
-137.765,50.780,349.807,975226
-137.525,50.214,349.529,975247
-136.995,49.602,349.453,975268
-136.496,49.289,349.346,975290
-136.172,48.678,349.154,975311
-136.056,48.163,348.795,975332
-135.609,47.946,348.673,975353
-135.630,47.656,348.202,975374
-135.668,47.506,347.696,975395
-135.108,47.247,347.626,975416
-134.572,47.179,347.534,975437
-134.010,47.067,347.470,975458
-133.449,47.009,347.401,975479
-133.187,47.120,347.088,975500
-132.856,47.260,346.850,975521
-132.675,47.331,346.481,975542
-131.977,47.391,346.445,975563
-131.299,47.174,346.364,975584
-130.837,46.952,346.114,975605
-130.154,46.720,346.022,975626
-129.593,46.517,345.839,975647
-129.281,46.458,345.471,975668
-128.930,46.355,345.108,975689
-128.293,46.169,344.917,975710
-127.680,46.325,344.687,975731
-127.351,46.257,344.260,975752
-127.090,46.547,343.798,975773
-126.891,46.565,343.300,975794
-126.607,46.835,342.862,975815
-126.030,46.717,342.667,975836
-125.412,46.885,342.475,975857
-124.758,46.972,342.281,975878
-124.163,46.857,342.032,975899
-123.659,46.992,341.689,975920
-123.228,47.152,341.319,975941
-122.739,47.085,340.956,975962
-122.795,46.972,340.175,975983
-122.937,46.865,339.300,976004
-122.869,46.923,338.557,976025
-122.617,46.568,337.897,976046
-122.870,46.420,336.847,976067
-123.078,46.117,335.834,976088
-123.014,45.871,335.026,976109
-123.397,46.001,333.906,976130
-123.909,45.852,332.701,976151
-124.489,45.890,331.498,976172
-125.096,45.862,330.253,976193
-125.697,45.783,329.018,976214
-126.318,45.791,327.759,976235
-126.505,45.946,326.808,976256
-126.556,45.820,325.943,976277
-126.542,45.788,325.108,976298
-126.523,45.931,324.295,976319
-126.803,46.257,323.287,976340
-127.059,46.153,322.331,976361
-127.424,46.458,321.291,976382
-127.845,46.351,320.215,976403
-128.095,46.597,319.225,976424
-128.526,46.747,318.080,976445
-128.516,46.563,317.251,976466
-128.578,46.787,316.390,976487
-128.791,46.930,315.473,976508
-128.882,47.072,314.674,976529
-128.934,46.986,313.902,976550
-128.458,46.942,313.505,976571
-127.986,46.908,313.092,976592
-127.555,47.117,312.603,976613
-127.388,47.066,311.900,976634
-127.040,46.942,311.335,976655
-126.644,47.184,310.781,976676
-126.015,47.109,310.357,976697
-125.361,47.094,309.883,976718
-124.977,46.964,309.168,976739
-124.748,47.036,308.307,976760
-124.480,47.082,307.449,976781
-123.930,47.292,306.729,976802
-123.626,47.385,305.815,976823
-122.853,47.093,305.204,976844
-122.122,46.973,304.554,976865
-121.711,46.961,303.656,976886
-121.100,46.806,302.834,976907
-120.553,46.496,301.909,976928
-120.063,46.368,300.916,976949
-119.752,46.408,299.765,976970
-119.579,46.489,298.472,976991
-119.629,46.278,297.019,977012
-119.697,46.072,295.568,977033
-119.944,46.013,293.953,977054
-120.062,45.767,292.387,977075
-119.963,45.458,290.967,977096
-119.850,45.128,289.495,977117
-119.845,45.057,287.933,977138
-119.939,44.721,286.289,977159
-120.134,44.727,284.518,977180
-120.607,44.405,282.505,977201
-120.893,44.230,280.569,977222
-121.623,44.023,278.254,977243
-122.494,43.934,275.802,977264
-123.306,43.668,273.344,977285
-123.769,43.581,271.045,977306
-124.291,43.468,268.653,977327
-124.866,43.079,266.204,977348
-125.782,42.791,263.437,977369
-126.267,42.638,260.914,977390
-127.083,42.329,258.104,977411
-127.870,42.075,255.250,977432
-128.343,41.638,252.534,977453
-128.941,41.339,249.708,977474
-129.443,41.007,246.889,977495
-130.643,39.561,245.678,977516
-131.473,38.496,244.616,977537
-132.045,37.503,243.648,977558
-132.772,36.509,242.533,977579
-133.266,35.679,241.569,977600
-133.554,35.042,240.685,977621
-133.472,34.570,239.986,977642
-133.184,34.339,239.395,977663
-133.108,34.482,238.650,977684
-132.914,34.828,237.967,977705
-132.574,35.309,237.355,977726
-131.812,36.216,236.979,977747
-131.299,37.228,236.452,977768
-130.603,38.096,236.006,977789
-129.821,39.364,235.628,977810
-129.059,40.471,235.198,977831
-127.796,41.701,235.081,977852
-126.976,42.901,234.659,977873
-125.673,44.095,234.530,977895
-124.316,45.172,234.438,977916
-122.975,45.972,234.320,977937
-122.840,46.908,232.751,977958
-122.370,47.972,231.405,977979
-121.815,48.816,230.136,978000
-121.625,49.319,228.603,978021
-121.519,49.903,227.114,978042
-119.418,50.430,227.770,978063
-117.338,50.710,228.419,978084
-115.378,50.864,228.977,978105
-113.542,51.011,229.426,978126
-111.873,51.060,229.772,978147
-110.391,51.062,230.027,978168
-109.143,51.010,230.086,978189
-108.521,50.810,229.703,978210
-107.538,50.583,229.593,978231
-106.824,50.407,229.300,978252
-106.743,50.182,228.531,978273
-106.331,49.963,228.007,978294
-106.045,49.563,227.414,978315
-105.931,49.235,226.728,978336
-106.035,48.940,225.857,978357
-106.292,48.813,224.884,978378
-107.139,48.560,223.451,978399
-108.085,48.281,221.919,978420
-108.622,47.996,220.700,978441
-109.719,47.597,219.052,978462
-110.893,47.249,217.348,978483
-112.041,46.803,215.686,978504
-112.984,46.451,214.168,978525
-114.247,46.456,212.411,978546
-115.551,46.475,210.631,978567
-116.694,46.365,208.945,978588
-117.924,46.037,207.211,978609
-119.537,45.767,205.182,978630
-121.031,45.456,203.237,978651
-122.382,45.104,201.395,978672
-123.872,44.853,199.466,978693
-125.332,44.660,197.541,978714
-126.389,44.663,195.907,978735
-127.743,44.569,194.062,978756
-128.757,44.239,192.455,978777
-129.934,44.302,190.706,978798
-130.975,44.004,189.025,978819
-131.867,44.098,187.458,978840
-132.715,43.817,185.909,978861
-133.708,43.716,184.219,978882
-134.615,43.747,182.598,978903
-134.888,43.872,181.396,978924
-135.515,44.082,179.928,978945
-135.669,44.536,178.757,978966
-135.655,45.032,177.712,978987
-135.379,45.474,176.835,979008
-134.957,45.939,176.079,979029
-134.841,46.246,175.097,979050
-134.185,46.589,174.468,979071
-133.769,46.815,173.645,979092
-133.270,47.024,172.835,979113
-132.829,47.198,171.976,979134
-132.042,47.544,171.359,979155
-131.390,47.971,170.628,979176
-131.177,48.452,169.532,979197
-130.679,48.913,168.613,979218
-130.199,48.931,167.656,979239
-129.785,48.878,168.075,979260
-129.392,48.830,168.371,979281
-129.118,48.431,168.463,979302
-128.506,48.326,168.742,979323
-127.715,48.018,169.065,979344
-127.160,47.992,169.144,979365
-126.839,47.784,168.971,979386
-126.477,47.608,168.783,979407
-125.996,47.247,168.635,979428
-125.339,46.845,168.558,979449
-124.866,46.578,168.286,979470
-123.899,46.361,168.310,979492
-123.412,46.240,167.928,979513
-122.453,46.005,167.849,979534
-121.893,46.106,167.426,979555
-120.979,46.204,167.224,979576
-120.454,46.332,166.703,979597
-119.990,46.258,166.094,979618
-119.588,46.214,165.393,979639
-118.784,46.306,164.919,979660
-118.011,46.385,164.400,979681
-117.384,46.182,163.756,979702
-116.717,46.185,163.130,979723
-116.184,46.024,162.361,979744
-115.744,46.005,161.676,979765
-115.847,46.034,160.538,979786
-115.948,46.162,159.406,979807
-115.926,45.932,158.320,979828
-116.055,46.184,157.107,979849
-116.361,46.089,155.757,979870
-116.449,45.872,154.567,979891
-116.553,46.036,153.341,979912
-116.979,45.876,151.887,979933
-117.511,45.744,150.371,979954
-117.854,45.931,148.990,979975
-118.152,45.990,147.655,979996
-118.957,46.060,145.946,980017
-119.827,46.055,144.216,980038
-120.719,45.989,142.483,980059
-121.529,46.151,140.790,980080
-122.374,45.921,139.083,980101
-123.325,45.773,137.282,980122
-124.267,45.619,135.519,980143
-124.896,45.762,133.966,980164
-125.452,45.570,132.483,980185
-126.256,45.433,130.841,980206
-127.036,45.647,129.208,980227
-127.382,45.776,127.896,980248
-128.090,45.727,126.321,980269
-128.513,45.553,124.914,980290
-128.809,45.746,123.624,980311
-128.945,45.557,122.417,980333
-129.069,45.747,121.235,980354
-129.015,45.640,120.189,980375
-128.930,45.743,119.177,980396
-129.235,45.661,117.872,980417
-129.676,45.803,116.449,980438
-129.618,45.928,115.395,980459
-129.573,46.053,114.292,980480
-129.567,46.227,113.190,980501
-129.718,46.415,111.980,980522
-129.539,46.209,111.003,980543
-129.192,46.230,110.167,980564
-129.295,46.269,108.986,980585
-129.235,46.149,107.910,980606
-129.147,46.077,106.868,980627
-129.104,46.131,105.754,980648
-128.953,46.010,104.704,980669
-128.349,46.000,103.984,980690
-127.754,45.928,103.215,980711
-127.120,45.862,102.472,980732
-126.643,46.005,101.646,980753
-126.178,45.781,100.789,980774
-125.646,45.920,99.986,980795
-125.491,46.002,98.906,980816
-125.276,45.972,97.903,980837
-125.002,45.872,96.913,980858
-124.840,45.947,95.825,980879
-124.241,45.816,95.033,980900
-123.643,45.935,94.246,980921
-123.138,46.058,93.387,980942
-122.624,46.116,92.505,980963
-122.160,46.234,91.581,980984
-121.743,46.356,90.629,981005
-121.361,46.128,89.629,981026
-121.370,46.060,88.352,981047
-121.337,46.212,87.106,981068
-121.429,46.050,85.763,981089
-121.181,46.118,84.650,981110
-121.051,46.227,83.477,981131
-121.377,46.279,81.898,981152
-121.477,46.132,80.452,981173
-121.948,46.334,78.710,981194
-122.348,46.663,76.968,981215
-122.898,46.876,75.083,981236
-123.326,46.840,73.262,981257
-123.726,46.813,71.403,981278
-124.093,47.206,69.520,981299
-124.345,47.433,67.709,981320
-124.720,47.753,65.746,981341
-125.200,48.049,63.634,981362
-125.695,48.339,61.431,981383
-126.252,48.645,59.102,981404
-127.098,49.046,56.486,981425
-127.740,49.022,54.008,981446
-128.609,49.112,51.328,981467
-129.151,49.057,48.850,981488
-129.370,49.171,46.611,981509
-126.934,49.676,47.637,981530
-124.388,50.041,48.693,981551
-122.506,50.345,49.184,981572
-120.761,50.541,49.548,981593
-119.222,50.711,49.732,981614
-117.966,50.869,49.627,981635
-116.868,51.255,49.394,981656
-115.657,51.210,49.231,981677
-114.637,51.170,48.886,981698
-113.805,51.179,48.356,981719
-113.194,51.275,47.616,981740
-112.735,51.279,46.732,981761
-112.446,51.152,45.705,981782
-112.497,51.247,44.397,981803
-112.654,50.864,43.016,981824
-113.129,50.523,41.397,981845
-113.714,50.153,39.718,981866
-114.479,49.809,37.887,981887
-115.347,49.385,35.984,981908
-116.244,49.252,34.037,981929
-117.459,48.855,31.871,981950
-118.658,48.261,29.697,981971
-119.889,47.642,27.492,981992
-121.243,47.066,25.182,982014
-122.574,46.441,22.869,982035
-124.056,46.036,20.484,982056
-125.269,45.308,18.286,982077
-126.187,44.650,16.293,982098
-127.114,44.292,14.278,982119
-128.115,44.096,12.256,982140
-129.337,43.735,10.059,982161
-130.370,43.648,8.007,982182
-131.214,43.636,6.081,982203
-132.114,43.355,4.145,982224
-132.926,43.099,2.273,982245
-133.491,42.840,0.596,982266
-134.028,42.674,358.958,982287
-134.557,42.936,357.315,982308
-134.675,43.086,355.936,982329
-135.154,43.404,354.335,982350
-135.560,43.665,352.779,982371
-135.875,44.092,351.266,982392
-136.149,44.372,349.768,982413
-136.639,44.021,349.478,982434
-136.716,44.002,349.437,982455
-136.999,43.836,349.226,982476
-136.949,43.821,349.233,982497
-136.910,44.098,349.195,982518
-136.928,44.159,349.135,982539
-136.824,44.686,349.110,982560
-136.539,45.160,349.214,982581
-136.135,45.641,349.367,982602
-135.783,46.184,349.487,982623
-135.847,46.683,349.291,982644
-135.279,47.028,349.531,982665
-134.693,47.276,349.754,982686
-134.088,47.451,349.935,982707
-133.507,47.943,350.070,982728
-132.939,48.414,350.143,982749
-132.402,48.845,350.127,982770
-131.794,49.154,350.133,982791
-131.659,49.469,349.700,982812
-131.569,49.558,349.227,982833
-131.029,49.552,349.409,982854
-130.988,49.430,349.111,982875
-130.765,49.172,348.908,982896
-130.172,49.050,348.918,982917
-129.659,48.795,348.803,982938
-129.578,48.489,348.299,982959
-129.631,48.397,347.657,982980
-129.422,48.418,347.123,983001
-129.295,48.439,346.504,983022
-129.277,48.289,345.773,983043
-128.739,47.916,345.412,983064
-128.166,47.605,345.058,983085
-127.546,47.395,344.730,983106
-127.133,47.047,344.246,983127
-126.588,46.847,343.844,983148
-126.082,46.683,343.401,983169
-125.894,46.765,342.736,983190
-125.639,46.404,342.074,983211
-125.761,46.236,341.129,983232
-125.408,45.994,340.489,983253
-125.072,45.885,339.804,983274
-125.248,45.943,338.766,983295
-125.378,45.762,337.731,983316
-125.586,45.689,336.639,983337
-125.452,45.850,335.767,983358
-125.568,46.083,334.705,983379
-125.837,46.323,333.544,983400
-125.950,46.590,332.478,983421
-125.899,46.605,331.536,983442
-126.356,46.623,330.241,983463
-126.585,46.518,329.112,983484
-126.889,46.442,327.937,983505
-126.868,46.349,326.970,983526
-126.772,46.459,326.057,983547
-126.834,46.384,324.996,983568
-127.123,46.691,323.761,983589
-127.397,46.746,322.535,983610
-127.686,46.789,321.276,983631
-127.816,47.108,320.121,983652
-128.085,47.402,318.851,983673
-127.975,47.537,317.816,983694
-127.915,47.715,316.708,983715
-127.777,47.748,315.648,983736
-127.587,47.716,314.641,983757
-127.906,47.746,313.251,983778
-128.114,47.618,311.927,983799
-128.373,47.500,310.578,983820
-128.250,47.577,309.509,983841
-128.356,47.323,308.290,983862
-128.612,47.141,306.929,983883
-128.923,47.103,305.509,983904
-128.812,46.762,304.381,983925
-128.574,46.671,303.325,983946
-128.400,46.346,302.243,983967
-128.569,46.300,300.893,983988
-128.354,46.380,299.827,984009
-128.361,46.535,298.580,984030
-128.174,46.254,297.458,984051
-128.400,46.310,296.019,984072
-128.518,46.085,294.658,984093
-128.340,46.110,293.496,984114
-128.221,45.744,292.274,984135
-127.949,45.599,291.136,984156
-127.840,45.236,289.847,984177
-127.564,45.005,288.675,984198
-127.759,44.838,287.140,984219
-127.801,45.016,285.698,984240
-128.024,44.989,284.128,984261
-128.216,45.018,282.580,984282
-128.298,44.919,281.095,984303
-128.213,44.749,279.714,984324
-127.793,44.688,278.564,984345
-127.520,44.929,277.284,984366
-127.449,44.816,275.868,984387
-127.370,45.091,274.423,984408
-127.111,45.335,273.104,984429
-126.696,45.265,271.876,984450
-126.469,45.056,270.502,984471
-126.071,45.046,269.232,984492
-126.145,44.993,267.643,984513
-125.728,44.989,266.374,984534
-125.796,45.062,264.776,984555
-125.762,44.877,263.236,984576
-125.454,45.043,261.873,984597
-125.367,44.891,260.340,984618
-125.309,44.748,258.766,984639
-125.237,44.656,257.190,984660
-125.070,44.854,255.665,984681
-124.834,44.635,254.202,984702
-124.779,44.509,252.613,984723
-124.498,44.273,251.160,984744
-124.002,44.237,249.879,984765
-123.507,44.199,248.587,984786
-122.988,44.098,247.299,984807
-122.963,43.946,245.685,984828
-122.914,43.720,244.094,984849
-122.854,43.533,242.545,984870
-120.712,43.492,243.500,984891
-118.659,43.449,244.387,984912
-116.744,43.375,245.151,984933
-115.197,43.420,245.655,984954
-113.563,43.287,246.164,984975
-112.162,43.269,246.473,984996
-110.947,43.261,246.652,985017
-109.977,43.414,246.643,985038
-109.257,43.688,246.417,985059
-108.875,43.642,245.970,985080
-108.820,44.020,245.262,985101
-108.876,44.180,244.477,985122
-108.729,44.496,243.814,985143
-109.153,44.778,242.739,985164
-109.390,45.254,241.803,985185
-109.806,45.797,240.754,985206
-110.345,46.264,239.598,985227
-111.244,46.878,238.163,985248
-112.558,47.211,236.422,985269
-113.812,47.284,234.681,985290
-115.266,47.481,232.829,985311
-116.818,47.635,230.879,985332
-118.407,47.645,228.914,985353
-119.663,47.404,227.209,985374
-120.878,47.363,225.548,985395
-122.190,46.987,223.800,985416
-123.699,46.987,221.889,985437
-125.148,46.949,220.024,985458
-125.893,46.575,218.711,985479
-126.986,46.337,217.098,985500
-127.906,45.954,215.623,985521
-128.537,45.856,214.369,985542
-128.905,45.569,213.288,985563
-129.698,45.442,211.888,985584
-129.916,45.204,210.898,985605
-130.261,45.123,209.815,985626
-130.451,45.067,208.811,985647
-130.555,45.062,207.850,985668
-130.869,44.844,206.697,985689
-131.087,44.615,205.609,985710
-130.796,44.421,204.836,985731
-130.839,44.180,203.810,985752
-130.857,43.972,202.791,985773
-130.506,43.841,201.980,985794
-130.193,43.991,201.098,985815
-130.113,43.926,200.035,985836
-130.167,44.189,198.835,985857
-129.681,44.394,197.964,985878
-129.181,44.385,197.085,985899
-129.085,44.729,195.892,985920
-128.921,44.699,194.720,985941
-128.422,44.792,193.768,985962
-128.039,45.070,192.690,985983
-127.577,45.129,191.597,986004
-127.170,45.437,190.469,986025
-126.812,45.792,189.227,986046
-126.455,46.146,187.956,986067
-126.483,46.369,186.348,986088
-126.431,46.405,184.763,986109
-125.962,46.576,183.455,986130
-125.780,46.492,181.948,986151
-125.629,46.401,180.374,986172
-125.598,46.370,178.686,986193
-125.306,46.595,177.130,986214
-124.922,46.569,175.619,986235
-125.082,46.641,173.691,986256
-125.431,46.174,172.309,986277
-125.315,45.672,171.241,986298
-125.638,45.264,169.853,986319
-125.649,44.781,168.632,986340
-125.932,44.547,167.215,986361
-126.091,44.225,165.868,986382
-125.838,43.991,164.826,986403
-125.776,44.084,163.634,986424
-125.981,44.135,162.227,986445
-126.147,44.168,160.852,986466
-125.797,44.107,159.848,986487
-125.839,44.064,158.592,986508
-125.705,44.389,157.465,986529
-125.307,44.510,156.516,986550
-124.967,44.716,155.489,986571
-125.020,44.745,154.182,986592
-124.645,44.807,153.175,986613
-124.354,45.051,152.109,986634
-124.489,45.393,150.779,986655
-124.758,45.485,149.375,986676
-124.921,45.848,148.028,986697
-124.909,46.151,146.828,986718
-124.896,46.132,145.629,986739
-125.041,46.072,144.323,986760
-124.959,46.234,143.176,986781
-125.351,46.333,141.694,986802
-125.385,46.679,140.508,986823
-125.526,46.657,139.251,986844
-125.797,47.068,137.922,986865
-126.129,47.452,136.586,986886
-126.132,47.738,135.463,986907
-126.478,47.774,134.091,986928
-126.687,47.728,132.803,986949
-127.115,47.806,131.364,986970
-127.015,47.803,130.366,986991
-127.489,47.928,128.925,987012
-127.834,47.772,127.589,987033
-127.922,47.920,126.455,987054
-128.165,48.077,125.203,987075
-128.023,47.948,124.229,987096
-128.210,47.680,123.031,987117
-128.063,47.696,122.081,987138
-127.811,47.502,121.208,987159
-127.534,47.267,120.394,987180
-127.251,47.044,119.565,987201
-126.911,46.974,118.797,987222
-126.638,46.993,118.003,987243
-126.614,46.721,117.025,987264
-126.199,46.590,116.310,987285
-126.329,46.492,115.202,987306
-126.395,46.356,114.122,987327
-126.425,46.462,113.076,987348
-126.201,46.182,112.198,987369
-126.283,46.086,111.079,987390
-125.940,46.137,110.291,987411
-125.589,45.920,109.510,987432
-125.675,46.052,108.413,987453
-126.237,46.693,107.474,987474
-127.265,47.393,106.146,987495
-128.246,47.926,104.853,987516
-129.211,48.445,103.546,987537
-130.043,48.768,102.276,987558
-130.963,49.205,100.894,987579
-131.609,49.420,99.647,987600
-131.855,49.782,98.677,987621
-132.089,50.140,97.667,987642
-132.354,50.581,96.615,987663
-132.477,50.842,95.647,987684
-133.025,50.952,94.350,987705
-133.507,51.030,93.055,987726
-133.968,51.200,91.731,987747
-133.796,51.107,90.854,987768
-133.460,50.998,90.070,987789
-133.533,51.166,88.901,987810
-133.205,51.317,88.040,987831
-132.648,51.266,87.323,987852
-131.950,51.136,86.717,987873
-131.611,51.189,85.794,987894
-131.384,51.101,84.713,987915
-131.573,50.845,83.273,987936
-131.765,50.578,81.788,987957
-131.937,50.319,80.292,987978
-132.071,50.261,78.777,987999
-131.712,50.156,77.637,988020
-131.354,49.803,76.466,988041
-131.462,49.797,74.931,988062
-131.034,49.736,73.765,988083
-130.844,49.853,72.393,988104
-130.676,49.629,70.957,988125
-130.623,49.497,69.422,988146
-129.959,49.522,68.317,988167
-127.927,49.510,69.114,988188
-126.137,49.378,69.689,988209
-124.898,49.367,69.816,988230
-123.362,49.420,70.187,988251
-122.077,49.541,70.352,988272
-121.401,49.905,70.068,988293
-120.988,50.255,69.593,988314
-120.342,50.404,69.289,988335
-119.978,50.362,68.745,988356
-119.750,50.345,68.048,988377
-119.548,50.487,67.284,988398
-119.421,50.663,66.467,988419
-119.413,50.773,65.588,988440
-120.041,50.815,64.218,988461
-120.763,50.994,62.840,988482
-121.600,51.118,61.384,988503
-122.537,51.108,59.896,988524
-123.326,50.871,58.546,988545
-124.343,50.713,57.017,988566
-125.409,50.500,55.464,988587
-126.042,50.263,54.205,988608
-126.986,49.877,52.722,988629
-127.921,49.864,51.235,988650
-128.866,49.425,49.738,988671
-129.832,49.392,48.247,988692
-130.565,48.953,46.940,988713
-131.707,48.830,45.311,988734
-132.306,48.661,44.083,988755
-132.923,48.197,42.829,988776
-133.362,47.741,41.710,988797
-133.811,47.713,40.546,988818
-134.137,47.713,39.490,988839
-134.453,47.306,38.427,988860
-134.820,47.315,37.340,988881
-135.323,47.236,36.131,988902
-135.606,46.992,35.078,988923
-135.338,46.732,34.392,988944
-135.070,46.489,33.657,988965
-134.643,46.264,33.050,988986
-134.467,46.122,32.233,989007
-134.190,46.418,31.504,989028
-133.787,46.737,30.876,989049
-133.582,46.792,30.098,989070
-132.960,47.044,29.604,989091
-132.545,47.480,28.965,989112
-132.306,47.955,28.173,989133
-131.821,48.431,27.541,989154
-131.121,48.597,27.094,989175
-130.688,48.675,26.404,989196
-129.998,48.921,25.881,989217
-129.334,49.213,25.382,989238
-129.156,49.432,24.546,989259
-128.743,49.814,23.870,989280
-128.053,49.901,23.376,989301
-127.785,49.795,22.570,989322
-127.620,49.754,21.655,989343
-127.509,49.643,20.697,989364
-127.105,49.367,19.942,989385
-126.846,49.083,19.057,989406
-126.339,48.869,18.347,989427
-125.825,48.614,17.646,989448
-125.860,48.515,16.559,989469
-125.645,48.117,15.641,989490
-125.116,47.969,14.970,989511
-124.809,47.951,14.126,989532
-124.662,47.969,13.140,989553
-124.438,47.552,12.211,989574
-124.038,47.178,11.379,989595
-123.706,46.782,10.502,989616
-123.506,46.363,9.501,989637
-123.540,46.027,8.351,989658
-123.663,45.849,7.136,989679
-123.824,45.765,5.914,989700
-123.924,45.709,4.736,989721
-124.094,45.541,3.490,989742
-124.266,45.398,2.250,989763
-124.118,45.006,1.218,989784
-123.800,44.913,0.319,989805
-123.529,44.849,359.383,989826
-123.701,44.729,358.125,989847
-123.615,44.965,357.070,989868
-124.019,45.084,355.664,989890
-124.481,45.269,354.243,989911
-124.927,45.385,352.850,989932
-125.388,45.588,351.451,989953
-125.713,45.623,350.164,989974
-125.768,45.985,349.074,989995
-125.647,46.068,348.135,990016
-125.910,46.138,346.912,990037
-125.886,46.481,345.894,990058
-125.759,46.695,344.951,990079
-126.161,46.857,343.634,990100
-126.560,47.076,342.312,990121
-126.928,47.331,341.015,990142
-127.155,47.243,339.841,990163
-127.496,47.294,338.590,990184
-127.322,47.222,337.702,990205
-127.120,47.157,336.819,990226
-126.992,47.099,335.866,990247
-127.355,47.003,334.546,990268
-127.422,46.668,333.426,990289
-127.658,46.514,332.192,990310
-127.842,46.494,331.001,990331
-127.544,46.451,330.151,990352
-127.132,46.162,329.363,990373
-127.203,46.012,328.211,990394
-127.040,45.977,327.196,990415
-126.624,45.802,326.351,990436
-126.257,45.637,325.442,990457
-126.301,45.256,324.211,990478
-126.456,44.993,322.894,990499
-126.094,44.721,321.891,990520
-125.838,44.246,320.794,990541
-124.618,44.512,320.535,990562
-123.113,44.722,320.413,990583
-121.740,44.918,320.215,990604
-120.502,45.056,319.926,990625
-119.476,45.004,319.487,990646
-118.920,44.950,318.715,990667
-118.125,45.114,318.086,990688
-117.849,45.120,317.086,990709
-117.667,45.136,316.003,990730
-117.549,45.039,314.875,990751
-117.585,44.962,313.673,990772
-117.309,44.842,312.715,990793
-117.679,44.687,311.324,990814
-117.802,44.685,310.075,990835
-118.050,44.615,308.735,990856
-119.401,45.352,308.060,990877
-121.253,46.063,306.909,990898
-122.587,46.558,306.015,990919
-123.887,47.001,305.016,990940
-125.153,47.213,303.978,990961
-126.673,47.301,302.722,990982
-128.177,47.353,301.424,991003
-129.600,47.362,300.152,991024
-130.394,47.299,299.281,991045
-130.711,47.349,298.490,991066
-131.463,47.304,297.376,991087
-131.864,47.162,296.477,991109
-132.508,46.761,295.353,991130
-133.035,46.256,294.290,991151
-133.430,45.574,293.305,991172
-133.748,45.002,292.344,991193
-134.193,44.779,291.612,991214
-134.525,44.378,290.915,991235
-134.705,44.109,290.301,991256
-134.765,43.949,289.713,991277
-134.997,43.475,288.960,991298
-134.782,42.841,288.457,991319
-134.345,42.446,288.040,991340
-133.958,41.668,287.520,991361
-133.758,40.922,286.835,991382
-134.313,40.587,285.722,991403
-134.624,40.005,284.693,991425
-134.382,39.573,283.918,991446
-134.409,38.995,282.915,991467
-134.293,38.696,281.962,991488
-134.033,38.118,281.083,991509
-134.223,37.552,280.417,991530
-134.300,37.105,279.798,991551
-133.981,36.517,279.390,991572
-133.501,36.434,279.058,991593
-132.816,36.372,278.805,991614
-132.017,36.421,278.638,991635
-131.228,36.634,278.432,991656
-130.505,36.973,278.138,991677
-130.018,37.185,277.702,991698
-129.387,37.341,277.348,991719
-128.484,37.411,277.160,991740
-127.422,37.851,277.085,991761
-126.458,37.942,276.938,991782
-125.656,38.182,276.715,991803
-124.868,38.453,276.483,991824
-123.821,38.975,276.420,991845
-122.832,39.507,276.350,991866
-122.215,39.836,276.044,991887
-121.362,40.472,275.882,991908
-120.697,41.260,275.597,991929
-120.001,42.044,275.319,991950
-119.374,42.826,274.995,991971
-119.127,43.401,274.400,991992
-118.603,43.855,273.979,992013
-118.314,44.269,273.428,992034
-118.114,45.097,272.819,992055
-117.920,45.887,272.201,992076
-117.812,46.636,271.483,992097
-118.097,47.177,270.457,992118
-118.441,47.615,269.363,992139
-118.860,48.017,268.178,992160
-119.361,48.343,266.915,992181
-119.786,48.451,265.699,992202
-120.413,48.744,264.341,992223
-120.637,48.994,263.255,992244
-120.853,49.203,262.157,992265
-121.118,49.393,260.997,992286
-121.397,49.499,259.785,992307
-122.173,49.477,258.181,992328
-122.928,49.371,256.584,992349
-123.487,48.978,255.107,992370
-124.045,48.536,253.606,992391
-124.727,48.451,252.013,992412
-125.416,47.952,250.411,992433
-125.757,47.649,249.070,992454
-126.117,47.356,247.702,992475
-126.444,47.026,246.382,992496
-126.776,46.743,245.026,992517
-127.105,46.531,243.669,992538
-127.590,46.010,242.188,992559
-128.151,45.799,240.660,992580
-128.221,45.383,239.454,992601
-128.257,45.217,238.294,992622
-128.422,44.864,237.036,992643
-128.422,44.704,235.896,992664
-128.438,44.672,234.759,992685
-128.919,44.763,233.265,992706
-128.866,44.865,232.153,992727
-129.330,45.052,230.649,992748
-129.641,45.101,229.239,992769
-129.493,45.266,228.125,992790
-129.810,45.474,226.692,992811
-129.607,45.704,225.613,992832
-129.393,46.060,224.557,992853
-129.221,46.492,223.450,992874
-128.982,46.904,222.398,992895
-129.106,47.122,221.061,992916
-129.048,47.648,219.822,992937
-128.933,47.759,218.625,992958
-129.032,48.112,217.260,992979
-128.782,48.544,216.148,993000
-128.288,48.647,215.192,993021
-127.826,48.610,214.240,993042
-127.644,48.576,213.021,993063
-127.470,48.852,211.761,993084
-126.881,48.977,210.803,993105
-126.660,49.168,209.516,993126
-126.144,49.285,208.452,993147
-125.580,49.006,207.417,993168
-125.210,48.693,206.214,993189
-124.549,48.492,205.209,993210
-123.950,48.137,204.132,993231
-123.407,47.725,202.960,993252
-122.959,47.252,201.666,993273
-122.592,47.154,200.307,993294
-122.619,47.039,198.656,993315
-122.735,46.862,196.932,993336
-122.734,46.877,195.285,993357
-122.619,46.545,193.718,993378
-122.414,46.286,192.187,993399
-122.483,46.061,190.424,993420
-122.216,45.997,188.891,993441
-121.952,45.802,187.316,993462
-121.693,45.717,185.713,993483
-121.431,45.660,184.082,993504
-121.617,45.771,182.113,993525
-121.609,45.935,180.245,993546
-121.413,45.846,178.517,993567
-121.650,45.794,176.512,993588
-121.744,45.272,174.528,993609
-122.170,44.837,172.400,993630
-122.151,44.573,170.610,993651
-122.400,44.155,168.664,993672
-122.641,44.209,166.728,993693
-122.957,44.170,164.776,993714
-122.845,43.998,163.124,993735
-123.134,44.049,161.211,993756
-123.345,44.116,159.405,993777
-123.240,44.237,157.854,993798
-123.455,44.405,156.120,993819
-123.347,44.681,154.662,993840
-123.529,44.904,153.041,993861
-123.428,45.223,151.628,993882
-123.308,45.626,150.258,993903
-123.675,46.248,148.573,993924
-124.101,46.803,146.831,993945
-124.552,47.341,145.077,993966
-124.903,47.911,143.377,993987
-124.909,48.135,141.939,994008
-124.989,48.259,140.443,994029
-125.019,48.509,138.960,994050
-125.212,48.855,137.349,994071
-125.639,48.841,135.571,994092
-125.810,48.755,133.951,994113
-126.412,48.887,132.024,994134
-126.895,49.005,130.196,994155
-127.421,48.936,128.336,994176
-127.617,48.567,126.727,994197
-127.628,48.097,125.256,994218
-127.549,47.633,123.863,994239
-127.328,47.230,122.582,994260
-127.088,46.961,121.339,994281
-126.830,46.626,120.095,994302
-126.892,46.572,118.598,994323
-127.218,46.368,116.912,994344
-127.290,45.957,115.410,994365
-127.383,45.644,113.870,994386
-127.441,45.427,112.364,994407
-127.018,45.386,111.207,994428
-126.625,45.090,110.017,994449
-126.385,45.271,108.740,994470
-125.842,45.107,107.636,994491
-125.251,45.065,106.576,994512
-125.160,45.043,105.183,994533
-125.093,45.207,103.790,994554
-124.950,45.241,102.437,994575
-124.777,45.309,101.079,994596
-124.442,45.746,99.844,994617
-124.315,45.914,98.438,994638
-123.819,46.288,97.274,994659
-123.355,46.697,96.086,994680
-123.087,47.240,94.800,994701
-123.188,47.775,93.275,994722
-123.423,48.264,91.614,994743
-123.419,48.375,90.130,994764
-123.438,48.443,88.613,994785
-123.502,48.466,87.066,994806
-123.600,48.430,85.503,994827
-123.322,48.580,84.230,994848
-123.084,48.615,82.927,994869
-123.265,48.859,81.321,994890
-123.101,48.805,79.934,994911
-123.290,48.553,78.286,994932
-123.168,48.423,76.881,994953
-123.635,48.343,75.050,994974
-124.008,48.044,73.265,994995
-123.948,47.789,71.823,995016
-124.338,47.473,70.043,995037
-124.807,47.426,68.184,995058
-125.248,47.382,66.351,995079
-125.275,47.022,64.815,995100
-125.258,46.653,63.323,995121
-125.712,46.294,61.488,995142
-126.209,46.165,59.624,995163
-126.679,45.906,57.814,995184
-127.120,45.717,56.030,995205
-126.981,45.397,54.638,995226
-126.820,45.191,53.293,995247
-126.675,45.070,51.939,995268
-126.993,44.845,50.268,995289
-127.211,44.879,48.686,995310
-127.482,44.694,47.084,995331
-127.566,44.815,45.636,995352
-127.747,44.918,44.120,995373
-127.928,44.827,42.632,995394
-127.666,44.648,41.445,995415
-127.423,44.717,40.255,995436
-127.193,44.573,39.102,995457
-127.071,44.833,37.906,995478
-127.182,45.048,36.533,995499
-126.803,45.210,35.479,995520
-126.549,45.537,34.357,995541
-126.487,45.933,33.104,995562
-126.215,46.263,31.956,995583
-126.126,46.270,30.693,995604
-126.153,46.333,29.378,995625
-126.040,46.350,28.158,995646
-125.909,46.364,26.952,995667
-125.796,46.748,25.753,995688
-126.075,46.997,24.266,995710
-126.107,46.949,22.968,995731
-126.186,47.298,21.651,995752
-126.143,47.554,20.412,995773
-126.313,47.447,18.993,995794
-126.222,47.254,17.758,995815
-126.106,47.086,16.537,995836
-126.658,46.532,15.660,995857
-127.164,45.913,14.699,995878
-127.711,45.422,13.715,995899
-127.745,45.060,13.081,995920
-128.280,44.761,12.109,995941
-128.753,44.508,11.162,995962
-129.198,44.339,10.240,995983
-129.104,43.990,9.705,996004
-129.038,43.828,9.156,996025
-128.980,43.791,8.589,996046
-129.144,43.498,7.854,996067
-129.005,43.634,7.299,996088
-128.785,43.821,6.803,996109
-128.454,44.024,6.353,996130
-128.624,44.185,5.528,996151
-128.265,44.443,5.072,996172
-127.894,44.660,4.617,996193
-127.550,44.868,4.109,996214
-127.184,45.164,3.610,996235
-127.167,45.781,2.819,996256
-127.318,46.302,1.898,996277
-127.474,46.836,0.930,996298
-127.365,46.995,0.154,996319
-127.414,47.537,359.213,996340
-127.428,48.082,358.270,996361
-127.089,48.479,357.548,996382
-127.287,48.826,356.400,996403
-127.379,48.954,355.306,996424
-127.080,49.055,354.483,996445
-126.893,49.042,353.548,996466
-127.123,49.352,352.276,996487
-127.131,49.647,351.131,996508
-127.109,49.493,349.992,996529
-127.441,49.480,348.593,996550
-127.507,49.204,347.363,996571
-127.274,48.929,346.342,996592
-127.375,48.566,345.028,996613
-127.066,48.225,344.015,996634
-126.726,47.839,343.009,996655
-126.873,47.522,341.609,996676
-126.661,47.331,340.462,996697
-126.743,47.113,339.091,996718
-126.784,46.873,337.750,996739
-126.862,46.639,336.388,996760
-126.464,46.058,335.346,996781
-126.438,45.890,334.038,996802
-126.457,45.357,332.682,996823
-126.122,44.917,331.549,996844
-125.764,44.627,330.438,996865
-125.458,44.509,329.275,996886
-125.123,44.353,328.135,996907
-124.891,44.416,326.917,996928
-125.040,44.376,325.435,996949
-125.143,44.499,323.986,996970
-125.075,44.312,322.661,996991
-125.155,44.557,321.221,997012
-124.851,44.507,320.045,997033
-124.694,44.876,318.733,997054
-124.657,44.890,317.312,997075
-124.523,45.337,315.932,997096
-124.446,45.831,314.512,997117
-124.565,45.931,312.947,997138
-124.665,46.000,311.365,997159
-124.915,46.074,309.672,997180
-124.868,46.103,308.188,997201
-125.180,46.116,306.450,997222
-125.184,46.337,304.935,997243
-125.224,46.563,303.387,997264
-125.292,46.848,301.789,997285
-125.357,47.084,300.202,997306
-125.276,47.102,298.740,997327
-125.563,47.358,296.982,997348
-126.050,47.354,295.117,997369
-126.090,47.174,293.580,997390
-126.569,47.040,291.711,997411
-126.940,46.807,289.938,997432
-127.492,46.975,288.026,997453
-127.650,46.755,286.397,997474
-128.019,46.478,284.635,997495
-128.299,46.582,282.957,997516
-128.573,46.643,281.268,997537
-128.953,46.355,279.491,997558
-128.889,46.018,278.016,997579
-128.805,45.704,276.567,997600
-128.976,45.435,274.938,997621
-129.058,45.198,273.360,997642
-129.024,44.976,271.883,997663
-128.707,45.014,270.595,997684
-128.752,45.269,269.078,997705
-128.390,45.247,267.855,997726
-128.471,45.462,266.308,997747
-128.342,45.337,264.884,997768
-128.157,45.617,263.497,997789
-128.130,45.560,262.017,997810
-127.806,45.515,260.774,997831
-127.483,45.541,259.521,997852
-127.666,45.650,257.927,997873
-127.542,45.590,256.546,997894
-127.759,45.855,254.919,997915
-127.693,46.180,253.487,997936
-127.811,46.507,251.921,997957
-127.834,46.851,250.445,997978
-128.040,46.991,248.848,997999
-127.925,46.933,247.472,998020
-127.949,46.906,245.980,998041
-128.134,46.996,244.385,998062
-128.240,46.982,242.814,998083
-127.996,47.166,241.479,998104
-127.909,47.424,240.004,998125
-127.604,47.458,238.698,998146
-127.444,47.659,237.277,998167
-127.495,47.532,235.664,998188
-127.228,47.517,234.279,998209
-127.171,47.400,232.713,998230
-127.286,47.312,230.993,998251
-127.422,47.609,229.232,998272
-127.138,47.692,227.763,998293
-126.874,47.739,226.251,998314
-126.838,47.987,224.542,998335
-126.698,48.212,222.880,998356
-126.592,48.451,221.193,998377
-126.660,48.486,219.340,998398
-126.332,48.279,217.776,998419
-125.841,48.054,216.333,998440
-125.172,47.862,214.971,998461
-124.431,47.716,213.662,998482
-123.543,47.665,212.423,998503
-122.785,47.538,211.050,998524
-122.054,47.834,209.652,998545
-121.500,48.169,208.112,998566
-120.858,48.479,206.626,998587
-120.531,48.500,204.927,998608
-120.206,48.490,203.192,998629
-119.917,48.482,201.438,998650
-119.261,48.571,199.974,998671
-119.051,48.470,198.171,998692
-118.975,48.633,196.281,998713
-118.863,48.833,194.420,998734
-118.346,48.701,192.856,998755
-118.374,48.556,190.932,998776
-118.500,48.454,188.981,998797
-118.531,48.141,187.157,998818
-118.339,47.825,185.494,998839
-118.242,47.486,183.762,998860
-118.454,47.125,181.808,998881
-118.581,46.737,179.911,998902
-118.885,46.725,177.900,998923
-119.599,46.397,175.611,998944
-120.424,46.290,173.246,998965
-121.292,46.054,170.893,998986
-122.016,46.054,168.656,999007
-122.700,45.603,166.484,999028
-123.175,45.157,164.500,999049
-123.924,45.120,162.311,999070
-124.348,45.134,160.384,999091
-124.605,44.833,158.596,999112
-124.858,44.841,156.841,999133
-125.467,45.027,154.845,999154
-125.760,44.857,153.114,999175
-126.363,44.824,151.186,999196
-126.950,44.846,149.303,999217
-127.419,44.817,147.512,999238
-127.905,45.093,145.724,999259
-127.911,45.360,144.260,999280
-128.188,45.385,142.602,999301
-128.763,46.040,141.263,999322
-129.391,46.913,139.840,999343
-130.270,47.810,138.254,999364
-131.095,48.652,136.671,999385
-131.879,49.319,135.147,999406
-132.560,49.927,133.664,999427
-132.597,50.372,132.668,999448
-132.593,50.744,131.663,999469
-132.494,51.238,130.727,999490
-132.401,51.750,129.743,999511
-132.675,51.972,128.459,999532
-132.994,52.230,127.109,999553
-133.156,52.292,125.824,999574
-133.352,52.527,124.460,999595
-133.284,52.810,123.262,999616
-133.015,52.610,122.157,999637
-132.477,52.589,121.221,999658
-131.891,52.413,120.280,999679
-131.314,52.103,119.293,999700
-131.009,52.162,118.058,999721
-130.458,52.114,117.007,999742
-129.800,51.954,116.005,999763
-129.695,51.825,114.517,999784
-129.432,51.420,113.120,999805
-129.238,51.072,111.617,999826
-128.712,50.979,110.303,999847
-128.035,50.650,109.058,999868
-127.376,50.361,107.733,999889
-126.809,50.283,106.253,999910
-126.201,50.040,104.778,999931
-125.918,49.783,103.040,999952
-125.858,49.777,101.120,999973
-124.233,49.761,101.235,999994
-122.619,49.579,101.301,1000015
-120.767,49.348,101.517,1000036
-119.393,49.141,101.331,1000057
-117.921,49.263,101.208,1000078
-116.605,49.358,100.949,1000099
-115.461,49.307,100.567,1000120
-114.547,49.208,100.004,1000141
-113.774,49.240,99.348,1000162
-113.253,49.464,98.439,1000183
-112.768,49.494,97.495,1000204
-112.549,49.333,96.335,1000225
-112.387,49.159,95.102,1000246
-112.724,49.183,93.529,1000267
-112.802,49.317,92.141,1000288
-112.912,49.271,90.745,1000309
-113.636,49.173,88.924,1000330
-114.454,49.268,87.038,1000351
-115.444,49.255,85.035,1000372
-116.454,48.994,83.028,1000393
-117.541,48.703,80.970,1000414
-118.628,48.295,78.913,1000435
-119.520,47.775,77.030,1000456
-120.761,47.308,74.904,1000477
-121.707,47.033,72.999,1000498
-122.878,46.459,70.940,1000519
-123.672,46.024,69.164,1000540
-124.566,45.816,67.331,1000561
-125.735,45.412,65.291,1000582
-126.826,45.051,63.348,1000603
-127.385,44.575,61.790,1000624
-128.130,44.151,60.089,1000645
-128.484,43.803,58.681,1000666
-129.200,43.556,57.011,1000687
-129.709,43.655,55.483,1000708
-130.442,43.682,53.810,1000729
-130.662,43.800,52.493,1000750
-131.300,43.930,50.854,1000771
-131.842,43.963,49.304,1000792
-131.851,43.861,48.103,1000813
-132.169,43.856,46.689,1000834
-132.502,44.027,45.258,1000855
-132.602,44.405,44.000,1000876
-132.767,44.780,42.656,1000897
-132.855,45.222,41.377,1000918
-132.380,45.421,40.500,1000939
-131.932,45.896,39.595,1000960
-131.394,46.303,38.734,1000981
-130.822,46.726,37.916,1001002
-130.683,47.063,36.791,1001023
-130.235,47.282,35.873,1001044
-129.566,47.700,35.115,1001065
-129.146,47.877,34.160,1001086
-128.672,48.042,33.251,1001107
-128.138,48.548,32.361,1001128
-127.779,49.056,31.307,1001149
-127.623,49.029,31.066,1001170
-127.703,48.540,30.676,1001191
-127.542,48.348,30.429,1001212
-127.701,47.957,29.880,1001233
-127.748,47.459,29.429,1001254
-127.444,46.977,29.209,1001275
-127.538,46.810,28.670,1001296
-127.498,46.628,28.205,1001317
-127.441,46.010,27.747,1001338
-127.542,45.825,27.157,1001359
-127.479,45.679,26.648,1001380
-127.463,45.580,26.104,1001401
-127.540,45.552,25.456,1001422
-127.610,45.212,24.817,1001443
-127.346,44.993,24.390,1001464
-127.153,44.866,23.891,1001485
-127.308,44.671,23.132,1001506
-127.546,44.507,22.331,1001527
-127.816,44.779,21.517,1001548
-127.917,44.646,20.818,1001569
-128.037,44.523,20.113,1001590
-128.158,44.845,19.419,1001611
-128.456,45.179,18.581,1001633
-128.268,45.346,18.071,1001654
-128.490,45.393,17.256,1001675
-128.256,45.615,16.750,1001696
-128.180,45.972,16.107,1001717
-128.006,46.266,15.529,1001738
-128.028,46.257,14.808,1001759
-128.254,46.635,13.888,1001780
-128.483,47.029,12.943,1001801
-128.228,47.259,12.323,1001822
-128.517,47.519,11.292,1001843
-128.614,47.513,10.408,1001864
-128.400,47.542,9.725,1001885
-128.574,47.542,8.771,1001906
-128.630,47.428,7.878,1001927
-128.596,47.679,7.037,1001948
-128.583,47.893,6.159,1001969
-128.779,47.962,5.087,1001990
-128.960,47.976,4.028,1002011
-128.927,47.701,3.116,1002032
-128.893,47.453,2.206,1002053
-128.465,47.355,1.615,1002074
-128.277,47.005,0.818,1002095
-127.870,46.914,0.193,1002116
-127.629,46.939,359.439,1002137
-127.337,46.855,358.723,1002158
-127.067,46.785,357.966,1002179
-127.034,46.375,357.021,1002200
-126.776,46.051,356.208,1002221
-126.873,46.093,355.134,1002242
-127.217,45.881,353.884,1002263
-127.182,45.484,352.889,1002284
-127.070,45.409,351.952,1002305
-126.916,45.296,350.975,1002326
-126.836,44.995,349.935,1002347
-127.065,45.091,348.662,1002368
-126.940,45.022,347.614,1002389
-127.134,44.784,346.318,1002410
-127.320,44.517,345.001,1002431
-127.635,44.477,343.598,1002452
-127.966,44.503,342.157,1002473
-127.777,44.419,341.069,1002494
-127.667,44.456,339.892,1002515
-127.957,44.553,338.366,1002536
-127.751,44.400,337.149,1002557
-127.796,44.561,335.742,1002578
-128.077,44.477,334.158,1002599
-127.947,44.290,332.823,1002620
-128.232,44.319,331.168,1002641
-128.107,44.174,329.766,1002662
-128.079,44.075,328.259,1002683
-127.754,44.119,326.939,1002704
-127.416,44.284,325.599,1002725
-127.095,44.454,324.243,1002746
-126.834,44.266,322.798,1002767
-127.035,44.624,321.164,1002788
-127.301,44.962,319.436,1002809
-127.950,45.226,317.437,1002830
-128.524,45.233,315.456,1002851
-129.014,45.209,313.518,1002872
-129.297,45.054,311.732,1002893
-129.371,44.835,310.076,1002914
-129.712,44.915,308.277,1002935
-129.484,44.912,306.879,1002956
-129.483,45.144,305.330,1002977
-129.625,45.092,303.689,1002998
-129.661,45.012,302.155,1003019
-129.533,44.864,300.771,1003040
-129.471,44.810,299.366,1003061
-129.359,44.729,298.018,1003082
-128.699,44.663,297.091,1003103
-128.185,44.455,296.063,1003124
-127.618,44.640,295.079,1003145
-126.943,44.768,294.172,1003166
-126.282,44.890,293.250,1003187
-125.884,44.736,292.165,1003208
-125.643,44.747,290.998,1003229
-124.942,44.795,290.159,1003250
-124.585,45.106,289.111,1003271
-124.405,45.166,287.941,1003292
-123.773,45.309,287.132,1003313
-122.274,45.653,287.531,1003334
-120.747,45.864,287.936,1003355
-119.841,46.058,287.895,1003376
-118.551,46.134,288.098,1003397
-117.867,46.357,287.847,1003418
-117.338,46.427,287.473,1003439
-116.671,46.677,287.183,1003460
-116.281,46.520,286.695,1003481
-115.677,46.509,286.377,1003502
-115.231,46.407,285.948,1003523
-114.874,46.467,285.448,1003544
-114.785,46.756,284.767,1003565
-114.984,47.088,283.857,1003586
-114.280,47.351,283.734,1003607
-114.146,47.397,283.229,1003628
-114.123,47.433,282.616,1003649
-114.110,47.340,281.970,1003670
-114.440,47.440,281.082,1003691
-114.823,47.382,280.102,1003712
-114.849,47.282,279.359,1003733
-114.637,47.393,278.797,1003754
-114.472,47.380,278.183,1003775
-114.581,47.585,277.323,1003796
-114.509,47.769,276.593,1003817
-114.743,47.590,275.640,1003838
-114.943,47.417,274.711,1003859
-115.244,47.358,273.687,1003880
-115.455,47.172,272.692,1003901
-115.427,47.080,271.846,1003922
-115.330,46.980,271.017,1003943
-115.355,47.053,270.073,1003964
-115.616,47.215,268.938,1003985
-115.856,47.328,267.768,1004006
-116.142,47.425,266.553,1004027
-116.689,47.299,265.157,1004048
-117.246,47.201,263.727,1004069
-117.785,46.958,262.297,1004090
-118.213,46.615,260.962,1004111
-118.653,46.273,259.561,1004132
-119.070,45.912,258.126,1004153
-119.272,45.898,256.825,1004174
-119.490,45.845,255.501,1004195
-120.163,45.801,253.820,1004216
-120.851,45.805,252.108,1004237
-121.077,45.639,250.671,1004258
-121.311,45.325,249.244,1004279
-122.044,45.040,247.429,1004300
-122.798,44.791,245.569,1004321
-123.054,44.396,244.026,1004342
-123.348,44.348,242.402,1004363
-124.074,43.977,241.861,1004384
-125.048,43.714,241.060,1004405
-125.593,43.461,240.439,1004426
-126.076,43.336,239.819,1004447
-126.791,43.087,238.984,1004468
-127.202,42.762,238.283,1004489
-127.438,42.522,237.663,1004510
-127.675,42.404,236.981,1004531
-127.861,42.465,236.293,1004552
-127.630,42.743,235.859,1004573
-127.300,43.055,235.462,1004594
-127.456,42.926,235.238,1004615
-127.546,43.197,235.009,1004636
-127.228,43.129,235.013,1004657
-126.967,43.452,234.942,1004678
-126.637,43.843,234.888,1004699
-126.464,43.962,234.691,1004720
-126.368,44.230,234.414,1004741
-125.762,44.639,234.499,1004762
-125.287,45.240,234.489,1004783
-124.872,45.856,234.410,1004804
-124.598,46.355,234.217,1004825
-124.368,46.502,234.180,1004846
-123.865,46.933,234.353,1004867
-123.755,47.190,234.219,1004888
-123.502,47.209,234.170,1004909
-123.072,47.164,234.230,1004930
-122.613,47.172,234.277,1004951
-122.271,47.091,234.242,1004972
-121.850,47.196,234.238,1004993
-121.443,47.263,234.200,1005014
-121.127,47.452,234.087,1005035
-121.205,47.435,233.650,1005056
-121.345,47.476,233.207,1005077
-120.980,47.505,233.089,1005098
-121.130,47.462,232.563,1005119
-121.304,47.381,232.021,1005140
-121.420,47.152,231.507,1005161
-121.121,46.867,231.279,1005182
-121.131,46.901,230.821,1005203
-121.459,46.863,230.115,1005224
-121.762,46.925,229.443,1005245
-122.117,46.941,228.688,1005266
-122.008,46.721,228.280,1005287
-122.153,46.419,227.673,1005308
-122.235,46.101,227.096,1005329
-122.225,46.142,226.557,1005350
-122.279,45.836,225.926,1005371
-122.394,45.547,225.247,1005392
-122.774,45.511,224.353,1005413
-122.752,45.604,223.699,1005434
-123.048,45.706,222.808,1005455
-123.295,45.600,221.912,1005476
-123.483,45.490,221.033,1005497
-123.653,45.611,220.125,1005518
-123.354,45.703,219.500,1005539
-123.311,45.540,218.663,1005560
-123.210,45.398,217.853,1005581
-122.862,45.549,217.194,1005602
-122.524,45.781,216.522,1005623
-122.147,45.973,215.838,1005644
-121.770,46.142,215.100,1005665
-121.891,46.308,213.988,1005686
-121.584,46.568,213.163,1005707
-121.589,46.524,212.072,1005728
-121.749,46.614,210.822,1005749
-121.507,46.834,209.831,1005770
-121.429,47.094,208.684,1005791
-121.495,46.980,207.433,1005812
-121.150,46.924,206.448,1005833
-121.100,47.191,205.257,1005854
-121.348,47.274,203.810,1005875
-121.579,47.357,202.385,1005896
-121.837,47.462,200.928,1005917
-121.726,47.263,199.721,1005938
-121.499,47.208,198.606,1005959
-121.298,47.089,197.456,1005980
-121.369,46.873,196.092,1006001
-121.628,46.756,194.587,1006022
-121.687,46.930,193.199,1006043
-122.084,47.009,191.561,1006064
-122.552,46.918,189.867,1006085
-122.991,46.716,188.201,1006106
-123.054,46.709,186.771,1006127
-123.433,46.378,185.158,1006148
-123.639,45.986,183.698,1006169
-123.685,45.881,182.310,1006190
-123.770,45.834,180.906,1006211
-123.863,45.823,179.532,1006232
-124.270,45.819,177.906,1006253
-124.716,45.659,176.239,1006275
-124.661,45.570,174.918,1006296
-124.843,45.202,173.439,1006317
-125.117,45.271,171.912,1006338
-125.142,44.946,170.557,1006359
-125.167,44.651,169.198,1006380
-125.036,44.519,167.946,1006401
-125.360,44.487,166.366,1006422
-125.542,44.345,164.930,1006443
-125.772,44.564,163.442,1006464
-125.784,44.395,162.101,1006485
-125.713,44.658,160.833,1006506
-125.700,44.522,159.524,1006527
-125.503,44.770,158.360,1006548
-125.414,45.094,157.116,1006569
-125.193,45.377,155.972,1006590
-125.245,45.726,154.637,1006611
-124.980,45.976,153.571,1006632
-125.092,46.050,152.229,1006653
-125.273,46.247,150.841,1006674
-125.120,46.616,149.662,1006695
-125.153,46.608,148.354,1006716
-125.006,46.558,147.183,1006737
-125.071,46.480,145.856,1006758
-124.904,46.686,144.692,1006779
-125.120,46.936,143.271,1006800
-124.925,46.972,142.144,1006821
-124.700,46.875,141.044,1006842
-124.989,46.887,139.553,1006863
-124.740,46.872,138.436,1006884
-124.548,46.642,137.261,1006905
-124.790,46.713,135.792,1006926
-124.950,46.801,134.413,1006947
-124.762,46.487,133.313,1006968
-124.595,46.516,132.195,1006989
-124.739,46.615,130.846,1007010
-125.040,46.622,129.382,1007031
-124.793,46.438,128.317,1007052
-124.860,46.164,126.981,1007073
-124.899,45.882,125.669,1007094
-124.938,45.607,124.371,1007115
-125.156,45.504,122.985,1007136
-125.314,45.319,121.644,1007157
-125.269,45.458,120.443,1007178
-124.958,45.355,119.423,1007199
-124.776,45.565,118.296,1007220
-124.869,45.828,116.963,1007241
-124.740,45.739,115.745,1007262
-124.639,45.986,114.492,1007283
-124.547,46.225,113.243,1007304
-124.461,46.301,111.970,1007325
-124.948,46.546,110.281,1007346
-125.232,46.940,108.735,1007367
-125.131,47.082,107.471,1007388
-125.409,47.101,105.924,1007409
-125.737,47.237,104.313,1007430
-126.032,47.367,102.697,1007451
-126.209,47.768,101.166,1007472
-126.458,47.849,99.537,1007493
-126.294,48.034,98.212,1007514
-126.400,48.005,96.642,1007535
-126.650,47.974,94.939,1007556
-126.721,47.986,93.320,1007577
-126.805,48.273,91.693,1007598
-127.455,48.507,89.591,1007619
-128.006,48.531,87.541,1007640
-128.386,48.854,85.551,1007661
-128.842,49.175,83.503,1007682
-129.117,49.408,81.538,1007703
-129.799,49.372,79.287,1007724
-130.363,49.218,77.086,1007745
-130.603,49.206,75.085,1007766
-131.226,49.370,72.792,1007787
-131.530,49.421,70.744,1007808
-132.018,49.147,68.533,1007829
-132.783,49.075,66.111,1007850
-133.430,48.843,63.774,1007871
-133.929,48.498,61.570,1007892
-134.288,48.507,59.475,1007913
-134.619,48.118,57.417,1007934
-134.622,47.960,55.566,1007955
-134.579,47.646,53.773,1007976
-134.661,47.259,51.869,1007997
-134.590,47.268,50.079,1008018
-134.555,46.935,48.258,1008039
-134.814,46.836,46.255,1008060
-134.996,46.877,44.287,1008081
-134.663,46.926,42.703,1008102
-134.633,47.071,40.899,1008123
-134.053,47.061,39.503,1008144
-133.551,46.867,38.055,1008165
-132.752,46.866,36.820,1008186
-131.925,46.826,35.601,1008207
-131.542,47.107,34.051,1008228
-130.997,47.125,32.624,1008249
-130.494,47.232,31.146,1008270
-129.456,47.264,30.030,1008291
-128.445,47.482,28.878,1008312
-127.654,47.500,27.544,1008333
-127.017,47.949,26.078,1008354
-126.082,48.263,24.819,1008375
-125.190,48.459,23.477,1008396
-124.919,48.719,21.660,1008417
-123.201,49.277,21.311,1008438
-121.201,49.682,21.148,1008459
-119.292,49.844,20.879,1008480
-118.084,50.168,20.007,1008501
-116.583,50.435,19.293,1008522
-115.251,50.545,18.396,1008543
-114.119,50.546,17.314,1008564
-113.694,50.636,15.635,1008585
-113.480,50.983,13.735,1008606
-113.211,51.374,11.803,1008627
-114.112,53.053,11.727,1008648
-114.861,54.512,11.498,1008669
-115.873,55.474,10.832,1008690
-117.090,56.224,9.799,1008711
-118.516,56.724,8.460,1008732
-120.129,56.953,6.850,1008753
-121.757,56.891,5.169,1008774
-122.996,56.649,3.717,1008795
-124.189,56.166,2.202,1008816
-125.755,55.346,0.301,1008837
-127.422,54.440,358.224,1008858
-127.655,53.723,356.897,1008879
-127.926,53.219,355.434,1008900
-129.648,53.303,353.897,1008921
-131.208,53.346,352.300,1008942
-132.667,52.976,350.686,1008963
-132.990,52.806,349.638,1008984
-133.197,52.457,348.584,1009005
-133.499,51.823,347.434,1009026
-133.476,51.343,346.494,1009047
-133.713,50.473,345.294,1009068
-133.752,49.426,344.192,1009089
-133.590,48.241,343.138,1009110
-133.154,47.295,342.152,1009131
-132.818,45.907,341.006,1009152
-132.107,44.394,339.998,1009173
-131.438,42.822,338.867,1009194
-130.415,41.457,337.889,1009215
-130.088,40.422,336.462,1009236
-130.078,39.181,334.743,1009257
-130.068,37.592,333.330,1009278
-129.856,36.021,332.495,1009299
-129.527,34.352,331.627,1009320
-129.323,32.752,330.619,1009341
-129.113,31.393,329.569,1009362
-128.388,30.172,328.753,1009383
-127.664,29.359,327.888,1009404
-126.967,28.804,327.008,1009425
-126.551,28.222,326.005,1009446
-126.124,27.880,324.983,1009467
-125.673,27.630,324.030,1009488
-125.226,27.481,323.096,1009509
-124.919,27.679,322.121,1009530
-124.687,28.022,321.080,1009551
-124.151,28.668,320.196,1009572
-123.668,29.490,319.299,1009593
-123.225,30.537,318.395,1009614
-122.824,31.797,317.495,1009635
-122.731,32.553,316.465,1009656
-122.660,33.659,315.481,1009677
-122.797,34.776,314.367,1009698
-122.815,36.165,313.330,1009719
-122.938,37.656,312.228,1009740
-123.222,39.044,311.015,1009761
-123.570,40.438,309.765,1009782
-123.616,42.069,308.720,1009803
-123.784,43.787,307.581,1009824
-124.090,45.515,306.358,1009845
-124.729,47.196,304.833,1009866
-125.530,48.671,303.134,1009887
-126.114,49.795,301.532,1009908
-126.782,50.819,299.835,1009929
-127.048,51.846,298.439,1009950
-127.396,52.585,296.977,1009971
-127.651,53.198,295.606,1009992
-128.599,53.849,293.711,1010013
-129.583,54.323,291.772,1010034
-130.481,54.789,289.875,1010055
-130.902,54.810,288.342,1010076
-131.774,54.656,286.423,1010097
-132.615,54.348,284.488,1010118
-133.567,54.143,282.447,1010139
-134.241,53.548,280.619,1010160
-134.666,52.825,278.975,1010181
-135.306,52.384,277.170,1010202
-135.391,51.914,275.779,1010223
-135.554,51.467,274.369,1010244
-135.209,50.907,273.323,1010265
-134.993,50.043,272.186,1010286
-134.552,49.565,271.214,1010307
-133.837,48.833,270.417,1010328
-133.073,48.119,269.664,1010349
-132.396,47.626,268.842,1010370
-132.016,46.893,267.781,1010391
-131.263,46.232,266.993,1010412
-130.522,45.876,266.177,1010433
-129.943,45.244,265.273,1010454
-129.547,45.019,264.242,1010475
-128.652,44.597,263.589,1010496
-128.160,44.561,262.657,1010517
-127.395,44.212,261.928,1010538
-126.410,44.035,261.358,1010559
-125.424,43.942,260.786,1010580
-124.482,43.864,260.161,1010601
-123.555,43.928,259.522,1010622
-122.817,44.200,258.740,1010643
-122.261,44.554,257.802,1010664
-121.629,44.933,256.906,1010685
-121.360,45.152,255.738,1010706
-121.185,45.454,254.468,1010727
-120.896,45.592,253.276,1010748
-120.335,45.937,252.235,1010769
-119.878,46.089,251.093,1010790
-119.387,46.504,249.916,1010811
-118.998,47.091,248.641,1010832
-118.509,47.463,247.383,1010853
-118.373,48.079,245.843,1010874
-118.400,48.393,244.141,1010895
-118.163,48.485,242.607,1010916
-118.139,48.539,240.908,1010937
-118.080,48.539,239.209,1010958
-117.977,48.441,237.503,1010979
-117.967,48.326,236.241,1011000
-117.973,48.217,234.933,1011021
-118.447,48.135,233.251,1011042
-118.638,48.129,231.768,1011063
-119.120,48.087,230.052,1011084
-119.395,48.152,228.458,1011105
-119.687,47.834,226.830,1011126
-119.985,47.557,225.203,1011147
-119.912,47.302,223.848,1011168
-119.996,47.017,222.405,1011189
-120.009,46.766,221.052,1011210
-120.083,46.563,219.684,1011231
-120.220,46.793,218.295,1011252
-120.029,46.838,217.173,1011273
-120.066,47.051,215.903,1011294
-120.309,46.903,214.525,1011315
-120.244,47.004,213.369,1011336
-120.464,46.858,212.017,1011357
-120.812,46.833,210.578,1011378
-120.709,46.836,209.498,1011399
-120.933,47.216,208.222,1011420
-120.959,47.156,207.110,1011441
-121.415,47.439,205.707,1011462
-121.540,47.785,204.600,1011483
-122.089,48.047,203.165,1011504
-122.607,48.149,201.789,1011525
-122.761,48.129,200.690,1011546
-123.046,48.051,199.480,1011567
-123.555,48.339,198.104,1011588
-123.561,48.373,197.116,1011609
-123.909,48.265,195.874,1011630
-124.284,48.190,194.634,1011651
-124.288,48.314,193.650,1011672
-124.299,48.470,192.676,1011693
-124.759,48.437,191.373,1011714
-125.263,48.473,190.051,1011735
-125.633,48.683,188.812,1011756
-125.671,48.778,187.824,1011777
-126.114,48.646,186.509,1011798
-126.403,48.399,185.302,1011819
-126.753,48.165,184.047,1011840
-126.705,47.967,183.098,1011861
-126.852,48.088,181.994,1011882
-127.247,47.988,180.732,1011903
-127.598,47.884,179.507,1011924
-127.407,47.845,178.686,1011945
-127.125,47.744,177.941,1011966
-127.058,47.395,177.016,1011987
-127.191,47.183,175.947,1012008
-126.822,47.127,175.253,1012029
-126.409,46.907,174.566,1012050
-126.001,46.712,173.846,1012071
-125.926,46.815,172.889,1012092
-126.029,46.680,171.831,1012113
-126.060,46.469,170.845,1012134
-126.193,46.605,169.749,1012155
-126.396,46.591,168.633,1012176
-126.582,46.742,167.491,1012197
-126.333,46.843,166.660,1012218
-126.058,46.605,165.852,1012239
-125.645,46.507,165.110,1012260
-125.718,46.467,164.014,1012281
-125.457,46.565,163.199,1012302
-125.313,46.283,162.285,1012323
-125.311,46.074,161.268,1012344
-124.923,45.831,160.544,1012365
-125.057,45.767,159.447,1012386
-124.783,45.704,158.642,1012407
-124.893,45.944,157.551,1012428
-124.889,46.130,156.586,1012449
-124.884,46.257,155.617,1012470
-124.922,46.121,154.610,1012491
-125.278,46.396,153.400,1012512
-125.548,46.667,152.246,1012533
-125.758,46.518,151.131,1012554
-126.045,46.434,149.959,1012575
-126.266,46.735,148.823,1012596
-126.666,46.896,147.584,1012617
-127.023,46.826,146.420,1012638
-127.162,46.673,145.437,1012659
-127.453,46.911,144.338,1012680
-127.547,47.077,143.384,1012701
-127.704,46.859,142.382,1012722
-128.021,46.701,141.265,1012743
-128.259,46.885,140.206,1012764
-128.207,46.668,139.353,1012785
-127.973,46.705,138.648,1012806
-127.711,46.798,137.984,1012827
-127.956,46.886,136.959,1012848
-128.142,47.090,136.018,1012869
-127.936,47.335,135.365,1012890
-127.814,47.640,134.625,1012911
-127.436,47.783,134.057,1012932
-127.023,47.724,133.510,1012953
-126.931,47.686,132.710,1012974
-126.724,47.596,131.962,1012995
-126.258,47.510,131.396,1013016
-125.734,47.699,130.892,1013037
-125.772,47.837,130.005,1013058
-125.330,47.938,129.520,1013079
-124.971,48.042,128.949,1013100
-124.642,48.152,128.346,1013121
-124.473,48.302,127.577,1013142
-124.338,48.052,126.755,1013163
-124.199,47.829,125.926,1013184
-124.098,47.632,125.072,1013205
-123.920,47.359,124.273,1013226
-124.132,47.373,123.241,1013247
-124.055,47.486,122.433,1013268
-124.377,47.593,121.328,1013289
-124.796,47.609,120.136,1013310
-125.114,47.762,118.961,1013331
-125.102,47.538,118.001,1013352
-124.987,47.346,117.093,1013373
-124.812,47.126,116.241,1013394
-124.641,47.235,115.362,1013415
-124.936,47.148,114.172,1013436
-124.789,47.119,113.292,1013457
-125.103,47.337,112.101,1013478
-125.239,47.516,111.026,1013499
-125.815,47.553,109.640,1013520
-126.385,47.567,108.278,1013541
-126.717,47.463,107.073,1013562
-126.961,47.378,105.940,1013583
-127.431,47.388,104.654,1013604
-127.569,47.449,103.637,1013625
-127.743,47.685,102.610,1013646
-127.943,47.841,101.548,1013667
-128.544,48.138,100.205,1013688
-128.882,48.362,99.076,1013709
-129.289,48.606,97.914,1013730
-129.947,48.808,96.588,1013751
-130.399,49.071,95.407,1013772
-130.737,48.907,94.340,1013793
-130.852,48.848,93.483,1013814
-131.318,48.708,92.365,1013835
-131.625,48.920,91.222,1013856
-131.906,49.010,90.103,1013877
-132.105,49.034,89.050,1013898
-132.187,48.983,88.092,1013919
-132.213,49.277,87.185,1013940
-132.071,49.122,86.389,1013961
-131.929,48.921,85.564,1013982
-131.769,48.722,84.747,1014003
-131.543,48.817,83.847,1014024
-131.710,48.674,83.514,1014045
-131.978,48.702,83.078,1014066
-132.170,48.788,82.647,1014087
-132.276,48.501,82.228,1014108
-132.519,48.249,81.661,1014129
-132.331,48.080,81.356,1014150
-132.013,47.705,81.135,1014171
-131.960,47.097,80.683,1014192
-132.258,46.741,79.954,1014213
-132.153,46.409,79.838,1014234
-132.020,46.149,79.685,1014255
-131.930,46.052,79.500,1014276
-131.670,45.897,79.390,1014297
-131.331,45.741,79.357,1014318
-131.258,45.455,79.121,1014339
-131.443,45.562,78.708,1014360
-131.604,45.641,78.325,1014381
-131.232,45.564,78.329,1014402
-130.869,45.536,78.444,1014423
-130.488,45.615,78.561,1014444
-130.350,45.916,78.501,1014465
-130.020,46.119,78.543,1014486
-130.016,46.444,78.351,1014507
-130.107,46.572,78.083,1014528
-130.051,46.898,77.921,1014549
-129.800,46.785,77.888,1014570
-129.738,46.722,77.676,1014591
-129.600,46.607,77.510,1014612
-129.084,46.473,77.604,1014633
-128.508,46.391,77.761,1014654
-128.412,46.614,77.540,1014675
-128.341,46.855,77.269,1014696
-127.993,47.002,77.190,1014717
-127.692,47.190,77.073,1014738
-127.304,47.300,77.009,1014759
-127.331,47.613,76.628,1014780
-127.044,47.469,76.467,1014801
-127.203,47.462,75.960,1014822
-127.214,47.335,75.557,1014843
-126.927,47.242,75.391,1014864
-126.800,47.421,75.094,1014885
-126.639,47.503,74.793,1014906
-126.826,47.277,74.221,1014927
-127.143,47.225,73.528,1014948
-127.230,47.305,72.957,1014969
-127.255,46.922,72.431,1014990
-127.545,46.672,71.682,1015011
-127.520,46.298,71.159,1015032
-127.480,46.266,70.646,1015053
-127.603,46.325,70.003,1015074
-128.106,46.307,69.099,1015095
-128.421,45.995,68.336,1015116
-128.567,46.057,67.705,1015137
-129.024,46.189,66.846,1015158
-129.347,45.978,66.079,1015179
-129.762,46.143,65.211,1015200
-129.874,45.939,64.556,1015221
-129.952,45.782,63.934,1015242
-129.775,45.747,63.497,1015263
-129.609,45.700,63.048,1015284
-129.662,46.072,62.412,1015305
-129.650,46.423,61.830,1015326
-129.417,46.649,61.398,1015347
-129.059,46.664,61.015,1015368
-128.753,46.878,60.594,1015389
-128.764,46.847,59.923,1015410
-128.432,46.610,59.497,1015431
-128.219,46.782,58.978,1015452
-127.977,46.545,58.467,1015473
-127.697,46.360,57.986,1015494
-127.530,46.193,57.392,1015515
-127.595,46.283,56.621,1015536
-127.664,46.323,55.819,1015557
-127.641,46.526,55.087,1015578
-127.396,46.762,54.527,1015599
-127.475,46.827,53.711,1015620
-127.031,46.754,53.306,1015641
-126.637,46.617,52.846,1015662
-126.690,46.463,52.063,1015683
-126.559,46.208,51.370,1015704
-126.707,46.230,50.453,1015725
-126.553,46.377,49.752,1015746
-126.720,46.319,48.802,1015767
-126.631,46.451,48.024,1015788
-126.240,46.283,47.450,1015809
-125.983,45.956,46.793,1015830
-125.658,45.687,46.155,1015851
-125.655,45.796,45.301,1015872
-125.306,45.593,44.689,1015893
-125.249,45.313,43.892,1015914
-125.170,45.412,43.115,1015935
-125.000,45.128,42.406,1015956
-125.306,45.140,41.338,1015977
-125.603,44.901,40.274,1015998
-125.889,44.647,39.192,1016019
-126.255,44.732,38.070,1016040
-126.184,44.581,37.236,1016061
-126.163,44.550,36.364,1016082
-126.358,44.348,35.357,1016103
-126.843,44.461,34.154,1016124
-126.824,44.557,33.302,1016145
-127.286,44.753,32.106,1016166
-127.744,44.910,30.902,1016187
-127.611,44.835,30.079,1016208
-127.793,45.082,29.028,1016229
-127.976,45.008,28.008,1016250
-127.936,44.747,27.167,1016271
-127.938,44.874,26.300,1016292
-127.757,44.887,25.577,1016313
-127.838,44.981,24.683,1016334
-127.752,44.652,23.891,1016355
-127.494,44.474,23.248,1016376
-127.759,44.476,22.204,1016397
-127.974,44.392,21.197,1016418
-128.080,44.278,20.242,1016439
-127.937,44.042,19.454,1016460
-127.572,44.124,18.761,1016481
-127.182,43.833,18.067,1016502
-126.709,43.778,17.408,1016523
-126.239,43.687,16.689,1016544
-126.148,43.725,15.665,1016565
-125.759,43.631,14.818,1016586
-125.849,43.378,13.639,1016607
-125.786,42.990,12.540,1016628
-125.432,42.642,11.586,1016649
-125.452,42.574,10.337,1016670
-125.091,42.316,9.309,1016691
-124.736,42.058,8.253,1016712
-124.654,41.499,7.002,1016733
-124.323,41.111,5.861,1016754
-124.569,40.909,4.335,1016775
-124.429,40.476,3.003,1016796
-124.499,40.004,1.512,1016817
-124.833,39.809,359.805,1016838
-125.144,39.624,358.073,1016859
-125.416,39.390,356.350,1016880
-125.340,39.430,354.846,1016901
-125.137,39.425,353.382,1016922
-125.322,39.619,351.682,1016943
-125.482,39.490,349.979,1016964
-125.448,39.728,348.364,1016985
-125.628,39.685,346.632,1017006
-125.759,39.652,344.931,1017027
-125.671,39.653,343.378,1017049
-125.920,40.095,341.572,1017070
-125.925,40.131,339.919,1017091
-125.862,40.221,338.290,1017112
-125.852,40.702,336.639,1017133
-125.973,41.228,334.876,1017154
-126.194,41.453,333.035,1017175
-126.252,41.987,331.305,1017196
-126.024,42.196,329.751,1017217
-126.076,42.436,328.007,1017238
-126.333,42.829,326.134,1017259
-126.204,43.309,324.528,1017280
-126.422,44.023,322.690,1017301
-126.702,44.703,320.792,1017322
-127.133,45.157,318.765,1017343
-127.076,45.602,317.040,1017364
-127.226,45.806,315.201,1017385
-127.579,46.449,313.180,1017406
-127.962,46.679,311.162,1017427
-128.355,46.905,309.147,1017448
-128.350,47.152,307.392,1017469
-128.836,47.623,305.270,1017490
-128.773,47.838,303.561,1017511
-128.871,48.286,301.728,1017532
-129.260,48.727,299.691,1017553
-129.572,48.692,297.712,1017574
-130.070,48.724,295.619,1017595
-130.322,48.543,293.728,1017616
-130.305,48.402,292.041,1017637
-130.238,48.228,290.391,1017658
-130.638,48.104,288.365,1017679
-130.468,47.956,286.770,1017700
-130.282,47.926,285.158,1017721
-130.222,48.003,283.409,1017742
-130.027,47.962,281.751,1017763
-130.218,47.754,279.771,1017784
-130.416,47.549,277.764,1017805
-130.004,47.179,276.152,1017826
-129.542,46.718,274.512,1017847
-129.528,46.323,272.478,1017868
-128.990,45.927,270.716,1017889
-129.263,45.005,270.789,1017910
-129.663,43.849,270.576,1017931
-129.764,43.134,270.368,1017952
-129.950,42.515,269.977,1017973
-130.086,41.880,269.454,1017994
-129.616,41.277,269.186,1018015
-129.404,40.608,268.611,1018036
-128.990,39.968,268.085,1018057
-128.141,39.593,267.714,1018078
-127.585,39.176,267.052,1018099
-126.632,39.073,266.506,1018120
-125.729,39.187,265.823,1018141
-125.552,38.615,265.503,1018162
-125.239,38.032,265.102,1018183
-124.543,37.652,264.790,1018204
-124.271,37.462,264.080,1018225
-123.595,37.218,263.515,1018246
-122.893,37.346,262.872,1018267
-122.308,37.787,262.096,1018288
-121.524,38.173,261.396,1018309
-121.158,38.401,260.862,1018330
-120.642,38.650,260.348,1018351
-120.510,39.107,259.490,1018372
-120.192,39.757,258.645,1018393
-120.027,40.226,257.654,1018414
-119.555,40.656,256.798,1018435
-119.408,41.298,255.666,1018456
-119.482,42.004,254.540,1018477
-119.226,42.850,253.616,1018498
-119.071,43.437,252.589,1018519
-119.286,44.373,251.283,1018540
-119.552,45.456,249.898,1018561
-119.563,46.588,248.648,1018582
-119.806,47.370,247.206,1018603
-120.058,48.160,245.713,1018624
-120.572,49.217,243.986,1018645
-120.665,50.023,242.543,1018666
-120.773,50.865,241.052,1018687
-120.913,51.606,239.528,1018708
-121.698,52.442,237.464,1018729
-121.987,53.075,235.773,1018750
-122.443,53.765,233.940,1018771
-123.415,54.228,231.651,1018792
-124.400,54.583,229.358,1018813
-124.774,54.665,227.576,1018834
-125.179,54.718,225.776,1018855
-126.100,54.564,223.577,1018876
-126.998,54.528,221.404,1018897
-127.231,54.248,219.775,1018918
-127.623,53.679,218.021,1018939
-128.284,53.108,216.068,1018960
-128.750,52.434,214.311,1018981
-129.201,51.732,212.601,1019002
-129.627,50.961,210.920,1019023
-129.686,50.134,209.506,1019044
-130.014,49.692,207.894,1019065
-130.304,48.875,206.309,1019086
-130.659,48.143,204.683,1019107
-130.580,47.259,203.419,1019128
-130.771,46.795,201.959,1019149
-130.672,46.333,200.742,1019170
-130.467,45.479,199.603,1019191
-130.560,44.811,198.273,1019212
-130.338,44.011,197.179,1019233
-129.755,43.456,196.340,1019254
-129.471,43.223,195.305,1019275
-129.184,42.718,194.273,1019296
-128.747,42.653,193.351,1019317
-128.055,42.540,192.618,1019338
-127.829,42.410,191.588,1019359
-127.452,42.152,190.639,1019380
-127.320,42.183,189.548,1019401
-126.782,42.259,188.699,1019422
-126.364,42.516,187.792,1019443
-126.006,42.806,186.887,1019464
-125.937,43.225,185.759,1019485
-125.806,43.666,184.679,1019506
-125.712,44.149,183.548,1019527
-125.756,44.607,182.305,1019548
-125.853,44.933,181.041,1019569
-125.494,45.087,180.065,1019590
-125.546,45.385,178.802,1019611
-125.557,45.618,177.573,1019632
-125.285,45.861,176.518,1019653
-125.010,46.146,175.470,1019674
-124.970,46.356,174.235,1019695
-125.031,46.954,172.918,1019716
-125.139,47.529,171.525,1019737
-125.059,47.749,170.216,1019758
-125.480,48.186,168.476,1019779
-125.766,48.354,166.753,1019800
-126.107,48.533,164.925,1019821
-126.611,48.062,163.733,1019842
-126.933,47.783,162.716,1019863
-127.367,47.179,161.626,1019884
-127.767,46.593,160.546,1019905
-128.241,46.430,159.359,1019926
-128.782,45.893,158.075,1019947
-129.309,45.789,156.782,1019968
-129.818,45.693,155.461,1019989
-130.076,45.657,154.298,1020010
-130.061,45.382,153.290,1020031
-130.502,45.422,151.942,1020052
-130.588,45.462,150.833,1020073
-130.625,45.497,149.721,1020094
-130.726,45.665,148.544,1020115
-130.683,45.667,147.422,1020136
-131.027,46.029,145.961,1020157
-131.151,46.484,144.586,1020178
-131.167,46.942,143.274,1020199
-131.107,47.061,142.004,1020220
-131.262,47.252,140.571,1020241
-131.028,47.517,139.436,1020262
-131.382,47.950,137.853,1020283
-131.477,48.527,136.483,1020304
-131.283,48.952,135.309,1020325
-131.414,49.114,133.871,1020346
-131.084,49.285,132.780,1020367
-130.710,49.500,131.685,1020388
-130.779,49.564,130.277,1020409
-130.600,49.504,129.060,1020430
-130.392,49.388,127.907,1020451
-130.097,49.287,126.855,1020472
-129.749,49.352,125.839,1020493
-129.552,49.495,124.716,1020514
-129.748,49.565,123.320,1020535
-129.811,49.370,121.999,1020556
-129.584,49.033,120.927,1020577
-129.316,49.062,119.902,1020598
-129.423,48.919,118.587,1020619
-129.260,48.454,117.508,1020640
-129.283,48.046,116.268,1020661
-129.354,47.663,114.981,1020682
-129.014,47.393,113.986,1020703
-128.758,47.167,112.933,1020724
-128.801,46.627,111.650,1020745
-128.821,46.080,110.408,1020766
-128.743,45.927,109.220,1020787
-128.481,45.486,108.181,1020808
-128.770,45.255,106.726,1020829
-128.729,44.779,105.492,1020850
-128.722,44.352,104.262,1020871
-128.744,44.004,102.987,1020892
-128.501,43.922,101.896,1020913
-128.706,43.894,100.502,1020934
-128.539,43.911,99.367,1020955
-128.350,43.888,98.243,1020976
-128.937,43.436,97.778,1020997
-129.688,43.306,97.202,1021018
-130.301,42.924,96.685,1021039
-130.638,42.628,96.300,1021060
-131.335,42.433,95.639,1021081
-132.134,42.367,94.879,1021102
-132.530,42.520,94.378,1021123
-133.064,42.859,93.752,1021144
-133.868,43.250,92.943,1021165
-134.277,43.709,92.361,1021186
-134.641,44.273,91.787,1021207
-134.904,44.892,91.243,1021228
-134.901,45.275,90.864,1021249
-134.933,46.002,90.429,1021270
-134.758,46.608,90.087,1021291
-134.569,47.038,89.743,1021312
-134.666,47.847,89.155,1021333
-134.845,48.416,88.474,1021354
-134.843,48.863,87.893,1021375
-134.872,49.338,87.262,1021396
-134.910,49.813,86.591,1021417
-134.831,50.192,85.975,1021438
-134.176,50.297,85.760,1021459
-133.441,50.551,85.570,1021480
-133.083,50.557,85.056,1021501
-132.705,50.492,84.516,1021522
-132.111,50.504,84.551,1021543
-131.498,50.538,84.560,1021564
-130.671,50.368,84.695,1021585
-129.816,50.057,84.805,1021606
-128.987,49.665,84.854,1021627
-128.343,49.456,84.743,1021648
-128.055,48.977,84.327,1021669
-127.433,48.360,84.114,1021690
-126.954,47.696,83.825,1021711
-126.341,47.098,83.608,1021732
-126.146,46.879,83.062,1021753
-125.539,46.420,82.786,1021774
-125.460,46.199,82.124,1021795
-125.138,46.077,81.625,1021816
-124.942,45.990,81.033,1021837
-124.858,45.532,80.331,1021858
-124.646,45.461,79.723,1021879
-124.213,45.301,79.259,1021900
-124.150,44.942,78.531,1021921
-124.191,44.761,77.729,1021942
-124.219,44.825,76.942,1021963
-124.309,44.912,76.122,1021984
-124.473,44.939,75.265,1022005
-124.615,44.887,74.398,1022026
-124.897,44.958,73.421,1022047
-124.990,44.919,72.587,1022068
-125.090,44.911,71.747,1022089
-125.338,44.863,70.808,1022110
-125.257,45.094,70.097,1022131
-125.114,45.240,69.415,1022152
-125.084,45.589,68.667,1022173
-124.980,45.755,67.960,1022194
-125.251,46.227,66.931,1022215
-125.609,46.682,65.840,1022236
-125.647,46.878,64.969,1022257
-126.003,47.314,63.846,1022278
-126.449,47.311,62.640,1022299
-126.582,47.445,61.637,1022320
-127.028,47.457,60.390,1022341
-127.230,47.430,59.326,1022362
-127.556,47.822,58.127,1022383
-127.902,48.203,56.915,1022404
-128.203,48.554,55.711,1022425
-128.860,48.699,54.240,1022446
-129.493,48.755,52.756,1022467
-129.810,48.656,51.522,1022488
-130.083,48.547,50.279,1022509
-130.149,48.688,49.175,1022530
-130.234,48.859,48.024,1022551
-130.691,49.047,46.539,1022572
-130.641,49.166,45.403,1022593
-130.887,48.971,44.034,1022614
-131.136,48.839,42.643,1022635
-131.323,48.830,41.283,1022656
-131.238,48.424,40.090,1022677
-131.166,48.009,38.858,1022698
-130.688,47.631,37.895,1022719
-130.174,47.258,36.943,1022740
-129.817,47.150,35.852,1022761
-129.508,47.112,34.708,1022782
-129.404,46.866,33.421,1022803
-128.782,46.721,32.501,1022824
-128.607,46.702,31.238,1022845
-128.294,46.317,30.068,1022866
-127.838,45.925,28.977,1022887
-127.177,45.608,28.037,1022908
-126.646,45.205,26.967,1022929
-126.076,44.835,25.919,1022950
-125.550,44.402,24.839,1022971
-125.121,44.319,23.691,1022992
-124.898,43.873,22.420,1023013
-124.804,43.860,21.049,1023034
-125.608,44.537,19.818,1023055
-126.622,45.054,18.397,1023076
-127.092,45.485,17.317,1023097
-127.917,45.850,15.970,1023118
-128.404,46.292,14.832,1023139
-128.495,46.515,13.947,1023160
-129.000,46.772,12.761,1023181
-129.386,47.067,11.635,1023202
-129.754,47.233,10.461,1023223
-130.046,47.290,9.324,1023244
-130.235,47.260,8.234,1023265
-130.437,47.213,7.085,1023286
-130.558,47.106,5.976,1023307
-130.235,46.920,5.184,1023328
-129.993,46.682,4.303,1023349
-129.617,46.593,3.529,1023370
-129.224,46.383,2.774,1023391
-129.288,46.150,1.641,1023412
-129.359,45.999,0.511,1023433
-128.801,45.802,359.859,1023454
-128.233,45.425,359.161,1023475
-128.066,45.146,358.181,1023496
-127.841,44.855,357.244,1023517
-127.280,44.815,356.531,1023538
-126.846,44.833,355.724,1023559
-126.615,44.827,354.760,1023580
-126.007,44.808,354.036,1023601
-125.814,44.791,353.024,1023622
-125.606,44.561,352.019,1023643
-125.103,44.496,351.215,1023664
-124.695,44.511,350.344,1023685
-124.657,44.301,349.229,1023706
-124.295,44.185,348.360,1023727
-123.918,44.156,347.500,1023748
-123.534,44.174,346.655,1023769
-123.132,44.161,345.814,1023790
-123.263,44.303,344.597,1023811
-123.374,44.552,343.403,1023832
-123.445,44.472,342.201,1023853
-123.699,44.632,340.882,1023874
-123.895,44.682,339.602,1023895
-124.118,44.735,338.303,1023916
-124.401,44.785,336.977,1023937
-124.659,44.792,335.645,1023958
-125.012,45.197,334.241,1023979
-125.051,45.461,333.067,1024000
-125.480,45.872,331.610,1024021
-125.546,46.041,330.403,1024042
-125.827,46.416,329.041,1024063
-125.944,46.429,327.799,1024084
-126.009,46.613,326.585,1024105
-126.147,46.880,325.324,1024126
-126.243,47.064,324.080,1024147
-126.303,47.111,322.869,1024168
-126.365,47.135,321.637,1024189
-126.982,47.202,319.990,1024210
-127.585,47.132,318.358,1024231
-128.113,46.975,316.783,1024252
-128.487,46.715,315.299,1024273
-128.846,46.489,313.833,1024294
-129.184,46.346,312.377,1024315
-129.431,46.453,310.985,1024336
-129.135,46.366,309.965,1024357
-128.792,46.267,308.978,1024378
-128.562,46.341,307.900,1024399
-128.182,46.200,306.942,1024420
-127.836,46.120,305.949,1024441
-127.489,45.945,304.963,1024462
-127.536,45.842,303.680,1024483
-127.107,45.728,302.718,1024504
-126.865,45.599,301.622,1024525
-126.462,45.452,300.627,1024546
-126.229,45.751,299.510,1024567
-125.589,45.865,298.634,1024588
-125.082,46.122,297.663,1024609
-124.808,46.024,296.512,1024630
-124.559,45.901,295.292,1024651
-124.199,46.186,294.155,1024672
-123.817,46.107,292.979,1024693
-123.443,46.313,291.754,1024714
-123.591,46.342,290.140,1024735
-123.214,46.337,288.842,1024756
-122.891,46.208,287.463,1024777
-122.965,46.369,285.731,1024798
-122.841,46.584,284.122,1024819
-123.362,46.062,283.948,1024840
-123.429,45.669,283.925,1024861
-123.577,45.356,283.720,1024882
-123.898,44.832,283.279,1024903
-123.674,44.325,283.153,1024924
-123.723,43.735,282.764,1024945
-123.892,43.284,282.253,1024966
-124.047,42.960,281.731,1024987
-124.198,42.761,281.198,1025008
-124.289,42.577,280.663,1025029
-124.501,42.613,280.024,1025050
-124.764,42.643,279.339,1025071
-124.998,42.671,278.649,1025092
-124.887,42.644,278.172,1025113
-124.832,42.942,277.634,1025134
-125.086,43.373,276.845,1025155
-124.996,43.478,276.262,1025176
-124.954,43.686,275.578,1025197
-125.076,44.124,274.758,1025218
-125.131,44.547,273.970,1025239
-125.544,44.785,272.897,1025260
-125.898,44.950,271.823,1025281
-126.103,45.054,270.847,1025302
-126.448,45.346,269.753,1025323
-126.757,45.516,268.656,1025344
-126.679,45.920,267.825,1025365
-126.884,46.050,266.779,1025386
-126.848,46.451,265.882,1025407
-126.664,46.751,265.077,1025428
-126.425,47.007,264.318,1025449
-126.287,46.868,263.469,1025470
-126.287,47.084,262.493,1025491
-126.408,47.060,261.425,1025512
-126.000,46.860,260.751,1025533
-125.878,46.601,259.857,1025554
-125.698,46.334,259.020,1025575
-125.191,46.314,258.405,1025596
-125.106,46.420,257.495,1025617
-125.021,46.487,256.559,1025638
-124.647,46.581,255.820,1025659
-124.457,46.288,254.929,1025680
-124.425,46.174,253.912,1025701
-123.984,45.881,253.191,1025722
-123.628,45.571,252.439,1025743
-123.310,45.654,251.670,1025764
-122.895,45.474,251.010,1025785
-122.460,45.372,250.358,1025806
-122.143,45.472,249.643,1025827
-121.823,45.572,248.922,1025848
-121.461,45.628,248.231,1025869
-121.604,45.571,247.166,1025890
-121.785,45.495,246.086,1025911
-121.805,45.297,245.123,1025932
-122.015,45.222,244.036,1025953
-122.350,45.395,242.868,1025974
-122.734,45.459,241.692,1025995
-122.704,45.609,240.809,1026016
-123.041,45.536,239.679,1026037
-123.503,45.826,238.478,1026058
-123.945,46.166,237.293,1026079
-124.514,46.351,236.008,1026100
-124.854,46.679,234.881,1026121
-125.063,46.571,233.850,1026142
-125.186,46.572,232.869,1026163
-125.298,46.659,231.904,1026184
-125.506,46.614,230.887,1026205
-125.590,46.699,229.986,1026226
-125.664,46.978,229.078,1026247
-126.218,47.352,227.846,1026268
-126.686,47.472,226.651,1026289
-127.177,47.833,225.419,1026310
-127.714,48.053,224.168,1026331
-127.772,48.332,223.250,1026352
-127.716,48.457,222.365,1026373
-127.614,48.532,221.554,1026394
-127.453,48.510,220.773,1026415
-127.459,48.376,219.884,1026436
-127.274,48.573,219.127,1026457
-127.465,48.615,218.126,1026478
-127.568,48.717,217.167,1026499
-127.679,48.847,216.201,1026520
-127.335,48.609,215.588,1026541
-126.881,48.441,215.050,1026562
-126.501,48.166,214.459,1026583
-126.065,48.224,213.918,1026604
-125.589,48.229,213.417,1026625
-125.003,48.015,212.983,1026646
-124.944,48.021,212.155,1026667
-124.844,47.982,211.367,1026688
-124.652,47.751,210.634,1026709
-124.409,47.493,209.982,1026730
-124.130,47.240,209.323,1026751
-123.481,46.887,208.905,1026772
-124.230,47.411,207.990,1026793
-124.477,47.629,207.425,1026814
-124.946,48.178,206.625,1026835
-125.425,48.684,205.780,1026856
-125.759,49.135,205.013,1026877
-126.336,49.270,204.016,1026898
-126.889,49.295,203.004,1026919
-127.351,49.515,202.036,1026940
-127.284,49.382,201.485,1026961
-127.304,49.163,200.855,1026982
-127.413,48.907,200.167,1027003
-127.447,48.972,199.530,1027024
-127.490,48.695,198.856,1027045
-127.382,48.495,198.269,1027066
-127.704,48.251,197.328,1027087
-127.725,48.310,196.577,1027108
-127.897,48.350,195.717,1027129
-127.943,48.016,194.953,1027150
-128.062,47.945,194.120,1027171
-127.605,47.821,193.675,1027192
-127.045,47.644,193.294,1027213
-126.441,47.379,192.943,1027234
-126.003,47.393,192.448,1027255
-125.669,47.462,191.843,1027276
-125.133,47.428,191.343,1027297
-125.042,47.276,190.476,1027318
-124.926,47.104,189.572,1027339
-124.839,47.171,188.611,1027360
-124.588,47.049,187.733,1027381
-124.398,47.024,186.806,1027402
-124.176,47.043,185.863,1027423
-123.558,47.302,185.155,1027444
-122.955,47.382,184.426,1027465
-122.363,47.608,183.650,1027486
-122.072,48.104,182.608,1027507
-121.862,48.619,181.432,1027528
-121.452,49.022,180.383,1027549
-121.410,49.481,178.987,1027570
-120.931,49.734,177.887,1027591
-120.454,49.940,176.735,1027612
-120.033,50.197,175.550,1027633
-119.616,50.332,174.320,1027654
-119.354,50.704,172.941,1027675
-119.115,51.026,171.497,1027696
-118.847,51.101,170.098,1027717
-119.071,51.183,168.299,1027738
-119.233,51.202,166.522,1027759
-119.468,51.230,164.692,1027780
-119.586,51.166,162.933,1027801
-119.640,51.037,161.214,1027822
-118.955,51.090,160.312,1027843
-118.347,51.084,159.338,1027864
-117.774,50.927,158.313,1027885
-117.351,51.099,157.147,1027906
-117.090,51.047,155.879,1027927
-116.595,51.170,154.784,1027948
-116.614,51.012,153.301,1027969
-116.312,50.832,152.046,1027990
-116.167,50.833,150.671,1028011
-116.162,50.785,149.178,1028032
-116.308,50.735,147.595,1028053
-116.509,50.545,146.009,1028074
-117.285,50.282,143.987,1028095
-117.885,50.294,142.135,1028116
-118.939,50.161,139.966,1028137
-119.934,49.684,137.876,1028159
-121.143,49.232,135.663,1028180
-122.175,48.594,133.637,1028201
-123.385,47.975,131.492,1028222
-124.798,47.532,129.248,1028243
-126.199,47.026,127.029,1028264
-127.593,46.464,124.828,1028285
-128.535,46.070,122.968,1028306
-129.671,45.368,120.986,1028327
-130.471,44.699,119.223,1028348
-131.261,44.064,117.502,1028369
-131.812,43.526,115.949,1028390
-132.691,43.405,114.182,1028411
-133.395,43.355,112.538,1028432
-133.849,43.403,111.071,1028453
-134.218,43.527,109.666,1028474
-134.527,43.759,108.302,1028495
-134.923,43.701,106.840,1028516
-135.338,43.987,105.356,1028537
-135.152,44.217,104.304,1028558
-134.924,44.339,103.256,1028579
-134.809,44.272,102.934,1028600
-134.797,44.150,102.472,1028621
-134.502,44.238,102.151,1028642
-134.657,44.410,101.438,1028663
-134.734,44.696,100.739,1028684
-134.735,45.144,100.065,1028705
-134.117,45.537,99.799,1028726
-133.774,46.223,99.289,1028747
-133.120,46.909,98.949,1028768
-132.157,47.544,98.796,1028789
-131.312,48.072,98.751,1028810
-130.226,48.568,98.816,1028831
-129.252,48.787,98.718,1028852
-128.123,48.995,98.649,1028873
-126.789,49.202,98.648,1028894
-125.756,49.378,98.377,1028915
-124.894,49.641,97.886,1028936
-124.093,49.640,97.552,1028957
-122.806,49.621,97.525,1028978
-121.931,49.379,97.116,1028999
-120.843,49.333,96.814,1029020
-119.893,49.328,96.358,1029041
-118.909,49.064,95.916,1029062
-118.244,48.587,95.211,1029083
-117.850,48.536,94.269,1029104
-117.349,48.038,93.407,1029125
-116.792,47.868,92.562,1029146
-116.629,47.791,91.417,1029167
-116.506,47.344,90.244,1029188
-116.052,47.033,89.323,1029209
-115.697,46.694,88.305,1029230
-115.894,46.419,86.890,1029251
-116.198,46.189,85.364,1029272
-116.110,45.929,84.132,1029293
-116.602,45.854,82.482,1029314
-117.209,45.752,80.753,1029335
-117.898,45.688,78.952,1029356
-118.640,45.706,77.100,1029377
-118.976,45.568,75.537,1029398
-119.304,45.705,73.980,1029419
-119.700,45.693,72.351,1029440
-120.410,46.007,70.509,1029461
-121.003,46.286,68.749,1029482
-121.877,46.258,66.797,1029503
-122.734,46.227,64.860,1029524
-123.627,46.367,62.868,1029545
-124.525,46.425,60.836,1029566
-125.213,46.659,58.942,1029587
-126.064,46.616,56.933,1029608
-126.484,46.615,55.237,1029629
-127.108,46.766,53.374,1029650
-128.121,46.840,51.221,1029671
-129.123,46.891,49.054,1029692
-129.594,46.702,47.254,1029713
-130.001,46.703,45.472,1029734
-130.682,46.493,43.468,1029755
-131.278,46.265,41.511,1029776
-131.467,46.200,39.801,1029797
-131.568,46.090,38.130,1029818
-131.633,46.008,36.470,1029839
-131.599,45.706,34.872,1029860
-131.993,45.639,32.958,1029881
-131.931,45.617,31.347,1029902
-131.685,45.395,29.809,1029923
-131.705,44.994,28.073,1029944
-131.459,44.525,26.482,1029965
-131.158,44.036,24.860,1029986
-131.156,43.683,23.006,1030007
-130.675,43.187,21.435,1030028
-130.520,43.051,19.602,1030049
-129.839,42.703,18.106,1030070
-129.563,42.350,16.326,1030091
-129.216,42.006,14.539,1030112
-128.681,41.552,12.877,1030133
-128.632,40.372,12.134,1030154
-128.357,39.623,11.461,1030175
-128.251,38.674,10.622,1030196
-127.731,38.062,10.013,1030217
-127.185,37.658,9.388,1030238
-126.596,37.385,8.748,1030259
-126.115,37.414,8.034,1030280
-125.501,37.520,7.415,1030301
-125.067,37.466,6.669,1030322
-124.768,37.615,5.835,1030343
-124.497,37.902,4.987,1030364
-124.296,38.368,4.095,1030385
-123.801,39.119,3.386,1030406
-123.372,40.070,2.638,1030427
-123.236,41.232,1.699,1030448
-123.271,42.148,0.617,1030469
-123.131,43.382,359.641,1030490
-123.165,44.613,358.573,1030511
-123.369,45.663,357.367,1030532
-123.621,46.657,356.115,1030553
-123.512,47.355,355.127,1030574
-123.690,47.970,353.918,1030595
-123.947,48.498,352.633,1030616
-123.930,49.040,351.548,1030637
-124.204,49.750,350.196,1030658
-124.374,50.291,348.929,1030679
-124.797,50.419,347.466,1030700
-125.422,50.862,345.832,1030721
-126.156,51.122,344.080,1030742
-126.853,51.174,342.365,1030763
-127.501,51.071,340.687,1030784
-128.110,51.191,339.050,1030805
-128.630,50.869,337.478,1030826
-128.971,50.437,336.072,1030847
-129.177,50.217,334.800,1030868
-129.734,50.087,333.239,1030889
-129.870,49.725,332.018,1030910
-130.178,49.091,330.649,1030931
-130.591,48.485,329.215,1030952
-130.812,48.239,327.917,1030973
-131.238,47.778,326.463,1030994
-131.323,47.121,325.282,1031015
-131.432,46.479,324.073,1031036
-131.342,46.216,323.024,1031057
-131.437,46.006,321.845,1031078
-131.292,45.778,320.815,1031099
-131.153,45.209,319.812,1031120
-130.862,44.967,318.899,1031141
-130.927,44.578,317.750,1031162
-130.594,44.212,316.860,1031183
-130.218,44.127,315.955,1031204
-130.220,44.024,314.778,1031225
-129.723,44.151,313.884,1031246
-129.123,44.309,313.050,1031267
-128.446,44.549,312.238,1031288
-128.076,45.007,311.162,1031309
-127.588,45.461,310.124,1031330
-126.843,45.548,309.223,1031351
-126.123,45.609,308.236,1031372
-125.571,45.609,307.057,1031393
-125.298,45.738,305.624,1031414
-124.664,45.668,304.457,1031435
-125.175,45.058,304.603,1031456
-125.225,44.648,304.885,1031477
-125.239,44.335,305.008,1031498
-125.185,44.142,305.012,1031519
-124.743,43.894,305.150,1031540
-124.048,43.546,305.326,1031561
-123.646,43.277,305.176,1031582
-123.057,42.993,305.047,1031603
-122.340,42.641,304.953,1031624
-122.109,42.151,305.418,1031645
-121.678,41.624,305.891,1031666
-120.994,41.402,306.409,1031687
-120.293,41.217,306.874,1031708
-120.052,41.137,306.933,1031729
-119.814,41.103,306.945,1031750
-119.520,40.955,306.961,1031771
-118.968,40.719,307.081,1031792
-118.719,40.836,306.990,1031813
-118.449,40.807,306.841,1031834
-118.231,40.916,306.610,1031855
-117.836,40.904,306.971,1031876
-117.822,41.111,306.997,1031897
-117.504,41.275,307.152,1031918
-117.217,41.563,307.231,1031939
-116.952,41.952,307.258,1031960
-116.765,42.441,307.214,1031981
-116.915,42.716,306.902,1032002
-117.055,42.985,306.639,1032023
-117.383,43.238,306.421,1032044
-117.767,43.513,306.089,1032065
-118.156,43.788,305.735,1032086
-118.295,44.294,305.544,1032107
-118.453,44.749,305.297,1032128
-119.052,45.115,304.703,1032149
-119.650,45.529,304.070,1032170
-120.222,45.671,303.438,1032191
-120.793,46.034,302.783,1032212
-121.397,46.089,302.112,1032233
-122.013,46.133,301.414,1032254
-122.463,46.041,300.834,1032275
-122.659,46.203,300.414,1032296
-122.873,46.398,299.977,1032317
-123.164,46.630,299.458,1032338
-123.529,46.862,298.875,1032359
-123.870,47.080,298.287,1032380
-124.344,46.938,297.616,1032402
-124.499,46.738,297.169,1032423
-124.751,46.541,296.647,1032444
-124.912,46.294,296.168,1032465
-125.228,46.106,295.571,1032486
-125.421,46.266,295.046,1032507
-125.331,46.298,294.713,1032528
-125.662,46.197,294.049,1032549
-125.718,45.816,293.562,1032570
-125.957,45.711,292.937,1032591
-126.109,45.700,292.365,1032612
-125.791,45.548,292.120,1032633
-125.946,45.386,291.537,1032654
-125.594,45.102,291.311,1032675
-125.285,45.113,291.030,1032696
-125.168,45.230,290.618,1032717
-124.964,45.357,290.258,1032738
-125.008,45.351,289.736,1032759
-124.672,45.441,289.463,1032780
-124.377,45.199,289.178,1032801
-124.307,45.103,288.713,1032822
-124.132,44.905,288.348,1032843
-123.673,44.877,288.190,1032864
-123.296,44.837,287.967,1032885
-123.182,45.124,287.553,1032906
-123.093,44.964,287.127,1032927
-123.327,45.172,286.459,1032948
-123.120,45.226,286.106,1032969
-123.436,45.450,285.400,1032990
-123.693,45.415,284.734,1033011
-123.569,45.558,284.354,1033032
-123.661,45.833,283.844,1033053
-123.945,46.076,283.196,1033074
-124.040,46.277,282.689,1033095
-124.375,46.129,281.999,1033116
-124.430,46.213,281.499,1033137
-124.722,45.961,280.828,1033158
-125.242,46.039,279.980,1033179
-125.789,46.003,279.150,1033200
-125.825,45.892,278.687,1033221
-126.047,45.608,278.109,1033242
-126.231,45.340,277.556,1033263
-126.158,45.287,277.161,1033284
-126.072,45.088,276.774,1033305
-126.409,45.195,276.115,1033326
-126.745,45.108,275.421,1033347
-126.785,45.320,274.932,1033368
-127.081,45.520,274.261,1033389
-127.405,45.633,273.579,1033410
-127.227,45.817,273.257,1033431
-127.333,45.790,272.740,1033452
-127.585,45.963,272.111,1033473
-127.261,45.967,271.895,1033494
-126.920,46.200,271.695,1033515
-126.527,46.259,271.499,1033536
-126.395,46.595,271.082,1033557
-126.212,46.896,270.700,1033578
-125.744,46.781,270.537,1033599
-125.659,47.000,270.080,1033620
-125.129,47.011,269.951,1033641
-124.949,46.874,269.558,1033662
-124.543,46.657,269.301,1033683
-124.057,46.724,269.101,1033704
-123.548,46.529,268.921,1033725
-123.304,46.706,268.527,1033746
-122.878,46.459,268.240,1033767
-122.730,46.571,267.749,1033788
-122.607,46.686,267.229,1033809
-122.663,46.536,266.563,1033830
-122.708,46.339,265.931,1033851
-122.591,46.472,265.422,1033872
-122.449,46.172,264.906,1033893
-122.161,45.882,264.528,1033914
-121.810,45.625,264.179,1033935
-121.725,45.351,263.613,1033956
-121.398,45.386,263.216,1033977
-121.600,45.399,262.427,1033998
-121.828,45.370,261.603,1034019
-121.943,45.596,260.877,1034040
-121.791,45.706,260.345,1034061
-121.987,45.567,259.566,1034082
-122.306,45.463,258.706,1034103
-122.351,45.657,258.063,1034124
-122.454,45.859,257.354,1034145
-122.477,45.803,256.711,1034166
-122.587,45.954,255.972,1034187
-123.125,46.212,254.934,1034208
-123.650,46.509,253.925,1034229
-124.195,46.514,252.901,1034250
-124.604,46.494,251.977,1034271
-124.605,46.635,251.339,1034292
-124.574,46.853,250.711,1034313
-124.654,46.810,250.013,1034334
-124.523,47.056,249.476,1034355
-124.274,47.204,249.004,1034376
-124.220,47.533,248.390,1034397
-124.356,47.510,247.626,1034418
-124.418,47.426,246.907,1034439
-124.066,47.488,246.473,1034460
-124.217,47.556,245.693,1034481
-123.945,47.311,245.179,1034502
-123.644,47.350,244.713,1034523
-123.518,47.065,244.142,1034544
-123.535,46.809,243.443,1034565
-123.073,46.584,243.143,1034586
-122.979,46.244,242.560,1034607
-122.854,46.302,242.037,1034628
-122.713,46.311,241.497,1034649
-122.665,46.219,240.906,1034670
-122.125,45.935,240.701,1034691
-122.029,45.872,240.200,1034712
-121.504,45.937,240.028,1034733
-121.439,45.943,239.555,1034754
-120.869,45.852,239.482,1034775
-120.438,46.031,239.277,1034796
-119.882,46.094,239.172,1034817
-119.822,46.074,238.705,1034838
-119.344,46.259,238.538,1034859
-119.379,46.523,237.996,1034880
-119.034,46.518,237.764,1034901
-118.668,46.518,237.553,1034922
-118.431,46.899,237.235,1034943
-118.092,47.188,237.010,1034964
-117.746,47.478,236.796,1034985
-117.847,47.760,236.226,1035006
-117.702,48.113,235.820,1035027
-117.587,48.043,235.367,1035048
-117.775,48.253,234.701,1035069
-118.018,48.295,233.985,1035090
-118.328,48.284,233.226,1035111
-118.629,48.232,232.501,1035132
-118.927,48.193,231.773,1035153
-119.004,47.988,231.250,1035174
-119.255,48.168,230.574,1035195
-119.117,48.150,230.200,1035216
-119.205,48.294,229.635,1035237
-119.543,48.067,228.859,1035258
-119.576,48.050,228.308,1035279
-120.093,48.141,227.375,1035300
-120.182,48.033,226.748,1035321
-120.481,47.655,225.940,1035342
-121.008,47.708,224.923,1035363
-121.359,47.759,224.007,1035384
-121.857,47.439,222.938,1035405
-122.434,47.153,221.790,1035426
-123.169,47.128,220.512,1035447
-123.874,47.109,219.208,1035468
-124.334,46.803,218.086,1035489
-124.705,46.449,217.019,1035510
-125.015,46.135,215.987,1035531
-125.136,46.165,215.068,1035552
-125.129,46.133,214.213,1035573
-125.080,46.077,213.381,1035594
-124.951,45.919,212.577,1035615
-125.343,45.828,211.394,1035636
-125.467,45.931,210.375,1035657
-125.682,45.642,209.263,1035678
-126.031,45.746,208.051,1035699
-126.463,45.675,206.745,1035720
-126.951,45.676,205.360,1035741
-127.028,45.570,204.271,1035762
-127.069,45.712,203.166,1035783
-127.080,45.798,202.071,1035804
-127.566,45.932,200.614,1035825
-127.512,45.990,199.542,1035846
-127.767,46.409,198.208,1035867
-128.157,46.690,196.767,1035888
-128.240,46.694,195.528,1035909
-128.117,46.729,194.402,1035930
-128.321,47.152,193.009,1035951
-128.459,47.577,191.680,1035972
-128.316,47.713,190.539,1035993
-128.592,47.818,189.028,1036014
-129.032,48.113,187.394,1036035
-129.212,48.539,185.933,1036056
-129.377,48.941,184.469,1036077
-129.686,49.346,182.869,1036098
-129.811,49.724,181.388,1036119
-129.997,49.705,179.816,1036140
-129.933,49.696,178.377,1036161
-130.084,50.079,176.749,1036182
-130.360,50.097,175.010,1036203
-130.578,50.473,173.230,1036224
-130.800,50.807,171.427,1036245
-131.335,50.942,169.332,1036266
-131.323,50.891,167.630,1036287
-131.904,50.897,165.474,1036308
-132.103,50.741,163.565,1036329
-132.222,50.588,161.691,1036350
-132.182,50.513,159.888,1036371
-132.088,50.440,158.105,1036392
-131.989,50.242,156.295,1036413
-131.860,50.183,154.469,1036434
-131.747,50.151,152.637,1036455
-131.962,49.820,150.555,1036476
-131.933,49.426,148.653,1036497
-132.025,49.072,146.656,1036518
-131.849,48.656,144.827,1036539
-132.013,48.413,142.767,1036560
-131.809,47.956,140.979,1036581
-131.345,47.673,139.375,1036602
-131.347,47.482,137.456,1036623
-131.345,47.337,135.522,1036644
-131.126,47.322,133.747,1036665
-131.045,47.008,131.841,1036686
-130.993,46.686,129.893,1036707
-130.612,46.228,128.180,1036728
-130.056,45.929,126.560,1036749
-129.502,45.557,124.949,1036770
-130.267,44.561,124.854,1036791
-130.669,43.913,124.861,1036812
-131.259,43.108,124.633,1036833
-131.686,42.351,124.443,1036854
-132.214,41.846,124.126,1036875
-132.761,41.450,123.741,1036896
-133.293,41.259,123.326,1036917
-133.492,41.216,123.093,1036938
-133.475,40.962,122.967,1036959
-133.498,41.036,122.796,1036980
-133.317,41.089,122.698,1037001
-133.128,41.294,122.589,1037022
-133.072,41.632,122.353,1037043
-133.095,41.959,122.022,1037064
-132.619,42.152,122.014,1037085
-132.634,42.506,121.645,1037106
-132.556,42.799,121.330,1037127
-132.422,43.077,121.021,1037148
-132.575,42.974,121.259,1037169
-132.281,43.117,121.744,1037190
-131.998,43.107,122.146,1037211
-132.076,43.447,122.272,1037232
-132.039,43.828,122.406,1037253
-131.907,44.193,122.543,1037274
-131.621,44.197,122.728,1037295
-131.314,44.534,122.880,1037316
-130.986,44.950,123.035,1037337
-130.810,45.248,123.403,1037358
-130.317,45.249,123.917,1037379
-130.297,45.339,124.064,1037400
-129.802,45.519,124.489,1037421
-129.364,45.719,124.831,1037442
-128.831,45.697,125.205,1037463
-128.768,45.733,125.249,1037484
-128.730,45.753,125.217,1037505
-128.305,45.981,125.441,1037526
-128.162,45.914,125.435,1037547
-128.148,46.038,125.307,1037568
-127.674,46.014,125.465,1037589
-127.237,45.978,125.546,1037610
-126.836,45.970,125.571,1037631
-126.641,46.226,125.401,1037652
-126.496,46.494,125.193,1037673
-126.250,46.645,125.022,1037694
-125.977,46.599,124.842,1037715
-126.096,46.847,124.372,1037736
-126.268,47.025,123.818,1037757
-126.456,46.965,123.219,1037778
-126.429,46.767,122.775,1037799
-126.469,46.588,122.273,1037820
-126.358,46.811,121.870,1037841
-126.232,47.039,121.475,1037862
-126.426,47.067,120.826,1037883
-126.639,47.061,120.156,1037904
-126.806,46.931,119.515,1037925
-126.969,46.759,118.911,1037946
-127.210,46.595,118.297,1037967
-126.958,46.493,118.020,1037988
-126.887,46.210,117.630,1038009
-126.670,46.150,117.340,1038030
-126.939,46.087,116.683,1038051
-126.863,46.306,116.256,1038072
-126.851,46.564,115.784,1038093
-126.954,46.857,115.230,1038114
-127.240,46.940,114.575,1038135
-127.054,47.085,114.260,1038156
-127.101,46.933,113.779,1038177
-126.864,46.807,113.500,1038198
-126.559,46.795,113.233,1038219
-126.602,46.590,112.708,1038240
-126.338,46.540,112.386,1038261
-126.278,46.732,111.915,1038282
-126.368,46.558,111.309,1038303
-126.666,46.701,110.561,1038324
-126.445,46.603,110.185,1038345
-126.517,46.838,109.558,1038366
-126.796,47.003,108.773,1038387
-126.906,46.832,108.088,1038408
-127.077,46.698,107.360,1038429
-126.759,46.596,106.970,1038450
-126.484,46.703,106.582,1038471
-126.384,46.937,106.046,1038492
-126.437,47.190,105.375,1038513
-126.531,47.435,104.685,1038534
-126.294,47.372,104.236,1038555
-126.587,47.484,103.373,1038576
-126.808,47.360,102.525,1038597
-126.908,47.155,101.759,1038618
-126.668,47.071,101.246,1038639
-126.812,46.860,100.436,1038660
-127.126,46.837,99.501,1038681
-127.066,46.966,98.845,1038702
-126.890,47.023,98.251,1038723
-126.872,47.225,97.539,1038744
-126.834,47.375,96.851,1038765
-126.557,47.354,96.281,1038786
-126.718,47.145,95.371,1038807
-126.413,47.092,94.762,1038828
-126.526,46.866,93.820,1038849
-126.261,46.678,93.129,1038870
-126.161,46.449,92.303,1038891
-125.940,46.585,91.518,1038912
-126.030,46.409,90.495,1038933
-125.820,46.461,89.629,1038954
-125.686,46.488,88.663,1038975
-125.946,46.467,87.402,1038996
-126.146,46.268,86.186,1039017
-125.961,45.912,85.209,1039038
-125.584,45.692,84.349,1039059
-125.447,45.336,83.322,1039080
-125.484,45.060,82.169,1039101
-125.327,45.199,81.114,1039122
-125.432,45.053,79.908,1039143
-125.492,44.901,78.738,1039164
-125.611,44.820,77.518,1039185
-125.744,44.775,76.276,1039206
-125.509,44.945,75.272,1039227
-125.690,45.157,73.990,1039248
-125.397,45.219,73.039,1039269
-125.158,45.272,72.043,1039290
-125.067,45.513,70.960,1039311
-125.145,45.824,69.728,1039332
-125.417,45.876,68.360,1039353
-125.510,45.758,67.125,1039374
-125.412,45.643,66.038,1039395
-125.583,45.574,64.761,1039416
-125.843,45.552,63.410,1039437
-125.720,45.574,62.322,1039458
-125.623,45.720,61.206,1039479
-125.953,45.665,59.759,1039500
-126.378,45.896,58.225,1039521
-126.517,46.127,56.891,1039542
-126.841,46.329,55.410,1039563
-127.150,46.183,53.962,1039584
-127.412,46.347,52.541,1039605
-127.457,46.465,51.235,1039626
-127.574,46.222,49.877,1039647
-127.483,46.081,48.665,1039668
-127.900,46.030,47.054,1039689
-127.800,45.929,45.782,1039710
-127.728,45.920,44.482,1039731
-128.090,45.778,42.844,1039752
-128.425,45.612,41.207,1039773
-128.786,45.512,39.533,1039794
-128.968,45.263,37.932,1039815
-128.991,44.984,36.414,1039836
-129.129,44.708,34.781,1039857
-128.912,44.614,33.332,1039878
-128.717,44.567,31.859,1039899
-128.784,44.716,30.173,1039920
-128.810,44.886,28.474,1039941
-128.815,44.626,26.760,1039962
-128.860,44.412,24.997,1039983
-128.515,44.308,23.503,1040004
-128.255,44.430,21.926,1040025
-128.286,44.298,20.148,1040046
-127.953,44.434,18.573,1040067
-127.699,44.707,16.937,1040088
-127.583,45.034,15.228,1040109
-127.109,45.178,13.743,1040130
-126.719,45.445,12.214,1040151
-126.590,45.444,10.521,1040172
-126.446,45.458,8.851,1040193
-126.262,45.420,7.207,1040214
-126.163,45.483,5.506,1040235
-125.935,45.496,3.915,1040256
-125.517,45.477,2.439,1040277
-125.026,45.801,1.040,1040298
-124.552,46.128,359.610,1040319
-123.968,46.251,358.280,1040340
-123.799,46.616,356.637,1040361
-123.668,46.945,355.003,1040382
-123.576,46.884,353.354,1040403
-123.520,46.789,351.729,1040424
-123.582,46.759,350.034,1040445
-123.440,46.610,348.532,1040466
-123.117,46.513,347.162,1040487
-122.778,46.510,345.812,1040508
-122.820,46.728,344.201,1040529
-123.186,46.760,342.381,1040550
-123.337,46.921,340.717,1040571
-123.622,46.677,338.975,1040592
-123.825,46.361,337.325,1040613
-124.244,46.298,335.515,1040634
-124.158,45.960,334.086,1040655
-124.051,45.623,332.659,1040676
-123.946,45.318,331.206,1040697
-124.210,45.300,329.468,1040718
-124.282,45.223,327.845,1040739
-124.249,44.985,326.308,1040760
-124.380,44.904,324.666,1040781
-124.775,44.588,322.827,1040802
-125.022,44.245,321.065,1040823
-124.901,44.023,319.515,1040844
-125.875,43.166,318.883,1040865
-126.390,42.564,318.759,1040886
-127.127,42.205,318.373,1040907
-127.449,41.766,318.195,1040928
-127.719,41.522,318.013,1040949
-128.165,41.397,317.633,1040970
-128.461,41.410,317.306,1040991
-128.306,41.155,317.228,1041012
-128.455,41.241,316.881,1041033
-128.273,41.192,316.715,1041054
-127.723,41.362,316.748,1041075
-127.186,41.545,316.724,1041096
-126.518,41.826,316.756,1041117
-125.960,42.547,316.691,1041138
-125.370,43.327,316.624,1041159
-124.877,44.160,316.460,1041180
-124.546,44.956,316.120,1041201
-124.336,45.331,315.896,1041222
-124.298,45.676,315.826,1041243
-123.758,45.945,316.046,1041264
-123.218,46.187,316.230,1041285
-123.208,46.507,315.968,1041306
-122.988,47.026,315.814,1041327
-123.059,47.410,315.402,1041348
-123.150,47.724,314.960,1041369
-123.314,47.914,314.428,1041390
-123.432,47.955,313.924,1041411
-123.295,47.825,313.588,1041432
-123.111,47.898,313.250,1041453
-123.320,47.761,312.588,1041474
-123.218,47.692,312.137,1041495
-123.230,47.763,311.569,1041516
-123.638,47.583,310.678,1041537
-123.682,47.614,310.022,1041558
-124.087,47.572,309.060,1041579
-124.271,47.595,308.244,1041600
-124.203,47.461,307.585,1041621
-124.448,47.054,306.678,1041642
-124.671,46.607,305.755,1041663
-124.592,46.296,305.063,1041684
-124.481,45.893,304.381,1041705
-124.820,45.586,303.373,1041726
-124.763,45.530,302.634,1041747
-124.610,45.422,301.921,1041768
-124.885,45.390,300.888,1041789
-124.813,45.504,300.081,1041810
-124.740,45.222,299.244,1041831
-124.644,45.440,298.416,1041852
-124.232,45.359,297.785,1041873
-123.802,45.485,297.134,1041894
-123.501,45.743,296.376,1041915
-122.997,45.666,295.757,1041936
-122.559,45.589,295.101,1041957
-122.272,45.575,294.356,1041978
-122.159,45.854,293.510,1041999
-122.068,46.118,292.634,1042020
-121.944,46.277,291.777,1042041
-121.778,46.318,290.908,1042062
-121.514,46.291,290.084,1042083
-121.310,46.704,289.243,1042104
-120.817,46.895,288.605,1042125
-120.493,47.270,287.865,1042146
-120.430,47.255,286.930,1042167
-120.203,47.582,286.105,1042188
-120.172,47.503,285.142,1042209
-120.233,47.754,284.128,1042230
-120.345,47.922,283.082,1042251
-120.097,47.741,282.302,1042272
-119.794,47.581,281.579,1042293
-119.417,47.618,280.923,1042314
-119.120,47.441,280.228,1042335
-118.756,47.448,279.628,1042356
-118.441,47.428,278.976,1042377
-118.369,47.573,278.183,1042398
-118.634,47.622,277.156,1042419
-118.765,47.398,276.237,1042440
-118.835,47.517,275.375,1042461
-119.029,47.240,274.452,1042482
-119.321,47.030,273.485,1042503
-119.672,47.116,272.494,1042524
-120.114,47.072,271.419,1042545
-120.103,46.987,270.708,1042566
-120.308,47.059,269.861,1042587
-120.407,46.759,269.063,1042608
-120.885,46.604,268.049,1042629
-121.380,46.464,267.001,1042650
-121.748,46.235,266.069,1042671
-121.796,46.171,265.366,1042692
-121.847,46.151,264.665,1042713
-122.018,45.898,263.887,1042734
-122.482,46.072,262.891,1042755
-122.665,46.141,262.118,1042776
-122.863,45.906,261.383,1042797
-123.525,45.984,260.345,1042818
-124.133,46.139,259.385,1042839
-124.623,46.384,258.514,1042860
-125.148,46.610,257.602,1042881
-125.243,46.541,257.004,1042902
-125.287,46.500,256.453,1042923
-125.322,46.477,255.919,1042944
-125.396,46.703,255.343,1042965
-125.365,46.621,254.861,1042986
-125.663,46.890,254.162,1043007
-125.695,47.114,253.657,1043028
-125.721,47.332,253.194,1043049
-125.982,47.450,252.541,1043070
-126.199,47.401,251.933,1043091
-126.254,47.240,251.409,1043112
-126.203,47.080,250.953,1043133
-125.958,46.957,250.616,1043154
-125.992,46.817,250.062,1043175
-125.689,46.733,249.751,1043196
-125.386,46.765,249.411,1043217
-125.564,46.710,248.720,1043238
-125.697,46.829,248.042,1043259
-125.758,47.015,247.416,1043280
-125.325,46.887,247.137,1043301
-125.075,46.703,246.717,1043322
-124.630,46.622,246.403,1043343
-124.289,46.458,246.033,1043364
-123.989,46.680,245.609,1043385
-123.596,46.630,245.254,1043406
-123.686,46.761,244.534,1043427
-123.632,46.963,243.887,1043448
-124.261,47.580,243.253,1043469
-124.923,48.028,242.543,1043490
-125.313,48.579,241.960,1043511
-125.595,49.121,241.409,1043532
-125.944,49.653,240.743,1043553
-126.060,49.761,240.233,1043574
-126.100,49.875,239.750,1043595
-126.140,50.316,239.263,1043616
-126.232,50.758,238.707,1043637
-126.864,51.126,237.853,1043658
-127.477,51.435,236.961,1043679
-128.065,51.650,236.043,1043700
-128.138,51.791,235.556,1043721
-128.373,51.793,234.930,1043742
-128.562,51.750,234.330,1043763
-129.054,52.092,233.513,1043784
-129.386,52.498,232.823,1043805
-129.402,52.794,232.381,1043826
-129.984,53.138,231.512,1043847
-130.210,53.540,230.931,1043868
-130.309,53.654,230.435,1043889
-130.934,53.772,229.519,1043910
-131.688,53.985,228.473,1043931
-131.966,54.077,227.802,1043952
-132.684,54.193,226.781,1043973
-132.981,54.496,226.122,1043994
-133.251,54.806,225.489,1044015
-133.465,55.036,224.911,1044036
-133.831,55.352,224.200,1044057
-134.534,55.764,223.203,1044078
-135.264,55.801,222.169,1044099
-135.991,56.089,221.123,1044120
-136.412,56.403,220.299,1044141
-136.512,56.357,219.691,1044162
-137.201,56.427,218.592,1044183
-137.807,56.719,217.538,1044204
-137.953,56.977,216.853,1044225
-138.241,57.258,216.024,1044246
-138.961,57.300,214.806,1044267
-139.223,57.141,213.953,1044288
-139.459,57.259,213.060,1044309
-139.985,57.011,211.846,1044330
-140.720,56.933,210.410,1044351
-140.733,56.562,209.528,1044372
-140.553,56.167,208.714,1044393
-140.627,56.084,207.632,1044414
-140.347,55.643,206.831,1044435
-140.656,55.338,205.476,1044456
-140.255,55.067,204.686,1044477
-140.422,54.684,203.373,1044498
-140.659,54.363,201.997,1044519
-140.489,53.904,200.880,1044540
-140.606,53.742,199.462,1044561
-139.973,53.445,198.600,1044582
-140.204,53.526,197.523,1044603
-140.322,53.537,196.687,1044624
-139.694,53.473,196.359,1044645
-139.026,53.326,196.014,1044666
-138.880,53.104,195.200,1044687
-138.216,53.153,194.843,1044708
-137.357,52.989,194.622,1044729
-136.570,52.962,194.324,1044750
-135.784,52.663,193.997,1044771
-134.990,52.344,193.668,1044792
-134.143,52.028,193.376,1044813
-133.340,51.916,193.016,1044834
-132.485,51.599,192.661,1044855
-132.249,51.359,191.806,1044876
-131.929,50.981,190.990,1044897
-131.701,50.681,190.064,1044918
-131.301,50.165,189.257,1044939
-131.001,49.675,188.361,1044960
-130.774,49.131,187.376,1044981
-130.173,48.579,186.660,1045002
-129.569,48.213,185.939,1045023
-129.246,47.667,185.008,1045044
-128.668,47.236,184.260,1045065
-128.140,46.768,183.467,1045086
-128.022,46.336,182.387,1045107
-128.022,46.043,181.229,1045128
-128.038,45.844,180.058,1045149
-127.990,45.879,178.937,1045170
-127.609,45.907,178.047,1045191
-127.611,46.094,176.890,1045212
-127.808,46.081,175.588,1045233
-127.904,46.315,174.367,1045254
-127.738,46.280,173.349,1045275
-127.934,46.142,172.064,1045296
-128.350,46.233,170.618,1045317
-128.771,46.272,169.199,1045338
-128.671,46.289,168.161,1045359
-128.769,46.175,166.964,1045380
-129.098,46.079,165.579,1045401
-129.535,46.329,164.128,1045422
-130.004,46.600,162.656,1045443
-130.530,46.689,161.156,1045464
-130.873,47.014,159.793,1045485
-131.101,47.321,158.527,1045506
-131.449,47.674,157.188,1045527
-131.835,47.669,155.847,1045548
-132.254,47.740,154.497,1045569
-132.301,47.834,153.435,1045590
-132.430,47.923,152.328,1045611
-132.316,48.180,151.438,1045632
-132.688,48.402,150.187,1045653
-132.601,48.771,149.280,1045674
-132.798,49.205,148.159,1045695
-132.593,49.300,147.374,1045716
-132.962,49.464,146.163,1045737
-133.393,49.668,144.925,1045758
-133.659,50.001,143.845,1045779
-133.557,49.970,143.075,1045800
-133.805,49.876,142.072,1045821
-133.765,50.087,141.302,1045842
-133.493,50.153,140.757,1045863
-133.663,50.082,139.909,1045884
-133.689,50.269,139.197,1045906
-133.737,50.190,138.559,1045927
-133.542,50.361,138.128,1045948
-133.582,50.278,137.568,1045969
-133.204,49.992,137.340,1045990
-132.749,49.693,137.207,1046011
-132.352,49.654,137.034,1046032
-132.403,49.374,136.537,1046053
-132.425,49.010,136.069,1046074
-132.527,48.983,135.563,1046095
-132.262,48.557,135.349,1046116
-132.198,48.544,134.997,1046137
-132.324,48.432,134.534,1046158
-131.923,48.048,134.474,1046179
-131.541,47.645,134.425,1046200
-131.162,47.626,134.370,1046221
-130.764,47.603,134.319,1046242
-130.387,47.612,134.268,1046263
-130.018,47.236,134.165,1046284
-129.462,47.196,134.199,1046305
-129.121,47.272,134.041,1046326
-129.075,47.107,133.648,1046347
-128.929,46.871,133.326,1046368
-128.830,46.427,134.018,1046389
-129.004,45.827,134.507,1046410
-129.258,45.342,134.887,1046431
-129.628,45.023,135.165,1046452
-129.840,44.604,135.534,1046473
-130.025,44.617,135.911,1046494
-130.167,44.665,136.283,1046515
-130.280,44.754,136.679,1046536
-130.651,44.902,136.845,1046557
-131.004,45.131,136.985,1046578
-130.820,45.276,137.472,1046599
-130.570,45.365,137.944,1046620
-130.386,45.344,138.349,1046641
-130.265,45.750,138.662,1046662
-130.324,46.177,138.785,1046683
-130.272,46.237,138.980,1046704
-130.356,46.482,139.059,1046725
-130.399,46.705,139.139,1046746
-130.318,47.145,139.250,1046767
-130.225,47.256,139.310,1046788
-129.677,47.408,139.648,1046809
-129.173,47.561,139.903,1046830
-128.697,47.710,140.091,1046851
-128.523,47.668,140.526,1046872
-128.364,47.687,140.929,1046893
-128.148,47.665,141.323,1046914
-127.939,47.332,141.666,1046935
-128.253,47.205,141.573,1046956
-128.533,46.979,141.492,1046977
-128.857,46.877,141.342,1046998
-128.970,46.551,141.316,1047019
-128.880,46.186,141.416,1047040
-128.872,45.823,141.407,1047061
-128.689,45.784,141.498,1047082
-128.545,45.792,141.521,1047103
-128.273,45.711,141.618,1047124
-128.549,45.765,141.321,1047145
-128.730,45.956,141.046,1047166
-128.482,46.049,141.066,1047187
-128.702,46.021,140.713,1047208
-128.905,46.207,140.341,1047229
-128.959,46.439,140.052,1047250
-128.906,46.191,140.088,1047271
-128.956,46.308,140.017,1047292
-129.401,46.285,139.649,1047313
-129.814,46.273,139.257,1047334
-130.236,46.340,138.807,1047355
-130.325,46.167,138.568,1047376
-130.644,46.093,138.118,1047397
-130.758,46.357,137.763,1047418
-130.817,46.249,137.421,1047439
-130.855,46.170,137.097,1047460
-130.960,46.310,136.964,1047481
-131.021,46.542,136.851,1047502
-130.930,46.540,136.816,1047523
-131.270,46.505,136.412,1047545
-131.282,46.750,136.222,1047566
-131.673,46.724,135.901,1047587
-132.074,46.912,135.517,1047608
-132.097,46.735,135.374,1047629
-131.846,46.751,135.390,1047650
-131.633,46.852,135.475,1047671
-131.423,47.004,135.514,1047692
-131.333,46.826,135.440,1047713
-131.057,46.985,135.470,1047734
-130.866,47.230,135.400,1047755
-131.001,47.455,135.084,1047776
-131.160,47.570,134.764,1047797
-131.196,47.749,134.541,1047818
-131.000,47.572,134.513,1047839
-130.593,47.327,134.669,1047860
-130.198,47.074,134.764,1047881
-129.756,46.786,134.884,1047902
-129.518,46.906,134.827,1047923
-129.144,47.035,134.877,1047944
-129.144,46.971,134.658,1047965
-128.898,47.069,134.588,1047986
-128.484,47.077,134.600,1048007
-128.397,46.782,134.433,1048028
-128.201,46.469,134.329,1048049
-127.998,46.157,134.259,1048070
-127.565,46.028,134.391,1048091
-127.593,46.172,134.197,1048112
-127.273,46.148,134.269,1048133
-127.445,46.243,133.944,1048154
-127.295,46.326,133.845,1048175
-127.270,46.043,133.630,1048196
-127.562,45.966,133.161,1048217
-127.879,46.091,132.668,1048238
-127.807,46.111,132.424,1048259
-127.734,46.097,132.170,1048280
-127.803,45.971,131.791,1048301
-128.186,46.251,131.181,1048323
-128.655,46.568,130.477,1048344
-128.822,46.499,130.003,1048365
-129.336,46.521,129.251,1048386
-129.636,46.862,128.612,1048407
-130.139,46.873,127.834,1048428
-130.667,46.900,127.029,1048449
-130.766,47.063,126.546,1048470
-131.393,47.303,125.630,1048491
-131.769,47.299,124.904,1048512
-131.871,47.587,124.350,1048533
-132.427,47.864,123.426,1048554
-132.821,48.262,122.600,1048575
-132.825,48.238,122.048,1048596
-133.231,48.541,121.180,1048617
-133.612,48.651,120.311,1048638
-133.464,48.604,119.817,1048659
-133.231,48.675,119.358,1048680
-133.140,48.515,118.792,1048701
-132.879,48.348,118.318,1048722
-132.621,48.470,117.814,1048743
-132.705,48.631,117.027,1048764
-132.793,48.673,116.204,1048785
-132.398,48.390,115.725,1048806
-132.094,48.503,115.180,1048827
-131.552,48.330,114.814,1048848
-131.130,48.041,114.334,1048869
-130.840,47.745,113.767,1048890
-130.173,47.622,113.465,1048911
-129.524,47.556,113.125,1048932
-128.842,47.249,112.822,1048953
-128.368,47.269,112.337,1048974
-128.216,47.228,111.613,1048995
-127.916,47.233,110.988,1049016
-127.703,46.891,110.292,1049037
-127.582,46.657,109.506,1049058
-127.407,46.364,108.791,1049079
-127.008,46.046,108.214,1049100
-126.852,45.830,107.468,1049121
-126.844,45.734,106.642,1049142
-126.876,45.756,105.787,1049163
-126.857,45.902,104.984,1049184
-126.618,46.054,104.293,1049205
-126.404,46.250,103.595,1049226
-126.384,46.090,102.772,1049247
-126.225,45.919,102.042,1049268
-126.514,46.035,100.981,1049289
-126.411,46.264,100.225,1049310
-126.231,46.393,99.519,1049331
-126.157,46.635,98.721,1049352
-126.182,46.491,97.874,1049373
-126.304,46.795,96.950,1049394
-126.696,46.874,95.819,1049415
-126.922,47.179,94.832,1049436
-127.163,47.110,93.847,1049457
-127.404,47.029,92.850,1049478
-127.357,47.293,92.078,1049499
-127.244,47.509,91.340,1049520
-127.183,47.560,90.538,1049541
-127.177,47.871,89.685,1049562
-127.577,47.954,88.528,1049583
-127.949,48.159,87.380,1049604
-128.053,48.414,86.445,1049625
-127.806,48.417,85.717,1049646
-127.923,48.272,84.704,1049667
-127.849,48.027,83.817,1049688
-127.477,48.019,83.103,1049709
-127.088,47.693,82.343,1049730
-126.908,47.265,81.400,1049751
-126.564,46.881,80.533,1049772
-126.317,46.799,79.549,1049793
-126.430,46.448,78.279,1049814
-126.413,46.387,77.069,1049835
-126.411,45.933,75.847,1049856
-126.464,45.483,74.574,1049877
-126.446,44.976,73.328,1049898
-126.337,44.388,72.146,1049919
-125.994,44.160,71.146,1049940
-125.573,43.910,70.162,1049961
-125.180,43.440,69.164,1049982
-125.041,43.411,67.962,1050003
-125.080,43.104,66.664,1050024
-124.710,42.916,65.607,1050045
-124.536,42.966,64.372,1050066
-124.629,42.827,62.951,1050087
-124.392,42.934,61.696,1050108
-124.560,42.914,60.180,1050129
-124.470,43.162,58.823,1050150
-124.324,43.391,57.471,1050171
-124.247,43.703,56.039,1050192
-124.390,43.691,54.444,1050213
-124.372,43.639,52.934,1050234
-124.486,43.669,51.286,1050255
-124.324,43.616,49.802,1050276
-124.440,43.645,48.141,1050297
-124.562,43.665,46.445,1050318
-124.265,43.742,45.001,1050339
-124.001,43.945,43.512,1050360
-123.680,44.084,42.030,1050381
-123.802,44.196,40.236,1050402
-123.973,44.488,38.387,1050423
-124.120,44.602,36.533,1050444
-124.108,44.568,34.787,1050465
-124.282,44.687,32.896,1050486
-124.004,44.881,31.337,1050507
-124.064,44.806,29.514,1050528
-123.979,44.688,27.783,1050549
-123.794,44.914,26.118,1050570
-123.926,45.226,24.241,1050591
-123.995,45.508,22.409,1050612
-124.166,45.419,20.509,1050633
-124.421,45.581,18.529,1050654
-124.578,45.406,16.641,1050675
-124.678,45.187,14.794,1050696
-124.665,44.984,13.038,1050717
-125.035,45.172,10.999,1050738
-125.072,45.218,9.192,1050759
-125.142,45.260,7.389,1050780
-125.182,45.201,5.603,1050801
-125.679,45.100,3.491,1050822
-126.175,45.052,1.381,1050843
-126.119,44.935,359.742,1050864
-125.971,45.094,358.120,1050885
-125.546,44.967,356.653,1050906
-125.245,44.695,355.093,1050927
-124.991,44.443,353.461,1050948
-124.831,44.539,351.739,1050969
-124.704,44.630,349.960,1050990
-124.734,44.736,348.053,1051011
-124.656,44.784,346.175,1051032
-124.785,44.529,344.096,1051053
-124.676,44.325,342.156,1051074
-124.902,44.137,339.918,1051095
-125.203,44.042,337.583,1051116
-125.073,43.908,335.516,1051137
-124.995,43.705,333.347,1051158
-124.879,43.697,331.115,1051179
-125.259,43.813,328.512,1051200
-126.035,43.085,327.485,1051221
-126.680,42.451,326.435,1051242
-127.462,41.987,325.163,1051263
-127.830,41.356,324.060,1051284
-128.489,40.775,322.656,1051305
-128.947,40.667,321.315,1051326
-129.019,40.300,320.154,1051347
-129.313,40.314,318.789,1051368
-129.007,40.339,317.765,1051389
-128.517,40.599,316.864,1051410
-128.410,41.073,315.653,1051431
-128.342,40.894,315.050,1051452
-128.198,41.206,314.457,1051473
-127.980,41.383,313.858,1051494
-127.636,41.614,313.312,1051515
-126.929,42.241,312.994,1051536
-126.334,42.656,312.603,1051557
-125.550,43.230,312.320,1051578
-124.866,44.199,311.969,1051599
-124.587,45.101,311.340,1051620
-123.923,46.178,310.959,1051641
-123.363,47.324,310.495,1051662
-123.050,48.132,309.820,1051683
-122.640,48.797,309.192,1051704
-122.287,49.397,308.484,1051725
-121.705,50.090,307.920,1051746
-121.568,50.966,307.014,1051767
-121.351,51.756,306.157,1051788
-120.970,52.224,305.403,1051809
-120.964,52.839,304.334,1051830
-121.165,52.984,303.115,1051851
-121.563,53.306,301.702,1051872
-121.817,53.188,300.373,1051893
-121.973,52.915,299.108,1051914
-122.393,52.637,297.636,1051935
-122.389,52.413,296.483,1051956
-122.476,51.938,295.263,1051977
-122.846,51.787,293.822,1051998
-123.053,51.129,292.494,1052019
-123.598,50.773,290.905,1052040
-124.066,50.163,289.387,1052061
-124.125,49.420,288.172,1052082
-124.152,48.641,286.997,1052103
-124.389,47.898,285.683,1052124
-124.495,47.533,284.490,1052145
-124.695,46.841,283.207,1052166
-124.791,46.075,281.973,1052187
-124.689,45.713,280.879,1052208
-124.592,45.408,279.793,1052229
-124.832,45.147,278.468,1052250
-124.957,44.937,277.234,1052271
-125.191,44.468,275.928,1052292
-125.129,43.840,274.819,1052313
-124.950,43.310,273.796,1052334
-125.076,43.183,272.562,1052355
-124.894,42.747,271.530,1052376
-125.206,42.603,270.149,1052397
-125.353,42.220,268.907,1052418
-125.197,42.086,267.859,1052439
-125.212,42.243,266.715,1052460
-125.535,42.321,265.368,1052481
-125.801,42.333,264.036,1052502
-125.678,42.586,262.970,1052523
-125.512,42.674,261.935,1052544
-125.403,43.121,260.907,1052565
-125.456,43.719,259.780,1052586
-125.754,44.121,258.493,1052607
-125.641,44.757,257.503,1052628
-125.575,45.056,256.495,1052649
-125.849,45.623,255.226,1052670
-126.058,46.082,254.005,1052691
-126.270,46.861,252.746,1052712
-126.454,47.181,251.505,1052733
-126.825,47.717,250.089,1052754
-126.665,48.026,249.032,1052775
-126.518,48.498,247.933,1052796
-126.703,49.113,246.533,1052817
-126.614,49.593,245.310,1052838
-127.103,50.014,243.615,1052859
-127.612,50.300,241.884,1052880
-128.013,50.447,240.254,1052901
-128.617,50.663,238.434,1052922
-128.740,50.856,236.965,1052943
-129.240,50.847,235.201,1052964
-129.397,51.053,233.662,1052985
-129.599,51.250,232.076,1053006
-129.797,51.383,230.440,1053027
-130.096,51.527,228.683,1053048
-130.265,51.590,227.007,1053069
-130.306,51.580,225.388,1053090
-130.755,51.345,223.412,1053111
-131.168,51.066,221.435,1053132
-131.007,50.858,219.890,1053153
-130.877,50.587,218.332,1053174
-130.942,50.305,216.585,1053195
-131.247,50.111,214.676,1053216
-131.444,50.236,212.809,1053237
-131.454,50.297,211.068,1053258
-131.500,49.997,209.282,1053279
-131.718,49.776,207.361,1053300
-131.741,49.464,205.547,1053321
-131.746,49.523,203.736,1053342
-131.497,49.481,202.075,1053363
-131.161,49.210,200.491,1053384
-131.364,49.178,198.452,1053405
-131.003,49.100,196.840,1053426
-130.712,49.079,195.171,1053447
-129.051,49.327,194.954,1053468
-127.520,49.615,194.610,1053489
-125.649,49.662,194.552,1053510
-123.961,49.662,194.360,1053531
-122.576,49.647,193.932,1053552
-121.430,49.576,193.314,1053573
-120.636,49.643,192.391,1053594
-119.819,49.427,191.492,1053615
-119.354,49.262,190.300,1053636
-118.588,49.135,189.340,1053657
-118.306,49.188,188.033,1053678
-118.035,49.134,186.710,1053699
-117.802,48.873,185.357,1053720
-117.822,48.395,183.794,1053741
-117.913,48.224,182.183,1053762
-117.984,47.909,180.576,1053783
-118.429,47.368,178.702,1053804
-119.098,46.971,176.687,1053825
-119.876,46.588,174.605,1053846
-120.741,46.257,172.502,1053867
-121.681,45.915,170.350,1053888
-122.696,45.631,168.170,1053909
-123.744,45.170,165.945,1053930
-124.466,44.587,163.954,1053951
-126.100,43.770,162.809,1053972
-127.363,43.095,161.884,1053993
-128.607,42.549,160.974,1054014
-130.073,41.812,159.902,1054035
-131.568,41.270,158.827,1054056
-132.574,40.897,158.077,1054077
-133.910,40.696,157.085,1054098
-134.830,40.659,156.375,1054119
-135.479,40.349,155.818,1054140
-136.030,40.476,155.322,1054161
-136.914,40.643,154.609,1054182
-137.545,41.062,154.061,1054203
-137.992,41.588,153.645,1054224
-137.996,42.032,153.534,1054245
-138.360,42.600,153.153,1054266
-138.539,43.370,152.873,1054287
-138.602,44.216,152.674,1054308
-138.534,45.083,152.520,1054329
-138.117,45.595,152.614,1054350
-137.567,46.334,152.766,1054371
-137.113,46.841,152.829,1054392
-136.332,47.550,153.101,1054413
-135.617,48.044,153.296,1054434
-135.129,48.561,153.268,1054455
-134.081,49.065,153.630,1054476
-133.350,49.341,153.724,1054497
-132.470,49.637,154.650,1054518
-131.984,49.794,155.203,1054539
-130.924,49.650,156.120,1054560
-129.832,49.453,156.983,1054581
-128.847,49.036,157.683,1054602
-128.092,48.903,158.133,1054623
-127.273,48.629,158.571,1054644
-126.951,48.262,158.580,1054665
-126.518,48.081,158.653,1054686
-125.950,47.843,158.775,1054707
-125.610,47.647,158.703,1054728
-125.352,47.075,158.522,1054749
-124.760,46.569,158.563,1054770
-124.514,45.947,158.295,1054792
-124.347,45.771,157.947,1054813
-123.940,45.198,157.729,1054834
-123.500,44.753,157.503,1054855
-123.452,44.686,156.951,1054876
-123.263,44.645,156.453,1054897
-123.429,44.555,155.675,1054918
-123.406,44.231,155.000,1054939
-123.442,44.009,154.265,1054960
-123.126,43.860,153.752,1054981
-123.197,43.731,152.948,1055002
-123.495,43.949,151.966,1055023
-123.439,44.305,151.238,1055044
-123.342,44.620,150.506,1055065
-123.377,45.125,149.699,1055086
-123.334,45.390,148.914,1055107
-123.455,45.920,148.009,1055128
-124.017,46.379,146.782,1055149
-124.266,46.569,145.758,1055170
-124.466,46.968,144.788,1055191
-124.682,47.289,143.786,1055212
-125.101,47.781,142.605,1055233
-125.842,47.998,141.159,1055254
-126.392,48.074,139.827,1055275
-127.085,48.372,138.352,1055296
-127.786,48.667,136.849,1055317
-128.252,49.049,135.510,1055338
-128.755,49.055,134.120,1055359
-129.030,48.982,132.917,1055380
-129.036,48.918,131.929,1055401
-129.180,48.712,130.798,1055422
-129.102,48.740,129.807,1055443
-129.221,48.854,128.615,1055464
-129.345,48.534,127.404,1055485
-129.474,48.197,126.170,1055506
-129.136,48.014,125.280,1055527
-129.286,47.967,124.024,1055548
-129.288,47.575,122.866,1055569
-128.865,47.392,121.997,1055590
-128.460,47.195,121.079,1055611
-128.379,46.741,119.918,1055632
-128.144,46.232,118.871,1055653
-128.026,46.156,117.748,1055674
-127.931,45.727,116.602,1055695
-127.409,45.433,115.778,1055716
-127.200,45.460,114.717,1055737
-127.134,45.437,113.574,1055758
-127.103,45.320,112.383,1055779
-126.701,45.377,111.461,1055800
-126.172,45.258,110.634,1055821
-125.809,45.083,109.673,1055842
-125.353,45.188,108.748,1055863
-124.910,45.225,107.809,1055884
-124.913,45.468,106.552,1055905
-124.842,45.419,105.342,1055926
-124.783,45.378,104.099,1055947
-124.704,45.282,102.850,1055968
-124.387,45.301,101.748,1055989
-124.205,45.306,100.538,1056010
-124.155,45.258,99.231,1056031
-124.591,45.492,97.557,1056052
-125.093,45.737,95.805,1056073
-125.607,45.798,94.038,1056094
-126.144,46.022,92.289,1056115
-126.712,46.092,90.518,1056136
-127.095,46.391,88.897,1056157
-127.547,46.320,87.232,1056178
-127.957,46.221,85.620,1056199
-127.990,46.195,84.262,1056220
-128.083,46.248,82.874,1056241
-128.204,46.337,81.458,1056262
-128.388,46.195,80.015,1056283
-128.990,46.403,78.252,1056304
-129.181,46.517,76.781,1056325
-129.471,46.294,75.225,1056346
-129.663,46.027,73.758,1056367
-129.656,45.943,72.432,1056388
-129.830,46.040,70.940,1056409
-130.135,45.790,69.342,1056430
-130.340,45.497,67.797,1056451
-130.093,45.361,66.538,1056472
-129.753,45.016,65.319,1056493
-129.683,44.497,63.878,1056514
-129.548,43.929,62.449,1056535
-129.498,43.390,60.939,1056556
-129.634,43.085,59.251,1056577
-129.582,42.634,57.683,1056598
-129.365,42.149,56.194,1056619
-128.935,41.705,54.801,1056640
-128.439,41.659,53.434,1056661
-128.077,41.660,51.947,1056682
-127.457,41.699,50.584,1056703
-127.079,41.513,49.037,1056724
-126.418,41.214,47.639,1056745
-125.806,40.987,46.192,1056766
-125.420,39.921,44.786,1056787
-124.743,39.009,43.562,1056808
-124.475,38.337,42.135,1056829
-123.981,38.078,40.858,1056850
-123.800,38.001,39.401,1056871
-123.461,38.103,38.036,1056892
-123.149,38.383,36.688,1056913
-123.178,38.562,35.159,1056934
-123.258,38.940,33.594,1056955
-123.391,39.450,32.035,1056976
-123.188,39.937,30.718,1056997
-123.355,40.584,29.154,1057018
-123.277,41.530,27.775,1057039
-123.547,42.694,26.211,1057060
-123.699,43.838,24.718,1057081
-123.885,44.896,23.204,1057102
-124.567,45.799,21.348,1057123
-125.298,46.960,19.468,1057144
-125.934,47.611,17.622,1057165
-126.517,48.311,15.826,1057186
-127.685,49.011,13.542,1057207
-128.899,49.546,11.209,1057228
-130.072,50.230,8.898,1057249
-131.102,50.835,6.709,1057270
-132.414,51.196,4.285,1057291
-133.283,51.572,2.208,1057312
-134.437,51.863,359.935,1057333
-134.999,51.742,358.142,1057354
-135.649,51.475,356.255,1057375
-136.217,51.096,354.410,1057396
-136.750,50.641,352.556,1057417
-137.070,50.144,350.819,1057438
-137.407,49.511,349.049,1057459
-137.515,48.863,347.454,1057480
-137.717,48.454,345.710,1057502
-137.723,47.960,344.047,1057523
-138.043,47.305,342.103,1057544
-138.194,46.571,340.222,1057565
-137.704,45.870,338.683,1057586
-137.717,44.540,338.571,1057607
-137.665,43.478,338.387,1057628
-137.739,42.413,338.004,1057649
-137.567,41.558,337.675,1057670
-137.107,40.878,337.453,1057691
-136.716,40.387,337.073,1057712
-136.348,39.980,336.656,1057733
-135.352,39.642,336.557,1057754
-134.358,39.349,336.398,1057775
-133.341,39.180,336.206,1057796
-132.248,39.163,335.988,1057817
-131.194,39.026,336.379,1057838
-130.039,38.898,336.788,1057859
-128.883,39.116,337.100,1057880
-127.638,39.444,337.422,1057901
-126.396,39.898,337.692,1057922
-125.177,40.454,337.870,1057943
-124.084,40.731,337.927,1057964
-123.025,41.100,337.931,1057985
-121.721,41.829,338.061,1058006
-120.479,42.687,338.119,1058027
-119.677,43.152,337.983,1058048
-118.658,43.515,338.140,1058069
-117.819,44.297,338.164,1058090
-117.035,45.116,338.120,1058111
-116.506,45.794,337.835,1058132
-116.072,46.467,337.431,1058153
-115.206,47.034,337.295,1058174
-114.753,47.415,336.835,1058195
-114.512,47.959,336.228,1058216
-114.370,48.504,335.509,1058237
-113.849,48.909,335.051,1058258
-113.618,49.162,334.342,1058279
-113.700,49.430,333.409,1058300
-113.778,49.978,332.453,1058321
-113.573,50.205,331.716,1058342
-113.511,50.254,330.891,1058363
-113.885,50.251,329.732,1058384
-114.304,50.195,328.547,1058405
-114.506,50.395,327.537,1058426
-114.672,50.332,326.554,1058447
-115.418,50.419,325.176,1058468
-116.182,50.213,323.767,1058489
-116.637,50.308,322.635,1058510
-117.086,50.405,321.518,1058531
-117.858,50.196,320.178,1058552
-118.523,50.262,318.930,1058573
-119.086,49.857,317.777,1058594
-119.631,49.477,316.612,1058615
-120.093,49.479,315.509,1058636
-120.740,49.221,314.262,1058657
-121.326,48.920,313.060,1058678
-121.615,48.555,312.113,1058699
-121.774,48.297,311.239,1058720
-122.410,48.253,310.019,1058741
-123.107,47.992,308.730,1058762
-123.721,47.629,307.447,1058783
-124.417,47.369,306.113,1058804
-125.108,47.275,304.784,1058825
-125.353,46.794,303.768,1058846
-125.980,46.693,302.494,1058867
-126.668,46.569,301.163,1058888
-127.420,46.333,299.770,1058909
-127.723,46.180,298.696,1058930
-128.100,45.694,297.572,1058951
-128.690,45.619,296.273,1058972
-129.257,45.233,295.016,1058993
-129.321,44.897,294.107,1059014
-129.548,44.454,293.074,1059035
-129.890,44.460,292.002,1059056
-129.908,44.426,291.136,1059077
-129.764,44.263,290.384,1059098
-129.671,44.277,289.592,1059119
-129.502,44.285,288.869,1059140
-129.786,44.414,287.824,1059161
-129.796,44.293,286.972,1059182
-129.583,44.568,286.278,1059203
-129.242,44.810,285.706,1059224
-128.815,45.021,285.174,1059245
-128.808,45.280,284.376,1059266
-128.279,45.502,283.946,1059287
-128.165,45.958,283.240,1059308
-127.771,46.596,282.748,1059329
-127.493,46.867,282.172,1059350
-127.311,47.208,281.501,1059371
-127.225,47.801,280.747,1059392
-127.008,48.119,280.070,1059413
-126.806,48.800,279.382,1059434
-126.548,49.042,278.707,1059455
-126.540,49.722,277.817,1059476
-126.241,50.248,277.156,1059497
-126.158,50.819,276.344,1059518
-125.987,50.957,275.577,1059539
-126.046,51.446,274.646,1059560
-126.473,51.732,273.417,1059581
-126.820,51.791,272.259,1059602
-127.369,51.904,270.912,1059623
-127.618,52.212,269.786,1059644
-127.778,52.073,268.750,1059665
-127.920,52.037,267.743,1059686
-128.674,52.093,266.209,1059707
-129.090,52.109,264.929,1059728
-129.367,51.768,263.750,1059749
-130.172,51.371,262.123,1059770
-130.896,50.849,260.563,1059791
-131.724,50.380,258.870,1059812
-132.510,49.848,257.208,1059833
-133.256,49.537,255.537,1059854
-133.558,49.073,254.164,1059875
-134.392,48.592,252.364,1059896
-135.067,48.143,250.663,1059917
-136.001,46.922,250.244,1059938
-136.693,45.712,249.923,1059959
-137.506,44.590,249.434,1059980
-138.372,43.623,248.846,1060001
-138.821,42.624,248.501,1060022
-139.303,41.745,248.077,1060043
-139.423,41.139,247.863,1060064
-139.427,40.618,247.692,1060085
-139.269,40.398,247.608,1060106
-139.165,40.516,247.501,1060127
-139.095,40.826,247.348,1060148
-138.749,41.158,247.375,1060169
-138.496,41.690,247.331,1060190
-138.158,42.307,247.328,1060211
-138.081,42.821,247.090,1060232
-137.887,43.334,246.867,1060253
-137.612,43.858,246.637,1060274
-136.845,44.423,246.700,1060295
-136.087,45.178,246.691,1060316
-135.525,46.039,246.492,1060337
-134.901,46.866,246.289,1060358
-134.289,47.686,246.042,1060379
-133.960,48.551,245.556,1060400
-133.791,48.847,245.266,1060421
-133.628,49.084,244.968,1060442
-133.291,49.283,244.796,1060463
-132.892,49.533,244.660,1060484
-132.633,49.872,244.376,1060505
-132.471,50.221,243.993,1060526
-132.398,50.573,243.463,1060547
-132.494,50.928,242.762,1060568
-132.759,51.215,241.886,1060589
-132.593,51.086,241.314,1060610
-132.529,51.306,240.623,1060631
-132.607,51.138,239.830,1060652
-132.633,50.953,239.043,1060673
-132.741,50.768,238.175,1060694
-133.050,50.626,237.149,1060715
-132.799,50.538,236.550,1060736
-132.600,50.515,235.877,1060757
-132.596,50.571,235.001,1060778
-132.640,50.575,234.074,1060799
-132.575,50.571,233.181,1060820
-132.561,50.178,232.228,1060841
-132.520,49.817,231.259,1060862
-132.421,49.427,230.277,1060883
-131.818,49.087,229.661,1060904
-129.588,48.829,231.730,1060925
-127.552,48.619,233.612,1060946
-125.219,48.466,235.671,1060967
-124.729,48.175,235.562,1060988
-124.437,47.947,235.290,1061009
-123.919,47.574,235.181,1061030
-123.827,47.653,234.719,1061051
-123.638,47.352,234.313,1061072
-123.533,47.059,233.841,1061093
-123.349,47.078,233.403,1061114
-123.233,47.135,232.894,1061135
-123.132,47.191,232.366,1061156
-123.106,47.046,231.764,1061177
-123.002,47.182,231.235,1061198
-123.410,47.335,230.324,1061219
-123.591,47.208,229.585,1061240
-124.065,47.390,228.598,1061261
-124.525,47.404,227.623,1061282
-125.019,47.439,226.635,1061303
-125.376,47.319,225.757,1061324
-125.564,47.160,224.955,1061345
-125.577,47.207,224.278,1061366
-126.108,47.225,223.185,1061387
-126.221,47.365,222.390,1061408
-126.456,47.555,221.486,1061429
-126.899,47.401,220.456,1061450
-127.359,47.689,219.396,1061471
-127.957,47.731,218.226,1061492
-128.027,47.650,217.426,1061513
-128.542,47.748,216.281,1061534
-128.508,47.778,215.523,1061555
-128.941,47.986,214.427,1061576
-128.857,47.877,213.727,1061597
-128.848,48.031,212.957,1061618
-129.154,48.039,211.941,1061639
-129.399,48.134,210.946,1061660
-129.529,47.992,210.046,1061681
-129.558,47.707,209.176,1061702
-129.680,47.768,208.219,1061723
-129.506,47.719,207.472,1061744
-129.306,47.405,206.744,1061765
-129.193,47.085,205.941,1061787
-129.386,47.032,204.907,1061808
-129.334,47.258,204.042,1061829
-128.900,47.104,203.452,1061850
-128.459,47.166,202.846,1061871
-128.025,47.061,202.249,1061892
-127.938,46.862,201.377,1061913
-127.597,46.916,200.718,1061934
-127.572,46.727,199.844,1061955
-127.695,46.842,198.857,1061976
-127.847,46.917,197.839,1061997
-127.901,46.826,196.875,1062018
-127.934,47.056,195.927,1062039
-128.049,47.127,194.902,1062060
-128.147,47.084,193.865,1062081
-127.972,47.256,193.010,1062102
-127.635,47.167,192.261,1062123
-127.839,47.350,191.136,1062144
-128.012,47.581,190.006,1062165
-127.992,47.683,189.027,1062186
-128.452,47.609,187.698,1062207
-128.874,47.533,186.395,1062228
-129.293,47.548,185.105,1062249
-129.383,47.766,184.065,1062270
-129.633,47.647,182.900,1062291
-129.520,47.737,182.024,1062312
-129.499,47.864,181.069,1062333
-129.692,47.642,179.964,1062354
-129.903,47.844,178.829,1062375
-129.948,47.949,177.838,1062396
-130.168,48.114,176.696,1062417
-130.440,47.859,175.499,1062438
-130.660,47.978,174.319,1062459
-130.968,47.692,173.082,1062480
-131.455,47.608,171.719,1062501
-131.333,47.394,170.776,1062522
-131.191,47.128,169.862,1062543
-131.411,46.842,168.692,1062564
-131.425,46.902,167.661,1062585
-131.395,46.974,166.661,1062606
-131.643,46.744,165.470,1062627
-131.999,46.716,164.191,1062648
-131.821,46.784,163.285,1062669
-131.650,46.888,162.368,1062690
-131.444,46.814,161.452,1062711
-131.755,46.802,160.142,1062732
-131.940,46.542,159.469,1062753
-131.922,46.087,158.965,1062774
-131.827,46.005,158.476,1062795
-132.017,45.753,157.750,1062816
-132.155,45.850,157.043,1062837
-132.281,45.698,156.295,1062858
-132.381,45.646,155.556,1062879
-132.270,45.792,154.953,1062900
-132.034,45.962,154.423,1062921
-131.485,45.920,154.122,1062942
-130.901,45.895,153.818,1062963
-130.248,45.893,153.565,1062984
-129.641,46.157,153.252,1063005
-129.046,46.472,152.942,1063026
-128.331,46.631,152.693,1063047
-127.728,46.656,152.345,1063068
-127.490,47.005,151.714,1063089
-126.888,47.140,151.319,1063110
-126.671,47.093,150.615,1063131
-126.532,47.063,149.836,1063152
-126.146,47.003,149.236,1063173
-125.808,47.288,148.597,1063194
-125.714,47.186,147.733,1063215
-125.788,47.158,146.738,1063236
-125.726,47.435,145.816,1063257
-125.586,47.594,144.938,1063278
-125.794,47.439,143.763,1063299
-126.106,47.400,142.522,1063320
-126.222,47.065,141.393,1063341
-126.147,46.714,140.380,1063362
-126.038,46.568,139.371,1063383
-126.337,46.209,138.065,1063404
-126.714,46.172,136.671,1063425
-127.131,46.014,135.245,1063446
-127.597,45.898,133.752,1063467
-128.063,45.782,132.276,1063488
-128.159,45.897,131.057,1063509
-128.593,45.735,129.587,1063530
-128.669,45.542,128.358,1063551
-128.805,45.262,127.089,1063572
-128.808,45.155,125.918,1063593
-128.876,45.263,124.704,1063614
-129.318,45.250,123.219,1063635
-129.384,45.431,122.014,1063656
-129.767,45.397,120.556,1063677
-130.163,45.420,119.112,1063698
-130.260,45.684,117.876,1063719
-130.120,45.576,116.797,1063740
-130.355,45.507,115.463,1063761
-130.192,45.624,114.418,1063782
-129.949,45.658,113.444,1063803
-129.699,45.728,112.448,1063824
-129.462,45.862,111.440,1063845
-129.740,45.985,110.083,1063866
-129.979,46.090,108.727,1063887
-130.235,46.303,107.353,1063908
-130.303,46.230,106.121,1063929
-130.405,46.504,104.850,1063950
-130.431,46.759,103.646,1063971
-130.262,46.580,102.565,1063992
-129.872,46.441,101.661,1064013
-129.536,46.571,100.712,1064034
-129.449,46.400,99.592,1064055
-128.999,46.212,98.708,1064076
-128.840,46.005,97.617,1064097
-128.848,45.915,96.386,1064118
-128.778,45.754,95.203,1064139
-128.782,45.833,93.944,1064160
-128.308,45.734,92.997,1064181
-127.835,45.502,92.054,1064202
-127.407,45.366,91.070,1064223
-127.218,44.941,89.893,1064244
-127.287,44.882,88.515,1064265
-127.367,44.598,87.126,1064286
-127.493,44.400,85.690,1064307
-127.270,43.954,84.501,1064328
-127.346,43.854,83.071,1064349
-127.393,43.643,81.687,1064370
-127.413,43.395,80.316,1064391
-127.014,43.063,79.197,1064412
-126.585,42.951,78.111,1064433
-126.430,43.076,76.836,1064454
-126.146,43.149,75.623,1064475
-126.140,42.941,74.228,1064496
-126.213,42.818,72.802,1064517
-126.346,42.965,71.342,1064538
-126.187,42.786,70.060,1064559
-126.371,42.970,68.565,1064580
-126.330,42.824,67.224,1064601
-126.101,43.055,66.008,1064622
-125.981,43.385,64.690,1064643
-125.695,43.422,63.494,1064664
-125.787,43.499,62.051,1064685
-125.954,43.723,60.549,1064706
-125.970,43.822,59.144,1064727
-126.107,44.031,57.663,1064748
-124.247,44.473,58.788,1064769
-122.647,44.634,59.601,1064790
-120.913,45.031,60.511,1064811
-119.299,45.412,61.312,1064832
-117.781,45.731,62.001,1064853
-116.449,46.086,62.490,1064874
-115.353,46.444,62.792,1064895
-114.605,46.458,62.798,1064916
-113.966,46.386,62.707,1064937
-113.528,46.496,62.463,1064958
-113.221,46.499,62.130,1064979
-112.608,46.466,62.000,1065000
-112.331,46.703,61.664,1065021
-112.187,46.922,61.225,1065042
-112.225,47.110,60.656,1065063
-112.323,47.188,60.030,1065084
-113.024,47.165,58.923,1065105
-113.787,47.086,57.753,1065126
-114.632,46.923,56.497,1065147
-115.081,46.818,55.512,1065168
-114.974,46.852,55.101,1065189
-115.246,46.981,54.412,1065210
-115.566,46.641,53.676,1065231
-115.660,46.579,53.095,1065252
-116.042,46.217,52.282,1065273
-116.683,46.184,51.271,1065294
-117.438,46.078,50.183,1065315
-118.110,45.756,49.150,1065336
-118.927,45.833,47.976,1065357
-119.843,45.634,46.694,1065378
-120.409,45.656,45.623,1065399
-121.424,45.527,44.207,1065420
-121.972,45.462,43.058,1065441
-122.693,45.508,41.768,1065462
-123.252,45.488,40.567,1065483
-123.820,45.510,39.330,1065504
-124.768,45.483,37.753,1065525
-125.657,45.483,36.197,1065546
-126.396,45.389,34.710,1065567
-126.607,45.309,33.565,1065588
-127.154,45.171,32.175,1065609
-127.706,45.030,30.754,1065630
-127.871,45.057,29.573,1065651
-128.007,45.018,28.386,1065672
-128.585,44.983,26.845,1065693
-128.847,45.147,25.472,1065714
-129.009,45.284,24.133,1065735
-129.101,45.443,22.817,1065756
-129.231,45.236,21.423,1065777
-129.455,45.136,19.959,1065798
-129.283,45.018,18.736,1065819
-129.314,45.307,17.328,1065840
-129.001,45.381,16.148,1065861
-128.784,45.646,14.857,1065882
-128.446,45.848,13.650,1065903
-128.329,45.771,12.259,1065924
-127.903,45.962,11.072,1065945
-127.659,45.913,9.740,1065966
-127.629,45.908,8.186,1065987
-127.316,45.789,6.832,1066008
-126.797,45.842,5.623,1066029
-126.791,45.879,4.056,1066050
-126.324,45.975,2.795,1066071
-126.359,46.241,1.190,1066092
-125.939,46.467,359.884,1066113
-125.653,46.348,358.492,1066134
-125.595,46.335,356.918,1066155
-125.462,46.241,355.374,1066176
-125.545,46.352,353.647,1066197
-125.642,46.527,351.930,1066218
-125.583,46.771,350.324,1066239
-125.547,46.552,348.711,1066260
-125.278,46.604,347.259,1066281
-125.462,46.434,345.487,1066302
-125.689,46.507,343.696,1066323
-125.442,46.438,342.264,1066344
-125.229,46.439,340.793,1066365
-125.127,46.182,339.235,1066386
-125.313,46.031,337.491,1066407
-125.081,45.847,336.065,1066428
-124.822,45.798,334.651,1066449
-124.865,45.709,333.040,1066470
-124.823,46.037,331.508,1066491
-124.673,46.310,330.062,1066512
-124.904,46.341,328.326,1066533
-125.172,46.615,326.566,1066554
-125.375,46.942,324.817,1066575
-125.260,46.963,323.312,1066596
-125.329,47.262,321.694,1066617
-125.410,47.177,320.075,1066638
-125.531,47.084,318.446,1066659
-125.448,47.168,316.993,1066680
-125.584,47.489,315.399,1066701
-125.785,47.800,313.783,1066722
-126.074,47.696,312.119,1066743
-126.496,47.732,310.363,1066764
-126.835,47.618,308.659,1066785
-126.861,47.399,307.186,1066806
-126.990,47.167,305.683,1066827
-126.861,46.980,304.398,1066848
-127.230,46.996,302.785,1066869
-127.080,46.851,301.568,1066890
-127.399,46.971,300.013,1066911
-127.661,47.101,298.486,1066932
-128.036,47.020,296.872,1066953
-128.240,46.765,295.387,1066974
-128.376,46.877,293.959,1066996
-128.675,46.783,292.418,1067017
-128.391,46.661,291.285,1067038
-128.115,46.696,290.147,1067059
-127.742,46.653,289.089,1067080
-127.361,46.696,288.032,1067101
-127.455,46.606,286.623,1067122
-126.946,46.527,285.657,1067143
-126.888,46.373,284.383,1067164
-126.526,46.067,283.263,1067185
-126.271,46.192,282.087,1067206
-126.054,45.901,280.913,1067228
-125.946,46.043,279.653,1067249
-125.703,46.104,278.469,1067270
-125.680,46.221,277.119,1067291
-125.387,46.154,275.928,1067312
-125.331,45.842,274.547,1067333
-125.360,45.904,273.105,1067354
-125.002,45.890,271.918,1067375
-124.933,45.611,270.520,1067396
-124.546,45.480,269.316,1067417
-124.576,45.384,267.826,1067438
-125.127,44.372,267.158,1067459
-125.787,43.575,266.370,1067480
-126.158,42.766,265.764,1067501
-127.695,42.380,263.889,1067522
-129.235,42.138,261.985,1067543
-130.663,42.041,260.126,1067564
-131.988,42.103,258.322,1067585
-133.254,42.205,256.573,1067606
-134.194,42.489,255.023,1067627
-135.240,42.865,253.356,1067648
-135.992,43.253,251.869,1067669
-136.797,43.793,250.294,1067690
-137.394,44.365,248.837,1067711
-137.857,45.023,247.427,1067732
-138.012,45.584,246.194,1067753
-136.978,46.364,247.275,1067774
-135.837,46.955,248.203,1067795
-134.558,47.960,249.195,1067816
-133.204,48.540,250.205,1067837
-132.110,49.131,250.957,1067858
-131.088,49.699,251.627,1067879
-130.158,50.313,252.190,1067900
-129.005,51.017,252.855,1067921
-127.641,51.566,253.656,1067942
-126.710,51.827,254.063,1067963
-125.866,52.065,254.342,1067984
-124.601,52.327,254.861,1068005
-123.419,52.470,255.293,1068026
-122.297,52.590,255.628,1068047
-121.307,52.743,255.799,1068068
-120.394,52.919,255.893,1068089
-119.589,53.061,255.862,1068110
-119.297,52.987,255.429,1068131
-118.651,53.041,255.287,1068152
-118.068,52.970,255.050,1068173
-117.483,52.727,254.791,1068194
-117.227,52.202,254.228,1068215
-117.043,51.579,253.589,1068236
-117.032,51.014,252.794,1068257
-116.842,50.390,252.146,1068278
-117.169,49.884,251.116,1068299
-117.146,49.274,250.348,1068320
-117.522,49.001,249.279,1068341
-118.037,48.306,248.105,1068362
-118.620,47.625,246.876,1068383
-119.268,46.981,245.604,1068404
-119.877,46.279,244.366,1068425
-120.428,45.540,243.152,1068446
-121.119,45.065,241.842,1068467
-121.761,44.752,240.539,1068488
-122.440,44.467,239.243,1068509
-122.982,44.212,238.038,1068530
-123.600,43.971,236.735,1068551
-124.403,43.756,235.291,1068572
-125.215,43.232,233.836,1068593
-125.979,42.747,232.407,1068614
-126.654,42.344,231.013,1068635
-126.964,42.236,229.844,1068656
-127.272,42.235,228.662,1068677
-127.775,42.090,227.365,1068698
-128.009,42.094,226.252,1068719
-128.726,42.306,224.770,1068740
-129.425,42.593,223.303,1068761
-129.592,42.822,222.171,1068782
-130.163,43.164,220.770,1068803
-130.750,43.601,219.330,1068824
-131.254,44.291,217.960,1068845
-131.283,44.844,216.914,1068866
-131.790,45.605,215.509,1068887
-132.299,46.354,214.089,1068908
-132.427,47.102,212.923,1068929
-132.680,47.845,211.665,1068950
-132.654,48.325,210.580,1068971
-132.718,48.941,209.412,1068992
-132.734,49.153,208.291,1069013
-132.666,49.320,207.185,1069034
-132.562,49.473,206.123,1069055
-132.547,49.962,204.982,1069076
-132.721,50.127,203.709,1069097
-132.919,50.303,202.392,1069118
-133.049,50.320,201.150,1069139
-133.171,50.280,199.900,1069160
-133.060,49.968,198.849,1069181
-132.710,49.602,197.976,1069202
-132.341,49.164,197.150,1069223
-131.858,48.791,196.408,1069244
-131.871,48.392,195.306,1069265
-131.355,48.061,194.621,1069286
-130.973,47.811,193.844,1069307
-130.631,47.530,193.018,1069328
-130.650,47.117,191.922,1069349
-130.191,46.769,191.185,1069370
-130.163,46.437,190.135,1069391
-129.977,46.252,189.226,1069412
-129.325,45.838,188.636,1069433
-128.629,45.473,188.114,1069454
-127.918,45.199,187.594,1069475
-127.365,44.898,186.934,1069496
-127.197,44.857,186.008,1069517
-126.547,44.712,185.415,1069538
-126.393,44.627,184.504,1069559
-126.023,44.386,183.723,1069580
-125.921,44.293,182.727,1069601
-125.536,44.106,181.900,1069622
-125.099,44.277,181.117,1069643
-124.682,44.493,180.315,1069664
-124.460,44.414,179.377,1069685
-124.407,44.812,178.312,1069706
-124.315,45.221,177.281,1069727
-124.408,45.482,176.104,1069748
-124.417,45.700,174.981,1069769
-124.392,46.060,173.868,1069790
-124.140,46.458,172.933,1069811
-124.135,46.795,171.780,1069832
-123.907,46.738,170.811,1069853
-123.782,47.108,169.788,1069874
-123.530,47.126,168.860,1069895
-123.328,47.141,167.890,1069916
-123.397,47.533,166.701,1069937
-123.278,47.615,165.675,1069958
-123.271,47.604,164.592,1069979
-123.761,47.857,163.166,1070000
-124.051,47.793,161.877,1070021
-124.083,47.789,160.819,1070042
-124.325,47.708,159.600,1070063
-124.475,47.976,158.469,1070084
-124.846,47.883,157.145,1070105
-124.953,48.068,156.033,1070126
-125.324,48.230,154.694,1070147
-125.736,48.232,153.327,1070168
-126.138,48.128,151.949,1070189
-126.452,48.069,150.609,1070210
-126.782,47.870,149.261,1070231
-126.568,47.495,148.255,1070252
-126.347,47.048,147.234,1070273
-126.162,46.476,146.153,1070294
-125.984,46.125,145.025,1070315
-125.962,45.521,143.751,1070336
-125.916,44.920,142.440,1070357
-125.753,44.535,141.204,1070378
-125.934,44.041,139.696,1070399
-126.063,43.536,138.197,1070420
-126.263,43.065,136.602,1070441
-126.084,42.712,135.271,1070462
-125.890,42.492,133.915,1070483
-125.755,41.993,132.522,1070504
-125.444,41.672,131.251,1070525
-125.471,41.682,129.736,1070546
-125.646,41.627,128.100,1070567
-125.762,41.757,126.516,1070588
-126.003,41.854,124.873,1070609
-126.236,42.112,123.227,1070630
-126.243,42.085,121.720,1070651
-126.020,42.238,120.374,1070672
-126.093,42.752,118.830,1070693
-125.936,43.137,117.471,1070714
-126.149,43.320,115.884,1070735
-126.249,43.451,114.329,1070756
-126.383,43.607,112.741,1070777
-126.407,43.749,111.226,1070798
-126.386,43.855,109.752,1070819
-126.637,44.108,108.063,1070840
-126.611,44.208,106.580,1070861
-126.343,44.422,105.251,1070882
-126.074,44.584,103.921,1070903
-126.193,44.955,102.314,1070924
-126.442,45.073,100.580,1070945
-126.513,45.326,98.934,1070966
-126.278,45.305,97.492,1070987
-126.508,45.199,95.717,1071008
-126.746,45.092,93.924,1071029
-126.915,44.860,92.159,1071050
-127.018,44.575,90.458,1071071
-126.657,44.348,89.094,1071092
-126.578,44.418,87.488,1071113
-126.561,44.488,85.865,1071134
-126.142,44.193,84.518,1071155
-125.683,43.925,83.191,1071176
-125.550,43.840,81.634,1071197
-125.349,43.739,80.136,1071218
-125.057,43.930,78.717,1071239
-124.376,43.806,77.544,1071260
-122.355,43.649,78.568,1071281
-120.025,43.576,79.752,1071302
-117.823,43.465,80.775,1071323
-115.833,43.440,81.622,1071344
-114.221,43.452,81.830,1071365
-112.764,43.526,81.952,1071386
-111.883,43.414,81.678,1071407
-110.790,43.513,81.510,1071428
-110.287,43.831,80.968,1071449
-109.581,44.196,80.556,1071470
-109.418,44.683,79.756,1071491
-109.030,45.153,79.123,1071512
-108.807,45.586,78.380,1071533
-108.732,46.163,77.529,1071554
-109.261,46.795,76.237,1071575
-109.483,47.280,75.145,1071596
-109.835,47.623,73.946,1071617
-110.772,47.939,72.288,1071638
-111.009,48.151,71.291,1071659
-110.661,48.465,70.788,1071680
-110.963,48.733,69.780,1071701
-110.938,48.993,68.991,1071722
-111.137,49.423,68.035,1071743
-111.259,49.611,67.116,1071764
-111.472,49.960,66.143,1071785
-111.913,50.066,65.028,1071806
-112.434,50.195,63.820,1071827
-112.516,50.087,62.958,1071848
-112.779,50.236,61.918,1071869
-113.232,49.968,60.710,1071890
-113.759,49.741,59.407,1071911
-113.759,49.356,58.498,1071932
-113.799,49.164,57.568,1071953
-113.741,48.739,56.683,1071974
-114.054,48.208,55.488,1071995
-114.412,47.758,54.253,1072016
-114.242,47.317,53.400,1072037
-114.521,46.861,52.181,1072058
-114.711,46.382,50.982,1072079
-114.577,46.031,50.014,1072100
-114.494,45.874,48.955,1072121
-114.737,45.896,47.626,1072142
-115.260,45.750,46.040,1072163
-115.342,45.536,44.715,1072184
-115.496,45.441,43.317,1072205
-116.101,45.250,41.591,1072226
-116.674,45.022,39.850,1072247
-116.985,44.754,38.244,1072268
-117.629,44.645,36.360,1072289
-117.856,44.510,34.698,1072310
-118.589,44.237,34.198,1072331
-119.291,43.964,33.593,1072352
-120.330,43.607,32.650,1072373
-121.299,43.349,31.664,1072394
-122.110,43.233,30.709,1072415
-122.656,43.259,29.909,1072436
-123.250,43.103,28.986,1072457
-123.676,42.884,28.146,1072478
-124.049,42.714,27.273,1072499
-124.246,42.605,27.154,1072520
-124.360,42.570,27.014,1072541
-124.578,42.699,26.735,1072562
-124.709,42.887,26.429,1072583
-124.457,42.951,26.369,1072604
-124.470,42.846,26.072,1072625
-124.449,42.858,25.727,1072646
-124.177,42.862,25.524,1072667
-123.825,42.929,25.343,1072688
-123.653,43.170,24.987,1072709
-123.275,43.640,25.062,1072730
-122.579,43.951,25.318,1072751
-121.991,44.466,25.457,1072772
-121.496,45.074,25.484,1072793
-121.192,45.693,25.343,1072814
-120.785,45.936,25.241,1072835
-120.391,46.600,25.088,1072856
-119.703,46.858,25.114,1072877
-119.458,47.151,24.809,1072898
-119.048,47.307,24.591,1072919
-118.897,47.435,24.371,1072940
-118.427,47.802,24.325,1072961
-117.970,48.125,24.236,1072982
-117.837,48.503,23.882,1073003
-117.867,48.508,23.478,1073024
-117.918,48.435,23.033,1073045
-117.604,48.591,22.824,1073066
-117.711,48.441,22.276,1073087
-118.000,48.477,21.597,1073108
-117.786,48.303,21.254,1073129
-118.034,48.022,20.536,1073150
-118.005,47.986,19.974,1073171
-118.496,47.928,19.026,1073192
-119.009,47.707,18.037,1073213
-119.583,47.464,16.962,1073234
-119.693,47.195,16.205,1073255
-120.076,46.770,15.246,1073276
-120.215,46.648,14.432,1073297
-120.526,46.614,13.467,1073318
-121.158,46.528,12.270,1073339
-121.346,46.363,11.356,1073360
-121.514,46.178,10.455,1073381
-122.132,45.908,9.233,1073402
-122.790,45.790,7.965,1073423
-123.132,45.767,6.900,1073444
-123.716,45.433,5.646,1073465
-124.241,45.078,4.446,1073486
-124.378,44.965,3.485,1073507
-124.467,44.676,2.548,1073528
-125.052,44.665,1.270,1073549
-125.526,44.401,0.041,1073570
-126.112,44.434,358.736,1073591
-126.255,44.548,357.709,1073612
-126.748,44.796,356.476,1073633
-127.214,44.854,355.233,1073654
-127.480,44.830,354.122,1073675
-127.738,45.276,353.019,1073696
-127.597,45.529,352.182,1073717
-127.800,45.648,351.118,1073738
-127.748,45.747,350.237,1073759
-127.770,46.279,349.308,1073780
-127.751,46.780,348.395,1073801
-127.959,47.033,347.300,1073822
-128.126,47.423,346.244,1073843
-128.232,47.781,345.224,1073864
-127.841,48.062,344.588,1073885
-127.412,48.225,343.987,1073906
-127.025,48.250,343.334,1073927
-126.616,48.387,342.720,1073948
-126.230,48.512,342.089,1073969
-125.853,48.518,341.428,1073990
-125.634,48.690,340.656,1074011
-125.342,48.772,339.940,1074032
-125.446,48.559,338.922,1074053
-125.351,48.645,338.047,1074074
-125.276,48.324,337.149,1074095
-125.132,48.366,336.325,1074116
-124.966,47.976,335.516,1074137
-125.060,47.635,334.484,1074158
-125.137,47.220,333.495,1074179
-125.301,47.143,332.420,1074200
-125.323,46.681,331.467,1074221
-125.528,46.515,330.390,1074242
-125.787,46.283,329.268,1074263
-125.979,45.985,328.196,1074284
-125.987,45.563,327.264,1074305
-125.953,45.534,326.345,1074326
-125.846,45.105,325.472,1074347
-125.617,45.068,324.689,1074368
-125.358,45.002,323.929,1074389
-125.418,44.943,322.947,1074410
-125.045,44.768,322.289,1074431
-124.702,44.657,321.597,1074452
-124.681,44.750,320.704,1074473
-124.366,44.708,319.999,1074494
-124.305,44.455,319.132,1074515
-124.070,44.304,318.398,1074536
-123.819,44.393,317.665,1074557
-123.660,44.319,316.891,1074578
-123.901,44.404,315.823,1074599
-123.955,44.787,314.891,1074620
-123.986,45.174,314.003,1074641
-124.186,45.607,313.004,1074662
-124.349,46.020,312.040,1074683
-124.379,46.308,311.178,1074704
-124.358,46.359,310.355,1074725
-124.404,46.416,309.471,1074746
-124.474,46.440,308.582,1074767
-124.684,46.851,307.600,1074788
-125.048,46.875,306.504,1074809
-125.404,46.899,305.446,1074830
-125.846,47.256,304.337,1074851
-126.362,47.433,303.147,1074872
-126.762,47.499,302.070,1074893
-127.068,47.489,301.082,1074914
-126.972,47.519,300.391,1074935
-127.254,47.791,299.416,1074956
-127.054,47.911,298.804,1074977
-126.904,47.767,298.124,1074998
-126.692,47.911,297.494,1075019
-126.728,48.166,296.677,1075040
-126.460,47.969,296.082,1075061
-126.334,47.740,295.368,1075082
-126.472,47.642,294.444,1075103
-127.757,48.038,292.885,1075124
-128.958,48.365,291.363,1075145
-130.044,48.871,289.899,1075166
-131.032,49.324,288.480,1075187
-131.571,49.598,287.361,1075208
-131.980,49.779,286.340,1075229
-132.709,50.103,285.025,1075250
-132.951,50.072,284.064,1075271
-133.236,50.235,283.025,1075292
-133.823,50.378,281.723,1075313
-134.244,50.168,280.521,1075334
-134.369,49.854,279.524,1075355
-134.664,49.766,278.400,1075376
-134.816,49.733,277.346,1075397
-134.311,49.606,276.784,1075418
-134.220,49.558,275.857,1075440
-133.996,49.315,275.043,1075461
-133.623,49.034,274.310,1075482
-132.968,48.650,273.778,1075503
-132.133,48.330,273.358,1075524
-131.245,48.038,272.973,1075545
-130.220,47.858,272.676,1075566
-129.163,47.630,272.399,1075587
-128.071,47.604,272.123,1075608
-126.915,47.515,271.911,1075629
-125.695,47.409,271.761,1075650
-124.980,47.550,271.246,1075671
-124.293,47.698,270.668,1075692
-123.633,47.603,270.076,1075713
-122.842,47.403,269.560,1075734
-121.931,47.590,269.142,1075755
-121.019,47.446,268.752,1075776
-120.578,47.647,268.013,1075797
-119.788,47.743,267.561,1075818
-119.230,47.972,266.904,1075839
-118.850,48.219,266.133,1075860
-118.742,48.502,265.134,1075881
-118.394,48.457,264.325,1075902
-118.491,48.332,263.191,1075923
-118.290,48.460,262.289,1075944
-118.088,48.488,261.392,1075965
-118.049,48.345,260.392,1075986
-118.175,48.207,259.263,1076007
-118.536,48.201,257.953,1076028
-118.948,48.372,256.646,1076049
-119.409,48.267,255.305,1076070
-119.998,48.211,253.926,1076091
-120.614,48.092,252.534,1076112
-120.927,47.847,251.373,1076133
-121.581,47.673,249.950,1076154
-122.332,47.777,248.463,1076175
-122.730,47.482,247.251,1076196
-123.021,47.305,246.145,1076217
-123.454,47.340,244.932,1076238
-124.321,47.368,243.424,1076259
-124.720,47.416,242.282,1076280
-125.414,47.183,240.948,1076301
-126.153,47.329,239.578,1076322
-126.843,47.083,238.266,1076343
-127.663,47.198,236.869,1076364
-127.975,47.109,235.864,1076385
-128.420,46.866,234.776,1076406
-129.146,46.909,233.507,1076427
-129.771,47.119,232.318,1076448
-130.374,47.004,231.166,1076469
-130.739,46.811,230.202,1076490
-131.441,46.854,229.003,1076511
-131.621,46.968,228.184,1076532
-131.710,46.880,227.452,1076553
-132.302,46.877,226.328,1076574
-132.673,47.098,225.396,1076595
-133.146,47.039,224.377,1076616
-133.350,46.822,223.536,1076637
-133.160,46.786,222.965,1076658
-133.133,46.992,222.261,1076679
-133.077,47.249,221.577,1076700
-133.278,47.444,220.688,1076721
-133.040,47.339,220.128,1076742
-133.126,47.374,219.333,1076763
-132.841,47.683,218.815,1076784
-132.405,47.764,218.410,1076805
-132.146,48.115,217.883,1076826
-132.127,48.427,217.163,1076847
-131.569,48.517,216.855,1076868
-131.379,48.804,216.242,1076889
-130.757,48.789,215.948,1076910
-130.521,48.613,215.357,1076931
-130.219,48.393,214.806,1076952
-129.513,48.252,214.581,1076973
-129.189,47.991,214.071,1076994
-128.668,48.040,213.662,1077015
-128.316,47.718,213.133,1077036
-128.146,47.714,212.446,1077057
-127.864,47.759,211.834,1077078
-127.796,47.709,211.048,1077099
-127.678,47.694,210.328,1077120
-127.758,47.436,209.442,1077141
-127.450,47.236,208.812,1077162
-127.480,46.771,207.934,1077183
-127.245,46.599,207.208,1077204
-127.106,46.111,206.425,1077225
-126.806,45.824,205.731,1077246
-127.012,45.562,204.654,1077267
-126.771,45.252,203.910,1077288
-127.468,44.505,203.708,1077309
-128.187,43.822,203.462,1077330
-128.776,43.154,203.288,1077351
-129.403,42.622,203.071,1077372
-129.802,42.087,202.984,1077393
-130.232,42.066,202.837,1077414
-130.482,42.021,202.763,1077435
-130.699,42.081,202.706,1077456
-131.064,42.315,202.524,1077477
-131.495,42.582,202.265,1077498
-131.644,42.546,202.203,1077519
-131.854,42.627,202.067,1077540
-131.600,42.994,202.240,1077561
-131.298,43.104,202.417,1077582
-131.188,43.265,202.480,1077603
-131.186,43.779,202.415,1077624
-130.976,44.413,202.500,1077645
-130.636,45.064,202.678,1077666
-130.726,45.221,202.989,1077687
-130.826,45.623,203.283,1077708
-130.899,46.110,203.561,1077729
-130.943,46.570,203.842,1077750
-130.440,46.814,204.503,1077771
-130.196,46.862,204.946,1077792
-129.640,47.073,205.618,1077813
-129.201,46.992,206.405,1077834
-128.701,47.020,207.210,1077855
-128.352,47.203,207.853,1077876
-127.956,47.294,208.492,1077897
-127.406,47.130,209.194,1077918
-127.125,47.184,209.629,1077939
-127.078,47.222,209.854,1077960
-127.124,46.962,209.962,1077981
-126.870,46.563,210.220,1078002
-126.654,46.140,210.413,1078023
-126.484,46.043,210.688,1078044
-126.331,45.926,210.894,1078065
-126.081,45.696,211.120,1078086
-126.299,45.368,210.988,1078107
-126.547,45.051,210.803,1078128
-126.447,44.980,210.818,1078149
-126.463,45.012,210.730,1078170
-126.568,44.685,210.571,1078191
-126.534,44.784,210.471,1078212
-126.911,44.817,210.087,1078233
-126.800,44.723,210.031,1078254
-127.043,45.060,209.727,1078275
-127.309,45.357,209.441,1078296
-127.439,45.609,209.209,1078317
-127.843,45.569,208.763,1078338
-128.254,45.645,208.281,1078359
-128.498,45.980,207.863,1078380
-128.773,46.189,207.426,1078401
-128.595,46.162,207.254,1078422
-128.613,46.118,206.904,1078443
-128.448,46.081,206.649,1078464
-128.150,46.150,206.491,1078485
-128.009,46.482,206.213,1078506
-128.255,46.661,205.626,1078527
-128.095,47.003,205.319,1078548
-127.759,47.094,205.195,1078569
-127.437,47.205,205.039,1078590
-127.096,47.190,204.874,1078611
-127.019,47.490,204.501,1078632
-126.804,47.365,204.177,1078653
-126.509,47.284,203.921,1078674
-126.748,47.324,203.236,1078695
-126.895,47.292,202.588,1078716
-126.966,47.188,201.963,1078737
-127.032,47.108,201.317,1078758
-126.829,47.331,200.854,1078779
-127.010,47.297,200.056,1078800
-127.236,47.329,199.225,1078821
-127.018,47.452,198.695,1078842
-126.758,47.468,198.222,1078863
-127.021,47.442,197.338,1078884
-126.938,47.563,196.668,1078905
-126.662,47.294,196.116,1078926
-126.694,47.042,195.321,1078947
-126.715,47.154,194.482,1078968
-126.419,47.204,193.831,1078989
-126.539,47.104,192.870,1079010
-126.412,46.849,192.067,1079031
-126.297,46.619,191.212,1079052
-125.931,46.545,190.558,1079073
-125.513,46.492,189.924,1079094
-125.464,46.666,189.006,1079115
-125.148,46.734,188.270,1079136
-124.746,46.686,187.579,1079157
-124.636,46.827,186.663,1079178
-124.385,46.540,185.818,1079199
-124.226,46.283,184.885,1079220
-124.313,46.170,183.737,1079241
-124.076,45.999,182.802,1079262
-123.938,45.831,181.785,1079283
-123.976,46.134,180.633,1079304
-123.926,46.435,179.525,1079325
-124.196,46.731,178.166,1079346
-124.441,46.755,176.823,1079367
-124.715,46.789,175.471,1079388
-125.134,46.916,174.001,1079409
-125.285,46.834,172.719,1079430
-125.277,47.034,171.540,1079451
-125.553,46.916,170.105,1079472
-125.582,47.066,168.821,1079493
-125.939,47.280,167.258,1079514
-125.885,47.168,165.955,1079535
-126.365,47.254,164.241,1079556
-126.711,47.110,162.599,1079577
-127.160,47.274,160.873,1079598
-127.672,47.366,159.083,1079619
-127.930,47.126,157.442,1079640
-128.256,46.899,155.712,1079661
-128.149,46.649,154.259,1079682
-128.035,46.466,152.774,1079703
-128.030,46.031,151.178,1079724
-127.965,45.605,149.585,1079745
-128.088,45.503,147.827,1079766
-127.915,45.128,146.277,1079787
-128.251,44.940,144.350,1079808
-128.313,44.813,142.615,1079829
-128.154,44.451,141.020,1079850
-128.310,44.368,139.192,1079871
-128.440,43.896,137.370,1079892
-128.325,43.427,135.687,1079913
-128.084,43.076,134.090,1079934
-128.291,42.816,132.157,1079955
-128.359,42.360,130.325,1079976
-128.413,41.910,128.473,1079997
-128.400,41.404,126.679,1080018
-128.492,40.970,124.810,1080039
-128.388,40.495,123.063,1080060
-128.154,40.072,121.420,1080081
-127.777,39.971,119.843,1080102
-127.484,40.122,118.194,1080123
-127.495,40.325,116.340,1080144
-127.346,40.701,114.558,1080165
-127.160,41.168,112.790,1080186
-127.041,41.328,110.953,1080207
-127.068,41.737,109.018,1080228
-126.962,41.938,107.191,1080249
-126.637,42.238,105.501,1080270
-126.376,42.550,103.760,1080291
-126.164,42.871,101.983,1080312
-125.996,43.631,100.177,1080333
-125.796,44.385,98.396,1080354
-125.615,45.171,96.589,1080375
-125.617,45.604,94.666,1080396
-125.324,46.152,92.949,1080417
-125.496,46.675,90.930,1080438
-125.190,47.256,89.251,1080459
-125.402,47.772,87.226,1080480
-125.541,48.116,85.285,1080501
-125.446,48.710,83.525,1080522
-123.102,49.171,84.440,1080543
-120.778,49.714,85.292,1080564
-118.278,49.960,86.288,1080585
-116.008,49.861,87.081,1080606
-114.092,49.657,87.588,1080627
-112.215,49.481,88.049,1080648
-110.929,49.547,88.034,1080669
-109.943,49.426,87.780,1080690
-108.599,49.298,87.778,1080711
-107.420,49.058,87.641,1080732
-106.888,48.757,87.018,1080753
-106.540,48.707,86.277,1080774
-105.876,48.489,85.770,1080795
-105.673,48.109,84.923,1080816
-105.876,47.914,83.726,1080837
-106.208,47.673,82.416,1080858
-106.262,47.517,81.290,1080879
-106.651,47.162,79.894,1080900
-107.286,46.787,78.278,1080921
-108.177,46.640,76.463,1080942
-108.748,46.538,74.860,1080963
-109.554,46.550,73.073,1080984
-110.699,46.472,71.007,1081005
-111.925,46.355,68.869,1081026
-113.227,46.303,66.681,1081047
-114.601,46.193,64.417,1081068
-115.989,46.209,62.133,1081089
-117.476,46.081,59.733,1081110
-118.548,45.948,57.564,1081131
-119.476,45.827,55.275,1081152
-120.034,45.864,53.154,1081173
-120.708,45.946,50.909,1081194
-121.328,45.950,48.643,1081215
-121.931,45.721,46.322,1081236
-123.326,45.148,45.809,1081257
-124.413,44.483,45.020,1081278
-125.401,43.805,44.189,1081299
-126.313,43.021,43.251,1081320
-126.960,42.471,42.413,1081341
-127.806,42.219,41.321,1081362
-128.627,41.842,40.188,1081383
-129.062,41.706,39.249,1081404
-129.598,41.486,38.169,1081425
-129.902,41.180,37.176,1081446
-129.901,40.898,36.324,1081467
-129.857,40.745,35.448,1081488
-129.769,40.718,34.561,1081509
-129.831,40.328,34.290,1081530
-129.575,40.298,34.140,1081551
-129.213,40.325,33.982,1081572
-128.906,40.535,33.760,1081593
-128.560,40.831,33.516,1081614
-128.443,41.098,33.107,1081635
-127.820,41.399,33.010,1081656
-127.347,41.654,32.781,1081677
-126.824,41.984,32.543,1081698
-125.987,42.441,32.508,1081719
-125.673,42.651,32.473,1081740
-125.118,43.194,32.610,1081761
-124.642,43.775,32.663,1081782
-124.272,44.353,32.612,1081803
-123.682,44.973,32.688,1081824
-123.178,45.663,32.708,1081845
-122.790,46.074,32.622,1081866
-122.417,46.510,32.512,1081887
-121.808,46.732,32.539,1081908
-121.084,46.949,32.592,1081929
-120.202,47.382,32.771,1081950
-119.869,47.713,32.629,1081971
-119.028,48.053,32.861,1081992
-118.198,48.167,33.099,1082013
-117.413,48.376,33.263,1082034
-117.125,48.411,33.023,1082055
-116.365,48.522,33.074,1082076
-115.745,48.662,32.991,1082097
-115.541,48.571,32.572,1082118
-115.152,48.405,32.299,1082139
-114.645,48.418,32.067,1082160
-114.304,48.586,31.703,1082181
-114.246,48.815,31.099,1082202
-114.448,48.826,30.234,1082223
-114.299,48.893,29.621,1082244
-114.568,48.634,28.643,1082265
-114.953,48.336,27.519,1082286
-115.417,48.035,26.307,1082307
-115.874,47.603,25.079,1082328
-116.369,47.145,23.821,1082349
-117.017,46.824,22.470,1082370
-117.405,46.738,21.281,1082391
-118.161,46.492,19.813,1082412
-118.913,46.096,18.350,1082433
-119.693,45.689,16.842,1082454
-120.503,45.252,15.306,1082475
-121.050,44.787,13.916,1082496
-121.821,44.704,12.382,1082517
-122.711,44.242,10.733,1082538
-123.738,43.909,9.002,1082559
-124.637,43.465,7.386,1082580
-125.302,43.394,5.917,1082601
-125.961,43.389,4.469,1082622
-126.924,43.401,2.795,1082643
-127.807,43.447,1.226,1082664
-128.278,43.525,359.927,1082685
-128.972,43.393,358.450,1082706
-129.649,43.397,356.975,1082727
-130.022,43.683,355.715,1082748
-130.108,43.821,354.664,1082769
-130.690,44.094,353.267,1082790
-131.132,44.438,351.975,1082811
-131.225,44.729,350.915,1082832
-131.245,45.029,349.876,1082853
-131.529,45.087,348.636,1082874
-131.400,45.085,347.710,1082895
-131.501,45.187,346.598,1082916
-131.233,45.550,345.763,1082937
-130.838,45.726,345.049,1082958
-130.404,46.071,344.382,1082979
-130.052,46.559,343.642,1083000
-129.529,46.929,343.022,1083021
-129.449,47.182,342.068,1083042
-129.367,47.451,341.126,1083063
-129.252,47.620,340.228,1083084
-128.653,47.622,339.675,1083105
-128.214,47.951,339.030,1083126
-127.615,47.861,338.528,1083147
-126.998,48.038,338.037,1083168
-126.309,48.097,337.607,1083189
-125.668,47.897,337.149,1083210
-125.270,48.026,336.478,1083231
-125.111,48.065,335.624,1083252
-124.686,47.671,334.940,1083273
-124.632,47.451,333.985,1083294
-124.149,47.305,333.369,1083315
-123.742,46.879,332.677,1083336
-123.794,46.674,331.651,1083357
-123.726,46.250,330.702,1083378
-123.300,45.952,330.040,1083399
-122.940,45.713,329.324,1083420
-123.119,45.510,328.262,1083441
-123.335,45.337,327.185,1083462
-123.592,45.233,326.081,1083483
-123.545,44.842,325.178,1083504
-123.318,44.646,324.390,1083525
-123.210,44.297,323.481,1083546
-123.080,44.322,322.615,1083567
-122.974,44.409,321.729,1083588
-122.767,44.435,320.940,1083609
-122.892,44.236,319.921,1083630
-122.890,44.413,319.016,1083651
-123.174,44.651,317.949,1083672
-123.355,44.497,316.939,1083693
-123.766,44.511,315.787,1083714
-123.931,44.373,314.788,1083735
-124.440,44.518,313.556,1083756
-124.889,44.567,312.350,1083777
-125.281,44.915,311.179,1083798
-125.466,45.261,310.119,1083819
-125.816,45.650,308.933,1083840
-125.835,45.783,307.977,1083861
-126.317,45.939,306.681,1083882
-126.676,45.970,305.477,1083903
-127.056,46.363,304.260,1083924
-126.997,46.535,303.338,1083945
-126.929,46.542,302.419,1083966
-127.018,46.824,301.350,1083987
-127.177,47.094,300.198,1084008
-127.098,47.210,299.206,1084029
-127.032,47.003,298.199,1084050
-126.996,47.112,297.144,1084071
-126.916,46.959,296.099,1084092
-127.219,47.227,294.766,1084113
-127.548,47.184,293.397,1084134
-127.833,47.153,292.022,1084155
-128.234,47.243,290.528,1084176
-128.635,47.349,288.994,1084197
-129.042,47.769,287.419,1084218
-129.198,48.174,285.970,1084239
-129.438,48.593,284.420,1084260
-129.996,48.910,282.584,1084281
-130.424,48.989,280.807,1084302
-130.755,49.004,279.078,1084323
-131.044,49.074,277.335,1084344
-131.405,49.200,275.467,1084365
-131.605,49.712,273.657,1084386
-131.648,49.528,271.529,1084407
-131.649,49.100,269.411,1084428
-131.611,48.900,267.332,1084449
-131.604,48.680,265.217,1084470
-131.694,48.693,263.051,1084491
-131.773,48.743,260.888,1084512
-131.881,48.578,258.738,1084533
-132.331,48.467,256.348,1084554
-132.499,48.684,254.147,1084575
-132.756,48.890,251.874,1084596
-133.151,49.085,249.502,1084617
-133.690,49.212,247.013,1084638
-134.229,49.321,244.531,1084659
-134.721,49.278,242.124,1084680
-134.896,49.092,239.959,1084701
-134.959,48.900,237.895,1084722
-134.836,48.753,235.949,1084743
-134.685,48.570,234.040,1084764
-134.406,48.607,232.238,1084785
-134.063,48.522,230.503,1084806
-133.977,48.715,228.624,1084827
-133.575,48.503,226.967,1084848
-133.400,48.308,225.171,1084869
-133.022,48.456,223.516,1084890
-132.502,48.167,221.968,1084911
-131.812,48.265,220.553,1084932
-130.878,48.150,219.329,1084953
-130.363,48.185,217.790,1084974
-129.414,47.856,216.588,1084995
-128.572,47.828,215.282,1085016
-128.061,47.611,213.735,1085037
-127.316,47.293,212.365,1085058
-126.788,47.103,210.828,1085079
-126.194,47.211,209.355,1085100
-125.511,46.941,207.953,1085122
-124.742,46.659,206.641,1085143
-123.758,46.544,205.491,1085164
-122.786,46.453,204.335,1085185
-121.971,46.549,203.090,1085206
-121.574,46.443,201.547,1085227
-120.735,46.383,200.352,1085248
-120.175,46.600,198.958,1085269
-120.011,46.751,197.278,1085290
-119.892,46.783,195.581,1085311
-119.414,46.708,194.135,1085332
-118.904,46.734,192.733,1085353
-118.457,46.864,191.304,1085374
-118.254,47.189,189.704,1085395
-118.522,47.318,187.760,1085416
-118.571,47.640,185.940,1085437
-118.699,47.902,184.042,1085458
-119.243,47.879,181.835,1085479
-119.935,47.934,179.503,1085500
-120.494,47.718,177.271,1085521
-120.785,47.510,175.220,1085542
-121.092,47.235,173.138,1085563
-121.633,46.897,170.864,1085584
-122.120,46.927,168.641,1085605
-122.859,46.757,166.235,1085626
-123.457,46.376,163.928,1085647
-124.027,45.971,161.656,1085668
-124.490,45.945,159.458,1085689
-124.890,45.492,157.287,1085710
-125.238,45.037,155.170,1085731
-125.797,45.003,152.889,1085752
-125.967,44.741,150.885,1085773
-127.325,45.392,148.805,1085794
-128.441,45.890,146.851,1085815
-129.438,46.296,144.948,1085836
-130.298,46.647,143.074,1085857
-131.045,46.956,141.237,1085878
-132.048,47.109,139.198,1085899
-132.964,47.287,137.157,1085920
-133.790,47.426,135.140,1085941
-134.104,47.746,133.471,1085962
-134.439,48.087,131.748,1085983
-134.951,48.224,129.864,1086004
-135.389,48.331,128.018,1086025
-135.589,48.179,126.320,1086046
-135.694,48.011,124.661,1086067
-135.438,47.748,123.271,1086088
-135.334,47.555,121.781,1086109
-134.684,47.253,120.698,1086130
-133.989,46.903,119.666,1086151
-133.232,46.541,118.670,1086172
-132.161,46.431,117.908,1086193
-131.019,46.330,117.197,1086214
-130.127,46.345,116.325,1086235
-128.858,46.084,115.748,1086256
-128.042,45.862,114.855,1086277
-127.190,45.581,114.003,1086298
-125.968,45.255,113.417,1086319
-124.777,44.956,112.825,1086340
-123.793,45.047,112.091,1086361
-122.742,45.125,111.405,1086382
-122.064,44.899,110.497,1086403
-121.515,44.727,109.522,1086424
-121.110,44.592,108.473,1086445
-120.041,44.492,108.349,1086466
-118.868,44.267,108.320,1086487
-117.848,44.487,108.212,1086508
-116.760,44.600,108.155,1086529
-115.796,44.537,108.035,1086550
-115.009,44.638,107.784,1086571
-114.338,44.842,107.449,1086592
-113.881,45.144,106.950,1086613
-113.726,45.507,106.251,1086634
-113.648,45.872,105.478,1086655
-113.880,45.891,104.518,1086676
-114.363,46.108,103.361,1086697
-114.945,46.265,102.148,1086718
-115.666,46.591,100.842,1086739
-116.278,46.544,99.613,1086760
-116.754,46.622,98.459,1086781
-117.508,46.961,97.077,1086802
-118.015,47.325,95.925,1086823
-118.256,47.486,94.958,1086844
-119.051,47.538,93.584,1086865
-119.854,47.527,92.182,1086886
-120.390,47.316,90.970,1086907
-121.260,47.276,89.495,1086928
-122.082,47.112,88.034,1086949
-122.520,47.105,86.848,1086971
-122.927,47.074,85.674,1086992
-123.761,47.069,84.189,1087013
-124.402,47.070,82.814,1087034
-125.202,46.798,81.298,1087055
-125.531,46.381,80.110,1087076
-125.769,45.998,78.980,1087097
-126.472,45.640,77.488,1087118
-126.826,45.176,76.202,1087139
-127.488,45.100,74.698,1087160
-127.582,44.877,73.567,1087181
-127.938,44.900,72.243,1087202
-127.938,44.835,71.155,1087223
-127.943,44.883,70.036,1087244
-128.056,44.600,68.833,1087265
-128.237,44.406,67.525,1087286
-128.007,44.386,66.502,1087307
-127.730,44.341,65.490,1087328
-127.935,44.332,64.120,1087349
-127.925,44.171,62.896,1087370
-127.784,44.415,61.740,1087391
-127.529,44.606,60.637,1087412
-127.581,44.924,59.306,1087433
-127.568,44.932,58.003,1087454
-127.200,44.988,56.908,1087475
-126.809,45.269,55.817,1087496
-126.877,45.499,54.392,1087517
-126.846,45.591,53.023,1087538
-126.665,45.994,51.721,1087559
-126.352,45.975,50.516,1087580
-126.444,46.194,49.003,1087601
-126.512,46.271,47.472,1087622
-126.287,46.567,46.139,1087643
-126.026,46.787,44.814,1087664
-125.936,46.672,43.361,1087685
-126.007,46.562,41.768,1087706
-125.844,46.456,40.342,1087727
-125.661,46.364,38.876,1087748
-125.456,46.327,37.386,1087769
-125.669,46.218,35.638,1087790
-125.798,46.226,34.269,1087811
-125.885,46.187,32.948,1087832
-126.334,46.154,31.353,1087853
-126.264,45.906,30.123,1087874
-126.701,45.818,28.529,1087895
-126.788,45.849,27.174,1087916
-127.157,45.679,25.624,1087937
-127.349,45.393,24.170,1087958
-127.175,45.265,22.970,1087979
-127.309,45.056,21.567,1088000
-127.525,44.973,20.118,1088021
-127.746,44.972,18.650,1088042
-127.916,45.010,17.236,1088063
-127.649,45.173,16.130,1088084
