-116.300,45.986,81.996,5072912
-116.998,46.046,80.361,5072933
-117.775,46.074,78.672,5072954
-118.642,46.170,76.902,5072975
-119.544,46.220,75.136,5072996
-120.061,46.434,73.633,5073017
-120.564,46.574,72.120,5073038
-121.100,46.719,70.582,5073059
-121.709,46.428,68.983,5073080
-121.861,46.310,67.720,5073101
-121.931,46.050,66.495,5073122
-122.005,45.678,65.261,5073143
-122.084,45.604,64.016,5073164
-122.441,45.546,62.577,5073185
-122.785,45.224,61.128,5073206
-122.954,45.194,59.805,5073227
-122.892,45.136,58.626,5073248
-122.735,45.039,57.489,5073269
-122.579,44.618,56.371,5073290
-122.254,44.247,55.369,5073311
-121.912,43.929,54.427,5073332
-121.393,43.710,53.567,5073353
-120.906,43.524,52.671,5073374
-120.795,43.540,51.539,5073395
-120.495,43.822,50.526,5073416
-119.978,43.911,49.681,5073437
-119.859,44.205,48.554,5073458
-119.860,44.424,47.347,5073479
-119.853,44.405,46.153,5073500
-119.564,44.220,45.124,5073521
-119.192,44.014,44.172,5073542
-118.577,43.991,43.385,5073563
-118.262,44.227,42.359,5073584
-117.670,44.074,41.546,5073605
-117.498,44.340,40.464,5073626
-117.384,44.623,39.338,5073647
-117.436,44.764,38.122,5073668
-117.563,44.938,36.820,5073689
-117.561,44.827,35.588,5073710
-117.245,44.847,34.563,5073731
-116.956,44.708,33.486,5073752
-116.585,44.595,32.448,5073773
-117.328,44.899,31.006,5073794
-118.116,45.354,29.511,5073815
-118.817,45.922,28.040,5073836
-119.384,46.490,26.663,5073857
-120.087,46.946,25.169,5073878
-120.609,47.390,23.826,5073899
-121.132,47.794,22.493,5073920
-121.322,47.826,21.397,5073941
-121.489,47.791,20.315,5073962
-121.652,47.666,19.192,5073983
-121.822,47.381,18.055,5074004
-122.045,47.024,16.845,5074025
-122.403,46.989,15.519,5074046
-122.655,46.925,14.269,5074067
-122.855,46.642,13.049,5074088
-122.984,46.480,11.872,5074109
-122.717,45.984,10.993,5074130
-122.130,45.616,10.321,5074151
-121.468,45.244,9.669,5074172
-120.726,45.018,9.068,5074193
-119.992,44.703,8.451,5074214
-119.367,44.690,7.772,5074235
-118.990,44.691,6.885,5074256
-118.350,44.706,6.152,5074277
-117.908,44.818,5.238,5074298
-117.174,44.551,4.494,5074319
-116.641,44.252,3.606,5074340
-115.919,44.163,2.839,5074361
-115.185,44.117,2.072,5074382
-114.466,44.096,1.246,5074403
-113.772,44.109,0.413,5074424
-113.208,44.334,359.478,5074445
-113.095,44.648,358.214,5074466
-113.035,45.023,356.905,5074487
-113.076,45.197,355.525,5074508
-113.112,45.324,354.126,5074529
-113.142,45.420,352.733,5074550
-112.817,45.610,351.585,5074571
-112.605,45.919,350.365,5074593
-112.533,46.296,349.041,5074614
-112.502,46.486,347.701,5074635
-112.978,47.038,346.020,5074656
-113.634,47.531,344.215,5074677
-114.257,47.687,342.482,5074698
-114.797,47.790,340.759,5074719
-115.243,47.867,339.153,5074740
-115.622,48.069,337.617,5074761
-116.068,48.334,336.016,5074782
-116.512,48.381,334.464,5074803
-117.422,48.369,332.562,5074824
-118.351,48.330,330.673,5074845
-119.220,48.207,328.847,5074866
-120.050,48.022,327.082,5074887
-120.795,47.781,325.374,5074908
-121.338,47.387,323.835,5074929
-121.487,46.964,322.559,5074950
-121.630,46.706,321.296,5074971
-121.988,46.522,319.890,5074992
-122.245,45.895,318.542,5075013
-122.747,45.514,317.011,5075034
-123.124,44.982,315.587,5075055
-123.547,44.490,314.138,5075076
-123.902,43.977,312.714,5075097
-124.235,43.455,311.301,5075118
-124.316,42.861,310.058,5075139
-124.155,42.599,308.955,5075160
-124.105,42.464,307.750,5075181
-123.866,42.266,306.659,5075202
-123.607,42.085,305.587,5075223
-123.771,41.903,304.199,5075244
-123.874,41.527,302.856,5075265
-123.956,41.196,301.539,5075286
-123.935,40.825,300.263,5075307
-123.831,40.476,299.046,5075328
-123.488,40.276,297.971,5075349
-123.104,40.235,296.947,5075370
-122.889,40.460,295.808,5075391
-122.614,40.738,294.712,5075412
-122.793,40.355,294.336,5075433
-123.096,39.753,293.864,5075454
-123.498,39.368,293.298,5075475
-123.817,39.040,292.764,5075496
-124.105,38.812,292.209,5075517
-124.281,38.582,291.725,5075538
-124.145,38.635,291.384,5075559
-123.975,38.720,291.063,5075580
-123.914,39.044,290.705,5075601
-123.809,39.434,290.338,5075622
-123.690,39.504,290.251,5075643
-123.486,39.691,290.218,5075664
-123.647,39.884,289.928,5075685
-123.744,40.182,289.666,5075706
-123.482,40.309,289.666,5075727
-123.441,40.737,289.490,5075748
-123.107,41.364,289.471,5075769
-123.025,41.451,289.430,5075790
-122.811,41.947,289.441,5075811
-122.484,42.441,289.505,5075832
-122.140,42.938,289.522,5075853
-121.553,43.019,289.672,5075874
-121.251,42.980,289.776,5075895
-120.930,42.939,289.843,5075916
-120.637,43.009,289.851,5075937
-119.933,42.942,290.085,5075958
-119.130,43.077,290.334,5075979
-118.446,43.235,290.560,5076000
-117.874,43.492,290.701,5076021
-117.307,43.788,290.837,5076042
-116.630,43.844,290.974,5076063
-116.405,43.822,290.798,5076084
-116.184,43.664,290.690,5076105
-116.006,43.524,290.511,5076126
-115.489,43.574,290.563,5076147
-115.212,43.332,290.449,5076168
-114.889,43.507,290.337,5076189
-114.544,43.604,290.237,5076210
-114.374,43.812,289.969,5076231
-114.286,44.061,289.653,5076252
-114.254,44.341,289.255,5076273
-114.432,44.252,288.690,5076294
-114.643,44.164,288.072,5076315
-114.921,44.173,287.411,5076336
-115.184,44.170,286.688,5076357
-115.387,44.149,285.984,5076378
-115.205,44.338,285.546,5076399
-115.224,44.737,284.937,5076420
-115.335,45.161,284.258,5076441
-115.293,45.515,283.660,5076462
-115.194,45.805,283.117,5076483
-115.441,45.823,282.312,5076504
-115.735,45.844,281.482,5076525
-115.907,45.779,280.708,5076546
-116.052,45.674,279.948,5076567
-115.989,45.869,279.385,5076588
-116.313,45.694,278.553,5076609
-116.584,45.905,277.724,5076630
-116.851,46.101,276.924,5076651
-117.057,46.307,276.141,5076672
-117.276,46.501,275.343,5076693
-117.296,46.254,274.685,5076714
-117.374,45.990,273.963,5076735
-117.584,45.788,273.102,5076756
-117.401,45.561,272.526,5076777
-117.390,45.237,271.816,5076798
-117.174,45.144,271.228,5076819
-117.159,45.220,270.505,5076840
-117.176,45.290,269.743,5076861
-117.045,45.354,269.053,5076882
-116.984,45.433,268.316,5076903
-116.596,45.236,267.774,5076924
-116.625,45.063,266.930,5076945
-116.318,44.834,266.307,5076966
-115.936,44.690,265.697,5076987
-116.020,44.650,264.749,5077008
-115.867,44.816,263.986,5077029
-115.586,44.968,263.257,5077050
-115.558,45.164,262.322,5077071
-115.498,45.401,261.382,5077092
-115.297,45.234,260.509,5077113
-115.363,45.087,259.433,5077134
-115.336,44.914,258.446,5077155
-115.438,44.735,257.358,5077176
-115.540,44.546,256.254,5077197
-115.515,44.661,255.255,5077218
-115.983,44.699,253.903,5077239
-116.420,44.909,252.584,5077260
-116.673,45.160,251.406,5077281
-116.982,45.450,250.171,5077302
-117.120,45.637,249.076,5077323
-117.610,45.610,247.745,5077344
-118.050,45.556,246.424,5077365
-118.139,45.572,245.312,5077386
-118.425,45.491,244.024,5077407
-118.684,45.360,242.725,5077428
-118.889,45.191,241.414,5077449
-119.206,44.990,239.993,5077470
-119.563,45.123,238.508,5077491
-120.060,45.037,236.899,5077512
-120.241,44.602,235.501,5077533
-120.437,44.113,234.096,5077554
-120.350,43.599,232.829,5077575
-120.195,43.173,231.540,5077596
-120.039,42.774,230.249,5077617
-119.956,42.414,228.833,5077638
-119.899,41.856,227.331,5077659
-120.303,41.408,225.454,5077680
-120.676,40.850,223.561,5077701
-120.885,40.083,221.699,5077722
-120.918,39.232,219.877,5077743
-120.968,38.302,217.892,5077764
-122.186,36.615,217.131,5077785
-122.882,35.170,216.492,5077806
-123.384,33.627,215.829,5077827
-123.776,32.206,215.096,5077848
-124.408,30.994,214.109,5077869
-124.933,29.791,213.116,5077890
-125.319,28.734,212.129,5077911
-125.601,27.794,211.118,5077932
-125.777,27.072,210.166,5077953
-126.290,26.694,208.966,5077974
-126.854,26.297,207.656,5077995
-127.166,25.968,206.446,5078016
-127.294,25.747,205.302,5078037
-127.199,25.848,204.183,5078058
-127.320,26.089,202.915,5078079
-127.352,26.436,201.635,5078100
-127.249,26.932,200.401,5078121
-127.027,27.741,199.170,5078142
-126.621,28.708,198.022,5078163
-126.299,29.442,196.857,5078184
-125.632,30.567,195.847,5078205
-124.957,31.863,194.869,5078226
-124.285,33.235,193.890,5078247
-123.808,34.821,192.865,5078268
-123.230,36.501,191.907,5078289
-122.812,38.079,190.887,5078310
-122.406,39.701,189.835,5078331
-121.816,41.478,188.910,5078352
-120.882,42.861,188.200,5078373
-119.840,44.382,187.568,5078394
-118.713,45.770,186.983,5078415
-117.522,47.112,186.453,5078436
-116.381,48.523,185.896,5078457
-115.721,49.761,185.000,5078478
-115.169,50.768,184.043,5078499
-114.683,51.519,183.069,5078520
-113.845,52.231,182.373,5078541
-113.117,52.757,181.609,5078562
-112.575,53.223,180.664,5078583
-112.075,53.542,179.704,5078604
-111.595,53.708,178.715,5078625
-111.310,53.872,177.537,5078646
-111.031,53.904,176.338,5078667
-110.780,53.793,175.148,5078688
-111.067,53.469,173.514,5078709
-111.342,53.008,171.940,5078730
-111.659,52.470,170.335,5078751
-111.961,51.819,168.739,5078772
-111.875,51.024,167.421,5078793
-111.931,50.149,165.985,5078814
-111.838,49.301,164.657,5078835
-112.191,48.526,162.980,5078856
-112.365,47.914,161.406,5078877
-112.606,46.853,159.802,5078898
-112.906,45.771,158.182,5078919
-113.110,44.666,156.644,5078940
-113.455,43.685,155.013,5078961
-113.629,43.134,153.495,5078982
-113.691,42.478,152.069,5079003
-113.772,41.946,150.609,5079024
-113.913,41.571,149.130,5079045
-114.325,41.404,147.484,5079066
-114.947,41.271,145.713,5079087
-115.429,41.338,144.034,5079108
-116.147,41.138,142.216,5079130
-116.842,40.957,140.403,5079151
-117.219,40.947,138.767,5079172
-117.583,41.024,137.103,5079193
-117.907,41.193,135.436,5079214
-118.177,41.405,133.825,5079235
-118.599,41.447,132.074,5079256
-118.810,41.669,130.460,5079277
-119.391,41.950,128.589,5079298
-119.886,42.247,126.737,5079319
-120.407,42.594,124.844,5079340
-120.954,42.972,122.914,5079361
-121.365,43.236,121.027,5079382
-121.487,43.640,119.273,5079403
-121.555,44.079,117.503,5079424
-121.803,44.702,115.541,5079445
-122.112,45.262,113.447,5079466
-122.249,45.847,111.423,5079487
-122.556,46.221,109.198,5079508
-122.360,46.297,107.300,5079529
-122.195,46.365,105.330,5079550
-121.924,46.431,103.383,5079571
-121.498,46.789,101.516,5079592
-121.122,47.261,99.556,5079613
-120.527,47.416,97.734,5079634
-119.903,47.588,95.918,5079655
-119.767,47.784,93.763,5079676
-119.564,47.809,91.668,5079697
-119.256,47.753,89.651,5079718
-118.838,47.612,87.734,5079739
-118.480,47.437,85.783,5079760
-118.254,47.271,83.750,5079781
-118.160,47.410,81.636,5079802
-118.084,47.525,79.533,5079823
-118.173,47.518,77.318,5079844
-118.294,47.519,75.119,5079865
-118.229,47.111,73.073,5079886
-117.993,46.784,71.210,5079907
-118.073,46.342,69.158,5079928
-119.088,47.492,69.031,5079949
-119.704,48.253,68.580,5079970
-120.451,48.698,67.967,5079991
-121.474,49.302,67.089,5080012
-122.464,49.790,66.166,5080033
-123.353,50.084,65.264,5080054
-124.115,50.540,64.395,5080075
-124.948,50.853,63.444,5080096
-125.591,50.791,62.592,5080117
-125.983,50.617,61.895,5080138
-126.220,50.482,61.262,5080159
-126.459,50.161,60.600,5080180
-126.619,49.829,59.990,5080201
-126.666,49.465,59.473,5080222
-126.640,48.956,59.015,5080243
-126.977,48.593,58.257,5080264
-126.780,48.337,57.862,5080285
-126.839,47.808,57.272,5080306
-126.425,47.068,57.008,5080327
-125.880,46.342,56.824,5080348
-125.267,45.596,56.711,5080369
-124.500,44.925,56.656,5080390
-123.933,44.574,56.459,5080411
-123.188,44.173,56.373,5080432
-123.320,44.203,56.103,5080453
-123.346,44.266,55.915,5080474
-123.386,44.320,55.693,5080495
-123.489,44.240,55.409,5080516
-123.201,43.861,55.405,5080537
-122.725,43.662,55.526,5080558
-122.240,43.414,55.647,5080579
-121.815,43.107,55.721,5080600
-121.784,43.101,55.516,5080621
-121.641,43.255,55.356,5080642
-121.634,43.331,55.081,5080663
-121.622,43.452,54.780,5080684
-121.619,43.532,54.453,5080705
-121.363,43.749,54.300,5080726
-121.027,43.535,54.164,5080747
-120.793,43.519,54.128,5080768
-120.571,43.536,54.066,5080789
-120.302,43.584,54.015,5080810
-119.988,43.782,53.968,5080831
-119.688,43.983,53.888,5080852
-119.340,44.266,53.822,5080873
-119.367,44.700,53.472,5080894
-119.452,45.067,53.043,5080915
-119.544,45.185,52.585,5080936
-119.684,45.325,52.049,5080957
-119.580,45.224,51.664,5080978
-119.302,45.205,51.366,5080999
-119.055,45.372,51.009,5081020
-119.209,45.359,50.344,5081041
-118.962,45.447,49.973,5081062
-118.904,45.604,49.418,5081083
-119.033,45.501,48.720,5081104
-119.200,45.414,47.965,5081125
-119.079,45.051,47.433,5081146
-118.944,44.701,46.871,5081167
-118.613,44.488,46.437,5081188
-118.347,44.153,45.938,5081209
-118.120,44.135,45.388,5081230
-118.277,44.040,44.556,5081251
-118.384,44.071,43.714,5081272
-118.214,44.034,43.069,5081293
-118.042,43.705,42.427,5081314
-118.310,43.705,41.473,5081335
-118.279,43.343,40.703,5081356
-118.144,43.057,40.021,5081377
-117.960,42.821,39.337,5081398
-117.773,42.569,38.650,5081419
-117.549,42.304,37.955,5081440
-117.767,42.179,36.940,5081461
-117.942,42.267,35.973,5081482
-118.136,42.393,34.991,5081503
-118.411,42.548,33.960,5081524
-118.724,42.716,32.909,5081545
-119.073,42.940,31.818,5081566
-119.126,42.889,30.941,5081587
-119.070,42.934,30.149,5081608
-118.912,43.182,29.393,5081629
-118.750,43.407,28.638,5081650
-118.819,43.559,27.702,5081671
-119.036,44.040,26.650,5081692
-119.121,44.608,25.664,5081713
-119.147,45.217,24.696,5081734
-119.288,45.708,23.636,5081755
-119.347,45.903,22.631,5081776
-118.999,46.216,21.927,5081797
-118.660,46.490,21.196,5081818
-118.335,46.765,20.441,5081839
-118.012,46.979,19.678,5081860
-117.710,47.197,18.886,5081881
-117.840,47.422,17.775,5081902
-117.920,47.580,16.697,5081923
-118.035,47.488,15.583,5081944
-118.134,47.376,14.488,5081965
-117.903,47.063,13.631,5081986
-117.477,46.837,12.956,5082007
-117.059,46.571,12.245,5082028
-116.654,46.262,11.528,5082049
-116.267,45.963,10.768,5082070
-116.346,45.793,9.671,5082091
-116.485,45.695,8.529,5082112
-116.544,45.352,7.449,5082133
-116.707,45.262,6.288,5082154
-116.750,44.864,5.187,5082175
-116.673,44.475,4.168,5082196
-116.499,44.438,3.187,5082217
-116.376,44.494,2.172,5082238
-116.275,44.484,1.141,5082259
-116.150,44.416,0.112,5082280
-116.531,44.438,358.700,5082301
-116.893,44.616,357.299,5082322
-116.912,44.813,356.115,5082343
-117.255,44.749,354.730,5082364
-117.540,44.636,353.360,5082385
-117.833,44.828,351.994,5082406
-117.942,44.965,350.771,5082427
-118.009,45.047,349.580,5082448
-118.061,45.118,348.398,5082469
-118.189,45.287,347.172,5082490
-118.605,45.203,345.729,5082511
-119.064,45.145,344.249,5082532
-119.466,45.048,342.823,5082553
-119.851,44.958,341.368,5082574
-120.112,44.777,340.011,5082595
-120.274,44.583,338.716,5082616
-120.332,44.411,337.481,5082637
-120.397,44.582,336.245,5082658
-120.354,44.650,335.096,5082679
-120.313,44.765,333.927,5082700
-120.639,44.663,332.471,5082721
-120.922,44.819,331.047,5082742
-121.288,44.839,329.563,5082763
-121.462,44.593,328.181,5082784
-121.463,44.283,326.934,5082805
-121.767,44.363,325.420,5082826
-121.725,44.353,324.131,5082847
-121.712,44.358,322.785,5082868
-121.698,44.343,321.426,5082889
-121.906,43.989,319.874,5082910
-122.156,43.725,318.298,5082931
-122.272,43.342,316.792,5082952
-122.712,42.494,316.494,5082973
-123.435,41.630,315.943,5082994
-124.069,40.833,315.381,5083015
-124.505,40.021,314.917,5083036
-124.926,39.679,314.430,5083057
-125.169,39.432,314.027,5083078
-125.165,39.150,313.741,5083099
-125.027,38.842,313.515,5083120
-125.236,38.533,313.064,5083141
-125.423,38.350,312.594,5083162
-125.111,38.209,312.401,5083183
-125.005,38.006,312.051,5083204
-124.958,37.602,312.064,5083225
-124.820,37.668,312.091,5083246
-124.622,37.837,312.111,5083267
-124.554,38.113,312.029,5083288
-124.285,38.436,312.032,5083309
-123.837,38.524,312.129,5083330
-123.521,38.579,312.374,5083351
-123.570,38.623,312.337,5083372
-123.600,38.822,312.265,5083393
-123.541,39.050,312.192,5083414
-123.153,39.104,312.300,5083435
-122.902,39.047,312.465,5083456
-122.524,39.435,312.647,5083477
-122.184,39.889,312.772,5083498
-121.677,40.300,312.979,5083519
-121.577,40.605,312.972,5083540
-121.161,40.623,313.132,5083561
-120.612,40.849,313.329,5083582
-120.459,41.024,313.258,5083603
-119.948,41.449,313.414,5083624
-119.639,41.593,313.448,5083645
-119.121,42.059,313.596,5083666
-118.888,42.648,313.539,5083687
-118.536,43.089,313.688,5083708
-118.237,43.538,313.751,5083729
-118.068,43.536,313.685,5083750
-118.018,43.598,313.486,5083771
-117.939,43.593,313.231,5083792
-117.915,43.623,312.900,5083813
-117.437,43.581,312.841,5083834
-117.002,43.510,312.753,5083855
-116.672,43.742,312.568,5083876
-116.360,43.962,312.312,5083897
-115.944,44.128,312.098,5083918
-115.644,44.407,311.744,5083939
-115.484,44.283,311.277,5083960
-115.479,44.300,310.663,5083981
-115.473,44.276,310.036,5084002
-115.491,44.065,309.498,5084023
-115.310,43.842,309.106,5084044
-115.280,43.558,308.574,5084065
-115.230,43.617,308.029,5084086
-115.284,43.712,307.435,5084107
-115.450,43.860,306.745,5084128
-115.745,43.989,305.942,5084149
-116.054,43.909,305.099,5084170
-116.201,43.711,304.366,5084191
-116.562,43.720,303.465,5084212
-116.887,43.711,302.575,5084234
-116.743,43.723,301.992,5084255
-116.670,43.964,301.335,5084276
-116.742,44.248,300.559,5084297
-116.642,44.485,299.886,5084318
-116.615,44.750,299.127,5084339
-116.742,44.647,298.212,5084360
-116.956,44.657,297.245,5084381
-117.128,44.609,296.274,5084402
-116.898,44.482,295.606,5084423
-116.724,44.308,294.871,5084444
-116.399,44.248,294.248,5084465
-116.282,44.521,293.437,5084486
-116.188,44.791,292.598,5084507
-116.156,45.080,291.687,5084528
-116.021,45.335,290.848,5084549
-116.148,45.335,289.784,5084570
-115.951,45.184,288.939,5084591
-115.979,45.085,287.913,5084612
-116.015,44.998,286.850,5084633
-115.653,44.967,286.042,5084654
-115.334,45.044,285.184,5084675
-115.328,45.311,284.096,5084696
-115.335,45.553,282.964,5084717
-115.292,45.845,281.876,5084738
-115.120,46.101,280.841,5084759
-115.358,46.133,279.512,5084780
-115.582,46.141,278.186,5084801
-115.626,46.120,276.935,5084822
-115.639,46.093,275.707,5084843
-115.886,46.092,274.284,5084864
-116.040,46.429,272.911,5084885
-116.441,46.611,271.377,5084906
-116.704,46.891,269.944,5084927
-117.140,47.152,268.376,5084948
-117.631,47.182,266.797,5084969
-117.888,47.001,265.344,5084990
-117.965,46.881,264.021,5085011
-118.205,46.708,262.538,5085032
-118.165,46.584,261.212,5085053
-118.109,46.606,259.886,5085074
-118.138,46.662,258.440,5085095
-118.306,46.769,256.853,5085116
-118.814,46.689,255.004,5085137
-119.304,46.574,253.155,5085158
-119.305,46.304,251.632,5085179
-119.710,45.858,249.789,5085200
-119.976,45.303,248.016,5085221
-119.949,44.668,246.439,5085242
-119.723,44.190,244.973,5085263
-120.198,44.482,243.741,5085284
-120.566,44.668,242.573,5085305
-121.325,44.965,241.051,5085326
-122.031,45.188,239.508,5085347
-122.628,45.147,237.998,5085368
-122.596,45.096,236.854,5085389
-122.502,44.873,235.689,5085410
-122.305,44.568,234.531,5085431
-121.967,44.205,233.424,5085452
-121.598,43.792,232.247,5085473
-121.012,43.399,231.235,5085494
-120.810,43.053,229.878,5085515
-120.548,42.764,228.516,5085536
-120.196,42.388,227.172,5085557
-119.774,41.942,225.808,5085578
-119.200,41.446,224.547,5085599
-118.352,41.214,223.404,5085620
-117.572,40.817,222.205,5085641
-116.687,40.595,221.036,5085662
-115.800,40.445,219.860,5085683
-114.901,40.501,218.704,5085704
-114.291,40.727,217.370,5085725
-113.802,40.841,215.978,5085746
-113.340,40.920,214.593,5085767
-112.946,41.060,213.163,5085788
-112.496,41.083,211.745,5085809
-111.845,41.495,210.499,5085830
-111.175,41.881,209.256,5085851
-110.575,42.276,208.011,5085872
-110.092,42.626,206.707,5085893
-109.882,43.366,205.253,5085914
-110.007,44.148,203.610,5085935
-110.321,44.808,201.900,5085956
-110.733,45.385,200.126,5085977
-111.271,45.953,198.252,5085998
-111.413,46.581,196.694,5086019
-111.608,47.180,195.067,5086040
-111.911,47.873,193.393,5086061
-112.625,48.237,191.404,5086082
-113.420,48.840,189.340,5086103
-114.273,49.298,187.210,5086124
-115.152,49.612,185.056,5086145
-116.050,49.696,182.886,5086166
-116.909,49.648,180.745,5086187
-117.754,49.468,178.636,5086208
-118.136,49.366,176.865,5086229
-118.449,49.054,175.130,5086250
-118.684,48.538,173.450,5086271
-118.849,48.022,171.812,5086292
-118.989,47.510,170.184,5086313
-119.612,47.048,168.229,5086334
-120.046,46.345,166.443,5086355
-120.424,45.603,164.668,5086376
-120.894,44.925,162.849,5086397
-121.315,44.175,161.039,5086418
-121.738,43.743,159.230,5086439
-121.873,43.278,157.590,5086460
-121.995,42.814,155.938,5086481
-122.051,42.364,154.296,5086502
-122.064,41.917,152.641,5086523
-122.481,41.475,150.722,5086544
-122.758,40.889,148.865,5086565
-122.862,40.273,147.077,5086586
-122.946,39.733,145.245,5086607
-123.078,39.276,143.350,5086628
-122.938,38.903,141.613,5086649
-122.738,38.835,139.851,5086670
-122.501,38.721,138.100,5086691
-122.243,38.728,136.279,5086712
-122.847,37.926,134.893,5086733
-123.187,37.531,133.589,5086754
-123.393,37.228,132.331,5086775
-123.656,36.654,130.999,5086796
-123.900,36.240,129.675,5086817
-124.269,36.211,128.261,5086838
-124.604,36.282,126.858,5086859
-124.505,36.583,125.669,5086880
-124.460,37.145,124.424,5086901
-124.380,37.861,123.181,5086922
-124.272,38.693,121.926,5086943
-124.253,39.599,120.584,5086964
-124.196,40.232,119.253,5086985
-124.003,40.863,117.980,5087006
-123.704,41.515,116.761,5087027
-123.525,42.302,115.462,5087048
-122.970,43.314,114.370,5087069
-122.531,44.448,113.238,5087090
-122.050,45.521,112.093,5087111
-121.500,46.471,111.005,5087132
-121.261,47.591,109.674,5087153
-121.199,48.418,108.229,5087174
-120.798,49.039,107.055,5087195
-120.326,49.617,105.939,5087216
-120.070,50.082,104.664,5087237
-119.846,50.455,103.360,5087258
-119.403,51.072,102.233,5087279
-119.202,51.579,100.945,5087300
-119.135,51.921,99.571,5087321
-119.135,51.923,98.161,5087342
-119.016,52.030,96.891,5087363
-119.078,51.820,95.488,5087384
-118.944,51.274,94.238,5087405
-118.775,50.580,93.008,5087426
-118.355,49.957,91.965,5087447
-117.949,49.288,90.883,5087468
-117.654,48.786,89.762,5087489
-117.334,48.208,88.665,5087510
-117.028,47.450,87.560,5087531
-116.861,46.864,86.364,5087552
-117.053,46.280,84.906,5087573
-116.986,45.311,83.625,5087594
-116.933,44.355,82.320,5087615
-116.746,43.475,81.107,5087636
-116.726,42.569,79.796,5087657
-116.749,41.756,78.451,5087678
-116.752,41.417,77.151,5087699
-117.006,40.880,75.690,5087720
-117.223,40.608,74.239,5087741
-117.537,40.273,72.706,5087762
-117.882,40.045,71.165,5087783
-118.228,39.727,69.599,5087804
-118.342,39.374,68.180,5087825
-118.459,39.213,66.769,5087846
-119.186,39.516,65.365,5087867
-120.220,40.112,63.727,5087888
-121.168,40.756,62.080,5087909
-122.033,41.411,60.463,5087930
-122.927,42.043,58.800,5087951
-123.836,42.605,57.106,5087972
-124.735,43.171,55.376,5087993
-125.214,43.384,53.904,5088014
-125.623,43.593,52.418,5088035
-125.816,43.942,51.055,5088056
-125.971,44.248,49.705,5088077
-126.429,44.517,48.110,5088098
-126.584,45.092,46.692,5088119
-126.719,45.637,45.272,5088140
-126.820,46.130,43.876,5088161
-127.025,46.472,42.365,5088182
-126.657,46.711,41.219,5088203
-126.220,46.963,40.081,5088224
-125.884,46.701,39.269,5088245
-125.449,46.346,38.475,5088266
-124.859,46.093,37.754,5088287
-124.544,45.798,36.819,5088308
-124.093,45.542,35.987,5088329
-123.730,45.614,35.083,5088350
-122.808,45.563,34.570,5088371
-122.389,45.547,33.675,5088392
-121.859,45.464,32.860,5088413
-120.846,45.499,32.384,5088434
-119.805,45.472,31.907,5088455
-118.807,45.510,31.387,5088476
-117.814,45.515,30.865,5088497
-116.831,45.570,30.327,5088518
-115.955,45.781,29.675,5088539
-115.022,45.823,29.078,5088560
-114.539,46.114,28.132,5088581
-114.165,46.318,27.129,5088602
-113.610,46.233,26.284,5088623
-112.831,46.225,25.614,5088644
-112.112,46.374,24.912,5088665
-111.446,46.412,24.185,5088686
-110.829,46.531,23.490,5088707
-110.814,46.564,22.349,5088728
-110.893,46.542,21.150,5088749
-111.058,46.523,19.899,5088770
-111.336,46.504,18.591,5088791
-111.741,46.439,17.180,5088812
-111.925,46.170,15.941,5088833
-112.207,46.324,14.624,5088854
-112.498,46.401,13.301,5088875
-112.839,46.437,11.935,5088896
-113.341,46.159,10.459,5088917
-114.172,46.026,8.748,5088938
-115.020,45.808,7.028,5088959
-115.955,45.658,5.226,5088980
-116.887,45.479,3.430,5089001
-117.762,45.175,1.692,5089022
-118.563,44.830,0.006,5089043
-118.982,44.638,358.618,5089064
-119.425,44.488,357.229,5089085
-119.846,44.250,355.875,5089106
-120.299,44.015,354.501,5089127
-121.156,43.640,352.876,5089148
-121.901,43.157,351.347,5089169
-122.615,42.716,349.803,5089190
-123.289,42.511,348.302,5089211
-123.773,42.107,346.952,5089232
-124.095,41.677,345.693,5089253
-124.067,41.562,344.663,5089274
-124.150,41.596,343.547,5089295
-124.100,41.621,342.537,5089316
-124.167,41.780,341.428,5089337
-123.991,41.833,340.468,5089358
-124.181,41.759,339.271,5089379
-124.292,41.718,338.091,5089400
-124.303,41.693,336.981,5089421
-124.172,41.726,335.958,5089442
-123.818,41.711,335.055,5089463
-123.313,42.079,334.227,5089484
-122.795,42.467,333.404,5089505
-122.378,42.913,332.490,5089526
-121.930,43.355,331.603,5089547
-121.600,43.389,330.580,5089568
-121.307,43.458,329.520,5089589
-121.068,43.515,328.423,5089610
-120.883,43.607,327.277,5089631
-121.365,43.130,326.745,5089652
-121.531,42.479,326.419,5089673
-121.473,42.057,326.230,5089694
-121.605,41.902,325.870,5089715
-121.695,41.784,325.550,5089736
-121.542,41.496,325.343,5089757
-121.776,41.483,324.881,5089778
-121.893,41.567,324.492,5089799
-122.003,41.339,324.064,5089820
-121.699,41.255,323.947,5089841
-121.640,41.085,323.641,5089862
-121.243,41.039,323.554,5089883
-120.962,41.380,323.341,5089904
-120.594,41.776,323.183,5089925
-120.211,42.275,322.970,5089946
-120.052,42.503,322.621,5089967
-119.476,42.740,322.532,5089988
-119.260,42.989,322.177,5090009
-119.130,43.439,321.750,5090030
-118.829,43.667,321.420,5090051
-118.518,43.873,321.061,5090072
-117.974,44.390,320.831,5090093
-117.497,44.927,320.512,5090114
-117.123,45.445,320.116,5090135
-116.617,45.878,319.751,5090156
-116.221,46.324,319.281,5090177
-115.797,46.203,318.893,5090198
-115.791,46.218,318.160,5090219
-115.355,46.181,317.743,5090240
-115.162,46.026,317.161,5090261
-115.115,45.885,316.477,5090282
-115.274,45.907,315.655,5090303
-115.271,46.136,314.954,5090324
-115.308,46.325,314.193,5090345
-115.348,46.491,313.432,5090366
-115.198,46.440,312.794,5090387
-115.419,46.189,311.874,5090408
-115.650,45.932,310.925,5090429
-115.783,46.075,310.017,5090450
-116.131,45.893,308.945,5090471
-116.071,45.761,308.146,5090492
-115.958,45.730,307.400,5090513
-116.129,45.937,306.442,5090534
-116.343,46.174,305.411,5090555
-116.337,46.385,304.501,5090576
-116.698,46.379,303.326,5090597
-116.815,46.192,302.287,5090618
-117.123,46.114,301.095,5090639
-117.090,45.884,300.131,5090660
-117.364,45.749,298.920,5090681
-117.219,45.596,298.017,5090702
-117.408,45.799,296.860,5090723
-117.346,45.995,295.902,5090744
-117.536,46.198,294.778,5090765
-117.753,46.376,293.623,5090786
-117.665,46.605,292.687,5090807
-117.591,46.447,291.762,5090828
-117.611,46.306,290.769,5090849
-117.604,46.167,289.808,5090870
-117.479,46.011,288.912,5090891
-117.229,46.156,288.115,5090912
-116.933,46.126,287.339,5090933
-117.119,46.303,286.238,5090954
-117.249,46.540,285.176,5090975
-117.320,46.743,284.153,5090996
-117.329,46.922,283.148,5091017
-117.478,46.699,282.055,5091038
-117.545,46.432,281.001,5091059
-117.625,46.169,279.939,5091080
-117.502,45.886,278.996,5091101
-117.362,45.969,278.049,5091122
-117.339,46.093,277.022,5091143
-117.408,46.255,275.918,5091164
-117.716,46.282,274.621,5091185
-118.076,46.341,273.270,5091206
-118.342,46.153,271.968,5091227
-118.492,45.884,270.746,5091248
-118.688,45.637,269.475,5091269
-118.869,45.399,268.196,5091290
-118.842,45.133,267.066,5091311
-118.631,44.998,266.065,5091332
-119.364,45.440,265.204,5091353
-119.871,46.010,264.466,5091374
-120.522,46.341,263.582,5091395
-120.772,46.727,262.937,5091416
-120.917,47.010,262.325,5091437
-120.857,47.002,261.823,5091458
-120.803,46.844,261.283,5091479
-120.682,46.782,260.712,5091500
-120.488,46.577,260.151,5091521
-120.344,46.531,259.499,5091542
-120.322,46.488,258.708,5091563
-120.462,46.329,257.749,5091584
-120.638,46.054,256.702,5091605
-120.782,45.657,255.594,5091626
-120.891,45.298,254.485,5091647
-120.451,44.907,253.705,5091668
-120.337,44.299,252.656,5091689
-119.990,43.603,251.774,5091710
-119.433,43.103,251.006,5091731
-118.899,42.788,250.210,5091752
-118.389,42.550,249.357,5091773
-117.881,42.397,248.450,5091794
-117.818,42.285,247.238,5091815
-117.256,42.246,246.335,5091836
-117.006,42.039,245.210,5091857
-116.482,41.795,244.217,5091878
-116.080,41.556,243.138,5091899
-115.394,41.389,242.219,5091920
-114.795,41.117,241.197,5091941
-114.608,41.084,239.870,5091962
-114.067,41.142,238.782,5091983
-114.009,41.163,237.359,5092004
-113.920,41.107,235.967,5092025
-113.860,41.115,234.524,5092046
-113.356,41.115,233.369,5092067
-112.977,40.943,232.128,5092088
-112.784,40.829,230.775,5092109
-112.633,40.715,229.398,5092130
-112.216,40.939,228.182,5092151
-111.763,41.119,226.969,5092172
-111.719,41.433,225.477,5092193
-111.749,41.727,223.912,5092214
-111.806,42.097,222.317,5092235
-111.892,42.358,220.725,5092256
-111.609,42.774,219.364,5092277
-111.363,43.075,217.948,5092298
-111.179,43.426,216.528,5092319
-111.111,43.931,215.012,5092340
-111.568,44.549,213.140,5092361
-112.055,45.262,211.253,5092382
-112.663,45.925,209.308,5092403
-113.386,46.295,207.307,5092424
-114.098,46.563,205.343,5092445
-114.827,46.829,203.374,5092466
-115.135,46.917,201.750,5092487
-115.364,47.208,200.218,5092508
-115.614,47.398,198.666,5092529
-115.923,47.474,197.067,5092550
-116.778,47.734,195.072,5092571
-117.427,48.011,193.245,5092592
-118.307,47.846,191.285,5092613
-119.199,47.588,189.264,5092634
-120.076,47.245,187.257,5092655
-120.894,46.848,185.229,5092676
-121.645,46.440,183.209,5092697
-121.843,46.160,181.508,5092718
-121.550,46.030,180.067,5092739
-121.219,45.892,178.601,5092760
-120.750,45.663,177.171,5092781
-120.252,45.384,175.729,5092802
-119.834,44.820,174.145,5092823
-119.482,44.223,172.407,5092844
-119.153,43.590,170.583,5092865
-119.539,42.684,170.487,5092886
-119.726,41.628,170.310,5092907
-119.857,40.822,169.942,5092928
-119.876,39.976,169.454,5092949
-119.810,39.287,168.868,5092970
-120.023,38.714,167.962,5092991
-120.156,38.084,166.974,5093012
-120.221,37.445,165.939,5093033
-120.152,36.701,164.869,5093054
-120.085,36.100,163.688,5093075
-120.006,35.608,162.453,5093096
-119.819,35.169,161.209,5093117
-120.093,34.525,160.257,5093138
-120.084,34.277,159.408,5093159
-120.036,34.141,158.513,5093180
-120.122,34.278,157.504,5093201
-120.097,34.553,156.503,5093222
-120.113,34.663,155.475,5093243
-120.325,35.006,154.309,5093264
-120.535,35.504,153.117,5093285
-120.810,36.304,151.839,5093306
-120.879,37.390,150.660,5093327
-120.813,38.510,149.499,5093348
-120.690,39.651,148.349,5093369
-120.767,40.880,147.041,5093390
-121.041,42.099,145.569,5093411
-121.418,43.279,144.027,5093432
-121.827,44.429,142.426,5093453
-122.164,45.329,140.877,5093474
-122.621,46.284,139.227,5093495
-123.140,47.252,137.495,5093516
-123.406,48.398,135.928,5093537
-123.570,49.447,134.449,5093558
-123.685,50.344,132.998,5093579
-123.813,51.201,131.556,5093600
-123.871,51.612,130.127,5093621
-123.766,51.933,128.837,5093642
-123.947,52.041,127.302,5093663
-123.839,51.997,126.020,5093684
-123.799,51.785,124.660,5093705
-123.721,51.468,123.338,5093726
-123.594,51.436,122.066,5093747
-123.642,51.284,120.685,5093768
-123.609,51.043,119.387,5093789
-123.660,50.579,118.041,5093810
-123.596,49.854,116.793,5093831
-123.337,48.961,115.688,5093852
-122.989,47.980,114.660,5093873
-122.422,47.068,113.815,5093894
-122.331,46.306,112.662,5093915
-121.848,45.699,111.782,5093936
-121.215,45.029,111.052,5093957
-120.893,44.509,110.084,5093978
-120.324,43.980,109.298,5093999
-120.057,43.249,108.292,5094020
-119.523,42.423,107.472,5094041
-119.150,41.693,106.558,5094062
-118.684,40.999,105.702,5094083
-118.181,40.425,104.885,5094104
-117.667,40.075,104.102,5094125
-117.307,40.004,103.230,5094146
-116.924,39.958,102.406,5094167
-116.927,40.087,101.359,5094188
-117.009,40.112,100.295,5094209
-116.851,40.456,99.378,5094230
-116.965,40.612,98.307,5094251
-116.925,40.716,97.352,5094272
-116.778,41.008,96.467,5094293
-116.683,41.271,95.591,5094314
-116.882,41.577,94.510,5094335
-117.040,42.254,93.473,5094356
-117.195,42.864,92.467,5094377
-117.541,43.456,91.306,5094398
-118.018,44.015,90.083,5094419
-118.612,44.494,88.762,5094440
-119.254,44.749,87.417,5094461
-119.454,44.909,86.389,5094482
-119.684,45.047,85.352,5094503
-119.958,45.446,84.275,5094524
-120.517,45.497,83.023,5094545
-121.099,45.911,81.713,5094566
-121.485,46.269,80.525,5094587
-121.923,46.163,79.297,5094608
-122.340,46.348,78.069,5094629
-122.683,46.110,76.870,5094650
-123.011,45.864,75.649,5094671
-122.863,45.744,74.766,5094692
-122.628,45.391,73.968,5094713
-122.420,44.977,73.143,5094734
-122.541,44.873,72.046,5094755
-122.418,44.760,71.094,5094776
-122.591,44.590,69.910,5094797
-122.745,44.409,68.717,5094818
-122.870,44.164,67.479,5094839
-122.784,43.619,66.369,5094860
-122.549,43.481,65.332,5094881
-122.185,43.128,64.373,5094902
-121.861,42.751,63.351,5094923
-121.501,42.478,62.348,5094944
-121.193,42.163,61.271,5094965
-121.519,41.521,60.216,5094986
-121.791,41.121,59.169,5095007
-121.985,40.852,58.137,5095028
-122.010,40.543,57.199,5095049
-121.919,40.252,56.295,5095070
-121.577,40.205,55.554,5095091
-121.296,40.326,54.746,5095112
-121.077,40.531,53.914,5095133
-120.894,40.808,53.026,5095154
-120.763,41.135,52.094,5095175
-120.763,41.718,51.059,5095196
-120.854,42.421,49.916,5095217
-121.148,43.188,48.594,5095238
-121.498,43.907,47.212,5095259
-121.403,44.376,46.138,5095280
-121.201,44.979,45.127,5095301
-120.993,45.608,44.126,5095322
-120.927,46.434,43.011,5095343
-120.927,47.285,41.845,5095364
-121.147,47.805,40.505,5095385
-121.469,48.370,39.083,5095406
-121.724,48.834,37.706,5095427
-122.012,49.312,36.277,5095448
-122.316,49.718,34.818,5095469
-122.291,49.890,33.578,5095490
-122.121,50.336,32.491,5095511
-121.927,50.703,31.397,5095532
-121.688,50.945,30.356,5095553
-121.571,50.884,29.228,5095574
-121.819,51.100,27.810,5095595
-122.003,51.281,26.400,5095616
-122.070,51.443,25.112,5095637
-121.694,51.255,24.159,5095658
-121.724,50.865,22.880,5095679
-121.328,50.496,21.936,5095700
-120.940,50.070,20.987,5095721
-120.531,49.637,20.066,5095742
-120.218,49.264,19.101,5095763
-119.868,48.537,18.134,5095784
-119.675,47.715,17.065,5095805
-119.662,46.918,15.837,5095826
-119.657,46.132,14.595,5095847
-119.576,45.263,13.381,5095868
-119.456,44.375,12.179,5095889
-119.117,43.443,11.102,5095910
-119.011,42.637,9.816,5095931
-118.717,42.217,8.668,5095952
-118.308,41.735,7.600,5095973
-118.409,41.234,6.156,5095994
-118.266,40.989,4.840,5096015
-118.506,40.529,3.229,5096036
-118.781,40.180,1.611,5096057
-119.079,39.882,359.934,5096078
-119.403,39.668,358.233,5096099
-119.362,39.643,356.738,5096120
-119.327,39.638,355.268,5096141
-119.454,39.837,353.662,5096162
-119.672,40.157,351.993,5096183
-119.785,40.245,350.407,5096204
-120.363,40.407,348.538,5096225
-120.867,40.503,346.722,5096246
-122.107,40.071,345.569,5096267
-123.110,39.590,344.537,5096288
-123.994,39.158,343.559,5096309
-124.656,38.771,342.716,5096330
-125.230,38.837,341.889,5096351
-125.836,39.010,341.014,5096372
-126.303,39.209,340.231,5096393
-126.677,39.447,339.461,5096414
-127.295,39.519,338.507,5096435
-127.790,39.649,337.605,5096456
-128.037,39.733,336.861,5096477
-128.139,39.886,336.205,5096498
-128.079,40.116,335.623,5096519
-127.853,40.237,335.599,5096540
-127.626,40.614,335.542,5096561
-127.501,41.121,335.406,5096582
-127.387,41.696,335.238,5096603
-127.058,42.296,335.187,5096624
-126.713,42.534,335.147,5096645
-126.431,42.805,335.011,5096666
-125.932,42.859,335.243,5096687
-125.482,42.872,335.419,5096708
-125.060,42.946,335.544,5096729
-124.283,43.367,335.847,5096750
-123.452,43.787,336.181,5096771
-122.550,43.981,336.649,5096792
-121.625,44.229,337.113,5096813
-120.514,44.220,337.662,5096834
-119.718,44.137,337.963,5096855
-119.029,44.023,338.236,5096876
-118.325,43.903,338.452,5096897
-117.636,43.682,338.704,5096918
-117.017,43.847,338.857,5096939
-116.090,43.825,339.185,5096960
-115.549,43.929,339.287,5096981
-115.161,44.021,339.249,5097002
-114.680,44.092,339.256,5097023
-114.121,44.006,339.269,5097044
-114.057,43.991,338.938,5097065
-113.625,43.832,338.821,5097086
-113.296,43.633,338.642,5097107
-112.973,43.651,338.450,5097128
-112.759,43.787,338.126,5097149
-112.613,43.943,337.773,5097170
-112.640,44.257,337.286,5097191
-113.072,44.565,336.547,5097212
-113.330,44.951,335.938,5097233
-113.749,44.924,335.213,5097254
-114.279,44.973,334.403,5097275
-114.793,44.975,333.598,5097296
-115.263,44.955,332.829,5097317
-115.773,44.963,332.032,5097338
-116.340,45.011,331.173,5097359
-116.698,45.382,330.421,5097380
-117.029,45.724,329.685,5097401
-117.409,46.066,328.899,5097422
-117.897,46.406,328.026,5097443
-118.526,46.366,327.032,5097464
-119.128,46.309,326.060,5097485
-119.748,46.221,325.070,5097506
-120.231,46.044,324.145,5097527
-120.537,45.817,323.367,5097548
-120.559,45.830,322.754,5097569
-120.686,46.008,322.028,5097590
-120.875,46.023,321.242,5097611
-120.941,45.984,320.491,5097632
-120.929,45.957,319.763,5097653
-120.889,45.520,319.025,5097674
-121.081,45.184,318.090,5097695
-120.884,44.763,317.420,5097716
-120.870,44.372,316.600,5097737
-120.842,44.065,315.771,5097758
-120.886,44.025,314.868,5097779
-120.651,44.156,314.139,5097800
-120.350,44.334,313.441,5097821
-120.024,44.566,312.776,5097842
-119.921,44.709,311.969,5097863
-119.498,44.638,311.362,5097884
-119.055,44.587,310.761,5097905
-118.643,44.597,310.154,5097926
-118.233,44.595,309.544,5097947
-117.633,44.756,309.040,5097968
-117.050,45.076,308.543,5097989
-116.568,45.516,307.969,5098010
-116.316,46.020,307.216,5098031
-116.049,46.544,306.483,5098052
-115.629,47.018,305.861,5098073
-115.218,47.126,305.213,5098094
-115.183,47.416,304.316,5098115
-114.703,47.577,303.732,5098136
-114.229,47.943,303.127,5098157
-113.899,48.380,302.419,5098178
-113.999,48.718,301.342,5098199
-114.161,48.923,300.229,5098220
-114.322,49.244,299.083,5098241
-114.586,49.461,297.813,5098262
-114.779,49.379,296.555,5098283
-114.810,49.166,295.390,5098304
-114.740,48.939,294.247,5098325
-114.618,48.778,293.097,5098346
-114.792,48.500,291.717,5098367
-114.750,48.306,290.485,5098388
-114.871,48.265,289.112,5098409
-115.344,48.204,287.457,5098430
-115.922,48.043,285.694,5098451
-117.114,48.253,284.620,5098472
-117.870,48.482,283.806,5098493
-118.542,48.363,282.955,5098514
-119.448,48.031,281.874,5098535
-120.023,47.666,281.007,5098556
-120.610,47.125,280.092,5098577
-121.490,46.816,278.945,5098598
-122.075,46.574,278.018,5098619
-122.719,46.235,277.017,5098640
-123.272,45.862,276.090,5098661
-123.697,45.515,275.231,5098682
-123.549,45.035,274.751,5098703
-123.758,44.450,273.996,5098724
-123.566,43.829,273.490,5098745
-123.310,43.233,273.038,5098766
-123.089,43.134,272.495,5098787
-122.586,42.915,272.093,5098808
-122.247,42.881,271.607,5098829
-121.998,42.558,271.039,5098850
-121.729,42.367,270.453,5098871
-121.001,42.098,270.142,5098892
-120.222,41.984,269.859,5098913
-119.494,41.748,269.495,5098934
-118.707,41.568,269.107,5098955
-117.832,41.568,268.710,5098976
-116.956,41.638,268.295,5098997
-116.039,41.642,267.858,5099018
-115.199,41.751,267.353,5099039
-114.857,41.849,266.466,5099060
-114.577,42.014,265.535,5099081
-114.131,42.353,264.678,5099102
-114.039,42.552,263.593,5099123
-113.868,42.598,262.538,5099144
-113.437,42.690,261.667,5099165
-113.388,42.797,260.542,5099186
-112.948,43.049,259.647,5099207
-112.660,43.459,258.660,5099228
-112.808,43.771,257.352,5099249
-112.984,44.035,256.048,5099270
-113.225,44.358,254.671,5099291
-113.057,44.645,253.546,5099312
-112.899,44.791,252.422,5099333
-112.782,44.905,251.243,5099354
-112.698,45.023,250.023,5099375
-112.667,45.033,248.767,5099396
-112.874,44.910,247.328,5099417
-113.195,45.212,245.798,5099438
-113.737,45.215,244.117,5099459
-114.343,45.221,242.396,5099480
-114.930,45.172,240.659,5099501
-115.430,45.019,238.991,5099522
-115.655,44.916,237.463,5099543
-115.835,45.004,235.934,5099564
-115.977,44.938,234.420,5099585
-116.211,44.785,232.846,5099606
-116.635,45.040,231.142,5099627
-117.094,45.210,229.390,5099648
-117.553,45.295,227.636,5099669
-117.949,45.252,225.947,5099690
-118.339,45.210,224.280,5099711
-118.680,45.073,222.647,5099732
-118.532,44.818,221.348,5099753
-118.317,44.736,220.115,5099774
-118.081,44.579,218.869,5099795
-117.974,44.689,217.569,5099816
-118.213,44.574,216.027,5099837
-118.382,44.385,214.554,5099858
-118.567,44.195,213.098,5099879
-118.830,44.085,211.607,5099900
-119.088,43.928,210.134,5099921
-119.327,43.755,208.714,5099942
-119.141,43.666,207.606,5099963
-118.930,43.583,206.494,5099984
-118.715,43.519,205.425,5100005
-118.593,43.563,204.308,5100026
-118.824,43.606,202.961,5100047
-119.044,43.666,201.622,5100068
-119.386,43.491,200.217,5100089
-119.744,43.301,198.766,5100110
-120.179,43.109,197.281,5100131
-120.311,43.177,196.020,5100152
-120.343,43.077,194.766,5100173
-120.362,43.009,193.520,5100194
-120.310,42.886,192.272,5100215
-120.202,42.830,191.030,5100236
-120.257,42.529,189.641,5100257
-120.581,42.561,188.037,5100278
-120.487,42.348,186.661,5100299
-120.659,42.101,185.055,5100320
-120.964,41.908,183.295,5100341
-120.855,41.859,181.748,5100362
-120.748,41.653,180.102,5100383
-120.646,41.493,178.342,5100404
-121.636,40.568,177.636,5100425
-122.229,39.782,176.935,5100446
-122.897,39.118,176.044,5100467
-123.271,38.138,175.251,5100488
-123.826,37.263,174.278,5100509
-124.308,36.565,173.323,5100530
-124.700,36.060,172.418,5100551
-124.803,35.545,171.641,5100572
-124.770,35.595,170.920,5100593
-124.566,35.637,170.254,5100614
-124.328,35.873,169.577,5100635
-124.290,36.322,168.754,5100656
-124.221,36.687,167.918,5100677
-124.028,37.086,167.144,5100698
-123.700,37.473,166.416,5100719
-123.336,37.921,165.676,5100741
-122.966,38.703,164.933,5100762
-122.490,39.100,164.236,5100783
-121.833,39.860,163.656,5100804
-121.589,40.678,162.796,5100825
-120.993,41.428,162.154,5100846
-120.780,42.288,161.282,5100867
-120.699,43.052,160.289,5100888
-120.587,43.548,159.308,5100909
-120.161,44.285,158.516,5100930
-119.978,45.144,157.562,5100951
-119.642,45.948,156.698,5100972
-119.252,46.663,155.892,5100993
-118.837,47.304,155.104,5101014
-118.396,47.535,154.362,5101035
-117.921,47.968,153.631,5101056
-117.892,48.112,152.577,5101077
-117.519,48.085,151.769,5101098
-117.383,47.970,150.772,5101119
-117.237,47.806,149.797,5101140
-117.131,47.587,148.792,5101161
-116.744,47.481,147.974,5101182
-116.394,47.438,147.145,5101203
-116.273,47.476,146.151,5101224
-116.442,47.168,144.924,5101245
-116.189,46.952,144.012,5101266
-116.405,46.578,142.775,5101287
-116.725,46.240,141.437,5101308
-116.938,45.748,140.200,5101329
-117.330,45.386,138.875,5101350
-117.704,45.229,137.575,5101371
-117.763,45.027,136.493,5101392
-118.087,44.867,135.262,5101413
-118.035,44.503,134.310,5101434
-117.989,44.119,133.345,5101455
-118.105,43.626,132.247,5101476
-118.169,43.143,131.196,5101497
-118.071,42.904,130.286,5101518
-118.270,42.538,129.144,5101539
-118.606,42.370,127.940,5101560
-118.539,42.411,127.037,5101581
-118.877,42.543,125.846,5101602
-119.236,42.720,124.664,5101623
-119.645,42.930,123.467,5101644
-119.642,42.982,122.542,5101665
-119.673,42.993,121.629,5101686
-120.001,43.058,120.499,5101707
-120.064,43.088,119.546,5101728
-120.278,43.174,118.531,5101749
-120.140,43.311,117.746,5101770
-119.969,43.663,116.978,5101791
-120.130,44.106,116.001,5101812
-120.093,44.619,115.158,5101833
-120.129,45.109,114.280,5101854
-119.913,45.491,113.570,5101875
-120.166,45.792,112.513,5101896
-120.433,45.996,111.432,5101917
-120.318,45.976,110.634,5101938
-120.333,45.874,109.712,5101959
-120.553,45.863,108.650,5101980
-120.548,46.162,107.760,5102001
-120.791,46.353,106.708,5102022
-120.973,46.551,105.706,5102043
-120.752,46.654,104.995,5102064
-120.423,46.551,104.365,5102085
-120.052,46.355,103.736,5102106
-119.920,46.090,102.939,5102127
-119.598,45.812,102.252,5102148
-119.226,45.503,101.635,5102169
-119.138,45.584,100.808,5102190
-118.849,45.637,100.125,5102211
-118.857,45.524,99.244,5102232
-118.669,45.570,98.477,5102253
-118.422,45.600,97.720,5102274
-117.925,45.311,97.090,5102295
-117.527,44.908,96.417,5102316
-117.042,44.815,95.797,5102337
-116.555,44.494,95.183,5102358
-116.096,44.467,94.539,5102379
-115.873,44.144,93.719,5102400
-115.641,43.815,92.878,5102421
-115.441,43.546,92.001,5102442
-115.346,43.780,91.016,5102463
-115.199,44.019,90.035,5102484
-114.956,43.850,89.112,5102505
-115.024,43.845,87.948,5102526
-114.697,43.989,87.057,5102547
-114.382,44.062,86.145,5102568
-114.525,44.449,84.894,5102589
-114.745,44.773,83.570,5102610
-114.729,44.727,82.389,5102631
-114.954,44.879,81.005,5102652
-114.753,45.126,79.889,5102673
-114.543,45.347,78.787,5102694
-114.314,45.491,77.689,5102715
-114.282,45.463,76.429,5102736
-114.041,45.639,75.296,5102757
-113.800,45.780,74.155,5102778
-114.092,46.113,72.608,5102799
-114.422,46.308,71.071,5102820
-114.712,46.362,69.551,5102841
-115.066,46.527,67.988,5102862
-115.366,46.822,66.464,5102883
-115.707,47.019,64.878,5102904
-115.505,47.061,63.696,5102925
-115.309,47.029,62.519,5102946
-115.127,46.939,61.325,5102967
-115.345,47.117,59.848,5102989
-115.307,46.840,58.593,5103010
-115.638,46.563,57.082,5103031
-116.084,46.463,55.511,5103052
-116.473,46.554,53.972,5103073
-116.405,46.423,52.797,5103094
-116.698,46.122,51.381,5103115
-117.055,45.880,49.935,5103136
-116.953,45.666,48.793,5103157
-116.989,45.605,47.569,5103178
-117.449,45.560,46.052,5103199
-117.935,45.480,44.520,5103220
-118.410,45.146,43.010,5103241
-118.952,44.944,41.481,5103262
-119.517,44.754,39.930,5103283
-119.827,44.836,38.589,5103304
-120.163,44.511,37.242,5103325
-120.191,44.296,36.168,5103346
-120.224,44.260,35.090,5103367
-120.276,44.247,34.054,5103388
-120.384,44.165,32.978,5103409
-120.298,44.036,32.066,5103430
-120.173,43.958,31.186,5103451
-120.391,44.179,30.119,5103472
-120.605,44.417,29.086,5103493
-120.540,44.841,28.262,5103514
-120.587,45.286,27.400,5103535
-120.937,45.532,26.363,5103556
-120.826,45.771,25.672,5103577
-120.860,46.109,24.899,5103598
-121.277,46.232,23.905,5103619
-121.296,46.162,23.215,5103640
-121.288,46.321,22.560,5103661
-121.789,46.420,21.565,5103682
-122.121,46.692,20.715,5103703
-122.111,46.824,20.161,5103724
-122.549,46.826,19.306,5103745
-122.455,46.879,18.845,5103766
-122.351,46.759,18.447,5103787
-122.677,46.684,17.736,5103808
-122.887,46.503,17.108,5103829
-122.715,46.350,16.790,5103850
-122.864,46.082,16.242,5103871
-123.230,45.986,15.546,5103892
-123.489,46.091,14.905,5103913
-123.427,46.019,14.483,5103934
-123.329,45.724,14.090,5103955
-123.255,45.634,13.676,5103976
-123.191,45.514,13.242,5103997
-123.415,45.514,12.594,5104018
-123.825,45.056,12.395,5104039
-124.200,44.644,12.189,5104060
-124.512,44.342,12.006,5104081
-124.817,44.084,11.796,5104102
-125.135,43.897,11.540,5104123
-124.917,43.652,11.653,5104144
-125.008,43.332,11.471,5104165
-124.787,43.343,11.487,5104186
-124.641,43.451,11.419,5104207
-124.463,43.223,11.386,5104228
-124.110,43.255,11.462,5104249
-123.743,43.336,11.525,5104270
-123.807,43.516,11.420,5104291
-123.825,43.687,11.324,5104312
-123.394,43.905,11.519,5104333
-122.813,44.058,11.843,5104354
-122.252,44.289,12.131,5104375
-121.702,44.550,12.427,5104396
-121.395,44.492,12.546,5104417
-120.964,44.398,12.759,5104438
-120.558,44.329,12.925,5104459
-119.943,44.179,13.238,5104480
-119.695,44.240,13.286,5104501
-119.142,44.485,13.591,5104522
-118.817,44.785,13.812,5104543
-118.314,44.940,14.123,5104564
-117.824,44.923,14.395,5104585
-117.425,45.076,14.601,5104606
-117.494,45.149,14.455,5104627
-117.354,45.008,14.449,5104648
-117.004,44.921,14.570,5104669
-117.161,45.029,14.307,5104690
-117.262,45.005,14.059,5104711
-117.158,45.291,13.954,5104732
-117.178,45.632,13.721,5104753
-117.239,45.514,13.539,5104774
-117.104,45.736,13.469,5104795
-117.201,46.064,13.198,5104816
-117.471,46.373,12.867,5104837
-117.753,46.252,12.528,5104858
-117.931,46.084,12.199,5104879
-117.856,45.998,12.064,5104900
-118.292,46.040,11.552,5104921
-118.777,46.039,11.042,5104942
-119.060,46.249,10.666,5104963
-119.026,46.102,10.559,5104984
-119.011,46.168,10.416,5105005
-119.072,46.284,10.227,5105026
-119.373,46.049,9.857,5105047
-119.303,46.011,9.754,5105068
-119.564,45.821,9.421,5105089
-119.869,45.756,9.045,5105110
-119.968,45.591,8.834,5105131
-120.108,45.854,8.551,5105152
-119.908,45.916,8.506,5105173
-119.679,45.921,8.524,5105194
-119.539,46.055,8.474,5105215
-119.707,46.219,8.191,5105236
-119.729,45.989,7.992,5105257
-119.712,45.738,7.789,5105278
-119.504,45.850,7.800,5105299
-119.483,45.582,7.638,5105320
-119.573,45.399,7.378,5105341
-119.363,45.478,7.317,5105362
-119.030,45.486,7.333,5105383
-118.651,45.419,7.370,5105404
-118.423,45.512,7.287,5105425
-118.234,45.644,7.185,5105446
-118.249,45.447,6.920,5105467
-117.838,45.371,6.924,5105488
-117.918,45.374,6.600,5105509
-117.920,45.159,6.302,5105530
-118.047,45.168,5.892,5105551
-118.136,45.055,5.501,5105572
-117.858,45.068,5.364,5105593
-117.594,45.072,5.209,5105614
-117.795,44.982,4.700,5105635
-118.088,45.005,4.139,5105656
-118.068,44.787,3.788,5105677
-118.027,44.896,3.524,5105698
-117.969,44.663,3.325,5105719
-118.036,44.401,3.029,5105740
-118.389,44.505,2.508,5105761
-118.324,44.579,2.269,5105782
-118.267,44.637,2.017,5105803
-118.244,44.751,1.736,5105824
-118.300,44.938,1.397,5105845
-118.773,44.976,0.746,5105866
-118.998,44.804,0.258,5105887
-119.284,44.652,359.735,5105908
-119.666,44.610,359.143,5105929
-119.989,44.526,358.596,5105950
-120.290,44.821,358.063,5105971
-120.656,45.075,357.478,5105992
-120.512,45.213,357.259,5106013
-120.352,45.414,357.032,5106034
-120.468,45.727,356.586,5106055
-120.666,45.827,356.097,5106076
-120.597,45.682,355.784,5106097
-120.224,45.608,355.700,5106118
-120.230,45.835,355.309,5106139
-119.985,45.632,355.094,5106160
-119.876,45.803,354.799,5106181
-119.844,45.799,354.403,5106202
-119.396,45.619,354.297,5106223
-118.890,45.694,354.212,5106244
-118.782,45.880,353.866,5106265
-118.596,45.654,353.581,5106286
-118.074,45.563,353.517,5106307
-117.595,45.535,353.401,5106328
-117.257,45.232,353.182,5106349
-116.742,45.127,353.090,5106370
-116.687,45.005,352.650,5106391
-116.234,45.045,352.491,5106412
-116.160,44.739,352.140,5106433
-116.261,44.736,351.672,5106454
-116.177,44.846,351.311,5106475
-116.067,44.500,351.012,5106496
-116.175,44.170,350.573,5106517
-116.046,44.124,350.284,5106538
-116.371,43.919,349.688,5106559
-116.743,43.756,349.077,5106580
-116.793,43.823,348.681,5106601
-116.876,43.944,348.264,5106622
-116.853,43.913,347.920,5106643
-117.130,44.172,347.388,5106664
-117.517,44.393,346.742,5106685
-117.882,44.274,346.143,5106706
-118.027,44.537,345.646,5106727
-117.982,44.672,345.289,5106748
-118.300,44.640,344.623,5106769
-118.668,44.682,343.916,5106790
-119.011,44.713,343.244,5106811
-119.387,44.824,342.498,5106832
-119.275,45.043,342.099,5106853
-119.589,45.291,341.439,5106874
-119.422,45.515,341.102,5106895
-119.631,45.563,340.468,5106916
-119.366,45.711,340.175,5106937
-119.065,45.694,339.906,5106958
-118.812,45.489,339.595,5106979
-118.519,45.565,339.309,5107000
-118.648,45.582,338.718,5107021
-118.314,45.386,338.461,5107042
-118.070,45.609,338.111,5107063
-117.746,45.800,337.811,5107084
-117.705,45.807,337.313,5107105
-117.327,45.556,337.046,5107126
-116.783,45.357,336.891,5107147
-116.460,45.133,336.568,5107168
-116.326,45.043,336.113,5107189
-115.785,45.059,335.941,5107210
-115.692,45.203,335.452,5107231
-115.432,45.440,335.049,5107252
-114.982,45.559,334.784,5107273
-114.733,45.802,334.393,5107294
-114.697,45.719,333.835,5107315
-114.242,45.702,333.572,5107336
-113.801,45.769,333.298,5107357
-113.719,45.600,332.751,5107378
-113.628,45.432,332.223,5107399
-113.699,45.496,331.610,5107420
-113.747,45.671,331.002,5107441
-113.533,45.868,330.593,5107462
-113.325,45.969,330.188,5107483
-113.361,46.243,329.608,5107504
-113.526,46.096,328.935,5107525
-113.429,46.105,328.456,5107546
-113.423,46.007,327.932,5107567
-113.522,45.928,327.327,5107588
-113.999,45.939,326.450,5107609
-114.519,46.134,325.528,5107630
-115.058,46.231,324.597,5107651
-115.129,46.159,323.996,5107672
-115.335,46.264,323.295,5107693
-115.836,46.378,322.406,5107714
-116.370,46.153,321.484,5107735
-116.928,45.946,320.532,5107756
-117.134,45.578,319.821,5107777
-117.311,45.186,319.120,5107798
-117.823,45.000,318.144,5107819
-118.280,44.945,317.190,5107840
-118.596,44.948,316.324,5107861
-118.732,44.930,315.530,5107882
-118.968,44.973,314.679,5107903
-119.355,44.676,313.718,5107924
-119.369,44.328,313.014,5107945
-119.294,44.119,312.342,5107966
-119.227,44.076,311.641,5107987
-119.421,43.827,310.764,5108008
-119.401,43.971,310.011,5108029
-119.652,43.839,309.070,5108050
-119.831,43.698,308.172,5108071
-119.853,43.933,307.350,5108092
-119.896,44.206,306.528,5108113
-120.058,44.248,305.599,5108134
-119.777,44.163,304.976,5108155
-119.660,44.470,304.221,5108176
-119.694,45.071,304.071,5108197
-119.648,45.496,303.953,5108218
-119.893,45.747,303.576,5108239
-120.329,46.044,303.019,5108260
-120.698,46.516,302.456,5108281
-120.580,46.879,302.214,5108302
-120.726,47.287,301.747,5108323
-120.805,47.249,301.314,5108344
-120.566,47.068,301.059,5108365
-120.200,47.123,300.889,5108386
-119.776,46.917,300.769,5108407
-119.463,46.916,300.516,5108428
-119.310,46.493,300.131,5108449
-119.342,46.405,299.561,5108470
-119.043,46.343,299.188,5108491
-118.945,45.905,298.634,5108513
-118.874,45.507,298.028,5108534
-118.380,45.092,297.690,5108555
-117.866,44.863,297.335,5108576
-118.000,44.921,296.769,5108597
-117.662,44.655,296.542,5108618
-117.768,44.448,295.987,5108639
-117.791,44.085,295.458,5108660
-117.486,43.694,295.146,5108681
-117.356,43.658,294.714,5108702
-117.477,43.614,294.069,5108723
-117.220,43.392,293.669,5108744
-117.009,43.331,293.225,5108765
-116.747,43.302,292.797,5108786
-116.715,43.013,292.199,5108807
-116.457,43.024,291.721,5108828
-116.650,43.058,290.937,5108849
-116.788,42.928,290.180,5108870
-117.072,43.069,289.328,5108891
-117.016,43.318,288.654,5108912
-117.312,43.400,287.743,5108933
-117.173,43.316,287.130,5108954
-117.010,43.452,286.501,5108975
-116.986,43.664,285.760,5108996
-116.880,43.569,285.053,5109017
-117.016,43.421,284.170,5109038
-116.921,43.270,283.432,5109059
-117.198,43.195,282.440,5109080
-117.476,43.327,281.437,5109101
-117.522,43.586,280.557,5109122
-117.762,43.690,279.567,5109143
-117.488,43.751,278.919,5109164
-117.366,43.983,278.161,5109185
-117.334,43.766,277.327,5109206
-117.033,43.671,276.645,5109227
-117.106,43.472,275.738,5109248
-117.235,43.424,274.777,5109269
-117.336,43.229,273.850,5109290
-117.188,43.282,273.064,5109311
-117.363,43.198,272.074,5109332
-117.533,43.002,271.086,5109353
-117.255,42.870,270.385,5109374
-117.004,42.784,269.659,5109395
-117.169,42.685,268.652,5109416
-116.884,42.602,267.936,5109437
-117.071,42.502,266.894,5109458
-117.207,42.394,265.901,5109479
-117.158,42.138,265.043,5109500
-117.003,42.308,264.242,5109521
-117.123,42.183,263.265,5109542
-117.201,42.010,262.326,5109563
-117.054,42.094,261.505,5109584
-116.982,42.292,260.603,5109605
-116.970,42.512,259.680,5109626
-116.976,42.759,258.733,5109647
-117.130,43.115,257.694,5109668
-117.554,43.207,256.471,5109689
-117.963,43.303,255.259,5109710
-118.407,43.616,254.018,5109731
-118.848,43.728,252.774,5109752
-119.214,43.811,251.585,5109773
-119.227,44.076,250.633,5109794
-119.225,44.329,249.658,5109815
-119.273,44.756,248.676,5109836
-119.373,45.212,247.645,5109857
-119.839,45.496,246.348,5109878
-120.057,45.499,245.224,5109899
-120.463,45.693,243.979,5109920
-120.546,46.001,242.934,5109941
-120.903,46.025,241.729,5109962
-120.773,45.982,240.876,5109983
-120.709,46.077,239.990,5110004
-120.591,46.134,239.168,5110025
-120.418,46.087,238.398,5110046
-120.113,45.922,237.749,5110067
-119.800,45.673,237.096,5110088
-119.899,45.452,236.152,5110109
-119.974,45.246,235.232,5110130
-119.992,44.950,234.374,5110151
-119.950,44.631,233.580,5110172
-120.024,44.678,232.710,5110193
-119.680,44.495,232.135,5110214
-119.821,44.280,231.223,5110235
-119.650,44.292,230.528,5110256
-119.426,44.227,229.877,5110277
-119.233,44.256,229.236,5110298
-119.377,44.093,228.364,5110319
-119.518,43.967,227.500,5110340
-119.696,44.071,226.600,5110361
-119.790,44.018,225.747,5110382
-119.449,44.212,225.170,5110403
-119.060,44.444,224.580,5110424
-118.906,44.832,223.812,5110445
-118.538,45.183,223.197,5110466
-118.096,45.444,222.619,5110487
-117.667,45.519,222.019,5110508
-117.705,45.627,221.065,5110529
-117.557,45.988,220.225,5110550
-117.616,46.013,219.226,5110571
-117.701,46.006,218.200,5110592
-117.340,46.075,217.489,5110613
-117.014,46.034,216.741,5110634
-116.646,46.006,216.034,5110655
-116.337,46.143,215.240,5110676
-116.439,46.109,214.152,5110697
-116.428,45.941,213.149,5110718
-116.483,45.770,212.023,5110739
-116.592,45.694,210.850,5110760
-116.703,45.685,209.631,5110781
-116.780,45.426,208.426,5110802
-116.534,45.417,207.425,5110823
-116.173,45.254,206.491,5110844
-116.260,45.052,205.186,5110865
-115.914,44.932,204.143,5110886
-115.491,44.724,203.159,5110907
-115.153,44.337,202.093,5110928
-115.022,43.991,200.858,5110949
-114.827,43.653,199.648,5110970
-114.438,43.419,198.554,5110991
-114.365,43.177,197.246,5111012
-114.079,43.291,196.042,5111033
-113.929,43.497,194.755,5111054
-114.125,43.516,193.223,5111075
-114.692,42.999,192.536,5111096
-114.973,42.758,191.974,5111117
-115.386,42.677,191.265,5111138
-116.053,42.356,190.358,5111159
-116.514,42.388,189.550,5111180
-117.090,42.100,188.658,5111201
-117.588,41.815,187.807,5111222
-117.882,42.020,187.066,5111243
-118.306,42.310,186.241,5111264
-118.855,42.482,185.272,5111285
-119.310,42.701,184.355,5111306
-119.717,42.923,183.438,5111327
-119.566,43.157,182.884,5111348
-119.374,43.342,182.331,5111369
-119.460,43.492,181.562,5111390
-119.105,43.740,181.092,5111411
-119.207,44.137,180.245,5111432
-119.009,44.710,179.577,5111453
-118.647,45.222,178.994,5111474
-118.230,45.682,178.411,5111495
-117.954,46.196,177.688,5111516
-117.460,46.333,177.113,5111537
-117.031,46.391,176.483,5111558
-116.494,46.606,175.907,5111579
-116.306,46.641,175.066,5111600
-115.899,46.605,174.382,5111621
-115.386,46.869,173.764,5111642
-115.270,47.110,172.818,5111663
-115.138,47.077,171.849,5111684
-115.054,47.103,170.812,5111705
-114.771,47.248,169.922,5111726
-114.281,46.943,169.145,5111747
-113.802,46.585,168.358,5111768
-113.678,46.231,167.299,5111789
-113.695,46.136,166.112,5111810
-113.533,45.689,165.051,5111831
-113.623,45.663,163.784,5111852
-113.417,45.642,162.739,5111873
-113.252,45.307,161.642,5111894
-113.398,45.339,160.309,5111915
-113.728,45.260,158.832,5111936
-113.604,45.022,157.686,5111957
-113.583,44.672,156.432,5111978
-113.725,44.320,155.054,5111999
-114.004,44.399,153.589,5112020
-114.355,44.163,152.076,5112041
-114.468,44.230,150.717,5112062
-114.908,44.294,149.125,5112083
-115.180,44.024,147.616,5112104
-115.683,44.154,145.970,5112125
-115.752,44.036,144.593,5112146
-115.849,44.162,143.203,5112167
-115.953,44.286,141.787,5112189
-115.992,44.325,140.429,5112210
-116.049,44.261,139.064,5112231
-116.474,44.558,137.386,5112252
-116.428,44.666,136.081,5112273
-116.778,44.686,134.514,5112294
-116.923,45.003,133.088,5112315
-117.195,44.969,131.585,5112336
-117.051,44.982,130.368,5112357
-117.118,44.834,128.983,5112378
-117.398,45.086,127.448,5112399
-117.621,44.972,125.971,5112420
-117.575,44.802,124.691,5112441
-117.843,44.820,123.180,5112462
-118.015,44.690,121.746,5112483
-118.060,44.480,120.443,5112504
-118.109,44.653,119.138,5112525
-117.824,44.773,118.067,5112546
-117.585,44.912,116.971,5112567
-117.211,44.885,115.976,5112588
-116.871,44.622,114.965,5112609
-116.769,44.382,113.772,5112630
-116.383,44.175,112.782,5112651
-116.406,44.012,111.499,5112672
-116.328,44.207,110.279,5112693
-116.367,44.055,108.987,5112714
-116.052,44.126,107.955,5112735
-116.080,44.296,106.689,5112756
-115.807,44.365,105.627,5112777
-115.454,44.289,104.616,5112798
-115.192,44.421,103.541,5112819
-114.860,44.310,102.525,5112840
-114.864,44.155,101.288,5112861
-114.997,44.282,99.965,5112882
-115.094,44.163,98.646,5112903
-115.182,44.321,97.320,5112924
-114.837,44.294,96.296,5112945
-114.843,44.119,95.020,5112966
-114.649,44.274,93.905,5112987
-114.712,44.528,92.598,5113008
-114.849,44.401,91.247,5113029
-114.669,44.379,90.144,5113050
-114.856,44.679,88.788,5113071
-115.207,44.838,87.310,5113092
-115.351,44.728,85.967,5113113
-115.212,44.818,84.825,5113134
-115.557,44.935,83.315,5113155
-115.852,45.050,81.810,5113176
-115.695,45.219,80.616,5113197
-115.488,45.230,79.485,5113218
-115.386,45.145,78.266,5113239
-115.255,45.185,77.078,5113260
-115.352,45.516,75.743,5113281
-115.735,45.610,74.217,5113302
-115.662,45.525,72.982,5113323
-116.068,45.704,71.388,5113344
-116.364,45.605,69.830,5113365
-116.673,45.812,68.234,5113386
-116.923,46.037,66.693,5113407
-116.839,45.911,65.415,5113428
-116.739,45.912,64.132,5113449
-116.697,46.010,62.828,5113470
-116.801,46.205,61.417,5113491
-117.094,46.088,59.818,5113512
-117.155,45.882,58.427,5113533
-117.106,45.648,57.077,5113554
-116.291,45.724,56.345,5113575
-116.021,45.697,55.241,5113596
-115.755,45.582,54.160,5113617
-115.526,45.403,53.062,5113638
-115.552,45.338,51.790,5113659
-115.255,45.443,50.729,5113680
-115.374,45.316,49.339,5113701
-115.559,45.189,47.893,5113722
-115.455,45.265,46.646,5113743
-115.461,45.387,45.294,5113764
-115.968,45.468,43.589,5113785
-116.241,45.657,42.021,5113806
-116.465,45.773,40.504,5113827
-116.815,45.933,38.894,5113848
-117.061,45.983,37.364,5113869
-117.359,45.997,35.778,5113890
-118.105,45.871,33.870,5113911
-119.151,45.795,33.058,5113932
-120.283,45.269,31.994,5113953
-121.393,44.781,30.884,5113974
-122.385,44.210,29.844,5113995
-123.407,43.680,28.707,5114016
-124.462,43.162,27.526,5114037
-125.137,42.585,26.575,5114058
-125.621,42.157,25.712,5114079
-126.049,41.970,24.872,5114100
-126.685,41.886,23.849,5114121
-126.859,41.518,23.121,5114142
-126.917,41.403,22.463,5114163
-127.108,41.432,21.947,5114184
-127.472,41.227,21.325,5114205
-127.769,41.146,20.714,5114226
-127.620,41.331,20.372,5114247
-127.807,41.729,19.794,5114268
-127.663,41.794,19.418,5114289
-127.777,42.308,18.851,5114310
-127.812,42.658,18.326,5114331
-127.777,42.810,18.110,5114352
-127.297,43.201,18.110,5114373
-126.774,43.570,18.146,5114394
-126.210,43.755,18.171,5114415
-125.777,44.317,18.087,5114436
-125.195,44.761,18.164,5114457
-124.510,45.148,18.254,5114478
-123.702,45.339,18.447,5114499
-123.148,45.847,18.399,5114520
-122.251,46.154,18.595,5114541
-121.707,46.268,18.507,5114562
-121.091,46.699,18.458,5114583
-120.593,46.735,18.256,5114604
-120.131,46.746,18.022,5114625
-119.609,46.654,17.814,5114646
-118.978,46.925,17.672,5114667
-118.596,46.957,17.335,5114688
-117.707,46.924,17.364,5114709
-116.866,46.871,17.323,5114730
-116.489,46.643,16.930,5114751
-115.801,46.293,16.756,5114772
-115.074,46.048,16.607,5114793
-114.597,45.617,16.254,5114814
-114.212,45.176,15.831,5114835
-113.674,44.945,15.535,5114856
-113.442,44.990,15.003,5114877
-113.388,45.011,14.335,5114898
-113.343,45.030,13.647,5114919
-113.572,44.937,12.720,5114940
-113.608,44.571,11.948,5114961
-113.842,44.247,11.016,5114982
-114.048,43.886,10.128,5115003
-114.403,43.616,9.111,5115024
-114.766,43.412,8.087,5115045
-115.142,43.494,7.055,5115066
-115.566,43.607,5.963,5115087
-115.666,43.614,5.046,5115108
-115.906,43.752,4.020,5115129
-116.287,43.965,2.887,5115150
-116.726,43.810,1.713,5115171
-117.000,43.664,0.650,5115192
-117.477,43.563,359.435,5115213
-118.079,43.601,358.132,5115234
-118.642,43.930,356.853,5115255
-119.160,43.945,355.605,5115276
-119.738,44.133,354.336,5115297
-119.874,44.531,353.358,5115318
-119.941,44.920,352.426,5115339
-120.119,45.413,351.405,5115360
-120.102,45.583,350.535,5115381
-120.033,45.751,349.691,5115402
-120.327,45.868,348.583,5115423
-120.503,45.925,347.591,5115444
-120.735,46.233,346.565,5115465
-120.952,46.459,345.532,5115486
-121.117,46.438,344.519,5115507
-120.960,46.665,343.772,5115528
-120.596,46.758,343.165,5115549
-120.665,46.937,342.243,5115570
-120.184,46.818,341.723,5115591
-119.695,46.802,341.215,5115612
-119.220,46.832,340.707,5115633
-118.609,46.745,340.288,5115654
-118.293,46.505,339.675,5115675
-117.620,46.497,339.313,5115696
-117.256,46.578,338.738,5115717
-116.995,46.487,338.090,5115738
-116.402,46.505,337.684,5115759
-115.999,46.148,337.167,5115780
-115.425,45.735,336.772,5115801
-115.157,45.691,336.128,5115822
-114.431,45.445,335.840,5115843
-113.833,45.133,335.439,5115864
-113.159,44.971,335.071,5115885
-112.812,44.745,334.475,5115906
-112.377,44.928,333.936,5115927
-111.943,45.102,333.386,5115948
-111.654,45.352,332.716,5115969
-111.738,45.347,331.793,5115990
-111.457,45.272,331.127,5116011
-111.373,45.108,330.277,5116032
-111.665,45.199,329.128,5116053
-111.774,44.962,328.116,5116074
-111.726,44.873,327.191,5116095
-112.214,44.915,325.897,5116116
-112.399,44.967,324.772,5116137
-112.764,45.074,323.517,5116158
-113.373,45.143,322.054,5116179
-114.038,45.002,320.549,5116200
-114.269,44.762,319.361,5116221
-114.714,44.914,318.004,5116242
-115.166,44.640,316.638,5116263
-115.601,44.371,315.270,5116284
-116.123,44.203,313.845,5116305
-116.690,44.207,312.394,5116326
-117.211,44.095,310.994,5116347
-117.725,44.103,309.608,5116368
-117.954,44.215,308.414,5116389
-118.064,43.917,307.276,5116410
-118.030,43.847,306.218,5116431
-118.060,43.907,305.094,5116452
-117.913,43.788,304.111,5116473
-117.863,43.534,303.052,5116494
-117.634,43.473,302.146,5116515
-117.839,43.402,300.919,5116536
-118.015,43.454,299.710,5116557
-118.134,43.546,298.548,5116578
-118.192,43.413,297.416,5116599
-118.072,43.100,296.442,5116620
-117.699,43.036,295.609,5116641
-117.384,43.038,294.727,5116662
-117.070,42.809,293.867,5116683
-116.865,42.878,292.918,5116704
-117.030,42.944,291.730,5116725
-116.788,42.967,290.778,5116746
-116.871,43.190,289.580,5116767
-116.603,43.149,288.616,5116788
-116.533,43.366,287.499,5116809
-116.490,43.180,286.358,5116830
-116.346,43.022,285.246,5116851
-116.161,43.207,284.145,5116872
-116.348,43.169,282.795,5116893
-116.437,43.076,281.490,5116914
-116.714,43.269,280.069,5116935
-117.036,43.356,278.585,5116956
-117.396,43.395,277.061,5116977
-117.598,43.758,275.658,5116998
-118.026,43.893,274.093,5117019
-118.003,43.925,272.826,5117040
-117.996,44.167,271.571,5117061
-117.918,44.343,270.365,5117082
-117.810,44.410,269.172,5117103
-117.689,44.426,268.002,5117124
-117.972,44.702,266.510,5117145
-118.300,44.545,264.988,5117166
-118.733,44.502,263.398,5117187
-119.188,44.464,261.756,5117208
-119.674,44.423,260.079,5117229
-120.191,44.383,258.380,5117250
-120.299,44.448,256.928,5117271
-120.778,44.537,255.236,5117292
-120.829,44.451,253.863,5117313
-120.816,44.241,252.515,5117334
-120.737,44.131,251.223,5117355
-120.767,43.830,249.840,5117376
-120.526,43.743,248.616,5117397
-120.198,43.778,247.477,5117418
-120.256,43.780,246.035,5117439
-120.179,43.731,244.687,5117460
-120.023,44.093,243.394,5117481
-120.038,44.279,241.998,5117502
-119.653,44.258,240.890,5117523
-119.321,44.243,239.741,5117544
-119.412,44.259,238.334,5117565
-119.311,44.186,237.045,5117586
-119.501,44.430,235.528,5117607
-119.280,44.749,234.261,5117628
-118.965,44.743,233.064,5117649
-119.013,44.829,231.608,5117670
-118.617,45.109,230.446,5117691
-118.379,45.524,229.166,5117712
-117.870,45.753,228.062,5117733
-117.378,46.084,226.981,5117754
-117.027,46.041,225.818,5117775
-116.767,46.000,224.566,5117796
-116.134,46.037,223.572,5117817
-115.518,45.971,222.565,5117838
-115.483,46.070,221.083,5117859
-115.301,45.881,219.689,5117880
-114.892,45.990,218.467,5117901
-114.568,46.107,217.180,5117922
-114.157,46.119,215.919,5117943
-113.768,46.026,214.640,5117964
-113.676,45.696,213.130,5117985
-113.774,45.514,211.442,5118006
-113.779,45.211,209.797,5118027
-113.823,44.957,208.142,5118048
-113.725,44.641,206.556,5118069
-113.466,44.665,205.053,5118090
-113.538,44.394,203.317,5118111
-113.757,44.356,201.437,5118132
-114.015,44.292,199.500,5118153
-113.871,44.042,197.830,5118174
-113.748,43.926,196.123,5118195
-113.668,43.868,194.366,5118216
-114.056,43.803,192.274,5118237
-114.144,43.996,190.383,5118258
-114.385,43.859,188.382,5118279
-114.697,44.151,186.313,5118300
-115.045,44.481,184.221,5118321
-115.834,44.041,181.537,5118342
-116.540,43.601,178.954,5118363
-117.201,43.257,176.445,5118384
-117.654,42.717,174.089,5118405
-118.203,42.503,171.683,5118426
-118.626,42.170,169.386,5118447
-118.888,41.865,167.220,5118468
-119.116,41.658,165.062,5118489
-119.402,41.549,162.892,5118510
-119.822,41.602,160.624,5118531
-120.334,41.923,158.333,5118552
-120.695,41.960,156.143,5118573
-120.843,42.357,154.114,5118594
-120.869,42.501,152.203,5118615
-121.063,43.028,150.192,5118636
-120.986,43.388,148.404,5118657
-120.848,43.784,146.686,5118678
-120.731,44.148,144.959,5118699
-120.861,44.909,143.066,5118720
-121.595,46.195,141.640,5118741
-122.386,47.433,140.201,5118762
-123.114,48.483,138.771,5118783
-123.366,49.150,137.677,5118804
-123.756,50.161,136.452,5118825
-124.308,50.964,135.059,5118846
-124.679,51.389,133.806,5118867
-124.831,51.680,132.672,5118888
-124.804,52.100,131.655,5118909
-125.287,52.604,130.192,5118930
-125.598,52.607,128.837,5118951
-126.050,52.586,127.299,5118972
-125.917,52.512,126.198,5118993
-126.557,52.676,124.670,5119014
-127.162,52.968,123.105,5119035
-127.928,53.217,121.359,5119056
-128.607,53.340,119.626,5119077
-128.656,53.103,118.352,5119098
-128.600,52.842,117.070,5119119
-128.400,52.588,115.848,5119140
-128.713,52.154,114.186,5119161
-129.371,51.906,112.196,5119182
-129.899,51.558,110.230,5119203
-129.676,51.116,108.818,5119224
-129.854,50.535,107.055,5119245
-130.039,50.046,105.264,5119266
-129.536,49.584,103.952,5119287
-129.002,48.994,102.639,5119308
-128.365,48.465,101.365,5119329
-128.236,48.244,99.705,5119350
-127.845,47.745,98.213,5119371
-127.609,47.451,96.621,5119392
-127.179,47.499,95.168,5119413
-126.484,47.504,93.907,5119434
-125.635,47.528,92.741,5119455
-123.548,47.545,93.606,5119476
-121.008,47.450,94.768,5119497
-118.627,47.476,95.828,5119518
-116.403,47.541,96.779,5119539
-114.929,47.682,97.183,5119560
-113.279,47.546,97.727,5119581
-111.824,47.809,98.173,5119602
-110.568,47.912,98.506,5119623
-109.556,48.104,98.672,5119644
-108.860,48.149,98.646,5119665
-108.277,48.479,98.542,5119686
-107.860,48.695,98.357,5119707
-107.608,49.032,98.033,5119728
-107.746,49.557,97.428,5119749
-107.833,49.957,96.862,5119770
-108.305,49.989,96.039,5119791
-109.085,50.202,94.976,5119812
-109.875,50.603,93.896,5119833
-110.599,50.982,92.891,5119854
-111.253,51.089,91.902,5119875
-112.351,50.984,90.603,5119896
-113.550,50.825,89.208,5119917
-114.498,50.759,87.989,5119938
-116.027,50.834,86.344,5119959
-117.569,50.736,84.699,5119980
-118.972,50.453,83.155,5120001
-120.401,50.220,81.582,5120022
-120.761,50.286,80.967,5120043
-121.374,50.002,80.143,5120064
-122.116,49.962,79.231,5120085
-122.762,49.635,78.397,5120106
-123.220,49.235,77.721,5120127
-124.050,49.080,76.781,5120148
-124.812,48.831,75.914,5120169
-125.167,48.435,75.350,5120190
-125.501,48.013,74.792,5120211
-126.069,47.656,74.048,5120232
-126.340,47.577,73.521,5120254
-126.645,47.536,72.976,5120275
-127.078,47.134,72.348,5120296
-127.131,46.995,72.010,5120317
-127.151,46.916,71.714,5120338
-127.537,46.682,71.142,5120359
-127.500,46.376,70.915,5120380
-127.370,46.137,70.762,5120401
-127.610,46.214,70.330,5120422
-127.713,46.400,70.015,5120443
-127.401,46.491,69.973,5120464
-127.122,46.648,69.946,5120485
-127.013,46.463,69.785,5120506
-126.587,46.517,69.863,5120527
-126.412,46.768,69.757,5120548
-126.383,46.844,69.573,5120569
-125.829,46.739,69.753,5120590
-125.359,46.597,69.822,5120611
-125.177,46.709,69.696,5120632
-124.754,47.001,69.728,5120653
-123.963,47.078,70.006,5120674
-123.590,47.331,69.957,5120695
-122.760,47.285,70.232,5120716
-121.927,47.224,70.528,5120737
-121.219,47.368,70.743,5120758
-121.007,47.457,70.568,5120779
-120.663,47.207,70.507,5120800
-120.365,46.952,70.397,5120821
-120.253,46.720,70.148,5120842
-119.781,46.668,70.121,5120863
-119.801,46.579,69.730,5120884
-119.731,46.282,69.373,5120905
-119.473,45.877,69.161,5120926
-119.067,45.813,69.049,5120947
-119.043,45.841,68.627,5120968
-118.926,45.839,68.289,5120989
-119.141,45.595,67.741,5121010
-119.393,45.351,67.190,5121031
-119.258,45.232,66.903,5121052
-119.589,45.288,66.301,5121073
-119.655,45.008,65.862,5121094
-119.673,45.002,65.478,5121115
-119.726,44.977,65.084,5121136
-119.926,44.766,64.595,5121157
-120.478,44.810,63.897,5121178
-120.997,44.817,63.182,5121199
-121.416,44.657,62.538,5121220
-121.861,44.539,61.863,5121241
-122.082,44.715,61.337,5121262
-122.620,44.751,60.608,5121283
-123.019,44.986,59.965,5121304
-122.995,44.969,59.623,5121325
-123.004,45.086,59.249,5121346
-123.022,45.250,58.863,5121367
-123.481,45.467,58.147,5121388
-123.497,45.592,57.769,5121409
-123.730,45.470,57.250,5121430
-123.984,45.413,56.722,5121451
-124.205,45.355,56.218,5121472
-124.397,45.358,55.718,5121493
-124.251,45.637,55.452,5121514
-124.216,45.919,55.131,5121535
-123.985,46.145,54.922,5121556
-123.782,46.362,54.718,5121577
-123.790,46.629,54.317,5121598
-123.839,46.586,53.910,5121619
-123.598,46.426,53.715,5121640
-123.064,46.441,53.713,5121661
-122.578,46.271,53.683,5121682
-122.096,46.104,53.668,5121703
-121.954,45.984,53.395,5121724
-121.402,45.928,53.464,5121745
-121.040,46.092,53.414,5121766
-120.521,46.172,53.473,5121787
-120.154,46.294,53.407,5121808
-120.032,46.126,53.182,5121829
-119.454,45.807,53.272,5121850
-119.092,45.427,53.215,5121871
-118.983,45.337,52.942,5121892
-118.879,45.163,52.725,5121913
-118.379,44.865,52.743,5121934
-118.253,44.959,52.515,5121955
-117.744,44.909,52.555,5121976
-117.671,45.002,52.292,5121997
-117.279,45.053,52.253,5122018
-116.889,44.761,52.189,5122039
-116.565,44.473,52.110,5122060
-116.452,44.199,51.856,5122081
-116.074,43.997,51.773,5122102
-115.854,44.083,51.590,5122123
-115.592,44.115,51.399,5122144
-115.666,44.226,50.977,5122165
-115.694,43.944,50.559,5122186
-115.589,44.059,50.226,5122207
-115.843,44.027,49.661,5122228
-115.905,43.803,49.213,5122249
-116.110,43.661,48.679,5122270
-116.284,43.520,48.142,5122291
-116.556,43.717,47.536,5122312
-116.924,43.875,46.848,5122333
-117.354,43.958,46.091,5122354
-117.366,44.183,45.636,5122375
-117.302,44.288,45.254,5122396
-117.622,44.619,44.604,5122417
-117.918,44.980,43.950,5122438
-118.317,44.970,43.242,5122459
-118.320,45.023,42.786,5122480
-118.790,45.119,41.992,5122501
-118.763,45.232,41.538,5122522
-118.900,45.586,40.964,5122543
-119.300,45.866,40.165,5122564
-119.221,46.057,39.687,5122585
-119.110,46.233,39.195,5122606
-119.061,46.457,38.648,5122627
-119.376,46.409,37.818,5122648
-119.580,46.237,37.084,5122669
-119.554,46.012,36.493,5122690
-119.868,45.920,35.649,5122711
-119.947,45.631,35.001,5122732
-120.061,45.770,34.310,5122753
-120.136,45.876,33.652,5122774
-120.247,45.965,32.977,5122795
-119.992,45.963,32.559,5122816
-119.957,46.066,31.965,5122837
-119.815,45.739,31.490,5122858
-119.604,45.438,31.070,5122879
-119.407,45.174,30.635,5122900
-118.944,45.029,30.366,5122921
-118.764,44.830,29.897,5122942
-118.373,44.973,29.595,5122963
-118.237,45.191,29.095,5122984
-117.784,45.224,28.838,5123005
-117.468,45.381,28.448,5123026
-117.418,45.522,27.880,5123047
-117.425,45.455,27.267,5123068
-117.088,45.239,26.905,5123089
-116.645,45.168,26.640,5123110
-116.272,45.236,26.306,5123131
-116.237,45.123,25.737,5123152
-116.417,45.248,25.047,5123173
-116.671,45.404,24.289,5123194
-116.921,45.416,23.536,5123215
-116.788,45.617,23.060,5123236
-117.159,45.720,22.217,5123257
-117.021,45.671,21.732,5123278
-116.970,45.511,21.204,5123299
-117.038,45.336,20.602,5123320
-117.264,45.211,19.884,5123341
-117.506,44.795,19.342,5123362
-117.900,44.150,18.697,5123383
-118.416,43.745,17.975,5123404
-118.698,43.584,17.413,5123425
-118.692,43.245,17.029,5123446
-119.128,43.097,16.364,5123467
-119.518,42.834,15.748,5123488
-119.402,42.473,15.474,5123509
-119.300,42.355,15.174,5123530
-119.193,42.294,14.875,5123551
-119.445,42.372,14.332,5123572
-119.321,42.483,14.028,5123593
-119.286,42.708,13.636,5123614
-119.301,42.987,13.214,5123635
-119.272,42.920,12.850,5123656
-119.174,43.288,12.485,5123677
-118.715,43.353,12.359,5123698
-118.221,43.476,12.229,5123719
-117.684,43.743,12.116,5123740
-117.626,43.986,11.693,5123761
-117.537,44.280,11.255,5123782
-117.396,44.467,10.860,5123803
-117.264,44.665,10.456,5123824
-116.811,45.145,10.287,5123845
-116.291,45.131,10.076,5123866
-116.143,45.413,9.586,5123887
-115.803,45.261,9.264,5123908
-115.737,45.249,8.728,5123929
-115.359,45.467,8.413,5123950
-114.925,45.426,8.131,5123971
-115.018,45.515,7.460,5123992
-115.049,45.761,6.828,5124013
-114.866,45.533,6.344,5124034
-114.676,45.653,5.846,5124055
-114.935,45.758,5.022,5124076
-115.090,45.902,4.284,5124097
-115.090,45.583,3.636,5124118
-115.096,45.251,2.992,5124139
-115.030,45.129,2.389,5124160
-115.402,44.867,1.495,5124181
-115.692,44.938,0.681,5124202
-116.129,44.656,359.789,5124223
-116.675,44.624,358.800,5124244
-116.993,44.673,357.975,5124265
-117.441,44.730,357.073,5124286
-117.960,44.809,356.125,5124307
-118.373,44.445,355.260,5124328
-118.532,44.326,354.553,5124349
-118.738,44.297,353.813,5124370
-119.028,44.009,353.035,5124391
-119.357,43.725,352.226,5124412
-119.828,43.490,351.344,5124433
-120.263,43.264,350.487,5124454
-120.806,43.417,349.558,5124475
-121.055,43.585,348.805,5124496
-121.084,43.657,348.197,5124517
-121.166,43.446,347.555,5124538
-121.106,43.585,346.992,5124559
-120.940,43.512,346.491,5124580
-120.901,43.361,345.948,5124601
-121.018,43.676,345.260,5124622
-121.110,43.897,344.605,5124643
-121.051,44.286,344.051,5124664
-121.082,44.597,343.448,5124685
-120.945,44.964,342.956,5124706
-120.886,45.010,342.403,5124727
-120.341,45.030,342.195,5124748
-119.815,45.317,341.995,5124769
-119.278,45.664,341.819,5124790
-118.772,45.657,341.616,5124811
-118.134,45.762,341.501,5124832
-117.932,45.876,341.050,5124853
-117.520,46.228,340.723,5124874
-116.906,46.429,340.532,5124895
-116.430,46.657,340.213,5124916
-116.166,46.434,339.724,5124937
-115.773,46.132,339.317,5124958
-115.316,46.194,338.935,5124979
-114.800,45.977,338.600,5125000
-114.324,45.872,338.223,5125021
-114.324,45.628,337.474,5125042
-114.427,45.539,336.622,5125063
-114.526,45.318,335.729,5125084
-114.279,45.303,335.078,5125105
-114.417,45.341,334.126,5125126
-114.575,45.088,333.145,5125147
-114.481,44.737,332.335,5125168
-114.319,44.711,331.548,5125189
-114.280,44.763,330.641,5125210
-114.141,44.448,329.779,5125231
-114.188,44.080,328.773,5125252
-114.431,44.152,327.625,5125273
-114.650,43.890,326.469,5125294
-114.787,44.028,325.371,5125315
-115.076,43.835,324.155,5125336
-115.466,43.880,322.875,5125357
-115.429,43.880,321.864,5125378
-115.416,43.899,320.820,5125399
-115.507,44.074,319.682,5125420
-115.540,44.041,318.585,5125441
-115.858,43.891,317.273,5125462
-116.321,43.817,315.843,5125483
-116.667,44.122,314.501,5125504
-117.288,44.375,312.945,5125525
-117.468,44.553,311.672,5125546
-117.997,44.549,310.175,5125567
-118.128,44.455,308.930,5125588
-118.254,44.669,307.698,5125609
-118.337,44.858,306.482,5125630
-118.515,44.774,305.199,5125651
-118.945,44.834,303.770,5125672
-119.388,44.868,302.316,5125694
-119.789,44.921,300.880,5125715
-120.171,45.091,299.429,5125736
-120.233,44.887,298.219,5125757
-120.077,44.914,297.180,5125778
-119.991,44.691,296.065,5125799
-120.118,44.446,294.805,5125820
-120.037,44.531,293.682,5125841
-120.259,44.596,292.368,5125862
-119.995,44.517,291.370,5125883
-120.205,44.456,290.066,5125904
-120.010,44.607,289.020,5125925
-119.629,44.524,288.136,5125946
-119.691,44.379,286.911,5125967
-119.344,44.201,285.990,5125988
-119.400,44.164,284.822,5126009
-119.452,44.184,283.629,5126030
-119.492,44.204,282.449,5126051
-119.518,44.139,281.290,5126072
-119.059,44.031,280.487,5126093
-118.960,43.818,279.430,5126114
-118.969,43.946,278.306,5126135
-118.566,43.966,277.440,5126156
-118.316,44.181,276.468,5126177
-117.961,44.351,275.545,5126198
-117.632,44.609,274.635,5126219
-117.542,44.534,273.538,5126240
-117.125,44.665,272.672,5126261
-117.230,44.732,271.468,5126282
-117.309,44.725,270.287,5126303
-117.402,44.681,269.077,5126324
-117.609,44.762,267.797,5126345
-117.487,44.584,266.727,5126366
-117.388,44.777,265.655,5126387
-117.297,44.950,264.556,5126408
-117.296,45.153,263.405,5126429
-117.184,45.095,262.344,5126450
-117.072,45.126,261.323,5126471
-117.500,45.307,259.903,5126492
-117.846,45.192,258.590,5126513
-118.008,45.014,257.393,5126534
-118.434,45.216,256.009,5126555
-118.797,45.002,254.633,5126576
-118.979,45.134,253.392,5126597
-118.991,45.169,252.279,5126618
-119.328,44.935,250.945,5126639
-119.185,44.718,249.959,5126660
-119.076,44.753,248.941,5126681
-119.273,44.549,247.728,5126702
-119.472,44.342,246.477,5126723
-119.702,44.500,245.181,5126744
-120.015,44.383,243.800,5126765
-120.230,44.184,242.482,5126786
-120.145,44.256,241.363,5126807
-120.020,44.343,240.282,5126828
-119.853,44.464,239.216,5126849
-119.738,44.647,238.088,5126870
-119.372,44.649,237.121,5126891
-119.173,44.466,236.005,5126912
-118.982,44.309,234.847,5126933
-118.879,44.233,233.616,5126954
-118.358,44.229,232.649,5126975
-118.140,44.093,231.444,5126996
-117.688,44.266,230.382,5127017
-117.247,44.445,229.300,5127039
-116.936,44.724,228.119,5127060
-116.844,44.697,226.791,5127081
-116.565,44.510,225.582,5127102
-116.085,44.544,224.481,5127123
-116.102,44.717,222.992,5127144
-116.165,44.729,221.450,5127165
-116.037,44.524,220.043,5127186
-116.091,44.433,218.495,5127207
-115.780,44.437,217.186,5127228
-115.968,44.525,215.534,5127249
-115.777,44.603,214.137,5127270
-115.790,44.310,213.141,5127291
-115.960,43.782,212.014,5127312
-116.438,43.709,210.628,5127333
-116.646,43.618,209.442,5127354
-117.016,43.219,208.148,5127375
-117.521,43.034,206.745,5127396
-117.964,43.110,205.384,5127417
-118.384,43.184,204.069,5127438
-118.789,43.206,202.745,5127459
-119.072,43.137,201.486,5127480
-118.986,43.054,200.477,5127501
-118.831,43.081,199.514,5127522
-118.812,43.034,198.445,5127543
-118.746,43.433,197.425,5127564
-118.644,43.413,196.402,5127585
-118.421,43.737,195.437,5127606
-118.547,44.214,194.240,5127627
-118.724,44.690,193.006,5127648
-119.001,44.999,191.688,5127669
-119.213,45.244,190.415,5127690
-118.909,45.445,189.507,5127711
-118.647,45.832,188.542,5127732
-118.345,46.207,187.640,5127753
-118.013,46.296,186.726,5127774
-117.668,46.348,185.835,5127795
-117.446,46.364,184.863,5127816
-117.149,46.782,183.948,5127837
-117.045,47.141,182.877,5127858
-116.999,47.267,181.743,5127879
-116.850,47.483,180.693,5127900
-116.353,47.565,179.871,5127921
-115.822,47.586,179.036,5127942
-115.527,47.302,178.042,5127963
-115.043,47.000,177.194,5127984
-114.847,46.687,176.122,5128005
-114.670,46.722,175.032,5128026
-114.588,46.520,173.865,5128047
-114.266,46.541,172.865,5128068
-113.852,46.522,171.911,5128089
-113.413,46.453,170.975,5128110
-112.946,46.227,170.076,5128131
-112.495,46.011,169.176,5128152
-112.139,45.724,168.221,5128173
-112.138,45.424,167.030,5128194
-111.907,45.114,166.027,5128215
-111.617,44.965,165.066,5128236
-111.657,45.106,163.882,5128257
-111.917,44.993,162.520,5128278
-112.233,44.946,161.157,5128299
-112.598,45.019,159.756,5128320
-112.965,44.861,158.383,5128341
-113.063,44.640,157.178,5128362
-113.451,44.824,155.810,5128383
-113.547,44.707,154.641,5128404
-113.645,44.594,153.486,5128425
-114.213,44.731,151.970,5128446
-115.131,45.166,150.817,5128467
-116.261,45.775,149.342,5128488
-117.348,46.358,147.856,5128509
-118.383,46.904,146.397,5128530
-119.019,47.007,145.213,5128551
-119.560,47.417,144.077,5128572
-120.029,47.457,142.964,5128593
-120.345,47.510,141.920,5128614
-120.607,47.452,140.893,5128635
-121.195,47.538,139.616,5128656
-121.745,47.647,138.379,5128677
-122.040,47.513,137.337,5128698
-122.404,47.566,136.265,5128719
-122.460,47.742,135.404,5128740
-122.229,47.548,134.734,5128761
-121.952,47.361,134.105,5128782
-121.689,47.328,133.451,5128803
-121.364,47.014,132.851,5128824
-120.997,46.703,132.254,5128845
-120.654,46.697,131.623,5128866
-120.621,46.678,130.764,5128887
-120.716,46.474,129.790,5128908
-120.833,46.488,128.788,5128929
-120.869,46.559,127.821,5128950
-120.472,46.642,127.164,5128971
-120.676,46.684,126.002,5128992
-120.657,46.450,124.982,5129013
-120.298,46.311,124.172,5129034
-119.929,46.233,123.357,5129055
-119.598,46.315,122.498,5129076
-119.740,46.480,121.339,5129097
-119.856,46.466,120.187,5129118
-120.043,46.462,118.931,5129139
-119.704,46.536,118.098,5129160
-119.431,46.736,117.174,5129181
-119.083,46.874,116.321,5129202
-119.135,46.967,115.161,5129223
-118.611,47.067,114.417,5129244
-118.055,47.224,113.669,5129265
-117.642,47.552,112.805,5129286
-117.579,47.634,111.696,5129307
-117.374,47.559,110.698,5129328
-117.353,47.607,109.534,5129349
-117.348,47.870,108.334,5129370
-116.927,47.976,107.439,5129391
-116.521,48.149,106.558,5129412
-116.218,47.993,105.581,5129433
-115.958,47.812,104.568,5129454
-115.247,47.841,104.149,5129475
-114.652,47.909,103.650,5129496
-114.089,47.831,103.127,5129517
-113.428,47.619,102.677,5129538
-113.071,47.493,101.992,5129559
-112.753,47.692,101.320,5129580
-112.243,47.819,100.761,5129601
-111.745,47.858,100.192,5129622
-111.412,47.653,99.538,5129643
-111.176,47.698,98.820,5129664
-111.036,47.660,98.094,5129685
-111.222,47.798,97.117,5129706
-111.643,47.547,95.977,5129727
-111.835,47.249,95.033,5129748
-112.265,47.070,93.936,5129769
-112.508,47.133,93.002,5129790
-112.866,47.174,91.977,5129811
-113.180,47.067,91.011,5129832
-113.987,46.761,89.726,5129853
-114.792,46.441,88.449,5129874
-115.534,46.200,87.271,5129895
-116.335,46.056,86.031,5129916
-116.746,45.713,85.089,5129937
-117.042,45.467,84.236,5129958
-117.849,45.343,83.012,5129979
-118.332,45.392,81.980,5130000
-118.935,45.438,80.906,5130021
-119.728,45.524,79.673,5130042
-120.576,45.339,78.436,5130063
-121.006,45.415,77.502,5130084
-121.610,45.599,76.462,5130105
-122.225,45.408,75.385,5130126
-122.655,45.177,74.425,5130147
-122.885,44.927,73.610,5130168
-123.300,44.708,72.664,5130189
-123.280,44.597,71.988,5130210
-123.630,44.733,71.029,5130231
-123.946,44.525,70.116,5130252
-124.201,44.687,69.256,5130273
-124.209,44.799,68.561,5130294
-124.255,44.951,67.854,5130315
-124.666,44.901,66.896,5130336
-124.961,44.736,66.034,5130357
-125.245,44.602,65.189,5130378
-125.454,44.484,64.393,5130399
-125.394,44.722,63.804,5130420
-125.093,44.832,63.366,5130441
-124.674,44.785,63.024,5130462
-124.449,44.667,62.539,5130483
-123.979,44.801,62.237,5130504
-123.921,45.055,61.645,5130525
-123.638,44.972,61.203,5130546
-123.075,45.125,60.915,5130567
-122.684,45.053,60.490,5130588
-122.399,44.968,59.966,5130609
-122.318,45.183,59.262,5130630
-121.896,45.386,58.808,5130651
-121.496,45.205,58.307,5130672
-121.196,45.437,57.721,5130693
-120.716,45.588,57.239,5130714
-120.301,45.730,56.684,5130735
-120.011,45.493,56.007,5130756
-119.303,45.312,55.561,5130777
-119.230,44.969,55.595,5130798
-119.432,44.456,55.386,5130819
-119.551,43.875,55.175,5130840
-119.665,43.287,54.925,5130861
-119.932,42.831,54.536,5130882
-120.122,42.308,54.155,5130903
-120.063,42.185,53.917,5130924
-120.216,42.169,53.531,5130945
-120.116,42.100,53.271,5130966
-119.944,41.949,53.032,5130987
-119.755,41.808,52.778,5131008
-119.985,41.969,52.201,5131029
-120.068,42.025,52.121,5131050
-120.491,41.931,51.764,5131071
-120.845,41.853,51.447,5131092
-120.853,42.055,51.322,5131113
-121.002,42.383,51.090,5131134
-121.367,42.683,50.704,5131155
-121.657,42.728,50.349,5131176
-121.752,42.723,50.086,5131197
-121.952,42.919,49.966,5131218
-122.298,42.864,49.725,5131239
-122.409,43.178,49.656,5131260
-122.574,43.555,49.457,5131281
-122.483,43.625,49.448,5131302
-122.368,43.944,49.453,5131323
-122.421,44.381,49.316,5131344
-122.653,44.768,49.034,5131365
-122.541,44.778,49.004,5131386
-122.560,44.817,48.864,5131407
-122.283,45.095,48.930,5131428
-122.053,45.430,48.950,5131449
-122.139,45.733,48.711,5131470
-122.167,46.005,48.571,5131491
-122.087,45.883,48.485,5131512
-121.599,45.916,48.663,5131533
-121.273,46.042,48.802,5131554
-121.153,45.822,48.760,5131575
-120.987,45.578,48.730,5131596
-120.511,45.388,48.906,5131617
-120.017,45.214,49.072,5131638
-119.984,45.059,48.886,5131659
-119.695,45.120,48.833,5131680
-119.383,45.138,48.793,5131701
-118.896,44.908,48.881,5131722
-118.413,44.676,48.965,5131743
-118.362,44.647,48.731,5131764
-118.359,44.502,48.444,5131785
-117.977,44.144,48.466,5131806
-117.853,43.817,48.307,5131827
-117.564,43.835,48.285,5131848
-117.642,43.603,47.992,5131869
-117.761,43.420,47.683,5131890
-117.836,43.574,47.398,5131911
-117.721,43.729,47.263,5131932
-117.594,43.571,47.146,5131953
-117.663,43.811,46.945,5131974
-117.954,43.759,46.587,5131995
-117.874,43.704,46.480,5132016
-117.788,43.694,46.410,5132037
-118.010,43.625,46.201,5132058
-118.336,43.617,45.961,5132079
-118.696,43.647,45.729,5132100
-118.975,43.953,45.596,5132121
-119.358,44.010,45.375,5132142
-119.379,44.185,45.428,5132163
-119.555,44.383,45.380,5132184
-119.781,44.589,45.328,5132205
-119.953,44.328,45.282,5132226
-119.822,44.174,45.467,5132247
-119.903,43.953,45.470,5132268
-120.113,44.156,45.387,5132289
-120.290,43.983,45.359,5132310
-120.590,44.064,45.259,5132331
-120.506,44.266,45.413,5132352
-120.386,44.394,45.594,5132373
-120.526,44.617,45.610,5132394
-120.661,44.479,45.622,5132415
-120.463,44.323,45.881,5132436
-120.408,44.141,46.005,5132457
-120.196,44.209,46.261,5132478
-120.486,44.202,46.139,5132499
-120.496,44.463,46.215,5132520
-120.468,44.737,46.269,5132541
-120.226,44.896,46.476,5132562
-120.148,45.148,46.601,5132583
-119.971,45.338,46.785,5132604
-119.895,45.136,46.875,5132625
-119.547,44.997,47.126,5132646
-119.132,44.896,47.410,5132667
-119.086,44.731,47.469,5132688
-119.048,44.928,47.513,5132709
-119.009,45.140,47.539,5132730
-118.871,45.346,47.682,5132751
-118.367,45.238,48.047,5132772
-118.077,45.413,48.213,5132793
-117.722,45.532,48.406,5132814
-117.259,45.532,48.678,5132835
-117.053,45.270,48.742,5132856
-116.946,45.018,48.721,5132877
-116.734,44.700,48.758,5132898
-116.398,44.766,48.868,5132919
-116.357,44.489,48.764,5132940
-116.414,44.634,48.563,5132961
-116.123,44.513,48.656,5132982
-116.139,44.682,48.505,5133003
-116.303,44.485,48.230,5133024
-116.422,44.223,48.028,5133045
-116.782,44.189,47.717,5133066
-117.153,44.176,47.389,5133087
-117.063,44.130,47.410,5133108
-117.282,44.375,47.232,5133129
-117.699,44.320,46.901,5133150
-117.719,44.457,46.826,5133171
-117.916,44.738,46.620,5133192
-117.998,44.995,46.505,5133213
-118.334,44.996,46.210,5133234
-118.591,44.938,45.902,5133255
-118.426,45.009,45.868,5133276
-118.359,44.860,45.805,5133297
-118.619,44.841,45.477,5133318
-118.963,44.904,45.167,5133339
-119.279,45.113,44.826,5133360
-119.384,45.385,44.677,5133381
-119.263,45.487,44.734,5133402
-119.084,45.481,44.867,5133423
-119.391,45.422,44.628,5133444
-119.265,45.243,44.652,5133465
-119.166,45.337,44.687,5133486
-119.421,45.246,44.472,5133507
-119.261,45.009,44.549,5133528
-119.346,45.181,44.414,5133549
-119.481,45.362,44.221,5133570
-119.229,45.262,44.303,5133591
-119.042,45.322,44.292,5133612
-119.257,45.358,43.976,5133633
-119.377,45.181,43.719,5133654
-119.326,44.928,43.567,5133675
-119.094,44.719,43.515,5133696
-118.940,44.859,43.437,5133717
-119.079,44.773,43.102,5133738
-119.101,44.970,42.872,5133759
-118.896,45.093,42.818,5133780
-118.619,45.169,42.777,5133801
-118.295,45.149,42.747,5133822
-117.969,45.113,42.696,5133843
-118.135,45.151,42.280,5133864
-117.864,44.938,42.132,5133885
-117.605,44.738,41.995,5133906
-117.640,44.548,41.620,5133927
-117.699,44.394,41.231,5133948
-117.869,44.422,40.735,5133969
-117.849,44.691,40.333,5133990
-117.561,44.797,40.111,5134011
-117.709,44.982,39.544,5134032
-117.860,44.953,38.962,5134053
-117.619,45.132,38.626,5134074
-117.360,45.090,38.307,5134095
-117.143,45.209,37.952,5134116
-117.018,45.037,37.501,5134137
-116.808,45.043,37.064,5134158
-116.999,44.900,36.313,5134179
-117.190,45.093,35.558,5134200
-117.128,45.287,34.962,5134221
-117.284,45.547,34.200,5134242
-117.575,45.545,33.352,5134263
-117.792,45.487,32.554,5134284
-117.587,45.353,32.076,5134305
-117.493,45.604,31.491,5134326
-117.663,45.558,30.734,5134347
-117.824,45.546,29.976,5134368
-117.861,45.348,29.268,5134389
-117.504,45.197,28.842,5134410
-117.248,45.336,28.325,5134431
-116.876,45.358,27.861,5134452
-116.787,45.565,27.182,5134473
-116.690,45.337,26.523,5134494
-116.594,45.104,25.859,5134515
-116.468,45.338,25.187,5134536
-116.025,45.282,24.750,5134557
-115.821,45.095,24.149,5134578
-115.706,45.362,23.473,5134599
-115.784,45.505,22.640,5134620
-115.415,45.594,22.133,5134641
-115.154,45.799,21.547,5134662
-115.283,45.951,20.680,5134683
-115.098,45.776,20.021,5134704
-114.875,45.861,19.380,5134725
-114.619,45.825,18.779,5134746
-114.638,45.684,17.959,5134767
-114.897,45.753,16.996,5134788
-115.192,45.942,15.971,5134809
-114.987,46.084,15.284,5134830
-115.261,46.263,14.276,5134851
-115.547,46.202,13.255,5134872
-115.851,46.311,12.211,5134893
-115.837,46.080,11.399,5134914
-115.685,45.906,10.637,5134935
-115.648,45.609,9.812,5134956
-115.435,45.448,9.095,5134977
-115.649,45.554,8.045,5134998
-115.955,45.534,6.946,5135019
-116.222,45.638,5.857,5135040
-116.281,45.767,4.916,5135061
-116.244,45.814,4.034,5135082
-116.282,45.509,3.058,5135103
-116.220,45.208,2.140,5135124
-115.971,45.038,1.346,5135145
-115.742,44.780,0.482,5135166
-115.899,44.609,359.320,5135187
-116.050,44.375,358.151,5135208
-116.079,44.040,357.043,5135229
-116.268,43.899,355.805,5135250
-116.148,43.988,354.766,5135271
-116.089,44.084,353.673,5135292
-116.171,44.209,352.476,5135313
-116.066,43.955,351.392,5135334
-115.919,43.944,350.338,5135355
-116.178,43.830,349.001,5135376
-116.003,43.764,347.950,5135397
-116.182,43.580,346.672,5135418
-116.199,43.809,345.494,5135439
-116.440,43.749,344.178,5135460
-116.693,43.661,342.841,5135481
-116.945,43.551,341.503,5135502
-117.155,43.413,340.184,5135523
-117.054,43.319,339.076,5135544
-116.992,43.394,337.905,5135565
-116.995,43.573,336.675,5135586
-116.996,43.493,335.450,5135607
-117.303,43.362,334.007,5135628
-117.782,43.503,332.441,5135649
-118.242,43.650,330.885,5135670
-118.592,43.887,329.359,5135691
-118.682,44.129,328.045,5135712
-118.987,44.104,326.575,5135733
-118.794,44.100,325.460,5135754
-118.598,44.129,324.337,5135775
-118.394,44.185,323.184,5135796
-118.181,44.085,322.000,5135817
-118.390,44.029,320.534,5135838
-118.539,43.903,319.110,5135859
-118.696,44.077,317.681,5135880
-118.737,43.864,316.322,5135901
-118.584,43.658,315.118,5135922
-118.773,43.547,313.685,5135943
-118.572,43.607,312.486,5135964
-118.371,43.648,311.271,5135985
-118.068,43.528,310.151,5136006
-117.869,43.299,308.945,5136027
-117.911,43.526,307.564,5136048
-118.114,43.563,306.071,5136069
-118.349,43.639,304.582,5136090
-118.591,43.722,303.065,5136111
-118.860,43.835,301.556,5136132
-118.835,43.716,300.256,5136153
-118.754,43.961,298.981,5136174
-118.688,44.238,297.722,5136195
-118.867,44.566,296.305,5136216
-118.779,44.515,295.081,5136237
-119.154,44.609,293.571,5136258
-119.341,44.526,292.212,5136279
-119.180,44.618,291.108,5136300
-119.407,44.559,289.748,5136321
-119.669,44.599,288.381,5136342
-119.993,44.805,286.974,5136363
-119.852,44.932,285.933,5136384
-120.157,45.050,284.586,5136405
-119.904,44.998,283.647,5136426
-119.680,45.031,282.736,5136447
-119.540,45.127,281.747,5136468
-119.620,44.802,280.593,5136489
-119.833,44.624,279.351,5136510
-120.070,44.545,278.076,5136531
-120.206,44.234,276.866,5136552
-119.988,44.201,275.895,5136573
-119.708,44.047,274.946,5136594
-119.821,44.124,273.733,5136615
-119.530,44.080,272.752,5136636
-119.180,44.014,271.839,5136657
-119.230,43.920,270.611,5136678
-119.186,43.820,269.436,5136699
-118.750,43.754,268.505,5136720
-118.757,43.884,267.277,5136741
-118.620,43.843,266.147,5136762
-118.243,44.145,265.140,5136783
-117.970,44.486,264.075,5136804
-117.941,44.483,262.835,5136825
-117.651,44.723,261.752,5136846
-117.425,45.014,260.626,5136867
-117.673,45.296,259.142,5136888
-117.683,45.241,257.816,5136909
-117.879,45.610,256.336,5136930
-118.080,45.619,254.863,5136951
-118.347,45.694,253.314,5136972
-118.240,45.989,252.019,5136993
-118.406,46.340,250.510,5137014
-118.684,46.621,248.880,5137035
-118.548,46.765,247.548,5137056
-118.366,46.808,246.255,5137077
-118.393,46.587,244.790,5137098
-118.627,46.391,243.209,5137119
-118.826,46.489,241.643,5137140
-118.747,46.138,240.252,5137161
-118.804,45.749,238.731,5137182
-118.698,45.680,237.334,5137203
-119.045,45.500,235.599,5137224
-119.401,45.429,233.812,5137245
-119.324,45.333,232.318,5137266
-119.347,44.922,230.727,5137287
-119.601,44.628,228.957,5137308
-119.422,44.290,227.514,5137329
-119.549,44.057,225.856,5137350
-119.699,43.843,224.194,5137371
-119.483,43.920,222.794,5137392
-119.358,44.032,221.347,5137413
-119.268,44.154,219.859,5137434
-119.156,44.278,218.387,5137455
-118.817,44.220,217.039,5137476
-118.503,43.982,215.656,5137497
-118.190,43.747,214.289,5137518
-118.281,43.719,212.639,5137539
-118.368,43.909,210.994,5137560
-118.071,43.946,209.618,5137581
-117.814,44.035,208.187,5137602
-117.635,44.210,206.689,5137623
-117.827,44.509,204.939,5137644
-118.060,44.496,203.173,5137665
-118.004,44.438,201.615,5137686
-118.057,44.387,200.009,5137707
-117.838,44.447,198.604,5137728
-118.073,44.651,196.896,5137749
-118.301,44.923,195.187,5137770
-118.045,45.023,193.790,5137791
-117.891,45.346,192.297,5137812
-117.978,45.779,190.643,5137833
-117.986,45.769,189.078,5137854
-118.211,46.202,187.383,5137875
-118.615,46.520,185.566,5137896
-118.534,46.656,184.136,5137917
-118.587,46.575,182.595,5137938
-118.518,46.553,181.118,5137959
-118.883,46.445,179.332,5137980
-119.105,46.205,177.642,5138001
-119.272,46.343,175.981,5138022
-119.207,46.273,174.515,5138043
-119.519,46.293,172.764,5138064
-119.891,46.121,171.022,5138085
-119.818,45.786,169.620,5138106
-119.732,45.744,168.231,5138127
-119.741,45.406,166.797,5138148
-120.024,45.269,165.141,5138169
-119.872,44.928,163.805,5138190
-119.639,44.607,162.526,5138211
-119.417,44.653,161.221,5138232
-120.693,45.146,159.326,5138253
-121.907,45.667,157.454,5138274
-123.037,46.166,155.615,5138295
-124.021,46.662,153.868,5138316
-124.802,47.198,152.267,5138337
-125.592,47.411,150.651,5138358
-126.309,47.826,149.073,5138379
-126.508,47.891,147.902,5138400
-126.600,48.094,146.776,5138421
-126.743,48.059,145.574,5138442
-127.070,48.034,144.201,5138463
-127.167,47.925,142.974,5138484
-127.321,47.905,141.714,5138505
-127.137,48.093,140.659,5138526
-126.557,48.077,139.869,5138547
-125.836,48.031,139.166,5138568
-125.120,48.080,138.425,5138589
-124.238,47.960,137.813,5138610
-123.395,47.965,137.144,5138631
-122.884,48.078,136.200,5138652
-122.500,48.063,135.189,5138673
-121.789,47.764,134.383,5138694
-121.250,47.911,133.437,5138715
-120.492,47.913,132.662,5138736
-119.689,47.847,131.928,5138757
-119.441,47.901,130.761,5138778
-118.711,47.807,129.959,5138799
-118.161,47.601,129.016,5138820
-117.550,47.531,128.126,5138841
-117.523,47.533,126.822,5138862
-117.038,47.479,125.859,5138883
-116.792,47.326,124.699,5138904
-115.465,47.352,124.989,5138925
-114.268,47.423,125.189,5138946
-112.733,47.497,125.656,5138967
-111.489,47.698,125.924,5138988
-110.378,47.736,126.114,5139009
-109.456,47.785,126.191,5139030
-108.764,47.963,126.094,5139051
-108.532,48.339,125.633,5139072
-108.256,48.399,125.201,5139093
-108.405,48.397,124.438,5139114
-108.912,48.696,123.395,5139135
-109.015,48.999,122.673,5139156
-109.074,49.066,122.126,5139177
-108.698,49.183,121.971,5139198
-108.475,49.286,121.708,5139219
-108.465,49.169,121.284,5139240
-108.763,49.365,120.664,5139261
-109.453,49.253,119.712,5139282
-110.170,48.987,118.735,5139303
-111.068,48.738,117.612,5139324
-112.148,48.682,116.352,5139346
-113.270,48.553,115.027,5139367
-114.210,48.628,113.852,5139388
-114.767,48.419,113.057,5139409
-114.886,48.307,112.591,5139430
-115.142,48.304,112.015,5139451
-115.907,48.185,111.084,5139472
-116.377,47.843,110.372,5139493
-117.027,47.521,109.509,5139514
-117.920,47.334,108.455,5139535
-118.830,47.141,107.365,5139556
-119.202,46.962,106.689,5139577
-119.975,46.693,105.699,5139598
-120.652,46.383,104.780,5139619
-120.885,46.167,104.179,5139640
-121.343,46.219,103.436,5139661
-122.057,46.034,102.495,5139682
-122.307,45.908,101.927,5139703
-122.933,45.979,101.096,5139724
-123.592,45.705,100.274,5139745
-123.871,45.699,99.703,5139766
-124.074,45.439,99.201,5139787
-124.207,45.462,98.748,5139808
-124.375,45.242,98.281,5139829
-124.503,45.442,97.838,5139850
-124.912,45.578,97.200,5139871
-125.219,45.669,96.616,5139892
-125.477,45.755,96.068,5139913
-125.599,45.728,95.605,5139934
-125.731,45.796,95.123,5139955
-125.800,46.092,94.683,5139976
-125.443,46.229,94.527,5139997
-125.490,46.306,94.122,5140018
-125.363,46.701,93.818,5140039
-124.883,46.842,93.764,5140060
-124.753,46.835,93.466,5140081
-124.455,46.747,93.280,5140102
-124.149,46.659,93.077,5140123
-124.157,46.714,92.663,5140144
-123.760,46.915,92.500,5140165
-123.440,47.102,92.295,5140186
-123.001,47.155,92.136,5140207
-122.493,47.067,92.028,5140228
-122.085,46.775,91.837,5140249
-121.570,46.761,91.737,5140270
-121.549,46.723,91.284,5140291
-121.413,46.495,90.885,5140312
-121.169,46.191,90.559,5140333
-120.778,46.203,90.361,5140354
-120.870,46.057,89.822,5140375
-120.998,46.025,89.256,5140396
-120.895,46.102,88.819,5140417
-120.729,45.757,88.459,5140438
-120.487,45.705,88.142,5140459
-120.401,45.735,87.697,5140480
-120.694,45.791,87.027,5140501
-121.015,45.631,86.331,5140522
-121.133,45.361,85.801,5140543
-121.059,45.445,85.459,5140564
-121.465,45.469,84.775,5140585
-121.691,45.701,84.240,5140606
-121.666,45.845,83.880,5140627
-121.819,45.661,83.387,5140648
-121.861,45.812,82.978,5140669
-121.982,45.998,82.509,5140690
-122.351,45.919,81.859,5140711
-122.714,45.788,81.210,5140732
-122.608,45.695,80.933,5140753
-122.621,45.446,80.556,5140774
-123.038,45.523,79.916,5140795
-123.429,45.616,79.274,5140816
-123.481,45.787,78.875,5140837
-123.258,45.677,78.665,5140858
-123.270,45.883,78.293,5140879
-122.955,45.907,78.112,5140900
-122.999,45.727,77.657,5140921
-123.060,45.556,77.181,5140942
-122.911,45.262,76.831,5140963
-122.568,45.009,76.595,5140984
-122.559,45.166,76.122,5141005
-122.293,45.326,75.829,5141026
-122.762,45.048,75.979,5141047
-122.803,44.989,76.391,5141068
-122.766,44.676,76.792,5141089
-123.107,44.589,76.871,5141110
-123.399,44.134,76.941,5141131
-123.672,43.694,77.002,5141152
-123.983,43.304,76.969,5141173
-124.168,42.930,77.002,5141194
-124.075,42.983,76.923,5141215
-123.584,43.201,77.089,5141236
-123.146,43.496,77.192,5141257
-122.626,43.730,77.317,5141278
-122.065,43.918,77.492,5141299
-121.708,44.269,77.483,5141320
-121.324,44.197,77.496,5141341
-120.996,44.149,77.451,5141362
-120.618,44.274,77.782,5141383
-120.449,44.129,77.935,5141404
-120.145,44.008,78.163,5141425
-119.695,44.033,78.471,5141446
-119.304,44.242,78.741,5141467
-118.952,44.520,78.976,5141488
-118.709,44.817,79.143,5141509
-118.730,45.076,79.088,5141530
-118.703,45.049,79.064,5141551
-118.654,45.002,79.054,5141572
-118.564,45.335,79.055,5141593
-118.356,45.603,79.108,5141614
-118.538,45.784,78.897,5141635
-118.265,45.748,79.015,5141656
-118.080,45.853,79.050,5141677
-117.909,45.907,79.067,5141698
-118.064,46.133,78.838,5141719
-118.389,46.225,78.490,5141740
-118.557,46.015,78.241,5141761
-118.373,46.000,78.224,5141782
-118.486,45.775,77.993,5141803
-118.786,45.654,77.621,5141824
-119.118,45.632,77.213,5141845
-118.970,45.559,77.165,5141866
-119.078,45.712,76.917,5141887
-119.015,45.541,76.794,5141908
-119.123,45.716,76.563,5141929
-119.426,45.571,76.174,5141950
-119.517,45.347,75.949,5141971
-119.391,45.222,75.872,5141992
-119.507,44.992,75.610,5142013
-119.764,44.868,75.241,5142034
-120.050,44.917,74.865,5142055
-120.022,45.135,74.696,5142076
-119.900,45.363,74.601,5142097
-119.878,45.628,74.427,5142118
-119.622,45.814,74.408,5142139
-119.665,45.728,74.157,5142160
-119.660,45.605,73.960,5142181
-119.375,45.484,73.946,5142202
-118.980,45.538,74.040,5142223
-118.774,45.347,74.038,5142244
-118.867,45.354,73.808,5142265
-118.646,45.583,73.811,5142286
-118.354,45.782,73.868,5142307
-117.985,45.945,73.996,5142328
-117.919,46.166,73.900,5142349
-117.931,46.074,73.724,5142370
-117.597,45.872,73.803,5142391
-117.655,45.840,73.596,5142412
-117.769,45.805,73.359,5142433
-117.882,46.012,73.077,5142454
-117.929,46.282,72.874,5142475
-117.888,46.104,72.741,5142496
-117.702,46.273,72.715,5142517
-117.545,46.429,72.697,5142538
-117.437,46.608,72.652,5142559
-117.324,46.733,72.667,5142580
-117.379,46.520,72.526,5142601
-117.326,46.393,72.465,5142622
-117.636,46.239,72.127,5142643
-117.849,46.091,71.897,5142664
-117.822,46.274,71.836,5142685
-117.951,46.065,71.615,5142706
-117.869,46.168,71.574,5142727
-117.994,46.387,71.343,5142748
-118.215,46.567,71.010,5142769
-118.519,46.383,70.656,5142790
-118.878,46.269,70.233,5142811
-118.953,46.431,70.027,5142832
-119.027,46.142,69.819,5142853
-119.027,45.843,69.627,5142874
-119.058,45.977,69.417,5142895
-119.317,46.028,69.035,5142916
-119.086,45.965,68.999,5142937
-118.883,45.971,68.945,5142958
-119.106,45.941,68.578,5142979
-119.163,45.714,68.332,5143000
-119.014,45.449,68.235,5143021
-119.139,45.293,67.942,5143042
-119.334,45.224,67.591,5143063
-119.530,45.361,67.238,5143084
-119.564,45.568,66.966,5143105
-119.309,45.649,66.916,5143126
-119.177,45.822,66.728,5143147
-119.038,46.003,66.548,5143168
-118.749,46.075,66.466,5143189
-118.447,45.936,66.363,5143210
-118.273,45.716,66.169,5143231
-117.885,45.632,66.114,5143252
-117.738,45.418,65.873,5143273
-117.804,45.336,65.411,5143294
-117.475,45.446,65.210,5143315
-117.615,45.402,64.679,5143336
-117.615,45.633,64.241,5143357
-117.428,45.809,63.940,5143378
-117.589,45.764,63.394,5143399
-117.815,45.956,62.767,5143420
-117.532,45.999,62.507,5143441
-117.306,45.918,62.188,5143462
-117.088,45.814,61.852,5143483
-117.321,46.018,61.183,5143504
-117.301,46.242,60.696,5143525
-117.206,46.449,60.258,5143546
-117.132,46.654,59.760,5143567
-117.295,46.509,59.082,5143588
-117.389,46.314,58.465,5143609
-117.472,46.099,57.821,5143630
-117.226,45.846,57.408,5143651
-117.247,45.580,56.783,5143672
-117.430,45.435,56.058,5143693
-117.649,45.377,55.256,5143714
-117.875,45.411,54.449,5143735
-117.829,45.485,53.851,5143756
-117.656,45.485,53.306,5143777
-117.481,45.433,52.750,5143798
-117.284,45.223,52.190,5143819
-117.479,44.935,51.328,5143840
-117.272,44.779,50.713,5143861
-117.079,44.670,50.104,5143882
-117.282,44.460,49.207,5143903
-117.121,44.262,48.543,5143924
-116.956,44.203,47.863,5143945
-117.269,44.382,46.829,5143966
-117.621,44.439,45.769,5143987
-117.493,44.386,45.048,5144008
-117.558,44.624,44.190,5144029
-117.593,44.850,43.341,5144050
-117.893,44.818,42.250,5144071
-117.754,44.738,41.469,5144092
-117.891,44.604,40.466,5144113
-118.217,44.674,39.302,5144134
-118.561,44.850,38.133,5144155
-118.952,44.932,36.919,5144176
-118.915,45.121,36.015,5144197
-118.795,45.089,35.139,5144218
-118.973,45.015,34.004,5144239
-119.015,44.902,32.982,5144260
-119.094,44.769,31.926,5144281
-118.844,44.893,31.106,5144302
-118.704,44.603,30.197,5144323
-118.757,44.489,29.151,5144344
-118.778,44.498,28.136,5144365
-118.430,44.559,27.411,5144386
-118.245,44.737,26.554,5144407
-117.908,44.902,25.778,5144428
-117.539,44.724,25.016,5144449
-117.139,44.866,24.231,5144470
-116.691,44.709,23.420,5144491
-116.637,44.577,22.357,5144512
-116.527,44.373,21.321,5144533
-116.486,44.151,20.238,5144554
-116.401,44.296,19.197,5144575
-116.251,44.430,18.190,5144596
-116.172,44.547,17.144,5144617
-115.888,44.612,16.230,5144638
-115.857,44.391,15.159,5144659
-115.508,44.328,14.304,5144680
-115.229,44.455,13.387,5144701
-115.005,44.296,12.435,5144722
-114.830,44.145,11.455,5144743
-115.043,44.084,10.235,5144764
-115.363,44.096,8.933,5144785
-115.755,44.211,7.604,5144806
-116.139,44.259,6.280,5144827
-116.470,44.234,4.984,5144848
-116.771,44.237,3.730,5144869
-116.672,44.309,2.789,5144890
-116.627,44.603,1.819,5144911
-116.721,44.961,0.740,5144932
-117.002,44.963,359.586,5144953
-116.974,45.173,358.654,5144974
-116.914,45.212,357.740,5144995
-117.066,45.122,356.674,5145016
-117.463,45.444,355.439,5145037
-117.939,45.756,354.155,5145058
-118.549,45.734,352.785,5145079
-118.996,45.568,351.502,5145100
-119.104,45.564,350.503,5145121
-119.502,45.334,349.223,5145142
-119.967,45.134,347.925,5145163
-120.436,45.304,346.608,5145184
-121.083,45.271,345.166,5145205
-121.527,45.046,343.852,5145226
-121.827,45.215,342.673,5145247
-122.301,45.363,341.361,5145268
-122.255,45.272,340.451,5145289
-122.126,45.288,339.579,5145310
-121.947,45.307,338.739,5145331
-121.675,45.111,337.990,5145352
-121.800,44.971,336.962,5145373
-121.869,44.753,335.996,5145394
-121.907,44.464,335.090,5145415
-121.919,44.155,334.232,5145436
-121.598,43.764,333.623,5145457
-121.667,43.442,332.766,5145478
-121.728,43.139,331.927,5145499
-121.376,42.964,331.377,5145520
-120.948,42.684,330.873,5145541
-120.711,42.215,330.270,5145562
-120.719,41.964,329.483,5145583
-120.285,41.812,328.972,5145604
-120.204,41.430,328.235,5145625
-119.898,41.424,327.630,5145646
-119.832,41.092,326.871,5145667
-119.760,40.800,326.102,5145688
-119.515,40.384,325.445,5145709
-119.079,40.337,324.931,5145730
-118.555,40.231,324.505,5145751
-118.010,40.036,324.063,5145772
-117.939,40.069,323.316,5145793
-117.871,40.218,322.575,5145814
-117.880,40.318,321.765,5145835
-117.670,40.603,321.134,5145856
-117.401,40.825,320.497,5145877
-117.507,40.934,319.619,5145898
-117.583,41.273,318.796,5145919
-117.390,41.544,318.124,5145940
-117.157,41.659,317.463,5145961
-116.926,41.847,316.785,5145982
-117.123,42.000,315.831,5146003
-117.348,42.181,314.845,5146024
-117.582,42.387,313.851,5146045
-117.782,42.609,312.882,5146066
-118.044,42.999,311.878,5146087
-118.163,43.215,310.966,5146108
-118.389,43.592,309.962,5146129
-118.178,44.092,309.240,5146150
-118.110,44.693,308.438,5146171
-117.868,45.179,307.722,5146192
-117.636,45.503,306.995,5146213
-117.765,45.710,306.012,5146234
-117.628,46.154,305.206,5146255
-117.938,46.477,304.043,5146276
-118.181,46.864,302.882,5146297
-115.567,47.076,304.435,5146318
-112.887,47.273,306.049,5146339
-110.320,47.596,307.581,5146360
-107.877,47.800,309.032,5146381
-105.543,47.873,310.379,5146402
-103.382,47.870,311.533,5146423
-101.390,47.889,312.504,5146444
-99.556,47.903,313.342,5146465
-97.840,47.861,314.040,5146486
-96.675,47.895,314.320,5146507
-95.762,47.615,314.449,5146528
-94.606,47.392,314.755,5146549
-93.688,47.379,314.867,5146570
-92.952,47.381,314.823,5146591
-92.357,47.307,314.647,5146612
-92.384,47.125,313.988,5146633
-92.560,46.958,313.188,5146654
-92.579,46.776,312.491,5146675
-92.807,46.987,311.589,5146696
-93.541,47.067,310.294,5146717
-94.342,46.989,308.957,5146738
-94.808,47.042,307.861,5146759
-95.454,47.294,306.648,5146780
-96.575,47.433,305.104,5146801
-97.353,47.428,303.808,5146822
-98.232,47.388,302.410,5146843
-98.042,47.606,301.780,5146864
-97.570,47.938,301.357,5146885
-97.458,48.402,300.649,5146906
-97.562,48.848,299.793,5146927
-97.840,48.921,298.783,5146948
-97.799,49.150,298.008,5146969
-98.273,49.485,296.813,5146990
-98.275,49.547,295.947,5147011
-97.486,49.703,295.769,5147032
-96.577,49.810,295.952,5147053
-96.325,49.930,296.105,5147074
-95.819,49.851,296.376,5147095
-95.462,49.903,296.488,5147116
-95.679,49.737,296.379,5147137
-95.691,49.414,296.342,5147158
-95.636,49.314,296.265,5147179
-96.118,49.288,295.833,5147200
-96.211,49.012,295.635,5147221
-96.430,49.024,295.262,5147242
-96.975,48.644,294.723,5147263
-97.780,48.446,294.004,5147284
-98.558,48.278,293.449,5147305
-99.338,48.065,292.854,5147326
-100.098,47.850,292.300,5147347
-100.316,47.780,292.153,5147368
-100.548,47.699,291.952,5147389
-100.723,47.671,291.795,5147410
-100.807,47.428,291.670,5147431
-100.781,47.245,291.616,5147452
-100.825,47.283,291.508,5147473
-101.042,46.992,291.246,5147494
-101.257,46.921,290.948,5147515
-101.470,46.814,290.616,5147536
-101.609,46.646,290.340,5147557
-101.331,46.643,290.358,5147578
-101.266,46.769,290.203,5147599
-101.475,46.812,289.826,5147620
-101.621,46.592,289.493,5147641
-101.413,46.524,289.434,5147662
-101.661,46.435,289.080,5147683
-101.952,46.400,288.656,5147704
-101.837,46.579,288.560,5147725
-102.123,46.503,288.231,5147746
-102.409,46.450,287.944,5147767
-102.332,46.560,287.949,5147788
-102.323,46.744,287.935,5147809
-102.380,46.991,287.888,5147830
-102.581,47.276,287.700,5147851
-102.652,47.361,287.559,5147872
-103.274,47.371,286.971,5147893
-103.944,47.373,286.297,5147914
-104.654,47.348,285.587,5147935
-105.437,47.279,284.807,5147956
-106.204,47.226,284.126,5147977
-106.474,47.234,283.821,5147998
-106.901,47.457,283.426,5148019
-107.396,47.626,282.955,5148040
-107.448,47.538,282.789,5148061
-107.447,47.376,282.633,5148082
-107.828,47.138,282.176,5148103
-108.213,46.955,281.684,5148124
-108.583,46.719,281.160,5148145
-108.989,46.465,280.591,5148166
-109.346,46.072,280.055,5148187
-109.363,45.850,279.744,5148208
-109.554,45.767,279.281,5148229
-110.103,45.543,278.531,5148250
-110.249,45.361,278.051,5148271
-110.432,45.204,277.547,5148292
-110.677,44.748,276.958,5148313
-111.300,44.517,276.127,5148334
-111.901,44.219,275.315,5148355
-112.496,43.923,274.511,5148376
-113.055,43.523,273.741,5148397
-113.255,43.353,273.202,5148418
-113.746,43.401,272.471,5148439
-114.443,43.362,271.626,5148460
-114.920,43.005,270.938,5148481
-115.502,42.699,270.164,5148502
-116.276,42.504,269.245,5148523
-117.079,42.454,268.320,5148544
-117.799,42.240,267.420,5148565
-118.490,42.026,266.520,5148586
-118.863,42.077,265.831,5148607
-119.309,42.226,265.071,5148628
-120.112,42.343,264.100,5148649
-120.725,42.625,263.218,5148670
-121.038,42.813,262.543,5148691
-121.375,42.707,261.867,5148712
-121.609,42.926,261.231,5148733
-122.225,43.129,260.365,5148754
-122.665,43.194,259.611,5148775
-122.982,43.227,258.936,5148796
-122.905,43.527,258.504,5148817
-123.036,43.988,257.912,5148838
-123.217,44.172,257.270,5148859
-122.920,44.514,256.949,5148880
-122.660,44.898,256.599,5148901
-122.526,44.923,256.139,5148922
-122.432,45.067,255.663,5148943
-122.383,45.195,255.123,5148964
-121.901,45.125,254.881,5148985
-121.527,44.986,254.552,5149006
-121.068,45.223,254.271,5149027
-120.539,45.406,254.021,5149048
-120.125,45.662,253.692,5149069
-119.507,45.823,253.503,5149090
-118.839,45.926,253.359,5149111
-118.176,45.772,253.202,5149132
-117.473,45.749,253.026,5149153
-117.147,45.543,252.594,5149174
-116.876,45.340,252.081,5149195
-116.265,45.258,251.787,5149216
-115.800,45.287,251.413,5149237
-115.752,45.255,250.714,5149258
-115.289,44.974,250.338,5149279
-115.017,45.027,249.811,5149300
-114.720,45.064,249.307,5149321
-114.466,44.734,248.794,5149342
-114.596,44.712,247.969,5149363
-114.733,44.582,247.152,5149384
-114.843,44.377,246.358,5149405
-114.964,44.166,245.521,5149426
-114.994,44.368,244.721,5149447
-114.907,44.481,244.030,5149468
-114.864,44.638,243.282,5149489
-115.066,44.859,242.364,5149510
-114.915,44.895,241.693,5149531
-114.760,44.873,241.019,5149552
-114.694,44.708,240.295,5149573
-114.993,44.749,239.313,5149594
-115.157,44.624,238.408,5149615
-115.368,44.554,237.473,5149636
-115.597,44.787,236.503,5149657
-115.758,45.082,235.551,5149678
-115.875,44.940,234.657,5149699
-115.803,45.094,233.892,5149720
-115.701,45.163,233.167,5149741
-115.705,45.132,232.363,5149762
-115.917,45.082,231.440,5149783
-116.201,45.422,230.451,5149804
-116.122,45.372,229.705,5149825
-116.381,45.694,228.698,5149846
-116.556,45.986,227.745,5149867
-116.748,45.908,226.745,5149888
-116.933,45.862,225.731,5149910
-116.765,46.042,224.985,5149931
-116.533,45.884,224.297,5149952
-116.623,46.065,223.365,5149973
-116.360,45.825,222.703,5149994
-116.062,45.595,222.063,5150015
-116.094,45.748,221.157,5150036
-115.776,45.835,220.462,5150057
-115.815,45.695,219.512,5150078
-115.390,45.613,218.900,5150099
-115.204,45.318,218.112,5150120
-114.758,45.278,217.530,5150141
-114.617,45.013,216.742,5150162
-114.450,44.736,215.992,5150183
-114.439,44.708,215.171,5150204
-114.017,44.758,214.611,5150225
-113.781,44.490,213.914,5150246
-113.645,44.668,213.136,5150267
-113.203,44.573,212.549,5150288
-113.215,44.697,211.674,5150309
-113.083,44.869,210.890,5150330
-113.316,44.790,209.827,5150351
-113.148,44.772,209.035,5150372
-113.448,44.835,207.924,5150393
-113.568,44.589,206.951,5150414
-113.480,44.593,206.117,5150435
-113.484,44.413,205.226,5150456
-113.836,44.532,204.083,5150477
-114.221,44.687,202.885,5150498
-114.290,44.875,201.895,5150519
-114.666,44.827,200.706,5150540
-114.601,44.844,199.831,5150561
-114.562,44.708,198.928,5150582
-115.000,44.585,197.678,5150603
-115.326,44.392,196.535,5150624
-115.388,44.276,195.531,5150645
-115.927,44.319,194.209,5150666
-116.428,44.526,192.897,5150687
-116.861,44.751,191.604,5150708
-116.976,45.005,190.505,5150729
-116.884,45.033,189.554,5150750
-116.747,45.052,188.608,5150771
-116.579,45.154,187.718,5150792
-116.805,45.143,186.500,5150813
-116.603,45.266,185.603,5150834
-116.738,45.599,184.453,5150855
-117.001,45.794,183.231,5150876
-117.155,45.702,182.083,5150897
-117.450,45.761,180.808,5150918
-117.605,45.657,179.608,5150939
-117.866,45.618,178.343,5150960
-117.671,45.516,177.379,5150981
-117.426,45.390,176.449,5151002
-117.257,45.536,175.430,5151023
-116.959,45.445,174.541,5151044
-116.983,45.622,173.428,5151065
-116.921,45.836,172.374,5151086
-117.042,45.848,171.202,5151107
-117.147,45.961,170.074,5151128
-116.848,46.033,169.217,5151149
-116.609,46.132,168.334,5151170
-116.393,45.921,167.411,5151191
-116.210,45.664,166.463,5151212
-116.179,45.422,165.384,5151233
-116.036,45.142,164.365,5151254
-116.051,45.310,163.234,5151275
-116.134,45.178,162.052,5151296
-115.765,45.145,161.231,5151317
-115.831,45.352,160.091,5151338
-115.576,45.481,159.186,5151359
-115.304,45.594,158.301,5151380
-115.058,45.660,157.368,5151401
-115.914,45.820,155.289,5151422
-116.778,46.035,153.170,5151443
-117.438,46.031,151.199,5151464
-118.184,46.400,149.148,5151485
-118.990,46.688,147.040,5151506
-119.509,46.693,145.139,5151527
-119.899,46.714,143.322,5151548
-120.549,47.197,141.304,5151569
-120.807,47.518,139.554,5151590
-121.013,47.836,137.847,5151611
-120.976,47.913,136.431,5151632
-119.069,48.206,137.269,5151653
-117.270,48.563,138.035,5151674
-115.859,49.045,138.505,5151695
-114.673,49.146,138.788,5151716
-113.517,49.176,139.056,5151737
-112.650,49.277,139.109,5151758
-112.078,49.559,138.926,5151779
-111.221,49.829,138.962,5151800
-110.545,50.042,138.864,5151821
-110.058,50.226,138.619,5151842
-109.724,50.401,138.238,5151863
-109.625,50.639,137.636,5151884
-110.127,50.773,136.581,5151905
-110.688,50.724,135.465,5151926
-110.872,50.775,134.613,5151947
-111.519,50.989,133.402,5151968
-112.441,50.923,131.982,5151989
-113.056,51.009,130.803,5152010
-113.607,50.761,129.689,5152031
-114.264,50.591,128.498,5152052
-114.991,50.399,127.265,5152073
-116.227,50.257,125.657,5152094
-117.436,49.854,124.076,5152115
-118.613,49.394,122.496,5152136
-119.476,48.806,121.164,5152157
-120.528,48.315,119.693,5152178
-120.474,48.095,119.087,5152199
-120.846,47.666,118.137,5152220
-121.264,47.330,117.137,5152241
-121.153,46.928,116.540,5152262
-121.110,46.693,115.894,5152283
-121.220,46.559,115.155,5152304
-121.557,46.175,114.235,5152325
-121.653,45.691,113.478,5152346
-121.693,45.240,112.766,5152367
-121.919,45.000,111.918,5152388
-121.925,45.089,111.197,5152409
-121.800,44.761,110.573,5152430
-121.927,44.912,109.775,5152451
-121.700,44.910,109.229,5152472
-121.551,45.039,108.633,5152493
-121.550,45.269,107.922,5152514
-121.763,45.169,107.095,5152535
-121.981,45.078,106.260,5152556
-122.047,44.962,105.562,5152577
-122.393,45.252,104.668,5152598
-122.844,45.443,103.713,5152619
-122.890,45.708,103.041,5152640
-122.927,45.936,102.396,5152661
-122.865,46.106,101.787,5152682
-122.936,46.429,101.075,5152703
-123.254,46.523,100.172,5152724
-123.418,46.427,99.397,5152745
-123.743,46.455,98.500,5152766
-123.785,46.246,97.811,5152787
-124.173,46.376,96.855,5152808
-124.131,46.480,96.224,5152829
-123.973,46.515,95.682,5152850
-124.103,46.329,94.873,5152871
-123.765,46.276,94.426,5152892
-123.849,46.379,93.646,5152913
-123.700,46.157,93.039,5152934
-123.384,45.892,92.545,5152955
-122.891,45.662,92.146,5152976
-122.362,45.442,91.798,5152997
-121.977,45.486,91.333,5153018
-121.586,45.501,90.830,5153039
-121.367,45.536,90.178,5153060
-120.995,45.135,89.591,5153081
-120.571,45.034,89.020,5153102
-120.451,45.049,88.241,5153123
-120.493,44.925,87.341,5153144
-120.399,44.652,86.522,5153165
-120.303,44.421,85.730,5153186
-120.236,44.239,84.901,5153207
-119.995,44.033,84.183,5153228
-119.853,43.879,83.370,5153249
-119.395,43.829,82.801,5153270
-119.154,44.083,82.070,5153291
-118.898,44.268,81.340,5153312
-118.962,44.532,80.407,5153333
-118.653,44.473,79.729,5153354
-118.783,44.476,78.705,5153375
-118.900,44.467,77.705,5153396
-119.019,44.431,76.686,5153417
-119.239,44.673,75.600,5153438
-119.416,44.946,74.541,5153459
-119.309,45.179,73.656,5153480
-119.239,45.428,72.763,5153501
-119.464,45.707,71.644,5153522
-119.471,45.536,70.713,5153543
-119.686,45.471,69.617,5153564
-119.485,45.564,68.790,5153585
-119.305,45.410,67.948,5153606
-119.175,45.197,67.064,5153627
-119.308,45.400,66.025,5153648
-119.357,45.601,65.001,5153669
-119.123,45.616,64.193,5153690
-119.335,45.248,63.126,5153711
-119.211,45.220,62.324,5153732
-119.239,44.831,61.386,5153753
-119.250,44.470,60.499,5153774
-118.969,44.277,59.798,5153795
-118.943,43.949,58.933,5153816
-119.086,44.005,57.946,5153837
-119.178,44.097,56.995,5153858
-119.330,43.996,56.013,5153879
-119.028,44.036,55.322,5153900
-119.015,44.209,54.428,5153921
-118.714,44.311,53.750,5153942
-118.799,44.274,52.800,5153963
-118.454,44.189,52.163,5153984
-118.099,44.211,51.523,5154005
-117.822,44.154,50.804,5154026
-117.897,44.509,49.869,5154047
-118.018,44.631,48.878,5154068
-117.733,44.870,48.177,5154089
-117.448,45.116,47.462,5154110
-117.267,45.446,46.679,5154131
-117.114,45.804,45.867,5154152
-117.161,45.772,44.878,5154173
-116.822,45.854,44.182,5154194
-116.478,45.881,43.505,5154215
-116.381,45.731,42.638,5154236
-116.426,45.594,41.654,5154257
-116.658,45.813,40.541,5154278
-116.907,46.007,39.402,5154299
-116.819,46.087,38.475,5154320
-116.947,46.281,37.361,5154341
-117.368,46.308,36.055,5154362
-117.578,46.029,34.878,5154383
-117.509,45.841,33.876,5154404
-117.827,45.627,32.588,5154425
-117.852,45.272,31.527,5154446
-117.852,44.948,30.453,5154467
-118.197,44.737,29.163,5154488
-118.551,44.750,27.850,5154509
-118.864,44.496,26.548,5154530
-118.971,44.534,25.387,5154551
-119.393,44.366,23.995,5154572
-119.427,44.003,22.878,5154593
-119.404,43.875,21.774,5154614
-119.371,43.603,20.698,5154635
-119.415,43.254,19.571,5154656
-119.881,43.069,18.113,5154677
-120.432,43.463,17.663,5154698
-120.908,43.717,17.245,5154719
-121.785,43.994,16.510,5154740
-122.521,44.387,15.850,5154761
-123.228,44.420,15.190,5154782
-123.492,44.230,14.786,5154803
-123.563,44.227,14.518,5154824
-123.766,43.892,14.124,5154845
-123.906,43.926,13.768,5154866
-124.111,43.874,13.352,5154887
-124.095,43.834,13.073,5154908
-123.958,43.753,12.880,5154929
-124.214,43.918,12.731,5154950
-124.445,44.048,12.589,5154971
-124.695,43.798,12.424,5154992
-124.583,43.427,12.501,5155013
-124.319,43.293,12.670,5155034
-124.020,42.864,12.848,5155055
-123.691,42.359,13.034,5155076
-123.619,41.999,13.021,5155097
-123.468,41.580,13.085,5155118
-123.093,41.402,13.294,5155139
-122.747,40.835,13.483,5155160
-122.226,40.618,13.786,5155181
-121.690,39.973,14.095,5155202
-120.980,39.606,14.519,5155223
-120.346,39.332,14.859,5155244
-119.812,39.123,15.132,5155265
-119.250,38.695,15.412,5155286
-119.188,38.520,15.396,5155307
-119.014,38.542,15.458,5155328
-118.762,38.641,15.554,5155349
-118.619,38.810,15.582,5155370
-118.684,38.722,15.508,5155391
-118.736,38.641,15.432,5155412
-118.447,38.692,15.572,5155433
-118.207,38.738,15.690,5155454
-118.112,38.722,15.723,5155475
-118.338,38.943,15.541,5155496
-118.568,39.300,15.321,5155517
-118.832,39.639,15.041,5155538
-118.921,40.164,14.850,5155559
-118.857,40.637,14.746,5155580
-119.151,40.965,14.367,5155601
-119.056,41.408,14.236,5155622
-118.931,41.745,14.101,5155643
-118.817,41.970,13.952,5155664
-118.922,41.986,13.662,5155685
-118.879,42.312,13.452,5155706
-118.802,42.565,13.279,5155727
-119.132,42.695,12.786,5155748
-119.416,43.119,12.310,5155769
-119.714,43.532,11.785,5155790
-119.888,43.610,11.331,5155811
-119.921,43.647,10.960,5155832
-119.719,43.888,10.726,5155853
-119.491,44.133,10.516,5155874
-119.716,44.170,10.006,5155895
-119.925,44.330,9.509,5155916
-120.126,44.268,9.001,5155937
-120.258,44.334,8.584,5155958
-120.180,44.382,8.298,5155979
-120.073,44.394,8.045,5156000
-120.081,43.979,7.716,5156021
-119.720,43.740,7.654,5156042
-119.380,43.303,7.602,5156063
-119.001,42.994,7.538,5156084
-118.585,42.616,7.468,5156105
-118.287,42.130,7.320,5156126
-118.274,41.700,6.939,5156147
-118.054,41.620,6.707,5156168
-117.941,41.575,6.358,5156189
-117.885,41.574,5.955,5156210
-118.027,41.252,5.421,5156231
-117.820,41.135,5.136,5156252
-117.816,40.759,4.710,5156273
-117.638,40.528,4.388,5156294
-117.927,40.390,3.751,5156315
-118.253,40.319,3.098,5156336
-118.553,40.305,2.458,5156357
-118.520,40.447,2.018,5156378
-118.908,40.537,1.312,5156399
-119.293,40.706,0.616,5156420
-119.503,40.571,0.008,5156441
-119.393,40.607,359.611,5156462
-119.341,40.675,359.164,5156483
-119.306,40.494,358.701,5156504
-119.226,40.384,358.253,5156525
-119.302,40.548,357.689,5156546
-119.659,40.610,356.931,5156567
-119.924,40.452,356.261,5156588
-120.147,40.570,355.605,5156609
-120.467,40.518,354.909,5156630
-120.481,40.274,354.396,5156651
-120.649,40.504,353.768,5156672
-120.535,40.539,353.339,5156693
-120.439,40.659,352.918,5156714
-120.632,40.602,352.297,5156735
-120.475,40.753,351.935,5156756
-120.580,41.162,351.393,5156777
-120.790,41.494,350.784,5156798
-120.568,41.787,350.487,5156819
-120.655,41.936,349.987,5156840
-120.541,42.295,349.617,5156861
-120.172,42.584,349.421,5156882
-120.100,42.907,349.017,5156903
-119.980,42.872,348.664,5156924
-119.954,42.958,348.253,5156945
-119.729,42.835,347.979,5156966
-119.621,42.797,347.628,5156987
-119.059,42.715,347.606,5157008
-118.601,42.485,347.470,5157029
-118.247,42.162,347.312,5157050
-117.791,42.099,347.221,5157071
-117.377,42.056,347.129,5157092
-116.966,41.879,347.010,5157113
-116.928,41.600,346.611,5157134
-116.656,41.660,346.376,5157155
-116.724,41.708,345.906,5157176
-116.838,41.547,345.380,5157197
-116.764,41.702,344.973,5157218
-116.885,41.586,344.401,5157239
-116.823,41.340,343.919,5157260
-116.639,41.478,343.503,5157281
-116.474,41.663,343.059,5157302
-116.607,41.886,342.414,5157323
-116.767,41.791,341.743,5157344
-116.583,41.746,341.284,5157365
-116.811,42.024,340.551,5157386
-117.018,42.341,339.804,5157407
-116.918,42.455,339.249,5157428
-116.879,42.760,338.610,5157449
-116.809,42.845,337.962,5157470
-117.184,43.058,337.016,5157491
-117.129,43.357,336.334,5157512
-117.469,43.530,335.407,5157533
-117.409,43.888,334.715,5157554
-117.827,44.121,333.700,5157575
-118.298,44.459,332.643,5157596
-118.763,44.652,331.604,5157617
-118.847,44.994,330.798,5157638
-119.205,45.003,329.830,5157659
-119.409,45.300,328.988,5157680
-119.605,45.379,328.132,5157701
-119.847,45.568,327.274,5157722
-120.087,45.669,326.396,5157743
-120.332,45.823,325.517,5157764
-120.413,45.815,324.725,5157785
-120.863,45.693,323.687,5157806
-121.223,45.654,322.686,5157827
-121.489,45.604,321.755,5157848
-121.634,45.335,320.933,5157869
-121.745,45.071,320.108,5157890
-121.872,44.911,319.275,5157911
-121.837,44.538,318.545,5157932
-121.419,44.177,318.090,5157953
-120.937,43.859,317.662,5157974
-120.914,43.816,316.914,5157995
-120.751,43.410,316.257,5158016
-120.182,43.083,315.889,5158037
-119.574,42.845,315.542,5158058
-118.972,42.587,315.195,5158079
-118.830,42.406,314.539,5158100
-118.265,42.396,314.163,5158121
-118.157,42.449,313.453,5158142
-117.757,42.618,312.954,5158163
-117.564,42.472,312.282,5158184
-117.596,42.516,311.499,5158205
-117.658,42.513,310.702,5158226
-117.679,42.481,309.959,5158247
-117.556,42.826,309.291,5158268
-117.690,42.855,308.463,5158289
-117.631,43.229,307.708,5158310
-117.602,43.584,306.941,5158331
-117.715,44.025,306.084,5158352
-117.748,44.092,305.259,5158373
-117.942,44.548,304.338,5158394
-118.318,44.708,303.309,5158415
-118.496,44.720,302.421,5158436
-118.539,45.111,301.604,5158457
-118.780,45.139,300.602,5158478
-119.156,45.317,299.517,5158499
-119.031,45.374,298.787,5158520
-118.947,45.577,298.046,5158541
-119.030,45.832,297.195,5158562
-119.490,45.872,296.069,5158583
-119.581,46.072,295.206,5158604
-119.471,45.918,294.489,5158625
-119.474,46.051,293.719,5158646
-119.551,45.771,292.892,5158667
-119.696,45.555,291.988,5158688
-119.612,45.267,291.246,5158709
-119.532,45.358,290.474,5158730
-119.236,45.220,289.862,5158751
-119.330,45.299,288.946,5158772
-119.015,45.113,288.346,5158793
-119.104,44.898,287.461,5158814
-119.088,44.560,286.660,5158835
-119.078,44.256,285.836,5158856
-118.682,44.211,285.279,5158877
-118.231,43.942,284.745,5158898
-118.168,43.693,283.889,5158919
-117.690,43.658,283.324,5158940
-117.323,43.732,282.624,5158961
-117.187,43.485,281.756,5158982
-116.634,43.416,281.165,5159003
-116.138,43.185,280.484,5159024
-115.786,42.946,279.697,5159045
-115.602,42.855,278.736,5159066
-115.364,43.133,277.803,5159087
-115.135,43.459,276.840,5159108
-115.022,43.558,275.756,5159129
-114.511,43.848,274.928,5159150
-114.156,44.232,273.968,5159171
-113.987,44.648,272.846,5159192
-113.526,44.897,271.930,5159213
-113.094,44.970,270.975,5159234
-112.943,44.984,269.825,5159255
-112.757,45.009,268.671,5159276
-112.446,45.375,267.607,5159297
-112.252,45.445,266.460,5159318
-112.307,45.577,265.100,5159339
-112.106,46.014,263.919,5159360
-112.316,46.526,262.451,5159381
-112.649,46.913,260.886,5159402
-112.525,47.169,259.653,5159423
-112.762,47.041,258.835,5159444
-113.361,46.714,257.725,5159465
-113.737,46.607,256.771,5159486
-113.847,46.136,256.011,5159507
-113.883,45.790,255.293,5159528
-113.967,45.273,254.568,5159549
-114.146,45.267,253.755,5159570
-114.463,45.126,252.866,5159591
-114.456,45.234,252.204,5159612
-114.533,45.029,251.476,5159633
-114.605,44.906,250.749,5159654
-114.725,44.936,249.976,5159675
-114.704,44.893,249.285,5159696
-114.726,44.947,248.581,5159717
-114.522,44.881,248.043,5159738
-114.261,45.317,247.513,5159759
-113.761,45.562,247.188,5159780
-113.687,45.968,246.564,5159801
-113.137,46.282,246.281,5159822
-112.574,46.576,246.039,5159843
-112.057,46.800,245.734,5159864
-111.505,47.034,245.480,5159885
-111.427,47.555,244.842,5159906
-110.929,47.987,244.498,5159927
-110.625,48.086,244.010,5159948
-110.546,48.541,243.364,5159969
-110.576,48.894,242.666,5159990
-110.238,49.258,242.273,5160011
-110.162,49.584,241.704,5160032
-109.938,49.427,241.259,5160053
-109.899,49.208,240.695,5160074
-110.082,49.282,239.986,5160095
-110.280,49.358,239.251,5160116
-110.362,48.974,238.576,5160137
-110.519,48.577,237.872,5160158
-110.837,48.193,237.029,5160179
-111.052,47.728,236.283,5160200
-111.474,47.546,235.401,5160221
-111.494,47.365,234.833,5160242
-111.621,46.877,234.247,5160263
-111.632,46.622,233.749,5160284
-112.030,46.201,232.999,5160305
-112.334,45.729,232.323,5160326
-112.353,45.398,231.869,5160347
-112.383,45.200,231.390,5160368
-112.741,45.109,230.695,5160389
-113.165,44.969,229.938,5160410
-113.584,44.867,229.188,5160431
-113.733,44.776,228.609,5160452
-113.970,44.312,227.990,5160473
-114.094,44.179,227.438,5160494
-114.249,43.826,226.874,5160515
-114.784,43.596,226.072,5160536
-115.292,43.356,225.275,5160557
-115.838,43.253,224.465,5160578
-116.325,43.386,223.701,5160599
-116.780,43.556,222.943,5160620
-117.051,43.802,222.320,5160641
-117.495,43.848,221.549,5160662
-117.556,44.093,221.040,5160683
-117.576,44.233,220.541,5160704
-117.750,44.627,219.952,5160725
-118.086,44.702,219.256,5160746
-118.142,44.746,218.735,5160767
-118.197,45.148,218.234,5160788
-118.173,45.445,217.776,5160809
-118.201,45.478,217.290,5160830
-118.110,45.785,216.884,5160851
-118.222,46.209,216.327,5160872
-118.338,46.186,215.772,5160893
-118.198,46.160,215.351,5160914
-118.263,46.496,214.786,5160935
-117.877,46.550,214.537,5160956
-117.677,46.453,214.193,5160977
-117.722,46.644,213.643,5160998
-117.630,46.947,213.215,5161019
-117.630,47.067,212.713,5161040
-117.631,47.184,212.189,5161061
-117.618,47.201,211.678,5161082
-117.287,47.370,211.363,5161103
-117.141,47.120,210.902,5161124
-117.111,46.873,210.333,5161145
-116.837,46.656,209.955,5161166
-116.587,46.410,209.541,5161187
-116.305,46.351,209.144,5161208
-116.077,46.327,208.712,5161229
-116.224,46.085,207.983,5161250
-116.140,46.047,207.395,5161272
-116.793,46.314,206.995,5161293
-116.967,46.468,206.871,5161314
-117.602,46.629,206.371,5161335
-117.713,46.724,206.229,5161356
-117.814,46.624,206.001,5161377
-118.247,46.861,205.507,5161398
-118.605,46.739,205.031,5161419
-119.051,46.801,204.490,5161440
-119.449,46.961,203.957,5161461
-119.295,46.961,203.816,5161482
-119.489,46.730,203.395,5161503
-119.676,46.519,202.934,5161524
-119.390,46.326,202.776,5161545
-119.449,46.046,202.351,5161566
-119.209,46.065,202.166,5161587
-119.018,46.063,201.898,5161608
-118.683,45.942,201.971,5161629
-118.745,46.074,201.760,5161650
-118.512,46.226,201.704,5161671
-118.141,46.177,201.739,5161692
-117.871,46.295,201.653,5161713
-117.664,46.079,201.521,5161734
-117.869,46.121,201.083,5161755
-117.619,46.144,201.053,5161776
-117.391,46.331,200.958,5161797
-117.054,46.288,200.926,5161818
-116.993,46.138,200.681,5161839
-117.080,46.279,200.275,5161860
-117.120,46.456,199.893,5161881
-117.152,46.349,199.480,5161902
-116.788,46.145,199.349,5161923
-116.599,46.245,199.075,5161944
-116.532,45.937,198.690,5161965
-116.370,45.586,198.365,5161986
-116.351,45.662,197.931,5162007
-116.545,45.479,197.335,5162028
-116.588,45.136,196.811,5162049
-116.832,45.135,196.128,5162070
-117.194,45.207,195.470,5162091
-117.119,45.232,195.101,5162112
-117.000,45.139,194.739,5162133
-117.054,44.894,194.229,5162154
-116.906,44.828,193.847,5162175
-116.805,44.658,193.392,5162196
-116.801,44.867,192.848,5162217
-116.992,45.068,192.187,5162238
-117.270,45.122,191.424,5162259
-117.506,45.283,190.705,5162280
-117.828,45.289,189.902,5162301
-117.661,45.155,189.407,5162322
-117.495,45.117,188.877,5162343
-117.369,45.157,188.308,5162364
-117.319,44.963,187.649,5162385
-117.110,44.968,187.058,5162406
-117.361,44.999,186.114,5162427
-117.571,44.977,185.183,5162448
-117.676,44.892,184.287,5162469
-117.825,44.841,183.340,5162490
-117.692,45.017,182.582,5162511
-117.399,44.902,181.929,5162532
-117.263,45.112,181.141,5162553
-116.996,44.983,180.422,5162574
-116.759,44.799,179.666,5162595
-116.825,44.968,178.663,5162616
-116.735,45.168,177.740,5162637
-116.821,45.143,176.647,5162658
-116.856,45.146,175.592,5162679
-116.920,45.167,174.491,5162700
-116.968,45.151,173.395,5162721
-116.665,45.039,172.557,5162742
-116.367,45.214,171.678,5162763
-116.116,45.247,170.759,5162785
-116.033,45.537,169.706,5162806
-116.320,45.566,168.312,5162827
-116.278,45.590,167.135,5162848
-116.528,45.556,165.735,5162869
-116.832,45.951,164.290,5162890
-117.232,46.319,162.748,5162911
-117.395,46.252,161.380,5162932
-117.812,46.597,159.801,5162953
-118.130,46.942,158.333,5162974
-118.357,46.807,156.924,5162995
-118.805,47.071,155.332,5163016
-119.313,47.150,153.665,5163037
-119.594,47.004,152.161,5163058
-119.901,46.851,150.640,5163079
-120.374,47.025,148.949,5163100
-120.414,47.171,147.570,5163121
-120.381,47.253,146.232,5163142
-120.340,47.201,144.898,5163163
-120.297,47.142,143.558,5163184
-120.283,47.245,142.202,5163205
-120.742,47.225,140.478,5163226
-120.652,47.252,139.147,5163247
-120.740,47.004,137.693,5163268
-120.849,46.751,136.193,5163289
-121.139,46.627,134.540,5163310
-121.150,46.340,133.098,5163331
-121.163,46.467,131.643,5163352
-121.363,46.553,130.026,5163373
-121.122,46.326,128.744,5163394
-121.052,46.428,127.308,5163415
-121.253,46.521,125.676,5163436
-121.392,46.321,124.117,5163457
-121.189,46.071,122.774,5163478
-121.361,45.924,121.173,5163499
-121.263,45.659,119.788,5163520
-121.407,45.771,118.196,5163541
-121.173,45.826,116.901,5163562
-121.151,45.568,115.454,5163583
-121.011,45.713,114.085,5163604
-121.152,45.904,112.504,5163625
-121.225,45.733,110.998,5163646
-121.225,45.538,109.534,5163667
-120.952,45.296,108.255,5163688
-120.893,45.065,106.846,5163709
-120.882,45.211,105.396,5163730
-120.977,45.186,103.870,5163751
-120.677,45.263,102.601,5163772
-120.268,45.129,101.413,5163793
-119.877,45.113,100.217,5163814
-119.772,45.259,98.803,5163835
-120.328,44.676,98.048,5163856
-120.663,44.048,97.434,5163877
-120.994,43.494,96.814,5163898
-121.322,42.989,96.132,5163919
-121.664,42.563,95.438,5163940
-121.621,42.248,94.972,5163961
-121.787,42.283,94.370,5163982
-122.019,42.384,93.717,5164003
-121.995,42.507,93.208,5164024
-121.952,42.659,92.662,5164045
-121.974,42.535,92.088,5164066
-122.188,42.358,91.646,5164087
-122.153,42.576,91.314,5164108
-122.432,42.642,90.781,5164129
-122.704,42.755,90.245,5164150
-123.014,43.040,89.678,5164171
-123.228,43.210,89.125,5164192
-123.075,43.689,88.817,5164213
-123.071,44.256,88.360,5164234
-123.175,44.780,87.822,5164255
-123.230,44.676,87.525,5164276
-123.036,44.650,87.372,5164297
-123.089,44.605,87.003,5164318
-122.778,44.666,86.905,5164339
-122.572,44.607,86.687,5164360
-122.234,44.913,86.523,5164381
-121.844,44.961,86.471,5164402
-121.670,45.160,86.255,5164423
-121.361,45.324,86.103,5164444
-121.331,45.386,85.733,5164465
-121.313,45.331,85.352,5164486
-120.782,45.313,85.303,5164507
-120.262,45.417,85.210,5164528
-120.093,45.280,84.867,5164549
-120.018,45.106,84.558,5164570
-119.979,45.199,84.212,5164591
-119.504,45.075,84.150,5164612
-119.069,44.975,84.097,5164633
-119.090,45.044,83.742,5164654
-119.236,45.070,83.311,5164675
-118.898,44.903,83.255,5164696
-118.605,44.763,83.163,5164717
-118.477,44.469,82.966,5164738
-118.601,44.602,82.542,5164759
-118.737,44.756,82.106,5164780
-118.637,44.961,81.828,5164801
-118.695,44.803,81.412,5164822
-118.465,44.984,81.196,5164843
-118.343,45.219,80.868,5164864
-118.359,45.121,80.466,5164885
-118.192,44.930,80.156,5164906
-117.986,44.738,79.854,5164927
-117.790,44.517,79.545,5164948
-117.764,44.241,79.095,5164969
-117.634,44.334,78.727,5164990
-117.394,44.199,78.479,5165011
-117.655,43.974,77.878,5165032
-117.524,43.830,77.585,5165053
-117.622,43.931,77.125,5165074
-117.891,44.070,76.570,5165095
-117.976,44.201,76.154,5165116
-117.920,44.122,75.843,5165137
-118.230,44.021,75.295,5165158
-118.185,43.872,74.972,5165179
-118.476,43.872,74.442,5165200
-118.763,44.089,73.895,5165221
-118.929,44.409,73.451,5165242
-118.928,44.685,73.128,5165263
-119.290,44.772,72.511,5165284
-119.606,44.752,71.973,5165305
-119.776,44.613,71.537,5165326
-119.756,44.380,71.194,5165347
-119.864,44.211,70.752,5165368
-119.993,44.103,70.289,5165389
-120.164,44.246,69.778,5165410
-119.995,44.421,69.476,5165431
-119.750,44.549,69.229,5165452
-119.568,44.691,68.929,5165473
-119.522,44.883,68.552,5165494
-119.297,44.772,68.301,5165515
-119.021,44.667,68.078,5165536
-118.680,44.562,67.884,5165557
-118.386,44.711,67.632,5165578
-118.424,44.596,67.135,5165599
-118.385,44.780,66.679,5165620
-118.406,44.593,66.166,5165641
-118.439,44.743,65.599,5165662
-118.303,44.881,65.131,5165683
-118.327,44.583,64.506,5165704
-118.267,44.281,63.928,5165725
-118.288,43.981,63.277,5165746
-118.208,44.059,62.670,5165767
-118.323,43.765,61.900,5165788
-118.674,43.694,60.949,5165809
-119.044,43.648,59.978,5165830
-119.223,43.836,59.096,5165851
-119.214,43.659,58.365,5165872
-119.232,43.770,57.593,5165893
-119.576,43.628,56.572,5165914
-119.574,43.498,55.770,5165935
-119.551,43.425,54.963,5165956
-119.724,43.689,53.997,5165977
-119.949,43.492,52.963,5165998
-120.373,43.529,51.790,5166019
-120.791,43.542,50.567,5166040
-121.087,43.722,49.400,5166061
-121.166,43.777,48.387,5166082
-121.632,43.973,47.096,5166103
-122.178,43.968,45.732,5166124
-122.262,43.817,44.650,5166145
-122.470,44.015,43.478,5166166
-122.997,44.063,42.071,5166187
-123.301,43.922,40.829,5166208
-124.238,44.733,40.399,5166229
-124.671,45.327,40.287,5166250
-125.549,46.076,39.763,5166271
-125.894,46.741,39.603,5166292
-126.203,47.366,39.465,5166313
-126.452,47.500,39.339,5166334
-126.601,47.528,39.290,5166355
-126.586,47.820,39.368,5166376
-126.839,47.772,39.235,5166397
-126.520,47.661,39.509,5166418
-126.670,47.714,39.395,5166439
-126.686,47.759,39.388,5166460
-126.503,47.760,39.488,5166481
-126.421,47.679,39.483,5166502
-126.426,47.328,39.390,5166523
-126.162,46.764,39.480,5166544
-125.659,46.204,39.726,5166565
-125.050,45.702,40.028,5166586
-124.448,45.176,40.294,5166607
-124.071,44.506,40.404,5166628
-123.455,43.846,40.689,5166649
-122.789,43.453,41.012,5166670
-122.258,43.174,41.238,5166691
-121.534,42.822,41.590,5166712
-121.076,42.570,41.766,5166733
-120.492,41.958,41.989,5166754
-119.765,41.720,42.327,5166775
-118.983,41.292,42.692,5166796
-118.502,40.801,42.836,5166817
-117.907,40.752,43.030,5166838
-117.704,40.636,42.960,5166859
-117.510,40.429,42.889,5166880
-117.366,40.557,42.762,5166901
-117.148,40.784,42.676,5166922
-117.100,40.673,42.474,5166943
-116.865,40.557,42.416,5166964
-116.493,40.734,42.405,5166985
-116.197,41.067,42.340,5167006
-115.876,41.264,42.308,5167027
-115.608,41.441,42.223,5167048
-115.776,41.910,41.821,5167069
-115.955,42.337,41.387,5167090
-115.970,42.998,41.042,5167111
-116.162,43.595,40.589,5167132
-116.382,43.898,40.101,5167153
-116.212,44.379,39.894,5167174
-116.046,44.736,39.642,5167195
-116.365,44.940,39.019,5167216
-116.300,45.175,38.654,5167237
-116.313,45.573,38.180,5167258
-116.737,45.724,37.417,5167279
-117.094,46.112,36.675,5167300
-117.036,46.304,36.225,5167321
-116.926,46.383,35.794,5167342
-117.263,46.306,35.027,5167363
-117.131,46.176,34.588,5167384
-117.100,46.269,34.064,5167405
-116.922,46.067,33.636,5167426
-116.689,45.848,33.254,5167447
-116.760,45.396,32.621,5167468
-117.047,45.121,31.814,5167489
-117.265,45.033,31.017,5167510
-117.545,44.805,30.186,5167531
-117.839,44.575,29.345,5167552
-117.928,44.121,28.639,5167573
-117.733,43.909,28.123,5167594
-117.492,43.713,27.632,5167615
-117.671,43.397,26.827,5167636
-117.438,43.244,26.287,5167657
-117.279,42.904,25.664,5167678
-117.077,42.611,25.063,5167699
-117.066,42.335,24.338,5167720
-117.068,42.515,23.571,5167741
-117.018,42.691,22.844,5167762
-117.191,42.615,21.966,5167783
-116.952,42.719,21.331,5167804
-116.754,42.886,20.663,5167825
-116.781,42.745,19.838,5167846
-116.559,42.938,19.184,5167867
-116.740,42.980,18.269,5167888
-116.957,43.180,17.329,5167909
-117.229,43.390,16.326,5167930
-117.064,43.631,15.616,5167951
-116.994,43.672,14.824,5167972
-116.866,43.919,14.056,5167993
-116.759,44.127,13.220,5168014
-117.136,44.337,12.053,5168035
-117.336,44.775,10.983,5168056
-117.209,45.041,10.142,5168077
-117.052,45.262,9.325,5168098
-117.276,45.242,8.216,5168119
-117.521,45.246,7.108,5168140
-117.786,45.381,5.986,5168161
-118.031,45.366,4.880,5168182
-117.741,45.278,4.186,5168203
-117.463,45.103,3.500,5168224
-117.655,45.203,2.494,5168245
-117.714,44.956,1.608,5168266
-117.923,44.867,0.639,5168287
-117.690,44.730,359.970,5168308
-117.912,44.569,359.026,5168329
-118.138,44.369,358.051,5168350
-117.961,44.332,357.387,5168371
-118.162,44.426,356.439,5168392
-117.999,44.426,355.733,5168413
-118.258,44.349,354.768,5168434
-118.033,44.367,354.126,5168455
-117.890,44.511,353.447,5168476
-117.868,44.293,352.694,5168497
-117.812,44.072,351.975,5168518
-117.904,43.893,351.142,5168539
-117.992,44.067,350.335,5168560
-117.690,43.957,349.790,5168581
-117.796,44.139,348.968,5168602
-117.802,44.315,348.220,5168623
-118.093,44.405,347.296,5168644
-118.318,44.271,346.440,5168665
-118.267,44.081,345.784,5168686
-118.322,43.944,345.044,5168707
-118.567,44.182,344.192,5168728
-118.868,44.283,343.290,5168749
-119.166,44.289,342.394,5168770
-119.004,44.276,341.805,5168791
-119.300,44.488,340.927,5168812
-119.183,44.623,340.310,5168833
-119.016,44.642,339.754,5168854
-119.012,44.891,339.087,5168875
-118.827,44.932,338.580,5168896
-118.665,45.086,338.049,5168917
-118.517,45.061,337.529,5168938
-118.646,44.981,336.830,5168959
-118.453,45.067,336.371,5168980
-118.793,45.194,335.526,5169001
-119.034,45.109,334.747,5169022
-119.336,45.057,333.929,5169043
-119.138,44.951,333.437,5169064
-119.199,45.139,332.788,5169085
-118.966,45.024,332.336,5169106
-119.091,45.186,331.605,5169127
-119.260,45.277,330.853,5169148
-118.936,45.193,330.435,5169169
-119.112,45.191,329.662,5169190
-118.778,45.066,329.262,5169211
-118.436,44.871,328.854,5169232
-118.067,44.726,328.487,5169253
-118.199,44.735,327.773,5169274
-118.311,44.624,327.065,5169295
-118.418,44.688,326.360,5169316
-118.109,44.454,325.939,5169337
-118.213,44.257,325.228,5169358
-118.319,44.050,324.501,5169379
-118.465,44.101,323.755,5169400
-118.138,43.909,323.328,5169421
-118.266,43.777,322.600,5169442
-117.973,43.823,322.159,5169463
-117.667,43.792,321.746,5169484
-117.437,43.894,321.267,5169505
-117.295,43.831,320.719,5169526
-117.134,43.842,320.177,5169547
-117.521,43.863,319.209,5169568
-117.962,43.965,318.202,5169589
-118.423,44.040,317.187,5169610
-118.886,44.105,316.189,5169631
-119.116,43.963,315.393,5169652
-119.104,44.137,314.738,5169673
-119.301,44.431,313.918,5169694
-119.383,44.696,313.157,5169715
-119.235,44.656,312.548,5169736
-119.283,44.496,311.800,5169757
-119.593,44.507,310.873,5169778
-119.548,44.709,310.189,5169799
-119.454,44.854,309.518,5169820
-119.443,44.614,308.798,5169841
-119.270,44.460,308.189,5169862
-119.180,44.622,307.494,5169883
-119.397,44.762,306.599,5169904
-119.320,44.961,305.859,5169925
-119.033,44.884,305.266,5169946
-119.080,44.731,304.425,5169967
-119.105,44.634,303.587,5169988
-118.710,44.489,303.022,5170009
-118.499,44.321,302.329,5170030
-118.203,44.143,301.656,5170051
-117.672,44.263,301.108,5170072
-117.155,44.405,300.536,5170093
-117.086,44.524,299.615,5170114
-116.655,44.651,298.935,5170135
-116.194,44.631,298.211,5170156
-117.004,44.009,298.870,5170177
-117.333,43.490,299.711,5170198
-118.001,42.903,300.206,5170219
-117.447,43.340,300.627,5170240
-116.467,43.583,301.289,5170261
-115.491,43.923,301.947,5170282
-114.481,44.266,302.597,5170303
-113.647,44.728,303.094,5170324
-112.710,45.082,303.618,5170345
-111.751,45.326,304.118,5170366
-111.419,45.106,304.790,5170387
-111.224,44.959,305.271,5170408
-111.114,44.808,305.632,5170429
-111.093,44.764,305.899,5170450
-111.046,44.610,306.120,5170471
-110.707,44.669,306.535,5170492
-110.402,44.755,306.883,5170513
-110.581,44.731,306.861,5170534
-110.424,44.912,307.054,5170555
-110.682,44.971,306.916,5170576
-110.662,44.764,306.925,5170597
-110.948,44.636,306.685,5170618
-111.244,44.805,306.424,5170639
-111.679,44.766,306.036,5170660
-111.840,44.565,305.811,5170681
-111.934,44.686,305.632,5170702
-112.188,44.976,305.299,5170723
-112.731,44.985,304.744,5170744
-112.847,45.134,304.477,5170765
-112.950,45.156,304.215,5170786
-113.438,45.047,303.663,5170807
-114.144,44.973,303.309,5170828
-114.596,45.116,303.145,5170849
-115.158,44.975,302.915,5170870
-115.628,44.805,302.758,5170891
-115.734,44.859,302.840,5170912
-115.915,45.049,302.867,5170933
-115.803,45.212,303.044,5170954
-115.497,45.217,303.346,5170975
-115.468,44.957,303.411,5170996
-115.500,44.784,303.415,5171017
-115.562,44.650,303.377,5171038
-115.656,44.542,303.294,5171059
-115.714,44.375,303.252,5171080
-115.339,44.300,303.487,5171101
-115.082,44.307,303.602,5171122
-115.265,44.235,303.414,5171143
-115.066,44.184,303.491,5171164
-114.979,44.199,303.472,5171185
-114.977,43.868,303.398,5171206
-115.309,43.740,303.113,5171227
-115.221,43.747,303.092,5171248
-115.470,43.917,302.833,5171269
-115.587,43.670,302.684,5171290
-115.431,43.621,302.712,5171311
-115.343,43.758,302.659,5171332
-115.606,43.884,302.362,5171353
-115.446,43.989,302.344,5171374
-115.224,43.995,302.337,5171395
-115.190,43.811,302.211,5171416
-115.454,43.901,301.877,5171437
-115.699,43.958,301.515,5171458
-115.930,44.038,301.201,5171479
-116.151,44.061,300.857,5171500
-115.926,44.152,300.836,5171521
-115.705,44.179,300.762,5171542
-115.969,44.396,300.319,5171563
-115.936,44.663,300.095,5171584
-115.797,44.825,299.922,5171605
-115.635,44.922,299.773,5171626
-115.875,44.885,299.333,5171647
-116.134,44.903,298.838,5171668
-116.364,44.860,298.386,5171689
-116.550,44.782,297.960,5171710
-116.375,44.897,297.778,5171731
-116.364,45.147,297.486,5171752
-116.504,45.322,297.096,5171773
-116.188,45.292,296.998,5171794
-115.970,45.391,296.792,5171815
-115.972,45.132,296.462,5171836
-115.797,44.827,296.229,5171857
-115.941,44.644,295.759,5171878
-115.949,44.326,295.381,5171899
-115.722,44.268,295.164,5171920
-115.431,44.160,294.992,5171941
-115.123,43.962,294.833,5171962
-115.035,44.053,294.501,5171983
-115.311,43.745,294.475,5172004
-115.173,43.624,294.653,5172025
-115.151,43.294,294.729,5172046
-115.442,43.072,294.585,5172067
-115.775,42.889,294.390,5172088
-116.106,42.810,294.179,5172109
-116.011,42.894,294.237,5172130
-115.910,43.002,294.280,5172151
-115.998,43.240,294.185,5172172
-116.043,43.498,294.098,5172193
-115.836,43.668,294.181,5172214
-115.612,43.851,294.230,5172235
-115.721,43.850,294.035,5172256
-115.798,43.847,293.818,5172277
-115.857,43.881,293.585,5172298
-115.809,43.864,293.410,5172319
-115.348,43.985,293.533,5172340
-115.131,44.358,293.445,5172361
-114.901,44.730,293.367,5172382
-114.489,45.000,293.379,5172403
-113.974,45.100,293.468,5172424
-114.040,44.982,293.466,5172445
-113.729,44.840,293.818,5172466
-113.864,44.943,293.823,5172487
-114.044,44.863,293.765,5172508
-114.020,44.602,293.822,5172529
-113.760,44.636,294.008,5172550
-113.534,44.646,294.165,5172571
-113.732,44.500,294.029,5172592
-114.026,44.506,293.801,5172613
-113.907,44.580,293.862,5172634
-114.260,44.581,293.563,5172655
-114.439,44.438,293.375,5172676
-114.879,44.524,292.994,5172697
-115.307,44.521,292.604,5172718
-115.373,44.420,292.482,5172739
-115.498,44.588,292.313,5172760
-115.624,44.711,292.137,5172781
-116.163,44.859,291.666,5172802
-116.512,45.056,291.311,5172823
-116.630,45.128,291.137,5172844
-116.750,45.205,290.945,5172865
-117.048,44.984,290.645,5172886
-117.539,44.970,290.195,5172907
-118.013,44.979,289.754,5172929
-118.049,44.759,289.609,5172950
-118.250,44.931,289.350,5172971
-118.550,44.902,288.932,5172992
-118.801,44.859,288.545,5173013
-118.542,44.806,288.503,5173034
-118.364,44.500,288.380,5173055
-118.051,44.240,288.338,5173076
-117.978,44.041,288.133,5173097
-117.950,44.020,287.932,5173118
-117.392,44.073,288.070,5173139
-116.836,44.172,288.153,5173160
-116.310,44.307,288.206,5173181
-115.726,44.369,288.260,5173202
-115.263,44.512,288.213,5173223
-114.732,44.577,288.203,5173244
-114.246,44.416,288.139,5173265
-114.049,44.199,287.873,5173286
-113.999,44.319,287.520,5173307
-113.994,44.305,287.138,5173328
-113.809,44.108,286.876,5173349
-113.536,44.351,286.644,5173370
-113.115,44.490,286.499,5173391
-113.101,44.387,286.046,5173412
-113.221,44.525,285.465,5173433
-112.894,44.611,285.222,5173454
-112.666,44.478,284.898,5173475
-112.909,44.614,284.230,5173496
-113.154,44.752,283.590,5173517
-113.292,44.606,283.018,5173538
-113.167,44.567,282.625,5173559
-113.219,44.844,282.128,5173580
-113.555,45.063,281.428,5173601
-113.657,45.321,280.874,5173622
-113.756,45.150,280.360,5173643
-113.843,45.383,279.848,5173664
-114.132,45.230,279.267,5173685
-114.537,45.207,278.580,5173707
-114.461,45.215,278.212,5173728
-114.553,45.041,277.764,5173749
-114.673,45.283,277.275,5173770
-114.836,45.521,276.749,5173791
-114.846,45.626,276.360,5173812
-115.240,45.502,275.710,5173833
-115.225,45.547,275.379,5173854
-115.577,45.677,274.786,5173875
-115.679,45.404,274.372,5173896
-115.892,45.132,273.841,5173917
-115.945,44.844,273.412,5173938
-115.898,44.551,273.038,5173959
-116.186,44.598,272.418,5173980
-116.295,44.697,271.905,5174001
-116.567,44.632,271.276,5174022
-116.529,44.726,270.883,5174043
-116.587,44.446,270.421,5174064
-116.276,44.423,270.204,5174085
-116.300,44.203,269.746,5174106
-116.350,44.033,269.286,5174127
-116.136,43.734,268.986,5174148
-115.991,43.910,268.643,5174169
-115.668,44.045,268.428,5174190
-115.348,44.219,268.230,5174211
-115.094,44.441,267.966,5174232
-115.061,44.524,267.583,5174253
-114.545,44.479,267.520,5174274
-114.025,44.532,267.448,5174295
-113.666,44.433,267.294,5174316
-113.173,44.471,267.239,5174337
-112.835,44.436,267.068,5174358
-112.369,44.720,266.971,5174379
-112.325,45.137,266.579,5174400
-112.282,45.537,266.200,5174421
-112.375,45.881,265.700,5174442
-112.065,45.907,265.495,5174463
-112.065,45.866,265.079,5174484
-111.809,46.063,264.845,5174505
-111.901,45.963,264.320,5174526
-112.212,46.038,263.650,5174547
-112.079,46.034,263.287,5174568
-112.336,46.286,262.648,5174589
-112.527,46.499,262.054,5174610
-112.739,46.214,261.479,5174631
-113.168,46.340,260.708,5174652
-113.629,46.336,259.947,5174673
-114.028,46.073,259.209,5174694
-114.401,45.783,258.471,5174715
-114.495,45.767,257.932,5174736
-114.476,45.392,257.466,5174757
-114.834,45.061,256.708,5174778
-115.187,45.006,255.983,5174799
-115.166,44.871,255.513,5174820
-115.511,44.507,254.756,5174841
-115.432,44.267,254.298,5174862
-115.484,44.297,253.756,5174883
-115.457,43.984,253.243,5174904
-115.698,43.789,252.541,5174925
-115.558,43.840,252.094,5174946
-115.409,43.925,251.670,5174967
-115.463,43.790,251.090,5174988
-115.384,43.669,250.593,5175009
-115.545,43.965,249.926,5175030
-115.384,44.238,249.497,5175051
-115.516,44.582,248.858,5175072
-115.456,44.935,248.361,5175093
-115.641,45.003,247.652,5175114
-115.826,45.217,246.949,5175135
-115.930,45.174,246.314,5175156
-115.685,45.311,245.925,5175177
-115.843,45.247,245.216,5175199
-116.057,45.420,244.463,5175220
-115.918,45.676,243.972,5175241
-116.134,45.821,243.195,5175262
-116.000,45.663,242.671,5175283
-115.834,45.542,242.173,5175304
-115.546,45.678,241.753,5175325
-115.444,45.531,241.226,5175346
-115.119,45.469,240.840,5175367
-114.887,45.664,240.426,5175388
-115.018,45.836,239.735,5175409
-115.214,45.810,238.978,5175430
-115.381,45.703,238.201,5175451
-115.132,45.567,237.745,5175472
-115.308,45.713,236.972,5175493
-115.139,45.554,236.439,5175514
-114.948,45.515,235.954,5175535
-114.823,45.500,235.434,5175556
-115.038,45.260,234.680,5175577
-115.195,45.383,233.968,5175598
-115.117,45.392,233.432,5175619
-115.270,45.456,232.751,5175640
-115.532,45.435,231.999,5175661
-115.795,45.397,231.239,5175682
-115.611,45.352,230.812,5175703
-115.840,45.141,230.143,5175724
-115.931,44.837,229.555,5175745
-116.043,44.575,228.988,5175766
-115.946,44.345,228.560,5175787
-115.787,44.212,228.188,5175808
-115.767,43.981,227.699,5175829
-116.049,44.145,226.999,5175850
-116.365,44.173,226.260,5175871
-116.510,44.458,225.671,5175892
-116.373,44.673,225.246,5175913
-116.606,44.935,224.576,5175934
-116.336,44.935,224.280,5175955
-116.156,44.831,223.927,5175976
-115.983,44.723,223.582,5175997
-115.765,44.633,223.269,5176018
-115.786,44.566,222.787,5176039
-115.962,44.743,222.169,5176060
-116.082,44.988,221.574,5176081
-116.157,45.223,221.028,5176102
-116.217,45.450,220.474,5176123
-116.027,45.471,220.074,5176144
-115.883,45.312,219.643,5176165
-115.745,45.143,219.201,5176186
-115.538,45.068,218.813,5176207
-115.436,45.161,218.362,5176228
-115.358,45.300,217.852,5176249
-115.579,45.351,217.142,5176270
-115.774,45.386,216.434,5176291
-115.964,45.329,215.783,5176312
-115.779,45.022,215.376,5176333
-115.480,45.034,215.022,5176354
-115.499,44.837,214.448,5176375
-115.652,44.758,213.765,5176396
-115.341,44.670,213.408,5176417
-115.502,44.608,212.678,5176438
-115.662,44.478,211.936,5176459
-115.370,44.329,211.511,5176480
-115.518,44.470,210.775,5176501
-115.588,44.307,210.096,5176522
-115.573,44.085,209.456,5176543
-115.309,44.201,208.994,5176564
-114.995,44.156,208.589,5176585
-114.741,44.330,208.126,5176606
-114.561,44.566,207.616,5176627
-114.705,44.823,206.851,5176648
-114.532,45.064,206.299,5176669
-114.727,45.084,205.483,5176690
-114.821,44.964,204.708,5176711
-114.927,44.839,203.946,5176732
-114.929,45.132,203.263,5176753
-115.044,45.464,202.511,5176774
-115.054,45.399,201.836,5176795
-115.486,45.553,200.878,5176816
-115.641,45.812,200.087,5176837
-116.078,45.745,199.073,5176858
-116.474,45.644,198.113,5176879
-116.431,45.567,197.465,5176900
-116.785,45.371,196.534,5176921
-117.009,45.128,195.684,5176942
-117.031,45.095,195.002,5176963
-117.002,44.931,194.343,5176984
-117.114,45.014,193.565,5177005
-117.314,45.107,192.749,5177026
-117.723,45.117,191.779,5177047
-117.951,45.182,190.940,5177068
-118.369,45.042,189.965,5177089
-118.721,44.892,189.016,5177110
-119.011,44.709,188.100,5177131
-119.326,44.625,187.153,5177152
-119.633,44.570,186.214,5177173
-119.558,44.369,185.574,5177194
-119.667,44.212,184.798,5177215
-119.950,44.163,183.896,5177236
-119.762,44.225,183.301,5177257
-119.537,44.311,182.693,5177278
-119.377,44.532,182.032,5177299
-119.245,44.713,181.327,5177320
-119.303,44.924,180.464,5177341
-119.544,45.071,179.466,5177362
-119.837,45.093,178.404,5177383
-119.699,44.962,177.646,5177404
-119.803,45.185,176.712,5177425
-119.631,45.077,175.989,5177446
-119.442,45.063,175.258,5177467
-119.290,44.881,174.451,5177488
-119.334,45.091,173.492,5177509
-119.432,45.278,172.500,5177530
-119.635,45.186,171.430,5177551
-119.809,45.210,170.367,5177572
-119.780,45.006,169.415,5177593
-119.490,44.858,168.674,5177614
-119.206,44.868,167.914,5177635
-118.958,44.773,167.156,5177656
-118.689,44.743,166.379,5177677
-118.508,44.555,165.527,5177698
-118.698,44.638,164.432,5177719
-118.856,44.815,163.334,5177740
-118.992,44.843,162.229,5177761
-119.069,44.840,161.153,5177782
-118.981,44.696,160.169,5177803
-118.684,44.538,159.337,5177824
-118.367,44.623,158.513,5177845
-118.205,44.778,157.588,5177866
-118.037,44.871,156.639,5177887
-117.982,45.059,155.642,5177908
-118.277,45.220,154.349,5177929
-118.621,45.356,153.030,5177950
-118.859,45.236,151.742,5177971
-119.195,45.341,150.410,5177992
-119.400,45.186,149.173,5178013
-119.200,45.173,148.207,5178034
-118.999,45.231,147.260,5178055
-118.945,45.443,146.196,5178076
-119.105,45.762,145.013,5178097
-119.396,45.686,143.735,5178118
-119.811,45.716,142.352,5178139
-120.266,45.814,140.942,5178160
-120.712,45.924,139.552,5178181
-121.019,45.842,138.254,5178202
-120.994,45.679,137.197,5178223
-120.838,45.665,136.205,5178244
-120.681,45.723,135.249,5178265
-120.533,45.763,134.273,5178286
-120.321,45.657,133.370,5178307
-120.041,45.526,132.471,5178328
-120.278,45.541,131.189,5178349
-120.328,45.323,130.003,5178370
-120.492,45.294,128.751,5178391
-120.547,45.084,127.559,5178412
-120.775,45.093,126.231,5178433
-120.614,45.191,125.193,5178454
-120.755,45.367,123.911,5178475
-120.971,45.545,122.526,5178496
-120.851,45.556,121.374,5178517
-121.116,45.401,119.927,5178538
-121.411,45.280,118.449,5178559
-122.426,46.024,117.036,5178580
-123.892,46.648,115.256,5178601
-125.095,46.998,113.624,5178622
-125.922,47.485,112.227,5178643
-126.604,47.873,110.927,5178664
-127.161,48.242,109.692,5178685
-127.528,48.525,108.572,5178706
-127.923,48.405,107.405,5178727
-128.304,48.570,106.201,5178748
-128.610,48.457,105.036,5178769
-128.653,48.082,104.056,5178790
-128.546,47.651,103.171,5178811
-128.091,47.046,102.511,5178832
-127.285,46.690,102.041,5178853
-126.444,46.414,101.544,5178874
-125.452,46.105,101.098,5178895
-124.326,45.777,100.695,5178916
-123.020,45.125,100.383,5178937
-121.699,44.507,100.060,5178958
-120.710,44.059,99.529,5178979
-119.610,43.603,99.060,5179000
-118.441,43.164,98.631,5179021
-117.051,42.827,98.365,5179042
-115.642,42.606,98.079,5179063
-114.309,42.641,97.706,5179084
-113.130,42.848,97.222,5179105
-112.449,42.257,96.452,5179126
-111.399,41.904,95.925,5179147
-110.847,41.625,95.091,5179168
-110.357,41.576,94.202,5179189
-109.812,41.313,93.336,5179210
-109.042,41.165,92.608,5179231
-108.358,41.380,91.810,5179252
-107.714,41.627,90.985,5179273
-107.223,42.037,90.038,5179294
-106.869,42.559,89.014,5179315
-106.848,43.168,87.752,5179336
-106.634,43.725,86.625,5179357
-106.817,44.045,85.229,5179378
-107.218,44.491,83.644,5179399
-107.505,44.788,82.141,5179420
-107.861,45.119,80.600,5179441
-108.102,45.650,79.184,5179462
-108.724,46.394,77.501,5179483
-109.593,46.998,75.678,5179504
-110.484,47.586,73.878,5179525
-111.469,47.920,72.030,5179546
-112.030,48.051,70.495,5179567
-113.061,48.286,68.629,5179588
-113.889,48.200,66.893,5179609
-114.452,48.150,65.331,5179630
-115.045,48.034,63.711,5179651
-115.668,47.829,62.080,5179672
-116.500,47.762,60.263,5179693
-115.776,47.867,59.535,5179714
-115.161,47.924,58.662,5179735
-114.857,48.053,57.505,5179756
-114.461,47.810,56.353,5179777
-114.228,47.259,55.008,5179798
-114.394,46.650,53.311,5179819
-114.366,45.849,51.674,5179840
-114.073,45.144,50.031,5179861
-113.494,44.555,48.486,5179882
-113.086,43.816,46.702,5179903
-112.876,43.212,44.606,5179924
-111.949,42.853,44.465,5179945
-111.224,42.469,43.938,5179966
-110.671,41.830,43.138,5179987
-110.775,41.147,42.216,5180008
-110.909,40.418,41.239,5180029
-110.737,39.777,40.445,5180050
-110.718,39.055,39.532,5180071
-110.947,38.451,38.439,5180092
-111.321,38.101,37.271,5180113
-111.765,37.830,36.053,5180134
-112.276,37.633,34.792,5180155
-112.871,37.523,33.465,5180176
-113.540,37.457,32.110,5180197
-114.226,37.550,30.740,5180218
-114.968,37.489,29.363,5180239
-115.747,37.477,27.995,5180260
-116.132,37.612,26.870,5180281
-116.891,38.001,25.508,5180302
-117.725,38.322,24.091,5180323
-118.590,38.568,22.667,5180344
-119.471,38.875,21.199,5180365
-119.988,39.244,19.926,5180386
-120.493,39.298,18.672,5180407
-121.291,39.531,17.192,5180428
-121.629,39.870,15.988,5180449
-121.970,40.349,14.760,5180470
-122.259,40.867,13.547,5180491
-122.641,41.617,12.261,5180512
-123.316,42.228,10.773,5180533
-123.989,42.868,9.292,5180554
-124.606,43.444,7.811,5180575
-125.173,44.134,6.371,5180596
-125.285,44.516,5.241,5180617
-125.424,44.773,4.076,5180638
-125.445,45.047,2.974,5180659
-125.353,45.527,1.932,5180680
-125.133,45.971,0.962,5180701
-125.051,46.517,359.855,5180722
-125.031,46.760,358.689,5180743
-124.870,46.861,357.625,5180764
-124.732,47.147,356.536,5180785
-124.345,47.532,355.619,5180806
-123.630,47.509,354.912,5180827
-123.173,47.415,354.011,5180848
-122.368,47.476,353.343,5180869
-121.588,47.574,352.635,5180890
-120.875,47.661,351.858,5180911
-120.474,47.433,350.871,5180932
-120.115,47.258,349.842,5180953
-119.738,46.897,348.828,5180974
-119.400,46.529,347.796,5180995
-118.686,46.018,347.018,5181016
-117.956,45.724,346.239,5181037
-117.269,45.491,345.419,5181058
-116.591,45.178,344.604,5181079
-115.979,44.957,343.704,5181100
-115.566,44.877,342.678,5181121
-115.480,44.496,341.430,5181142
-115.552,44.339,340.067,5181163
-115.650,44.107,338.689,5181184
-115.719,43.785,337.305,5181205
-115.871,43.532,335.871,5181226
-115.687,43.286,334.684,5181247
-115.584,43.292,333.415,5181268
-115.521,43.237,332.138,5181289
-115.517,43.239,330.792,5181310
-115.966,43.425,329.145,5181331
-116.524,43.379,327.439,5181352
-117.163,43.351,325.653,5181373
-117.769,43.248,323.895,5181394
-118.080,43.089,322.358,5181415
-118.239,43.127,320.918,5181436
-118.419,43.344,319.467,5181457
-118.549,43.552,318.030,5181478
-118.741,43.842,316.550,5181499
-119.111,44.247,314.927,5181520
-119.691,44.491,313.171,5181541
-120.216,44.586,311.465,5181562
-120.658,44.582,309.822,5181583
-121.187,44.665,308.118,5181604
-121.643,44.650,306.453,5181625
-121.675,44.779,305.098,5181646
-121.684,44.869,303.779,5181667
-121.591,44.902,302.522,5181688
-121.511,44.995,301.231,5181709
-121.293,44.957,300.038,5181730
-120.989,44.755,298.919,5181751
-120.974,44.423,297.568,5181772
-121.076,44.209,296.158,5181793
-121.106,43.996,294.790,5181814
-120.990,43.710,293.539,5181835
-120.885,43.446,292.281,5181856
-120.505,43.268,291.198,5181877
-120.112,43.326,290.112,5181898
-119.757,43.384,288.990,5181919
-119.795,43.394,287.623,5181940
-119.817,43.328,286.251,5181961
-119.776,43.449,284.944,5181982
-119.482,43.159,283.803,5182003
-119.314,42.902,282.598,5182024
-119.294,42.968,281.303,5182045
-118.982,43.144,280.186,5182066
-118.482,43.205,279.217,5182087
-118.046,43.390,278.194,5182108
-117.919,43.697,276.977,5182129
-117.406,43.819,276.055,5182150
-116.990,43.791,275.058,5182171
-116.845,43.818,273.891,5182192
-116.667,43.809,272.765,5182213
-116.390,43.811,271.699,5182234
-116.427,43.866,270.451,5182255
-116.592,44.132,269.148,5182276
-116.454,44.447,268.050,5182297
-116.752,44.769,266.646,5182318
-116.981,45.119,265.320,5182339
-117.390,45.264,263.879,5182360
-117.823,45.336,262.415,5182381
-117.826,45.247,261.229,5182402
-117.778,45.176,260.103,5182423
-118.102,45.053,258.748,5182444
-118.032,45.088,257.696,5182465
-118.038,45.256,256.630,5182486
-118.182,45.492,255.473,5182507
-118.580,45.625,254.160,5182528
-118.931,45.784,252.880,5182549
-118.851,45.804,251.914,5182570
-119.009,45.540,250.749,5182591
-119.218,45.233,249.569,5182612
-119.395,44.887,248.420,5182633
-119.384,44.514,247.396,5182654
-119.645,44.296,246.208,5182675
-119.722,43.976,245.115,5182696
-119.524,44.015,244.269,5182717
-119.170,44.037,243.525,5182738
-118.903,44.188,242.731,5182759
-118.785,43.998,241.849,5182780
-118.627,43.842,241.008,5182801
-118.135,43.695,240.385,5182822
-117.710,43.542,239.719,5182843
-117.551,43.311,238.892,5182864
-117.300,43.460,238.111,5182885
-117.126,43.619,237.284,5182906
-117.023,43.782,236.407,5182927
-117.006,43.928,235.453,5182948
-117.122,44.024,234.382,5182969
-117.314,44.068,233.272,5182990
-117.117,43.805,232.474,5183011
-117.253,43.545,231.434,5183032
-117.268,43.313,230.531,5183053
-117.301,43.178,229.622,5183074
-117.494,43.306,228.622,5183095
-117.616,43.613,227.690,5183116
-117.735,43.933,226.733,5183137
-117.855,44.138,225.766,5183158
-117.946,44.178,224.814,5183179
-117.545,44.192,224.188,5183200
-117.265,44.066,223.479,5183221
-116.950,43.941,222.790,5183242
-116.580,43.913,222.157,5183263
-116.268,44.131,221.471,5183284
-115.944,44.173,220.795,5183305
-115.957,44.473,219.894,5183326
-116.000,44.777,218.965,5183347
-116.287,45.079,217.885,5183368
-116.543,45.362,216.799,5183389
-116.669,45.531,215.815,5183410
-116.655,45.451,214.952,5183431
-116.580,45.449,214.112,5183452
-116.409,45.435,213.387,5183473
-116.513,45.277,212.474,5183494
-116.744,45.290,211.476,5183515
-116.941,45.309,210.512,5183536
-117.152,45.367,209.545,5183557
-117.337,45.393,208.623,5183578
-117.593,45.442,207.612,5183599
-117.808,45.405,206.644,5183620
-117.947,45.318,205.736,5183641
-117.751,45.224,205.048,5183662
-117.820,45.056,204.186,5183683
-117.774,45.196,203.386,5183704
-117.742,45.299,202.539,5183725
-117.792,45.374,201.620,5183746
-117.847,45.381,200.665,5183767
-117.786,45.227,199.783,5183788
-117.732,44.982,198.850,5183809
-117.810,44.727,197.836,5183830
-117.667,44.601,197.004,5183851
-117.950,44.541,195.872,5183872
-118.234,44.527,194.767,5183893
-118.540,44.479,193.635,5183914
-118.760,44.519,192.560,5183935
-118.957,44.626,191.537,5183956
-119.177,44.751,190.486,5183977
-119.388,44.795,189.404,5183999
-119.603,44.857,188.309,5184020
-119.405,44.850,187.444,5184041
-119.321,44.905,186.434,5184062
-119.249,44.866,185.320,5184083
-119.290,45.010,184.068,5184104
-119.536,45.307,182.642,5184125
-119.847,45.620,181.194,5184146
-120.412,45.755,179.547,5184167
-120.942,45.941,177.940,5184188
-121.394,46.087,176.411,5184209
-121.492,46.352,175.112,5184230
-121.594,46.558,173.831,5184251
-121.679,46.710,172.530,5184272
-121.614,46.791,171.317,5184293
-121.537,46.750,170.077,5184314
-121.632,46.684,168.653,5184335
-121.727,46.570,167.227,5184356
-121.964,46.471,165.713,5184377
-122.367,46.574,164.075,5184398
-122.746,46.473,162.481,5184419
-123.294,46.549,160.777,5184440
-123.873,46.871,159.063,5184461
-124.598,47.219,157.248,5184482
-125.377,47.649,155.398,5184503
-126.267,48.148,153.424,5184524
-127.246,48.821,151.302,5184545
-128.557,50.212,150.110,5184566
-130.181,51.638,148.530,5184587
-131.638,52.837,146.964,5184608
-133.330,53.820,145.102,5184629
-134.602,54.499,143.565,5184650
-135.853,54.967,142.040,5184671
-137.043,55.207,140.581,5184692
-137.789,54.895,139.520,5184713
-138.347,54.351,138.630,5184734
-138.709,53.643,137.912,5184755
-138.892,52.719,137.374,5184776
-138.907,51.663,136.970,5184797
-138.685,50.628,136.761,5184818
-138.376,49.704,136.600,5184839
-138.058,48.809,136.412,5184860
-137.646,47.909,136.261,5184881
-137.367,46.769,135.972,5184902
-136.616,45.508,136.000,5184923
-136.088,44.486,135.820,5184944
-135.144,43.334,135.865,5184965
-134.057,42.253,135.945,5184986
-132.711,41.473,136.120,5185007
-131.228,40.688,136.335,5185028
-130.149,40.235,136.231,5185049
-128.969,39.765,136.186,5185070
-127.476,39.632,136.313,5185091
-125.740,39.487,136.540,5185112
-123.953,39.245,136.776,5185133
-122.585,39.363,136.733,5185154
-120.843,39.410,136.919,5185175
-119.182,39.643,137.036,5185196
-117.571,39.898,137.105,5185217
-116.018,40.246,137.176,5185238
-114.710,40.904,137.096,5185259
-113.418,41.651,137.037,5185280
-112.534,42.302,136.705,5185301
-111.677,43.172,136.397,5185322
-110.455,43.834,136.378,5185343
-109.321,44.625,136.256,5185364
-108.425,45.588,135.972,5185385
-107.567,46.208,135.688,5185406
-107.211,46.844,135.028,5185427
-107.029,47.460,134.235,5185448
-106.549,48.176,133.688,5185469
-106.432,48.638,132.855,5185490
-106.233,49.240,132.078,5185511
-106.526,49.619,130.932,5185532
-106.530,49.970,129.981,5185553
-106.755,50.491,128.867,5185574
-107.058,50.507,127.673,5185595
-107.735,50.798,126.193,5185616
-108.149,50.619,124.937,5185637
-108.673,50.775,123.632,5185658
-109.063,50.728,122.455,5185679
-109.935,50.491,120.922,5185700
-110.798,50.230,119.381,5185721
-111.640,49.748,117.859,5185742
-112.405,49.120,116.393,5185763
-113.163,48.699,114.904,5185784
-113.906,47.892,113.439,5185805
-114.666,47.087,111.964,5185826
-115.408,46.267,110.551,5185847
-115.746,45.513,109.451,5185868
-116.477,44.753,108.089,5185889
-116.715,44.156,107.099,5185910
-117.386,43.573,105.794,5185931
-117.901,42.925,104.616,5185952
-118.084,42.410,103.656,5185973
-118.228,41.950,102.750,5185994
-118.630,41.414,101.662,5186015
-119.106,41.034,100.520,5186036
-119.562,40.731,99.363,5186057
-119.750,40.739,98.412,5186078
-120.053,40.787,97.365,5186099
-120.383,40.895,96.318,5186120
-120.660,41.060,95.337,5186141
-120.986,41.290,94.349,5186162
-120.885,41.353,93.641,5186183
-120.918,41.668,92.836,5186204
-121.168,41.683,91.900,5186225
-121.140,42.088,91.148,5186246
-120.995,42.390,90.439,5186267
-120.944,42.954,89.683,5186288
-120.766,43.313,89.001,5186309
-120.537,43.946,88.375,5186330
-120.504,44.705,87.594,5186351
-120.343,45.042,86.899,5186372
-119.908,45.663,86.404,5186393
-119.814,46.275,85.652,5186414
-119.689,46.595,84.908,5186435
-119.541,46.879,84.169,5186456
-119.384,47.135,83.438,5186477
-119.220,47.330,82.708,5186498
-119.097,47.474,81.944,5186519
-118.867,47.554,81.240,5186540
-118.447,47.796,80.654,5186561
-118.046,48.104,80.017,5186582
-117.673,48.429,79.362,5186603
-117.318,48.703,78.657,5186624
-116.931,48.887,77.979,5186645
-116.594,48.965,77.261,5186666
-116.315,48.974,76.502,5186687
-116.113,49.011,75.670,5186708
-115.908,48.985,74.808,5186729
-115.904,48.959,73.752,5186750
-115.846,48.870,72.639,5186771
-115.498,48.352,71.709,5186792
-115.519,47.913,70.501,5186813
-115.507,47.443,69.321,5186834
-115.278,46.890,68.295,5186855
-115.299,46.369,67.112,5186876
-115.529,46.032,65.794,5186897
-115.716,45.507,64.552,5186918
-115.915,44.959,63.316,5186939
-116.107,44.382,62.064,5186960
-116.306,43.817,60.816,5186981
-116.286,43.302,59.700,5187002
-116.261,42.914,58.587,5187023
-116.257,42.598,57.477,5187044
-116.304,42.388,56.354,5187065
-116.422,42.071,55.202,5187086
-116.982,42.098,53.772,5187107
-117.552,41.976,52.369,5187128
-118.146,42.027,50.967,5187149
-118.702,42.184,49.582,5187170
-119.358,42.189,48.141,5187191
-120.007,42.282,46.711,5187212
-120.219,42.215,45.576,5187233
-120.894,42.166,44.150,5187254
-121.271,42.361,42.933,5187275
-121.526,42.425,41.815,5187296
-121.788,42.595,40.682,5187317
-121.993,42.604,39.602,5187338
-122.228,42.944,38.537,5187359
-122.415,43.359,37.515,5187380
-122.591,43.447,36.515,5187401
-122.479,43.781,35.753,5187422
-122.768,44.045,34.734,5187443
-122.781,44.584,33.885,5187464
-122.900,44.688,32.976,5187485
-122.959,44.742,32.122,5187506
-122.926,44.695,31.345,5187527
-122.957,44.662,30.494,5187548
-122.878,44.850,29.720,5187569
-122.783,44.538,28.952,5187590
-122.843,44.308,28.080,5187611
-122.411,44.014,27.546,5187632
-121.924,43.598,27.008,5187653
-121.797,43.197,26.195,5187674
-121.633,42.875,25.409,5187695
-121.369,42.471,24.660,5187716
-120.642,42.292,24.238,5187737
-120.335,42.010,23.541,5187758
-119.995,41.893,22.872,5187779
-119.278,41.837,22.453,5187800
-118.474,41.520,22.066,5187821
-117.745,41.337,21.679,5187842
-117.070,41.145,21.205,5187863
-116.574,41.140,20.611,5187884
-116.041,41.017,20.027,5187905
-115.988,40.795,19.124,5187926
-115.677,40.547,18.386,5187947
-115.807,40.450,17.342,5187968
-115.631,40.570,16.498,5187989
-115.832,40.516,15.396,5188010
-116.127,40.613,14.223,5188031
-116.439,40.718,13.038,5188052
-116.766,40.973,11.820,5188073
-117.077,41.259,10.580,5188094
-117.410,41.776,9.300,5188115
-117.685,42.484,8.049,5188136
-117.955,42.966,6.771,5188157
-118.039,43.395,5.618,5188178
-117.950,44.020,4.563,5188199
-117.913,44.634,3.471,5188220
-117.903,45.238,2.355,5188241
-117.903,45.758,1.215,5188262
-117.995,46.299,360.000,5188283
-118.204,46.814,358.693,5188304
-118.761,47.245,357.116,5188325
-119.023,47.719,355.760,5188346
-119.532,47.932,354.199,5188367
-119.957,48.088,352.699,5188388
-120.294,48.207,351.245,5188409
-120.544,48.343,349.845,5188430
-120.825,48.508,348.452,5188451
-120.662,48.845,347.411,5188472
-120.351,48.805,346.470,5188493
-119.994,48.819,345.574,5188514
-119.581,48.679,344.750,5188535
-119.198,48.506,343.905,5188556
-118.742,48.003,343.108,5188577
-118.755,47.702,341.966,5188598
-118.622,47.039,340.944,5188619
-118.401,46.342,339.979,5188640
-116.693,46.528,339.753,5188661
-115.094,46.744,339.428,5188682
-113.543,46.936,339.055,5188703
-111.986,47.043,338.643,5188724
-110.468,47.056,338.172,5188745
-109.762,46.748,339.448,5188766
-108.967,46.392,340.666,5188787
-108.306,46.085,341.606,5188808
-107.830,45.551,342.280,5188829
-107.356,45.171,342.831,5188850
-106.920,44.810,343.241,5188871
-106.469,44.412,343.561,5188892
-106.029,43.893,343.748,5188913
-105.475,43.477,343.909,5188934
-105.146,42.929,343.801,5188955
-104.952,42.742,343.522,5188976
-104.639,42.651,343.264,5188997
-104.389,42.347,343.893,5189018
-104.543,42.084,344.145,5189039
-104.536,41.983,344.388,5189060
-104.760,41.852,344.322,5189081
-105.063,41.839,344.052,5189102
-105.457,41.803,343.607,5189123
-105.324,41.976,343.731,5189144
-105.354,42.283,343.638,5189165
-105.629,42.440,343.282,5189186
-105.905,42.524,342.833,5189207
-106.137,42.577,342.364,5189228
-106.582,42.479,342.057,5189249
-106.801,42.635,341.811,5189270
-107.399,42.765,341.543,5189291
-107.609,42.926,341.425,5189312
-107.779,43.104,341.373,5189333
-107.985,43.257,341.190,5189354
-108.279,43.354,340.975,5189375
-108.566,43.545,340.676,5189396
-108.778,43.816,340.367,5189417
-109.136,44.259,339.891,5189438
-109.260,44.581,339.532,5189459
-109.361,45.318,339.137,5189480
-109.641,45.983,338.581,5189501
-109.810,46.570,338.075,5189522
-110.368,46.881,337.479,5189543
-110.790,47.264,337.006,5189564
-111.439,47.542,336.322,5189585
-112.203,47.765,335.695,5189606
-113.068,47.906,334.954,5189627
-113.984,47.996,334.124,5189648
-114.871,48.096,333.254,5189669
-115.540,48.315,332.451,5189690
-116.493,48.327,331.416,5189711
-117.403,48.164,330.353,5189732
-117.814,47.935,329.639,5189753
-118.270,47.657,328.865,5189774
-118.813,47.151,328.015,5189795
-119.332,46.544,327.138,5189816
-119.868,45.812,326.233,5189837
-120.303,45.101,325.370,5189858
-120.624,44.518,324.558,5189879
-121.276,44.093,323.482,5189900
-121.834,43.549,322.489,5189921
-122.248,43.161,321.586,5189942
-122.522,42.814,320.779,5189963
-122.692,42.410,320.051,5189984
-122.741,41.989,319.399,5190005
-122.713,41.633,318.792,5190026
-122.579,41.306,318.224,5190047
-122.389,41.001,317.697,5190068
-121.945,40.970,317.301,5190089
-121.555,40.970,316.904,5190110
-121.232,41.073,316.512,5190131
-120.945,41.190,316.049,5190152
-120.622,41.266,315.607,5190173
-120.283,41.213,315.158,5190194
-119.879,41.229,314.729,5190215
-119.668,41.369,314.181,5190236
-119.435,41.182,313.621,5190257
-119.190,41.137,313.095,5190278
-118.818,41.326,312.681,5190299
-118.423,41.622,312.291,5190320
-118.121,41.841,311.879,5190341
-118.009,42.057,311.644,5190362
-117.881,42.394,311.429,5190383
-117.861,42.702,311.134,5190404
-117.872,42.857,310.787,5190425
-117.729,42.890,310.513,5190446
-117.498,42.909,310.317,5190467
-117.200,42.948,310.160,5190488
-116.736,43.143,310.127,5190509
-116.238,43.257,310.137,5190530
-115.662,43.454,310.260,5190551
-115.100,43.709,310.396,5190572
-114.536,43.945,310.555,5190593
-113.981,44.204,310.720,5190614
-113.509,44.535,310.798,5190635
-113.059,44.883,310.853,5190656
-112.660,45.208,310.846,5190677
-112.325,45.532,310.745,5190698
-112.034,45.866,310.599,5190719
-112.200,46.254,310.094,5190740
-112.184,46.663,309.734,5190761
-112.350,46.830,309.213,5190782
-112.459,47.017,308.754,5190803
-112.513,47.113,308.384,5190824
-112.529,47.252,308.070,5190845
-112.505,47.345,307.807,5190866
-112.473,47.407,307.523,5190887
-112.413,47.446,307.262,5190908
-112.005,47.732,307.282,5190929
-111.548,47.954,307.314,5190950
-111.068,47.864,307.330,5190971
-110.542,47.871,307.374,5190992
-109.985,47.735,307.429,5191013
-109.633,47.345,307.321,5191034
-109.120,46.977,307.319,5191055
-108.617,46.592,307.258,5191076
-108.525,46.065,306.883,5191097
-108.151,45.573,306.723,5191118
-108.063,45.517,306.387,5191139
-108.245,45.391,305.864,5191160
-108.226,45.427,305.500,5191181
-108.287,45.483,305.103,5191202
-108.357,45.479,304.655,5191223
-108.562,45.632,304.099,5191244
-108.778,45.641,303.543,5191265
-109.018,45.602,302.944,5191286
-109.374,45.376,302.299,5191307
-109.856,45.113,301.571,5191328
-110.193,44.832,300.937,5191349
-110.615,44.498,300.258,5191370
-111.196,44.295,299.485,5191391
-111.743,44.086,298.711,5191412
-112.305,44.201,297.873,5191433
-112.981,44.280,296.935,5191454
-113.687,44.412,295.972,5191475
-114.483,44.535,294.962,5191496
-115.341,44.707,293.913,5191517
-116.164,44.717,292.881,5191538
-117.003,44.790,291.823,5191559
-117.800,44.925,290.769,5191580
-118.483,44.990,289.791,5191601
-118.871,45.374,289.016,5191622
-119.064,45.724,288.378,5191643
-119.543,45.851,287.503,5191664
-119.670,46.207,286.888,5191685
-119.862,46.185,286.232,5191706
-119.975,46.115,285.615,5191727
-119.807,46.032,285.176,5191748
-119.599,46.009,284.725,5191769
-119.435,45.884,284.252,5191790
-119.382,46.077,283.693,5191811
-119.274,46.214,283.143,5191832
-119.115,46.331,282.673,5191853
-118.824,46.303,282.280,5191874
-118.465,46.235,281.970,5191895
-118.084,46.071,281.667,5191916
-117.662,46.074,281.389,5191937
-117.231,46.142,281.120,5191958
-117.129,46.208,280.609,5191979
-117.049,46.219,280.071,5192000
-116.905,46.163,279.616,5192021
-116.723,46.071,279.212,5192042
-116.477,45.848,278.874,5192063
-116.240,45.598,278.548,5192084
-115.968,45.276,278.253,5192105
-115.720,44.958,277.945,5192126
-115.486,44.784,277.635,5192147
-114.839,44.644,277.620,5192168
-114.473,44.665,277.399,5192189
-114.227,44.657,277.054,5192210
-113.859,44.341,276.785,5192231
-113.246,44.119,276.670,5192252
-112.998,43.949,276.293,5192273
-112.421,43.892,276.153,5192294
-111.846,43.898,276.012,5192315
-111.345,44.073,275.798,5192336
-111.260,44.367,275.312,5192357
-110.939,44.629,274.958,5192378
-110.914,44.539,274.413,5192399
-110.608,44.685,274.067,5192420
-110.389,44.791,273.628,5192441
-110.289,44.851,273.119,5192462
-110.251,44.884,272.531,5192483
-110.298,44.778,271.838,5192504
-110.471,44.894,271.056,5192525
-110.667,44.905,270.278,5192546
-110.936,45.063,269.448,5192567
-111.262,45.310,268.600,5192588
-111.978,45.346,267.478,5192609
-112.782,45.591,266.295,5192630
-113.626,45.765,265.081,5192651
-114.501,45.953,263.812,5192672
-115.365,46.061,262.534,5192693
-116.253,46.019,261.221,5192714
-117.126,45.887,259.922,5192735
-118.016,45.688,258.640,5192756
-118.866,45.425,257.365,5192777
-119.652,45.107,256.172,5192798
-120.425,44.828,255.012,5192819
-121.251,44.735,253.811,5192840
-122.059,44.703,252.632,5192861
-122.747,44.495,251.565,5192882
-123.418,44.479,250.485,5192903
-123.794,44.153,249.598,5192924
-123.819,43.981,248.972,5192945
-123.810,43.791,248.396,5192966
-123.752,43.714,247.849,5192987
-123.852,43.821,247.175,5193008
-123.792,43.850,246.605,5193029
-123.644,43.854,246.142,5193050
-123.403,43.664,245.723,5193071
-123.075,43.730,245.357,5193092
-122.590,43.640,245.085,5193113
-122.067,43.754,244.847,5193134
-121.766,43.981,244.445,5193155
-121.040,44.017,244.356,5193176
-120.468,43.831,244.142,5193197
-120.102,44.024,243.793,5193218
-119.740,44.242,243.411,5193239
-119.435,44.367,242.985,5193260
-119.114,44.388,242.543,5193281
-118.726,44.291,242.125,5193302
-118.294,44.145,241.736,5193323
-117.944,44.031,241.254,5193344
-117.236,43.812,241.019,5193365
-116.919,43.858,240.542,5193386
-116.596,43.996,240.089,5193407
-115.861,44.202,239.924,5193428
-115.155,44.113,239.762,5193449
-114.682,44.036,239.431,5193470
-114.464,44.309,238.907,5193491
-113.879,44.320,238.589,5193512
-113.414,44.659,238.193,5193533
-112.925,44.672,237.763,5193554
-112.464,44.723,237.302,5193575
-112.032,44.872,236.844,5193596
-111.949,45.225,236.175,5193617
-111.640,45.436,235.637,5193638
-111.649,45.789,234.898,5193659
-111.741,46.110,234.058,5193680
-111.977,46.419,233.138,5193701
-112.327,46.669,232.136,5193722
-112.749,46.802,231.075,5193743
-112.772,46.825,230.265,5193764
-112.837,46.658,229.392,5193785
-112.934,46.462,228.498,5193806
-113.229,46.147,227.445,5193827
-113.745,45.828,226.236,5193848
-114.454,45.670,224.890,5193869
-115.173,45.562,223.565,5193890
-115.825,45.307,222.303,5193911
-116.411,45.361,221.064,5193932
-116.794,44.984,219.972,5193953
-117.104,44.590,218.918,5193974
-117.517,44.236,217.769,5193995
-117.575,44.164,216.859,5194016
-117.970,43.942,215.715,5194037
-117.941,43.806,214.859,5194058
-118.332,43.745,213.709,5194079
-118.741,43.813,212.528,5194100
-119.045,43.729,211.431,5194121
-118.959,43.831,210.580,5194142
-118.819,43.853,209.764,5194163
-119.119,44.151,208.658,5194184
-119.263,44.470,207.625,5194205
-119.111,44.580,206.805,5194226
-119.162,44.898,205.812,5194247
-119.455,44.918,204.662,5194268
-119.754,44.973,203.500,5194289
-120.022,45.001,202.379,5194310
-120.216,45.352,201.291,5194331
-120.492,45.551,200.157,5194352
-120.239,45.643,199.399,5194373
-119.960,45.737,198.641,5194394
-119.940,46.037,197.683,5194415
-119.707,46.202,196.892,5194436
-119.391,46.240,196.143,5194457
-119.030,46.203,195.433,5194478
-119.101,46.362,194.408,5194499
-119.213,46.515,193.348,5194520
-119.289,46.466,192.315,5194541
-119.295,46.372,191.357,5194562
-119.227,46.227,190.463,5194583
-118.797,46.175,189.812,5194604
-118.417,46.189,189.152,5194625
-118.072,46.043,188.436,5194646
-117.725,45.954,187.733,5194667
-117.567,45.681,186.913,5194688
-117.607,45.444,185.930,5194709
-117.754,45.455,184.871,5194730
-117.874,45.314,183.798,5194751
-118.068,45.222,182.676,5194772
-118.096,44.954,181.690,5194793
-117.989,45.013,180.810,5194814
-117.964,45.127,179.868,5194835
-117.942,45.167,178.947,5194856
-117.996,45.279,177.993,5194877
-118.424,45.249,176.786,5194898
-118.599,45.376,175.716,5194919
-118.990,45.323,174.472,5194940
-119.284,45.076,173.286,5194961
-119.278,45.071,172.268,5194982
-119.669,44.834,170.964,5195003
-119.926,44.877,169.755,5195024
-119.931,44.739,168.702,5195045
-120.084,44.733,167.573,5195066
-120.237,44.358,166.477,5195087
-120.382,44.000,165.384,5195108
-120.766,43.824,164.107,5195129
-120.811,43.491,163.047,5195150
-120.715,43.169,162.072,5195171
-120.746,42.836,161.014,5195192
-120.570,42.607,160.071,5195213
-120.390,42.539,159.132,5195234
-120.400,42.755,158.074,5195255
-120.250,42.815,157.137,5195276
-120.163,42.781,156.140,5195297
-120.487,42.872,154.866,5195318
-120.849,43.163,153.612,5195339
-121.272,43.393,152.309,5195360
-121.452,43.423,151.169,5195381
-121.914,43.721,149.851,5195402
-122.063,43.763,148.727,5195423
-122.169,44.205,147.615,5195445
-122.156,44.644,146.623,5195466
-122.271,45.099,145.531,5195487
-122.162,45.429,144.584,5195508
-122.492,45.720,143.344,5195529
-122.734,45.818,142.157,5195550
-122.808,45.788,141.064,5195571
-122.955,45.856,139.917,5195592
-122.610,45.965,139.096,5195613
-122.737,45.769,138.662,5195634
-123.003,45.681,138.121,5195655
-122.885,45.570,137.833,5195676
-122.561,45.130,137.665,5195697
-122.570,44.761,137.199,5195718
-122.530,44.373,136.754,5195739
-122.222,43.837,136.474,5195760
-121.804,43.292,136.241,5195781
-121.263,42.791,136.081,5195802
-120.613,42.560,135.938,5195823
-120.000,42.471,135.757,5195844
-119.427,42.446,135.493,5195865
-118.808,42.435,135.268,5195886
-118.249,42.507,134.980,5195907
-117.720,42.162,134.883,5195928
-117.543,41.794,134.530,5195949
-117.397,41.530,134.104,5195970
-117.059,41.252,133.762,5195991
-116.511,41.134,133.580,5196012
-115.918,41.137,133.380,5196033
-115.593,41.235,133.092,5196054
-115.494,41.468,132.624,5196075
-115.165,41.691,132.302,5196096
-115.074,42.038,131.758,5196117
-115.015,42.290,131.151,5196138
-115.021,42.345,130.486,5196159
-114.974,42.365,129.816,5196180
-114.793,42.337,129.179,5196201
-114.596,42.325,128.481,5196222
-114.095,42.696,127.955,5196243
-113.574,43.072,127.420,5196264
-113.130,43.470,126.779,5196285
-112.780,43.895,126.049,5196306
-112.507,43.917,125.232,5196327
-112.228,43.939,124.361,5196348
-112.173,44.072,123.310,5196369
-112.138,44.213,122.194,5196390
-111.944,44.277,121.159,5196411
-111.565,44.506,120.231,5196432
-111.438,44.997,119.139,5196453
-111.446,45.493,117.953,5196474
-111.426,45.940,116.756,5196495
-111.309,46.311,115.655,5196516
-111.208,46.638,114.553,5196537
-111.523,46.711,113.128,5196558
-111.910,47.082,111.621,5196579
-111.970,47.066,110.388,5196600
-112.107,46.992,109.114,5196621
-112.571,46.899,107.615,5196642
-113.032,47.166,106.151,5196663
-113.706,47.207,104.563,5196684
-114.268,47.363,103.049,5196705
-114.768,47.468,101.592,5196726
-115.335,47.184,100.117,5196747
-115.852,46.813,98.677,5196768
-116.330,46.421,97.255,5196789
-116.577,46.166,95.978,5196810
-117.007,45.824,94.578,5196831
-117.337,45.725,93.204,5196852
-117.355,45.778,92.020,5196873
-116.917,46.117,91.147,5196894
-116.433,46.383,90.230,5196915
-115.788,46.458,89.384,5196936
-115.134,46.365,88.456,5196957
-114.943,46.071,87.129,5196978
-114.769,45.675,85.722,5196999
-114.454,45.171,84.338,5197020
-114.143,44.640,82.871,5197041
-114.253,44.202,81.056,5197062
-114.026,43.928,79.389,5197083
-113.980,43.696,77.584,5197104
-114.659,44.066,76.164,5197125
-115.180,44.194,74.731,5197146
-115.717,44.057,73.164,5197167
-116.297,43.720,71.474,5197188
-116.988,43.191,69.635,5197209
-117.484,42.509,67.807,5197230
-118.556,41.360,67.087,5197251
-119.781,40.210,66.125,5197272
-120.990,39.027,65.067,5197293
-122.125,37.882,63.970,5197314
-123.441,36.999,63.028,5197335
-124.999,36.254,61.840,5197356
-126.435,35.227,60.634,5197377
-127.698,34.145,59.442,5197398
-128.708,33.029,58.383,5197419
-129.426,31.846,57.416,5197440
-130.051,30.774,56.451,5197461
-130.628,29.975,55.465,5197482
-131.074,29.254,54.533,5197503
-131.369,28.683,53.729,5197524
-131.500,28.208,52.961,5197545
-131.486,27.991,52.290,5197566
-131.070,27.608,51.804,5197587
-130.733,27.541,51.245,5197608
-130.206,27.493,50.793,5197629
-129.243,27.591,50.547,5197650
-128.247,28.128,50.308,5197671
-127.193,28.820,50.122,5197692
-126.341,29.695,49.803,5197713
-125.302,30.735,49.566,5197734
-124.212,31.872,49.362,5197755
-123.029,33.098,49.163,5197776
-121.843,34.425,48.974,5197797
-120.734,35.464,48.765,5197818
-119.459,36.869,48.661,5197839
-118.227,38.355,48.602,5197860
-117.091,39.895,48.464,5197881
-115.890,41.373,48.384,5197902
-114.985,42.772,48.103,5197923
-114.189,44.018,47.754,5197944
-113.495,45.240,47.349,5197965
-112.383,46.199,47.229,5197986
-111.363,47.139,47.020,5198007
-110.716,47.767,46.544,5198028
-109.846,48.508,46.226,5198049
-109.108,49.155,45.776,5198070
-108.427,49.529,45.255,5198091
-108.359,50.024,44.232,5198112
-108.446,50.247,43.077,5198133
-108.609,50.441,41.835,5198154
-108.517,50.652,40.791,5198175
-108.417,50.653,39.763,5198196
-108.328,50.501,38.754,5198217
-108.295,50.199,37.729,5198238
-108.338,49.681,36.631,5198259
-108.790,49.145,35.186,5198280
-109.394,48.759,33.654,5198301
-109.902,48.144,32.183,5198322
-110.607,47.675,30.572,5198343
-111.307,47.118,28.973,5198364
-112.011,46.811,27.373,5198385
-112.352,46.302,26.033,5198406
-112.813,45.972,24.576,5198427
-113.203,45.305,23.191,5198448
-113.583,44.672,21.801,5198469
-114.118,44.371,20.300,5198490
-114.960,44.044,18.593,5198511
-115.779,43.808,16.894,5198532
-116.566,43.297,15.234,5198553
-117.379,42.847,13.550,5198574
-118.202,42.428,11.844,5198595
-118.749,42.002,10.320,5198616
-119.341,41.646,8.775,5198637
-120.280,41.481,7.011,5198658
-120.754,41.441,5.584,5198679
-121.207,41.436,4.166,5198700
-121.885,41.721,2.623,5198721
-122.748,41.861,0.950,5198742
-123.541,42.010,359.289,5198763
-124.343,42.270,357.622,5198784
-124.821,42.361,356.185,5198805
-125.112,42.849,354.900,5198826
-125.194,43.234,353.746,5198847
-125.256,43.669,352.618,5198868
-125.237,44.125,351.535,5198889
-125.286,44.661,350.410,5198910
-125.561,44.929,349.124,5198931
-125.803,45.209,347.856,5198952
-125.935,45.352,346.664,5198973
-126.160,45.566,345.424,5198994
-126.068,45.970,344.402,5199015
-125.742,46.166,343.546,5199036
-125.423,46.181,342.718,5199057
-125.036,46.529,341.961,5199078
-124.539,46.887,341.259,5199099
-123.801,47.074,340.788,5199120
-123.223,47.527,340.208,5199141
-122.724,47.571,339.563,5199162
-122.074,47.541,339.024,5199183
-121.578,47.528,338.359,5199204
-121.135,47.496,337.659,5199225
-120.317,47.565,337.184,5199246
-119.520,47.511,336.671,5199267
-119.279,47.561,335.717,5199288
-119.114,47.546,334.712,5199309
-118.689,47.483,333.873,5199330
-118.524,47.075,332.812,5199351
-118.274,46.577,331.798,5199372
-117.737,46.053,330.954,5199393
-117.020,45.642,330.216,5199414
-116.256,45.173,329.484,5199435
-115.445,44.765,328.761,5199456
-114.665,44.495,327.988,5199477
-113.851,44.175,327.170,5199498
-113.139,44.061,326.241,5199519
-112.648,44.046,325.140,5199540
-111.920,43.729,324.160,5199561
-111.552,43.449,322.885,5199582
-110.978,43.106,321.745,5199603
-110.685,42.998,320.372,5199624
-110.000,43.092,319.231,5199645
-109.234,43.012,318.135,5199666
-108.475,43.084,316.948,5199687
-107.745,43.207,315.680,5199708
-106.971,43.414,314.407,5199729
-106.360,43.784,312.991,5199750
-105.904,43.822,311.444,5199771
-105.532,43.912,309.829,5199792
-105.293,44.088,308.142,5199813
-105.208,44.387,306.386,5199834
-104.787,44.948,304.900,5199855
-104.431,45.480,303.447,5199876
-104.578,45.962,301.693,5199897
-104.415,46.660,300.212,5199918
-104.743,47.393,298.414,5199939
-105.246,48.005,296.516,5199960
-105.820,48.457,294.609,5199981
-106.316,48.732,292.799,5200002
-106.985,48.981,290.872,5200023
-107.739,49.151,288.951,5200044
-108.434,49.250,287.073,5200065
-109.565,49.496,284.852,5200086
-110.253,49.576,282.987,5200107
-111.485,49.567,280.700,5200128
-112.782,49.490,278.352,5200149
-114.095,49.257,276.027,5200170
-115.409,48.933,273.732,5200191
-116.503,48.275,271.616,5200212
-117.418,47.474,269.628,5200233
-118.517,46.734,267.504,5200254
-119.621,46.174,265.359,5200275
-120.627,45.614,263.237,5200296
-121.616,44.771,261.169,5200317
-122.489,43.902,259.159,5200338
-123.359,43.042,257.156,5200359
-124.041,42.051,255.293,5200380
-124.522,41.063,253.551,5200401
-125.019,40.060,251.792,5200422
-125.261,39.128,250.193,5200443
-125.822,38.357,248.354,5200464
-126.329,37.840,246.556,5200485
-126.688,37.457,244.857,5200506
-126.816,37.096,243.306,5200527
-127.127,36.812,241.645,5200548
